peakID,mz,rt,maxMeanIntensity,RSD,bestScore,bestAdduct
1,102.055560451,608.8044,14704240.1662,4.70701259347,1.0,[M+H]+
2,102.037865507,725.77194,285651.661025,6.21574462475,10,
3,102.034418701,2015.44302,58659857.0427,12.8082810111,10,
4,102.091922307,1254.85566,37188466.1145,5.56937225175,10,
5,102.103129299,133.324839,1362417.71496,3.16066561817,10,
892,247.129008624,718.60125,23521933.2797,10.3209654986,1.0,[M+H]+
78,121.065163691,159.572058,256113053.215,1.64060147452,1.0,[M+H]+
353,166.086383807,279.7563,5340053407.4,9.38381439218,1.0,[M+NH4]+
9,103.087228721,550.536018,80091228.7689,5.10561666031,10,
10,104.058098997,159.572058,342701.022889,8.16454436663,2.0,[M+Na]+
11,104.053425259,379.412544,11062126.9896,13.6662563612,10,
13,104.107690961,413.476038,10133414406.4,1.15804920088,1.0,[M+H]+
14,104.107653152,433.133397,5204879595.83,3.3094649309,10,
15,105.042803934,518.167965,252895638.44,1.86630215637,10,
16,105.066427456,216.88803,2945736.54975,5.26288025068,10,
17,105.996049014,519.178599,74865946.7895,1.69520904083,10,
18,106.029276485,558.315288,1442891.87347,4.28017826412,10,
322,163.071500299,681.71151,12489055.6127,1.31608835541,2.0,[M+Na]+
20,106.114122219,412.635822,11366595.1455,12.9370900059,10,
229,150.058484751,79.554543,139392664.103,9.30633332592,1.0,[M+H]+
24,109.084647809,116.840697,359296.161964,14.7814500355,10,
25,110.027479311,590.097909,6033731.43357,1.94442761886,10,
496,190.082400074,682.6929,11805091.7466,0.935175943204,1.0,[M+NH4]+
27,110.024174668,499.950636,109230.27147,8.46955839104,10,
1050,263.106093716,166.927524,861705.811832,8.91256879454,1.0,[M+NH4]+
29,110.035363926,483.556071,1749578.53891,2.64061963386,10,
738,227.113913503,951.2964,7434876441.64,4.59158445591,1.0,[M+H]+
264,156.076985083,878.93397,110778651.703,10.6373433933,1.0,[M+H]+
32,111.055817494,816.64416,52447073.5173,5.2184379282,10,
33,111.09202212,59.2017408,28554515.9851,4.78324855195,10,
640,209.128705144,229.507548,462515075.577,3.46951801113,1.0,[M+NH4]+
748,229.101447079,149.88849,2509670.55986,5.87587042336,1.0,[M+H]+
36,113.071396486,87.150054,34777956.1418,1.42618458587,10,
1296,289.114568665,723.09804,1600682.94516,1.14721299035,1.0,[M+H]+
39,114.091449901,52.979139,54191542.5164,1.67989243532,10,
40,114.102967796,1154.57526,5303204.1848,12.5994916737,10,
484,188.070683053,281.900115,3448688913.55,14.020353645,1.0,[M+H]+
42,115.087028499,352.275135,77929907.3078,3.81293840075,10,
43,115.087028253,88.585842,64307713.9444,2.13454663004,10,
44,115.131523944,157.299636,403737.719081,7.5557139235,1.0,[M+NH4]+
549,197.103430098,449.653023,5662333.91684,2.46978590325,1.0,[M+NH4]+
46,116.07120712,507.294339,610340405.925,8.02096360996,10,
403,175.119071839,1153.62924,9949909602.86,6.95889961946,1.0,[M+H]+
49,116.107450252,213.5271,72192725.4093,1.79768652897,10,
50,116.107379551,69.524274,11908301.3401,3.18980245549,10,
143,133.031967088,379.412544,71282390.24,12.4822950372,2.0,[M+K]+
52,117.05762541,281.900109,26495405.4867,11.9170254592,10,
53,117.048563224,400.48191,908714.49795,10.2607186892,10,
54,117.070227851,76.214634,23906540.4084,6.02708996002,10,
55,117.110790118,214.43097,4403225.37955,2.49791683458,10,
56,117.110730106,69.775482,587684.028798,8.54322076518,10,
57,118.032538247,401.235246,1389548.07253,11.9837169688,10,
58,118.065519304,159.572058,40729825.0195,1.21469213771,10,
59,118.065519789,281.04153,528949946.282,9.01839121731,2.0,[M+Na]+
455,182.081323476,432.371136,1663019136.23,8.89618360024,1.0,[M+NH4]+
977,257.147205338,431.120019,579137946.021,4.46388018499,2.0,[M+Na]+
63,118.123088145,297.805587,41695664.5716,1.87575389535,10,
64,119.035543215,167.493315,36517773.2438,13.5114595204,10,
66,119.049490361,71.00796,555216.728485,14.650925321,10,
68,119.081882284,138.379332,2894366.80246,4.33769229568,10,
69,119.126452932,297.756036,2482486.63779,4.37320557811,10,
71,120.065909895,764.56344,58025212.6163,14.8402379096,10,
72,120.065967251,608.8044,173818589.547,3.54374828584,1.0,[M+NH4]+
73,120.08110667,89.060094,166892724.485,9.68380856052,1.0,[M+NH4]+
813,237.123542864,179.258106,495994959.799,6.35889246503,1.0,[M+H]+
75,120.081170933,279.714435,4438469480.14,10.0631961747,10,
76,120.081113615,103.436778,102559149.576,13.4308625314,1.0,[M+NH4]+
77,121.039997065,99.90015,7757139.78926,14.2075309482,10,
928,252.142348956,50.7902241,19735471.2477,9.20573268043,1.0,[M+H]+
82,121.065140227,229.434876,35666149.5576,3.12971553219,10,
445,180.174675494,67.013616,657245082.238,1.2357204708,1.0,[M+NH4]+
85,122.087760813,279.714558,14532599.8337,9.0572528069,1.0,[M+H]+
793,234.917331982,465.586581,3847581695.19,4.1453990885,2.0,[M+K]+
956,255.097681549,588.492303,92966800.6237,5.58497170724,2.0,[M+Na]+
1298,289.150852095,559.336611,20163388.6717,3.04498160172,1.0,[M+NH4]+
90,123.055532379,52.9729551,838164563.466,7.65083874158,10,
661,216.063365632,760.06098,456462716.859,2.264246116,1.0,[M+H]+
240,152.056871147,182.363478,15158042.5643,11.8108241644,1.0,[M+H]+
95,124.05256393,52.9729551,5443115.56718,6.83048304504,10,
96,124.999659236,810.70809,14464934.8349,4.24806485278,10,
188,141.11354206,163.094469,16524302.9256,4.73835115982,1.0,[M+H]+
577,201.9903874,481.204062,13128847.8595,12.8873416737,1.0,[M+NH4]+
100,126.022222342,445.260276,26668878.4851,7.37100118931,10,
101,126.066402409,163.080474,24977625.8574,2.42704701956,10,
102,126.102831054,160.547604,18730760.0059,3.20071265773,10,
103,127.072955085,106.989102,32050326.0112,7.55270914271,10,
203,145.097315667,275.749224,56165769.3872,7.62733782181,1.0,[M+H]+
105,127.086748924,53.9074554,127615668.833,2.59712911209,10,
106,127.098154488,315.537495,826955114.662,6.93238922138,10,
107,127.098060188,281.23887,924723513.432,2.79677153807,10,
1396,302.04296914,481.001682,35214248.339,8.11064481978,1.0,[M+NH4]+
109,128.016681865,72.655644,408273.245928,9.54587549104,10,
110,128.076297475,107.054292,919631.153791,11.8246933614,10,
111,128.090117013,53.9074554,7910729.79837,4.28404098658,10,
112,128.143666317,83.660013,44282718.6924,1.74177658094,10,
113,128.953675032,511.530534,14913524.9584,3.2680497706,2.0,[M+K]+
114,129.066111285,154.069191,129459321.688,3.51425515776,10,
115,129.102562528,317.668278,37491697.9652,13.5527511369,10,
116,129.10255359,273.832485,305672920.029,1.47109578621,10,
215,147.076554392,672.74526,1970721335.25,8.09145063737,1.0,[M+H]+
221,148.060584222,779.98119,787601585.01,4.69040533785,1.0,[M+H]+
122,130.065371754,40.6198434,13466026.3995,7.62264709932,10,
217,147.112981258,1253.23461,956778629.416,6.75786847764,1.0,[M+H]+
124,130.086671151,491.165418,14539968.589,7.47099863881,10,
204,145.108448657,1157.89545,143717481.269,6.14669239102,1.0,[M+H]+
126,130.159197751,74.230506,185314184.812,1.7265512057,1.0,[M+H]+
129,131.089937089,490.91835,870785.907773,9.27416625059,10,
131,131.118153346,506.215188,22566262.981,3.96902668565,10,
404,176.011042233,453.870195,904105555.346,4.03290346885,1.0,[M+H]+
135,132.054217259,779.98119,369904.880036,8.1613202113,10,
136,132.065691239,584.015331,47015798.7269,3.00201238819,10,
137,132.080898595,281.900115,100647867.274,10.9652060655,10,
138,132.081006508,432.300396,6506576.54399,4.39402578378,10,
139,132.102256341,351.340425,1871992338.26,7.88003364924,10,
140,132.102307039,315.696051,5272938280.13,8.48985837107,10,
898,248.021998386,886.3659,2403373.81569,3.38904373169,1.0,[M+NH4]+
144,133.049601308,483.556071,1681939.57345,4.39359564879,10,
657,215.13942873,693.62643,424201549.883,11.0853837592,1.0,[M+H]+
541,196.097156119,260.295906,37799955.4483,12.9417844962,1.0,[M+NH4]+
148,133.061038622,494.863458,767221.190083,3.20346880452,10,
152,133.097354289,1250.64969,44047092.1659,5.40510538784,10,
153,134.035347892,379.610088,3519979.78917,14.2598190363,10,
154,134.056304782,649.50516,92748.790816,10.3730869385,10,
628,207.097862683,634.4892,64538135.6967,2.76024382425,1.0,[M+H]+
157,134.117774495,444.9081,52776141.6173,3.06224826382,10,
1257,285.083221356,483.556071,156013190.96,3.1825481554,1.0,[M+H]+
245,153.040869952,376.118055,59141743.4793,12.0851891996,1.0,[M+NH4]+
537,195.122729004,55.4671242,90092727.2474,1.45629248987,1.0,[M+H]+
945,254.090311692,86.051424,3254774.64407,4.70025515941,2.0,[M+Na]+
233,150.077689217,239.342334,183907856.925,6.86996803363,1.0,[M+H]+
656,215.12952914,145.594269,2200378.73791,5.11116479394,1.0,[M+NH4]+
166,136.087137527,40.7092032,1818432.21819,6.08759712977,10,
169,137.059849471,42.215496,5611645.34945,7.49171889141,10,
268,156.174809484,70.776336,306020990.268,1.34821446736,1.0,[M+H]+
1500,313.15470356,72.478812,19914120.5615,12.3074285718,1.0,[M+H]+
176,138.077435944,312.035916,686211.440566,6.84871428012,10,
178,138.085972865,145.087818,178857.221644,14.5846757826,10,
179,138.110833818,162.471714,313052.115527,13.1911630023,10,
181,138.93848929,502.794018,3760951.00963,8.93216183928,10,
182,139.032547425,297.205518,296947.399004,7.62643803238,10,
183,139.072651563,63.520404,1355868.16141,4.56732638998,10,
187,141.071582133,431.967546,22397669.2653,4.21039713374,10,
189,142.04352413,40.703649,2397076.8091,2.26161256417,10,
192,142.938792202,887.70294,5336627.17617,8.30028575229,10,
193,143.027605463,502.149618,4378496.80257,9.12694362447,10,
378,171.063526975,282.409719,9109711.30245,10.0643165983,1.0,[M+H]+
603,204.123222911,577.979328,3257482573.42,4.30416629144,1.0,[M+H]+
293,159.124152032,1141.42068,1901239.12922,10.6290246812,1.0,[M+H]+
199,144.138579091,1532.05998,70667615.086,11.3255328779,10,
200,144.174815488,74.649381,486826548.149,2.38979954363,10,
201,145.076081304,282.124314,77307025.496,9.38087858396,10,
202,145.08423695,159.558378,1234978.74956,3.72402551772,1.0,[M+NH4]+
205,145.133697744,103.261566,956330.695068,2.03239879499,10,
206,146.043621624,588.092319,17056356.8716,12.2573690372,10,
208,146.117747535,840.08799,5162385358.9,3.69910691766,2.0,[M+Na]+
209,146.117639269,165.304587,288068066.838,2.95714397145,1.0,[M+NH4]+
210,146.117764493,879.78384,91440988.503,13.0022451679,10,
211,146.117786997,41.0120982,5280599.54508,2.85419245451,10,
213,146.181469599,74.543502,1578547.2692,8.57936151614,10,
216,147.076622555,709.63596,63413023.4806,10.7126051594,10,
218,147.113063475,621.03471,75426896.3662,10.4869092148,10,
219,148.034467318,518.732073,18896806.6302,7.05427893371,10,
222,148.07356089,672.74526,13453764.3736,7.8814823579,1.0,[M+NH4]+
223,148.1140172,409.051635,13469115.6608,10.9498587552,10,
224,148.116364631,620.77668,4396151.43662,10.052781105,10,
225,149.018766909,242.688684,7818438.45023,12.181251286,10,
227,149.080709842,672.74526,10715907.9045,8.26249729276,10,
228,149.125443129,840.68496,1738897.76146,2.32968117459,10,
231,150.055258282,143.487954,1705209.35589,3.82640503164,10,
232,150.064713688,779.98119,5578385.89312,4.51865444333,10,
234,150.077625286,444.623277,1014995.8196,8.27148184397,10,
525,193.058516795,673.07496,2564244.53526,14.9603980213,1.0,[M+H]+
237,151.11603969,2012.44788,12715691.0633,4.19972804544,10,
238,152.031931665,673.0602,7130804.8092,12.8563305653,10,
239,152.05680617,626.81838,542809.814029,2.18812625212,10,
1252,284.09905033,284.715099,17779842.0231,13.4050532127,1.0,[M+H]+
244,152.081890853,951.76788,14986993.9478,6.58651033052,10,
247,153.040918699,505.111068,6011798.49048,12.8229874,10,
248,153.074192474,43.8644346,249686.160567,9.262260466,10,
249,153.127580493,38.3578425,2189041.81542,4.35531172124,10,
251,154.024842468,483.556071,4320757.76755,2.84308828154,10,
1401,302.17583207,90.923964,1938698.03573,12.1285135281,2.0,[M+K]+
762,230.24796877,73.865577,36877215.8519,3.31384196738,1.0,[M+NH4]+
255,155.027536851,271.170168,3724884.47095,6.00361517426,10,
1076,265.154863899,129.183657,382725054.158,11.1936691534,1.0,[M+H]+
258,155.067803684,589.761021,1103749.66926,11.8213670401,10,
259,155.14319583,37.6264854,3853968.73535,6.93338562021,10,
260,155.154377048,90.934968,36308285.3814,2.89243952528,10,
806,237.076078596,40.6198434,1295130.20635,2.695480343,2.0,[M+Na]+
265,156.113336895,129.070422,47287132.5645,1.43231422231,10,
266,156.146630396,37.3070565,319785.5545,7.7352695554,10,
267,156.157775063,90.934968,3317605.71772,2.79389121308,10,
269,157.076136242,282.046035,30562054.2707,9.69428770624,1.0,[M+NH4]+
1083,266.161331572,450.872208,1993863.31639,9.04644958892,1.0,[M+NH4]+
271,157.0974182,507.661932,7970954.99646,8.52330427655,1.0,[M+H]+
273,157.158883128,37.7860491,350009.595398,13.6746107425,10,
276,158.040322155,432.219084,13057457.4015,12.514962452,10,
402,175.119172826,1253.07291,1036403200.67,13.1254025536,1.0,[M+NH4]+
592,203.150623824,1126.45194,799227002.637,13.7336720918,1.0,[M+NH4]+
282,158.128847686,1153.62921,67009685.6259,7.22018309808,10,
284,159.027923837,106.485627,18163058.7,8.6155731581,10,
286,159.078082875,84.603588,234443.137974,10.3358438543,10,
288,159.091748839,281.900115,270226114.113,5.83444666479,10,
289,159.095179285,80.498355,3730415.06033,7.06418143184,10,
1375,298.158546746,129.543609,1547535.14344,13.1845634903,2.0,[M+Na]+
799,235.128871903,61.708341,15253173.7816,5.87755757947,2.0,[M+Na]+
292,159.113038557,108.301074,21623163.7884,9.93158399301,10,
295,160.034697639,509.372571,253892907.035,10.2207471,10,
297,160.075688719,432.371136,6605985.0902,8.45486183883,10,
298,160.075862891,41.0175864,1495564.36593,1.32981717444,10,
300,160.097071376,42.2736369,2791207.30162,1.65863654426,10,
301,160.108183714,129.228111,12236018.0691,3.51383295944,10,
303,160.11617083,60.673206,1926647.45939,4.95183778464,10,
304,160.133394929,880.41312,52930586.3149,10.4227368471,10,
305,160.133423025,282.941928,4352811.48831,1.56488357853,10,
308,161.079067324,130.31868,438958.540798,14.6720899774,10,
309,161.092326172,653.77785,57492251.7612,8.93483523496,10,
710,221.113327655,74.829987,9034943.60245,5.34307798409,1.0,[M+H]+
311,161.103487276,111.161478,514493.678453,5.99513922747,10,
313,161.132671552,38.5062345,11568148.9682,1.23610655887,10,
314,161.128562711,288.280704,16932977.0194,5.84563679339,10,
1168,276.119421063,880.2744,428942365.364,10.9435483347,1.0,[M+NH4]+
316,162.076308507,820.61796,15747015.9714,6.27457474976,10,
317,162.104584193,83.337315,74725273.5312,2.61843946388,10,
318,162.112619408,717.65283,5192051087.45,11.0510298587,10,
319,162.112565822,780.34332,40246515.1991,9.82530371405,10,
321,163.039126802,39.4502196,9827437.0462,1.48208386241,10,
323,163.07147494,784.33992,7349194.98003,4.13057068145,10,
326,163.109915212,717.77394,14916715.4844,10.4597715627,10,
327,163.148285034,37.6264854,26541680.8041,2.37695018876,10,
1035,261.135311094,120.055464,782443.533414,3.49325334618,1.0,[M+NH4]+
333,164.074092752,41.0175864,2229801.99863,3.3862169693,10,
334,164.074140712,566.740629,231548.882067,7.03774143785,10,
336,164.120275821,80.498355,11194942.6739,1.32874321281,10,
337,164.128337294,473.81001,94896897.4347,4.72723256395,10,
343,165.119992632,718.04799,2426436.4479,5.85885682705,10,
344,165.113637629,154.06578,18013597.6375,5.005660199,10,
641,209.139888113,81.585204,5464200.37489,6.98774047322,1.0,[M+H]+
346,165.127713763,39.769461,1465727.04164,5.49634609607,10,
1848,362.095058902,810.55179,5768928.15258,10.8376655419,1.0,[M+NH4]+
350,166.026450712,760.33206,898385.320938,10.1602633537,10,
352,166.072526525,92.501268,4137533.96119,10.3171203352,10,
1209,280.090666626,107.757309,51140524.9251,5.58957615796,2.0,[M+Na]+
355,166.11728246,80.635581,3585203.88983,2.1827283184,10,
357,167.03157933,577.974783,11846195.1428,10.539745902,10,
358,167.081742152,442.475193,2436665.32613,8.17618876917,10,
360,168.043819321,413.46831,17757027.176,3.00077609704,10,
556,198.089314458,702.91449,6385029.5117,6.80220773908,2.0,[M+H+CHOONa]+
767,231.097889175,883.28325,13986819.0111,5.37347246085,1.0,[M+NH4]+
363,168.065554443,71.726256,19797965.3543,14.7902195079,10,
365,168.088155138,164.660604,2531736.08068,3.3125551746,10,
367,168.101913854,52.9729551,35269425.469,12.0746930754,2.0,[M+K]+
368,168.123047217,56.8336605,5138949.53726,8.30971329792,1.0,[M+NH4]+
369,169.043024004,53.9074554,33439608.4902,3.47427177805,10,
371,170.044896641,806.46318,1589486.92714,3.62767317828,10,
915,250.079958794,879.70977,496863.072118,3.64958533923,2.0,[M+K]+
374,170.092676397,898.10448,53973465.2479,8.48966590226,10,
375,170.190334542,68.734419,38881703.3851,2.14904611025,10,
377,171.062773592,589.918833,11600130.7691,9.82053498172,10,
380,171.076511034,779.98119,27797225.1743,3.68736793181,10,
381,171.138216987,39.769461,2284418.93821,9.62949880898,10,
2631,504.442884763,37.9451121,1591293.78299,2.75575766227,1.0,[M+NH4]+
385,172.16983612,265.932468,31480605.3238,4.19973755431,10,
386,172.205959919,67.455213,18871237.447,2.78118624971,1.0,[M+NH4]+
388,173.021111672,760.06098,3068305.90294,5.33616696577,10,
391,173.132706339,37.9669653,3703571.26269,2.12056095071,10,
392,173.153774209,38.8219104,608814.884152,10.5621674402,10,
393,173.164992476,158.123754,413115.162818,3.45385749864,10,
394,173.173136178,36.6689376,335767.600344,11.180093135,10,
396,174.087595075,506.69919,3478982.82405,5.55463026875,10,
397,174.087478981,588.844698,15719872.0575,8.87484682593,2.0,[M+K]+
399,175.001859919,106.485627,9943732.05315,3.67919954052,10,
400,175.108023851,491.934429,32912922.9421,2.55907254508,10,
401,175.107919168,567.068562,26823159.508,2.09118656662,10,
405,176.011028621,474.91101,61797631.9031,11.283332993,10,
406,176.037788645,39.2319588,190419.898331,12.7537179526,10,
407,176.120064386,77.96097,2156407.89733,5.76055548599,10,
411,176.122218893,1153.66974,652187747.265,6.08800050635,10,
412,176.164742479,540.913539,124664121.172,14.710209264,10,
413,176.875443401,472.427895,44923337.6709,7.28591629493,10,
414,176.875357777,458.184282,40103299.9753,10.5444676835,10,
964,256.017354525,760.14099,757497.155247,12.5628775355,1.0,[M+NH4]+
1060,264.101482122,453.91725,3817214.30897,10.3884051119,1.0,[M+NH4]+
418,177.043612839,152.302509,20952954.5866,3.44030649231,10,
1723,344.06488213,482.66787,716462.50353,12.4243977564,2.0,[M+K]+
420,177.062093148,649.49361,1326689.65432,5.22462532227,10,
421,177.087229477,629.7183,41893157.3175,3.84250646129,10,
790,234.108598536,720.82269,35879624.8041,4.31594609936,2.0,[M+Na]+
424,177.08723742,604.40013,11333080.9726,2.51482974882,1.0,[M+NH4]+
425,177.102537999,39.456087,3615796.19249,4.45772441263,10,
426,177.134442468,432.845076,4384472.14338,10.2934802648,10,
427,177.966801607,466.011786,4714845.47967,4.71691764302,10,
428,178.009064868,453.870195,64877379.2362,3.85074237809,10,
430,178.134088578,115.918314,120822146.1,1.79702821657,10,
431,178.143901441,277.212327,7245688.32166,8.24860915111,10,
432,178.873554688,472.111395,9372075.89289,7.86803591577,10,
2042,395.047880251,151.982232,7072259.07936,7.47190452433,2.0,[M+K]+
540,196.064154536,660.7299,17959163.4086,4.59721201946,1.0,[M+NH4]+
437,179.070399839,42.279438,1096418.37472,6.27525072809,10,
438,179.07369061,811.632,5022109.92403,6.3627798842,10,
439,179.129336407,137.116062,20193806.9138,5.55410923437,2.0,[M+Na]+
440,179.147339591,276.233154,396374.968355,4.22370732686,10,
441,180.0743962,107.757309,363939.796332,7.56880375211,10,
442,180.076756452,951.2964,15843044.6277,7.32984122853,10,
1629,332.197482058,40.0766523,2298811.04713,8.26005780512,1.0,[M+NH4]+
444,180.140741864,115.906518,350944.776285,13.9737139261,10,
449,181.122352387,40.3960806,7094062.74705,2.99778354542,10,
450,181.144810488,159.892989,364177.664868,4.75098638858,10,
1354,296.153042241,38.5062345,7029722.98555,5.43296950833,1.0,[M+H]+
1651,334.136222193,797.82606,1035415.31681,4.18892675188,1.0,[M+NH4]+
454,182.074757795,148.922997,625102.018007,1.7139156607,10,
456,182.07475128,89.34735,1606784.22698,5.51118451659,10,
457,182.096631455,38.5062345,393008.604489,11.92851466,10,
458,182.162262225,37.7811864,544104.785589,7.16837808415,10,
459,182.888441453,479.613237,66811439.4429,12.0398400179,10,
461,183.124113248,166.511073,1614957.03172,3.48467712367,10,
462,183.124182825,944.81418,286888423.504,8.14790435019,10,
463,183.174674716,37.8668748,2333225.28851,9.14017997144,10,
464,183.193767917,64.823334,10022535.5615,1.40187313626,10,
983,258.110237984,810.55179,5206649076.82,6.91373798235,1.0,[M+H]+
580,202.089789438,324.314922,2679919.793,11.4978172021,1.0,[M+H]+
468,184.094486933,717.49494,59562350.1234,13.0636949783,10,
1033,261.144877194,640.50402,39491690.733,4.74841469387,1.0,[M+NH4]+
471,184.885924825,479.706315,30010765.209,9.62112355257,10,
473,185.172980484,60.239532,1237946.83859,7.35516930158,10,
474,186.016585441,780.02568,337989.593615,14.1006292921,10,
698,220.093168318,697.81506,6907490.55398,4.8152404781,1.0,[M+NH4]+
476,186.106282603,146.295363,186411.654864,13.2276889355,10,
840,240.232129011,62.020959,21846547.4006,6.96973423105,2.0,[M+Na]+
1053,263.143560099,631.42068,215212.262282,11.164488368,1.0,[M+NH4]+
480,187.071607977,723.09804,1493246.39809,9.58828450622,10,
1270,286.151209655,722.55732,6024599.3139,4.07083952473,1.0,[M+NH4]+
483,187.188660533,159.572058,433054.673993,5.45258237221,10,
487,188.143557577,39.7635981,416402.306253,6.12529866233,10,
488,188.139542837,686.83107,20764953.317,10.0109147367,10,
489,188.201038102,35.5721736,467102.23224,9.27513582478,10,
490,188.200867502,71.038872,583469.785898,10.4771198249,10,
494,189.123509952,481.649994,61477525.4619,2.20376000852,10,
497,190.082323393,833.01558,7507535.43796,4.46182873778,10,
499,190.100964228,161.015484,675331.015061,8.85834550665,10,
500,190.107567099,41.8780218,3799434.40286,3.7148925986,10,
501,190.117212587,73.297002,1245330.60916,13.2802877537,10,
502,190.14392208,783.02787,9857809.1129,10.0793487589,10,
503,190.135702421,73.708833,63154081.977,0.598964665737,10,
504,190.155231489,993.43452,3713832.72072,14.4889550703,10,
505,190.180291916,38.8945386,186338.499705,12.7899624884,10,
1142,272.124250243,81.592437,1942188.47143,14.1972951818,2.0,[M+K]+
509,191.085620149,833.271,404730.615067,1.79502506532,10,
510,191.102830209,647.11476,34489034.1644,5.76524746995,10,
511,191.102746703,569.185611,28219295.243,2.0223686421,10,
512,191.102502143,60.079926,4584788.84946,13.7713992404,10,
513,191.129168262,160.486863,5335596.6333,6.30090237205,10,
514,191.143176387,38.1897321,3155527.59251,2.33309635728,10,
520,192.13249568,160.486863,501304.273843,9.01588756933,10,
522,192.151457334,71.399028,597182.013535,10.7828029307,10,
523,192.196070287,38.8219104,378742.548505,12.4422907529,10,
524,193.04981558,40.928538,1439677.52447,5.75233277418,10,
526,193.082233792,697.81506,24071199.1013,3.53995605376,2.0,[M+Na]+
528,193.143606118,42.5939358,4928606.49232,3.65386980223,10,
529,193.998184061,455.231274,36829074.9436,6.32472648502,10,
530,194.032858691,779.91603,9998713.91136,12.6666674287,10,
531,194.044998006,894.153,605072.188228,8.04546786284,10,
533,194.067327074,68.890977,20994861.7494,14.5231268566,10,
536,195.093757665,38.1897321,1832353.95976,3.56378635713,10,
538,195.1575304,40.703649,1258801.37225,7.13181812976,10,
539,196.04671872,157.975374,659084.914346,5.40673983561,10,
542,196.097077495,42.0590592,12730313.1416,2.83609398616,10,
545,197.021307919,480.191115,6632738.29212,1.96917311865,1.0,[M+NH4]+
1159,275.13530006,751.42161,23009358.6615,11.8067835503,1.0,[M+NH4]+
1240,282.191327557,79.861488,2931810.58969,0.830331938969,1.0,[M+NH4]+
1357,296.172345359,35.834832,2367002.417,9.39768770423,1.0,[M+NH4]+
551,197.15401509,38.8273386,1867699.30548,9.07091500856,10,
917,250.130475124,193.97898,34967316.3247,9.48016742393,1.0,[M+NH4]+
555,198.087301224,951.2964,77360610.6372,6.83312779794,10,
559,199.039213596,2019.42624,193707723.311,4.89330502861,10,
562,199.092647982,702.64638,323983.562896,3.34721914241,10,
1055,263.142707018,146.147985,223589995.264,8.63877168317,2.0,[M+Na]+
564,199.106401497,36.2735724,1130445.0448,4.22656628046,10,
565,199.169583152,38.5115976,3279472.8203,4.2376985195,10,
668,217.082267736,644.4102,1600524.01061,6.33439769683,1.0,[M+NH4]+
567,200.085195598,54.1829859,76576878.057,2.67615989581,10,
568,200.11851279,122.90895,1007134.79531,8.74552632731,10,
569,200.172931416,38.194719,265554.793246,14.2881505036,10,
673,218.048491663,123.409581,32089987.5437,11.5136995148,1.0,[M+NH4]+
1607,328.148249428,509.942643,6451434.46822,7.98628100707,1.0,[M+NH4]+
573,201.063609303,449.927586,2088939.32304,5.56887369531,10,
574,201.088644034,54.1829859,5515181.54966,12.0265504654,10,
575,201.109810179,45.6666657,1979662.94703,7.23909951917,10,
576,201.185112106,38.1041715,2414904.16302,6.93872275219,10,
578,202.056693624,764.92998,196410.105905,9.69043560272,10,
579,202.070384469,78.879366,413557.464137,11.6445362749,10,
581,202.08649989,40.703649,4247353.88079,6.74829267153,10,
700,220.118238866,343.193043,270025464.005,14.021837116,1.0,[M+H]+
583,202.134030381,112.413006,9919871.13916,1.31647073167,10,
584,202.188432884,37.971828,225297.190189,10.4764908913,10,
699,220.093221578,746.89578,17475657.6962,3.77184877074,1.0,[M+NH4]+
588,203.139227149,46.618479,19355911.7315,3.31967666951,10,
589,203.139209858,675.20562,18963217.8686,6.40241581542,10,
590,203.139205474,408.143691,144685222.027,12.3019636054,10,
591,203.150514607,1252.26549,51431624.2152,8.58758821187,10,
593,203.150389923,1153.78572,2676453624.38,4.65958869703,10,
595,204.08692008,42.2736369,6062350.68103,10.5195536256,10,
597,204.098054648,806.28645,11934791.7033,2.28794147157,1.0,[M+NH4]+
598,204.098218494,775.49601,16202927.6832,4.01296458461,10,
599,204.09802287,81.733422,423679.928042,2.35219196102,10,
600,204.113179045,56.4021834,3540201.00307,7.1357141567,10,
1141,272.110669467,106.803441,18819260.573,8.69022815092,2.0,[M+Na]+
602,204.102311572,39.903114,411183.058366,1.25107691187,10,
605,204.134529917,108.421029,36184039.0597,8.48962688819,10,
606,204.142424549,674.8335,1646136.58877,2.41902853652,10,
607,204.151521762,71.097264,909587.788959,7.79324925828,10,
1237,282.118755545,853.66971,5825123.91387,5.18957172306,1.0,[M+NH4]+
609,205.082299045,868.94154,4338487.58618,8.90860442712,10,
610,205.08222115,881.38734,3318929.64871,2.88101123656,10,
611,205.082025277,834.56496,1532979.93171,6.50018542121,10,
612,205.082259809,934.40412,1033570.57752,1.95557405652,10,
613,205.102060641,749.78514,270872.076621,4.48654461943,10,
615,205.118685069,704.94465,360043585.542,6.56995915443,10,
1233,281.186488838,501.21621,1200707.38141,6.49992563794,1.0,[M+NH4]+
617,205.118548851,482.457921,28900637.8123,2.15314716516,10,
619,205.118531965,761.38764,1453867173.56,10.8091624588,10,
620,205.13788198,108.260781,2788050.84223,9.65170029702,10,
621,205.961814457,468.866247,7311157.24857,5.96517725783,10,
622,206.081617953,432.61353,5092209.21608,11.3863514192,10,
1193,278.153533239,762.52056,3993114.67731,8.99240884175,1.0,[M+H]+
625,206.211815674,37.9451121,187346.884002,8.22669393295,10,
627,207.078361643,1985.04294,2788684.94165,9.09920612146,10,
629,207.097745793,95.218755,3909037.4514,10.0878848192,10,
630,207.104002242,282.44664,10735250.3203,12.49699363,10,
631,207.159340586,40.0766523,2712034.84407,5.38513843637,10,
634,208.057845389,577.979328,3705702.37264,11.3758253124,10,
637,208.169840288,41.3317689,8991170.2424,1.18949886669,10,
642,209.153851223,38.1897321,6204263.22346,1.2077062984,10,
643,209.177664675,37.8717375,1185292.21699,5.14393340552,10,
646,210.135125105,93.310329,4728304.47867,1.52867135159,10,
647,211.105473749,80.929908,10685825.693,3.89909859888,10,
648,211.118976618,73.282392,2052190.81262,3.99379220291,10,
649,212.108802292,81.038982,767135.11044,11.8754643183,10,
650,212.139666496,505.571364,3080282.98196,4.76955755927,10,
652,213.066916627,78.855528,4414693.98173,6.90807170928,10,
654,213.152813177,55.4734926,742514.275438,3.73274938691,10,
772,232.129544442,500.211213,32370846.5624,0.655932009749,1.0,[M+NH4]+
658,215.175717198,43.4593923,6052619.07278,6.67218392779,10,
659,216.032832299,195.897324,5329420.42365,9.54267806502,10,
660,216.044082528,393.543132,535548.840394,7.62269694104,10,
663,216.145775959,1146.1581,156439.592802,13.7698278607,10,
664,216.149780223,135.533952,9010048.07109,6.38457081679,10,
666,216.196105586,39.8595171,3980804.27165,2.95115705515,10,
670,217.155035467,240.561354,1534624389.99,9.82005257154,2.0,[M+Na]+
671,217.162720572,38.8945386,320923.059834,14.6190493401,10,
672,217.166183239,320.009229,1270726.51885,5.4990522457,10,
674,218.065105465,107.121063,2309799.39643,7.62546687441,10,
678,218.113958355,749.68905,31719345.7488,6.19756345324,10,
679,218.139011206,506.636619,12159751.3446,11.363722568,10,
680,218.13898236,482.018061,266432100.636,2.1089517014,1.0,[M+NH4]+
681,218.139006902,106.10481,614226.925163,3.84132164041,10,
682,218.149993286,1167.00285,22177814.4455,2.05472091557,10,
684,218.154096777,39.6475596,479534.06069,8.54608839235,10,
685,218.211746359,38.1897321,1872361.43814,4.14870833187,10,
1533,316.920584778,473.1744,124540566.469,10.1011491876,2.0,[M+K]+
1312,291.975169341,455.865582,8111927.65107,6.62369817541,1.0,[M+H]+
689,219.083010464,1149.0012,3081273.21797,4.37011583443,10,
690,219.098011458,909.37917,2012858.76053,8.24249338661,10,
691,219.097676881,813.04656,28540600.4882,9.28561875063,10,
694,219.134219606,394.593279,260553004.848,8.81000728793,10,
695,219.134293372,999.86754,8533682.38251,9.14147258908,1.0,[M+NH4]+
697,219.210915495,60.764352,265911.459972,11.2445136902,10,
702,220.148106186,590.097909,743629.176772,11.4768274771,10,
1547,318.878751607,465.118404,67614807.6553,5.76268536048,1.0,[M+H]+
706,221.018529356,810.70812,29290282.9208,12.1367126193,10,
707,221.095621435,433.95867,11763006.7509,14.2266143325,10,
709,221.113422346,570.318657,52179560.2145,1.8488510171,10,
711,221.186107084,430.050216,1211776434.26,10.5179196266,10,
712,221.959209896,480.38226,9621713.43042,10.6706029935,10,
714,223.041776757,1495.9062,1032800.24876,10.1195509324,10,
715,223.074967352,800.22354,826746.996096,3.52076880758,10,
716,223.107873072,397.90662,66791480.8802,10.8386289098,10,
938,253.118503679,300.786078,68051956.2537,10.011645464,1.0,[M+H]+
718,223.107736195,432.300396,15260032.1525,1.10551477191,10,
720,223.15424362,44.1231099,2270931.24436,4.2321387353,10,
721,223.180585885,40.6980948,2739550.28186,2.39128276021,10,
723,224.092324459,157.4112,8744316.01416,7.0494066959,10,
724,224.103267794,42.588447,793208.5488,13.064803042,10,
726,224.1371922,667.63182,885426.82985,14.0556405726,10,
3628,736.518110521,40.3843542,930205.414408,13.482092218,2.0,[M+Na]+
728,225.098529272,268.247208,2010461.08482,9.06295141188,10,
729,225.134600885,166.869384,317047734.199,3.91559381258,10,
730,225.24058236,61.018428,878830.366091,6.63485459062,10,
732,226.116389288,107.439066,14866008.4727,7.00843708109,2.0,[M+Na]+
733,226.155310856,488.71821,3458181.97128,9.50636573381,10,
734,226.180390791,37.9669653,18849267.9618,1.72238438323,10,
735,226.191667671,202.602216,42446037.4651,5.80882361128,10,
736,227.06638594,773.15823,147600.720831,10.7162825826,10,
1763,349.169592865,150.854295,2867084.97317,5.32240728709,2.0,[M+K]+
2499,484.325656571,41.4058353,1913020.10838,4.97099988161,1.0,[M+NH4]+
741,227.212010684,40.4926251,1445914.18447,5.95766264751,10,
742,228.006093588,481.00578,240424.831908,2.80114854093,10,
743,228.099878796,906.01374,27862384.384,6.27654174592,1.0,[M+NH4]+
744,228.098015016,150.183339,26629888.5542,7.15321446349,10,
882,246.108768042,882.75222,1504374.83868,11.0081763564,1.0,[M+H]+
746,228.171008391,327.882456,1259863.46501,6.5842194786,10,
747,228.836615207,481.001682,4509622.18826,10.0563898312,10,
749,229.103636583,1271.12118,94498290.0376,6.29846016365,10,
750,229.118214792,951.2964,36162082.858,9.57796833733,10,
752,229.154863968,806.78244,395485697.232,4.37727001341,10,
753,229.227794949,326.050752,704419.858957,7.3938166309,10,
754,229.227671797,120.047238,1118721.00622,1.82849349641,10,
755,230.059678157,373.7394,7917093.14015,8.03699990422,2.0,[M+K]+
756,230.079073266,677.40762,867747.642418,7.87398166506,10,
757,230.078998474,744.93426,1949780.36128,3.17771757786,10,
759,230.12903035,147.378444,2250237.88315,4.99381016648,10,
761,230.211683877,40.3902174,1760462.43996,6.72094813083,10,
763,230.834027202,481.001682,3565603.3755,9.8225923892,10,
768,231.116855224,823.72218,350527.085758,14.413843172,10,
1584,323.170710511,42.2736369,3943612.05893,3.54617582004,2.0,[M+K]+
2387,460.255442517,170.010591,19946054.1881,13.5767750228,1.0,[M+NH4]+
773,232.129352412,583.853337,34224674.6125,3.69867324291,10,
774,232.129541194,652.45248,4370936.44101,4.5865925925,10,
777,232.227416103,83.976957,16421196.8582,4.99211406229,10,
920,251.077682197,376.016052,901743.007809,12.9720775782,1.0,[M+H]+
779,233.084540353,39.2089761,3923885.26714,7.4408042971,10,
781,233.130617809,38.1847452,226382.284397,1.8181569989,10,
782,233.126737363,584.34504,238438.673219,6.35364991463,10,
783,233.149730135,47.0359221,13577007.9442,4.5514699201,10,
784,233.230748313,83.976957,2098102.98932,3.36440638927,10,
785,233.915256944,974.55102,1891488.39257,11.6673386561,10,
786,233.915239717,1099.94064,411375.697937,14.6020088333,10,
787,234.043341275,93.469641,4008317.59925,14.1766071311,10,
788,234.038865518,107.121063,604192.957405,12.2694690749,10,
789,234.062117787,144.463401,1386500.27696,5.08464421435,10,
791,234.108726005,767.35044,10991396.1758,2.09365848269,10,
792,234.145204192,1026.4794,33810409.8668,4.54402647445,1.0,[M+NH4]+
794,235.092722913,879.78384,22521388.3852,13.3722771715,10,
795,235.119175729,81.90993,10279909.543,7.24177737002,10,
798,235.129118755,539.856972,4449365.98118,3.79877579657,10,
802,236.125773669,730.74582,771401.142122,11.3553485018,10,
804,236.149412527,589.603332,934687848.64,5.41580152836,1.0,[M+H]+
807,237.090766553,661.58418,981642.784117,6.81321023901,10,
808,237.090792421,744.95715,1366222.72076,7.35892835441,10,
809,237.090545251,431.634696,21646793.5031,14.0406887038,10,
1353,296.12464213,491.934429,7482562.0569,1.73417861554,1.0,[M+NH4]+
814,237.123638645,41.1887616,6632800.05274,2.26922905881,10,
816,237.157736731,45.2317551,800385.210443,5.73280494946,10,
817,237.16989016,42.3720588,1190696.29872,8.68903243114,10,
818,237.207756267,149.450097,533728.246525,3.91232905271,10,
819,237.232929036,41.651694,1254422.18575,10.1857946221,10,
823,238.116429352,86.369232,14012332.5652,2.28180640615,10,
827,238.199764145,41.0175864,233902.284891,3.82940529544,10,
829,239.102944574,540.983088,6545235.82388,1.47219478842,1.0,[M+H]+
832,239.1546935,80.161395,794677.880637,8.37077398271,10,
833,239.148859837,56.7137436,78688989.4837,1.32358319589,10,
834,239.509894293,2020.37088,11992345.2767,3.18612801603,10,
839,240.195871174,40.7092032,2901410.01916,1.76323070938,10,
2591,498.340164747,589.130526,1411136.0468,10.4012177896,1.0,[M+NH4]+
846,241.154810663,451.974822,207140360.924,3.70879625424,10,
847,241.154920474,608.96826,37601938.0521,8.36800225426,10,
1701,339.119242908,645.04779,1508302.50955,11.4316205115,1.0,[M+H]+
849,241.158434372,41.9606394,2006712.49202,10.3910776847,10,
850,241.154868463,536.238846,54768616.5117,2.55890084551,1.0,[M+H]+
851,241.154803018,805.50978,74116022.4979,4.25380693044,10,
852,241.203983098,191.75904,9338170.33904,4.27949288909,10,
853,241.204050715,2015.44302,1453916.77286,3.90829128882,10,
855,242.03775427,509.688507,36194064.0468,8.27886094967,1.0,[M+H]+
857,242.079108585,893.2887,5004138.6592,6.40552095392,2.0,[M+K]+
1586,324.040932423,510.318315,101567516.676,7.63751116356,2.0,[M+K]+
860,242.141922,36.5096844,9985198.69869,0.91634885016,10,
861,242.158083144,451.974822,25721474.0641,3.64828113064,10,
862,242.211672615,39.1364787,2369862.55075,2.12290951141,10,
865,243.078574996,746.7888,155390.2084,8.65316010011,10,
866,243.138007131,37.4618805,812539.845292,10.6982088244,10,
867,243.183612064,418.087896,44857450.282,8.76136473096,10,
868,243.195892387,36.2685342,394422.886245,9.23329994309,10,
870,243.993366534,71.097264,257199.841063,10.5358053238,10,
1886,366.151271145,747.3444,475420.273304,6.11872241243,2.0,[M+K]+
872,244.108268202,40.5304836,596567.55555,8.9249549177,10,
874,244.165829145,1253.45529,13918791.352,9.27364951007,10,
875,244.177035973,431.593716,3771417.01655,13.7784354817,10,
876,244.206223567,38.5062345,1671793.12583,6.83846521298,10,
877,244.202142012,77.985117,3602502.39373,3.54068967893,10,
878,245.0846585,38.5790466,717490.60877,12.1176966168,10,
879,245.161207194,609.13395,4851121.50504,12.3483496617,10,
880,245.175006859,37.4889135,196836.755443,9.55731471176,10,
881,245.186292671,132.341583,3007564361.61,7.20739260933,10,
883,246.108679014,781.20852,1359587.4176,3.76702253457,10,
884,246.145153337,561.462909,69514868.7323,3.68443333464,1.0,[M+NH4]+
885,246.181621122,897.37848,57838127.0924,6.38742733093,1.0,[M+NH4]+
886,246.192614053,430.317345,5063939.88135,5.1846004811,10,
887,246.189482881,132.49995,398416356.055,7.17696400098,10,
888,246.189823289,41.0175864,1504724.08794,3.4410040169,10,
890,247.092770069,814.96797,7185908.38313,8.91099122339,10,
891,247.104125321,746.72316,10107423.4819,4.46784409855,10,
2747,524.362087843,43.2215718,3342432.05076,3.68581932504,1.0,[M+NH4]+
894,247.176580591,431.255784,54332257.9195,8.21269252455,10,
895,247.176548526,82.520019,820238.913273,4.85910487259,10,
897,247.192236339,132.268143,23010311.7218,8.66958298726,10,
900,248.095747577,815.60562,538936.747555,2.32259351028,10,
901,248.132277453,668.83773,218475.835027,12.1819990642,10,
902,248.149608231,619.00641,24932982.5391,11.8305013741,10,
903,248.16072987,967.75041,15018922.4343,4.75490760117,10,
904,248.164767733,40.0827066,422090.192852,4.75869778149,10,
905,248.211839966,157.004496,329538.535755,6.93940326074,10,
2104,406.193439172,834.55809,1662536.55662,3.03763158788,1.0,[M+H]+
909,249.123564947,184.347264,2189141.77443,10.0247076071,10,
1097,267.134233435,236.177514,468259607.548,10.9673985871,1.0,[M+H]+
911,249.144731231,942.28743,24035965.8131,10.7449220538,1.0,[M+H]+
1504,313.259899514,47.7812175,6082314.47835,8.70133227254,1.0,[M+NH4]+
913,249.15284713,615.25068,2345053.79257,12.2039883828,10,
921,251.106241773,358.739556,25821222.454,12.0605556628,10,
1638,333.139261319,524.491278,7519016.48536,4.43505759611,2.0,[M+Na]+
924,251.212191615,134.885406,4085143.9812,8.78981444312,10,
925,252.109206112,77.334102,2116902.49072,6.87469685782,10,
1511,314.11869031,35.6336271,1274694.31852,4.29513670799,1.0,[M+H]+
929,252.134332816,70.776336,4788598.74304,8.10710780903,2.0,[M+K]+
931,252.144598277,588.156234,888938.268319,7.67466948141,10,
932,252.153202068,562.734375,731178.735924,4.79762449405,10,
933,252.189154922,41.0230746,686847.417448,6.88829615119,10,
935,253.047562638,1244.5401,251759.723384,12.0182079382,10,
936,253.079788069,880.00206,2078487.36299,4.74488567902,10,
937,253.118426315,456.18252,5221505.92339,5.09608823325,10,
939,253.164851732,46.4084265,1274789.35927,9.2478231857,10,
940,253.263809859,58.9017162,431016.498293,14.0762468689,10,
941,253.264354656,45.46455,142341.091631,10.4351812415,10,
942,253.611052404,322.011912,1564791.20523,6.688456671,10,
944,254.080370721,46.6832295,1704409.21582,14.5854950541,10,
946,254.121668622,456.024267,527832.770713,2.59033699679,10,
947,254.117717972,41.3317689,548934.898081,11.5263109847,10,
948,254.122641791,1139.52972,563236.744225,7.75024973837,10,
949,254.122636753,1049.1855,298105.272599,4.36111735381,10,
950,254.161330501,378.78225,23265445.5607,5.62683738787,10,
951,254.186554172,124.622994,3660907.81034,7.47463387049,10,
952,254.247807387,60.734949,311352704.371,6.56200825089,10,
953,254.609547465,322.038384,1037189.29648,10.0309489999,10,
1114,268.998525499,516.689235,18012889779.5,2.56295981272,1.0,[M+H]+
955,255.022774218,760.01418,643548.113477,11.1434896227,10,
959,255.134133377,118.931856,2584285.58214,1.43853033393,10,
960,255.145544238,35.9535624,1998087.30272,2.98756541612,10,
962,255.219441371,140.30073,1350416.93985,4.38405844263,10,
1590,324.28426576,313.24848,1165986.33076,4.34335906751,2.0,[M+Na]+
965,256.094794754,480.191115,134568957.671,1.60984709953,10,
966,256.104253342,232.123173,12917587.4122,9.52433085733,10,
968,256.118002227,41.7207105,656247.55473,8.04154428692,10,
969,256.111668414,274.401534,4078396.51502,3.92351820378,10,
971,256.138030817,35.9535624,803467.728921,8.48935505275,10,
1712,340.259655726,56.9564388,8586342966.27,7.14362805826,1.0,[M+H]+
973,256.210428529,92.994456,560365.043733,6.37117678405,10,
974,257.09644124,830.71452,69739.9957336,14.9920652997,10,
978,257.153318813,36.5306061,296940.783428,10.9082534737,10,
981,257.992985852,456.452172,11156945.3132,11.8520594624,10,
982,258.108877851,568.04862,2482387.78878,3.89178916675,10,
986,258.131389617,758.7417,7511336.62082,5.49894208159,10,
988,258.145230217,796.11288,10053875.724,5.68786412183,10,
990,258.192758725,1252.74963,2106602.4914,11.5935678355,10,
992,258.242830314,62.148681,17757714.6761,5.87888433384,10,
2085,402.358144746,67.605156,30953632.2555,6.66149572152,1.0,[M+H]+
994,259.078146217,630.22674,212807.560251,5.81234432413,10,
996,259.09619985,480.310836,984234.255292,3.70552152734,2.0,[M+Na]+
1169,276.134570841,226.596042,81421413.4379,11.5206071685,1.0,[M+NH4]+
998,259.100239892,38.1041715,34191312.5113,4.1045896708,10,
1002,259.140350961,880.72698,16242199.1735,7.37153460294,10,
1003,259.14046309,895.6956,24011432.7996,4.88816155261,10,
1005,259.14858904,796.15572,1039654.68604,7.15301213377,10,
1006,259.168852912,36.5934987,29009990.7561,2.6044611017,10,
1007,259.201611698,40.3902174,7538256.66936,4.74765727122,10,
1008,260.023452699,2020.2105,7899279.58548,8.82997615282,10,
1009,260.053237391,832.39524,47811528.3936,9.83126464198,10,
1010,260.070255809,114.967383,6482124.4587,14.4419425011,10,
1011,260.072058445,37.2332421,831447.106837,6.21422381318,10,
1189,278.135048626,651.38043,8125516.35863,5.97806197727,1.0,[M+H]+
1016,260.160644896,418.098627,25160154.0838,6.09549194036,1.0,[M+NH4]+
1017,260.160716145,446.850069,15584059.6973,10.2609950603,10,
1018,260.16075422,483.641925,42102485.8228,9.49516363418,1.0,[M+H]+
1627,332.193348638,1028.4708,2386777.15631,7.25575065494,1.0,[M+H]+
1021,260.197240768,796.84929,72715823.4705,4.97811189642,10,
1023,260.258526925,75.111018,24191744.5158,13.2677890996,10,
1658,335.074065899,879.09771,192926667.626,3.00461711049,1.0,[M+H]+
1027,261.09085426,494.580378,280066.902236,11.8076946575,10,
1029,261.119539857,714.16779,12288051.7078,4.60175204256,2.0,[M+K]+
1031,261.130847469,56.9625528,57153424.3597,3.60603351724,10,
1034,261.144879249,662.10252,17855362.289,5.7087949242,10,
1036,261.156135735,982.94514,29235366.6264,2.90015247246,1.0,[M+NH4]+
1037,261.189158251,277.292304,20099287.5028,12.7356310553,10,
1040,262.069063122,37.1479281,218960.630542,8.83955086505,10,
1829,359.124216216,501.248838,2833278.67554,1.94807258324,2.0,[M+K]+
1045,262.140175184,544.876326,10047430.1245,1.9989139821,10,
1046,262.140149825,685.0365,3470795.07157,2.3062800916,10,
1644,333.213710952,934.60722,656969.470087,5.29399378081,1.0,[M+NH4]+
1049,263.096345581,93.152454,41594114.0456,1.34886164984,10,
1052,263.122100881,417.772152,986747.725524,9.5883262615,10,
1672,336.192000141,130.146951,44035097.3557,9.66096238565,1.0,[M+NH4]+
1056,263.142907665,41.6462055,1036900.33785,4.55314797774,10,
1057,263.139407156,253.123884,128115931.438,8.44451699705,10,
1058,264.065289349,642.39198,1257714.88512,6.09194313601,10,
1061,264.099744122,92.993331,5156372.98512,3.06532731647,10,
1062,264.119238252,781.41375,8408869.34601,4.32779703937,10,
1229,281.150008887,200.941521,319236899.992,7.18686772904,1.0,[M+NH4]+
1098,267.145318876,450.643179,63639580.2989,1.4102921396,2.0,[M+Na]+
1066,264.14023092,535.586001,20314430.9184,3.10131191569,1.0,[M+H]+
1068,264.170601884,60.7704,4036077.60696,8.40334619184,2.0,[M+K]+
1069,265.035396878,475.088142,25637791.6798,12.0060470639,10,
1758,349.040847668,1280.46438,34948161.8889,13.7828678108,2.0,[M+Na]+
1072,265.092125017,93.141756,1533220.45428,8.06539229508,10,
1073,265.121751301,556.567941,1298048.63128,10.9945917641,10,
1074,265.123379778,655.17456,128640.357096,1.01773667843,10,
1075,265.155016517,103.47408,637708210.757,14.5565884287,10,
1079,266.089148786,705.24768,103293.071722,12.1598577889,10,
1082,266.148318735,911.17326,932866.19432,5.65477396374,1.0,[M+H]+
1084,266.160173496,995.5773,18904805.6633,8.47765070756,10,
1086,266.160105008,1053.05628,9708094.46193,12.4030916249,10,
1087,266.159735233,954.71316,20065863.5937,10.3191913846,2.0,[M+K]+
1088,267.033557162,474.863859,3377668.88164,9.39974198495,10,
1513,314.145851032,168.11706,36115316.2606,10.3485273386,1.0,[M+NH4]+
1093,267.072564668,539.15028,393205.322939,6.99508743021,10,
1094,267.122847187,38.5790466,520522.412014,3.49219017511,10,
1095,267.134294152,186.902559,609688967.354,8.14251251083,10,
1096,267.127363878,64.206012,179991527.457,2.32850048951,10,
1099,267.145043078,63.894018,103358492.293,2.50211908342,10,
1100,268.094678716,469.399593,8146744.38811,4.11700090192,10,
1101,268.103070783,898.76622,2354023.47785,6.08069167277,10,
1102,268.10298879,879.54681,2738359.16427,10.9140075437,10,
1103,268.104287397,99.032238,543267102.722,9.13410370931,10,
1111,268.157966837,35.8701243,2633149.69022,1.54746627641,10,
1277,286.273992568,59.5202877,62715817.5994,10.2392841765,1.0,[M+H]+
1115,269.045963243,108.900156,561868.588638,7.91697367953,10,
1495,313.058722235,452.694849,159586867.377,7.43858989989,1.0,[M+H]+
1117,269.074784685,815.64876,1819971.25286,4.76603975737,10,
1119,269.102378701,39.4502196,1878958.70409,4.21195380543,10,
1121,269.113372289,445.737267,14909150.5889,13.4482134564,10,
1834,360.167020507,607.12158,1722084.41121,9.75610703366,1.0,[M+H]+
1124,269.153193977,36.5934987,19275352.4089,2.87401991072,10,
1125,269.190351781,40.3005408,660077.992883,9.85097476065,10,
1128,270.10108081,790.31364,93515.5289526,14.9522656801,10,
1133,270.173134538,35.6336271,1899679.65298,2.57646598334,2.0,[M+Na]+
1136,271.077480592,945.38856,6919970.71974,6.65628825579,10,
1138,271.165427465,451.974822,3471100.94168,5.08397125419,10,
1139,271.168795045,35.9535624,50723372.5206,1.86601697522,10,
1140,272.099369677,488.97798,191991.192513,10.1602038564,10,
1143,272.124437114,559.385304,924281.015186,2.36497201662,10,
1144,272.153449054,38.5062345,1367333.17233,7.25798771854,10,
1146,272.171857763,1253.07291,88438529.5246,5.47760371389,10,
1150,273.173218106,35.8701243,342333.792726,9.74377648229,10,
2000,388.254048021,61.395714,190831256.308,3.23383534119,1.0,[M+NH4]+
1152,274.062466644,474.703422,2550224.0878,1.02946962187,10,
1154,274.165014338,40.4926251,1484058.41811,8.2613394886,10,
1155,274.176181707,413.907693,16448525.5595,11.7307915752,10,
1156,274.187528817,85.885308,2241745.76944,13.6803540112,10,
1157,275.09516118,39.7635981,2646617.35821,5.83846903293,10,
1161,275.171583848,1074.26697,11558902.507,11.2277577362,1.0,[M+NH4]+
1162,275.1470499,46.4140422,407437.759142,9.24858023528,10,
1163,275.17972422,374.70543,5218685.64795,13.3655423117,10,
1333,294.11873388,488.55294,12613922.1081,2.97091979186,1.0,[M+H]+
1166,276.103429841,36.3494331,3494780.51573,1.12119281784,10,
1167,276.109511394,631.42068,4760883.06749,9.32371580402,10,
1564,320.181789318,444.811128,58511049.9439,10.8160133393,1.0,[M+H]+
1605,328.127413089,492.609483,3226462.79511,12.4660751855,2.0,[M+K]+
1173,276.155820735,1104.95118,30102689.3915,6.65122028693,1.0,[M+H]+
1175,277.057527853,40.0766523,1657076.09893,14.2798828236,10,
1176,277.106609915,590.105442,740094.762497,1.9950944619,10,
1177,277.111052176,39.2089761,5385355.30857,7.21626557745,10,
1178,277.118376271,165.931521,7900256.92109,7.42181863625,10,
1477,310.176595646,731.39988,4010856.23388,6.24855904267,1.0,[M+NH4]+
1180,277.111780861,488.38767,1948631.47482,2.47612463215,10,
1183,277.158515322,40.6198434,11243665.7884,9.55255787008,10,
1184,277.180226649,42.3482643,27756731.2198,10.1995546231,10,
1883,365.269283206,41.5631463,4770531.05065,5.27893837391,1.0,[M+H]+
1186,278.072678458,767.46516,715667.953329,14.6814016637,10,
1190,278.135057088,621.49506,12938338.973,2.99908584604,10,
1191,278.134926333,594.945336,2824256.85631,2.69408141154,10,
1192,278.134961315,719.8746,3100735.90864,1.26385544709,10,
1196,278.862164288,889.09008,3461531.22617,13.0362261533,10,
1359,297.045720947,51.9386328,50940246.0003,11.0480964827,1.0,[M+H]+
1198,279.101208366,684.00603,17776756.9968,5.43999560939,2.0,[M+K]+
1992,385.244934958,382.657347,42324184.482,9.32415731359,1.0,[M+NH4]+
1205,279.170669076,88.874727,1649440925.28,12.0209850054,10,
2012,390.198601829,568.04862,17857920.0833,3.47139646996,1.0,[M+H]+
1212,280.11416087,757.27245,1876136.70652,3.61283911279,10,
1213,280.114431145,535.136574,4259949.52435,7.01124705242,10,
1551,319.140440302,377.4624,6044571.94333,13.9669819536,2.0,[M+Na]+
1215,280.157940931,35.3133804,9498227.13516,1.63677415694,10,
1216,280.175557681,808.03383,8516658.61469,2.54614553699,10,
1218,280.19075848,51.6266295,9853137.12549,4.968918412,10,
1219,280.865578959,478.410135,32882266.8646,13.204434756,10,
1222,281.106704107,54.5312631,4742999.3927,13.5268940268,10,
1223,281.102313642,40.6198434,2359370.11988,3.96581424001,10,
1224,281.099852865,558.729936,397127.916545,5.21782516551,10,
1225,281.116713229,193.734855,471854.397219,13.5500866005,10,
2017,391.161652774,351.340425,1842840.78667,7.82300517154,2.0,[M+K]+
1228,281.149550641,168.741306,14125583.9585,9.28205686412,10,
1230,281.153223503,35.8083588,179254.759343,13.2917611768,10,
1231,281.149907526,245.622552,500973280.915,12.3788058172,10,
1236,282.119910763,444.463773,10012894.0903,5.76569407992,10,
1239,282.156162912,452.062602,2655227.14498,4.82939206485,10,
1243,283.067740032,616.20201,1286029.86589,5.49456799599,10,
1245,283.129092762,364.209777,29853291.8853,12.2574602604,10,
1248,283.137852376,537.556296,2020061.89943,3.72390393781,10,
1250,283.175079954,58.2717261,52289749.7624,3.22353802844,10,
1251,283.274432335,87.150054,1134016.47795,3.83060754027,10,
1254,284.17860262,57.9601044,6213918.09156,4.57383026354,10,
2463,478.37539084,56.7076302,941855.164284,14.8631843828,1.0,[M+H]+
1256,284.861127077,478.571379,1870560.86324,14.6569694539,10,
1259,285.083243135,505.443702,4139150.08342,2.92051758713,10,
1260,285.125599094,544.80402,362757.793571,3.61499774412,10,
1261,285.123715894,41.2179162,179350.221376,13.1356884499,10,
1262,285.148195576,37.9451121,365141.808747,7.55861106721,10,
1263,285.184514725,35.9535624,3582482.3616,2.44421553669,10,
1264,285.228549272,48.0950259,87842690.9934,2.85365017309,10,
1265,285.290321622,85.719759,23101992.9399,1.58803427147,1.0,[M+NH4]+
1267,286.107680394,500.95023,2194554.46736,2.46235883344,10,
1269,286.128896915,39.679536,3712809.68325,3.01637061366,10,
1271,286.139888507,41.0175864,322125.358422,13.020235102,10,
1272,286.159065866,582.729798,300482.089637,9.02644148202,10,
1273,286.152848522,61.018428,451627.345061,3.85192730791,10,
1274,286.168746424,38.1897321,1008101.4802,8.24673041058,10,
1275,286.176511428,504.443268,5433212.42737,11.7188541085,10,
2015,390.336778948,43.7751408,240349.463318,11.9196985543,2.0,[M+Na]+
1281,287.08805232,483.556071,1941278.75449,1.24839480795,10,
1565,320.160953315,43.1403252,1276941.14309,7.57404281564,1.0,[M+NH4]+
1283,287.132222256,39.3659733,382599.868836,14.2744985114,10,
1286,287.163891764,38.5790466,1359740.08576,7.3718748756,10,
3157,606.325294677,754.35861,8999382.90835,8.70841809622,1.0,[M+NH4]+
1291,288.192111187,240.561354,475616243.428,8.89409021498,10,
2483,482.248861839,714.80454,8409378.65397,2.24322013292,1.0,[M+H]+
1294,289.054323735,538.466451,495912.696657,10.2824668903,10,
1295,289.085504937,148.279995,1523500.39945,13.4309273946,10,
1297,289.151048504,616.54326,5583627.37497,3.54607974263,10,
1299,289.162272685,46.5319671,5003677.11681,5.92444396918,10,
1300,290.100231437,36.4338237,3737382.97781,3.80901109006,1.0,[M+H]+
1301,290.100560694,588.156234,120317.389826,12.324472674,10,
3764,803.455203183,34.996494,476950.995613,10.4378001314,1.0,[M+NH4]+
1303,290.182413522,902.2227,2543095.28314,11.8660105576,10,
1305,290.883732981,471.910146,6928983.20726,12.0063581168,10,
1306,290.883608029,459.288639,6519792.45211,6.44903397171,10,
1447,307.043966256,171.17637,764244364.874,10.9915936555,2.0,[M+K]+
1308,291.103691292,36.0516087,349985.707257,6.8199059138,10,
1309,291.130270637,667.97943,1442684.05244,4.54903789473,10,
1310,291.166529439,226.587639,15681984.5154,9.54689064772,10,
1313,292.035734152,483.825744,295695.131514,11.3356029243,10,
1315,292.129365977,345.738003,46128309.6381,10.7870437891,10,
1316,292.129439077,329.69124,22404949.3288,14.3284866768,10,
1959,378.144670708,606.19722,1731200.08062,1.5613127631,2.0,[M+Na]+
1318,292.15038923,590.70117,11610037.4163,4.83158424288,10,
1319,292.150646544,564.435012,3792787.74036,9.12576526611,10,
1320,292.150724276,662.78784,886418.558455,5.80757929351,2.0,[M+Na]+
1473,309.290357487,83.342961,9975277.70078,1.97993082852,1.0,[M+NH4]+
1323,292.959776586,532.021908,60217538.0801,11.2630899211,10,
1324,292.959762922,511.978125,18228608.8102,3.08811119646,10,
1818,357.173461507,37.3070565,707030.713596,5.61736010484,1.0,[M+NH4]+
1327,293.10679169,317.012343,5057909.92258,2.6388629198,10,
1329,293.186279292,39.4502196,6741131.11894,2.58329324641,10,
1331,293.222552562,293.629905,2052899.39115,7.73460255013,10,
1332,293.22265389,41.0175864,1721549.63088,9.27858891598,10,
1334,294.112125135,504.05502,1292227.32505,3.53033016977,10,
1335,294.129961058,706.97307,3036628.67553,7.0943614782,10,
1337,294.181667084,608.31078,16182014.451,10.6863532144,10,
1825,358.270370778,87.162981,21744033.3237,11.2822848457,1.0,[M+NH4]+
2094,404.283068875,39.679536,432182.855435,14.2057715694,1.0,[M+H]+
1489,311.305962969,81.882459,30799001.662,3.30924262812,1.0,[M+NH4]+
1343,295.096353258,865.75947,2771084.55797,7.02050306475,10,
1344,295.129299701,611.2695,25420872.4494,5.7335342676,2.0,[M+Na]+
1345,295.127120007,36.2735724,525775.062156,9.2219371703,10,
1718,342.239132265,178.343508,61282989.2887,14.8241108736,1.0,[M+NH4]+
1350,295.212940367,53.9074554,2895414.63372,9.36189658437,10,
1352,296.132692786,611.2695,3658502.16208,6.32783711371,10,
1355,296.169713338,104.131122,21392740.6965,6.76051783587,10,
1356,296.169902279,769.128,724387.842137,12.6779638919,10,
1358,296.218285452,410.834814,3023895.30783,2.6416093462,10,
1361,297.101788977,47.976042,4371935.13897,8.44275686672,10,
2158,416.197735574,868.01661,198230.811897,0.692754624288,1.0,[M+H]+
1364,297.173330894,104.131122,2231503.70025,7.69974660082,10,
1365,297.18455887,35.3133804,11406118.5297,3.0883083998,10,
1366,297.265257328,120.662106,1696960.51248,6.5340665003,10,
1368,298.088271902,450.170244,15136430.5539,14.5181136449,10,
1904,368.181815774,56.090499,17386561.5398,11.0217181473,1.0,[M+NH4]+
1370,298.101289596,878.60811,28132324.1481,10.3069643662,2.0,[M+Na]+
1371,298.114958813,126.171489,28027610.0553,14.5845814309,10,
1373,298.116573944,465.480192,22250330.978,2.04400950628,1.0,[M+NH4]+
2151,415.212126147,38.8219104,3584053.31636,2.35174038847,1.0,[M+H]+
1506,313.366087466,55.7428575,871527.150331,14.2492492641,1.0,[M+H]+
1380,299.112825398,40.8006924,1683200.22324,4.54346374539,10,
1381,299.350329569,55.772517,23253747.7114,6.22432667798,10,
1383,300.14222539,508.895202,126110.33311,13.4300317925,10,
1385,300.201716292,58.209294,69487078.638,3.18405519133,10,
1386,300.264576262,51.6630873,185002587.335,14.2565407542,10,
1387,300.278121824,2015.15436,644065.583849,9.7607766456,10,
1388,300.289592808,58.5184428,86850979.843,14.2994141621,10,
1389,300.353404861,55.4671242,2025167.47875,5.34737171862,10,
1390,301.154688186,103.788888,64450357.7726,11.6253523059,10,
1553,319.161565979,193.914846,2331521.03441,13.830808078,1.0,[M+H]+
1393,301.204952263,58.1159154,8504311.80018,6.65191144909,10,
1394,301.260021903,316.87929,1444311.03069,10.7768101053,10,
1395,301.285288002,148.186692,2842381.75859,2.58924944646,10,
1397,302.057391537,454.754466,1183185.02227,10.2456512293,10,
1398,302.059011457,509.414334,260456.268825,13.370277998,10,
1399,302.14778555,91.400286,2232209.9198,5.16468338402,10,
1400,302.171559485,493.658064,13867352.7253,1.74320477502,10,
1402,302.207583909,176.244081,169082783.086,7.45499256778,1.0,[M+NH4]+
1403,302.207934596,194.640258,102679768.349,9.30998266902,1.0,[M+NH4]+
1404,302.207841472,301.64376,19454432.8101,10.1423557668,10,
1405,302.232448758,173.126766,8800079.71279,14.8200032651,10,
1407,303.105258156,588.657966,3513153.60138,13.3953247899,2.0,[M+Na]+
1408,303.114456981,36.1901886,292717.761644,3.13718006043,10,
1410,303.148931482,1208.85858,2048533.03713,13.8231169878,10,
1411,303.166754195,618.75543,8711124.41741,4.51490799793,10,
2167,417.209790028,599.95947,3358548.81898,5.50036147,2.0,[M+Na]+
1413,303.166462654,582.728031,41914574.1422,4.26474457384,10,
1414,303.166356022,68.890977,4015053.68129,11.7122777643,10,
1415,303.166706769,544.298754,7440630.29063,6.04794746394,10,
1418,303.666410135,753.7875,436786.878467,5.07097221872,10,
1420,304.079759575,1030.6539,289557.603222,10.7390395761,10,
2270,435.209199993,784.19346,1800780.99674,5.97235463382,1.0,[M+H]+
1422,304.134580992,35.390133,2443618.40381,2.72160408285,10,
1423,304.161986696,1054.35525,163919086.091,13.4653746702,10,
1424,304.165794684,157.988163,146362206.249,10.9370988358,10,
1427,304.182443325,980.06274,394304.277101,11.5911467055,10,
1428,304.187064908,371.02746,36312614.6471,10.8937151105,10,
1429,304.299910411,54.7441788,47441454.524,4.48534339793,10,
1431,305.080521465,117.186117,14365914.13,14.4810552841,10,
1432,305.12992616,36.2735724,3859557.7221,4.7535808085,10,
1433,305.146059657,819.93462,3676863.69619,4.11595017038,10,
1434,305.146127394,303.726054,158860.480952,13.6457213116,10,
1435,305.157037507,57.9601044,49632224.9753,4.32196271654,10,
1437,305.211746868,39.589611,872560.481346,7.13258250449,10,
1983,382.019960703,480.304635,1196333.66122,6.11791717686,1.0,[M+NH4]+
1990,383.201323667,300.829752,709197.973221,14.6305242099,1.0,[M+NH4]+
1442,306.148446414,377.802993,3005292.45528,6.51810752865,10,
1443,306.160256425,57.9601044,5988951.36374,3.33563485832,10,
1444,306.166305072,478.349034,6313601.44846,2.09621441687,10,
1445,306.227717585,151.473498,314201.976027,4.37830251277,10,
1449,307.06302964,1346.51862,221730446.176,9.60412942734,10,
1450,307.125144632,771.28851,14137643.3459,3.2442001186,10,
1454,307.150513512,1032.77862,663678.562562,4.11283949835,10,
1455,307.186803744,1013.16111,7085918.22633,13.5415010273,10,
1456,307.201956878,40.6198434,1965153.93963,3.82070033637,10,
1457,307.246523469,79.247478,1085208.81195,5.67364106448,10,
1459,308.047568852,172.366692,80359543.2497,10.154007789,10,
1462,308.145589422,647.10951,6329627.78017,5.99858977626,10,
1463,308.149713466,39.769461,4692845.54398,3.86452297807,10,
1466,308.278020047,86.201802,4802820.6391,2.06614080778,10,
1467,308.850062973,459.440016,7204619.49897,9.392951376,10,
1469,309.104166688,951.25824,8608598.0541,10.7874156133,10,
1470,309.138182833,425.893734,4587754.98458,10.9823041772,10,
1682,337.296446418,324.770574,2113124.05868,8.48284105803,1.0,[M+H]+
1474,310.038562067,1245.24318,41223.4763975,6.22867343695,10,
1475,310.087781769,38.194719,197350.688293,13.1742301082,10,
1476,310.140198489,492.609483,12490126.5915,2.39926008818,10,
1478,310.185111871,673.8816,1356331.14358,2.02148376864,10,
1480,310.248396273,63.588696,2206192.29664,4.01457642355,10,
1482,310.983587874,480.544884,2026772.68658,11.0759487757,10,
1484,311.155802793,81.286533,1083993.12883,13.8914416719,10,
1485,311.164098148,37.8668748,464225.473805,10.161473775,10,
1488,311.269603536,41.0175864,2172626.61906,4.66358058443,10,
2033,394.044190197,518.674977,12138177.4482,3.94631875732,2.0,[M+Na]+
1491,312.103300139,35.5500696,13281495.5311,3.3994523763,10,
1492,312.12754948,705.98526,246600.396379,5.44925901615,10,
1493,312.216971053,174.786087,87687409.9209,9.71481125785,10,
1497,313.106870343,657.45294,405655.816901,7.56134549958,10,
1498,313.121540007,174.398493,27399265.1453,14.4173396097,10,
1499,313.139712937,41.0175864,2111136.75643,8.16015787796,10,
1502,313.202548026,84.589776,9183779.46614,2.2272829223,10,
1509,314.091686942,166.979634,63503552.1106,4.15732311807,10,
1514,314.158259819,72.321381,3426997.46757,13.6593306524,10,
1515,314.206051569,84.597078,1622486.70978,3.14813976661,10,
1516,314.232656788,161.658105,40047575.1392,0.64943023492,10,
1517,315.047720884,879.38406,432272.654986,8.74230773309,10,
1518,315.095512281,167.025387,7117744.6262,6.96532557379,10,
1520,315.160456078,282.253593,3642770.12607,7.91557367326,10,
1521,315.1917614,274.91886,1209385.22851,9.02681198482,10,
1523,315.345814652,44.020344,277156.848063,6.27854987647,10,
1524,316.06021613,452.694849,1536810.53283,9.37475861932,10,
1525,316.073246218,476.096046,1264431.15994,9.31291134416,10,
1527,316.131232049,673.39032,1098564.92627,6.31455324514,10,
1528,316.139555377,41.0175864,3549195.09963,4.34509679842,10,
2393,462.22063284,810.86244,1976216.18833,2.23336605542,2.0,[M+Na]+
1530,316.161982751,109.260921,3033465.30649,8.40232147475,10,
1531,316.163926762,87.13257,1037829.51237,7.15316705878,10,
1534,317.128205918,680.93229,4096340.58934,14.2858942758,10,
1536,317.182201334,880.11066,257915.940881,4.32201839304,10,
1537,317.18244435,503.335359,6498689.5986,7.25316907303,10,
1538,317.182339911,481.076598,532340.17425,1.76326041732,10,
1539,317.186712548,41.1150072,409557.958172,14.7250932243,10,
1540,317.227027283,140.589336,12678493.3887,11.3072270608,10,
1541,318.075941113,784.89678,206361.430228,5.76441575616,10,
1542,318.085251941,454.551498,421869.666876,3.50660385498,10,
1543,318.173781731,83.478897,20842559.5932,14.2231928288,1.0,[M+H]+
1544,318.181717932,40.7770905,1422865.48175,3.85556715752,10,
2160,416.214379528,302.224506,1484828.19076,9.79607871271,2.0,[M+Na]+
1663,335.305933453,81.129096,116535109.304,3.68639056324,1.0,[M+NH4]+
1549,318.918518939,457.084713,22211825.3726,8.74153147014,10,
1552,319.140311388,407.824938,9980866.76797,12.0115018551,10,
1554,319.161449966,778.57473,1316802.47674,11.2731742821,10,
1556,319.227276492,40.3902174,6119566.37829,6.16940453662,10,
1557,319.30389813,80.288925,3009657.1431,8.1679175412,10,
1558,319.299581409,38.013624,670541.049785,7.69559640986,10,
1563,320.165181229,583.072362,423396.507349,2.60459622042,10,
1570,321.131200838,57.9601044,14704740.9646,2.55804739077,10,
1572,321.206875799,40.3843542,1422719.49612,10.2334992932,10,
1573,321.265607516,92.510136,839359.970656,9.57422486491,10,
1574,321.298052624,60.01512,388830.367763,11.8242472079,10,
3451,675.676717354,37.5526755,3213677.48934,6.75441916971,1.0,[M+NH4]+
1576,322.134055504,58.2033051,1527105.24787,6.38351538192,10,
1577,322.161195625,594.740265,14449039.338,4.75768415335,10,
1578,322.165372906,39.4502196,1218137.18796,6.06295319105,10,
1579,322.176303906,168.897429,6231765.65734,9.22060379483,1.0,[M+NH4]+
1580,322.186365235,39.522849,1578470.37931,4.12612558316,10,
1585,323.280883044,313.564608,6809219.52504,1.74171522205,10,
1591,324.290378972,38.8273386,2075096.45742,4.24892089504,10,
1595,325.321527119,89.512167,13181252.8792,4.66898304687,10,
1597,326.135177611,504.847098,279235.641124,11.6437601798,10,
1598,327.102450867,559.336611,652779.544304,10.7861520999,10,
1600,327.155444177,40.3902174,794573.044866,13.991179258,10,
1601,327.201345741,59.8325967,32402746.8192,0.957742874217,10,
1602,327.337339719,89.03223,11027848.3598,6.45271702883,1.0,[M+NH4]+
1603,327.38148991,53.4041835,45918194.867,7.71107857358,10,
1604,328.030506659,531.514242,1013810.87254,11.2804992572,1.0,[M+NH4]+
1608,328.205063898,59.8325967,4453681.83735,4.91574738501,10,
1610,328.223178049,169.053432,12031064.1283,6.72626591542,10,
2416,469.010708162,40.5467787,1197961.37562,7.65336941541,1.0,[M+NH4]+
1612,329.030176046,456.973389,2055302.77676,1.91566836933,10,
1613,329.129933413,35.6336271,4066618.54541,4.73125765083,10,
1614,329.251916462,152.381958,2276224.42565,9.54473957623,10,
1615,330.060137063,388.062528,1903650.95527,9.69223159328,10,
1616,330.060198825,332.938041,7293538.1611,12.2161195869,10,
2299,441.307592754,133.763388,681332269.246,10.8134167068,2.0,[M+Na]+
1618,330.336828063,52.9729551,13300192.2171,3.91326616134,2.0,[M+K]+
1619,331.117814505,194.606526,975139.642789,11.4542401612,10,
1620,331.126882128,35.473317,1407401.26055,4.46820309131,10,
2169,417.210016059,553.123074,499723.905901,1.22056754336,2.0,[M+Na]+
2182,419.250477025,381.028473,14295728.1926,7.72297665676,1.0,[M+H]+
3325,636.372357856,725.71548,541650.900401,5.16382613739,1.0,[M+NH4]+
2461,478.274995252,1252.92552,1645259.0935,4.11224472211,1.0,[M+NH4]+
1628,332.201366292,552.554394,271801.828233,5.26767564212,10,
1630,332.218384104,218.74743,780459488.508,11.1245925282,10,
1631,332.218398726,244.110744,141747183.354,7.65513281567,10,
1632,332.218184861,46.3335078,3301621.63518,8.20580125084,10,
1633,332.295490785,38.1847452,172471.346968,4.61265905173,10,
1634,332.894387301,465.543531,4892533893.57,4.26409344614,10,
2514,488.047287817,510.631875,41420610.5235,8.22788820706,2.0,[M+K]+
1637,333.144878244,39.9929103,844783.801951,8.18965929111,10,
1639,333.156083485,343.290522,1310311.69382,9.97869389358,10,
1640,333.177310147,614.14422,8480080.79347,4.08144074084,10,
1641,333.177255841,634.2627,13575618.6579,4.65901882776,10,
1642,333.177333861,496.283826,632691.073238,3.23600670473,10,
1643,333.19255736,627.40392,1972628.32971,6.058490895,1.0,[M+NH4]+
2100,405.348052138,103.567773,2034488.49085,10.9978282411,1.0,[M+H]+
1647,333.300470192,38.194719,1499177.60744,9.0303129222,10,
1652,334.197506207,389.070555,50346336.0583,10.1469631879,1.0,[M+NH4]+
1653,334.197522976,364.866336,32198459.856,8.15250981532,10,
1654,334.197263639,60.138858,8889664.50535,8.49832261498,10,
1656,334.311472445,38.8273386,1422140.45717,5.51937097912,10,
1661,335.258366732,38.3850672,1549262.17598,3.70118909858,10,
1662,335.294792475,38.2626684,1418476.97918,4.88760587116,10,
1665,336.072079208,481.569156,6634498.71152,11.8823882474,10,
1668,336.140604239,902.01609,2589013.1998,5.92741803285,10,
1669,336.137971684,121.626402,18186601.0936,14.5092434889,10,
1670,336.155651946,180.20622,17334784.9758,14.9735340854,10,
1671,336.158923189,303.246114,2592360.09326,13.882136838,10,
1678,337.151204106,546.677241,220446.4852,10.2672431848,10,
1679,337.169317839,279.194949,4970980.57877,5.18386546372,10,
1681,337.296341627,111.478596,7952414.72961,2.39819254548,10,
1683,337.321511438,79.193364,42809457.7682,4.39734365596,10,
1684,337.329922157,38.3481714,2296774.83507,3.45311767585,10,
1568,320.876889304,465.806046,19212054.6403,6.66284842877,1.0,[M+H]+
1686,338.050381707,153.272535,69444838.3074,2.90180669531,10,
1687,338.08182414,878.89503,430142.090846,7.43057357703,10,
2482,482.167491338,479.638278,504209.628665,2.00007132874,1.0,[M+H]+
1690,338.137563244,33.3684012,175069.584753,12.2967523691,10,
1691,338.154385856,426.655176,841681.63664,7.83421854672,10,
1693,338.205643152,143.137476,4964835.22425,8.31621295502,10,
1694,338.232901771,147.123726,14937041.7844,6.29591305642,10,
1695,338.29152538,97.28637,4448198.73212,2.17059606485,10,
1696,338.30575133,46.0879362,254026.108726,12.0374574401,10,
1700,339.059322596,488.55294,5253697.0639,3.09468269727,1.0,[M+H]+
1702,339.166477552,136.45422,1383524.63449,10.6611112863,10,
1704,339.276067073,256.147953,23505837.2365,3.47233425102,10,
1706,339.345704017,38.1259005,17640488.1624,3.47814083566,10,
1707,339.337258017,77.985117,34902649.4576,6.10033094903,10,
1710,340.179156703,36.0516087,1656307.66866,5.26181881271,10,
1711,340.249199183,38.8945386,273433.851641,11.6337228303,10,
1714,340.348806843,38.0403399,1805975.26709,7.39357750859,10,
1715,341.243832451,590.406114,1461423.22046,4.4609981926,10,
1717,341.325111195,44.4455439,442094.457619,2.5045761995,10,
1719,342.249022027,42.7902798,1073188.86566,2.06986919382,10,
1720,342.372658983,55.1551338,2211805.62163,14.1939031264,10,
1721,343.139303494,41.2483395,6354714.40178,2.48825859558,10,
1722,344.041706332,152.06043,5020105.82864,3.63246243275,10,
1724,344.171270423,41.0230746,542448.737587,14.8265752283,10,
1725,344.207297643,41.0913408,375047.86121,13.0371732617,10,
1726,344.227881739,59.8325967,138817375.465,1.80827613886,10,
1727,344.254779228,535.605471,1315923.91043,7.01848445081,10,
1728,344.32695082,61.51701,421325.677892,14.3216389323,10,
1729,345.003120997,146.689686,2126835.52629,7.79057010101,10,
1731,345.025557612,468.504582,3066768.16098,7.65433221464,10,
1732,345.125570821,477.820236,302506.719519,5.79401360418,10,
1733,345.144892225,219.608703,46414209.4275,12.4056235501,10,
1734,345.140044499,535.427691,11798692.2339,1.01653402867,10,
1735,345.213554239,377.654259,90735869.8322,11.0321074132,10,
1736,345.231342593,59.8325967,21179716.2966,2.21160617052,10,
1737,346.055018002,532.669188,1456240.58279,9.39746187726,10,
1738,346.124850812,677.84649,4017251.0571,3.25892992168,10,
2030,393.162101526,976.99287,2251918.30336,4.54242804107,1.0,[M+H]+
1742,346.172689296,637.9242,1137081.72417,2.55411825331,10,
1743,346.205024745,39.4502196,2230787.72017,4.21103393827,10,
1744,346.197601646,586.614132,1981012.15977,5.45687410788,10,
2307,445.302057295,168.132552,11331160.3503,5.7524821248,1.0,[M+NH4]+
1746,346.234053336,182.187048,308700488.48,10.0380707884,10,
1747,346.31061054,55.1551338,821664.306711,14.0984286669,10,
1748,347.126627714,133.270974,3569618.07607,9.51132800626,10,
1749,347.149666275,41.0120982,1177308.00392,0.792197785455,10,
1750,347.192909679,548.460618,48104254.0553,0.686455749904,10,
1753,347.258624323,40.0766523,12713790.5382,4.76868455011,10,
1754,348.196751475,617.355,1130379.93068,4.40484046946,10,
2282,437.374426408,39.7635981,4405790.35638,7.02162517763,1.0,[M+NH4]+
1759,349.064016074,730.96614,92228.4272561,8.12186330411,10,
1760,349.080058228,635.51538,1443798.09052,2.80707580538,10,
1761,349.05984353,338.90715,339849.941896,12.2770466908,10,
2482,482.167491338,479.638278,504209.628665,2.00007132874,2.0,[M+K]+
1764,349.18325917,59.4845205,49528646.407,5.62550056854,10,
1766,349.238143961,39.7635981,2786810.03026,5.3413156308,10,
1767,349.27419358,40.7770905,45452725.9001,6.3369343261,10,
1770,350.130060138,510.984954,5165811.21166,10.6389092226,10,
1771,350.154712657,480.425478,117005.021633,0.431585617864,10,
1774,350.207865693,99.689274,5333838.88167,13.3190319062,10,
2379,458.348269181,38.8219104,3060261.88595,5.96278438923,1.0,[M+NH4]+
1778,351.001617011,517.15611,6900306342.71,2.66696760468,1.0,[M+H]+
1780,351.253689453,39.456087,3846959.10016,5.54214457533,10,
1782,351.312244334,96.998382,1372828.61269,2.74146795347,10,
1783,351.337467933,87.77199,13540752.0257,1.90227815759,10,
1785,352.06335706,721.1433,55441367.794,8.27379957004,10,
1787,352.153768746,419.351634,853500.237283,5.34369980784,10,
1789,352.257309755,39.4502196,701301.862484,6.49612989185,10,
1790,352.251921218,57.3307482,2564875.69538,12.6023130487,10,
1791,352.32146765,38.2626684,22665862.8992,4.05206904241,10,
1792,352.340690063,87.774804,3166994.08279,2.11336709481,10,
1795,353.054212922,41.3317689,833059.954707,9.00689359788,10,
1797,353.180218968,552.466974,791424.787789,11.0167468367,10,
2403,465.215799149,186.919176,37188773.4021,12.9374834113,1.0,[M+NH4]+
1799,353.254660577,53.3770194,46465813.8612,9.92623791333,2.0,[M+K]+
1800,353.291445119,324.155799,235553.138258,14.3523427976,10,
1802,354.028930531,475.775166,1011965.86578,14.7700874523,10,
1804,354.072009477,478.247322,15196294.5394,1.62074821541,10,
1805,354.1662438,363.10758,7654283.71769,6.65811878034,10,
2079,401.262392052,86.508192,4810750.31462,5.59514088637,1.0,[M+H]+
1808,354.356315282,86.185956,1892228.19248,6.51243199694,10,
1810,355.110802995,473.651007,7369992.11977,6.20110342479,10,
1811,355.172385501,168.741306,13066121.8662,13.3587023802,10,
1812,355.259374268,318.53469,2701490.51386,10.2430687432,10,
1815,356.156608082,152.448612,697316.86493,13.2137647079,10,
1816,356.258055584,33.5385648,246489.370584,12.0068422321,10,
1819,357.213838126,500.139156,11361005.1479,3.66952950885,10,
1820,357.286373618,506.636619,1228785.01181,2.69612479823,10,
2329,449.188370507,941.2134,627485.803988,6.52550895062,1.0,[M+H]+
1823,358.201405606,76.107438,40218672.0519,8.411176782,10,
1824,358.270118656,673.97622,133327738.055,6.47863644547,10,
1827,358.289528477,56.9564388,28845592.4504,9.33003359419,10,
1831,359.229184516,329.046183,79508306.8001,10.7705543116,10,
1833,360.165651765,41.2483395,5654045.20569,2.32068280019,10,
1835,360.188129486,630.22911,11831359.615,2.68798606179,10,
1839,361.148194526,931.43493,1537764.51588,2.05789004882,10,
1841,361.187530623,192.683886,15335772.7714,11.9004733077,10,
1842,361.208354362,448.750818,9535566.36076,10.5150154952,10,
1843,361.208522812,510.358836,5443492.20058,5.16827241196,10,
1844,361.27426903,37.2382302,430002.810259,3.93847063274,10,
1845,361.285188585,130.173984,34107147.8506,9.92723357876,1.0,[M+H]+
1847,361.365663378,53.9074554,1472311.39296,8.38639463992,10,
1849,362.086263637,485.050719,49756619.5745,1.30293423259,1.0,[M+NH4]+
1850,362.132495551,546.687984,154413.718925,12.8280028864,10,
1851,362.132678103,105.399612,1237725.16906,11.3526694077,10,
2339,450.234085952,38.7369171,26521645.458,2.8082262478,1.0,[M+H]+
1854,362.212262083,552.798024,475098.365137,4.69536227912,10,
1855,362.212636376,992.46078,280163.558713,4.68438271785,10,
1858,363.001888875,41.8723446,4471060.16522,6.41202418394,10,
1859,363.016057518,886.3659,1152150.31223,6.92501483927,10,
1860,363.012430445,474.543114,7617245.66272,12.2545918842,10,
1862,363.166680126,373.901832,3449982.13276,9.58854828531,10,
1864,363.289776915,36.8499783,2881611.65846,6.68592129425,10,
1866,363.300877171,102.071007,69187950.3867,14.3998145745,10,
2583,497.424792307,39.1364787,1268093.67941,3.74270721264,1.0,[M+NH4]+
1868,363.337435576,44.6961147,190223.018884,9.75203543687,10,
1871,364.189992417,168.429312,18340611.3114,7.75857034403,10,
1874,364.304429859,102.071007,16276066.3827,13.393146576,10,
1877,365.121310744,42.215496,3170187.83083,7.65249288967,10,
1879,365.132387771,46.6571856,3232268.55852,13.4231812238,10,
1880,365.157280921,59.7968979,26504340.4077,5.06403474247,10,
1881,365.239740933,589.782345,4982754.14074,7.18326759421,10,
1885,366.131178626,896.69862,799281.633106,7.74695504392,10,
1887,366.160476262,59.6468238,3810938.76648,4.99157921113,10,
1888,366.243420058,589.918833,608315.873511,9.7092902127,10,
1889,366.273379353,41.651694,830698.85238,10.2725191499,10,
3211,613.389540742,39.0463017,1160601.19854,11.4138298803,1.0,[M+NH4]+
1891,366.373582866,37.8717375,911599.078059,3.06550673335,10,
1892,367.066352306,766.48422,53259938.7385,5.65959231732,10,
1893,367.146499919,830.04612,351048.936301,10.8238820672,10,
1894,367.150531737,595.416981,1269743.74098,6.46618021749,10,
1895,367.161656962,499.575438,2022491.7084,1.64217126108,10,
3695,764.3580721,604.05933,515710.538189,6.56031060247,1.0,[M+NH4]+
1897,367.248716696,39.7635981,2474179.79464,6.46127162231,10,
1898,367.269813375,40.3063437,1371872.48625,5.66486123969,10,
1899,367.303730641,37.6264854,412333.188042,6.23645351704,10,
1900,367.307332859,138.065937,2228698.73434,7.71878806902,10,
1903,368.122212994,343.060098,298530.496932,4.1928923794,10,
1906,368.424911491,55.1486436,10366743.6961,7.01293109136,10,
1907,368.987356905,483.104355,10256636.9307,4.92892074194,10,
1908,369.126657841,457.556802,5086226.18756,7.10745442715,10,
1909,369.153585796,461.006016,4489348.34391,2.24776531156,10,
1910,369.224854748,674.97456,4810153.84084,9.39189236146,10,
1911,369.242375206,39.903114,434153.597737,7.04169735833,10,
1912,369.384046355,69.20454,15031441.7159,4.17902862175,10,
1913,369.428344469,54.8431311,2516471.98241,2.92279127941,10,
1915,369.990043471,40.3960806,448127.227089,11.5418964156,10,
1916,370.118720154,780.02568,990014.629821,13.3894211546,10,
1917,370.161490528,491.205582,880588.561877,2.41104879552,10,
1918,370.28036383,41.0175864,859653.636815,9.95152187712,2.0,[M+K]+
1919,370.387857041,69.198552,3656236.45722,6.73881633294,10,
1923,371.33562202,38.4211077,504456.808513,11.6481772581,10,
1924,371.363840391,83.284464,3149004.91487,4.28040066562,10,
1925,372.192238447,1253.24916,2198240.83599,4.79814273443,1.0,[M+NH4]+
1926,372.216437278,1152.76452,6502014.5687,12.1477619774,10,
1928,372.286013547,40.2457629,261296.438379,13.923539938,10,
1929,372.367061066,83.652468,523441.18698,12.4649106713,10,
2512,487.921101413,886.96428,361323.908726,14.4328481605,1.0,[M+NH4]+
1932,373.351220626,62.027202,1529025.1978,1.70233275338,10,
1933,373.963553745,455.548587,539937.126554,9.55797047872,10,
1934,374.033971228,879.41832,235860.254278,9.83870787939,10,
1936,375.138492966,1253.55492,623747.553762,8.77247716437,10,
1937,375.162682541,804.51579,515620.739282,4.84142956889,10,
1938,375.203200181,145.254216,21270756.061,14.6340718822,10,
1939,375.224082277,449.224185,16062582.6668,9.59824379013,10,
1940,375.300628995,55.1551338,1867486.62109,6.18435354855,10,
1941,375.301035911,116.869557,18279700.6462,3.00467619415,10,
1942,375.305344719,39.456087,5412675.11615,6.44565672648,10,
1943,375.33045864,70.249224,351472.469121,11.5406380138,10,
1944,376.162043831,545.203008,466753.619161,1.99522568485,10,
1945,376.202819863,38.013624,175369.807037,11.7820803292,10,
1946,376.212305685,137.274381,5801608.73439,4.38342016725,10,
1947,376.223145991,169.521801,33411595.0127,12.5381145303,1.0,[M+NH4]+
1949,376.308200986,39.1420926,2098224.44825,4.54517647758,10,
1951,377.028669493,780.07452,1442829.46915,12.0517367502,10,
1952,377.167425352,751.81182,147420.62856,14.9155736012,10,
1953,377.184894876,362.671731,3221089.64311,11.6988660938,10,
1955,377.262000912,1153.78572,29130402.7959,4.31008420693,10,
2668,510.265196792,41.3317689,1164521.27671,9.10317436623,2.0,[M+K]+
1957,378.081481053,627.1617,3616588.53184,3.35975989225,10,
1958,378.12760211,546.015924,279452.432938,9.24735110854,10,
1964,379.03813275,876.98712,5316424.52678,12.284562291,2.0,[M+Na]+
1966,379.144065515,753.26682,414466.271263,7.59896859401,10,
1968,379.182952687,633.687,753109.945488,5.30253030202,10,
2764,527.258343938,748.2129,962196.195388,6.45998171601,2.0,[M+K]+
1970,379.194314329,72.355254,996655.107045,8.58834238687,10,
1973,380.095805258,781.94268,703400.006246,3.2150781114,10,
1974,380.132123818,879.87279,968500.95086,12.9907661316,10,
1975,380.218638789,41.6462055,2567690.63167,7.30206742785,10,
1977,380.352448874,37.8717375,264724.688174,3.96047265217,10,
2431,472.216039488,744.08142,820177.454662,4.31371684035,1.0,[M+NH4]+
1979,381.213927494,698.72034,1130646.70697,6.65909120255,10,
1980,381.24279955,38.5789782,651824.597062,5.98062453484,10,
1982,381.340279894,38.194719,254038.769085,14.9735491734,10,
1984,382.078191432,477.449967,1561171.72917,13.9295543189,10,
1985,382.837967044,476.754696,2313270.91719,14.488869166,10,
1986,382.969226186,2019.74136,3953341.92525,6.00981319711,10,
1987,382.969301999,2089.73514,3772380.57611,14.1343914186,10,
1988,383.166139125,580.503777,25570602.318,11.2714164921,10,
1989,383.19062409,511.801218,3711024.27601,12.4655550832,10,
1991,384.29617628,40.3902174,3317650.31989,2.67266209929,10,
1993,385.256050218,780.77532,42396532.4283,10.4621950223,10,
2144,413.348563897,51.3511563,100543796.927,14.6080447999,1.0,[M+H]+
1995,385.379268573,111.488766,1845107.77652,4.45062877815,10,
1998,386.721802826,652.101,217240.719846,8.1720590905,10,
1999,387.176350533,278.819496,5837640.2879,14.0421392481,10,
2002,389.056563605,152.398227,5959027.0504,6.61978693499,10,
2003,389.167248638,1007.394,3690356.58948,2.35597969909,10,
2005,389.17853271,707.65776,501792.444582,2.35978198777,10,
2006,389.223158271,630.90672,219927.057092,14.0333444373,10,
2008,389.320645146,39.1364787,785111.382379,4.97860728958,10,
2009,389.316689205,105.146628,5533519.12683,3.68348515971,10,
2010,389.952342112,456.926652,11249038.9741,8.48227740175,10,
2011,390.137639138,105.15705,296092.669351,12.6859118378,10,
2016,391.053568908,152.381958,14003025.16,3.68574351744,10,
2018,391.186108095,1253.24916,885992.546178,2.5085112823,10,
2019,391.198142038,218.475636,11025077.8268,14.8075679752,10,
2020,391.300237142,40.3843542,1660214.78598,7.12235477152,10,
2021,391.331997204,92.391117,2083622.88861,4.48773041804,10,
2022,392.028546517,517.115964,20196497.3778,10.3268522498,10,
2023,392.079390357,279.365634,6789058.5741,10.2407183436,10,
2024,392.106047029,949.9269,3150720.71933,2.45788398276,10,
2025,392.153226484,1076.18631,1350599.61682,12.5538514174,10,
2026,392.204196964,568.04862,329593.398872,6.2767752538,10,
2028,393.136851457,439.879482,33284188.812,14.383251705,10,
2029,393.136896959,510.791346,22182073.2576,6.84307060177,10,
2517,488.287312923,98.57922,10033003.4917,13.7883049687,1.0,[M+H]+
2285,438.183876903,825.86766,194437.973765,3.68045677908,1.0,[M+H]+
2035,394.172555206,508.045731,2328902.30582,13.1326665795,10,
2036,394.182753214,695.30712,863293.813063,4.0205647345,10,
2039,394.234010649,41.0120982,280305.635008,9.26496751716,10,
2041,395.028711114,41.9606394,21366003.4945,8.19419969586,1.0,[M+NH4]+
2043,395.062120361,453.279549,748163.940897,3.40934954416,10,
2044,395.161294228,825.5088,199298.222489,2.36795561993,10,
2045,395.177918728,725.33112,1217393.32253,12.6198714897,10,
2046,395.186165452,695.60796,80890.0225022,14.4503575784,10,
2047,395.279847631,39.7635981,2678869.88316,6.94442709595,10,
2048,395.331817,39.4502196,3013704.60141,9.67008548207,10,
2049,395.323068434,416.834889,25018143.7263,2.24440214124,10,
2050,395.364611216,38.1897321,718086.959375,4.41387877915,10,
2052,396.093748751,459.333378,11878000.035,4.82922838598,10,
2053,396.213544185,211.407036,36265991.7372,14.261603331,10,
2054,396.283757982,39.6069066,455559.626221,13.3938456736,10,
2055,396.326666635,416.834889,4760988.02352,4.72197565501,10,
2056,396.36733352,37.8766002,142482.065865,12.3322636127,10,
2057,397.097495788,459.440016,1323471.07033,4.60276490518,10,
2060,397.347776084,39.1420926,667056.119267,6.71322876435,10,
2061,398.178876593,997.9749,1369697.6626,10.3456233737,10,
2064,399.161583113,868.96929,6861963.52876,4.1845167527,1.0,[M+NH4]+
2065,399.251356388,37.8717375,3145502.41466,4.0508719171,10,
2068,399.365166402,36.738762,84727.3271685,12.8574212381,10,
2069,399.394848916,79.554543,1728424.55846,9.35477587144,10,
2070,400.020346099,479.219124,3325376.21465,6.77841273761,1.0,[M+H]+
2073,400.25563174,961.70322,1524385.06055,9.00859012398,10,
2074,400.280844325,285.252294,15191908.3731,6.80943231379,10,
2078,401.240002263,338.191638,11638308.1348,8.13340985453,10,
2081,401.915991707,468.927927,5629534.85266,4.26826990762,10,
2083,402.23389693,359.9412,4511937.8242,11.5520822316,10,
2086,403.182786621,547.351671,856329.541014,2.62978188222,10,
2087,403.194271328,751.2516,2973376.20867,2.84792896865,10,
2088,403.20282089,651.72417,394425.593645,4.60566706749,10,
2517,488.287312923,98.57922,10033003.4917,13.7883049687,2.0,[M+K]+
2092,404.21454986,501.907782,1750681.31827,0.340523182368,10,
2093,404.222558573,482.052846,325396.343687,11.0605784643,10,
2977,567.132944648,1047.11805,643970.645836,11.2667588217,2.0,[M+K]+
2097,405.173904941,739.06086,55910.4716719,8.30539685356,10,
2101,405.352373456,36.907629,369144.307966,11.9647031572,10,
3330,638.037461716,510.591672,267483.370445,11.8230598688,2.0,[M+K]+
2103,406.172622156,474.063417,9295927.61495,2.56034779867,1.0,[M+H]+
2107,406.827176413,459.854598,2863781.98016,7.17431164119,10,
2109,407.109346632,461.31888,4443260.18057,4.18939031904,10,
2110,407.17799638,932.32875,572357.34412,5.58254941747,10,
2112,407.214141693,560.478906,7036946.1098,3.78035992609,10,
2791,531.460698038,36.98799,810806.335122,3.23400502407,1.0,[M+H]+
2115,407.425283201,40.3902174,319445.270243,10.5302322213,10,
2116,408.035185168,491.747088,38143.1088747,8.39410158129,10,
2117,408.223876493,37.9451121,1652741.3577,1.26373121438,10,
2118,408.383988739,37.8668748,139333.848852,8.52765662516,10,
2119,409.044225203,41.9606394,17558472.228,8.68900030689,10,
2120,409.149808312,38.3481714,1414958.64814,2.87951898459,10,
2122,409.193922655,688.98588,1200789.95546,8.06623712445,10,
2124,409.338636126,410.473638,11270541.1166,13.9727295976,10,
2126,410.137721032,68.231088,1191212.08981,13.4935229092,10,
2127,410.153312536,37.8717375,153224.31396,12.9764601975,10,
2128,410.17742107,754.17222,1330827.22218,7.25995157273,10,
2129,410.177182794,804.22362,220605.36807,1.70058089436,10,
2133,411.035805495,454.437717,1733644.59179,10.8919535267,10,
2134,411.181179963,61.08921,1638794.00175,7.15193968721,10,
2137,412.03902774,454.076172,244745.313867,7.12333203545,10,
2138,412.113952183,924.8853,366814.339747,2.73481444704,10,
2141,413.142010629,559.010481,2166648.58241,1.30344913876,10,
2143,413.305151597,40.614666,998825.388212,10.4978040794,10,
2145,413.393621933,53.6017608,1438718.2165,5.30167705469,10,
2146,414.322322285,38.7020556,1630149.49976,4.06498337184,10,
2147,414.89764145,472.747119,62199221.5754,11.233571353,10,
3189,610.851569018,459.019191,37735325.8282,10.8625679806,2.0,[M+K]+
2149,414.953395841,2020.17048,7205571.62399,11.4467985207,10,
2250,432.280453338,63.236007,202534875.077,2.22321143784,1.0,[M+NH4]+
2442,475.263042876,301.367052,2366974.79877,5.22081300696,1.0,[M+H]+
2686,512.874957654,471.908595,46491927.4071,9.27402506606,1.0,[M+NH4]+
2156,415.900967408,457.968858,4663494.53767,13.9228749245,10,
2157,416.154532511,509.001729,653525.070674,10.4529415777,10,
2161,416.267880266,37.057626,851517.646169,10.992121147,10,
2163,416.895578222,472.476612,17800739.8937,12.2447117336,10,
2165,417.191517908,38.194719,348715.86238,1.50784267845,10,
2166,417.2096919,665.55408,16970529.3743,3.23719908375,10,
2168,417.209807236,794.48298,1415669.71979,4.02300840225,10,
2170,417.271384923,209.04348,24648940.8095,8.51981890044,10,
2172,417.336536236,38.9617386,908676.654462,7.85618719811,10,
2173,417.445756788,40.7092032,234065.438436,0.856115645473,10,
2174,418.176593475,545.546199,612373.198116,4.58073646566,10,
2175,418.213240936,794.43873,187178.746149,8.3642859788,10,
2176,418.219692502,679.72347,749762.574793,10.6870673448,10,
2180,419.234349296,552.389532,372992.738504,9.70593120256,10,
2181,419.228863244,168.101568,642028.519373,7.31656963871,10,
2187,421.213116172,666.2739,904884.075277,2.5311439242,10,
2188,421.295396974,38.8219104,968361.002116,4.60405691217,10,
2189,422.351406573,37.1747775,304279.379905,5.80387826638,10,
2190,423.021254785,509.510343,397030.995167,12.9604831067,10,
2693,514.240936366,39.4502196,4404734.15553,3.9112750577,1.0,[M+NH4]+
2192,423.173005747,895.6956,135615.230938,14.2721660611,10,
2193,423.192320551,822.95211,358518.096266,2.92716000619,10,
2194,423.209211053,636.89064,261093.946861,6.28007003489,10,
2195,423.275289557,90.335517,4709088.19628,6.38429329066,10,
2790,531.408626088,36.2735724,5252798.68852,3.1312651632,1.0,[M+NH4]+
2198,424.163709534,481.890966,1508477.26636,6.22694718505,10,
2199,424.225343162,774.48384,582013.32863,3.78662167612,10,
2201,425.075596932,41.651694,685258.873008,5.12655690322,10,
2202,425.164615612,547.239852,311100.226224,12.7477882801,10,
2203,425.333488288,411.786918,21882933.8004,12.2437248539,10,
2205,425.379684158,36.5096844,356314.122542,9.50189163464,10,
2619,503.230914857,38.8219104,857406.612919,6.95880033383,1.0,[M+NH4]+
2208,427.007507049,457.131132,634849.504583,11.3337529153,10,
2209,427.054955612,41.9606394,127866195.421,9.04937004684,10,
2210,427.14344034,535.242762,4676554.33566,2.15429627615,10,
2211,427.157836035,476.430324,289487.378927,10.7520332364,10,
2213,427.183047638,552.466974,162699.348116,14.899796122,10,
2214,427.291667954,169.615944,27339312.0692,10.4646805681,10,
2215,427.321451799,39.9929103,1522421.88109,10.6891030108,10,
2216,427.357899821,37.8717375,1266124.82922,7.95755317519,10,
2218,428.100072501,143.277426,184959.857698,14.9510566413,10,
2219,428.158183502,105.592842,709464.532946,12.5460317677,10,
2220,428.177031248,900.76869,3624156.44313,3.65794855886,1.0,[M+NH4]+
2221,428.192797394,37.8717375,794535.871881,6.97255545137,10,
2222,428.251085956,498.214449,13375467.1227,1.71763515326,10,
2223,428.295769594,169.558023,6240661.29107,13.0006663031,10,
2226,429.118787522,37.5478782,106746.989292,10.6342974656,10,
2229,429.209703831,798.19674,1212094.19831,5.97554069078,10,
2232,429.307608263,47.6625417,1983731.14564,9.53622923276,10,
2235,431.166630488,623.18802,76534.6567256,14.4342480068,10,
2236,431.189134585,788.69346,3717293.82458,3.81369903269,10,
2873,547.309039224,446.532516,3675724.66783,10.6998716965,1.0,[M+NH4]+
2238,431.225197374,537.550125,723666.154363,4.3329781072,10,
2240,431.287058745,188.895885,40125148.0924,8.09485165018,10,
2679,511.39677281,64.82976,193841446.691,1.70330225057,2.0,[M+K]+
2783,530.390123415,40.6436322,423297.856901,12.3797005482,2.0,[M+K]+
2245,431.936666255,2044.38906,2785414.88605,14.8290006832,10,
2253,433.004831128,517.058622,7803366786.55,3.0951319156,2.0,[M+K]+
2255,433.183701309,602.86509,757588.898664,5.89034198511,10,
2256,433.193319946,963.3492,586421.810368,6.40315248154,10,
2258,433.244745172,168.741306,21043785.5925,9.88428468664,10,
2259,433.26633268,302.86644,3596878.36023,13.1119810441,10,
3072,586.320266749,641.40186,1853835.86767,7.80128485098,1.0,[M+NH4]+
2266,434.225270684,546.262476,11791157.9964,2.99413840976,1.0,[M+NH4]+
2271,435.220600745,491.268366,1193652.05292,2.49016716845,10,
2272,435.209570782,702.98106,95786.7563863,8.02025503329,10,
2273,435.290006483,39.1420926,866226.692762,4.235133789,10,
2356,453.343719764,65.082069,4406861574.27,9.67456176254,1.0,[M+H]+
2275,435.35463486,411.477642,1480390.22996,8.20587150973,10,
2766,527.435696882,39.4502196,2520672.3929,1.87904759761,2.0,[M+K]+
2277,435.870818758,466.116807,7115210.07808,6.70182746562,10,
2279,436.219003866,365.137275,2798561.02776,12.1466732272,10,
2281,437.314252117,449.382123,2008529.36538,9.05623915692,10,
2283,437.985686285,51.50709,2191183.27172,5.31919153332,10,
2284,438.183755444,785.67561,523550.645849,6.37084519693,10,
2287,438.23419507,39.1364787,4610021.21375,2.44572689876,10,
2289,439.168627794,681.11568,1402291.59253,0.268378620573,10,
2292,439.358157308,37.5526755,972899.484056,4.71647284627,10,
2293,440.003350459,2086.25172,4064820.27838,11.6779313967,10,
3008,572.304289954,35.3133804,1444271.9495,6.06158145381,1.0,[M+H]+
2295,440.38848941,36.4202556,334573.973114,11.4164625464,10,
3385,652.138011316,41.4293166,3838006.4484,10.9038475809,1.0,[M+NH4]+
2297,441.172115546,795.28419,5014157.93178,2.68048769689,10,
2298,441.199936928,489.77955,465961.753397,5.8519654187,10,
2899,552.060317297,152.383107,11958322.2316,8.7142440394,2.0,[M+K]+
2305,444.245903747,506.489712,1896105.01874,8.63953601323,10,
2310,445.968815607,479.687052,187255.354117,7.34937918003,10,
2312,446.145076375,37.6532718,323084.06569,12.3961433141,10,
2313,446.175074221,673.34565,1557327.96188,6.04158530635,10,
2314,446.236735583,780.88932,455846.197267,12.1066453944,10,
2316,446.261205383,405.579141,38677708.2039,12.5189398153,10,
2321,447.965936031,479.96064,154038.992718,6.39829142674,10,
2323,448.161193861,37.6262415,150489.28731,12.1114947594,10,
2324,448.182975343,407.628351,1182828.95299,10.8360746487,10,
2325,448.240937772,491.879766,7053321.05729,3.07581049239,10,
2326,449.182127635,622.51659,1425669.81288,4.07336418265,10,
2327,449.18186083,670.73568,1254532.90438,5.46435750246,10,
2328,449.182101921,727.80213,289759.831496,6.33052332733,10,
2656,508.275796912,300.624825,2945903.66939,5.25919085029,1.0,[M+NH4]+
2332,449.382799195,37.5574728,594286.322083,8.37262675036,10,
2333,449.436122118,40.4632821,666145.881481,9.94401591427,10,
2594,499.056383082,165.572208,14137542.7132,10.645772708,1.0,[M+NH4]+
2336,450.173380649,300.445872,129790.443165,14.4255109359,10,
2337,450.185483448,622.51302,228526.979001,9.71173837699,10,
2338,450.202434078,876.525,659838.259323,7.15685479886,10,
2340,450.343950673,58.7038962,3253823.17064,8.70098750997,10,
2341,451.193978359,564.907068,1219748.5558,2.67190061567,10,
2342,451.204432118,699.80451,198764.187066,7.07768502432,10,
2344,451.284962938,39.4502196,736586.046987,9.62730045163,10,
2345,451.347328809,58.9894857,546919.973539,14.5157409766,10,
2887,550.026325871,477.550587,1878363.19408,5.25819132511,2.0,[M+K]+
2348,452.214445441,451.746666,2579231.77965,10.4788509144,10,
2349,452.240150233,38.7020556,888872.70529,5.88791562794,10,
2350,452.251062822,707.26839,1023800.77217,7.83098136129,10,
2351,452.248382523,104.82021,760291.668825,9.75418686292,10,
2352,452.344590859,419.61153,493394.206506,11.512057728,10,
2353,453.052921842,477.820236,503682.037013,14.362501502,10,
2359,454.15070197,833.69793,28230958.4674,7.48451155747,10,
3290,631.041199867,41.5866258,5352420.74484,7.95273016497,1.0,[M+H]+
2365,455.059358253,484.399788,1010664.57663,11.397696319,10,
2366,455.226443049,951.40926,3486242.50737,5.60266542578,10,
2367,455.324052516,41.0175864,1472498.38486,5.96639049627,10,
2369,455.377810907,39.2375727,364507.516407,10.9385642836,10,
2370,456.190479139,817.67478,137855.086786,13.6739259624,10,
2373,456.244616784,997.29669,1930595.33766,12.4258849409,10,
2378,458.225140295,481.727598,459853.273364,7.03053396487,10,
2381,459.265580172,543.544185,1197616.68298,3.68751910104,10,
2382,459.26369217,166.198515,6193536.26248,4.86857945396,10,
2383,459.268265206,925.93212,1595762.19974,5.22029696379,10,
2452,476.307369475,65.082069,163894403.184,2.08959091008,1.0,[M+NH4]+
2385,459.365864879,37.0844754,411507.572346,6.62545136401,10,
3218,614.484197333,40.0766523,9103956.65902,1.9686999472,2.0,[M+K]+
2388,460.252358403,919.128,2039901.72627,10.3721906048,10,
2389,460.321848535,123.121698,11194074.747,9.94611116065,10,
2390,461.276303372,125.178138,30707639.1193,12.9508510142,10,
2391,462.091956945,40.5467787,58158236.081,9.2081026957,10,
2392,462.194890222,889.13727,10770048.0547,2.42355707929,1.0,[M+NH4]+
2394,462.239672272,1145.05989,390780.696787,12.1692599136,10,
2399,464.141853405,803.38191,188157.569026,4.70882046432,10,
2400,464.21459504,406.697814,1982229.22476,11.9896013445,10,
3023,575.523793786,36.9129915,525933.338704,5.46978413127,1.0,[M+H]+
2405,465.450366739,37.7855484,300042.488256,14.2406351909,10,
3301,632.300359311,782.05668,3584540.85904,3.24934701029,2.0,[M+Na]+
2407,466.411098957,38.7369171,2455113.43166,5.77266975524,10,
2408,467.047667005,45.1456746,8735846.74571,6.98117646418,10,
2409,467.174215944,534.927024,1070042.88053,6.61802647851,10,
2410,467.246372551,37.2332421,213715.239438,10.7935594402,10,
2411,467.250866761,232.461414,11464483.9298,13.0946634509,10,
2414,468.227810565,577.979328,7343281.30279,4.14710416372,10,
2415,468.442030082,37.5526755,230457.829591,9.61268099761,10,
2418,469.393612354,39.2089761,1394852.63834,5.40099714042,10,
2419,469.942356309,455.437248,1967181.33056,13.6018614611,10,
2421,470.297894123,367.109382,42779159.4032,6.99544243029,10,
2423,470.806714655,470.966397,4109826.31444,10.9577021311,10,
2425,471.256849716,850.82448,277460.765965,4.88525005659,10,
2427,471.35468202,684.34923,58570539.1602,7.60359432436,10,
2429,471.992219132,881.00418,82805.6299487,8.06358777507,10,
2434,473.144820377,38.1041715,450806.7067,8.06928568732,10,
2435,473.176824496,490.696824,848893.32233,6.7597895132,10,
2437,473.27337906,616.23396,321226.880028,1.34659519326,10,
2438,473.318552993,36.4467918,399565.779645,8.02614592296,10,
2440,473.415166677,36.738762,274979.504016,6.90314171586,10,
2443,475.27118584,849.14172,480533.015339,5.76410298316,2.0,[M+Na]+
2444,475.297946959,34.6697574,2366482.32498,5.68849496108,1.0,[M+H]+
2448,476.046928364,518.614431,16257314.3958,4.27315997087,2.0,[M+Na]+
2450,476.266906634,301.367052,406976.283689,5.15395650683,10,
2451,476.282917703,41.651694,1465906.229,11.159120668,10,
2454,477.055784207,473.904288,167707.829172,12.3382609031,10,
2455,477.217996887,37.1747775,365758.397537,9.82832331034,10,
2456,477.310208028,65.082069,36452592.024,2.87379149441,10,
2460,478.171398313,38.5790466,462362.993846,8.0377377162,10,
3040,579.554739873,37.2332421,520916.172834,5.93106525012,1.0,[M+NH4]+
2465,479.188013195,563.84913,655464.833671,6.54566737518,10,
2466,479.187690973,487.400592,83910.087803,13.7436799608,10,
2467,479.210511117,743.90361,1443215.66016,5.78389377519,10,
2468,479.374011336,36.907629,504213.863822,4.19879408145,10,
2469,479.429324477,36.828558,416456.529333,11.8207211943,10,
2471,480.005823352,886.6563,99465.4724308,11.8818020435,10,
3400,656.152883816,43.374348,3006655.39395,14.0526927573,1.0,[M+H]+
2473,480.169306002,550.180332,64326.4610515,13.5890469382,10,
2475,480.243266231,543.328128,2459027.21651,6.15741501367,10,
2476,480.335483266,42.7343508,3354311.22344,13.7961554087,10,
2477,480.375983195,413.791227,2461940.86945,4.77865409371,10,
2479,481.204529108,582.567972,580173.336203,8.20047174655,10,
2484,482.260349334,39.1364787,4442469.22672,1.24620028935,10,
3271,626.536709074,39.1364787,1719446.24847,3.38078411719,1.0,[M+H]+
2487,482.750419994,714.64554,4141404.99058,2.35169828992,10,
2490,483.147930391,535.242762,473411.275375,1.99012457472,10,
2492,483.263098785,39.3659733,558012.173509,9.34896561497,10,
2493,483.277711097,36.5096844,10443154.9485,7.09082970293,10,
2494,483.409344481,39.1420926,1923829.42676,3.5005942242,10,
2495,483.460635039,37.9451121,739822.259815,11.4362617244,10,
2497,484.204447584,658.13028,233033.185757,9.93926750387,10,
2500,484.385041349,39.8362875,2684530.52262,4.77972628135,10,
2501,485.055757766,891.9639,99091.9804763,13.7843197906,10,
2502,485.283838289,852.13596,673298.982998,7.20216845948,10,
2503,485.311092063,41.9606394,320215.239095,14.0943256383,10,
3344,642.275655141,37.8766002,555132.361559,4.98372865407,2.0,[M+K]+
2507,486.364094012,40.3902174,780135.904873,2.86533617532,10,
2508,486.431317857,37.8717375,946191.513319,6.82707418693,10,
2509,487.021741046,42.9820155,19432651.3465,6.51220832215,10,
2513,487.929510408,457.968858,6404742.24052,8.432344134,10,
2515,488.214321192,40.3902174,574769.137381,4.21137868562,10,
2516,488.28320652,41.0175864,2628527.60198,13.6210928565,10,
2518,488.287128941,116.247366,1910855.57753,10.0163447307,10,
2519,488.308588998,792.35262,970162.906653,7.652403404,10,
2520,488.358992172,39.2089761,999681.87749,7.92841349303,10,
2523,489.246138784,343.290522,15188930.6989,11.305440958,10,
2524,489.277954313,950.24112,997076.976246,8.34287382154,10,
2526,489.307683866,85.874625,12362195.7077,14.7533603761,1.0,[M+H]+
2527,489.313337263,35.8964109,153975.625759,8.54266544074,10,
2529,490.051117493,510.358836,708448.459936,3.01736594954,10,
3589,722.109778602,40.3902174,1355821.26038,2.94209751493,2.0,[M+K]+
3344,642.275655141,37.8766002,555132.361559,4.98372865407,1.0,[M+NH4]+
2532,490.219149933,102.388446,7805595.69382,13.9672473281,10,
2534,490.266632572,199.874934,80503500.8897,13.0842120305,10,
2535,490.265058478,739.40754,1544286.05477,7.24244741342,10,
2536,490.293489843,211.804962,12676878.9676,14.6571982015,10,
2540,490.766457039,739.10178,777545.629776,6.03612236673,10,
2542,491.24672412,622.85412,8346127.61219,2.76035215858,10,
2544,491.286489969,172.366692,42354041.773,14.8321212786,10,
2545,491.292796562,34.021761,2854138.11937,4.05643393467,1.0,[M+H]+
2548,492.213135786,560.912406,397709.705259,7.11286553919,10,
2552,492.352677128,539.281302,4022563.91357,3.21901610584,10,
2556,493.262150085,36.5096844,3104791.98928,10.1275013783,10,
2559,493.336580286,685.28964,1651607.53549,12.884331701,10,
3091,592.048582821,459.80406,2719155.55047,5.65925746658,1.0,[M+H]+
2563,494.118357214,41.3317689,7267493.09317,6.57521289699,10,
2566,495.062376982,164.695569,3773141.53686,10.6791048975,10,
3175,608.282416441,34.996494,416831.175316,3.73844560299,2.0,[M+Na]+
2569,495.460873318,36.738762,269115.614525,13.2706023988,10,
3010,572.438161928,40.6980948,2799812.37987,11.0969893071,1.0,[M+NH4]+
3067,585.397897101,193.97898,1745328.14879,13.2512569166,1.0,[M+NH4]+
2575,496.473117178,37.9451121,3901466.40914,2.64588829759,10,
2576,497.007399419,2090.9304,3791962.42112,11.9888798213,10,
2577,497.007380154,2033.14326,6179691.77902,7.32069165186,10,
2578,497.059445152,165.168561,10466437.5499,8.22326188178,10,
2579,497.059569965,152.560476,10714768.7692,9.40476501482,1.0,[M+NH4]+
2585,497.741517456,660.02811,2298435.18094,6.0523377891,10,
2586,497.996999939,479.014917,773342.431406,8.03407279602,10,
2589,498.254377912,107.054292,1853028.8377,10.7898134064,10,
2590,498.289593966,36.98799,693728.103511,12.7700270358,10,
3354,644.3778501,506.859498,474266.613785,9.57224299497,1.0,[M+H]+
2595,499.056688393,152.722977,13554232.0569,10.3687390457,10,
2597,499.994609902,479.219124,397595.361285,9.57768504588,10,
2598,500.254082355,589.467033,11293224.3302,5.33070216659,10,
2599,500.265638467,40.1496567,981829.318584,10.0188613824,10,
2601,500.379977646,40.0766523,2217625.76443,6.86726469144,10,
2602,500.447105733,37.3928634,464438.755628,5.78411242863,10,
2604,501.053367851,164.696007,10602892.6984,6.44239946525,10,
2605,501.231050904,588.836604,2634427.43577,6.48450001195,10,
2607,501.265307608,40.703649,1017009.75965,4.76558534098,10,
2608,501.307124407,36.5878842,5537780.26892,6.25315145918,10,
2610,502.226201057,794.10123,19320677.2781,3.89811743239,10,
2611,502.228103605,38.8273386,4002706.02298,6.40150816608,10,
2612,502.26285029,1036.95531,4288855.76863,9.1339795482,10,
2613,502.348592551,43.1622429,5099215.28126,6.33220470396,10,
2616,503.050504819,165.279255,4950374.22049,11.0799615696,10,
2899,552.060317297,152.383107,11958322.2316,8.7142440394,1.0,[M+NH4]+
2621,503.329213295,34.9921311,532727.183642,5.18684917594,10,
2624,504.209598212,41.4058353,8375092.00111,6.54900736814,10,
2625,504.220774995,603.22494,132590.268309,3.24415346369,10,
2627,504.241533348,716.54739,6662399.18948,2.84825229779,10,
2628,504.282873638,301.267005,19552743.829,13.9114994849,10,
2630,504.332632634,34.3418988,105579.516454,8.30770774922,10,
2637,505.244264983,558.639546,726749.096397,4.44755808488,10,
2638,505.262454635,705.61935,2815105.89849,5.7857881107,10,
2650,507.277898978,35.8083588,4862784.3874,8.52246553999,10,
2641,505.389958298,41.9663166,1377950.29571,7.70103806964,10,
2642,505.445194601,37.4029158,1085442.76075,3.21624989163,10,
2643,506.186385716,758.39556,474508.534156,7.42795819918,10,
2647,507.220829523,503.627139,3540249.59955,2.0274467548,10,
2648,507.241736923,663.13284,365593.111941,3.94741423858,10,
2649,507.245640692,238.015656,7909752.29646,13.0959581304,10,
2651,507.421688101,36.918354,387722.30775,10.3790269239,10,
2652,507.46095901,37.2332421,706564.2068,4.61566305598,10,
2654,508.224342461,503.674413,821606.885128,3.79501915064,10,
2660,509.012790908,454.503315,148227.152524,13.3788336428,10,
2661,509.135162928,49.2282891,4324874.6083,13.6073908765,10,
2662,509.221044544,785.4399,521753.789518,12.8203530017,10,
2664,509.293427965,35.8701243,1484913.43579,9.45611445852,10,
2665,509.322907654,33.7921845,138092.089372,14.3217101708,10,
2667,510.267899559,681.90402,4527841.19042,12.4930226303,10,
2670,510.341656834,40.7092032,632499.87648,13.2645669089,10,
2671,510.438026296,39.0519156,3498099.1836,4.2594330601,10,
2672,510.48904225,37.9451121,40786453.0168,4.8489458163,10,
2678,511.309322277,35.7101259,2729039.06202,3.91426629192,10,
2682,512.236082876,506.390721,2153315.27711,7.76313743725,10,
2683,512.304171422,36.2735724,43044271.1693,6.45364720895,10,
2688,513.239474632,506.166594,475940.889348,13.8992957961,10,
2690,513.508913043,36.907629,216522.840602,10.9294126246,10,
2691,514.019043466,531.045228,341452.180924,11.560942795,10,
3381,651.180917936,512.113338,1596071.28321,11.8152690604,2.0,[M+K]+
2694,514.322933712,81.451452,674872.054653,9.46923809841,10,
2695,514.46296942,37.8717375,5208461.10188,3.24373724902,10,
2696,514.833012359,465.075162,30879821.9588,6.59288690901,10,
2703,517.273828101,888.96489,3426194.85238,5.16348075791,10,
2704,517.281459039,574.816302,687413.73069,12.7885585156,10,
2705,517.318278987,700.10244,179007.619537,10.9516615041,10,
2707,517.482347199,37.5574728,680737.007047,4.94021039792,10,
2709,518.221550035,810.86244,1868002.30403,12.4130058785,10,
2710,518.225818775,41.0175864,951313.282527,11.9051746481,10,
2711,518.258043453,604.5291,89024.7718783,6.49193375793,10,
2802,533.293869155,493.903941,1583410.08094,4.14957032416,1.0,[M+H]+
2715,519.159711833,739.83321,877966.001713,8.31042913807,10,
2716,519.21690067,871.50576,806031.610687,2.37019442739,10,
2717,519.236435033,36.3494331,234871.201666,14.4926671369,10,
2720,520.202126629,756.94833,2357833.03908,13.7893813912,10,
2722,520.272580439,36.6689376,2208637.42172,4.21495539881,10,
2723,520.281488206,601.1826,212156.157002,7.31208922739,10,
2724,520.277737053,854.84676,516308.362116,2.82380923055,10,
2725,520.332902283,67.267368,147431805.656,3.26009505948,1.0,[M+NH4]+
2726,520.39577893,38.917335,1271532.08198,9.25698676221,10,
2729,521.29342086,35.6336271,2170289.50887,6.10982580035,10,
2731,521.359346669,34.1774058,162067.722692,6.2112479242,10,
2732,521.44350833,58.206684,8866454.83334,9.6893826443,10,
2734,522.150074756,41.4058353,1987526.9967,7.66900739769,10,
2893,550.628764483,51.9386328,6964919.55892,1.74562290384,1.0,[M+H]+
2740,523.262528545,956.50368,4875386.22913,10.8689193567,10,
3168,607.391824297,36.0300648,1345372.19163,6.21928309823,1.0,[M+H]+
3291,631.279907585,946.87908,453576.65924,13.6792795717,1.0,[M+NH4]+
2748,524.452191745,38.6464956,490564.321454,0.634664804831,10,
2749,524.504740658,37.8717375,19269120.8862,5.08496013927,10,
2750,524.984415964,457.240152,178965.71938,10.784203925,10,
2751,525.037079038,40.3902174,28240340.2428,1.80378621281,10,
2752,525.229184893,740.68134,73446.6855556,14.9789002494,10,
2757,526.178216359,814.97298,559011.495461,12.3979411819,10,
2759,526.319724908,35.9535624,4427250.77105,5.07749194418,10,
2760,526.484057555,38.3306178,331565.867284,3.11815366086,10,
2762,527.224590333,179.40711,564738.899037,14.9015519995,10,
2763,527.243588066,34.6744968,100602.898911,3.83448530298,10,
2765,527.356052054,690.99234,4138536.4272,13.4571378299,10,
2767,528.27854673,817.65594,2253680.53731,5.27274816983,10,
2768,528.335615128,35.9535624,8294274.33535,5.76911654752,10,
2769,528.411362708,40.3902174,2984964.58304,6.14508296371,2.0,[M+Na]+
2770,528.437230081,39.1420926,315313.646729,3.19231365931,10,
2771,528.478770616,37.6264854,1039332.87574,10.8835478465,10,
2772,528.848542418,465.430584,1650022649.12,5.7385477253,10,
2773,529.237172869,868.2945,276263.684893,9.70979438262,10,
2777,529.444846669,37.0148394,642735.807998,10.0717779857,10,
2779,530.07156634,380.081658,310516.244044,9.4527929103,10,
2780,530.17607235,282.175746,3158716.54417,3.53598507402,10,
2781,530.184970608,447.325317,2954986.75471,11.1838220529,10,
2782,530.198025822,683.20407,2855438.46047,14.5605757743,10,
2786,531.188511982,446.886054,581031.706071,11.0634890558,10,
2787,531.253148321,896.89623,869856.515912,2.60983260665,10,
2789,531.290565086,813.68682,971498.405613,11.6361013463,10,
2793,532.237071749,881.33568,265041.564089,7.79528181937,10,
2794,532.280265576,35.390133,373547.570429,9.69455988752,10,
2795,532.385492706,39.679536,1470516.272,8.47636110148,10,
2800,533.279417655,36.9129915,2883690.50362,1.7763272849,10,
2801,533.293315857,577.022118,3100003.4186,3.83858689203,10,
2804,533.847882355,465.493923,13795180.8695,4.96655621419,10,
2805,534.052498685,478.852044,598313.062349,5.33540447299,10,
2806,534.231586784,573.546186,298438.139692,2.43908155038,10,
2807,534.252257594,836.84289,2362114.76922,3.33479726265,10,
3297,631.825237072,465.85566,19753345.3892,5.63694033779,1.0,[M+NH4]+
2814,536.18319031,1053.77382,949292.5641,7.86791307334,10,
2815,536.219672324,739.78755,1200420.20043,6.04601610403,10,
2816,536.21952975,921.03294,4699391.14311,12.4833837729,10,
2817,536.218874325,949.95378,7544784.15745,4.89855534436,10,
2818,536.261811056,36.4467918,561323.901165,5.95557295002,10,
2827,538.31995495,35.6336271,10157216.3829,5.54647949425,10,
2824,538.226461039,707.64558,617853.412738,8.17810837018,10,
2825,538.236160763,816.31482,242146.63671,9.85807108255,10,
3482,686.30219393,38.1897321,426931.611283,13.9798820667,2.0,[M+K]+
2828,538.520294534,37.8717375,40110538.1137,4.80326037106,10,
2829,538.969435586,531.23817,36730036.6969,13.6116753153,10,
2832,539.247072475,551.489952,382188.204975,3.33618125825,10,
2835,540.069496612,43.1403252,38062517.0965,9.42976009045,1.0,[M+NH4]+
2837,540.447674761,39.456087,5831122.58207,2.02975640293,10,
2838,541.174443646,945.71316,8374608.85631,5.62237642718,10,
2840,541.29873248,559.057302,1886166.18854,4.9844610753,10,
2843,542.184494079,757.1406,468673.884703,13.5964032814,10,
2845,542.319266259,687.95802,1451294.90867,2.20829020656,10,
2846,542.427245679,40.0766523,2631506.80631,6.14934808074,10,
2847,542.494233978,37.6264854,1166878.45723,6.64782796196,10,
2848,543.048156113,40.4867619,469208.858824,11.3247411456,10,
2849,543.254223265,35.628888,201918.60143,10.7103364142,10,
2850,543.314085133,425.374014,12553823.8961,6.35165630706,10,
2852,543.460504848,37.0094769,623330.139304,7.51919124831,10,
2854,544.237118417,484.074729,491658.796331,13.9468745788,10,
3102,593.328966756,739.40754,460879.689376,7.27969580981,1.0,[M+NH4]+
2858,544.405540494,40.3063437,670381.734138,7.4409037268,10,
2861,545.270320004,35.3286756,273988.803474,7.52820868628,10,
2862,545.337954176,299.703012,1912571.85501,14.391226749,10,
2866,546.400897079,39.4502196,8059956.38124,4.57539431711,10,
2869,547.24675132,539.15028,525055.572134,7.67088536103,10,
2870,547.268233547,36.907629,1405009.95927,12.491915445,10,
2871,547.272885987,602.69115,206424.35474,7.73542926833,10,
2874,547.310022165,34.8205248,250868.326954,4.78272027965,10,
2877,548.268074186,596.420187,540772.338714,8.41064469507,10,
2881,548.427393649,37.5526755,406341.712555,5.69823502786,10,
2883,548.929537593,37.5478782,208429.37026,9.0871929916,10,
2885,549.508494165,37.4889135,983413.242891,10.2567914196,10,
2888,550.062968305,152.627595,5345846.11396,13.2658869443,10,
2890,550.320044278,35.3133804,4552057.98628,5.90028332171,10,
2891,550.416556501,38.9617386,1852939.29436,9.11568286694,10,
2892,550.520510184,37.6264854,2070112.08783,5.93412440666,2.0,[M+K]+
2894,551.187784025,952.04544,3986749.45514,11.0414997828,10,
2896,551.425626014,37.6264854,9026303.5626,2.92168249935,10,
2898,552.024282639,477.70416,440441.660632,9.40506558096,10,
2900,552.288907415,1032.41424,71538.0342427,8.40118627234,10,
2903,552.536026059,37.8717375,9826456.2248,5.51880221622,10,
2904,552.752733218,505.056384,4961183.60252,2.81904742528,10,
2905,553.254350978,505.099134,2772120.69778,4.40025509348,10,
2906,553.310175374,652.75479,1025589.38136,4.86966980357,10,
2909,553.754184923,505.099134,1152789.77802,4.5133517034,10,
2910,554.08513597,40.703649,4057128.52893,9.64263495542,10,
2912,554.313686925,653.04432,238934.417759,6.99796487745,10,
2916,555.254323622,35.6336271,296905.088858,13.573145456,10,
2920,556.330756375,38.013624,637341.082678,12.9671593951,10,
2922,556.44269581,39.7635981,6301815.2535,4.4008425704,10,
2923,557.063438162,40.3902174,113080261.338,2.74104066204,10,
2924,557.242929011,122.494125,1452090.81209,5.54114243,10,
2930,558.289067151,602.52852,944961.945227,4.27620020916,10,
2931,558.301093426,928.88496,91560.0769321,3.28047259261,10,
2932,558.349838872,84.952908,628329.350231,6.8188079699,10,
2933,558.422167584,39.9929103,2042559.74509,3.94737785992,10,
2938,560.183004404,934.82664,6034257.54085,4.99597953019,1.0,[M+NH4]+
2939,560.183266668,909.19314,4710435.24592,6.86257332707,10,
2940,560.243316859,911.21664,67234.3578938,8.44891248659,10,
2943,560.41594211,38.9899632,443002.409928,6.32154268165,10,
2944,560.50521182,37.5526755,2793953.397,6.17185025576,10,
2945,560.540079271,37.228254,374007.299012,13.4865936068,10,
2946,560.750084068,555.751002,6737803.64925,2.22161778796,10,
2947,561.251508235,555.751002,3973826.74257,3.43057053898,10,
2948,561.264749069,35.4886161,311452.133883,12.5476777814,10,
2949,561.263443112,778.09857,985072.573875,3.64594722087,10,
2950,561.508018268,37.4029158,1587622.58107,6.03035917386,10,
2951,561.751846813,555.913194,1649525.1826,2.12398984941,10,
2952,562.296529173,35.5500696,938088.116982,10.219317406,10,
2953,562.299539534,703.19058,717409.25724,8.71235184525,10,
3523,698.255033998,36.1136862,437422.877349,1.93207449766,2.0,[M+K]+
2956,563.231766823,575.614284,2334847.88163,4.16522746218,10,
2957,563.269171416,667.3395,334531.814743,6.78038732931,10,
2958,563.304651142,502.139862,278262.329727,2.67883970194,10,
2959,563.302554764,703.73838,189086.365356,12.5588053971,10,
2960,563.319697033,657.97314,970028.811419,5.757874395,10,
2961,563.523744936,37.8717375,1649647.12487,4.74767187323,10,
2962,564.323032081,658.13028,244849.568018,1.44598464271,10,
2963,564.335554645,35.2301925,2278989.07947,5.95608091745,10,
2964,564.359247788,69.644013,95127803.7205,2.93551507389,10,
2966,564.536238748,37.7122392,4451546.20242,7.25087448381,10,
2968,565.362878875,69.644013,25841239.236,2.75870399859,10,
2969,565.404825713,36.9129915,17114704.5878,3.64743266533,10,
2971,566.242693052,902.84232,256002.826367,9.74561103121,10,
2972,566.314953964,37.9451121,963171.251053,10.9055107439,10,
2973,566.351469725,34.9041465,924058.499519,4.61930832095,10,
2974,566.364551497,68.701275,3404690.90106,4.60863504232,10,
2975,566.408684953,37.1697894,8349592.5368,5.63653836325,10,
2976,566.551647724,37.6264854,9968215.59431,4.69451269298,10,
2980,567.354207302,34.7687418,195284.275215,5.98768685144,10,
2981,567.420787392,37.8717375,9143910.14816,4.46139910003,10,
2984,568.425687184,38.4211077,5799482.84356,4.69163333711,10,
2986,568.558723815,37.2382302,558883.201743,11.6955221944,10,
2987,569.102622206,91.879008,518634.470726,10.8079205951,10,
2989,569.206923544,536.9208,1660575.89229,9.45170956748,10,
2990,569.257419586,566.134236,195220.906868,8.52355512951,10,
2991,569.314524367,69.32952,20944650.8804,12.7548304717,2.0,[M+Na]+
2997,570.325733634,493.473216,2677948.72207,5.6734805926,10,
2998,570.47428951,92.510136,1034791.08707,6.32718096153,10,
3000,571.079055424,39.456087,954643.595401,5.43283935325,10,
3002,571.284538816,645.07851,1191194.07066,7.30243604729,10,
3003,571.461497738,39.7635981,2761881.55092,6.20075699452,10,
3009,572.340547478,448.90875,2756340.77632,11.1952805589,10,
3013,573.325106233,706.29792,292843.812423,2.41452595513,10,
3014,573.441289989,40.7092032,649016.991882,12.0884841069,10,
3017,574.299245665,336.453426,363010.721416,14.0023657732,10,
3018,574.319948174,448.702944,1861607.24587,9.18059151765,10,
3021,574.812515432,866.61753,1079137.75761,2.16906905658,10,
3022,575.313955346,866.89464,628385.867728,1.85442685044,10,
3025,576.292861848,35.7365991,528160.195045,14.1018989197,10,
3026,576.411196261,39.8362875,1609200.65184,4.48773577073,10,
3028,577.222649801,609.81522,747052.372672,11.9158006956,10,
3029,577.298746347,360.869301,2219341.77249,6.32941586998,10,
3030,577.447878808,37.7490708,515194.082576,8.506879298,10,
3553,710.558194622,36.918354,398287.595192,5.62095515656,2.0,[M+K]+
3033,578.338984655,393.871752,1619815.33797,8.7836800286,10,
3034,578.437170083,38.8219104,1029225.26158,8.14205346123,10,
3036,578.939578321,38.8164822,666526.327286,9.93735361141,10,
3037,579.237531014,981.20832,341083.151983,5.49191432677,10,
3038,579.274169208,656.48685,603009.846774,3.45772232164,10,
3039,579.385047705,38.194719,909961.847838,1.1219583106,10,
3041,580.061310169,473.538075,962405.57618,8.10462645843,10,
3043,580.302479951,567.436854,441098.930461,12.0435402883,10,
3046,581.399822057,37.5526755,10542139.4764,5.24913407356,10,
3047,581.475433364,36.2786106,135269.401396,11.253587663,10,
3466,679.573002252,56.0276919,1620567.76847,8.87423672483,1.0,[M+H]+
3051,582.265322484,35.6336271,3492233.28822,6.45234424409,10,
3053,582.995196991,516.398526,53244839.9252,4.4932636965,2.0,[M+Na]+
3055,583.385472105,167.493315,9944808.20335,14.2418694767,10,
3056,583.415825397,38.1897321,8077599.09844,4.91487547579,10,
3340,640.552934517,35.8917969,464308.184484,6.69905430756,1.0,[M+H]+
3060,584.394992545,450.438312,2250776.12144,13.456339339,10,
3062,584.431898678,159.585738,226759.701279,13.5413170793,10,
3063,584.438970184,693.30507,8043475.53267,9.29724913312,10,
3064,584.473854374,39.7635981,5838625.86386,3.81889412624,10,
3065,585.179513696,672.84798,44558431.1044,7.05384916398,10,
3070,585.507915909,36.4202556,383652.977923,11.5568699523,10,
3073,586.453439904,40.3902174,2352474.93406,9.61328269239,10,
3075,587.442069372,36.1017666,381301.894926,10.3054833102,10,
3077,587.523075389,36.8499783,493488.82217,12.6829386285,10,
3078,588.287393213,860.96244,178262.730756,6.91878982171,10,
3079,588.33589075,536.9208,803689.379736,3.58148463008,1.0,[M+H]+
3080,588.377128223,84.280143,3755604.87999,7.90217172514,10,
3081,588.536509525,37.3070565,809366.017087,10.881189777,10,
3083,589.238419166,35.069193,263706.687931,12.6378918927,10,
3084,589.28976533,960.72534,722651.756742,13.926925855,10,
3085,589.539254101,37.14294,719343.126604,8.42432374339,10,
3086,590.293895886,388.219038,377789.381474,9.34319303203,10,
3087,590.427150454,39.7635981,11489697.2726,5.58504104263,10,
3088,590.552812259,37.5574728,652418.295551,5.70279091078,10,
3090,591.555072672,36.907629,542731.50862,12.383701775,10,
3093,592.294611773,637.75689,2364679.44586,2.86042462668,10,
3094,592.326244101,739.08204,2216765.12604,5.42878935784,10,
3096,592.567327124,37.5526755,7722358.4727,5.52001302783,2.0,[M+K]+
3097,592.827731857,739.2531,1303066.03023,6.57389992842,10,
3098,593.004292018,886.53846,866468.401306,6.8075048247,10,
3099,593.19037134,186.98196,925048.137541,9.12519038351,10,
3100,593.252924716,945.06282,549766.954192,2.82844395987,10,
3101,593.297888003,637.89732,608923.191773,4.80793878025,10,
3103,593.416539313,672.74526,3904755.73015,7.53370028314,10,
3105,593.598092273,36.473328,1177938.37213,2.26458733343,10,
3106,594.273913369,731.74518,2717044.91925,5.45124603938,10,
3107,594.274126265,854.24574,63866.7535895,13.8174389799,10,
3108,594.300049494,694.28472,528644.277797,3.12611535671,10,
3109,594.400575307,779.98119,1818403.87179,5.67174629019,10,
3110,594.420456719,64.770258,2484916.25649,10.9037427632,10,
3115,595.974387379,478.852044,344788.85042,4.37615066422,10,
3120,597.1318932,33.8919708,74622.5777216,7.84619543129,10,
3133,599.410543832,38.4211077,7344004.55343,5.29989751738,10,
3123,597.959653712,886.3659,767505.378447,9.85726007168,10,
3124,597.972447016,478.684143,194743.28,6.11072842881,10,
3125,598.014286315,517.020894,648780606.235,3.85836788571,2.0,[M+K]+
3128,598.42611542,37.1479281,355770.406474,14.3829107529,10,
3129,598.488792925,39.6069066,4158917.93922,3.46678648343,10,
3132,599.26774396,562.539384,174852.931203,10.4526274633,10,
3135,599.522997546,36.5934987,317562.321758,13.2294771587,10,
3137,600.469037521,40.0766523,5338115.209,9.39867450155,10,
3138,601.29528321,705.65028,607099.688141,5.66092005976,10,
3140,602.290261762,744.58776,93045.0010999,10.968837905,10,
3141,602.351312495,405.095586,852825.384267,11.0799206396,10,
3142,602.351629279,480.926766,691686.186165,3.041995291,10,
3143,602.449317912,40.6198434,627130.334468,12.5575375543,10,
3145,602.915360087,886.76976,382513.433497,9.44941269828,10,
3146,603.554198142,36.7531191,323872.961974,10.8009615861,10,
3148,604.269752189,891.90693,285132.342384,3.44016555063,10,
3149,604.331020026,560.806473,502364.179209,2.70587737507,10,
3151,604.494456799,35.6336271,191903.206991,5.97244452194,10,
3152,604.77976055,459.541104,3266999.76314,6.02966943522,10,
3153,605.062070636,164.141031,5224801.13952,12.3324060783,10,
3154,605.330044237,395.729154,2365231.28194,8.76882266178,10,
3156,606.310270453,601.50327,2711085.20987,6.05338757774,10,
3158,606.42147649,693.29568,462408.303697,10.1043749094,10,
3159,606.509395571,36.0302481,253958.206962,6.37849571635,10,
3160,606.583108599,37.4889135,1432532.50309,3.04470147556,10,
3161,606.971054304,37.7490708,259609.26087,6.2122857474,10,
3162,607.059387785,163.591518,5149261.20466,8.33257255303,10,
3163,607.268189059,34.7734812,173268.264758,13.5213002515,10,
3164,607.269201435,825.36861,170547.46523,8.26582072757,10,
3165,607.284319056,548.217846,451991.875241,4.36231554353,10,
3169,607.458138657,38.8323417,864716.462079,11.7600423808,10,
3170,607.551944166,59.4845205,3544846.01762,7.65935621506,10,
3173,608.259450417,35.3133804,365063.750962,10.3696047884,10,
3174,608.268356077,531.357873,1410705.14245,4.56431569906,10,
3176,608.315606206,601.50327,126407.900631,12.3344756953,10,
3177,608.385439023,72.453336,55539771.5243,4.36788428075,1.0,[M+NH4]+
3186,610.331454725,625.88652,357981.161257,4.07741114623,10,
3188,610.576551885,52.6614624,1194288.10733,11.4228968511,10,
3192,611.272849804,861.58716,56308.6868848,13.1313576703,10,
3193,611.315285114,833.85963,9366064.95359,10.3528222238,10,
3194,611.424807815,502.304256,3014273.90068,4.75306973884,10,
3195,611.510527695,59.2078527,40771339.4086,4.57845241659,10,
3197,611.85506541,465.11673,4692588.67248,13.5897217328,10,
3200,612.413677235,53.6017608,4134006.02077,5.89149296605,10,
3201,612.426137774,279.912612,9540374.87152,13.834705178,10,
3203,612.504939331,511.218042,1193982.78179,14.127789371,10,
3207,612.915134511,53.6883288,3014940.08587,6.4288164684,10,
3212,613.461657745,36.473328,162834.558049,9.98480883787,10,
3215,614.158778167,41.337072,517096.695644,5.9169783882,10,
3216,614.345141599,73.282392,2802948.40093,7.25957008463,10,
3217,614.392278294,39.589611,525698.069023,13.300729211,10,
3220,615.240929875,888.46593,128387.044588,4.50799115929,10,
3221,615.310461805,660.53631,1715325.90497,4.34093695855,10,
3222,615.405435053,38.9899632,3131474.82445,5.24387997978,10,
3225,615.554831048,37.228254,283064.825872,9.12774845862,10,
3226,616.226722541,35.3850204,319919.676367,5.69864872062,10,
3227,616.309584587,400.262376,685651.892284,10.6668416041,10,
3228,616.408242399,38.9617386,1572072.6327,4.61912907357,10,
3229,616.515052904,40.2166068,348286.243239,7.8397072735,10,
3594,723.661726936,37.4666778,241006.803486,12.4615954948,1.0,[M+NH4]+
3232,617.325819996,722.75016,404324.786676,2.93852467434,10,
3233,617.341811475,635.69094,238092.705466,7.57447335617,10,
3234,617.42141797,39.2089761,2787812.06861,4.55771789732,10,
3235,617.466254969,40.3902174,1119971.73897,7.23601798455,10,
3237,618.031804458,41.651694,3406382.57621,3.65780860963,10,
3239,618.531172496,40.703649,1058888.32215,9.05012001941,10,
3240,619.585701265,37.3758828,451168.040258,10.0869691597,10,
3241,620.240873309,739.57722,69366.8457708,8.17190276814,10,
3242,620.325722552,554.771139,6144410.49655,3.33761284546,1.0,[M+NH4]+
3243,620.437188737,39.9929103,1840984.87084,6.65420879859,10,
3247,621.49500223,34.350246,192223.055429,10.1827829658,10,
3249,621.629769988,36.2114949,563877.465553,10.6499657511,10,
3251,622.351281443,454.164384,653827.951119,5.59955519206,10,
3252,622.526245244,67.111245,10896254.8908,14.2771455656,1.0,[M+H]+
3254,623.246038154,726.10806,866328.572434,2.56607945938,10,
3742,789.439840986,35.5500696,1002734.41656,14.1738287705,2.0,[M+Na]+
3261,624.480963638,76.972485,94755174.7809,12.8029496977,10,
3262,625.12844543,39.3659733,4044842.22049,2.68314973817,10,
3263,625.258644368,699.69225,541633.038388,10.7576791463,10,
3264,625.331427696,655.0626,313639.195241,1.64365454503,10,
3265,625.48322647,39.679536,1397164.18199,7.60631984395,10,
3268,626.140105312,434.04957,2272773.03627,13.112027649,10,
3276,629.289743926,663.64335,5425299.17843,3.13592332387,10,
3277,629.314594721,74.543502,12743525.3226,3.23863667552,10,
3278,629.337720846,858.54003,348720.641042,5.74028810325,10,
3279,629.362798365,926.44209,2051979.21207,5.98496244919,10,
3282,630.249880513,530.925048,1030955.14301,5.79753973092,10,
3284,630.285197468,799.03962,265518.234885,4.35180514848,10,
3286,630.346630635,607.15542,351781.654548,12.4888930262,10,
3293,631.284205908,602.8764,101827.02434,12.6753069102,10,
3294,631.305493694,696.79863,507929.681669,8.02422239659,10,
3311,633.415779675,39.679536,1787186.97936,10.3787605031,10,
3298,632.028888745,478.14561,255181.691977,11.8623642174,10,
3300,632.169315405,878.93478,742840.204732,11.6032200656,10,
3304,632.510737603,66.330126,261919989.312,9.13637289205,10,
3305,632.525659996,35.9487618,527506.255191,7.18128901068,10,
3307,633.284080159,536.060868,2711111.01372,6.5551183769,10,
3308,633.29171895,792.24174,673151.43729,9.66630378159,10,
3309,633.299807741,635.8992,694824.500136,6.17585283285,10,
3310,633.321216185,725.80002,230986.327543,4.65112143339,10,
3312,633.494909013,58.9017162,621542.128525,8.72375512245,10,
3315,634.426691937,54.3452316,3400499.68332,13.2384348821,10,
3316,634.453181498,40.0766523,14661262.2718,5.33379954123,10,
3317,634.519114644,36.0516087,1053910.87805,1.79291241576,10,
3318,634.542280501,35.9535624,343294.921596,6.07289168103,10,
3319,634.928429965,54.4318002,2584065.81037,14.9007819534,10,
3321,635.510528296,58.7038962,675072.754602,13.9583256233,10,
3322,635.529787681,64.926195,11738328.2428,10.0591370411,10,
3323,635.545645184,35.461773,127496.114805,11.6494271775,10,
3324,636.295333907,833.62404,537217.825045,4.42465659712,10,
3326,636.417058016,72.355254,945864.341035,14.3848418018,10,
3328,636.525307876,36.1544556,152682.414058,11.8549842017,10,
3329,637.525969798,58.2362106,1194091.21089,13.2679564412,10,
3332,638.448537675,66.264696,3067006.97652,7.58530029294,10,
3554,710.578352538,62.96445,1746714.37956,7.22655330721,1.0,[M+H]+
3336,640.053563974,518.515962,11898282.2363,2.45273479794,2.0,[M+Na]+
3338,640.515229807,39.1420926,976734.284013,11.8641831109,10,
3339,640.544937767,57.9601044,6919885.75527,6.24322853905,10,
3341,640.564454272,63.710679,8887729.44786,11.7407817075,10,
3343,641.548314104,57.9601044,1343217.16393,12.1468641556,10,
3347,642.382700776,385.841748,2614375.02105,5.31123897589,10,
3348,642.476852079,35.7818856,543369.551471,12.9466541059,10,
3350,643.492747296,40.3960806,534173.709345,6.57602695015,10,
3352,644.337036277,664.8645,285039.507683,1.14461833393,10,
3353,644.361665347,577.987122,1025314.68155,4.51864585247,10,
3356,644.546792911,39.9929103,2282920.39821,6.72589843933,10,
3357,644.599271845,36.907629,427220.834343,4.98931093722,10,
3358,645.320706213,712.89288,635434.954896,8.66629036889,10,
3359,645.357316193,561.644703,1320190.66094,6.29548770983,10,
3361,645.602078764,36.7923276,335206.604726,9.27901954113,10,
3363,646.562290451,40.703649,4010491.71149,9.41168486854,10,
3365,647.28905759,821.22906,839530.565534,9.89656377465,10,
3366,647.33647787,707.31066,627224.972887,3.1037281667,10,
3367,647.395032913,40.1727585,744144.849929,10.2187524459,10,
3368,647.459425178,35.9535624,8097045.81489,5.43650888293,10,
3370,648.003386293,476.738412,644305.472443,4.71200558935,10,
3371,648.18002734,760.33206,312661.57852,12.7928167815,10,
3372,648.497982301,36.1901886,537504.788619,3.73003518987,10,
3373,648.52211632,35.4169761,432092.19984,11.6830496735,10,
3374,649.41017954,40.0827066,1222063.5989,7.53893854436,10,
3376,650.274902785,984.76665,2228989.10389,7.75048084563,1.0,[M+NH4]+
3378,650.41364524,40.2166068,528288.792599,12.727167317,10,
3379,650.53723363,37.1697894,387070.459035,11.6428398661,10,
3380,651.137856351,41.272191,10814582.3188,14.1587225754,10,
3383,651.310248279,573.208836,132771.606219,1.97527569977,10,
3384,652.053247188,510.944934,23684594.6111,8.55982161597,10,
3386,652.158778463,38.3306178,166664.368811,3.62114758271,10,
3387,652.412258775,74.856315,28685027.5363,4.14809119298,1.0,[M+NH4]+
3388,652.498992695,39.1364787,1137115.05726,9.23051705345,10,
3392,653.289864411,562.212894,168292.670368,14.7376702626,10,
3394,653.557566622,57.6484839,3776974.973,4.70996440961,10,
3395,653.576145996,62.773743,2034258.55574,9.63830701139,10,
3396,654.41663506,75.124842,2053218.86614,4.67183071265,10,
3397,654.568044594,39.1364787,2094904.22671,8.73083856502,10,
3398,654.560474763,57.5500929,1489009.25504,11.8534244162,10,
3401,656.439837549,54.8366352,2572762.84895,13.681623413,10,
3404,657.332342143,297.530628,233747.123708,8.90265469495,10,
3406,658.066609572,164.030106,3027815.80072,8.41331740228,10,
3669,754.921191957,473.904165,891209.788034,14.2622136556,2.0,[M+K]+
3409,659.481207758,53.595639,2152145.99539,13.0125190391,10,
3412,660.063638339,164.785212,3349439.13657,7.95054020409,10,
3413,660.338943029,439.417152,1593843.5387,14.2836023751,10,
3456,677.337558251,922.90125,924477.415244,3.83625724025,1.0,[M+H]+
3417,662.402919459,760.27344,753149.987966,4.32865718354,10,
3418,663.454041031,35.9535624,99531966.2863,4.81257429998,10,
3420,665.289678049,540.570042,227686.165614,7.00427597334,10,
3421,665.299665658,933.57927,7390016.95378,12.3281104023,10,
3424,666.333581105,38.0307969,238441.121389,14.1889200364,10,
3426,666.588218259,61.702218,456918.595587,3.17374577978,10,
3428,667.17468866,41.0230746,1518814.48094,13.6545865435,10,
3633,738.153113403,33.0504474,468858.804223,7.06617311161,1.0,[M+NH4]+
3431,668.757969252,459.541104,3573359.53004,9.5935038094,10,
3741,789.161856988,40.4632821,1155107.44929,7.28803453944,1.0,[M+H]+
3439,673.077620039,41.159607,797094.79781,3.62751762498,10,
3440,673.34140277,76.107438,10237403.6076,5.12687453409,10,
3441,673.352556145,731.96829,351437.772843,6.16143804001,10,
3442,673.388950045,495.315468,478993.88261,5.759277633,10,
3443,673.453167,951.92508,9111457.5412,3.20732897836,10,
3447,674.463715341,36.5934987,668760.514536,5.54550376455,10,
3449,674.592919501,40.6436322,1252712.70837,11.6577953419,10,
3452,676.131164681,877.11834,75727.5839444,7.2544213629,10,
3453,676.327012428,628.01271,125092.659221,8.24359896948,10,
3455,677.322307107,873.31974,367118.147102,6.36514675637,10,
3457,677.510316086,170.649891,3511609.2809,5.77126213687,10,
3459,678.323853264,873.31974,69695.5555378,2.93211536468,10,
3460,678.341004457,922.62978,341588.77142,5.51045456506,10,
3461,678.479345799,40.3902174,16486979.8097,4.86645701889,10,
3462,679.013545392,517.176462,3086426971.55,4.52244772323,10,
3463,679.326535783,951.09468,1384498.56509,14.5507079679,10,
3467,680.480558511,35.9535624,78776129.893,6.24919803914,10,
3468,681.258292537,465.586581,5300315.6978,6.54191049446,10,
3469,681.494472206,53.9074554,2003624.88679,7.84180494654,10,
3471,682.35248544,681.84918,2477740.98146,4.75433704754,10,
3476,684.117817473,484.328964,500751.132952,10.4525293486,10,
3857,847.293724968,36.1281111,3745984.28512,7.57577730455,1.0,[M+NH4]+
3478,684.539299502,39.2089761,384315.619354,9.10674115034,10,
3479,684.56454705,39.4502196,741643.000243,14.0374813016,10,
3484,687.07160205,40.2333393,63196017.0261,2.7072194782,10,
3486,687.306758409,900.07128,313092.842087,4.6555791323,10,
3487,687.368113885,687.95802,461072.947372,5.99816032624,10,
3693,764.087778684,41.5864392,4610778.94006,13.8813848627,1.0,[M+H]+
3492,688.363417511,615.67356,126237.267642,10.770277922,10,
3723,773.27507627,35.9535624,1501378.98232,7.03669003206,1.0,[M+H]+
3497,689.321423841,835.95342,761713.593162,8.88902229568,10,
3498,690.024712574,459.753522,1969126.42781,8.34873343357,1.0,[M+H]+
3500,690.086105418,43.1084058,4153943.51373,12.3080094314,10,
3501,690.198511992,35.7365991,131115.726703,5.2723038544,10,
3730,777.576286068,41.6462055,494368.121602,5.3150693103,1.0,[M+NH4]+
3503,691.123145922,879.05796,2988120.81436,14.5808779992,1.0,[M+NH4]+
3504,691.363060575,619.77753,737982.381824,7.70052655853,10,
3505,691.525980777,132.637602,4405651.61905,13.5531309698,10,
3506,692.365846499,619.77753,207378.682037,13.3654923207,10,
3507,692.494990338,40.0766523,1224022.49825,6.84344718705,10,
3508,693.341745188,670.54998,681514.353505,4.89326939177,10,
3509,694.168661771,40.6980948,341514.60256,7.72989862843,10,
3510,694.319759421,448.11807,2785589.49306,12.7714086155,10,
3511,694.508650318,511.393209,1071384.38873,8.01115990662,10,
3659,748.055291583,41.640717,7020746.97321,3.92235996863,1.0,[M+NH4]+
3513,695.043153818,43.8536988,1594462.41821,13.0936349706,10,
3514,695.327638886,302.689968,363016.755346,3.51947698563,10,
3515,696.437981874,78.902532,15390802.217,4.61364678194,10,
3517,696.577612657,39.522849,1247178.008,11.8702425807,10,
3518,697.391969108,41.9663166,588495.227857,13.4069732194,10,
3521,697.523125678,702.32769,1226537.22618,13.1705566925,10,
3522,697.529238931,39.4443522,412352.559312,10.4388752081,10,
3524,698.309614617,832.06749,1628709.80453,4.21662505771,10,
3525,698.383960963,617.73159,1108204.08451,6.29683210007,10,
3528,698.593263684,40.6198434,1105627.95853,7.73705135058,10,
3530,699.275490228,888.74358,74648.7448507,12.0370863937,10,
3531,699.312931788,832.29126,467019.924249,5.04651500958,10,
3534,700.326686972,683.5134,2436389.97179,5.68466738581,10,
3535,700.363245359,639.2934,149642.71195,6.81200821975,10,
3536,701.309246219,867.85566,64137.6849955,11.7027072508,10,
3537,701.3920829,78.541281,3626365.04287,6.87834132756,10,
3538,702.104692398,40.9340262,1618311.33767,8.44252618699,10,
3539,702.536444277,40.703649,6620594.8645,5.3363004387,10,
3542,704.101984367,40.7092032,506043.283256,2.20075531312,10,
3544,705.378357376,591.974409,435774.635338,4.98405102334,10,
3792,817.07672777,152.545356,3449492.27105,12.7870104033,2.0,[M+K]+
3547,708.488202634,40.703649,1021770.4602,5.29685431893,10,
3548,708.828446574,465.37956,21624710.333,4.33987252779,10,
3550,709.831100896,469.911282,3459371.40373,12.0611567223,10,
3551,709.995036987,886.30716,178673.138486,5.22208570509,10,
3552,710.071288787,152.545356,8579733.74874,6.97599365954,10,
3555,710.787077896,465.33774,15917035.541,9.7609812204,10,
3774,808.803834099,459.80406,9483914.36427,12.3915665925,1.0,[M+H]+
3559,712.572803546,38.9617386,1237852.90545,8.21166891916,10,
3619,731.999970375,147.608847,6190574.29087,4.89266679174,2.0,[M+K]+
3568,716.062057677,164.065887,13046012.5387,6.75585521632,10,
3713,769.384162385,716.54739,4109093.01137,4.5114341735,1.0,[M+NH4]+
3571,717.061153483,152.143413,89687723.1015,3.32679446734,10,
3572,717.367673177,77.647479,5397073.9901,5.61870868729,10,
3574,717.909152124,886.7358,364523.906799,11.0750404841,10,
3624,733.996977875,147.428232,7356523.53277,9.14030268317,2.0,[M+K]+
3577,718.373573237,744.60552,418028.991923,5.78767341987,10,
3578,718.531757859,41.337072,1364032.41735,9.51432508235,10,
3582,720.51692286,517.234656,64084585.4698,6.60119916965,10,
3584,721.055502433,152.143413,11677061.3424,5.48738679922,10,
3585,721.639429853,61.266612,407561.848098,8.29910420952,10,
3586,722.016345535,164.222952,2183035.57242,12.9912906394,10,
3587,722.017220629,146.689686,2611727.02908,7.80645299715,10,
3590,722.332203179,755.97483,274764.108081,6.24911139811,10,
3591,722.505624831,40.703649,16020122.1558,5.01781940243,10,
3592,723.407362444,41.1150072,1056880.15081,10.7409722095,10,
3596,724.59441873,61.986066,21763425.4874,6.13068940793,10,
3597,724.802231799,465.847422,601529128.019,7.07201202399,10,
3598,725.597751174,61.986066,9729370.71007,5.49471068228,10,
3600,726.600727662,61.925073,2066081.46714,8.62426275164,10,
3602,727.263767727,817.49055,1362550.4824,13.0518664891,10,
3605,728.419638298,687.14919,1818741.18643,5.1401124775,10,
3606,728.588172683,39.7635981,1018372.69748,4.58515384083,10,
3608,729.35296432,711.52806,352756.254011,12.5141182333,10,
3609,729.415141327,492.554205,1581204.22656,4.79200118592,1.0,[M+NH4]+
3611,729.803374135,465.742713,14100351.3978,8.72964126549,10,
3612,730.002636604,147.59223,3188431.36156,8.92944063955,10,
3613,730.044492,40.8741339,646108.967901,10.3901251587,10,
3795,818.619930253,41.1150072,1414258.55448,8.10674541391,1.0,[M+H]+
3616,730.798476551,465.430584,13891677.3605,7.11228911958,10,
3617,731.258556836,942.73053,4113524.06615,9.15128189404,10,
3620,732.547536313,40.703649,3386128.75387,3.48104990103,10,
3793,818.097089668,40.2333393,37584175.7227,4.77134166079,1.0,[M+NH4]+
3622,733.183512969,512.076654,1256752.41163,8.80863647918,10,
3788,816.059400154,511.257933,12207215.1636,11.3700171033,2.0,[M+K]+
3627,735.993099071,166.042017,3061790.10585,11.5536204608,10,
3629,736.54341413,34.9921311,5219463.87089,11.9869653635,10,
3631,737.565073339,90.923964,36493005.09,3.74268937447,10,
3635,738.610471135,61.204071,1684073.06545,4.85765269856,10,
3637,740.119884736,39.1364787,27052257.4769,3.16394468534,10,
3638,740.250504992,342.96552,631887.484938,8.98327387164,2.0,[M+Na]+
3639,740.464529463,82.385106,7207647.57529,3.33196126119,1.0,[M+NH4]+
3640,740.55313304,39.6736731,1084632.53739,10.4208027886,10,
3642,741.468060253,82.701852,2431956.93876,5.506246176,10,
3645,743.096348421,147.011688,2101468.23795,10.4734273464,10,
3647,743.236356071,816.80484,229366.10769,9.31519145805,10,
3648,743.36896799,819.93462,523987.473195,4.44686304903,10,
3649,744.34019944,752.8272,481851.216347,3.94893471575,10,
3652,745.29879369,949.9269,1752167.79067,12.3343713877,10,
3653,745.384787514,599.852784,259095.273279,1.74517518928,10,
3656,747.000822187,516.088074,29373520.7621,12.9642697805,10,
3657,747.533748449,55.4311032,1156905.92292,11.2511706569,10,
3660,748.299129865,1008.67122,716845.703317,5.30069172849,1.0,[M+NH4]+
3662,750.029632947,510.140406,877045.726283,14.9460412567,10,
3665,752.052457045,41.9549622,281492.013013,14.8147970799,10,
3666,752.516138785,41.272191,722311.877065,11.5023111867,10,
3668,754.135688603,38.4429693,600456.69762,12.1551503953,10,
3671,756.151123526,40.3063437,491274.902399,14.9372125425,10,
3928,916.170454096,39.8595171,5220967.06001,10.5444683967,2.0,[M+Na]+
3854,846.293053335,36.1281111,4652728.24511,8.94313296845,1.0,[M+NH4]+
3679,760.335288913,797.83704,265626.68872,10.0432017347,10,
3681,761.016476597,517.15611,2200797774.75,12.3175022986,10,
3684,761.39416614,80.026038,1794143.33613,6.7995416239,10,
3689,762.558374288,41.847912,762777.806807,8.37987467828,10,
3691,763.129609993,40.3960806,686436.501767,10.4950222504,10,
3696,764.427558985,36.1851504,368602.533613,12.844736323,10,
3697,764.693504061,760.2678,231688.740764,9.453376328,10,
3700,765.439172939,35.8701243,1256630.36892,14.8587600577,10,
3701,765.577463766,34.6744968,172975.327741,14.4427052621,10,
3704,766.531770266,41.0175864,13791070.3637,5.25152245027,10,
3705,766.737063838,469.556151,3509199.40911,13.0662139755,10,
3709,768.151736872,40.070598,1590458.49113,10.5720589304,10,
3716,771.440411792,400.771122,1728890.06675,9.05316183848,10,
3717,771.939058783,35.6383662,158657.845815,9.65115331366,10,
3720,772.395628151,700.542,357533.212881,1.74658047466,10,
3724,773.398044077,700.78956,100347.484329,1.98090444651,10,
3729,777.439519001,35.5500696,1002800.4163,11.334614609,10,
3732,778.394737425,648.0909,124992.2702,13.4344713471,10,
3733,780.546955393,40.703649,926963.671204,2.90294565975,10,
3734,784.490230936,86.509437,3572933.8748,1.09867270442,1.0,[M+H]+
3735,784.978410209,529.424412,25168761.9558,11.1369602356,10,
3736,786.161656241,40.703649,14477677.5772,9.75653770242,10,
3738,788.000489583,459.753522,1605312.59402,3.65279229208,10,
3739,788.161969974,40.7092032,3749611.00101,10.6609567032,10,
3743,790.278720714,344.676966,50519.7959779,6.00837489364,10,
3747,792.410573936,616.20201,404780.081192,5.9025474779,10,
3748,792.596092554,113.814624,21538568.3427,11.4814594758,10,
3749,793.369613651,824.72013,277713.105939,5.17181825318,10,
3752,795.403599973,397.161732,1284406.00444,10.722429545,10,
3753,799.156844875,41.1150072,4802031.42495,12.292889051,10,
3754,799.456772561,663.47589,346619.118642,5.29347094351,10,
3757,800.390623845,855.95355,6451656.14637,3.9316206744,10,
3758,801.087919591,39.3659733,1313230.16865,8.58876466927,10,
3760,801.393196386,555.119082,332834.1611,5.49588231083,10,
3761,802.346037537,893.46324,2144537.59395,4.34849116623,10,
3763,802.406095303,634.3836,155039.514047,2.19687338799,10,
3765,804.059133427,518.577432,7757917.25316,8.36559260791,2.0,[M+K]+
3768,806.805689979,460.229007,16219678.8952,12.4529725314,10,
3769,807.38527431,751.47174,700746.80925,8.73144445119,10,
3983,969.113435378,40.1496567,3259363.94703,7.3946228864,1.0,[M+NH4]+
3771,808.231006741,32.7337548,113722.730593,5.55612263147,10,
3772,808.387878188,751.76688,228180.545119,4.98860147264,10,
3948,926.751967781,465.543531,14125688.7303,10.3091903247,2.0,[M+K]+
3775,809.022853289,41.4890799,1152218.70898,3.71040970675,10,
3777,810.558034953,41.3317689,11304546.1556,3.10529955531,10,
3778,811.189445946,41.0120982,297593.838934,12.5840388491,10,
3779,811.398989348,373.7394,8983543.31798,11.2715516679,1.0,[M+NH4]+
3784,814.156796294,40.070598,1850673.02918,6.41408302837,10,
3785,814.193607523,40.6980948,1574387.1849,14.1026202243,10,
3787,815.365289902,925.81548,351509.632169,2.90111893935,10,
3790,816.641537028,40.3902174,1523190.82011,6.28529393954,10,
3794,818.473191427,34.350246,72413.5459602,9.87798665028,10,
3799,820.598691204,41.9663166,801718.869102,11.9252847062,1.0,[M+NH4]+
3800,821.070977108,609.15846,65304.0917502,4.58766455609,10,
3804,822.991994064,886.3659,335322.669946,10.5188285957,10,
3955,936.180740353,40.6198434,462984.240846,13.9855562984,1.0,[M+NH4]+
3809,825.015582661,40.2457629,1716082.15339,7.93558744412,10,
3957,937.986336724,886.3659,495498.955431,11.5833439789,2.0,[M+Na]+
3815,828.604174831,40.274919,444895.939805,8.83739662819,10,
3944,925.022741746,517.020894,1227464831.67,5.41518338466,2.0,[M+K]+
3818,829.13070471,159.702222,166227.304558,11.6160642845,10,
3819,831.128200375,159.732429,382762.358327,5.5361231076,2.0,[M+K]+
3820,831.421676343,698.28342,505171.086731,7.63210173116,10,
4008,995.330751439,36.5991132,508746.536894,2.11231094292,1.0,[M+NH4]+
3823,832.63681061,40.9576941,887261.396894,8.42941723175,10,
3824,832.90336502,887.00658,187984.901204,12.8409524226,10,
3967,948.105776829,39.0519156,19897125.1998,7.18176351697,1.0,[M+NH4]+
3826,833.124421449,159.87912,442520.345321,9.93056929616,10,
3827,833.241714871,35.9535624,14703264.1604,5.85194259838,10,
3829,833.805745597,502.774518,158439.543253,11.5790469225,10,
3831,834.307096041,502.654551,111752.086085,13.2445328575,10,
3832,834.615410037,41.8780218,2510854.26865,7.99789593733,10,
3902,888.138971549,39.1364787,80888071.4312,3.54470805383,1.0,[M+H]+
3836,835.431349587,680.0841,3692039.27552,6.04268090678,10,
3844,838.691981367,35.3082678,175917.458949,4.78413267721,10,
3845,840.101346429,41.0230746,803285.018276,12.6226345364,10,
3929,916.743638259,35.834832,208721.1361,10.5313095087,2.0,[M+Na]+
3847,841.711355819,35.0954793,96935.4665491,12.1269526182,10,
3849,843.457630346,726.82152,130667.051489,9.55349210161,10,
3851,844.067055265,881.00418,71945.2546926,10.431855317,10,
3852,844.356688466,743.12433,12245911.7344,5.98642768834,10,
3853,845.360091951,743.1927,4645070.31476,7.0820277408,10,
3855,846.651566086,38.0306727,484489.747421,14.6613500444,10,
3856,847.130552519,40.7092032,1924504.86545,14.8782676925,10,
3861,849.634429161,40.0766523,1178479.55126,3.62963355195,10,
3863,853.119622032,39.2758596,631441.766857,11.9333940892,10,
3963,943.639713053,42.9104442,2990677.59201,1.97454896251,1.0,[M+NH4]+
3867,857.399533103,1038.9672,186236.14149,12.3934873616,10,
3868,857.47355348,695.29173,853590.814202,5.47990748085,10,
3870,858.993787625,528.658188,9925053.89561,8.6936260395,10,
3871,860.667669063,40.703649,1655029.34494,8.85770663784,10,
3873,862.647310105,41.640717,645635.813387,9.53054879732,10,
3875,865.405671502,628.35681,746055.501486,4.25227839355,10,
3876,866.408944004,628.53093,309206.963852,6.9496758885,10,
3880,869.988288546,41.4058353,343126.706383,13.2047834773,10,
3883,871.565279169,1153.62921,15461108.8721,11.8358820202,10,
3888,873.075304951,152.788722,9189012.27943,10.8241153342,10,
3891,876.662557207,41.3317689,849429.003067,10.4132316381,10,
4006,993.749561145,42.1631562,589869.686266,9.08373734514,1.0,[M+NH4]+
3899,884.361387064,992.71488,282375.455916,4.63348461816,1.0,[M+NH4]+
3900,885.977296328,459.753408,1149292.44365,10.4772064154,10,
3906,890.723557118,35.5721736,264604.755795,11.0827550067,10,
3909,894.505150461,647.62164,2377700.76316,4.75549902792,10,
3911,898.062167532,511.393209,8892037.58873,9.57865735861,1.0,[M+H]+
3912,898.377544484,904.2234,429452.490907,4.91447751408,10,
3914,899.380655547,904.31034,146572.241941,8.95845900103,10,
3917,906.149570475,40.3902174,13739742.4661,12.0124293445,10,
3996,982.278727108,36.2685342,1639241.02581,12.7932359267,1.0,[M+NH4]+
3927,914.433253395,846.16734,429419.296092,9.41626694148,10,
3934,920.756324203,465.648246,265814794.206,8.82905194305,10,
3935,921.312946314,36.3709311,2095615.58146,8.89448627757,10,
3936,921.342483324,944.27523,2860453.18023,9.36068268993,10,
3940,923.621157008,76.420311,980130.096535,11.0861637562,10,
3942,924.515958199,654.63978,1244941.49837,2.73065923587,10,
3946,925.757740038,465.847422,13121675.6259,7.69289965752,10,
3949,927.955517116,41.1887616,217969.986454,13.0276462273,10,
3951,930.09542475,38.5115976,766957.002823,13.4531060502,10,
3952,934.640801376,35.6336271,1592025.9232,5.68676286009,2.0,[M+Na]+
3953,935.182701125,40.7092032,887439.428479,6.23391922751,10,
3958,938.030229894,40.0766523,1868406.89647,10.6862327159,10,
3961,940.739274961,465.60687,6788575.91475,8.26584559973,10,
3966,947.89684613,887.11128,336222.206885,11.8720162959,10,
3976,953.103079148,38.9617386,506345.322603,10.020815988,10,
3977,956.040010839,41.651694,436138.393313,10.4630702122,10,
3980,966.102147421,37.8079728,4088349.7141,12.9851327837,10,
3982,967.117567187,40.703649,4326972.41685,11.2597402918,10,
3984,969.478666083,572.26254,507628.056219,12.630604917,10,
3986,970.745206086,465.648246,9679553.20572,10.1817037886,10,
3987,971.112496768,39.986856,502177.807282,11.568104042,10,
3988,971.244232175,465.919122,3857897.09476,12.6456045786,10,
3990,973.034810677,39.2089761,319269.045164,13.115464681,10,
3991,979.522202081,739.3395,2377720.26621,6.75094328864,10,
3993,980.279450816,36.2786106,1913563.17011,10.7731310008,10,
3998,986.122496702,41.0230746,1719498.07142,11.7322072583,10,
4000,988.120870081,41.159607,715594.091929,6.61178069901,10,
4001,990.062122956,37.6264854,2856826.7392,5.22267250504,10,
4005,993.062879998,37.2382302,541279.436844,6.1128065375,10,
4007,994.147831213,40.6436322,570819.141027,9.9508152757,10,
4009,995.478727497,660.20619,533544.993184,5.6566131583,10,
