peakID,mz,rt,maxMeanIntensity,RSD,bestScore,bestAdduct
1,102.037741151,383.85315,13423007.4115,6.93318359443,10,
2,102.103063752,136.576098,1039709.12604,8.73124021005,10,
335,162.112557703,727.06722,4967842688.02,13.0520872991,1.0,[M+H]+
369,166.086257076,284.20995,5446172658.41,3.06475346283,1.0,[M+NH4]+
6,103.087167063,561.613353,53829290.0921,4.26673181652,10,
8,104.107672698,398.663931,8683248615.97,2.74688644798,1.0,[M+H]+
9,104.992794299,531.538812,4064578997.62,0.907161097121,10,
565,188.999448097,531.026919,49373455.8934,0.918589169405,2.0,[M+K]+
11,106.04911269,384.313944,332309.73495,6.9079316881,10,
634,196.105571808,688.24779,3339772.07123,7.02770441339,2.0,[M+Na]+
242,150.058410546,79.519617,157114592.567,1.49709815166,1.0,[M+H]+
577,190.082280663,692.75568,15329681.6296,1.33262159916,1.0,[M+NH4]+
16,110.027481374,596.04237,6318799.33559,3.71624580877,10,
17,110.035267536,170.41308,33873372.966,2.60040824355,10,
400,170.092517555,900.46272,121595689.085,11.9966738061,1.0,[M+H]+
1464,264.170478185,62.097372,4757196.79799,4.19905518245,1.0,[M+NH4]+
1147,244.09301084,230.638971,766422047.278,1.66351967732,1.0,[M+H]+
21,112.05104461,110.048688,58709867.8076,2.52028723559,10,
24,113.054288376,231.318588,26378712.9739,1.85873361602,1.0,[M+NH4]+
23,113.054330431,152.448522,3128837.37289,0.860703562539,10,
956,227.175271909,54.2935524,3333613811.11,8.41591884301,1.0,[M+H]+
26,114.128120686,157.048824,5332274.06875,2.6254816557,10,
556,188.070534875,286.669791,2873663224.0,2.0549247022,1.0,[M+H]+
28,115.086938371,317.351946,65466372.0788,7.64329581019,10,
29,115.086992161,88.755177,88983236.0758,1.63202097578,10,
31,116.00136701,35.7689988,893924.695269,5.26446013881,10,
32,116.034039051,65.72319,1307243.21001,8.34313121895,10,
635,196.10813956,456.244059,19156795.7711,5.70051383461,1.0,[M+NH4]+
441,175.119066553,1156.52724,10814974696.6,3.8139009384,1.0,[M+H]+
35,116.071246018,510.844815,817881964.8,3.11538091933,10,
37,116.090311998,88.856787,4545262.52383,2.28390141623,10,
38,116.107394349,225.877104,85528051.592,3.29871882864,10,
39,117.048503328,383.972319,1366150.84314,7.37289620547,10,
726,205.097141926,286.823157,2087963079.45,4.16513138646,1.0,[M+H]+
41,117.054958079,373.698456,2332036.24515,4.17365911252,10,
625,195.116266975,79.954896,12598372.7317,11.3575264901,2.0,[M+Na]+
44,117.110682703,71.5194,763930.791284,3.5412701466,10,
45,118.032525632,384.60081,1636887.8363,13.4948039457,10,
506,182.081248486,435.997464,2003657700.79,1.29291340732,1.0,[M+H]+
47,118.065420575,285.615633,433658903.116,5.8071928106,10,
49,118.105928339,81.803355,471264.496632,5.19173380136,10,
50,118.123010115,299.882616,71784639.1022,3.1405619964,1.0,[M+NH4]+
51,119.035521136,170.475567,32022699.4999,2.60457164884,10,
53,119.068835562,435.841218,6414621.62806,2.26632562804,10,
55,119.08574419,38.9157744,3126828.30822,2.36890333437,10,
3202,377.145849071,143.26524,19965728.426,0.952997646134,1.0,[M+H]+
57,119.126360916,299.722116,4170247.41404,2.80718838778,10,
828,217.082178109,652.04109,1882846.91404,1.61370867476,1.0,[M+NH4]+
1554,269.088014496,170.257215,2745551650.92,2.85946499366,1.0,[M+H]+
61,120.065943041,614.78217,195028496.199,1.62895648555,10,
62,120.065884402,772.41294,60789949.3415,11.2904838131,1.0,[M+H]+
3195,376.226608412,89.958006,35117604.9294,2.12349049403,1.0,[M+H]+
64,120.081092285,105.219987,106398832.892,4.66979516036,10,
1071,237.123510003,183.422232,618569997.746,2.08659268217,1.0,[M+H]+
66,120.080969948,54.172893,43228549.6876,9.2349362053,10,
67,120.081078282,284.20995,4108480846.49,3.55782152268,10,
1734,280.190564188,53.2350792,10212435.5638,3.40321672827,1.0,[M+NH4]+
69,121.039958906,99.813966,10948038.1191,3.55438285627,2.0,[M+Na]+
585,191.048583207,240.111828,17876382.701,2.4673542114,2.0,[M+K]+
71,121.065107512,162.452271,246377342.533,3.03334622297,1.0,[M+H]+
72,121.064988889,53.1327318,11782867.424,9.25838104273,10,
73,121.065041845,435.959016,20766047.4465,3.94631948115,10,
75,122.071591404,593.498937,340176079.062,6.70413452806,1.0,[M+H]+
77,122.104732509,69.566262,1023608.87686,7.11676440278,10,
79,123.055577876,594.144564,128689003.012,2.07770279187,1.0,[M+NH4]+
80,123.055473295,54.2935524,1317143323.83,10.5524965999,10,
81,123.055617482,565.693098,259443044.23,12.2240141271,10,
82,124.039560417,180.47184,50171970.3869,2.758620149,10,
85,124.052495174,54.2935524,8665931.14157,8.44786261555,10,
86,124.058915685,565.971822,17151097.1018,10.6543236393,10,
87,124.06341047,155.922027,337807.049778,2.2138350607,10,
88,124.999651738,819.81894,13557501.5527,4.48263522179,10,
89,125.042906447,180.974478,2890781.78911,5.96270699625,10,
704,203.987939652,495.784626,2699755.63353,1.33179512496,1.0,[M+NH4]+
91,126.022172794,447.405705,27097384.7276,2.98587631536,1.0,[M+H]+
92,126.066349738,169.605318,39711399.2286,1.02721021821,10,
94,127.025621156,447.690666,407922.686788,7.78173827514,10,
940,226.116361928,108.860529,5564370.08815,9.18194431971,1.0,[M+NH4]+
96,127.086673483,55.3612899,88940925.0247,11.4946873751,10,
206,145.097263928,279.138273,60464782.2203,1.52063152606,1.0,[M+H]+
205,145.108439912,1160.34744,107742026.333,5.20485344338,1.0,[M+H]+
99,127.097939865,286.513542,891677241.639,10.1677205233,10,
101,128.027941867,115.487337,7823731.72335,2.61982762087,10,
102,128.07628317,108.260682,467829.859738,6.78650909246,10,
103,128.090048221,55.4185095,5045046.5696,7.31623123111,10,
106,128.143606924,86.853876,49127549.0902,0.871790348672,10,
954,227.132672232,153.972039,1339510.82518,1.54617207292,1.0,[M+H]+
1181,246.170090276,329.122476,374028923.998,2.84707780573,1.0,[M+H]+
109,129.102550899,275.220861,360183124.663,1.4967265165,10,
110,129.121781685,310.130295,361065.737364,7.56529657414,10,
228,148.060556017,785.83362,975682348.5,4.13472488486,1.0,[M+H]+
221,147.076521978,678.97647,1872013668.69,3.9711812482,1.0,[M+H]+
114,130.045289188,574.499151,2270360.53689,3.16137791907,10,
115,130.065226831,40.670913,12489161.9131,10.7410014101,10,
362,165.113598791,155.271282,22748492.5564,1.22256390177,1.0,[M+NH4]+
223,147.112993881,1249.88766,964543338.617,7.8518798871,1.0,[M+NH4]+
119,130.086876254,346.196985,4863891.66311,5.85540126373,10,
1628,274.176217219,383.003133,35337589.3323,7.28370563909,1.0,[M+H]+
121,130.09778681,321.443232,333497821.73,7.31941125146,10,
123,130.097769301,275.220861,323858815.15,3.70842354491,1.0,[M+NH4]+
124,130.097757813,350.219568,787877346.302,8.73852904844,10,
2177,305.215328302,330.359382,380522.435694,6.14650976694,1.0,[M+H]+
130,131.070329471,154.320744,504940.545856,8.05377010531,10,
131,131.081624065,764.80656,28466307.3756,5.35586760838,10,
132,131.081674037,594.776253,19405393.8599,4.30824086239,2.0,[M+Na]+
137,131.10680406,40.0071618,219034.4312,9.09112176016,10,
138,131.118150693,514.123605,20349147.8598,3.85813589259,1.0,[M+NH4]+
140,132.021184822,460.116597,10838942.2209,2.21331213102,10,
143,132.054061263,786.30234,590731.919328,7.31720592891,10,
144,132.065685567,589.988343,47762181.6931,2.33536839373,10,
146,132.102185161,320.180421,5478705614.5,2.02190086217,10,
147,132.102209712,355.670403,1984564587.05,1.58665023549,10,
149,132.138450489,301.062486,1417071.5113,4.52160923873,10,
150,133.031916895,383.710341,78762921.9829,3.09279456072,10,
151,133.027897812,891.41496,1274099.06649,9.00185602621,1.0,[M+NH4]+
152,133.060949314,700.05105,165861834.482,1.42213900987,10,
153,133.060964495,774.26076,23326827.8758,5.82553314961,10,
633,196.097065059,265.565454,37644313.5033,3.42338651415,1.0,[M+NH4]+
157,133.097354149,1248.30717,34335636.7431,8.79575195301,10,
158,133.105389425,227.840856,29273397.659,6.07032840856,10,
161,134.032641917,141.245583,830118.36326,3.21414124252,10,
162,134.081373111,638.86605,4884361.85286,3.5579755989,10,
893,221.185961026,434.714076,490821685.009,7.03156420952,1.0,[M+NH4]+
164,135.030235161,127.316886,1078686.63164,8.2167509944,10,
165,135.977288133,651.82803,2270995.54285,2.49884504039,10,
166,136.014230061,373.891284,2390671.24084,5.05121803905,10,
167,136.042768568,89.207292,375980.886499,5.20988846303,10,
168,136.061927283,86.101974,193004789.001,2.92109833222,10,
169,136.061884732,99.881436,87496872.5482,5.52971060455,10,
171,136.075894599,250.623384,48172383.4009,2.96711593157,10,
1034,234.917226298,476.330499,4336541469.97,2.15169703298,2.0,[M+K]+
174,137.045893057,86.260785,63570891.1876,4.15346189574,10,
1058,236.168464342,435.372468,26789463.711,3.96575850808,1.0,[M+NH4]+
177,137.132504469,75.88023,5828759.00609,1.47125644365,10,
1222,248.993024584,514.488198,158585.462978,10.2553778701,2.0,[M+Na]+
180,138.055139025,456.653025,2792585875.82,1.42770654366,1.0,[M+H]+
183,139.050285893,373.238409,19840710.4553,3.93736972124,10,
184,139.052491045,170.725149,8702387.09592,1.64010149535,10,
186,139.122887389,58.3761018,45107230.5311,10.8761408226,10,
187,140.01086522,611.50938,6691296.68951,2.53829694986,10,
192,141.10234875,309.473988,73517866.9678,1.36581570163,10,
193,141.113494388,165.913683,32490737.6069,1.57911777388,10,
194,142.043373115,40.4807064,2258478.52096,1.8258375381,10,
196,142.105840678,426.236238,164688.273095,9.05092549651,10,
197,143.027571268,503.500929,3033045.51743,1.14062866147,10,
677,201.065695067,287.491176,15620885.781,2.28497803371,2.0,[M+Na]+
1400,260.185495325,285.023265,184388537.17,2.20366333944,1.0,[M+NH4]+
201,144.174761149,77.532468,521894918.119,0.502740751841,10,
1256,251.150138965,73.511418,2035174.52143,3.11423127265,1.0,[M+NH4]+
207,145.101181912,39.7321689,1240841.51469,12.2598529833,10,
209,146.043645373,593.864076,9698210.18557,6.55624285858,10,
211,146.092591517,651.70608,162179073.122,10.7033918509,1.0,[M+NH4]+
212,146.117720191,884.50848,167548909.306,5.80796525032,10,
213,146.117607921,172.469325,513925386.839,4.19716900833,10,
214,146.11773346,850.89045,4858221896.27,10.2126864607,1.0,[M+NH4]+
215,146.117732381,898.96305,108589948.296,6.51605037952,10,
219,147.076526652,722.6142,68277401.6785,9.72466566094,10,
220,147.076580209,708.34797,156162636.434,3.46707469585,10,
225,147.112995913,631.54386,75019819.0094,3.53019869816,1.0,[M+NH4]+
226,148.034519143,522.508755,42269152.453,1.74908813967,10,
230,148.108096915,1162.42686,41032876.7166,8.04967853775,10,
232,148.11402972,448.654299,6227633.95061,4.93132145679,10,
356,164.9562144,93.379866,8180717.14942,8.89575989908,2.0,[M+K]+
235,149.018662288,239.275422,12416023.0568,10.1697830549,10,
238,149.063881308,785.99424,53780744.5836,3.98434882819,1.0,[M+NH4]+
240,150.006587287,140.925081,1247099.52444,7.44121178573,10,
241,150.058508615,383.710341,504343292.68,3.38676375349,10,
243,150.064669984,785.83362,6957275.81467,4.57172722325,10,
244,150.077519681,298.235421,107161974.918,4.79069641819,10,
245,150.112605832,2048.01789,240894548.955,1.0103538456,10,
2989,361.187459122,197.988765,17574110.2166,3.89100383421,1.0,[M+NH4]+
247,151.04789651,679.13454,9064614.01834,4.22737596,10,
249,151.080806813,297.99846,5908127.26417,6.6132743795,10,
1101,239.148708943,57.4986447,57570387.212,8.16344486861,1.0,[M+H]+
252,152.031899401,679.13454,3771596.24756,2.54397232307,10,
2078,300.116919685,629.49702,3774064.87153,6.22557560009,2.0,[M+K]+
2044,298.114839962,127.395573,32838563.0413,5.00360309016,1.0,[M+H]+
255,152.056805895,184.242681,16208815.9377,2.77558110858,10,
258,152.064999047,96.42909,345538.815201,14.9420337314,10,
2513,327.141304624,373.564722,9303347.62896,3.56589685675,1.0,[M+NH4]+
1811,285.083016657,483.761931,48872258.4708,5.02890893047,1.0,[M+H]+
261,153.127392838,38.2863417,1801300.88687,5.69580917228,10,
1159,245.048557335,594.476904,6112480.38008,2.50028594743,1.0,[M+NH4]+
2194,307.044039928,373.519518,40049039.2999,8.28769132163,2.0,[M+K]+
1618,273.985691057,510.353076,4421520.44626,3.48828425846,2.0,[M+Na]+
267,154.069244566,72.41118,516630.652254,11.1477629769,2.0,[M+Na]+
1003,232.129311427,94.551429,2175126.99735,5.5905401891,1.0,[M+NH4]+
269,154.108698816,28.171005,1317788.16698,13.1933882478,10,
988,230.247827077,75.567423,59574240.0743,2.99650311265,1.0,[M+NH4]+
271,155.027500748,273.258183,2823783.47376,3.96547900978,10,
272,155.0274209,96.3117,993484.134998,1.18684195611,10,
273,155.053995015,130.448901,3560380.02147,8.99343577099,2.0,[M+Na]+
274,155.067845737,595.092177,893133.985745,4.28289186575,10,
275,155.08727954,2049.44391,761947.467467,9.4497152364,10,
277,155.129047938,1154.57232,10804859.6982,6.06473743246,10,
279,155.15434337,92.553231,42405903.9711,1.9410592313,10,
281,156.042120276,435.807945,801572499.105,12.3810683628,10,
1286,253.118367824,464.60076,6619944.81373,4.32811176629,1.0,[M+NH4]+
283,156.05897539,39.6706959,1953596.93375,2.65995146008,10,
1043,235.092622053,883.95477,18341212.4006,11.4058687979,1.0,[M+NH4]+
287,156.174709034,41.9522238,17459686.6574,6.95620513386,10,
288,156.845208465,71.014575,3788882.29956,13.7945665883,10,
2522,328.126957526,457.101054,9470227.53121,8.85385121811,2.0,[M+Na]+
290,157.076022185,286.865814,26694344.6744,4.59258987534,10,
673,200.220180476,74.090169,1423412.99073,4.89802556768,1.0,[M+NH4]+
292,158.024726395,89.172528,1153295.85941,4.16980331616,10,
294,158.074784207,87.171447,7738588.87071,2.21011531677,10,
295,158.083775331,287.262288,9682806.03099,2.9036523252,10,
297,158.128843406,1154.90877,59379805.9607,10.1499327976,10,
298,158.190335149,74.090169,189024772.715,0.909119865115,10,
299,158.843164142,70.856892,4309145.52797,14.554214426,10,
300,158.912618039,892.00896,4648106.41658,3.74784105349,10,
303,159.112740658,61.035231,33670253.4344,2.39145957825,1.0,[M+H]+
306,160.034675147,514.491006,31857380.0986,5.82148735596,10,
307,160.061817942,170.073135,19115959.71,3.2362750215,10,
308,160.070488111,87.11601,166773.81171,13.5164761383,10,
311,160.096795753,42.2019006,2124312.83388,10.6391397755,10,
312,160.108105879,133.380726,12977160.9098,1.19442081238,10,
315,160.133323911,889.84458,71086010.3419,1.41706975058,10,
316,160.13326588,285.41955,6808023.95116,3.0742470971,10,
320,161.079104466,135.246336,393906.883895,4.86829441995,10,
321,161.092228385,666.07551,65411149.1956,4.12667481137,10,
1110,241.154852118,614.33817,32783146.5951,3.76910411629,1.0,[M+NH4]+
325,161.132463913,38.4776166,9776713.37954,2.98158149988,10,
326,161.128645416,1322.15127,26635287.8631,3.37160230581,10,
327,161.128438807,291.919227,15946825.2205,2.38308640962,10,
328,161.136576179,152.498358,53046.0499199,14.4740877722,10,
888,221.095586176,444.172317,16683336.6477,1.90030194364,1.0,[M+NH4]+
5458,647.288467569,826.24062,1121466.56184,2.97087970754,1.0,[M+NH4]+
332,162.095449662,310.035393,414933.914246,9.04988564138,10,
333,162.112544967,785.99496,51154067.7399,5.6591267044,1.0,[M+NH4]+
820,216.149720767,85.42095,20344864.7706,2.87162859986,1.0,[M+H]+
336,163.03891997,39.5421414,7836629.39713,2.09660817228,10,
337,163.071407249,694.09497,16629291.1185,1.79304193715,10,
338,163.071463376,799.32492,9878982.62772,2.22042366316,10,
339,163.079546502,826.57914,1171498.98573,8.19265323134,10,
494,180.174642948,69.475854,687224137.186,0.587239982963,1.0,[M+NH4]+
344,164.029546356,614.78217,32612622.543,3.15858160653,2.0,[M+Na]+
346,164.05678262,121.175328,58274365.192,2.45319607547,1.0,[M+H]+
350,164.073897945,40.984347,1966827.73126,4.75952116493,10,
353,164.128247869,465.494325,46746606.1226,2.13315174674,10,
354,164.120250896,83.453694,11458917.4366,2.0009540115,10,
359,165.085173349,54.0128796,1364197.77982,7.19527827938,10,
361,165.102171516,54.172893,24910822.6595,1.85148824569,10,
364,165.123606625,83.546619,880461.269938,3.61735500992,10,
365,165.127417523,39.6706959,1401995.93852,2.35069907621,10,
366,165.163821032,37.3656156,3828712.57146,1.07251324395,10,
3002,362.095074484,819.93297,5663891.49265,7.08446714593,1.0,[M+NH4]+
1997,296.064657986,108.771822,49209997.4791,3.68277354148,2.0,[M+K]+
371,166.110885506,155.032851,237145.093229,5.27988292651,10,
373,166.117256403,83.453694,3762401.756,2.55725553027,10,
375,167.031590752,585.672303,12224283.3919,3.92207219315,10,
378,168.043844417,415.849656,23269288.26,3.62024789972,1.0,[M+H]+
379,168.049072158,709.38216,925835.880935,2.34303483626,10,
993,231.097764762,890.52978,12675277.2438,4.06594587948,1.0,[M+NH4]+
381,168.074331899,325.30356,295662.534433,11.2227978376,10,
385,168.104707948,108.542343,205990.589867,8.62400040978,10,
386,169.042916129,55.5966438,31460016.7853,6.04350155645,10,
390,170.024692126,735.21927,101003.476771,11.0486310146,10,
708,204.097946257,822.198,14837704.7412,3.1221249016,1.0,[M+NH4]+
393,170.039608281,415.801614,950424.233225,3.98482082861,10,
394,170.044896063,672.35916,471769.721106,1.47196590327,10,
395,170.044966686,640.09824,1503607.4697,1.41308929727,10,
396,170.047929449,332.12643,189386.059187,6.00704488336,10,
399,170.092510827,884.18631,125652048.456,8.24677985571,10,
401,170.190281165,71.365782,39607447.9103,1.54439127708,10,
402,171.02165772,573.856404,5166210.08497,5.00202598934,2.0,[M+Na]+
404,171.062777592,595.092177,9867486.1467,3.74120019726,10,
406,171.076482859,785.83362,41039249.9515,4.86315246363,10,
408,171.137903241,39.3820428,1811966.43426,3.6739290363,10,
411,172.066135428,595.128066,553344.529629,9.69999031669,10,
414,172.169745393,268.085838,42145205.4925,5.13637746764,10,
415,172.189033449,81.893535,653307.1408,8.73572461409,10,
416,172.205912265,70.105044,22064465.8953,2.84960523888,10,
1191,247.058019097,611.50938,67966288.9591,1.22083658773,1.0,[M+H]+
418,173.021034584,767.02116,3763136.23762,1.49971370879,10,
421,173.070863446,51.0837282,13639729.9074,6.21741184739,1.0,[M+NH4]+
422,173.078351062,57.1873965,19087580.509,4.43450730357,10,
423,173.097735329,2051.43432,505326.210057,12.6850780857,10,
424,173.132505632,38.1618696,3624187.52345,0.673806156441,10,
425,173.128501007,318.562431,116293781.068,8.76186540782,10,
426,173.153626965,38.6353029,492738.778488,11.8256090256,10,
427,173.164986899,160.15182,475391.344062,3.17212331108,10,
429,173.173006185,36.5410668,252023.902636,8.729449073,10,
431,173.998703909,89.014872,298247.906667,5.00386653708,10,
433,174.087393157,679.18842,12682813.7242,14.5578565348,10,
434,174.087511331,887.18448,13669520.2363,10.4927287423,10,
774,209.177442447,37.8456804,1266015.95073,2.86665590264,1.0,[M+H]+
1863,288.084770672,107.180577,4428956.8877,8.78817803029,1.0,[M+NH4]+
892,221.11334098,578.01654,60895142.9083,2.17823871571,1.0,[M+H]+
439,175.107937052,500.80488,32451225.6573,1.25750581006,10,
440,175.108024174,515.896248,1382990.9555,8.65588178781,10,
442,176.00862017,510.521826,51208798.848,4.60038660946,10,
443,176.010963223,459.981687,736978156.851,1.91835015558,10,
1728,280.129267816,356.785578,65949839.3714,3.3869167202,1.0,[M+NH4]+
2373,317.189263016,87.750006,1558005.18156,14.207728506,1.0,[M+NH4]+
446,176.085278831,384.573441,883117.735456,10.3026745606,10,
447,176.120089819,80.993562,2022245.98476,2.75523300827,1.0,[M+NH4]+
450,176.164650548,546.23322,137803779.339,0.410018089115,10,
451,176.87539106,485.449278,49899379.2026,3.33929222525,10,
452,176.875553787,514.2903,1216705.70482,10.2564052988,10,
453,176.875365861,467.145042,43506169.8672,2.54827165721,10,
454,177.000030346,107.498514,1002463.9886,10.661823922,10,
457,177.04357038,151.463871,38267147.8367,2.35937160816,10,
1981,295.129176015,615.11343,28674333.2272,2.74900795085,2.0,[M+Na]+
461,177.087195666,640.13652,51047176.6618,2.5543476803,10,
462,177.087105936,734.5116,39888873.8658,2.59789775379,1.0,[M+H]+
2157,304.213582082,78.019875,1241194.08326,7.17155797923,1.0,[M+NH4]+
465,177.134565576,437.315499,24767953.9781,14.4535225896,10,
469,178.024184071,443.887668,15621459.7279,5.35067999445,10,
470,178.084219027,735.70404,147270.379456,9.43324989794,10,
472,178.105590666,39.2293971,233895.339517,3.8780628101,10,
1716,279.210211275,81.098412,6922900.59611,3.34305336364,1.0,[M+NH4]+
475,178.134019333,118.366695,154205953.048,2.08833413465,10,
476,178.143795206,279.776829,11384015.9729,2.90348874509,10,
477,178.873460698,466.758573,9420852.01712,4.00023966863,10,
480,179.037389338,666.927,6819320.61618,4.90570961477,10,
481,179.073683426,822.32985,4518144.26609,2.63660584554,10,
482,179.085001792,118.527318,4607917.86853,3.66449548659,10,
483,179.10665322,39.884601,977740.073213,8.56244028278,10,
1271,252.215521021,140.765025,507213.418372,7.92748226462,1.0,[M+NH4]+
2843,350.086401525,122.859297,3939877.13463,7.70337512747,2.0,[M+K]+
490,180.087960314,78.910695,13690105.1773,2.76656685176,10,
492,180.140852028,118.366695,525152.69169,9.62104226063,10,
493,180.17455566,45.4628241,52539866.2643,4.52708052796,10,
356,164.9562144,93.379866,8180717.14942,8.89575989908,2.0,[M+Na]+
901,222.189240896,434.657637,51540742.0223,6.40648517763,1.0,[M+H]+
953,227.113972896,1001.53632,6465982648.25,11.1350707818,1.0,[M+H]+
2515,327.155001305,40.357788,626116.711804,6.96437443737,1.0,[M+H]+
821,216.151324279,71.959509,594234.71081,9.8946733984,1.0,[M+NH4]+
2002,296.152676344,38.3786394,6104341.96812,2.55765117096,1.0,[M+H]+
503,182.057901499,805.06743,962332.302572,3.37970838242,10,
504,182.074825108,149.749686,945809.475733,4.39564610476,10,
1138,243.080039224,93.282129,11225049.6138,4.73035973465,1.0,[M+NH4]+
507,182.098077127,61.134879,385177.074875,13.9671509372,10,
509,182.125695418,39.7974954,631278.008149,10.0931451552,10,
510,182.165250714,324.767514,19496340.3567,2.90206359529,1.0,[M+NH4]+
512,182.888456544,492.843282,59057285.5508,2.33089057593,10,
513,183.00544361,585.378654,1882024.18333,1.899224139,10,
514,183.053082067,76.543383,1403180.44983,4.36534533753,10,
1470,265.052235332,1142.5902,56106672.652,6.64065104018,2.0,[M+K]+
517,183.101757332,85.783542,1536849.32126,3.68876364781,10,
518,183.174344607,37.7470188,2083600.43947,4.9561985311,10,
520,183.965230905,891.48684,4656120.72438,5.39240158976,10,
1645,275.134890442,764.31336,31373209.0402,6.70633320739,1.0,[M+NH4]+
1350,258.11025937,819.84261,5371659793.99,6.59145481164,1.0,[M+H]+
1299,254.12154903,332.690898,31943375.4363,1.69382243918,1.0,[M+H]+
876,220.11811113,349.120158,293475319.114,3.39750937209,1.0,[M+H]+
526,184.094591488,523.756251,3248221.81978,5.957677607,10,
528,184.10824195,647.87358,10261916.047,2.140527194,10,
529,184.169519444,61.439424,15646244.3457,2.53669259362,10,
533,185.076622202,819.98664,2144946.74151,3.38479350874,10,
539,185.998743871,384.033843,644700.887283,9.38414435113,10,
543,186.123937878,505.21575,1284478.79105,10.8402134461,10,
1106,240.231973101,64.996722,21486916.5337,1.35576927597,2.0,[M+Na]+
2851,351.001558052,528.692682,7255857251.16,0.477080978178,1.0,[M+H]+
710,204.098216447,640.05294,22482696.0141,2.31240905936,1.0,[M+H]+
938,226.079970827,736.19502,1374516.287,12.8920207387,2.0,[M+Na]+
551,187.096419765,39.7321689,3160243.14753,2.05114334515,10,
552,187.18865544,160.534284,504141.062622,3.10210705648,1.0,[M+NH4]+
555,188.037576001,279.80634,861400.311695,10.6469154498,10,
557,188.066761484,668.74848,243570.819403,5.06051208679,10,
559,188.079568218,109.090626,10151824.2638,3.99571340973,10,
560,188.115516704,1304.62503,5476625.25473,2.1672173103,1.0,[M+H]+
562,188.139484025,652.04109,23624790.7062,11.686727909,10,
563,188.139422871,693.10449,17547302.9841,14.192351895,10,
564,188.200858423,35.5205772,369458.422932,12.1151602263,10,
749,207.097824149,644.21418,81574217.0707,5.31905398075,1.0,[M+H]+
568,189.123427157,424.740228,147612608.988,1.66267947594,10,
569,189.123425985,410.027442,50272780.9569,1.34331583733,10,
570,189.134694872,369.173028,12668572.0777,3.92962942575,10,
571,189.134660912,343.675716,38362310.1991,3.79247089282,1.0,[M+NH4]+
573,190.012629325,183.709908,2358921.58004,9.45474517498,10,
1528,268.080912488,493.4079,634935.610533,3.76259427852,1.0,[M+NH4]+
576,190.082259388,848.66166,9218960.26533,2.40779342966,10,
580,190.117088886,76.19298,1348437.242,5.32756227453,10,
582,190.143878652,793.07553,7789877.60487,13.8042362876,10,
583,190.135618177,76.699881,63997748.0764,0.897692282018,2.0,[M+Na]+
584,190.180202793,82.073799,10397373.2945,0.80408186331,1.0,[M+NH4]+
588,191.085595097,692.71416,923580.647053,0.925000739615,10,
1692,278.134917059,660.93702,10266542.2644,2.18262494138,1.0,[M+H]+
592,191.129087561,161.1447,7254590.74174,0.443515819238,10,
593,191.142967937,38.2863417,2938683.94418,3.89952848496,10,
595,191.18358342,82.233486,944913.500118,1.28987272774,10,
598,192.039764488,355.670523,22754333.2261,11.9383880428,10,
599,192.099456365,660.82149,157807.376974,9.93902022267,10,
605,192.151262788,74.628114,684299.495254,9.48116901673,10,
607,193.049553676,40.7943213,1031996.46158,8.34692679569,10,
608,193.064361803,388.963572,433831.325994,7.4696000233,10,
2264,311.124015026,709.6743,4342343.95727,12.8635648819,1.0,[M+H]+
612,193.982753275,807.05712,798232.325087,10.2165739373,1.0,[M+NH4]+
613,193.998140834,462.497598,44767217.4033,4.36169464368,10,
614,194.022351985,383.710341,15898950.6,5.4110382125,10,
615,194.067386222,373.564722,5913135.65855,2.68534977852,10,
616,194.067227571,69.497748,25794503.151,3.00953729836,1.0,[M+H]+
619,194.103519889,60.362304,1709907.64712,3.62610528072,2.0,[M+K]+
620,194.153967009,40.670913,9062603.23792,3.43665173739,10,
622,195.002975984,766.86978,13300845.7083,3.9704074569,10,
1966,294.136967452,37.6841058,1074957.83316,5.86614662964,1.0,[M+NH4]+
626,195.12260942,56.3554455,66451284.0385,1.56199182828,1.0,[M+H]+
628,195.978908109,510.153054,195666.287446,5.27675447731,10,
629,196.046678264,152.773272,730868.150351,8.22337451446,10,
4329,504.241562819,666.28584,578726.798496,5.03861921268,1.0,[M+H]+
632,196.083123207,109.019778,5400712.90154,9.09027398906,10,
2889,354.071787405,487.386933,40645779.6121,2.2310689987,2.0,[M+K]+
639,197.06862278,60.875214,2242243.67906,7.02919652538,10,
640,197.084291127,759.96399,5301854.58248,3.36723905329,10,
641,197.086461781,108.89742,319131.239324,13.5284147294,10,
642,197.090627362,37.7470188,375800.28129,5.83294909529,10,
644,197.107495837,81.734157,3977895.55912,4.42512559884,10,
645,197.109168826,36.3149664,3094668.97117,0.620376973551,10,
646,197.153720294,38.8861998,1651311.99619,5.04365675765,10,
648,198.010565936,2055.79344,129325633.464,9.36866549691,10,
4015,466.073584492,510.521826,407995.430795,11.0229431054,2.0,[M+K]+
650,198.062375101,195.953541,4340982.17411,0.951313225353,10,
813,216.063266652,767.02116,566750603.312,1.18449924973,1.0,[M+H]+
652,198.069552624,89.707812,1614678.91081,4.12401448273,10,
653,198.085028018,730.8999,2181879.81067,6.96597857701,10,
655,198.089170076,711.0102,5412214.94455,1.2726779812,10,
656,198.974454818,378.77736,610603.896069,4.48192430463,10,
660,199.079738917,505.240347,203500.275907,6.03578345127,10,
662,199.090655212,279.48747,1112369.20761,7.95503831078,10,
2564,331.144959267,35.2285989,212774.470905,10.0077960769,1.0,[M+H]+
3949,458.347693215,38.9157744,3149414.94044,1.93648663288,1.0,[M+NH4]+
665,199.193064182,37.8456804,182370.717404,13.9342861457,10,
667,200.054365647,107.180577,1848604.62088,11.6173911579,10,
670,200.085093751,55.5393588,79466516.242,5.92647092206,10,
672,200.172554413,38.1618696,204939.22056,13.3741914028,10,
839,218.048373618,124.140351,35027256.7774,1.75957366021,1.0,[M+H]+
844,218.113673184,689.50269,34718773.2829,12.3937698963,1.0,[M+NH4]+
679,201.088438617,55.4405208,6006750.2362,9.19205978319,10,
1834,286.103380852,96.368952,5140909.65784,3.58163121925,2.0,[M+K]+
681,201.184841292,38.0630205,2072756.77947,4.29052814658,10,
683,201.990425894,495.787716,7444533.39832,5.86353166429,10,
860,219.097628217,818.31942,33367589.2308,4.18988554094,1.0,[M+NH4]+
686,202.086265395,40.7943213,3834605.50783,3.83707775813,10,
1429,262.118666412,332.726853,75566869.1998,0.763128915334,1.0,[M+H]+
688,202.090415922,689.84712,746491.205481,9.12953869025,10,
689,202.101078082,197.3442,15986498.079,1.62843952053,10,
2267,311.146385871,116.644473,8427544.22349,2.86405786819,2.0,[M+Na]+
692,202.138258259,96.952944,232240.503522,9.62848338624,10,
693,202.154960642,435.411042,5896800.73407,3.92122983252,10,
694,202.18031384,124.140351,96714572.1552,13.5636225157,10,
695,202.188289638,37.874565,166590.262098,12.0540244466,10,
696,202.969453563,519.376887,58370700.1196,1.9167010844,10,
873,220.092978143,707.00925,9095591.08956,3.94079648947,1.0,[M+NH4]+
699,203.139229663,416.817963,169752776.853,2.32706825709,10,
700,203.138963706,54.3819768,10812001.5879,6.70574395136,10,
701,203.139168205,334.215876,430392586.314,1.999686318,1.0,[M+H]+
702,203.139145761,681.35991,21605374.8303,4.16891247897,10,
1372,259.107198421,1156.13532,42220075.0822,3.07206860176,2.0,[M+K]+
705,204.028430476,114.256854,998006.636316,8.0198220887,10,
706,204.028385682,93.563616,623175.953027,8.47131964365,10,
709,204.09815334,790.54053,22259649.1248,5.33401708431,1.0,[M+NH4]+
711,204.097956218,82.693095,493573.699167,8.86511698476,10,
712,204.101993754,40.082544,394460.278394,13.8768964922,10,
713,204.123253765,585.537027,2399162890.71,1.57860962199,1.0,[M+H]+
715,204.113433103,109.409628,18254771.1072,3.17600322146,10,
719,204.134534555,112.55319,40855479.1712,0.843661447537,1.0,[M+H]+
721,204.151426921,74.058279,905818.628425,8.80504380457,10,
722,204.153609694,1155.84693,175464976.89,8.86968043053,10,
723,205.056942321,109.46088,365177.097547,14.9816286495,10,
1758,282.118542274,860.30235,6926985.22332,2.30976282032,1.0,[M+NH4]+
725,205.083323792,121.29906,2214886.30434,4.76736865684,10,
728,205.101818702,736.40424,211380.107624,11.2362050401,10,
730,205.118418219,764.80656,1848971730.76,7.22587613167,10,
731,205.118549169,708.20154,542770007.103,7.97048338201,10,
732,205.1185924,511.364163,69241434.2774,1.60596679461,10,
733,205.118501766,785.68464,417291502.765,6.20512263414,10,
734,205.118494278,489.165036,22176385.8273,4.44296916718,10,
736,205.961724362,466.660446,14584616.2023,1.36192045782,10,
738,205.998274768,492.582033,5385436.33984,2.32862996348,10,
739,206.059682281,666.35898,167587.303189,13.7508542722,10,
740,206.081620947,435.959016,6548702.89394,3.05746346772,10,
743,206.130693198,96.819996,184188.433735,7.08379653557,10,
744,206.849677954,497.463984,490897.983462,5.71108500905,10,
745,206.965004335,466.174944,683870.309719,3.93804450587,10,
747,207.08005196,519.0612,4426324.99287,12.3479759592,10,
748,207.097677084,97.902918,4203394.77667,2.7100870313,10,
750,207.112699793,283.822419,75351883.6813,3.31517344335,10,
751,207.130103403,585.913062,1606097.50417,5.88653580504,10,
752,207.159089605,40.0448529,4381042.92033,3.57713028614,10,
753,207.168686459,82.209702,136486.303548,6.64784186459,10,
756,207.97751856,589.630446,64599.5739532,13.0076829065,10,
759,208.009302463,41.7051846,263853.190601,11.7383537964,10,
760,208.057934408,585.378654,3968929.61264,5.11187792506,10,
761,208.07154737,165.204156,387157.055796,9.54951836453,10,
762,208.075226671,1141.30686,365059853.106,6.40024964114,10,
764,208.111508622,80.464977,2419548.21329,3.75619165351,10,
3309,387.198716034,678.97647,2941905.22716,11.7075651366,1.0,[M+NH4]+
768,209.075662387,412.832757,115082.882877,11.8073218416,10,
769,209.092048761,294.293778,14495150.0355,6.18545123084,10,
771,209.128667007,240.611088,422586816.503,2.04507315041,1.0,[M+NH4]+
772,209.153600302,38.2272579,6195797.81122,1.9010298897,10,
775,209.184248653,80.51391,429768.498117,8.36771466909,10,
776,209.996277603,383.710341,9655154.85776,5.92829960725,10,
778,210.110139269,122.293044,3048588.34704,10.6365809797,1.0,[M+NH4]+
779,210.106809775,145.030146,762636.825122,1.52720200365,10,
781,210.135053235,96.530706,5122868.74848,2.29218410432,10,
782,210.156933883,37.8099318,588650.785789,1.51525221626,10,
2155,304.186766609,339.953679,25594958.3812,4.25691006601,2.0,[M+K]+
787,211.163412795,70.151856,685272.878824,5.01736324259,10,
788,212.004117142,41.7649668,119838.835745,12.7282367702,10,
789,212.078015357,84.616587,1584429.07045,3.30603675378,10,
793,213.027304769,831.02634,216568.15173,5.81369415014,10,
1196,247.103864202,757.11528,12878072.0294,2.50613315837,1.0,[M+NH4]+
795,213.066811022,79.273686,3106313.11438,9.39648705383,10,
3064,366.264228358,140.282643,28896875.3212,2.34789377045,1.0,[M+NH4]+
797,213.08712398,890.58372,11464606.4844,13.1413464341,10,
798,213.084535128,577.561512,365827.588661,9.91426727258,1.0,[M+NH4]+
799,213.113514386,146.888979,198045.762748,5.74300273436,10,
800,214.006431066,785.99349,1554664.057,10.5323650366,10,
801,214.068788251,95.503107,3282274.65812,14.8286121237,10,
802,214.135718039,69.372261,1474418.87223,6.85366709732,10,
803,214.155082854,345.204495,15004512.0873,3.03562278405,10,
1005,232.129505978,505.188672,33989461.9999,0.994797449177,1.0,[M+H]+
805,215.129423148,146.828955,2072433.73486,2.28159875675,10,
806,215.139250679,699.04374,407498608.933,9.46370892774,1.0,[M+H]+
807,215.164167063,40.1973408,414415.687177,9.21667529326,10,
809,215.978408168,69.114864,980909.061421,9.41634415966,10,
810,216.032790063,198.47457,5245800.2709,1.43474957672,10,
812,216.043898147,394.688244,456344.674079,9.30389314799,10,
814,216.065761043,497.460048,102835.443465,4.90473367408,10,
817,216.128807719,43.2375162,176908.985442,14.1219076179,10,
822,216.149667195,138.220008,7816668.98627,5.9523081273,10,
1973,294.213596318,435.182697,3106169.0543,6.41928395948,1.0,[M+NH4]+
2278,312.143402943,105.1563,22064195.2745,3.11316346539,2.0,[M+K]+
825,217.035321789,510.521826,1230594.98188,5.73941852563,10,
826,217.056325417,752.11758,248153.094514,2.40344235322,2.0,[M+Na]+
829,217.083638856,429.250668,1213988.51929,5.82654009791,10,
831,217.107111484,40.0448529,7922244.03828,0.859594582835,10,
832,217.129704003,670.2195,8264878.79552,9.75961703463,10,
834,217.162487529,39.0073224,456565.987567,9.41923336409,10,
835,217.154739876,317.50938,407814043.56,2.94126006655,10,
836,217.154906624,241.238754,243742893.211,8.08526045874,10,
837,217.153088377,138.060699,1096673.88513,6.25730018762,10,
838,217.16598292,328.008105,1906128.73552,7.03701838098,10,
3228,379.189337658,54.7958274,927390.495122,7.84312756901,1.0,[M+NH4]+
845,218.113744451,107.233896,1654206.17206,2.4165690253,10,
846,218.138969484,510.521826,7320629.69443,7.01515574816,10,
848,218.150007465,88.698996,3941788.49921,1.91084122653,10,
849,218.150144063,1200.40068,27975746.7122,7.92985018482,10,
851,218.211460649,38.12568,1659447.2872,2.15735192394,10,
1697,278.95192072,487.43655,8653467.33901,9.14375013892,1.0,[M+H]+
1698,278.951845079,463.95321,8446038.32203,14.3460023723,1.0,[M+H]+
854,218.943567646,516.776382,12924771.1588,1.80233110503,10,
855,218.9749131,891.34308,7226636.22308,6.48594486056,10,
857,219.071808612,576.895857,7644232.33451,5.01520907468,10,
858,219.080249942,143.657001,8418147.77613,9.98101781332,10,
2773,345.080926159,784.875,16955635.8043,11.1456498021,2.0,[M+K+HCOOH]+
861,219.093077109,576.659382,327820.32072,10.8115626194,10,
862,219.098966326,322.270236,670272.76868,8.66373392078,10,
863,219.095495967,286.077048,8589847.91369,4.51843479604,10,
864,219.116789529,763.99275,3328063.21024,6.94232223039,10,
865,219.11284707,40.7943213,4160716.51063,1.79900289456,10,
866,219.133793925,58.2768333,21868636.6717,2.86431325568,10,
867,219.134009572,401.414862,249839749.59,0.976781618799,10,
1304,254.24763206,63.54009,326557202.409,0.671073363394,1.0,[M+H]+
871,220.045563574,456.020712,1145426.87166,10.3400243449,1.0,[M+NH4]+
872,220.092905894,759.94494,22887562.201,2.81935753501,1.0,[M+H]+
874,220.096999946,90.401382,2335305.04118,1.82570731282,10,
877,220.116059071,40.8238368,432960.30396,7.6898413077,10,
1629,274.176185466,421.310535,22674311.7821,1.39798616058,1.0,[M+H]+
882,221.018517878,819.88509,22944966.6171,14.4788717803,10,
883,221.030100854,666.11541,2284493.35796,2.35730609158,2.0,[M+K]+
884,221.032515458,83.334594,976685.223204,8.1845113916,10,
885,221.051147114,639.88359,3370534.49121,4.37561383305,2.0,[M+Na]+
887,221.095575878,340.638954,13715805.9664,2.36551428137,10,
889,221.090173367,759.94524,147881.673632,6.56805866269,10,
891,221.113178265,76.19298,10204065.1482,3.58418546853,10,
894,221.201153941,65.45775,4704426.73855,3.1602246725,10,
895,221.959189098,495.200778,4261606.45542,12.1083075196,10,
896,221.956608848,510.282414,388736.211114,11.4837502621,10,
898,222.019805453,137.954682,3498349.99638,7.10987938694,10,
3319,388.207872733,51.0404811,5674820.93852,9.01780324119,1.0,[M+NH4]+
902,222.823608326,493.937658,2758517.76688,4.8899586661,2.0,[M+K]+
905,223.091366735,444.172317,602830.882751,8.0161906736,10,
906,223.091170247,340.152762,473553.152676,7.67547670862,10,
907,223.09401396,142.00719,1091492.29337,9.76590049928,10,
908,223.107770549,408.059355,69925149.3344,1.07435468732,1.0,[M+H]+
909,223.107697404,317.666565,52964071.6656,2.46027571002,10,
910,223.10785229,238.67688,16958152.8758,6.07302738287,10,
911,223.10766921,435.997464,21884664.8436,1.7622545106,2.0,[M+K]+
1703,279.086292179,348.735288,198904.919957,8.69719317001,2.0,[M+K]+
913,223.180575214,81.367296,14910617.857,6.5976349746,10,
2505,327.024687962,496.093101,1826160.55804,4.18673821578,1.0,[M+NH4]+
915,223.972402034,462.6834,2159672.1715,3.31210217618,10,
917,224.036111478,2051.9589,346375.659382,6.18656792478,10,
918,224.092227079,158.489661,8922926.58699,3.80301268863,10,
921,224.136975991,673.67862,916532.603961,5.98867606271,10,
922,224.158547718,68.430828,1210053.25858,8.38778973773,10,
923,224.150797782,108.649527,8383860.38188,4.6130982804,10,
924,224.185603275,39.9458814,1960098.61464,5.78164970005,10,
926,224.821229999,493.762878,1336457.61945,3.03199264734,10,
2892,354.148424757,165.288255,1308711.61102,4.17886418674,1.0,[M+H]+
928,225.080691925,303.885444,377640.52252,2.84217572598,10,
929,225.120978303,417.178782,677542.072253,8.41268531511,10,
930,225.134578328,170.753337,649163307.075,2.51768150242,10,
931,225.134511497,61.439424,255390.218382,10.072061933,10,
932,225.179021969,89.484015,1263363.22922,3.53963057465,10,
937,226.082326734,116.127021,49976697.4687,3.19212034095,1.0,[M+H]+
942,226.126298479,349.423146,100715.213999,10.5446130468,10,
943,226.137810866,170.59734,65913883.9998,3.57275006973,1.0,[M+NH4]+
944,226.180004443,60.561846,17123885.606,0.702199049298,10,
945,226.191616806,211.838865,56489695.8166,1.20269791067,10,
946,227.027398868,281.739039,2640213.38,9.21682886502,10,
955,227.164134725,39.3205731,1117355.57279,3.04403691938,10,
957,227.211760109,40.2587499,1415096.02829,2.48021828583,10,
958,227.975204471,349.248582,581589.69833,2.44714449427,10,
959,228.021894121,528.692502,367160780.138,4.80564283527,10,
960,228.097961259,152.025738,25083667.8893,2.23596284426,10,
961,228.099702411,917.43534,27436814.7126,3.35981316734,1.0,[M+H]+
1458,264.119229028,796.40733,10939901.4652,2.29095839335,1.0,[M+H]+
964,228.117122109,1001.44356,634602369.289,9.85780515301,10,
3932,455.323725538,40.8852489,1245213.55385,6.27478095213,1.0,[M+H]+
3027,363.336837826,61.502082,727052.4396,13.7861895472,1.0,[M+NH4]+
1472,265.062932528,2051.9589,698326.647987,2.63707413931,2.0,[M+H+KCl]+
974,229.13367377,40.670913,1615260.62158,5.1811230886,10,
975,229.15489728,812.73975,435037629.878,12.2049472124,10,
976,229.154642251,134.463084,68571856.9728,3.21773216598,10,
2664,337.296189024,334.000092,4005250.08349,4.25977706899,1.0,[M+NH4]+
980,230.0595556,375.693024,8969496.31011,2.15167607378,10,
981,230.079065991,750.0024,2123859.74279,3.14168914203,10,
982,230.095899728,422.606214,12755578.4424,0.981392569315,10,
983,230.10261548,83.73954,194959.773526,6.59491534408,10,
2853,351.185321864,236.914116,14620454.3307,5.94524307848,2.0,[M+Na]+
985,230.128947466,148.276632,2426886.26385,4.36495206458,10,
987,230.211437505,40.1677623,1805349.52506,2.94192922426,10,
1465,264.891638341,494.83533,9606443.19434,4.51056896236,1.0,[M+NH4]+
990,231.035334981,517.461648,217390.402248,14.5278482813,10,
991,231.026276991,811.71396,767953.656884,7.43889199928,10,
995,231.101288125,1249.88442,15267161.1608,3.27358586892,10,
3957,460.255350737,172.937139,26916366.3307,9.60090632969,1.0,[M+NH4]+
999,232.027280304,48.3420246,7682717.27724,6.25754511775,1.0,[M+H]+
1000,232.043611792,150.296646,3036454.69802,7.04605370758,1.0,[M+NH4]+
1001,232.043545932,163.085508,1850466.00047,2.67388245483,10,
1004,232.129369781,594.174099,38383327.9954,2.15408910963,10,
1006,232.140567613,1173.52329,12311526.1709,7.73718076882,10,
1007,232.154425405,410.302278,84708942.796,1.83487807623,1.0,[M+NH4]+
2634,335.305875534,84.951465,117261420.595,0.77376067624,1.0,[M+NH4]+
1010,232.949242546,116.401074,1709143.33347,12.1671170376,10,
3874,448.978792128,520.633386,81662692.8079,1.73721169576,2.0,[M+Na]+
1012,233.019107835,515.842938,409814.286928,8.16980715855,10,
1015,233.084226585,39.1344933,3188555.80908,3.26616811454,10,
1017,233.095816917,95.46408,3209446.96577,11.7158440932,10,
1019,233.149404263,54.0702282,22876576.7809,2.08385896153,10,
1023,233.967330014,510.909924,370413.717349,3.67875148402,10,
1025,234.043295893,94.013796,4616938.80656,2.10400950818,10,
1026,234.038803593,108.012279,1112339.23914,6.27614428944,10,
3608,418.071210741,692.44563,383342.38619,2.78981625617,2.0,[M+K]+
1386,260.058733762,40.670913,44660397.8073,3.49537814091,1.0,[M+H]+
1030,234.05039619,126.507144,2888651.24002,10.0110818494,10,
1032,234.108665319,782.15172,15009610.5012,4.07444524343,10,
1033,234.145093809,1056.83019,34708597.7034,7.86495200101,10,
1035,235.045852562,576.895857,2593379.0707,3.84138102391,10,
2579,332.121988446,499.476564,760781.569587,4.04253009975,1.0,[M+NH4]+
2405,319.140324341,383.20728,7035945.66981,2.58677085268,1.0,[M+H]+
1246,251.029280985,122.13639,5165955.24925,9.4484119006,2.0,[M+K]+
1039,235.066761412,659.61708,2678522.58027,2.99450564522,10,
1040,235.069296745,137.251671,2199661.98138,4.80486552694,10,
1045,235.119113595,84.092874,17505354.7648,6.59383129684,10,
1046,235.128980766,547.820025,3807058.89179,3.88036470727,10,
2774,345.094633667,63.973239,7028535.91069,7.17146824197,2.0,[M+K]+
1056,236.149404033,595.092177,670811371.654,2.96354667888,1.0,[M+H]+
1061,237.004005611,666.28584,448138.15866,3.8584107374,10,
1064,237.043999809,500.776494,291976.963998,5.42606802307,10,
1065,237.075708194,40.357788,1029131.79926,6.2984018863,10,
1066,237.087136151,368.038704,5674290.1588,2.01250576299,10,
1067,237.090399883,439.450008,24888400.8078,1.42240434532,10,
1068,237.090513975,759.28755,1719182.80488,3.69381477467,10,
1069,237.090627852,670.2336,1084567.2424,1.8612205651,10,
1073,237.123382176,321.917355,152210478.835,2.77313208997,10,
1074,237.152774136,785.67405,4407347.53855,11.2244953256,10,
3714,430.2437271,78.352068,5170152.07341,6.65323911111,1.0,[M+NH4]+
1077,237.207482324,150.074247,888596.994868,2.0730285613,10,
1079,237.930721019,509.861577,1074045.91113,4.3304525129,10,
1081,238.093592444,229.204365,43140853.486,1.55398750626,10,
2489,325.139586197,1157.90208,13481311.0422,2.17622932437,1.0,[M+H]+
1087,238.126679138,321.917355,18785262.3807,2.44012805497,10,
1088,238.130090055,150.4845,263658.499892,10.8073926272,10,
5241,614.483510548,40.0448529,14696855.1026,2.99418179223,1.0,[M+H]+
3741,432.869246321,476.330373,620882703.129,1.72728048377,2.0,[2M+H]+
3140,372.112211676,551.634048,6664995.16495,4.78838055042,2.0,[M+K]+
1097,239.102700248,443.694507,19525132.7962,2.05186320126,10,
1098,239.119717794,85.687674,641267.542888,11.8918134404,10,
1099,239.136629065,317.50938,2538988.72052,8.9771379084,10,
2688,338.98902218,510.909924,524043.039595,9.25341574755,1.0,[M+H]+
1103,240.048850671,767.33394,1071866.89513,7.51516599544,10,
1108,241.085390209,510.94377,324519.884245,12.901907327,2.0,[M+K]+
1109,241.137754597,314.728431,205551.823476,13.606416758,10,
1111,241.154678132,457.916892,201145586.509,3.32389832436,10,
1112,241.154833899,652.04109,54234659.3759,4.86361186299,10,
2682,338.241803796,41.8857756,337068.938291,8.97302274925,1.0,[M+NH4]+
1114,241.154780446,788.30451,221139684.602,9.87623248356,10,
1116,241.203841624,217.787283,6064756.19997,1.18180306366,10,
1117,241.20373712,2049.38502,1593396.51674,1.65564767969,10,
1118,241.227279119,69.944406,518555.634832,4.06365308574,10,
1119,241.705483946,2049.50226,477614.104498,3.76148115533,10,
1120,241.997879794,281.42529,15050906.1053,5.58366394483,10,
1121,242.018985473,437.942871,20234168.4492,13.807999014,10,
1125,242.077260001,231.637647,23148434.2183,5.76226078631,10,
1128,242.095891411,305.558385,799338.174565,3.56812127221,10,
1129,242.090376571,109.179345,6217230.92356,8.84084152231,10,
1130,242.117037374,141.657555,135498.642467,11.5457598153,10,
1131,242.141634475,36.5094054,8439150.96725,1.23202262641,10,
1133,242.247580566,58.002576,3550806.14123,4.11260282368,10,
1134,242.284015438,64.16427,29650810.466,13.5525417045,10,
1135,242.96229148,518.378118,1090434.1405,8.67726441106,10,
1141,243.24344157,326.001936,266185.722145,9.30591238226,10,
1144,244.046260679,647.87358,74283.0861726,8.35099211152,10,
1146,244.07906808,283.857618,52969835.6464,13.0548821814,1.0,[M+NH4]+
1148,244.094726631,753.15522,1715523.70461,2.09323459833,10,
1149,244.093176898,595.754586,1125563.10246,5.95283758338,10,
4084,476.107294441,39.6946656,4285264.2587,5.97222302695,2.0,[M+K]+
1152,244.137764618,35.972697,228109.812447,5.96061517325,10,
1154,244.205892699,38.6014635,1718334.5761,2.01721245669,10,
1155,244.202254396,498.2307,3831266.02565,2.27169682635,1.0,[M+NH4]+
2955,358.201282845,79.414017,36494918.223,0.849555931674,2.0,[M+Na]+
1157,244.94386744,349.504788,541646.764424,5.7133157205,10,
1158,244.954079037,521.601522,17355791.0894,1.40345368887,10,
1160,245.084275956,38.6014635,582399.107769,6.08817899062,10,
1163,245.088486491,757.28808,66006.0980327,2.14969543399,10,
1166,245.185998112,40.984347,13170493.9408,2.0433718624,10,
1167,245.186157138,133.66074,3138862206.17,6.28365640136,10,
1168,245.194051879,60.618819,932097.678985,14.2251518491,10,
1172,246.082623675,666.2127,228337.154292,9.95031814846,10,
1174,246.090700834,280.639362,22910338.3287,5.00176418162,10,
1175,246.090756783,397.599873,5796583.48363,2.80799506802,10,
1176,246.123785958,413.692197,310636.28148,14.7431897045,10,
1177,246.123539237,287.094708,6673185.51466,0.722742060161,10,
1178,246.145005666,570.789645,78854196.8502,0.841147479883,1.0,[M+H]+
1179,246.145170696,503.209986,55809821.3973,14.1753218446,1.0,[M+H]+
1182,246.16994269,40.984347,1352637.16644,3.66892989296,10,
1183,246.170122377,349.423146,9255284.69263,6.37006047192,10,
1184,246.181410136,1427.01129,97505658.4737,6.41849677166,10,
1185,246.181498038,925.84968,60444138.1318,2.49602839966,10,
1186,246.183847209,406.152318,8426033.18867,1.23897567744,10,
1187,246.19246258,434.088894,23218995.6068,1.7294569929,10,
2063,299.080962436,69.057954,1337135.98336,8.95679409125,1.0,[M+NH4]+
1193,247.084631498,241.48146,2241709.26564,3.56337773473,10,
1194,247.092684658,818.4333,9060504.22738,3.39483535708,10,
2404,319.14031557,416.006268,11256191.0035,3.10419782703,1.0,[M+H]+
1200,247.12894976,722.6142,28067998.5436,2.35482825326,10,
1206,247.176395172,82.906617,907480.6814,6.59042033704,10,
1207,247.176696981,462.99435,1480098.72687,1.59954762456,10,
1208,247.192175975,134.04423,25429058.4276,6.36328353541,10,
1209,248.022139459,45.9231027,3475649.95242,3.62368506503,1.0,[M+H]+
1214,248.106513971,416.780256,274814.625526,8.553611416,10,
1215,248.124208356,687.55686,21440732.0347,5.20542353209,10,
1216,248.124311493,672.44469,50895427.1291,2.23466322834,1.0,[M+NH4]+
1217,248.149500141,626.41998,12865976.3032,6.83338489092,1.0,[M+NH4]+
1218,248.149680741,426.556482,758370.968657,8.66610098024,10,
1219,248.160620434,995.19153,15336808.0109,12.2272651138,10,
1221,248.175222379,329.187048,2912348.6249,4.61202121796,10,
1225,249.061221082,424.542084,4901200.47097,3.41858769804,10,
3279,384.144582281,510.490554,3341219.05086,13.4454914968,1.0,[M+NH4]+
1631,274.187435201,840.88923,27926201.7835,13.7567835957,2.0,[M+NH4+HCOOH]+
1231,249.127610396,672.53022,4712697.00707,1.75737857134,10,
1233,249.20598956,38.9157744,1086973.8206,6.43919738539,10,
2769,345.002010076,510.521826,1624037.83431,2.34038547421,1.0,[M+H]+
1235,250.020155495,692.7972,1048210.08438,5.6553329587,10,
1238,250.085717363,511.46067,398971.323769,6.99089644492,10,
1239,250.093256918,60.095352,759276.411955,5.5723283148,10,
1241,250.10337673,849.98622,1264195.26129,2.67034302925,10,
1242,250.136622834,39.7599921,829149.65198,6.01239823066,10,
1244,250.252868341,61.930158,456018.497751,14.9546616208,10,
1245,251.019703664,500.459505,11003848.0416,6.35270605925,10,
1247,251.0406414,659.61708,1678018.36877,1.41849958778,2.0,[M+H+Na]2+
1248,251.042847496,137.379849,4089895.22357,5.70100589417,10,
1250,251.043777839,520.319886,3887460.51195,3.06513388465,10,
1253,251.107108083,756.09537,132749.689165,5.22910281032,10,
1254,251.135565812,1250.20428,7717266.00143,2.90328165225,10,
1255,251.138867338,53.1327318,209050637.069,1.67166414365,1.0,[M+NH4]+
1257,251.185310176,40.984347,6479205.17079,3.42254368211,10,
1258,251.19655805,434.591358,8533362.47885,1.96351929565,10,
1259,251.931864364,669.09258,143516.812385,9.29434164597,10,
1260,251.946330291,493.242654,468559.691481,7.64732010722,10,
1261,252.044008687,659.90382,80671.4794081,12.0690262921,10,
1262,252.060809105,749.74134,336175.097016,7.56024493677,10,
1263,252.095500306,679.29255,17847823.8003,9.51915292457,10,
1265,252.109543603,366.254664,2556501.07623,3.07218483951,10,
1266,252.126381426,36.6043239,17109087.9797,1.62377206136,10,
1731,280.165776466,336.881766,943746.590504,13.9223439839,1.0,[M+H]+
1269,252.153036126,571.754634,949307.186419,8.67654096981,10,
1270,252.188698218,40.946661,650516.51701,5.38898809265,10,
1272,252.23217977,63.942036,1583075.49254,8.53520478877,10,
1275,253.019951565,709.49418,926985.934342,4.73968353198,10,
1280,253.093285657,116.446893,14209241.3784,0.367912049608,1.0,[M+H]+
1282,253.093279248,84.82617,10963308.2215,1.5385253638,10,
1283,253.102006358,345.302952,783454.004166,9.69861192965,10,
1284,253.109808286,331.561656,8970583.61108,2.48952760987,10,
1285,253.118361778,359.353626,46372622.6618,4.82972870956,10,
1287,253.118268977,332.567853,252567358.707,1.17848495494,1.0,[M+H]+
1288,253.118224888,317.666565,69489248.871,0.678438972716,10,
1289,253.15799477,40.6989849,6070542.55088,3.65871354473,10,
1290,253.162773419,70.946313,588810.675257,9.72730530297,10,
1291,253.263629155,60.843885,779218.447677,12.1063507091,10,
1293,253.943880422,493.385034,177363.024623,14.4765030319,10,
1296,254.111346895,664.70268,2412644.66712,10.1471119778,2.0,[M+Na]+
1597,271.168528397,36.0587253,43138189.7002,1.28896232469,1.0,[M+NH4]+
1301,254.161201068,343.351284,17520493.3325,6.8386183067,10,
1302,254.186406967,127.671078,5050038.69355,3.85535774188,10,
1303,254.247754787,42.6870636,15834411.6061,13.6368560713,10,
1306,254.982772186,526.280511,164311604.212,6.9580009923,10,
1307,255.000996632,516.566994,170459.058419,7.22709996425,10,
1309,255.073959902,826.24062,585993.854166,11.881020035,10,
1310,255.0977363,614.17173,36602457.7111,14.8645444638,10,
3086,368.191657248,594.740424,411042.158858,14.4529171356,1.0,[M+NH4]+
1312,255.097719532,565.370421,208042969.057,11.0343745746,10,
1313,255.108723643,630.4137,3750126.07331,3.42845846427,10,
1315,255.114563504,664.75086,176451.964522,8.41580784715,10,
1317,255.219434844,146.727483,1025943.83322,1.75216521639,10,
1318,255.243119394,324.985812,1088274.82336,4.76182002084,10,
1320,255.721021524,146.846274,294827.77565,14.1041700024,10,
1321,256.001792073,667.13577,800733.11784,4.74193704271,10,
1322,256.004417473,124.498668,398412.406997,11.2774026912,10,
1324,256.02491904,94.197864,452616.955448,4.70072814486,10,
1326,256.111590689,276.534972,4096772.01847,1.86463679847,10,
1327,256.111477945,121.257426,666880.242805,7.06415005716,10,
2542,329.122376302,234.221286,10051927.6243,3.53041273132,1.0,[M+H]+
1329,256.101090253,594.180456,17923135.8901,3.30313039979,10,
1330,256.117609736,41.1380928,439600.972402,10.5835318075,10,
1331,256.136759609,100.449399,4733969.14699,6.12529429171,10,
1334,257.099758483,122.775387,2694970.6173,5.00393857095,2.0,[M+Na]+
1337,257.11057727,62.410434,328115.993406,3.78324461337,10,
1338,257.100916431,83.807322,408746.373488,12.2229694358,10,
1339,257.124411103,764.15526,3838546.5354,6.28282105224,10,
1343,257.225995927,36.4443282,171777.046469,13.0962905007,10,
5649,690.024656512,465.732033,1873334.06162,7.74218564136,1.0,[M+H]+
1345,258.014106804,458.532096,888647.669763,6.02742410954,10,
1346,258.032976288,589.342722,282464.62117,11.1216876562,10,
1347,258.038797216,87.012564,492639.918389,5.55764215321,10,
1351,258.108774482,110.113866,52570139.9062,3.11558578285,10,
1352,258.108565584,337.622499,2935724.44288,11.1978841509,10,
1353,258.112620699,40.5717549,8050349.98594,1.12904655833,10,
1354,258.108912052,570.553536,2828025.23409,6.05207684535,1.0,[M+NH4]+
1355,258.1086245,310.750896,1413598.37648,0.334906225344,10,
1358,258.131242978,766.86222,7525303.07741,8.70336738267,10,
1359,258.14511014,802.77573,12064637.5195,1.71118938323,10,
2389,318.202421168,318.294561,244331630.172,1.78167409334,1.0,[M+H]+
1362,258.170117641,304.570704,7325507.94278,7.63921163169,10,
1363,258.181453036,85.580574,4933748.89696,1.54078341019,10,
1364,258.242639269,65.053512,19879589.871,4.31309253536,10,
3818,441.307359739,135.119415,699641625.998,1.52765805142,1.0,[M+H]+
1371,259.105330712,321.917355,1669312.98064,9.14185969473,10,
2941,357.172949324,36.9571344,587263.53214,10.7115562496,2.0,[M+Na]+
1379,259.184999558,85.635252,430212.910568,9.077279251,10,
1380,259.201262948,40.385613,7760852.07802,2.84947522867,10,
1382,259.24215304,36.609693,117098.423792,2.68155569799,10,
1383,260.009933703,511.417776,235996.781797,7.11638546869,10,
1384,260.053216553,837.56103,69493325.6402,5.43486625666,1.0,[M+H]+
3359,392.079095042,283.657236,6184970.91483,5.02353081687,1.0,[M+NH4]+
1388,260.070219946,115.555644,7268450.35368,2.14982490164,10,
1895,290.118414828,35.7386709,1345898.0521,5.81562917645,1.0,[M+H]+
1390,260.075702865,229.39002,8026670.18265,8.31689788494,10,
1392,260.098782594,576.929064,483241.162015,3.93311284295,10,
1396,260.160566165,425.878782,35580446.2854,8.38601190633,1.0,[M+H]+
1397,260.160742455,491.107101,32946798.4853,5.35557940099,10,
1399,260.176086923,111.414579,649824.649865,10.3747107838,10,
2350,316.163427864,819.88509,6676334.50193,9.88664854523,2.0,[M+K]+
1402,260.197221063,1422.63912,2767747.27134,9.34683267134,10,
1404,260.25839822,77.638629,24214150.2524,5.52001198882,10,
1405,261.022849449,594.46062,2171889.86092,4.47356858158,10,
2625,335.07394238,883.14891,209273844.028,3.5562418674,1.0,[M+H]+
1409,261.090682322,501.478065,269423.544422,1.64627104989,10,
1410,261.11950599,723.57429,15171817.6751,3.44272921785,1.0,[M+NH4]+
1411,261.135188495,123.055308,551868.200686,12.6883330422,10,
1413,261.144831048,193.645437,13771697.3425,4.58965408871,10,
1415,261.144682206,361.954047,4067226.43817,2.02323508931,10,
1416,261.144758624,644.12751,46054870.2834,3.1491855151,10,
1421,261.200570836,716.4693,165510.114517,5.57116286169,10,
1424,262.038210483,461.743371,846241.488864,4.4653528506,10,
1426,262.07742249,762.7275,424371.72527,9.87296573484,10,
1427,262.103635684,909.13413,6865979.49409,2.38888045881,10,
1428,262.118703546,428.080803,11004118.7482,1.40120533648,10,
1431,262.139984167,697.4784,4319195.80238,4.39021816496,1.0,[M+NH4]+
1432,262.925837687,518.679492,691198.674331,13.0464406553,10,
1433,263.054268844,785.88576,277600.307976,14.2551032408,10,
1968,294.144787167,401.683584,22393064.8603,2.31483586438,1.0,[M+NH4]+
1437,263.096260893,92.869539,42675872.8101,1.40718667917,10,
1985,295.165298564,165.544221,164034762.783,1.64353478431,1.0,[M+NH4]+
1439,263.097941983,420.662037,11242177.9219,5.30342682519,10,
1441,263.11132717,36.3783537,494313.979381,10.7767453171,10,
1442,263.10276638,383.991324,1609761.6557,2.30216738924,10,
3364,393.136733214,541.203378,32156543.0425,7.46676485252,2.0,[M+K]+
3485,404.250511708,134.24187,1638261.53384,1.482031894,1.0,[M+NH4]+
1447,263.139018818,334.000092,65065908.7108,4.46559188873,10,
1449,263.143469051,554.541792,613647.161418,8.41166831367,1.0,[M+NH4]+
1453,264.065228429,645.87198,1384801.95619,2.31576977594,10,
1456,264.101372311,459.34413,6432400.33061,5.01933336035,1.0,[M+H]+
1457,264.101581054,508.889328,5111832.24776,2.17174670743,10,
1459,264.119320166,664.06476,4145555.20725,2.67294189114,10,
1460,264.11924536,715.0995,3949625.01115,4.11469908629,10,
1466,265.019262064,54.5065251,72010362.1019,5.71814917539,10,
1469,265.052384871,1234.99962,28357950.4039,4.13670542147,10,
1473,265.07905066,578.20125,5199083.77654,11.2116999156,10,
1477,265.123130668,664.24266,208046.878633,13.0123817531,10,
1480,265.143455074,39.8253186,766832.998306,5.66768057433,10,
1481,265.154717914,132.030633,469579024.763,1.47992900006,10,
1714,279.170587168,104.576001,1437997219.08,0.517463432116,1.0,[M+H]+
1483,265.177629399,35.067411,189897.643592,14.2402757093,10,
1484,265.915246851,510.153054,328262.429422,13.0465314363,10,
1485,265.99412847,692.8368,225244.641808,6.08626606213,10,
1492,266.115382374,333.261576,10099475.011,4.15833618229,10,
1495,266.161250854,456.559938,2744515.64379,1.79950853031,10,
1496,266.159835075,1000.02051,27431783.889,8.85479390034,10,
1497,266.160063157,958.908,13152121.3821,12.0202601569,10,
1499,266.159773324,39.8549598,7616934.50258,2.10821304007,10,
1500,266.160142456,1053.67698,9428170.4895,12.2915893502,10,
1501,266.184170095,498.74151,1211118.95957,6.28159144262,10,
1502,266.247745088,62.289597,844831.56917,6.51749978768,10,
1503,266.889142231,494.859879,4321429.54919,2.98720502375,10,
1504,267.003368105,121.976265,3366209.45431,8.02432237113,10,
1505,267.017935347,518.395248,547425.202607,14.6177180229,1.0,[M+NH4]+
1508,267.058511504,105.526614,1497455.80476,7.27928045736,1.0,[M+H]+
1509,267.054560636,511.199964,806365.553727,3.13731985456,10,
1512,267.099387778,41.0126745,1517636.85445,9.53667857664,10,
1513,267.091018451,327.986838,1263107.16005,2.77150369149,10,
1515,267.101110808,661.10853,2251433.63017,2.09064350313,10,
1516,267.118747137,333.261576,1084630.45265,2.52628325476,10,
1517,267.122742922,38.8295538,420676.806714,6.07347301041,10,
1518,267.134230877,190.693614,725279554.381,1.62424139204,1.0,[M+H]+
1519,267.134098884,240.239547,147834685.535,6.62407497275,10,
1520,267.11836836,593.670378,9567930.1801,7.37588384938,10,
1521,267.127234856,64.684914,156745415.349,1.07938225025,10,
1522,267.1451956,456.559938,75623173.3713,4.16219779728,10,
1523,267.144909677,64.16427,107042270.397,8.65367024329,10,
3481,404.158805666,143.012511,4652424.61335,5.87729535083,2.0,[M+Na]+
1525,267.167881988,668.46324,664116.389498,11.4300645258,10,
1527,268.069435173,679.13454,15486214.8744,11.9466636489,10,
1530,268.094535834,473.924754,6430959.63169,7.81840503909,1.0,[M+H]+
1531,268.112357764,333.261576,3118277.18665,5.79998038815,10,
1532,268.11088264,593.815248,7467634.52955,14.7849017635,10,
1790,284.09832633,100.26405,851187.012948,7.334572643,1.0,[M+H]+
1537,268.127140963,551.662251,14147598.0403,6.28786794699,10,
1538,268.126809507,426.358842,17969519.5421,12.505282595,10,
1543,268.157662072,35.7386709,2184022.2449,3.59889951792,10,
1544,268.263329205,62.289597,46198029.2078,1.27501086379,10,
1545,268.299730707,62.811801,15482243.0494,0.343272634421,2.0,[M+Na]+
1546,268.95097636,891.86124,301464.326609,8.28614874194,10,
1547,268.99849242,528.798894,19098779988.7,0.324260235124,10,
1548,269.034354723,283.88994,3947023.34981,5.22173445954,10,
1551,269.068762244,458.550327,6051827.56086,6.27219543174,10,
1555,269.088121575,373.846392,12163313.6697,3.65836578106,10,
1556,269.102031498,39.447303,1531740.04052,6.38120676042,10,
1557,269.110940968,722.6385,1858427.51487,7.94186426645,10,
1558,269.124702677,620.26254,9973145.07941,2.25164827567,10,
1559,269.113257038,452.340456,17879503.1241,2.33542001164,10,
1560,269.113437415,342.701787,492124.177194,3.90355723937,10,
1564,269.258838566,338.173818,383210.031317,11.587742183,10,
1566,269.303111515,62.692164,2710142.96577,10.6893101324,10,
1570,270.053461406,48.5997462,12127484.8626,9.11285502302,2.0,[M+Na]+
1571,270.072233943,458.83524,765177.469028,7.4809416769,10,
1577,270.089135603,757.28808,215817.289903,11.5269393761,2.0,[M+K]+
1578,270.097255938,279.57351,3647103.31619,3.77522590817,10,
2575,332.09646349,172.100556,130478311.478,5.92603739518,1.0,[M+H]+
1581,270.106301723,632.31072,3012029.45535,4.3714140553,10,
1582,270.109607012,99.881436,4580540.95556,4.48741889728,10,
1583,270.116599938,452.50563,2144566.91347,0.367253286909,10,
1586,270.172908539,35.6186943,1609419.53055,5.99652621008,10,
1587,270.270177799,62.128578,396342.750268,12.7664056648,10,
1590,271.056410454,346.73763,590799.394757,13.0221354637,10,
1592,271.092624721,120.453564,4564514.08377,4.65038068034,10,
1594,271.10060618,279.110328,376133.98861,4.61398193487,10,
1881,289.150793151,564.829056,23045478.72,5.1175029716,1.0,[M+H]+
1598,271.998713514,93.759462,918779.820401,6.34517493222,10,
1600,272.110648419,106.863081,8319272.73864,11.4544033673,10,
1601,272.124191982,81.698316,2889833.12451,6.85707427496,10,
1603,272.153152995,38.506311,1085120.7659,1.39425460282,10,
1604,272.171902232,1250.04759,31231538.2108,7.83240960215,10,
3378,394.269860612,55.0042239,7425099.67639,6.12749799908,2.0,[M+K]+
1607,272.25817346,63.54009,380196940.458,0.991746879914,2.0,[M+Na]+
1608,273.053757658,48.3420246,3193451.75082,7.65706638121,10,
1610,273.067822402,785.19453,669193.415396,14.2707659972,10,
1611,273.08803002,366.074856,527254.625324,4.08351874853,1.0,[M+NH4]+
1614,273.120997851,435.65157,311671718.353,2.06102143076,10,
1615,273.155970974,1343.77194,5404271.46117,0.931745209356,10,
1619,274.043056049,750.04434,51454.9853172,13.0365665247,10,
1620,274.069050578,140.400186,1076092.0977,7.17970541448,10,
1621,274.069134394,111.132918,1065507.67321,9.58515512624,10,
1623,274.1051492,766.69896,5017549.24628,9.9341732452,10,
1624,274.134829887,571.401432,886433.3934,8.63292929957,10,
1625,274.126741045,40.082544,412824.349422,10.2890769048,10,
1626,274.141187592,71.050596,1116962.43799,13.3291226254,10,
1630,274.176077584,332.567853,24660620.299,1.78671585264,1.0,[M+H]+
2304,313.202394091,86.737158,12547987.5285,0.812988443236,2.0,[M+Na]+
2969,359.228855741,335.597208,94314858.5876,3.88431747723,2.0,[M+K]+
1635,275.048474674,61.035231,561446.256876,9.76872585336,10,
2461,323.069087789,33.700578,3227703.81994,2.35819826831,2.0,[M+Na]+
1639,275.087222088,769.24932,1208598.0853,10.1342819367,10,
1640,275.094865745,39.6331926,2416622.52946,3.49202205408,10,
1930,292.129192991,339.792051,23675603.4055,2.9387463653,1.0,[M+NH4]+
1646,275.142411173,161.586786,3089176.58103,6.65254398301,10,
1651,276.001049047,766.56654,9224808.21987,2.86775923757,10,
1652,276.049584112,229.841547,12699343.5475,5.77090865144,10,
1653,276.053692394,39.8549598,14209555.7309,3.1292696393,10,
1655,276.077371592,877.98618,560828.429709,4.52851207354,10,
1659,276.119273514,885.48531,424474008.856,8.16974300821,1.0,[M+NH4]+
1661,276.134396066,401.573361,2336955.41984,2.14733673531,10,
1662,276.138509931,642.26967,94962.9295541,14.2147521012,10,
1664,276.138617812,875.24448,2011941.94097,8.37723874635,10,
1665,276.166980451,987.0279,2382472.14878,1.32794032101,10,
3181,375.202882288,164.290296,6513821.24135,10.6058977079,1.0,[M+H]+
3672,426.175720899,38.3786394,4833643.67801,3.50401934367,1.0,[M+NH4]+
1674,277.114520129,741.34464,2506857.7549,3.64353611184,1.0,[M+NH4]+
1675,277.116230752,455.486274,5179967.68594,3.83480269918,10,
1677,277.137797318,346.495164,2757856.02079,2.10844525244,10,
1678,277.158172314,40.357788,9395035.34393,1.52175895052,10,
1679,277.159136628,500.141154,2789204.98097,5.47751119954,10,
1683,277.586177467,819.98664,2742408.63185,13.4179634997,10,
3305,387.106868058,414.182148,610869.100157,3.64393003687,1.0,[M+NH4]+
1686,278.049501267,39.7974954,475239.193878,11.0212340767,10,
1687,278.051382609,762.22152,370202.469008,9.2299744263,10,
1689,278.117068467,417.584304,2566176.6207,4.69257606549,10,
2452,322.161216241,601.9422,16628902.324,1.557936798,1.0,[M+H]+
1694,278.153552882,784.12035,5915540.9534,13.9269000274,1.0,[M+NH4]+
1696,278.186346255,61.103484,2471081.85091,6.92119607351,10,
1699,279.009776882,639.79806,183033.761716,9.78203224405,10,
1700,279.05105197,416.495151,996373.350072,9.99471702819,10,
1702,279.071778182,401.683584,4815005.9112,7.05570393838,10,
1704,279.101019792,687.88077,21610060.7565,3.4120902249,1.0,[M+NH4]+
1705,279.11051828,542.046111,35525075.7269,13.5289662749,10,
1707,279.119653274,340.857411,168256.588031,13.6545943307,10,
1709,279.1341013,389.18772,20215679.7409,1.28033098575,10,
1710,279.137608818,464.017866,1949361.86144,3.66191584309,10,
2135,303.166608701,629.39025,10214293.1127,1.60056425814,2.0,[M+H+HCOOH]+
1713,279.170578359,90.115884,1910621094.52,0.973933136384,1.0,[M+H]+
1717,279.251185929,61.841478,318655.101655,4.70794656495,10,
1718,280.03325688,231.637647,6035890.38628,9.77259990012,10,
1720,280.042438135,508.265352,123860.9318,13.3050810621,10,
1726,280.114020294,769.0974,2324710.89292,1.7652433948,10,
1727,280.129338775,384.033843,55428998.2135,3.21400736202,10,
1729,280.125561856,1156.9635,37887893.5842,4.17671155584,10,
1730,280.154390255,317.50938,1529134.46306,8.0575267527,10,
1733,280.175543013,817.11906,10815729.52,2.5172679428,10,
1735,280.213664994,81.098412,875393.834916,3.04405272009,10,
2724,340.25942288,58.0335909,5770175687.55,11.2170182457,1.0,[M+H]+
3011,362.868702866,493.077024,10522767.3353,4.19359554702,2.0,[M+Na]+
1738,281.008770488,288.353778,34197127.5718,10.5970472704,10,
1739,281.030373675,510.844815,9892895.21708,3.8432142244,10,
1740,281.030270196,488.368647,12449119.0217,2.4468168999,10,
1744,281.087260842,322.135392,3449397.14216,13.2496266264,10,
1747,281.10191433,40.320159,1725119.60121,13.4762107052,10,
1748,281.149601774,41.7350757,11215192.8132,2.89685581191,10,
1749,281.149954259,204.564387,370534928.518,2.47539385639,10,
1750,281.176863529,104.427369,18902028.8252,6.98201194242,10,
1751,281.205955866,81.257292,195292.14109,13.7887912765,10,
1752,281.266886724,61.192107,543657.64047,13.2929116331,10,
1757,282.056311419,674.66736,420000.336158,8.723725145,2.0,[M+Na]+
3410,397.20586887,455.078022,2659858.7345,8.90135505035,1.0,[M+NH4]+
1761,282.142726658,491.781516,1177274.56064,8.64316288065,10,
1762,282.156059398,459.185073,3703155.90291,1.22186337916,10,
1765,282.278951664,61.188594,57196677.3527,1.55318886194,10,
1768,283.032722179,105.595404,2393732.55524,10.2874730284,10,
1770,283.045626006,316.518066,490204.878611,9.09616205845,10,
1772,283.067702147,618.21639,1525798.84144,2.36179974589,10,
3140,372.112211676,551.634048,6664995.16495,4.78838055042,1.0,[M+NH4]+
1775,283.104078883,136.228032,3414315.5419,2.29605049711,10,
1777,283.103901816,87.012759,9332753.79009,1.36224633612,10,
1779,283.128986166,371.411478,34346172.3853,2.06089658383,1.0,[M+H]+
1780,283.128925474,410.63784,25747767.1725,1.14317184821,1.0,[M+H]+
1781,283.128693318,55.9403415,4899229.55744,7.22940059265,10,
1782,283.147411633,79.777629,608616.974236,11.5184896105,10,
1784,283.155422882,317.036478,1329222.8213,2.26382647936,10,
1788,284.069169212,47.401404,4682635.08134,8.12639834314,2.0,[M+Na]+
1789,284.098797102,286.982478,18590412.6767,3.44854442623,10,
1795,284.121987977,642.43836,1183496.82462,7.37882225084,10,
4106,478.168667297,116.324475,2161639.27972,9.88544871891,1.0,[M+H]+
1802,284.170418265,42.018672,275708.36872,4.75646711362,10,
1805,284.33093715,58.9679598,199926135.974,1.4969599776,10,
6046,792.964636867,519.628356,789949.256974,8.94754894076,2.0,[M+K]+
3068,366.975731196,544.714407,162736023.872,1.29639846049,2.0,[M+Na]+
1810,285.047064075,150.560745,19043941.204,2.72093717831,1.0,[M+H]+
1812,285.111555378,348.181311,267565.420892,9.66108194112,10,
1813,285.104280743,426.358842,827557.183899,12.2039131591,10,
1815,285.113054994,82.815003,345054.274063,9.3449944807,10,
1816,285.125205731,642.48498,52738.0126371,9.52238828851,10,
1817,285.134371016,410.645292,214220.614322,5.88476647428,10,
1819,285.14792349,38.0992101,339376.590094,13.8367721025,10,
2137,303.166448014,590.334369,47774580.9115,4.27813255111,1.0,[M+H]+
3865,447.281111697,55.5704958,2949910.0672,6.98179237948,2.0,[M+K]+
1823,285.253721576,40.451067,290018.601661,8.27283739087,10,
1824,285.290134549,88.918509,26352743.5728,1.0076348257,10,
1827,286.031422501,164.63217,311822.411301,10.5962314374,10,
3502,406.117008225,141.768216,1225416.30604,10.4586838209,2.0,[M+K]+
1829,286.087327231,36.0587253,568973.757808,5.47941706868,10,
1830,286.079826356,632.53716,818318.279443,7.18674055848,10,
1831,286.08340824,458.83524,449576.949816,6.40397417753,10,
1832,286.083586941,508.858062,417636.691059,4.12035471434,10,
2967,359.124189411,506.868696,2705781.74919,11.4326646831,1.0,[M+H]+
1835,286.12849268,39.7321689,3300568.45071,3.59649142045,10,
1836,286.131468069,132.46461,1562929.61005,4.48844227761,10,
1837,286.15098055,728.65161,6650670.09363,3.5824563376,10,
1838,286.151157635,181.364046,2974801.56469,7.06614185344,10,
1839,286.15909128,590.391168,345918.80053,6.55262738756,10,
1840,286.168359412,38.0992101,881522.255387,3.39054791699,10,
1841,286.201459732,223.795497,55025048.1214,4.57839577402,10,
1843,286.293706515,88.95315,4610511.66085,1.2295991616,10,
1845,286.990636886,601.10559,788385.923864,5.58177487571,2.0,[M+Na]+
1846,286.990416241,561.776235,3185572.56315,6.38783563089,2.0,[M+Na]+
2124,302.964766666,776.12343,245033.476798,9.67159879073,2.0,[M+K]+
1849,287.05166519,996.49422,5413122.69018,6.53104734633,10,
1850,287.103783764,565.797234,810809.335496,6.05174323894,10,
2152,304.165706659,132.116607,330457349.423,4.0772809284,1.0,[M+H]+
1854,287.163520855,38.6635593,1190310.86371,8.27137617879,10,
1855,287.19668007,233.987982,12709120.5754,1.91725303601,1.0,[M+H]+
1856,287.199872202,35.7386709,5202128.48085,4.2733188046,10,
1857,287.204803241,224.071923,8414198.51733,6.36782379342,10,
1858,287.244050748,338.269683,947035.235337,7.98522487503,10,
3258,382.020647853,491.760846,747487.564095,7.75061206355,2.0,[M+K]+
3629,420.253758773,358.02987,8131470.27084,1.02321643997,2.0,[M+Na]+
1867,288.191716507,317.50938,213718833.771,1.46002107202,1.0,[M+H]+
1868,288.191555444,57.0994701,3318409.09302,2.37485661046,10,
1870,288.202952118,729.97212,4585001.47436,7.21685243,10,
1871,288.217199184,203.453694,17466900.5186,8.23098828151,10,
1872,288.253221462,40.0071618,6170939.06978,14.8829916091,10,
3172,374.326561693,72.358836,4069765.338,1.32966677336,1.0,[M+H]+
1874,288.996689492,652.83327,6081396.85656,10.3976998312,10,
1877,289.094749584,53.1904566,8718898.50255,5.71054657295,10,
1879,289.114366185,727.85829,2148581.38947,2.29236099058,10,
1880,289.162135682,922.02858,43244976.9137,6.97579243004,10,
1882,289.15092299,627.06186,6390617.34601,1.52637192989,10,
1885,289.216093312,39.5717196,885989.671393,6.34434433035,10,
1888,290.000389241,661.5765,338955.961806,12.7628955267,10,
1889,290.090082488,72.206376,445949.706838,13.3940449492,10,
1891,290.109093832,516.703647,5573209.02654,7.47291582644,10,
1893,290.108785288,426.481446,2301139.2983,12.0629804912,10,
1894,290.115032481,71.118858,465633.231942,13.2044132976,10,
1896,290.142112986,61.87287,1024886.55199,4.11900202432,1.0,[M+NH4]+
1900,290.171304013,500.982972,9602792.21708,7.89588424037,10,
1901,290.248183061,89.014596,1758599.21062,2.44028976919,10,
1903,290.883593845,484.058019,7971845.05992,3.86462715887,10,
3316,388.019042721,2055.91494,1484843.97799,4.27588460789,1.0,[M+NH4]+
1909,291.067729781,756.96537,385163.750489,12.6001240929,10,
3515,407.188916678,355.285494,5350384.76027,1.89771132262,1.0,[M+NH4]+
1911,291.089803447,40.7367339,1460521.11087,8.61847523168,10,
1912,291.106671427,620.20269,2333407.93648,9.4844963162,10,
1914,291.130090229,675.34506,1754789.61269,1.61871175018,1.0,[M+NH4]+
2235,309.148047948,118.527318,7596952.19985,4.1358178363,1.0,[M+H]+
1916,291.166394679,234.94755,17776265.0662,1.0501670884,10,
1917,291.173774596,89.071308,5599843.70858,3.9800284097,10,
3337,389.952225835,464.701266,14618825.4428,13.5220912359,2.0,[M+K]+
1927,292.067061007,593.792922,2528447.84697,6.00878199958,10,
1929,292.129215832,354.079968,49412141.5564,1.20719489089,10,
3268,383.156057165,600.098844,922357.563753,5.07044817173,2.0,[M+K]+
1932,292.150580895,615.11343,7961924.06804,1.69609028218,10,
4326,504.208845997,41.2979694,6274200.47832,7.45877643438,1.0,[M+H]+
1935,292.15062107,675.0072,834377.727904,2.67666897914,10,
1936,292.169893065,234.223002,1945666.77591,0.568696036142,10,
1937,292.197755796,437.634174,2633673.31514,4.03757502062,10,
1938,292.213297902,98.381538,1897210.6851,6.29808514048,10,
1940,292.959745937,521.10288,20041782.9395,4.45951701207,10,
1941,292.959677904,543.646596,47360395.1436,9.14081344384,2.0,[M+K]+
1943,293.060762054,37.7470188,1697065.2345,5.87978951308,10,
1945,293.074778784,120.65619,479972.294168,7.96514325895,10,
1946,293.080058997,40.0071618,966076.640118,2.33573584716,10,
1947,293.091410266,672.44469,127071.911234,8.16495359737,10,
1948,293.097982644,892.7658,2112940.09682,7.06159888195,10,
3383,395.061921499,459.485352,481667.596484,6.81174647341,2.0,[M+K]+
1950,293.106722907,307.836561,6744241.70823,4.26004498771,10,
1953,293.138462152,38.8208742,890172.268963,6.04647641533,10,
1954,293.185878667,39.5421414,7102219.71492,2.35772090326,10,
1955,293.222347096,40.984347,1448546.03548,2.1809594236,10,
1956,293.225669363,78.264753,19871222.4167,3.18860503408,10,
1957,293.895889963,51.131118,424641.330442,11.7702432804,10,
1958,293.960037696,124.460976,4556413.35571,13.5634101253,10,
1959,293.981566961,198.087564,668187.616002,11.0299343261,10,
1960,294.053745309,46.965129,2393351.96461,11.1504834118,10,
1965,294.129733571,717.23928,3727128.64538,3.19792465662,10,
1967,294.144922637,360.817242,95473966.8586,0.597626432401,1.0,[M+H]+
1969,294.181747558,89.071308,3545179.21995,9.89692508544,10,
1970,294.181612025,619.521,16684195.9503,1.96887038585,1.0,[M+H]+
1972,294.202525209,595.408185,31152215.8666,1.73145371017,10,
2272,311.305866209,85.589463,32980603.9205,0.658480347853,1.0,[M+NH4]+
6289,944.163377703,38.7925512,2006199.01291,3.83591046491,1.0,[M+NH4]+
1978,295.076669085,36.5753799,315006.998989,10.2921561566,10,
1979,295.096126499,873.20508,2978783.26425,6.60328468679,10,
1980,295.095311366,33.3170826,312090.324158,11.4668557217,10,
1984,295.154435308,39.0692958,574044.23742,11.9847657425,10,
1986,295.165533093,183.329847,764355951.36,3.01809267666,10,
3051,365.239722925,595.121655,7512015.50205,0.86980806454,1.0,[M+H]+
1990,295.22143621,78.440625,649067.645653,8.47550512568,10,
3378,394.269860612,55.0042239,7425099.67639,6.12749799908,1.0,[M+H]+
1994,295.957521735,124.337715,647876.351884,14.2160882463,10,
1995,296.004891579,759.28704,91911.072706,11.4020372379,10,
3116,370.161352876,496.760253,852616.659119,3.78257626761,1.0,[M+H]+
2006,296.172217988,35.6526918,2161867.97399,2.38594800209,10,
2007,296.19675211,52.8775848,7110893.73329,12.1284365603,10,
2008,296.200995739,595.187022,410724.535133,10.3677085843,10,
2009,296.218190887,406.460865,5101118.9864,10.0518313725,10,
2010,296.258494236,39.1996908,4362325.91218,3.20219878075,10,
2011,296.270087989,80.936958,809262.278279,8.46498344843,10,
3573,415.025905703,500.80488,303912.405162,7.51457819346,1.0,[M+H]+
2872,353.011806688,54.4846428,40914997.8883,2.30703587574,2.0,[M+K]+
2016,297.06129713,322.233285,2241296.15331,8.17728009901,10,
2018,297.074307341,40.0726728,2562945.47868,10.4527138282,10,
2021,297.101459425,54.427416,10032393.4615,8.58034958969,10,
2022,297.117320027,642.26967,479729.339605,11.1399067197,10,
2023,297.11723093,874.88394,986270.74943,9.46859959684,10,
2024,297.12696937,99.247743,98157968.231,2.66863926008,10,
2025,297.144494672,53.7006288,6571553.36857,2.35273902263,10,
2026,297.142306602,317.78673,657073.374545,2.96109918191,10,
2029,297.18428653,35.29851,10154239.0156,1.91287070461,10,
2030,297.202068165,2050.67466,758803.054092,4.40110134791,10,
2031,297.265137862,123.855777,1882989.53535,7.920263065,1.0,[M+NH4]+
2032,297.29818165,60.530514,1732186.28222,7.58453849603,10,
2037,298.035735624,40.1381838,772575.741008,7.59455130081,10,
2038,298.053694949,767.02845,3284223.99661,9.31080043165,10,
2040,298.089921531,345.041934,14672716.1201,9.81502679327,10,
3505,406.137273635,57.7531056,3142046.84375,2.5946417296,2.0,[M+K]+
2046,298.116395641,473.425611,28468993.8864,1.02919876013,10,
2047,298.13750898,450.902463,5506682.87358,11.0676265666,10,
2048,298.136163396,1156.29348,124138280.39,3.83822732456,10,
2049,298.12712876,132.662448,2123707.34996,9.86508102936,10,
2051,298.158473307,134.012598,1872539.47641,1.20311837949,10,
2052,298.151360129,957.01863,5926705.06646,11.2126142923,10,
2055,298.346920283,42.0495,83101631.942,7.74742683418,10,
2056,298.34666721,57.7222188,605339258.911,1.39279162712,10,
2059,299.040864519,551.048352,226337.798188,7.86966378131,10,
2060,299.062684711,123.781026,714652.892151,12.0013032242,10,
2061,299.068380737,48.8042316,440784.509579,7.15205399359,10,
2065,299.090321715,40.1677623,875002.771982,9.52088094512,10,
2067,299.095926631,785.9826,667911.817317,12.8195859214,10,
2068,299.100470801,47.7740673,7453634.12633,4.23199302229,10,
2069,299.122569882,99.404187,3816586.63935,2.30924006727,10,
2071,299.171388521,83.420052,269257.159779,9.09546028435,10,
2077,300.099057512,418.073004,293152.214959,9.61721817408,10,
2080,300.135409242,781.25931,103811.25578,14.2869294626,10,
2081,300.134465394,40.357788,251424.689581,6.93336310629,10,
2083,300.14749431,105.753837,3833945.21282,12.1812110662,10,
2868,352.25164282,59.2263672,2865522.91843,4.84193535617,1.0,[M+NH4]+
2085,300.289550434,61.157199,100931039.161,1.31714268354,10,
2089,301.085549982,143.292186,386499.20626,11.0858425575,10,
2091,301.107878398,38.8861998,324927.03402,13.4279597101,10,
2092,301.106734396,780.07176,695051.676266,6.77730425819,10,
2093,301.102533292,82.741656,291950.714113,9.35981026851,10,
2406,319.161584174,204.853617,2522601.14609,1.75843040924,1.0,[M+H]+
2098,301.17602051,459.822132,2500638.35993,9.44681710729,10,
2099,301.216365455,40.451067,1453457.9891,4.40838495014,10,
2100,301.267976644,51.2209179,5132996.42229,14.0216572954,10,
2101,301.285160381,152.088171,4048554.47944,1.33251142426,10,
2103,301.954114729,280.12422,498362.464719,10.8572268696,10,
2104,302.0212077,645.97002,59674.7037866,1.75305990969,10,
2106,302.057494209,508.889328,809027.113221,4.98243164615,10,
2110,302.118909883,35.1251268,114792.460458,9.50133834486,10,
2112,302.150014954,316.248702,18433347.4712,8.89494213435,10,
2113,302.1477588,93.757068,1262710.29824,9.09188952049,10,
2114,302.146067393,232.870242,13558745.3601,5.73456927296,1.0,[M+NH4]+
2116,302.171391064,500.141154,12399376.5452,2.93967398073,10,
2117,302.207829926,197.988765,132722030.264,1.35565659429,10,
2118,302.207557772,180.155412,207705028.24,1.51921277459,10,
2120,302.218738165,312.208404,2218540.74653,6.11789821642,10,
2121,302.232787899,168.385152,9201806.62759,1.89636603634,10,
2127,303.071962095,193.242645,1834865.23891,8.78764583394,2.0,[M+Na]+
2128,303.110742446,105.209622,16477817.9745,9.5626841095,1.0,[M+NH4]+
2130,303.114780097,356.625705,1966018.75606,2.69725904803,10,
2603,333.177307521,551.984949,4880171.16303,5.1313190098,1.0,[M+H]+
2133,303.166628042,609.23541,11740580.0239,6.41297770602,10,
2134,303.166515532,565.636176,5211535.92372,1.87129276292,10,
2136,303.166255816,70.420227,4779681.52809,2.95289280846,10,
2139,303.308664836,70.173492,1683625.85991,8.51466821275,10,
3459,401.915848552,466.837584,7336709.55559,3.33473996483,2.0,[M+K]+
3460,401.952659282,491.781516,905767.017567,6.28860680226,2.0,[M+K]+
2144,304.042247082,144.941208,20053173.3307,5.24029739685,10,
2147,304.134295885,35.3267058,2160892.15726,1.62853817886,10,
2148,304.12855396,60.721728,636556.107955,9.30516028627,10,
2149,304.161889087,1063.59606,152055014.568,13.2523915541,10,
2150,304.157723051,40.7648058,1903083.36499,6.07867538089,10,
2151,304.165627712,164.190633,105270398.268,1.40939359492,10,
2154,304.18690483,378.163566,39793656.4069,1.46270617528,10,
2156,304.186768504,424.220196,25610114.6865,6.32839860402,10,
2158,304.299705264,56.6673762,59276154.4045,2.78751196692,10,
2159,304.74282013,159.652434,654160.16476,11.1829032892,10,
2160,304.970674878,661.84812,5155101.92126,9.16134909347,10,
2164,305.080416189,117.726576,15831491.6575,3.24972387097,1.0,[M+H]+
2865,352.165762336,85.687674,47986194.4946,0.871161762794,1.0,[M+H]+
2166,305.08624549,135.562968,1210060.09466,0.946867849563,10,
2168,305.110807995,410.683122,278977.946091,11.514709202,10,
2171,305.145608976,767.96922,19223395.7131,2.62299088537,10,
2172,305.145644035,728.37936,6842444.46001,2.34366655615,10,
2175,305.185933363,41.335905,228183.352072,6.53138742368,10,
2178,305.225492903,76.406145,942158.049327,9.81507364678,10,
2181,306.08290606,33.9278586,303475.760149,6.46567016386,10,
2184,306.08422708,117.846618,1696912.35693,6.96229587726,10,
2186,306.148364816,386.468142,3378379.62114,4.6656746825,10,
3118,370.173848124,317.823627,20685009.2128,3.49645992967,1.0,[M+NH4]+
3102,369.184383547,57.8097753,3490621.74107,4.52535784996,1.0,[M+NH4]+
3390,395.242547788,516.590517,5714215.65667,5.18828869127,1.0,[M+NH4]+
2190,306.17341712,91.854252,8130377.3965,3.0671379661,10,
2195,307.062866099,1080.0756,1642532537.09,8.56384991144,10,
2196,307.075752637,33.9278586,94464.9939498,13.1851726103,10,
2198,307.0819966,180.658242,10720645.2371,5.17047840836,10,
2202,307.126561242,36.2851431,1164956.17513,5.29236684827,10,
2203,307.143683653,286.273254,16206845.3265,10.0064062154,10,
2205,307.15029404,1053.19872,696021.064071,6.50160527519,10,
2207,307.186405997,1013.35551,11594724.6563,9.56416970129,10,
2208,307.201463426,40.357788,1893517.94012,2.58433151723,10,
2209,307.24116048,76.19298,818774.914928,13.5150189725,10,
2211,307.274482989,89.071308,25029779.2862,0.985964118359,10,
2215,308.047627572,373.786986,3984277.91386,10.2382091504,10,
2217,308.098638409,33.5683563,164750.67857,12.192235451,1.0,[M+NH4]+
3339,390.111208822,585.672303,4657183.91301,5.48688798004,2.0,[M+Na]+
2219,308.12781158,670.46694,318272.970908,2.40015697884,10,
2220,308.145464407,655.84911,7781156.44178,2.85891185417,1.0,[M+NH4]+
2221,308.143935142,270.286089,3977083.96624,5.09841456558,10,
2223,308.160204077,56.0432562,1801882.60705,11.0025860388,10,
2225,308.277757378,89.071308,4925891.45529,0.969231471737,10,
2226,308.849781765,467.636571,24196357.5121,4.92524664465,10,
2227,308.999431715,659.61708,111467.388817,5.33575741898,10,
2228,309.032457917,34.3910256,118384.135491,9.97447980993,10,
2231,309.060027413,1080.0756,422733496.293,8.7491902881,10,
2232,309.064866446,199.3194,9373521.99525,7.24376642581,10,
2233,309.111514282,585.866634,2820744.17604,2.0474974972,10,
2238,309.180805683,40.7943213,5380996.45012,3.27829445301,10,
2240,309.227049523,40.670913,4294964.498,0.967124690381,10,
2241,309.264840292,333.081054,802203.566145,8.77237638326,10,
2242,309.290176991,86.853876,11390096.2039,1.75054040614,10,
2243,309.954842082,198.859842,833910.810152,7.66368685445,10,
6310,966.024254331,529.204392,133318485.239,1.03083914768,2.0,[M+K]+
2246,310.114739438,346.32984,583339.941022,2.86374395351,10,
2248,310.140022961,499.441896,13285265.7869,2.08652347022,10,
2249,310.139839855,450.902463,3155223.22728,1.88119137887,10,
2251,310.176407383,747.06453,4736081.59859,4.99593056036,10,
2252,310.221182305,40.1381838,647427.678705,5.68455026508,10,
2253,310.230444048,40.7648058,477707.602648,9.29873737864,10,
2254,310.260504962,126.108108,167117.232344,4.703696549,10,
2256,310.847273346,468.018375,14833429.6493,7.24016076877,10,
3610,418.075725851,491.454156,779698.164945,1.00058629946,1.0,[M+NH4]+
2259,311.050658912,496.426788,570222.917875,4.46816561935,10,
2260,311.069092469,33.431352,670536.80987,3.38585616571,1.0,[M+NH4]+
2261,311.079793093,48.5578113,1972073.90515,13.974448447,1.0,[M+H]+
2268,311.143181851,450.587892,364218.522469,7.91784715794,10,
2269,311.163692448,37.8099318,514108.03895,10.4882327977,10,
2273,312.040639595,522.508755,51051491.0196,3.41960596525,10,
2277,312.130754471,122.899176,5910523.96471,4.92501147284,10,
2279,312.145347248,499.469658,123040.146441,4.24510619702,10,
2280,312.217038298,182.788617,91942794.9641,2.93984002876,10,
2282,312.325937104,61.752798,20106429.3224,2.18433330581,10,
3083,367.335372795,57.0994701,2031694.75063,2.29952079313,2.0,[M+K]+
2284,312.981009906,493.739706,832945.979438,1.2214296397,10,
2286,313.035161432,322.233285,508023.096007,13.0589760667,10,
2287,313.048201235,40.0726728,6035152.94909,8.70146729702,10,
2289,313.058533598,458.550327,92683475.5484,6.20012872652,10,
2290,313.053979305,510.521826,4955198.09259,4.93176348456,10,
2291,313.057984214,41.8857756,325153.031234,4.00566706991,10,
2292,313.111962014,676.14846,590274.205806,6.40115306075,10,
2293,313.112067395,739.10814,812818.635406,7.08404418565,10,
2294,313.106433003,35.4473688,1805072.31296,3.89183384343,10,
2295,313.121538513,178.417734,41238334.6878,13.3873101088,10,
2297,313.133893813,123.179289,578705.67644,2.03444692176,10,
2298,313.135510884,332.908248,709289.283904,11.1464989439,10,
2299,313.148414313,234.628767,4132183.63285,5.5355625971,10,
3649,423.219884876,74.509071,1801958.21172,10.0984375266,1.0,[M+H]+
2306,313.321480299,84.79197,39134113.6469,2.67360595611,10,
2308,314.061962264,458.683494,13340363.8064,7.33986556178,10,
2311,314.074954497,884.83113,9432719.68918,14.8896417904,10,
2312,314.091660968,166.482966,70152145.9401,1.99108560998,10,
2315,314.145964124,373.816689,1810120.98808,13.3906046968,10,
2316,314.145824985,166.795653,42960878.8652,14.2012959888,10,
2318,314.154715661,1156.65084,12998443.0096,7.31002378229,10,
2319,314.180937923,336.238143,2070929.1859,1.94274344758,1.0,[M+NH4]+
2320,314.186810772,98.448135,525149.661278,9.96741878721,10,
2322,314.232432429,167.945607,107164955.712,1.21528499029,10,
3066,366.336529696,60.408291,1883776.99141,0.622504824363,2.0,[M+Na]+
2325,315.040353467,34.2572256,284997.697955,10.0877081997,1.0,[M+H]+
2326,315.056373218,458.550327,5888216.21627,5.679860623,10,
2328,315.06721199,344.978082,1311545.61278,11.8583216209,10,
2329,315.07016805,785.99424,1173868.31271,11.7999453985,10,
2335,315.191393994,281.008812,1381423.73958,4.35377665106,1.0,[M+NH4]+
2336,315.236052571,168.10167,19273041.1243,2.72752953356,10,
3346,390.320024358,106.545828,1678034.88618,6.79767431631,1.0,[M+NH4]+
2339,315.977236659,2098.48386,2544453.56597,12.0531477001,10,
2340,316.033669699,504.344181,138859.838819,13.8932458803,10,
2341,316.060067886,458.842236,865914.962343,11.0223895391,10,
2342,316.090937217,629.49702,1215759.43127,6.26785159839,10,
2343,316.10204195,116.446893,4571414.45071,6.36913690268,10,
2344,316.100739125,490.825212,1036292.61197,1.27667772186,10,
2347,316.129200629,182.632542,1201556.74946,2.36316181787,10,
2348,316.139186878,40.7943213,2846366.17118,5.06429054073,10,
2349,316.16181016,110.68806,4709638.61747,8.01912322103,10,
2352,316.23483618,85.320393,2021048.62405,10.8845578169,10,
2353,316.248380523,166.289049,5857364.96928,0.598813933286,10,
2354,316.284494405,39.884601,2301575.44469,12.390234942,10,
3982,462.987197593,484.700946,1145694.11426,13.8792890272,1.0,[M+H]+
2357,316.920716391,516.145653,2862103.93459,8.23737024578,10,
2358,316.970233953,2058.67092,14722608.7579,11.8968635141,10,
3237,380.067342227,34.4494284,147354.226641,8.63798869926,1.0,[M+NH4]+
2360,317.042312279,348.410904,241702.689313,12.1981016367,10,
2361,317.070060011,577.536537,1589687.94007,5.79116093708,10,
2363,317.081638152,39.2591034,274383.618795,11.9429628106,10,
2364,317.076089319,82.741656,943494.352941,7.40226470666,10,
2366,317.127939508,684.6219,4505027.85681,10.2728644698,10,
2370,317.182025349,431.96433,5108142.49994,1.49556341134,10,
2597,333.155860929,418.915749,5197793.22424,3.84317055032,2.0,[M+K]+
2372,317.182097894,138.273804,263509.539653,11.2170782121,10,
2374,317.215399909,40.1677623,1203539.663,10.4444544506,10,
2375,317.218593531,383.10774,2436916.11043,5.64650547203,10,
2376,317.226835898,139.147746,6140785.19535,6.75089839777,10,
2377,317.324382031,69.790419,6388785.38279,3.49106017173,10,
2379,318.085313034,383.85315,4808670.07133,6.88004439894,10,
2382,318.121702162,94.074624,2905223.51213,6.61884930643,10,
2615,334.136026615,808.27671,1323136.11469,3.25589984174,1.0,[M+H]+
2384,318.173648253,85.304919,25551993.5932,2.01896894813,2.0,[M+K]+
2385,318.181360453,40.6095039,1289473.33497,6.96042428914,10,
3418,398.144023602,787.01013,4432685.13776,13.2267954124,2.0,[M+K]+
2388,318.202439698,333.045159,23038495.2341,3.69630663944,10,
2763,344.254607427,104.74461,118672024.102,2.74691845052,1.0,[M+H]+
2391,318.279353528,58.7438901,2886129.75001,3.64608559051,10,
2394,318.87859744,473.437416,97960442.5361,7.2585691771,10,
4199,490.169977946,38.0686287,2001953.84528,2.24228015037,2.0,[M+Na]+
2401,319.088784923,356.523222,1234929.46722,4.57411075857,10,
2402,319.105365681,317.50938,1187486.20753,5.13725678383,10,
2403,319.136435545,335.954778,5491831.54995,8.66004238279,10,
2407,319.172714223,43.453734,245032.966927,14.6255738796,10,
4051,471.310468664,40.395417,522076.305514,3.00508246029,1.0,[M+NH4]+
2870,352.321003541,38.3786394,28981764.0777,1.13931398647,1.0,[M+NH4]+
2413,319.303953798,84.69717,4588425.15798,6.30824973398,10,
2415,320.075673174,462.353232,254864.949333,10.5705709649,10,
3577,415.211581135,38.8578768,3705265.38049,3.09947575572,1.0,[M+H]+
2419,320.181683243,427.797336,24150879.1943,1.17985699908,10,
2420,320.181744666,448.97448,75580499.1084,10.7635964486,10,
2928,356.96541386,105.595404,7112138.89873,12.8848450696,2.0,[M+H+NaCl]+
2425,321.030218814,518.51886,231405.10036,12.3147725661,10,
2427,321.059956028,135.277785,5115225.17043,5.44378165493,10,
2428,321.062781058,69.34062,451895.273102,13.1731640858,10,
2429,321.059851425,87.171447,19551246.8169,5.90368887515,10,
2430,321.091539868,80.198298,328750.81219,14.1713298524,10,
2432,321.206149507,40.1677623,1235886.49758,5.66174746241,10,
2433,321.242473647,40.984347,20753575.7439,1.30151412617,10,
2434,321.238806731,488.842674,642149.481569,2.31131763877,10,
2435,321.262039228,145.030146,467935.993762,9.10930180415,10,
2436,321.261639025,40.8852489,1911576.48525,8.26903657261,10,
3356,391.331849064,94.331676,1510987.87346,5.65152207641,1.0,[M+NH4]+
2439,321.994591296,639.32934,77749.5909148,11.1476176368,10,
2440,322.038565882,103.1133,3491324.61851,5.41734540892,10,
2441,322.056578674,427.761678,1131520.76284,9.92374261755,10,
2442,322.056920457,33.8982318,693582.056695,6.68239479105,10,
2444,322.054705001,286.666722,30135988.0989,2.81590050165,10,
2448,322.13379974,58.7438901,4175207.39001,5.81103963567,10,
2449,322.128618236,40.708662,564549.852666,2.26246131072,10,
3129,371.132995887,413.897415,967071.523364,4.20342374435,1.0,[M+NH4]+
2451,322.143439247,718.36326,465880.318816,0.995321326004,10,
3194,376.223076115,168.10167,54641316.7444,10.9879330939,1.0,[M+H]+
2454,322.165042284,39.4846815,1222287.54034,7.43278003072,10,
2455,322.191956953,59.8284102,512257.845985,4.45390172545,10,
2705,339.337187767,81.311001,30785299.2375,0.161303752868,1.0,[M+NH4]+
2459,323.050786722,33.9278586,479177.186051,4.94164408175,10,
2464,323.194064575,515.094282,114980.923966,10.0783782362,10,
2467,323.25222912,58.0646058,18881148.7103,10.7461492883,10,
2469,324.039540596,459.671982,278194.188862,3.79514938045,10,
2473,324.082221576,585.378396,4429527.11996,4.69847169586,10,
2474,324.093230955,356.750187,2451040.07143,6.8893827999,10,
2475,324.093339712,383.991324,1700246.13397,8.83569654658,10,
2476,324.122452838,698.6859,695108.681629,2.22700242673,10,
2477,324.189383677,318.451311,15851427.874,4.21010984647,10,
2479,324.264691949,83.926776,585674.867686,4.11286086589,10,
2480,324.284041265,325.085208,1921828.45036,1.45987972591,10,
2482,324.907951433,517.429878,390222.064122,6.87616519265,10,
2483,324.968161068,611.26788,65007.3377948,11.5618084631,10,
3732,432.13371002,519.692142,2457109.72925,7.53378433608,1.0,[M+NH4]+
2486,325.081997072,1001.40348,29477337.3532,8.77006943036,10,
2487,325.105641808,39.2293971,2630990.42597,7.02742804748,10,
2488,325.128346177,38.7925512,237573.724421,13.1018957928,10,
2492,325.21245233,41.572779,455412.808547,13.8326595929,10,
2493,325.248572956,41.572779,4302462.9949,4.23526848159,10,
2495,325.321480684,93.696744,6633270.83828,1.17110342234,10,
3448,400.378199456,62.983284,7552054.07125,3.94115045886,1.0,[M+NH4]+
2497,326.038094195,101.084709,863360.184756,9.7300820433,10,
2498,326.126863694,40.984347,1761639.18384,7.65897566119,10,
2501,326.156667538,334.6728,565366.184907,8.40223082606,10,
2503,326.377970711,55.8518523,295093516.678,1.49955707426,10,
3842,444.872029456,494.079984,1210134.28448,4.60179381957,1.0,[M+H]+
2507,327.051784707,593.792922,3207581.49665,4.17868630001,10,
2512,327.127497397,321.95424,675963.792029,11.3173750281,10,
2762,344.227665776,60.408291,131236225.574,5.54628506295,1.0,[M+NH4]+
2518,328.014366729,521.571759,2789600.08218,6.62706962468,10,
2519,328.106327015,497.894706,2288052.05075,1.59575169291,10,
2520,328.114205845,668.50026,846476.924534,5.87042724556,10,
2521,328.130040114,385.979457,679911.60942,12.0057974341,10,
2523,328.127099136,485.637195,2923262.87287,1.60944572446,10,
2524,328.148275336,518.426454,7887615.54108,3.53684085755,10,
2526,328.212243416,330.497244,2957636.55857,4.71568284326,10,
2527,328.211839325,87.750006,2858346.8565,5.03157065054,10,
2794,346.233575157,170.597274,461652988.248,2.10746350251,1.0,[M+H]+
2529,328.223068416,323.657463,133021736.729,3.43148524983,1.0,[M+NH4]+
2531,328.811128595,494.111562,1170204.99971,2.83707248688,10,
2532,328.998618831,34.3618242,63780.1742967,10.3328251309,10,
3528,409.04370484,40.984347,16547576.2586,4.88803494402,2.0,[M+Na]+
2536,329.030158008,465.077319,2709357.95031,5.28267690852,10,
2537,329.028003187,510.521826,4441160.64312,2.50173531226,1.0,[M+NH4]+
2538,329.051248577,452.813904,401182.165149,12.3640661108,10,
2539,329.058670179,33.3638328,636149.068926,3.51690757298,10,
2540,329.079412494,40.082544,679842.043459,9.55640475066,10,
2545,329.161158195,219.076194,1068754.4331,11.5435689567,10,
2546,329.251895065,159.003564,1812258.32341,13.2985677375,10,
2548,330.059953095,389.962353,2240448.65256,4.11357099722,10,
2549,330.059948296,344.776953,7374227.75012,1.95874820165,10,
2550,330.065234152,639.54444,91715.8549441,8.94801923913,10,
2552,330.10363761,497.797149,848122.21655,4.81171294756,10,
2555,330.238787578,135.119415,56509637.9554,1.40919046463,10,
2556,330.336421823,55.4716578,17220967.0618,4.11065683495,2.0,[M+Na]+
2558,331.028529659,464.918571,259745.735726,11.6002517784,10,
2561,331.095754615,42.4292865,3368128.74674,10.4005665565,10,
2565,331.156670562,122.219739,2132365.20772,4.57522711505,10,
2566,331.197733212,385.79745,1079251.40905,4.06813336907,10,
2567,331.197901281,561.911946,2546241.26941,1.11934582593,1.0,[M+NH4]+
3946,458.261161967,79.254294,2058038.74341,3.90993947586,2.0,[M+K]+
3321,388.291968939,136.827903,3410073.86587,13.5131676563,1.0,[M+NH4]+
2570,331.284122531,61.976097,770363.877676,8.60325680363,10,
2571,331.33979242,55.3728198,3433181.59372,4.79701368742,10,
2572,331.9443582,510.621024,378849.04458,4.94820439195,10,
2573,331.955185878,2056.55634,4281642.7854,8.29947804679,10,
3796,438.196611856,319.54974,2343762.4082,4.53369046278,1.0,[M+NH4]+
2581,332.156613801,735.18063,3258550.62208,3.98303087297,1.0,[M+H]+
2582,332.197103146,40.0726728,2430559.13925,3.6879388833,10,
2583,332.218278105,222.021894,440199713.21,6.66580434145,1.0,[M+H]+
5704,702.439705102,317.823627,1199422.45242,7.65008103292,2.0,[M+Na]+
2585,332.33098404,56.3096952,34410658.3103,1.93242543286,10,
2586,333.011607727,34.330515,282979.94636,3.04863130911,10,
2587,333.032041786,34.0932216,572403.171016,6.72270481562,10,
2589,333.065578037,643.91262,227373.356747,8.57709672343,10,
2592,333.120936113,183.544938,3821875.29639,10.5467954825,1.0,[M+NH4]+
2594,333.125263584,499.61667,66203.9699383,13.2914171381,10,
2595,333.144367963,39.9835725,781848.256985,13.4681151255,10,
2596,333.155698949,400.414845,17714761.35,1.55787347485,10,
2599,333.155995389,352.033122,1254276.27276,0.561176077242,10,
4021,467.231998426,622.57524,243825.883197,9.74826979578,1.0,[M+NH4]+
3648,423.209285246,644.55231,338292.413452,5.94828695444,1.0,[M+NH4]+
2602,333.176969087,579.64206,32789210.913,0.971214689475,10,
3224,379.18290508,641.47014,896735.10681,5.42750864532,1.0,[M+H]+
2607,333.246634295,293.699172,319636.453535,12.3287668682,10,
2608,333.279081055,38.5141812,193424.013719,6.75978312063,10,
2609,333.290182213,106.67181,2634322.33369,3.36213031534,10,
2610,333.299772636,38.3786394,2145811.02813,1.6931126345,10,
2611,333.334456204,55.8518523,8194941.8716,3.69499132777,10,
2612,333.326298485,294.216624,823459.503101,7.20464602597,10,
2613,333.952575617,2095.56948,2569177.18041,14.8235381288,10,
2616,334.143585024,608.04471,729181.52896,2.22855323701,10,
2617,334.172350057,885.15393,343183.086904,13.3348448468,10,
3779,436.218860968,370.058964,3031468.15278,2.43365022258,2.0,[M+Na]+
2619,334.197249023,394.381641,51819970.5144,2.39289387239,1.0,[M+NH4]+
2620,334.19713739,61.394916,10185803.2133,3.09377048533,10,
2621,334.274305692,130.964046,1306149.10284,7.26106461827,10,
3741,432.869246321,476.330373,620882703.129,1.72728048377,2.0,[M+K]+
2623,335.029116483,34.0336506,218044.523902,8.56957387714,10,
2626,335.083747387,497.064138,192058.258581,12.3202784102,10,
2627,335.094224559,739.35522,105126.608599,6.80969796016,10,
2630,335.167518353,70.82463,1475972.15877,7.08678129213,10,
2635,335.313921434,38.415204,242544.985672,9.48982975918,10,
2636,335.868976978,468.1281,4248025.25042,6.83509371253,10,
2638,335.991582366,40.2963789,958588.423619,11.9645770957,10,
2639,336.030819955,651.89556,55569.9993501,13.1269705319,10,
2640,336.045659276,343.449456,1093506.71952,13.6025530834,10,
2644,336.11353231,335.426478,744221.547031,8.40846323163,10,
3684,427.175181474,124.374063,7538686.66289,13.413841586,1.0,[M+H]+
3753,433.247746684,183.709908,32384062.8452,0.606942711978,1.0,[M+NH4]+
2647,336.176394998,91.380123,937063.455769,5.70063396174,10,
3485,404.250511708,134.24187,1638261.53384,1.482031894,1.0,[M+H]+
4043,470.39610725,39.0692958,277276.666641,5.89680266226,1.0,[M+NH4]+
2653,337.050885706,152.124402,2488482.25997,4.27194514772,1.0,[M+H]+
2655,337.117934247,600.56526,91990.5523366,11.953896884,10,
2656,337.117882582,780.47634,177617.636739,5.86869854414,10,
2657,337.131465787,36.2851431,471782.849285,3.34774549436,10,
2659,337.159081069,185.489154,3214120.2736,2.58396026331,10,
2660,337.150905662,556.560426,214182.899508,6.80499158913,10,
3677,426.35805582,112.928982,80649845.1218,5.37552677036,1.0,[M+NH4]+
2665,337.321473018,82.713045,38991342.3673,1.65355866956,10,
2668,337.997733145,502.798602,752677.756881,6.84620490468,10,
2670,338.030717449,33.7927461,329545.187552,7.80946943158,10,
2672,338.081742977,882.62928,456391.380201,2.73575212108,10,
2673,338.09785114,490.074345,2481767.38367,6.09012134976,10,
2674,338.100725413,40.0448529,435784.670015,13.1322020143,10,
2676,338.141323608,303.316608,50791.3644133,6.49490786606,10,
2678,338.154567464,431.575593,830091.009367,10.4127133238,10,
2679,338.205512135,139.307244,3434245.47464,7.12313381152,10,
2680,338.222750267,60.875214,484966.571924,11.0448908858,10,
2681,338.232763365,153.74739,12289501.6042,2.87492106416,10,
2684,338.2914693,100.393701,5996992.5107,0.490232649914,10,
2685,338.305030429,61.394916,929486.11641,8.06162653164,10,
2686,338.325016738,82.815003,8591448.14377,1.08900552412,10,
2687,338.341679413,38.2863417,105146887.713,1.85599347487,10,
2689,339.017911489,1440.30534,1689000385.03,12.4801401333,10,
2693,339.0639926,39.6331926,6007709.16239,8.17191581604,10,
2694,339.093183597,615.26214,1624226.9406,8.39019562035,10,
2695,339.101373126,490.475652,225669.870523,2.07883258276,10,
2696,339.119183145,653.17056,1155973.29732,14.1872865929,10,
2697,339.16673416,139.760454,1029364.13334,5.86253895386,10,
2698,339.164194334,61.815582,639008.685338,4.16071482199,10,
2699,339.184705423,772.09677,302093.726565,7.34494424566,10,
2701,339.216882782,40.395417,966922.212383,6.99626629797,10,
2702,339.236476051,153.87222,2382301.61989,0.652668702975,10,
2703,339.275921536,259.45368,30837542.9755,6.29013505243,10,
2706,339.373538331,329.454405,605249.567647,10.4041742925,10,
2708,340.01503048,517.523892,4301166.87991,7.33866270973,10,
2709,340.021274898,2055.15498,9166513.33567,0.468039885052,10,
2710,340.035839143,589.342722,214809.503818,14.5114831109,10,
2712,340.06724678,384.033843,1709917.21364,6.55666437256,10,
2713,340.062841737,491.118573,177516.472598,3.64833085614,10,
2715,340.127431753,499.145484,3991098.94563,3.71632058811,10,
2716,340.150837213,555.853272,453274.672836,2.61834285504,10,
2717,340.150411598,431.015208,2915837.68459,6.64533905481,10,
3273,383.214098685,105.288831,4965992.84224,9.90490310356,1.0,[M+NH4]+
2720,340.163416806,318.294561,25620878.5042,3.79894635644,10,
2723,340.249003925,144.23229,7215967.66955,3.69722099932,10,
2726,340.348362922,38.2564566,2544209.45934,1.806492175,10,
2729,341.102305251,819.65124,2109026.51905,11.4481934615,10,
2735,341.183449675,77.894646,304413.243609,13.3944762386,10,
2737,341.211104391,38.945349,592721.410849,11.9674777943,10,
2738,341.243956277,303.601212,2748616.98618,2.39368479871,10,
2741,341.941435756,280.207494,238270.119345,11.9896528195,10,
2744,342.125687562,382.903536,108162.718575,12.6188747657,10,
2746,342.248168888,121.93968,107955.489026,12.7781377459,10,
2749,342.988793353,105.595404,3902183.11503,13.6637271753,10,
2754,343.101617478,321.88047,1521469.02773,10.1284227602,10,
2755,343.138818892,41.1693609,4961132.48179,2.85431685623,10,
2756,343.295807891,94.829721,17859521.0756,6.37322089492,1.0,[M+NH4]+
3740,432.39642921,68.556126,756104.554913,14.9891290362,1.0,[M+NH4]+
2758,343.376192372,56.9328096,461498.014764,12.9580535747,10,
2764,344.279874301,142.943544,7931136.39999,1.39241168826,10,
2766,344.316087316,39.9458814,1560127.26128,5.19171369005,2.0,[M+Na]+
2767,344.928687407,518.32845,154563.211772,3.2322867598,10,
2770,345.002649637,145.228422,2337661.21753,11.6553205441,10,
2771,345.025282665,473.875647,4129393.24667,3.99231912024,10,
2777,345.154508312,38.1980592,142230.905199,13.9728878378,10,
2778,345.224288174,679.00233,939454.397031,14.9217613161,10,
2779,345.249851246,233.827863,18591419.9134,6.9122824758,10,
3716,430.389176504,68.221173,30345620.549,1.07769392129,2.0,[M+K]+
2783,346.005543041,510.553098,126468.173805,13.666240696,10,
2785,346.101477139,656.42832,535845.084869,8.35154866427,10,
2786,346.124667008,682.99689,4725801.88358,4.54947774191,10,
2787,346.112554402,87.488748,822175.92475,7.50266756101,10,
2788,346.137580061,343.111629,1950388.83537,9.71232138884,10,
2789,346.148352592,224.756232,6093818.31281,7.52731327354,10,
2790,346.155346629,287.13879,3317540.1926,9.36791971357,1.0,[M+H]+
3891,451.252755951,318.608058,35269989.192,4.73804856404,1.0,[M+NH4]+
2793,346.204534268,39.4194213,2270856.77009,6.33310901791,10,
3816,441.232211732,357.874374,7861283.47446,5.55006490685,1.0,[M+H]+
2797,346.310257047,57.0994701,1119349.64705,8.49297338247,10,
2800,347.059660897,511.364286,885987.68426,4.4063007519,10,
2801,347.056138513,41.0126745,1083852.46287,6.88891080402,10,
2803,347.080449889,578.01654,2440601.13178,4.72066197555,2.0,[M+Na]+
2805,347.1451684,346.52205,3137636.06946,4.52149894628,1.0,[M+NH4]+
2806,347.19291112,554.921772,46702968.7921,3.40681701446,1.0,[M+NH4]+
2807,347.192624597,454.252005,24723248.7306,2.29446576149,10,
2808,347.192701564,573.040815,20047174.9144,1.0494983911,10,
2809,347.192657018,87.846093,9002270.29682,7.00132918377,1.0,[M+NH4]+
2840,349.273755784,40.357788,29806032.2872,1.11967778681,10,
2812,347.3157346,37.6223316,451373.036966,3.31898726064,10,
2813,347.918407188,510.417756,416078.898364,2.87507513274,10,
3084,368.03324492,1076.96586,152969193.125,6.72543737629,2.0,[M+H+NaCl]+
2815,348.096047106,499.078128,3284166.40193,4.58010589952,10,
2817,348.121978875,33.8982318,287813.510675,14.0480678877,10,
2818,348.155515063,186.36483,2988740.17796,2.97270605576,10,
2819,348.196640445,627.68007,1340710.79281,4.16389707569,10,
2820,348.212810803,57.4109694,2959113.80556,4.33100396795,10,
2823,348.289821328,40.2587499,4468807.99673,0.997645059465,10,
2825,348.301079895,71.050596,422330.204529,10.8928368798,10,
2826,348.325289371,59.623095,1829609.59855,5.66257189868,10,
2827,348.985856248,34.0336506,134558.870234,14.5534889676,10,
2829,349.007877888,116.812332,1755675.69098,3.68984739309,10,
2831,349.038821946,644.25228,278654.950075,5.24559026497,10,
2832,349.08001103,641.08575,1788022.97408,2.07694697261,10,
2833,349.099583611,499.10646,448179.294087,3.72442154554,10,
2834,349.08883609,565.02114,1424469.20088,4.43146271536,10,
2835,349.150921502,489.475857,1009741.87668,3.43288511081,10,
2836,349.169507663,151.787244,3283634.87745,1.12991365256,1.0,[M+NH4]+
2838,349.183033928,60.117867,49154619.216,6.15529343259,10,
2839,349.237584902,39.7321689,2429277.36099,3.69564353021,10,
2841,349.321562288,92.746491,34980690.5972,1.18341869029,10,
2842,350.065022083,673.30032,62283.7284513,9.92099157733,10,
2845,350.186615023,60.217452,7096046.48694,5.16283371846,10,
2849,350.326574213,38.5428756,5151500.24169,3.65492024656,10,
2850,350.975702912,509.892972,315602.697855,5.12520898661,10,
2852,351.053705857,43.3218099,4085545.04237,3.31989540598,2.0,[M+Na]+
2856,351.312054279,99.937698,1305901.14291,4.24197557559,10,
2857,351.337288472,90.651726,13599180.2213,2.66590045047,10,
2858,351.965205236,40.2963789,533617.470525,12.9916675086,10,
2860,352.063167496,725.00727,68683707.4372,5.62253834136,1.0,[M+H]+
2862,352.120866486,1249.47036,14147234.1305,5.64965776498,10,
2864,352.153776871,424.616868,1259271.90617,2.08313344155,10,
2866,352.186958021,188.7306,45495682.6568,1.47518998487,10,
2869,352.256810336,39.4846815,492544.70678,7.49602354476,10,
2874,353.053677473,40.984347,621476.378755,8.24553983375,10,
2876,353.104402145,693.92973,131938.620497,9.67518510303,10,
2879,353.19047095,380.470116,661741.502675,5.55778094685,10,
2881,353.291191896,332.726853,579524.525153,5.41178201136,10,
2882,353.291306699,151.724748,366334.573592,9.58500112702,10,
2884,353.989449241,504.365403,233454.069251,10.7007762718,10,
2885,354.023148232,110.791257,336837.459953,8.15984911137,10,
2886,354.028648022,482.787726,913105.273314,4.83155599884,10,
2888,354.058807026,724.84854,5674297.30349,2.42458914703,10,
2891,354.131482255,88.494372,6064338.11074,13.4229412928,10,
2894,354.179194264,141.461439,8093312.14273,8.73708789872,10,
2895,354.17917375,164.26266,1078805.181,2.45578499184,10,
2896,354.199909832,317.78673,16719036.8236,3.97479312018,10,
2898,354.209977326,38.000361,203484.846191,2.87619748568,10,
4206,490.310901193,87.625932,3764678.98604,3.88245437048,1.0,[M+H]+
2902,355.01444285,34.1229243,3097018.62571,8.42590103439,10,
2904,355.059643318,491.127396,59562.184992,5.91722464693,10,
2906,355.086304098,361.427844,292802.883503,9.35836107602,10,
2907,355.096970423,564.313236,431987.389036,6.28074430925,10,
2909,355.136404783,231.869886,1814341.83827,3.05088766961,10,
2910,355.159202092,643.02945,4926130.86264,8.55048212222,10,
2911,355.158991725,579.001752,9671354.81955,4.33550794047,10,
4671,542.23879944,317.666565,12922271.6067,4.51229075751,2.0,[M+H+NaCl]+
2913,355.300003357,36.0587253,173765.397399,14.0133617543,10,
2915,355.950078869,2098.91796,1296423.90063,11.8776014069,10,
3917,453.967963513,460.445334,373282.435923,10.5927449328,1.0,[M+H]+
2919,356.078208419,594.618435,1015634.68948,3.15239863934,10,
4893,567.204492459,104.645094,1423493.92837,10.9709250905,1.0,[M+NH4]+
2924,356.179494575,369.965241,6281803.36144,4.05775332386,10,
2926,356.229335431,142.048389,434801.327577,13.053347488,1.0,[M+NH4]+
2927,356.343215779,37.7161317,216432.977142,14.1364771381,10,
2929,356.982660194,144.320538,3494445.56805,13.2757389507,10,
2931,357.061737339,204.871482,6829026.42775,7.98082139159,10,
2934,357.073082448,487.557672,592178.40775,6.93873722365,10,
2935,357.074263165,40.4807064,1049848.79338,10.9336775762,10,
2942,357.242210868,37.3990059,368591.477773,2.73265106901,10,
2945,357.34832221,122.899176,1239599.92778,2.14053400049,10,
2946,357.969412399,105.965532,484540.690268,8.21005355792,10,
2947,357.978722628,230.157267,3819593.07917,4.37936028122,10,
2950,358.134959392,123.53892,1294737.7413,10.5132394937,10,
2951,358.137584222,464.610942,20908627.6849,2.07036480086,10,
2953,358.173918708,132.346449,5391513.63392,7.99371966758,10,
2954,358.207284462,341.52684,4112798.83437,1.48177528169,10,
2957,358.2700841,677.10702,100083248.86,6.04920538768,10,
2959,358.295473472,137.092731,4298014.96315,2.76513999088,10,
5848,733.996256519,164.09481,12128647.1943,3.10350827981,1.0,[M+NH4]+
5849,733.996490468,145.534218,31270252.1817,4.61323298224,1.0,[M+NH4]+
2963,359.008694536,33.9740796,78455.4161817,4.93616698401,10,
2964,359.027276319,33.7927461,54661.9837183,10.1622463736,10,
4526,527.142732167,679.18842,4758442.42887,9.84702291726,2.0,[M+Na]+
2970,359.273506114,88.755177,5171820.86711,1.48909688945,10,
2972,359.265735432,121.651734,156666.954999,14.6540943881,10,
2973,360.05987932,499.804038,265835.571836,5.11356997447,10,
2975,360.165240675,41.0126745,4516831.36663,2.74966131012,10,
2976,360.1879583,787.96455,1948491.06751,6.76717298271,10,
2977,360.232354523,428.715936,490204.121249,6.02194113461,10,
2978,360.36234942,55.8205878,8460394.49937,2.42341682552,10,
5862,737.990435002,164.194473,6054972.30892,6.94649107568,1.0,[M+NH4]+
2980,360.976733771,144.878595,6011891.69797,7.93497580249,10,
3555,413.118462239,786.47466,1912430.8487,11.9054527572,1.0,[M+NH4]+
2983,361.084886017,32.9255475,99318.4713485,11.111224093,10,
2984,361.095717591,547.528992,864158.942209,6.37248659725,10,
2985,361.089365323,86.358192,1087856.56137,4.01257565872,10,
2986,361.10112007,785.04486,494348.914977,14.4233102791,10,
2987,361.126012656,42.9180168,159189.419347,11.7167611228,10,
2988,361.147405753,947.21088,2171242.48116,2.24232490942,2.0,[M+Na]+
2990,361.186841053,317.157612,724409.090652,8.1792166028,10,
2991,361.208263574,454.734756,10692320.7444,1.90040636618,10,
2992,361.208383225,1018.17966,2808451.32746,6.81833879177,10,
2993,361.27385337,37.5877737,499134.447312,12.6919879341,10,
2994,361.284980355,132.50451,44673298.0921,1.42022908277,1.0,[M+H]+
2995,361.288689468,39.6331926,742468.399466,4.55602126254,10,
2998,362.059026834,348.362241,478775.504298,11.8602056918,1.0,[M+NH4]+
3000,362.086187169,488.027175,32358948.8915,0.829929246404,1.0,[M+H]+
3001,362.091538066,615.15282,293981.56192,7.02515731735,10,
3004,362.118761335,80.428518,8033950.37337,4.02031490994,10,
3005,362.132519815,555.776847,192227.345888,14.8645814148,10,
3006,362.145272807,123.289284,2403747.76383,13.7904177548,10,
3007,362.15153041,947.58168,211621.928199,8.06139130615,10,
3008,362.181039086,38.2863417,368418.533663,3.05507396252,10,
3012,362.973967951,144.321165,2549234.59764,14.9463620592,10,
3013,362.97364256,164.03313,962096.428721,12.2432622194,10,
3015,363.019367884,33.6733299,138400.345982,11.2639831233,10,
3017,363.018310153,805.70412,83786.4852457,8.32723454621,10,
3021,363.166539877,381.934794,4014952.40432,2.09140822345,1.0,[M+NH4]+
3022,363.166305331,331.771425,12333213.6692,1.62647440468,1.0,[M+H]+
3023,363.166186091,56.476161,8075070.66211,2.13621086949,1.0,[M+NH4]+
3024,363.29176233,132.54441,1008203.27717,3.04649363483,10,
3026,363.300674147,103.783944,64499861.4043,2.4575560131,10,
3028,363.976138204,516.982374,75507.4178292,14.3941454854,10,
3031,364.116606391,39.1996908,229778.372908,13.381316752,10,
3032,364.115542675,79.9227,2621256.73238,6.848428562,10,
3034,364.189892206,168.257733,28002795.2301,1.43180286763,10,
3035,364.220641872,69.880626,192288.751865,13.3865506452,10,
3036,364.247574855,58.002576,41091737.8398,7.95099154162,10,
3037,364.255510383,434.16105,1344501.95194,4.68260455835,10,
3038,364.293009009,36.2182278,245066.623245,9.90743223948,10,
3043,364.954530195,610.59018,503326.521234,3.19462059941,10,
3044,365.002530804,166.795653,7937514.28846,9.83297335298,10,
3047,365.070412792,550.53639,982651.614322,4.22424691436,10,
3048,365.105621769,680.88027,10478503.0788,7.14011961836,10,
3049,365.12075631,42.6870636,2798204.89826,2.63543752214,10,
3055,365.999912104,504.874458,128276.378603,14.260892293,2.0,[M+Na]+
3056,366.104527308,515.811798,3113962.80704,2.83272324808,10,
3057,366.116725735,613.01136,660119.654908,6.55692601083,10,
3060,366.179062466,320.496105,31290880.8549,3.5298400349,10,
3061,366.202696459,327.15363,1401040.08567,3.48666649222,10,
4155,484.324913337,41.335905,1367393.36812,1.31575569872,1.0,[M+H]+
3070,367.066401741,874.33062,18937700.2226,4.8432171463,10,
3071,367.116283279,34.152627,182207.733346,2.83009329193,10,
3072,367.14621112,843.73257,469721.097507,2.89093190755,10,
3268,383.156057165,600.098844,922357.563753,5.07044817173,1.0,[M+H]+
3074,367.161483708,505.912008,2118215.96925,1.09205050452,10,
3075,367.161175884,615.40806,451129.985233,2.001672236,10,
3076,367.201228582,118.794396,4559375.95971,14.43319983,10,
3080,367.270810599,121.61067,1019148.19347,10.0709207083,10,
3081,367.303244406,37.9697796,504901.503449,6.15605920675,10,
3082,367.307163282,141.713727,2198423.89904,3.43103014777,10,
3085,368.11673747,585.54951,1540643.6715,13.0288892202,1.0,[M+NH4]+
3087,368.215945424,185.540871,33653786.7901,6.10262384469,10,
3089,368.226042454,41.5124304,484873.638536,9.91461028605,10,
3092,368.310721364,141.978738,354531.427839,5.2471595242,10,
3093,368.301089547,82.741656,322020.995722,0.875799997577,10,
3095,368.351721633,59.9046408,1659061.68956,4.62997397173,10,
3096,368.424778313,56.9436594,12893979.8691,2.23587463528,10,
3098,369.117268999,785.36472,1044244.04343,10.2807861143,10,
3099,369.16109525,594.805725,2115478.27313,10.9539702448,10,
3100,369.153518006,467.448681,6885730.19678,1.08324782827,1.0,[M+NH4]+
3101,369.174874602,554.92056,19815545.1816,5.18321833566,10,
3103,369.219537948,186.058281,5423579.69626,6.09376024607,10,
3104,369.218738682,170.694366,4810663.90217,5.44889803813,10,
3105,369.252951913,33.157638,235584.917002,9.78182363858,10,
3106,369.250164354,511.847964,2901645.31399,1.55765505672,10,
3108,369.347475551,61.976097,4365140.22618,4.38973777958,10,
3109,369.428200396,56.7878511,2995583.2901,3.76373596709,10,
3110,369.950372307,518.51886,218602.031909,13.0198844139,10,
3111,369.989665579,40.2587499,552443.990535,5.32120256671,10,
3112,370.030523538,490.143567,7600026.3908,4.37912612258,10,
3113,370.053624047,798.98592,62603.3463576,14.3751749201,10,
3115,370.130443423,347.437536,669640.144623,14.2383770828,10,
3119,370.175411268,416.076927,94710.5979128,11.4712684113,10,
3120,370.27991505,40.7943213,1109839.74575,11.2222132483,10,
3145,372.311082124,129.900876,38024061.5938,9.95892675717,10,
3122,370.331737247,39.0073224,3477941.37581,2.63408479022,10,
3124,370.387559469,70.946313,1323992.78319,8.60153894556,10,
3125,370.994474726,183.90078,1647412.79648,9.33672326835,2.0,[M+K]+
3131,371.265777652,99.301698,1131942.57323,2.89068209368,10,
3133,371.298086515,37.940895,123901.298683,5.21033500281,10,
3135,371.327162655,87.687969,8524177.2585,5.6765577965,10,
4308,501.356769814,86.005983,467931.431861,2.61123240281,2.0,[M+K]+
3137,371.962926336,509.925939,2192154.77812,3.08641295488,10,
3138,371.991841936,33.7927461,149548.626786,11.9157717633,10,
3139,372.036440389,496.927536,945776.757469,8.31422407338,10,
3142,372.20256976,1156.338,32336645.0725,2.75068000891,10,
3143,372.231070864,61.87287,2013822.14502,4.55050523211,10,
3144,372.28599581,265.061139,1228474.31241,3.78227317872,10,
3148,372.829389463,482.53464,7978671.91036,3.85041736325,10,
3149,372.82934917,468.284676,7632130.91245,3.89557380436,10,
3151,373.025152238,610.4232,545484.789784,4.09463023774,10,
3155,373.112101369,786.47466,1271181.35881,10.7101184918,10,
3158,373.237543724,39.2591034,363680.370276,5.26566014018,10,
3159,373.249678772,2049.12306,1387956.09719,2.6135829591,2.0,[M+Na]+
3161,373.321256139,88.383,688347.502304,4.11836826414,10,
3162,373.35068838,64.419411,991024.703363,14.4014538241,10,
3167,374.147946541,132.673353,9137575.4445,3.30053966879,10,
3169,374.149731541,660.19116,825837.273732,5.77484885854,10,
3170,374.169113646,380.752722,607658.649566,6.92821664276,10,
3173,374.362495787,55.061322,1207066.31723,1.74428010607,10,
5049,586.024314055,518.69637,705451.966064,5.30185338288,1.0,[M+NH4]+
3175,374.962909831,543.61392,32343442.316,4.15762595659,10,
3176,374.981602313,462.25572,201110.705563,11.7625036554,10,
3177,375.065490155,678.93798,6720951.5509,2.16385547142,10,
3178,375.086159687,694.07625,378177.40473,11.5291131439,10,
3179,375.182473368,573.623148,141239.403104,2.06061441875,10,
4642,538.283406685,38.6353029,324985.821588,9.4440773686,1.0,[M+NH4]+
3182,375.208020025,2048.7999,1412463.26314,8.03083430957,10,
3183,375.203078309,142.732836,4719543.83434,5.66672801311,10,
3185,375.223963323,455.355012,18552081.6421,0.858222009081,10,
4260,496.363249416,40.2963789,2693005.7123,2.04971737033,2.0,[M+Na]+
3187,375.300888819,118.115694,21951036.4554,2.98076487532,10,
3188,375.300226307,57.0994701,2361056.42947,7.3751635824,10,
3190,375.976197761,462.031728,563035.592306,3.29345724569,10,
3191,376.026992369,116.766516,836399.363895,10.4743462277,10,
3193,376.212319572,143.587602,3077791.41187,2.35771567721,10,
3196,376.269652045,40.2587499,475712.266423,6.98919423777,10,
3199,377.015070045,490.825212,337772.782173,9.48472715461,10,
3201,377.122879806,140.1078,685731.592977,5.004646601,10,
3204,377.221987963,33.3404577,267907.420878,11.0889884975,10,
3205,377.237455665,120.562758,329623.951103,12.9690620394,10,
3206,377.261984069,1156.37073,23248355.342,9.37987909312,1.0,[M+H]+
3207,377.269009967,39.1996908,504169.197895,4.74945651624,10,
3210,378.022711215,491.433597,179081.525857,11.8014293929,10,
4605,534.688106652,819.88509,3860275.96833,6.51532342552,1.0,[M+NH4]+
3212,378.065086089,615.26214,162978.004784,12.6563060614,10,
3214,378.119355399,105.659277,11494063.1569,13.7869343117,10,
4092,476.819750272,487.805805,7202182.20493,1.4189844644,1.0,[M+H]+
3777,436.075012983,489.508503,1466508.69838,4.73716637193,1.0,[M+NH4]+
3223,379.078287896,590.067678,152813.218988,2.90049822396,10,
3225,379.186743165,143.292186,185187.381939,10.6266759737,10,
3226,379.182523757,761.24952,265401.164049,10.712410055,10,
3227,379.194066397,71.891556,1696762.63138,3.78195405755,10,
3230,379.237437872,33.1291203,210580.209972,10.5758982915,10,
4885,566.314335535,37.874565,916827.300825,8.24039085603,2.0,[M+K]+
3232,379.268278158,518.040126,8658320.81105,4.69024888711,10,
3234,379.343300136,230.479542,2566330.47144,1.72811905162,10,
3242,380.218169748,41.4224418,1650715.40136,10.5733465015,10,
3243,380.279181568,39.1996908,1088330.76278,5.34015423411,10,
3247,381.014531433,181.047054,1406664.86854,13.3358723707,10,
3249,381.089941012,516.870024,330287.085554,11.6298179838,10,
4115,479.210229768,753.15522,1810767.39718,0.869616661124,1.0,[M+H]+
3251,381.210990411,384.033843,4184011.30322,5.28679538497,10,
4532,527.31912219,322.549536,5969385.36752,2.32690346441,1.0,[M+NH4]+
3254,381.242198331,38.6934528,819788.902164,7.99229341805,10,
3256,381.322314226,121.257426,385752.007227,9.33332658469,10,
4120,480.054785857,483.416466,742128.88341,6.390973372,1.0,[M+H]+
3261,382.197306677,317.50938,4432806.36512,2.12486268672,10,
3262,382.217407953,711.9741,217188.532224,9.03636802635,10,
3263,382.248849678,40.4807064,2376911.66821,9.17539425754,10,
3265,383.041638279,785.99424,2336710.34223,6.64017438428,10,
3266,383.078119882,576.608058,475986.812345,7.86071825114,10,
3267,383.132880252,678.81849,2100278.62125,10.0740872601,10,
3270,383.169414296,383.863062,16451119.8113,13.6719698435,10,
3271,383.166109509,588.060228,27244254.3274,9.7412766996,10,
3272,383.190609528,519.250113,5588882.97703,3.87590224894,10,
4325,504.021400871,518.426454,1053935.00003,10.9185306957,2.0,[M+Na]+
3278,384.128199032,787.05078,426870.605925,3.92930557326,10,
3283,384.223949353,518.395248,102301.749854,13.6196371653,10,
3284,384.311159554,123.77049,16311300.1825,6.61826847568,10,
3285,385.012057593,40.984347,1375759.37104,10.9040733319,10,
3288,385.193342689,185.540871,10221339.6951,6.28575999641,10,
3738,432.254067339,388.186524,3092326.96129,2.82093053622,1.0,[M+H]+
3290,385.2445799,327.631251,25788011.5535,1.77060804738,10,
5104,594.400488851,785.83362,2424550.78078,5.43928489806,1.0,[M+NH4]+
3293,385.317074576,48.0875652,876807159.761,9.0364270243,10,
3294,385.347527108,37.047735,187382.915608,1.20419751742,10,
3295,385.379167157,114.405492,2845471.23895,1.082612536,10,
3298,386.127862357,510.844815,721427.156982,14.7454085043,10,
3953,459.31801697,125.014491,56980854.016,1.4277483033,2.0,[M+K]+
3302,386.382617311,114.596529,561610.518617,3.7448313876,10,
3303,387.055530568,498.80835,108043.670547,11.9776201767,10,
3304,387.107040165,489.152991,419687.564282,8.73448455291,10,
3307,387.122748125,594.174099,709664.53009,11.702478158,10,
3308,387.169471144,82.693095,303939.914597,13.3301421966,10,
3310,387.20021277,819.78354,913209.912397,8.58610802567,10,
3311,387.265165355,2048.66601,775885.190794,7.42545587398,10,
3312,387.296675298,104.110299,2050892.98791,4.84240394241,10,
3314,387.936943892,509.925939,715935.511782,7.48229103332,10,
3315,388.019189339,2096.78436,1377541.68226,13.1061373018,10,
3317,388.049928949,499.145484,133676.023096,9.84877817804,10,
3318,388.148476458,85.368798,270921.521872,5.73679486591,10,
3320,388.253785649,61.976097,170738572.028,0.635548957784,1.0,[M+NH4]+
3322,388.342295378,71.261685,892727.242848,12.2916445782,10,
3324,388.393505506,55.5393588,2789130.25803,4.10604386511,10,
3325,389.143861941,506.195082,154875.745616,9.52812640473,10,
3326,389.180621402,38.6934528,3091049.72694,5.78222117831,10,
3327,389.177191115,384.076362,4020839.69432,6.42400298373,10,
3328,389.211631829,51.2209179,899566.422196,8.14078535289,10,
3329,389.218550526,124.534251,44994704.9089,1.74686020397,10,
3331,389.214746161,973.35018,1896794.09991,7.72310311903,10,
3332,389.23948114,399.464289,12163590.0118,1.23171721417,10,
4676,542.391153689,334.282638,719532.258872,14.8828815457,1.0,[M+H]+
3334,389.239683699,382.376958,8775615.59848,2.18609328898,10,
3335,389.283597827,40.984347,557684.993142,12.8014831021,10,
3336,389.320150789,39.2293971,893346.575665,11.2462389803,10,
3341,390.143098788,188.772138,8909496.29488,7.44096515934,10,
3344,390.198452593,573.040815,20535222.5565,1.15172466358,1.0,[M+H]+
3345,390.227691136,98.668566,345663.157813,14.6927476324,10,
3347,390.936889966,518.713248,917853.653698,1.56005574193,10,
3348,391.047462545,504.925452,73606.9135793,14.9271252904,10,
3349,391.060222143,694.07625,316910.454543,3.5738347342,10,
3350,391.161386469,354.557721,1939086.12232,1.91373915702,10,
3351,391.176673523,101.000106,3417181.78805,5.18741249116,10,
3352,391.197608133,438.819015,16055843.1966,13.1160695942,10,
3355,391.298922261,72.777522,1718484.68601,3.176141772,10,
3357,391.335255798,39.8271366,580554.813303,8.65310389322,10,
3358,391.342179551,37.529181,367708.541299,5.04846326429,10,
3361,392.227689793,38.2564566,302246.672278,10.1146844112,10,
3363,393.136763347,521.447103,20603651.4823,13.5137481323,10,
3365,393.161925855,992.51154,2902039.41874,3.50111010658,10,
3366,393.151615059,56.3554455,1877853.70341,4.5144217725,10,
3367,393.180713635,911.1411,215153.036595,3.06832197833,10,
3371,393.308975316,87.709143,760888.188658,13.8250408685,10,
3373,394.15735119,838.2393,2209709.55776,0.827217483379,10,
3375,394.172510759,514.790667,3557177.04772,2.39630631368,10,
3376,394.207440872,38.8861998,459658.397697,7.53466050647,10,
3379,394.295443166,129.314313,49111184.1078,4.58871529907,10,
3382,395.04766461,522.258111,1704319.49561,10.7173710736,10,
3384,395.057251405,510.521826,1211696.50775,8.249315351,10,
3385,395.175928503,515.534844,230408.117583,2.63128133272,10,
3387,395.18556668,703.65324,146339.734137,13.840491159,10,
3388,395.202805266,489.85197,309747.242603,8.09142189548,10,
3389,395.226666067,318.248928,7849644.16877,7.45378802503,10,
3391,395.279417325,39.5421414,2517113.94088,4.54422709911,10,
3394,395.322940591,408.643533,1784547.04997,4.83971296462,10,
3395,395.305379366,140.1651,639372.686183,7.59172628349,10,
3396,395.33128317,39.5421414,3541400.81208,7.75756787915,10,
3397,396.015383758,881.38668,448689.969138,7.21756068186,10,
3400,396.206608683,573.523308,248217.397668,5.22111719769,10,
3401,396.21260437,54.5738466,744095.437296,2.72707224491,10,
3402,396.213469529,214.02054,24431648.0131,11.8989566887,10,
3403,396.213405589,316.504446,852748.265378,7.00516291564,10,
3404,396.226286465,89.014872,2540355.6922,12.9592542819,10,
3406,396.332871138,39.3205731,2605089.39868,3.1369166961,10,
3407,396.366768243,37.9051464,181954.109675,14.9700679465,10,
3409,397.184334682,53.6379852,670482.636011,2.14171991157,10,
3411,397.273158097,53.075007,510622.671803,6.19624329271,10,
3413,397.314722414,123.819909,9983210.05613,8.0221533025,10,
3414,397.34721728,39.0692958,730066.292164,4.4303717355,10,
3415,398.073046089,602.04558,53620.0444488,11.6118863415,10,
3416,398.091349748,464.928942,2004962.77778,4.12951870387,10,
3815,441.180007501,53.8830933,123691719.467,6.92189267036,1.0,[M+NH4]+
3419,398.178499892,373.564722,5490372.12549,11.3985694353,10,
3420,398.191521081,64.232343,1488366.53913,11.3779690843,10,
3422,398.326721216,121.454892,68810779.2697,6.42814103405,10,
3423,398.363129541,63.274026,826018.100441,13.8807879436,10,
3424,398.99694092,490.813248,478873.970499,4.17412945331,10,
3425,399.015754511,786.20688,2669023.8637,4.42218709003,10,
3426,399.07308267,576.97938,371902.219572,4.4502621683,10,
3428,399.161250833,881.76189,8725254.56708,3.34363005168,1.0,[M+NH4]+
3429,399.260331568,317.980689,41666736.0505,14.7011253284,10,
3430,399.307350287,303.563202,450090.544191,12.4190891274,10,
3431,399.316379191,58.0335909,42005482.8322,4.49473027783,10,
3433,399.330251916,121.367388,16694408.8017,5.75083947864,10,
3434,399.394808749,82.52895,1615868.3919,2.76498162712,10,
3436,400.063430391,629.49702,962019.354697,5.63613341931,10,
3437,400.109898337,552.307248,137708.83392,11.2023694866,10,
3438,400.126590982,612.51252,589559.460604,7.15394225804,10,
3440,400.182953229,560.74212,336589.391077,6.07010924935,10,
4086,476.250767453,328.868916,4040230.28305,4.34398238947,2.0,[M+Na]+
3442,400.269189874,40.082544,496256.421418,13.1111957347,10,
3443,400.280821471,278.377797,12935266.4813,0.626389146629,1.0,[M+NH4]+
3444,400.30607267,39.6411177,874266.986635,13.6900494653,10,
3446,400.342425363,119.971809,102466488.218,5.51543153848,1.0,[M+NH4]+
3447,400.361827215,82.053039,691368.728465,5.87723417652,10,
3449,400.398315287,82.693095,310507.401081,6.8594056623,10,
4606,535.153495838,170.41308,7335150.15544,9.32677394123,2.0,[M+K]+
3454,401.262324044,86.591388,4785078.21695,1.19060656549,10,
3455,401.284477819,278.440824,2733189.73115,7.08865341181,10,
3461,402.017462534,489.961353,1068378.82032,2.56104634539,10,
3462,402.039429438,487.854936,459326.713111,3.68854827303,10,
3464,402.250144467,182.500812,1971495.74738,2.63499164217,10,
3465,402.285112686,40.0448529,2144086.04331,5.59468065775,10,
3468,402.357786807,70.001319,53444418.7669,0.928419964284,10,
3470,403.182478353,549.574962,521598.975672,8.6558178515,10,
3471,403.193640895,765.90885,3777554.80914,1.97562008401,10,
3472,403.202734057,658.35378,493607.316873,1.33886928264,10,
4020,467.226825445,318.451311,39221881.499,3.85692837498,1.0,[M+H]+
4693,544.333420121,317.097045,10085685.006,0.880097659075,2.0,[M+Na]+
3475,403.266756759,383.281323,1997573.45043,10.6132632669,1.0,[M+NH4]+
3476,403.3026138,37.5933798,236706.583246,4.32490106654,10,
3477,403.332233254,101.153802,7233830.86771,14.0399638132,10,
3480,404.126963658,82.586742,648047.099771,7.87821691658,10,
3482,404.179434873,318.100854,777256.041663,11.1305369181,10,
3483,404.193233228,444.174678,609186.7438,2.06744849242,10,
3484,404.214487178,506.531964,1831221.36442,5.37868135338,10,
3486,404.30123277,39.6946656,731270.331456,12.6066990038,10,
3487,404.335633647,101.098914,2007913.20694,1.87203419714,10,
4892,567.132802906,1053.19872,970499.523893,6.70989755467,1.0,[M+H]+
3490,405.117896035,505.911372,560594.072864,9.13181507622,10,
3491,405.148365677,614.2638,3472460.30167,12.1124721677,10,
3492,405.172417346,519.661758,2684242.29325,8.76882324629,10,
3493,405.213221523,173.972049,35369053.1724,0.989103580883,1.0,[M+NH4]+
3494,405.21763452,506.531964,198660.734998,4.86210425718,10,
3495,405.234649196,411.921771,1882315.56671,3.98817895848,10,
3496,405.234064925,60.530514,3952397.81889,4.30526114216,10,
3497,405.347951193,105.035268,1686456.60716,2.29195985381,10,
3499,406.018611284,504.877998,604065.697595,10.6785612324,10,
3501,406.121791648,898.44792,587516.513541,2.29202254896,10,
3504,406.125187299,82.964784,166454.538294,8.04773514549,10,
3506,406.172192662,164.604663,32816154.2145,4.08856764448,10,
3507,406.172204262,480.290664,3774096.2907,7.88667886934,10,
3508,406.19293406,849.4584,1981237.66225,5.19872540658,10,
3509,406.207293273,38.6014635,13395021.218,1.11228118737,10,
4432,514.872664011,467.951508,27665982.62,5.17951775608,1.0,[M+NH4]+
4424,514.136598805,520.03665,1321395.85736,1.76067301501,1.0,[M+NH4]+
4341,505.086306949,468.089172,2880948.01522,2.85776074895,1.0,[M+H]+
3513,407.177680823,806.93049,153303.864333,1.93272239454,10,
3514,407.177894054,947.79768,705607.929625,1.868198789,10,
3517,407.21398939,566.764605,8077205.74457,4.2691394512,10,
3519,407.258113643,38.8861998,483839.40755,12.0825095545,10,
3521,407.367237563,36.667581,567794.267858,6.7294115911,10,
3525,408.35828903,43.8856773,535009.598622,7.0503917871,10,
3526,408.71448653,974.04033,1443191.50203,4.27708439918,10,
4210,490.963862864,522.726423,12954071.8275,11.2081680046,2.0,[M+Na]+
3530,409.146193728,69.026499,3599810.7932,4.05123450073,10,
3532,409.194359482,698.0877,1353976.4968,3.6806697499,10,
3533,409.208257102,407.787081,4244133.36978,1.83014573379,10,
3534,409.20819613,788.34414,958726.992234,9.88929796337,10,
3535,409.216006699,973.91664,565290.226321,4.59927394414,10,
3537,409.338711078,411.279339,2410609.23347,8.62811314032,10,
3539,410.178841844,97.706964,1229283.9228,5.43543025372,10,
3540,410.207740309,131.131884,6886113.87881,13.5728976804,10,
2955,358.201282845,79.414017,36494918.223,0.849555931674,2.0,[M+K]+
3542,410.347559297,39.2293971,1770430.68643,2.88935732717,10,
3543,410.986184409,881.38668,1099942.06504,1.47960891328,10,
3544,411.031244036,510.521826,1728852.96945,4.10362077218,1.0,[M+NH4]+
3545,411.182941702,33.3170826,75060.7725057,12.8337046288,10,
3548,411.333228659,306.244704,229461.616935,11.0592804362,10,
3552,412.217951769,884.34711,22291129.5719,14.4070419723,10,
3553,412.342436272,117.604407,10697892.673,4.73593457652,10,
3554,412.960455737,518.107269,77210.2475795,14.9523919741,10,
3556,413.141887521,561.12474,2284952.06163,2.63521187565,10,
3557,413.143550573,355.00164,486249.963601,9.4167470755,10,
4367,507.245477016,242.419419,7060049.07328,4.24612567145,2.0,[M+K]+
3559,413.275714999,283.54506,33480479.176,4.99247059288,1.0,[M+NH4]+
3560,413.276028511,315.338292,20164370.1496,2.79077530153,10,
3563,414.10394486,369.173778,233184.045575,10.0785670425,10,
3564,414.145305691,561.454782,274704.557603,9.33191653235,10,
3565,414.235024022,672.14817,10851488.1026,4.25597035058,10,
3566,414.235091604,611.28477,14764116.6233,5.1807123653,10,
3567,414.306607747,41.3264178,1453800.7634,4.18785435594,10,
3568,414.358249125,116.127021,9982757.07078,4.81424225713,10,
3569,414.89737626,466.5219,99066726.5461,4.4627762264,10,
4413,512.874695174,484.627959,72782631.3901,3.80106240939,1.0,[M+H]+
3571,414.970906906,490.293663,3920671.81876,1.23055802424,10,
3572,415.020677457,204.683058,2148731.84907,13.2671113172,10,
3576,415.171756865,510.184131,747575.538503,3.82326262323,10,
3578,415.209204304,106.492506,776229.293748,8.68953064738,10,
3579,415.255048207,317.351946,88540343.0316,1.50819684441,10,
3739,432.280192398,63.561843,181555967.624,1.68572791977,1.0,[M+NH4]+
3581,415.300577294,36.9571344,246305.028235,14.8507754995,10,
3582,415.320881136,39.1996908,1509019.54234,1.09753099105,10,
4347,505.241326944,515.46867,1304793.23693,5.00733795742,1.0,[M+NH4]+
3588,416.214941629,38.7555486,815124.615086,11.9784735247,10,
3590,416.250702187,128.022894,169194.933974,11.0839879302,10,
3591,416.258792734,317.47236,18238997.7585,1.24874720909,10,
4722,548.282035598,35.84052,483068.249829,6.15737815707,1.0,[M+NH4]+
3597,417.197927716,80.903883,1258082.67134,12.40677593,10,
4107,478.230097537,606.04854,1631049.17226,5.00374662741,1.0,[M+H]+
3599,417.209780033,558.515877,522947.288387,9.72386742268,10,
3600,417.209379418,672.6147,21176257.5417,0.783117696501,10,
3601,417.250052373,86.591388,5830838.61047,2.50443531125,10,
3603,417.271285141,212.53896,30931750.7164,2.02498591869,10,
3606,417.368638106,81.893661,540854.41209,8.88899070555,10,
3607,417.984417334,497.263944,78768.1600553,12.0964178553,10,
3609,418.075949231,510.717288,1064306.78995,7.81849171263,10,
3611,418.188977843,573.684057,202619.901726,14.1222426094,10,
3612,418.208582167,329.505162,2935125.68157,3.83732049966,10,
3613,418.202401195,53.1904566,473713.123935,10.7826801784,10,
3615,418.213494502,807.94023,250723.708672,7.32549145955,10,
3616,418.219684087,690.64356,1028775.39127,11.9065225247,10,
3617,418.280102749,40.0726728,1694207.81712,12.9952308073,10,
3619,419.154209918,517.136346,415315.432869,6.29437047483,10,
3620,419.215284909,672.53022,525234.427314,2.96537037542,10,
4218,491.292245211,34.2572256,3117483.29032,3.99841883606,1.0,[M+H]+
3622,419.250230373,386.305263,16387557.0645,2.58715498631,10,
3623,419.333937736,37.493934,518969.592436,1.80208784494,10,
3624,419.351863565,37.9697796,1150591.54146,5.71303682929,10,
3625,419.926332446,463.484142,191995.204051,12.8479382209,10,
3626,420.153413936,318.100854,936765.872692,12.4603129826,10,
3627,420.163176283,962.51991,731347.238944,5.97370477536,10,
3631,421.122111982,614.2638,1687201.69098,13.9134647865,10,
3633,421.212868106,674.9109,1096503.76959,6.02890061039,10,
3635,421.294930565,39.0073224,1265224.44896,6.31625723458,10,
3638,422.264247618,44.183508,246541.493105,8.74377913663,10,
3887,450.343773887,59.8050597,3458920.02162,5.36084162893,1.0,[M+H]+
3641,422.398681393,37.3040778,112385.723486,6.79755645941,10,
3642,423.172536146,912.04926,166673.270265,7.51432381856,10,
3643,423.162733862,355.067424,8177572.67611,2.22050254092,2.0,[M+K]+
3644,423.172299488,858.27264,185883.069152,12.866188543,10,
3645,423.192206316,837.89583,488380.638658,3.05578531784,10,
3646,423.188073212,514.456491,253991.16853,7.04379810325,10,
3647,423.19842302,334.956276,19665580.9497,11.6585866303,1.0,[M+H]+
4801,557.235793696,446.728935,2112391.32829,3.61230996416,2.0,[M+K]+
3653,423.336373026,2048.0904,1104620.77174,6.43476629924,10,
3654,424.163844054,496.119864,6355988.95819,2.41434405242,10,
3655,424.183148155,513.292176,140059.528711,11.754442247,10,
3656,424.225046768,791.86713,504519.491653,4.36683970334,10,
3658,424.331559677,122.332086,408665.608311,4.99090485011,10,
3659,424.342557787,116.127021,27476621.8217,5.58534778025,10,
4845,560.820758927,491.038233,1456112.25842,6.27854840066,2.0,[M+K]+
3661,424.934119376,519.091656,963014.817475,9.98335322654,10,
3662,425.074775513,41.2600338,536022.915016,9.37639701645,10,
3663,425.200039155,318.605334,486317.746373,4.49541480438,10,
5114,596.344475924,104.96172,2451506.07715,12.5743711646,1.0,[M+H]+
3667,425.333367828,401.683584,5458533.07073,5.09050071247,10,
4310,501.412756401,36.9857106,560968.01089,5.91554046346,1.0,[M+H]+
3673,426.180889457,69.812118,2998115.61919,3.33592827178,1.0,[M+NH4]+
3679,427.007404497,465.236079,800163.055514,10.8839980231,10,
3680,427.005281212,510.521826,1170537.08069,1.99954372352,1.0,[M+NH4]+
3681,427.157730304,67.908366,9254420.26562,3.04993890158,10,
3682,427.183068837,558.815709,177580.043507,14.4294509842,10,
3685,427.183918257,70.259286,290341.525311,12.7498003969,10,
3686,427.216918379,61.214358,398558.383606,14.5223315564,10,
3687,427.291585763,169.945344,35954754.4346,3.25104529766,10,
4353,505.404522522,37.6242669,384310.037455,10.6287853833,1.0,[M+NH4]+
3691,427.389680367,78.12732,2353354.6717,11.4052291929,10,
4456,517.27342933,905.4897,5257229.67936,3.30593052011,1.0,[M+NH4]+
3694,428.192130328,38.000361,721698.262979,6.75058890809,10,
3695,428.250959175,504.535461,12506387.2717,0.643871660582,1.0,[M+NH4]+
3697,428.322755759,40.423242,1355254.26364,6.25901085565,10,
3699,429.050469737,53.38776,10554193.4739,5.5125860925,10,
3701,429.101021628,436.594734,3500540.63283,12.3449740038,10,
3702,429.176990048,41.0126745,760305.020503,8.28392755737,10,
5443,645.300085573,505.518462,211992.812425,6.26741006742,2.0,[M+Na]+
5154,603.371206243,318.608058,9457151.20712,1.04983755079,1.0,[M+NH4]+
3706,429.27119333,240.195594,19423597.6331,5.8489995167,10,
3707,429.30741599,407.467395,3584780.28722,2.55131779861,10,
3708,429.336616702,38.631357,406323.172201,13.1104645588,10,
3710,429.377674575,68.847984,3228652.46919,6.15364649663,10,
3711,430.108885029,349.335864,533868.872391,13.2986491751,10,
3715,430.310941936,407.616756,744146.146804,3.01284010693,10,
3718,431.091843249,565.02114,406963.708002,5.74403328372,10,
3720,431.166438891,625.02582,131884.373723,12.1413399271,10,
3721,431.175197715,697.75272,360528.837547,12.7082280102,10,
3722,431.179268607,36.667581,375143.288777,8.53038632399,10,
3723,431.188958179,799.59612,4585407.74752,1.37440447375,10,
3724,431.213949957,447.04956,2852756.02913,1.98537503815,10,
3725,431.28696391,193.036056,44082975.1447,5.28642813296,10,
3728,431.425076059,40.451067,623091.08235,12.3865606791,10,
3729,432.000778397,498.804321,138145.122422,9.60006285335,10,
3730,432.062431332,612.75144,789803.515875,7.12733985894,10,
3733,432.126934724,966.02898,545570.872855,5.74233544609,10,
3734,432.192971089,799.63059,734958.809998,2.57792242057,10,
3735,432.217351774,447.370176,413533.391366,3.15827955466,10,
3736,432.233622635,51.3776664,3852225.0879,9.1244676219,10,
3742,433.004727409,528.643269,7722511191.3,0.513941893738,10,
3744,433.169614453,764.47374,1624793.20685,5.79594250183,10,
3745,433.183485746,612.45705,904702.58766,1.81076286811,10,
3746,433.193451368,970.77234,698416.263371,2.32046281408,10,
3748,433.211858719,393.418329,12326669.7115,1.17766013755,1.0,[M+NH4]+
3749,433.205924846,321.248346,3392796.67781,11.7490504216,10,
3750,433.244699582,168.045015,29200503.3066,2.43061868285,10,
3751,433.237999267,51.7110978,667035.644812,5.02921670154,10,
3754,433.265981529,340.681278,5860707.10345,9.72302968021,10,
3755,433.265834725,318.451311,5255060.59671,7.44455932544,10,
3758,434.132651935,457.417179,797361.73273,14.0212262379,10,
3760,434.187053434,612.60726,147314.598499,6.17981789925,10,
3762,434.208257252,829.82394,893126.395731,2.15400663068,10,
3763,434.225037073,648.94296,19410879.9953,2.5187682916,1.0,[M+H]+
3766,435.086944983,734.8353,71768.3259779,6.76475180074,10,
3768,435.166823782,606.64122,90578.0202184,11.0237054206,10,
3769,435.209050953,798.27084,2224751.95132,5.63630948246,10,
3770,435.209131288,708.38946,140009.37786,3.37409421872,10,
3771,435.220416627,499.10646,1178114.52527,3.78077538732,10,
3772,435.224258088,318.4146,4552346.23172,2.2747041166,10,
3774,435.289303464,39.3820428,1081888.13797,2.68708973785,10,
4902,568.329944697,37.7470188,622568.170338,5.98679066891,2.0,[M+K]+
3776,435.456444737,40.2587499,1238924.8256,6.7453572558,10,
3778,436.122075933,283.738389,1947560.29797,14.9832522885,10,
3781,436.953646717,490.43619,174464.162519,9.29500039158,10,
3782,437.188314201,862.02228,113220.923294,10.4340238171,10,
3785,437.314206251,458.208054,1818692.6573,3.21850977663,10,
5472,650.412923861,39.9458814,611202.00648,13.6507593032,2.0,[M+K+HCOOH]+
3789,437.973422229,462.673968,460426.623459,10.0806255962,10,
3791,437.992124889,516.402006,483713.385136,9.19325941677,10,
3792,437.989822022,52.7620146,1201251.03733,2.79626506324,10,
3793,438.068533854,666.35898,56229.2322774,8.06425681033,10,
3794,438.136715109,516.006201,111135.956801,12.8236038335,10,
3795,438.183570049,796.74561,682088.458836,3.16306542397,10,
3797,438.233585342,39.0073224,4440114.92624,1.97585839863,10,
3799,439.03877809,718.59699,447303.571111,8.06856929463,10,
3800,439.168340512,692.65206,1867189.213,4.43076598785,10,
3801,439.174261764,317.50938,1481015.63394,5.38839282487,10,
3802,439.192296224,606.04128,1822372.61375,1.31871629674,10,
3804,439.253755484,316.7361,1169630.87879,9.08592666629,10,
3806,440.154590052,786.15411,2394783.30352,10.5143629475,10,
3807,440.19547043,672.95862,831975.172649,6.09307489534,10,
3808,440.267961573,34.7162115,195630.219037,3.81747208306,10,
3809,440.267258122,70.173492,1373638.85782,6.71579410374,10,
3810,440.373781866,109.729182,2548726.8415,4.9033246481,10,
3812,440.908176575,517.554366,182586.421356,8.54100403058,10,
3813,441.171948602,799.12071,6489415.92724,2.38856810796,1.0,[M+H]+
3814,441.175004823,318.294561,906743.960789,7.45784484107,10,
4562,530.318909367,385.611684,5933578.24724,5.90614178091,1.0,[M+NH4]+
3821,442.154325842,521.541996,1891879.61258,7.14579909646,10,
3827,442.337902966,40.1103639,2579064.50911,1.89625097092,10,
3828,442.389932836,108.860529,1206705.99372,4.72256713954,10,
3829,442.978985125,510.282414,350422.35266,7.03010960359,10,
3831,443.190227834,60.989298,1040465.0219,12.4863351683,10,
3832,443.232809972,56.16423,819751.632469,6.85004656783,10,
3834,443.315696054,40.708662,944865.939764,11.739364907,10,
3835,443.997542602,192.143424,1684938.65899,6.7353756947,10,
3836,444.245885914,512.449491,3179847.30538,1.63223323957,10,
3837,444.245595034,575.580654,17782856.0418,0.623484635967,10,
3838,444.260427624,54.8176491,1367322.21257,6.73347846091,10,
4521,526.264358529,317.666565,14383251.5898,3.53165924923,2.0,[M+K]+
3840,444.332060965,38.57157,550727.344865,4.03402169532,10,
3841,444.368762757,181.996434,1559328.69179,9.98147352572,10,
3844,445.057331933,578.209932,250715.52143,11.1274123233,10,
3845,445.086333376,510.153054,345746.681951,9.78912453553,10,
3846,445.159512143,103.793184,1977319.41057,14.082776149,1.0,[M+NH4]+
3848,445.217328018,786.52761,8491944.77194,6.2798510367,10,
3849,445.248075512,178.733046,52141949.0492,3.48175088565,1.0,[M+NH4]+
3851,445.302270774,167.818188,16442499.7732,2.12831121667,10,
4070,473.370087771,277.385487,855722.651061,4.93799187668,1.0,[M+H]+
3853,445.367638477,37.6532187,1821068.09619,3.31338897638,10,
4213,491.173993571,38.0039955,408541.36516,11.0367669045,1.0,[M+NH4]+
3857,446.236477264,786.15411,487417.009626,7.45828829769,10,
3858,446.251678476,178.230594,10868175.854,4.00878283072,10,
3860,446.327079972,110.813538,687202.287499,12.1480652926,10,
3861,446.371665616,37.4650218,412006.170034,14.9750133844,10,
3862,447.073318694,550.697205,557176.001604,5.75554064664,10,
3863,447.114125737,281.003934,764876.540262,11.6748072818,10,
3864,447.185581246,105.120093,2352582.0632,5.68319268336,10,
3867,448.036164505,612.84531,446421.050714,8.22162064472,10,
3869,448.18289375,410.310792,1412094.84344,4.04962318839,10,
3870,448.204596146,623.87886,453360.560541,5.59991310534,10,
3871,448.240770497,496.593627,6535044.13959,2.7559897268,1.0,[M+H]+
3872,448.277129221,987.85764,1292944.89948,2.95361197055,10,
3875,449.18192237,628.36563,1689645.71386,2.09021357552,10,
3876,449.181422244,679.71378,1399340.47633,1.57633031094,10,
3877,449.181900382,741.3165,350436.011099,1.31057341682,10,
3878,449.188326313,949.16424,770269.680958,1.15104619616,10,
3881,449.435427185,40.451067,710452.463593,13.3786404723,10,
3883,450.106589389,458.550327,968514.211966,13.501782858,10,
3884,450.185564624,628.51236,278199.948824,2.99681391426,10,
3885,450.233527375,38.7925512,26209164.7007,1.29434238843,10,
3889,451.203685763,702.31902,215796.634749,13.8159432219,10,
3892,451.28442936,39.5758575,836592.175486,9.19564611405,10,
3893,451.397086898,36.7940304,362647.916614,4.87910744452,10,
3895,452.033633763,490.825212,313427.744083,3.35269354905,10,
3897,452.095826602,291.64425,2928119.21455,5.17250182322,10,
5030,584.247298853,678.05577,893405.812556,3.86218246178,2.0,[M+Na]+
3899,452.214158966,456.310869,3649190.36876,0.582764848201,10,
3900,452.214387542,236.943678,1685920.83973,4.23036966887,10,
3901,452.224798352,639.83658,98801.850399,10.0568704568,10,
3902,452.239043636,38.441052,847118.790644,1.84369601876,10,
3903,452.250670451,719.86956,1290067.7183,5.56059067828,10,
3906,452.359436037,293.976402,10150945.7328,9.58764952685,10,
3913,453.34341863,65.666529,4457486088.64,11.7843960833,1.0,[M+H]+
3914,453.343251601,50.817501,1196709625.84,2.96765666895,10,
3915,453.467083714,40.423242,699021.505682,14.2647620778,10,
3916,453.845360373,144.705774,3190561.06808,3.1455873909,10,
3918,453.965988204,509.245974,332024.546458,2.36036031567,10,
3920,454.15054481,840.88923,35152844.263,2.44330328554,10,
3921,454.169967019,319.294527,3871843.94795,5.89994468915,10,
3925,454.215213284,318.100854,3403302.21141,7.54423189673,10,
3926,454.23586911,388.225176,420345.337793,8.97046035532,10,
3929,454.389395081,106.63548,3542621.87738,2.31376465228,10,
4555,529.342814552,317.231532,4752060.70165,1.05077550209,1.0,[M+NH4]+
3934,455.392961038,106.67181,857065.10309,5.64096192865,10,
3936,456.206983554,552.392772,4547563.24685,0.783809798334,10,
3937,456.206837133,317.860524,633851.094342,6.86215035697,10,
3938,456.244093152,1000.65261,4597714.39987,4.7041213381,10,
3939,456.281688664,331.452918,50406970.9379,2.76682773243,1.0,[M+NH4]+
3940,456.40565995,106.387458,1675980.77299,2.09669901477,10,
3941,457.110622426,516.006201,92761.4386511,11.8775815544,10,
3942,457.100041299,494.047416,253218.762297,4.43368994599,10,
3943,457.210927347,649.05426,746368.11745,8.49065398656,10,
3944,458.177876294,658.70703,44513.6054572,10.6261361495,10,
3945,458.202234563,38.7925512,2652371.31394,4.87364502732,10,
3947,458.297758006,353.154684,2830521.88426,12.3808884634,10,
3948,458.333868813,278.614953,6370729.46193,9.41793783776,10,
4581,532.313131873,164.891028,7873311.47719,6.56284783208,1.0,[M+NH4]+
3952,459.268157113,953.49702,1653560.4967,3.31209790055,10,
3955,459.455920421,40.2587499,2176791.84431,3.32758351936,10,
3956,460.145245776,837.8358,244194.295829,10.5347388147,10,
3962,461.081819408,499.819224,102483.50386,8.43637024064,10,
3963,461.135933086,179.04879,3700937.83748,10.8218054327,10,
3966,461.191167338,786.68811,10351645.0435,5.82141441858,10,
3969,461.29364753,1249.8909,2896783.61995,5.49090399317,10,
3972,462.097888908,639.88359,127230.805864,6.02482994279,10,
3973,462.091372269,40.357788,61002228.1456,3.6388490253,10,
3974,462.148466385,678.5568,402337.864195,2.22294870211,10,
3976,462.194635987,903.25437,12736594.549,2.64442026884,10,
3977,462.220593917,820.21506,2070389.34971,7.86223437078,10,
3978,462.219640996,492.724536,117653.740709,9.57327082959,10,
3979,462.25631325,605.31849,4559171.73948,3.06126382833,10,
3980,462.279655577,126.107892,8980529.98903,1.62027802137,10,
3987,463.189065636,786.40788,651967.279693,5.9146329554,10,
3988,463.260076744,605.2791,904359.513676,2.59449825951,10,
5165,604.493880066,35.5846968,117949.169056,11.1527654056,1.0,[M+NH4]+
3991,463.396601251,37.047735,542696.962891,5.91290553167,10,
3992,464.01043172,612.67935,84915.8912926,8.05546263194,10,
3993,464.157611517,799.2555,482276.670266,8.47771163032,10,
3994,464.152797582,506.648928,67300.1293941,14.4478159128,10,
3996,464.214388095,413.047581,2339212.11356,1.7994734307,10,
3997,464.228012186,40.1677623,1182918.60828,7.4646158096,10,
3998,464.229264183,744.47688,169563.406871,13.654539332,10,
4000,464.29050047,510.813552,79753.7266604,9.13283404898,10,
4001,464.35905127,45.8323581,1407477.90513,12.6986248502,10,
4003,464.430982914,37.7827674,150386.865004,14.8438701373,10,
4004,464.4462665,38.3487543,1393520.06801,4.63119577113,10,
4006,465.097598981,641.42349,139527.455513,14.352636438,10,
4007,465.09075076,40.1677623,965475.904395,7.42136448727,10,
4009,465.271577996,131.616984,6841710.76729,2.6941928501,10,
4011,465.41278599,36.7940304,373979.792141,4.78355258813,10,
4012,465.449943959,37.9051464,320747.702089,7.75092733301,10,
4013,465.956736191,518.679492,404177.115275,10.1911031424,10,
4014,466.053169098,517.39263,31962.4706553,14.2819952613,10,
4017,466.23000078,794.8863,931096.599625,4.13971553707,10,
4019,467.196230758,329.918529,2155203.15684,2.37164366991,10,
4022,467.233465538,795.25704,154541.897814,1.15251159382,10,
4023,467.359941768,110.448858,377978.010226,14.8559716838,10,
4024,467.39589676,86.543895,584992.767981,3.25634689319,10,
4025,467.413442926,38.4776166,612281.972316,9.43205158949,10,
4026,467.428515756,36.5410668,132414.509566,9.16146553886,10,
4027,468.055335249,499.469658,98887.9875199,6.57717110633,10,
4028,468.065452625,349.248582,1036544.29717,14.5416939272,10,
4029,468.198829912,620.5254,108066.036205,9.85948167609,10,
4030,468.227872992,585.355368,10859502.6007,3.71118779523,10,
4032,468.243449947,506.308428,149115.299905,2.2013599179,10,
4033,468.38978017,39.2293971,9257084.80386,3.695159161,10,
4034,469.010204506,40.2587499,1568682.09585,7.11353254312,10,
4037,469.411864058,82.324164,2134524.47464,6.36969122285,10,
4652,539.336989251,56.2525311,2175149.90555,8.79478441228,2.0,[M+Na]+
4041,470.297606294,372.392031,49692706.5971,2.81132947289,10,
4044,470.415358282,82.495563,507974.990512,11.2611165112,10,
4045,470.987803238,884.95518,369921.898024,8.35974069775,1.0,[M+NH4]+
4047,471.20035124,168.073026,8411434.28318,8.45833474384,10,
4048,471.221913679,389.85942,2999844.82017,9.2558624537,10,
4049,471.291799387,595.121655,214158.92659,9.64377729411,10,
4050,471.301227384,372.259227,11942015.2117,1.77638132168,10,
4052,471.354267497,685.90812,77569440.0689,3.64907563007,10,
4054,472.114478427,585.126468,1241343.98303,6.18244750289,10,
4589,533.221877375,317.351946,1348674.25702,10.4309135675,1.0,[M+NH4]+
4057,472.208048577,425.521086,101764.913305,4.49489620209,10,
4058,472.215752896,752.82909,973753.078308,3.02871456363,10,
4059,472.22549763,389.825766,659035.117308,10.2804357359,10,
4060,472.288158678,785.04486,2532027.77399,11.3098686123,10,
4063,472.364379554,38.2564566,132327.79576,5.79458512826,10,
4065,473.184697267,649.19808,199933.64644,3.87384943433,10,
4066,473.180184093,318.488022,1864466.30444,2.58194219336,10,
4068,473.226563468,488.669493,727366.296596,7.53935584279,10,
4069,473.318089233,36.5753799,516804.769771,5.6432085327,10,
4711,546.489382218,37.9697796,2314918.58983,4.25103802163,1.0,[M+H]+
4074,475.083395162,767.34576,3396259.30098,6.5687151178,10,
4075,475.132670005,286.826166,8357560.54299,13.7576166264,10,
4077,475.251892124,192.788286,2537478.9365,4.65236696185,10,
4569,531.249931462,98.926815,3882987.54374,10.8707388918,2.0,[M+K]+
4082,475.430270931,36.3783537,416397.293593,13.6559870747,10,
4083,476.047082645,522.508755,24271658.4725,4.15139040676,1.0,[M+NH4]+
4087,476.282922454,41.2600338,886834.018318,8.00570868121,10,
4089,476.306966796,65.532486,147528046.378,0.928533012046,1.0,[M+NH4]+
4090,476.307516666,890.91558,797014.648369,8.6584025126,10,
4756,552.024010256,486.959484,1719665.50435,7.76480298704,1.0,[M+NH4]+
4094,477.005314141,884.43777,890850.561239,4.64128116876,10,
4096,477.147635741,672.78399,567785.366424,5.33106047471,10,
4097,477.158877102,785.67405,225035.567914,6.97679008885,10,
4100,477.30990994,65.532486,33055393.6231,2.68307201878,10,
4103,477.466844416,40.357788,2094361.91754,5.7241374388,10,
4104,478.096942338,462.843591,919974.420518,8.5250167211,10,
4105,478.170620512,38.2863417,397467.596771,8.97491921162,10,
4109,478.374933129,58.3761018,1567596.17798,5.24781238914,10,
4110,478.461832931,37.9697796,2198229.48069,5.68642016857,10,
4111,478.982624608,488.368647,322876.225369,3.33066140011,10,
4112,479.112950844,759.98472,118265.547766,6.50296906786,10,
4114,479.162647948,48.3420246,1477139.0981,12.1899468039,10,
4117,479.373172972,36.8939985,459590.676163,4.76073479556,10,
4118,479.42865238,36.8939985,447811.560826,8.23354799465,10,
4123,480.926763719,461.93358,730930.130687,13.7543027835,10,
4124,481.102989656,53.4142176,12080350.3567,4.08596053898,10,
4125,481.179411858,230.000853,1968318.84708,3.21099864925,10,
4126,481.204352654,589.043004,652145.473508,8.08239010154,10,
4128,481.39995975,2050.67466,320986.343437,4.48473820418,10,
4129,482.04740404,510.521826,298827.274299,10.6686156995,10,
4131,482.202016584,511.46067,613809.06106,11.0454330561,10,
4132,482.23763441,316.879449,4672957.00165,4.81178314432,10,
6306,963.489035355,723.57429,2177845.02711,4.79410116491,1.0,[M+NH4]+
4134,482.259697833,39.2293971,4343889.42097,2.03991390248,10,
4995,580.530329596,38.6014635,2966866.52377,3.57626713189,1.0,[M+H]+
4138,483.0626202,40.0071618,596345.41867,10.7009657727,10,
4139,483.100946588,53.5030806,758112.193912,8.80403021636,10,
4140,483.186793279,820.09692,1630287.6898,4.88831419234,10,
4145,483.258645665,167.392632,2774808.41003,8.49448987526,10,
4146,483.262356866,39.1064865,498043.645241,1.82018578233,10,
4660,540.335106003,35.4179157,7448771.42041,2.78683334877,1.0,[M+H]+
4148,483.408650304,39.2591034,3306492.51268,1.65822275441,10,
4150,483.918943976,465.2571,583019.594128,4.87854539104,10,
4152,484.204240221,665.94579,305959.14803,6.08563579103,10,
4153,484.220298543,70.373226,1361095.39167,5.11994476453,10,
4156,484.411838559,38.945349,436700.073172,12.1376288496,10,
4157,485.057155463,53.2350792,56556174.8346,12.3774866256,2.0,[M+Na]+
4158,485.136173652,799.2555,481753.200635,11.26893903,10,
4159,485.163186953,231.637647,3988372.14746,2.86752094152,10,
4848,561.263144452,786.95673,1490385.47342,11.3980192701,1.0,[M+NH4]+
4161,485.241639044,605.70066,209548.341325,7.91944431125,10,
4162,485.271391263,135.805146,4441906.64411,11.0666446835,1.0,[M+NH4]+
4166,486.218600507,510.587061,282018.305633,5.02845210802,10,
4167,486.267568103,41.335905,882806.971503,8.55778075947,10,
4168,486.363612779,40.357788,810408.183022,10.6638121131,10,
4169,486.430639481,37.8456804,985251.950646,12.1545356157,10,
4170,486.858528735,891.86124,605037.372364,8.28611723811,10,
4656,540.068760249,42.0216141,29154252.5548,11.7183463744,1.0,[M+NH4]+
4173,487.196287189,389.842593,1845059.23521,9.46716310811,10,
4174,487.195441842,317.823627,12995275.3488,3.52779664571,10,
4176,487.287631038,419.686092,5319767.79875,2.15145779885,10,
4179,487.929600094,465.88206,7229851.78351,7.42559115524,10,
4181,488.282537235,40.7943213,1947870.39506,6.19189132219,10,
4182,488.28712892,100.681671,12709870.4372,4.53093879437,10,
4183,488.286858803,118.486488,2566560.66868,0.532548658962,10,
4184,488.308289912,807.60303,1218879.85885,4.75901232821,10,
4185,488.358408625,39.2293971,1095685.58674,8.4437689614,10,
5268,617.569816256,37.4297748,1584909.0667,5.98117173739,1.0,[M+H]+
4188,489.115040254,989.44974,130162.963864,10.6188960497,10,
4190,489.209073924,56.3554455,20190926.6734,4.46267285737,10,
4191,489.24589794,350.023809,14162872.4088,3.82281529718,1.0,[M+NH4]+
4192,489.285867228,40.7648058,523356.419856,7.73118018575,10,
4193,489.307458133,87.330132,14050917.7951,0.959291577315,10,
4194,489.311406821,807.4791,208515.689288,8.1059858944,10,
4195,489.341057514,59.5919553,1572211.97344,10.2802367897,10,
4197,490.020699738,612.60726,81652.1553627,10.0581853057,10,
4915,570.269470442,105.817587,12580169.7266,4.08337669938,1.0,[M+NH4]+
4202,490.239824134,594.776253,2853711.54176,7.92810082608,10,
4203,490.266216926,229.040769,162155287.371,2.53022192763,1.0,[M+H]+
4204,490.266438161,205.061406,90286117.6007,4.43801570692,1.0,[M+H]+
4205,490.293098013,220.72803,10126297.9405,2.59064464416,10,
4207,490.41291618,36.609693,260460.879851,14.2918176167,10,
5282,620.972354464,542.046234,30049316.1314,5.0509046348,2.0,[M+K]+
6247,905.193778645,766.70784,1433776.76851,10.2361852137,1.0,[M+H]+
4212,491.106634918,286.586001,11636459.4722,12.9584939128,10,
4214,491.207215642,395.007372,368727.725514,10.4184211179,10,
4215,491.22578112,496.061646,328930.604361,13.3050796254,10,
4221,492.082787691,285.925128,2980716.85054,8.61271634901,10,
4222,492.108325759,733.8408,72573.3271617,10.1490322811,10,
4223,492.125335686,784.15692,199052.302199,3.99556425164,10,
4224,492.212888897,566.895216,375261.797339,3.96415765971,10,
4225,492.241621381,701.57553,1791454.01178,2.06542822073,10,
4729,549.288562397,334.534752,1695146.55432,11.8374299875,1.0,[M+NH4]+
4229,492.323902534,34.5506037,2188126.83348,3.19101899354,10,
5098,593.441624182,54.4392036,3128091.08378,5.84628204344,1.0,[M+NH4]+
4890,566.427610908,77.080818,1394667956.87,3.06829550291,1.0,[M+H]+
4240,494.070748067,465.394893,7292146.83187,2.50222853386,10,
4241,494.117722073,41.1990633,12460443.1087,2.27141297208,10,
4246,494.565662389,55.0042239,4883526.10719,2.00031930089,1.0,[M+NH4]+
4247,495.062517788,150.791082,4121862.52253,1.81315115567,10,
4248,495.062241315,163.30563,2781425.41535,3.76976164185,10,
4249,495.108336683,644.21418,158352.117201,13.5534348873,10,
4251,495.27709749,36.0587253,10553190.2992,1.91461609503,10,
4532,527.31912219,322.549536,5969385.36752,2.32690346441,1.0,[M+H]+
4255,496.14358974,1048.836,317902.684283,4.83865719758,10,
4257,496.324540568,40.984347,3724481.19658,3.88607483653,10,
4258,496.332246461,323.536104,866418.776653,5.45236493001,10,
4259,496.340428589,201.832392,13108073.1262,2.88607290039,10,
5111,596.139607667,519.692142,756040.866073,10.2299974119,1.0,[M+NH4]+
4267,497.343765375,202.132308,3436232.06363,1.78521587719,10,
4269,497.424329183,39.0073224,1645991.37967,3.48048855649,10,
5894,744.552589808,74.628114,4427201.57371,9.46751972596,1.0,[M+NH4]+
4272,497.996921816,489.819768,543931.493927,6.33901311762,10,
4276,498.328611466,175.37754,39045936.1883,7.84210054226,1.0,[M+NH4]+
4277,498.3406282,514.407963,1728983.61878,2.4801079754,10,
4279,498.400918891,65.666529,759572823.169,8.80095979795,10,
4280,499.072974385,43.4142354,3534064.89176,4.02932405738,10,
4281,499.190094941,232.595142,1779822.97285,5.57813358624,10,
4282,499.221825075,392.463528,451988.091828,6.36926303899,10,
3957,460.255350737,172.937139,26916366.3307,9.60090632969,1.0,[M+H]+
4284,499.252698679,316.842114,310711.891958,8.72282311861,10,
4285,499.349207005,309.004893,591318.475344,3.84291146766,10,
4286,499.360581346,138.655212,35491107.1701,13.843728348,10,
4287,499.397392641,36.4750923,191046.791688,12.9826924982,10,
5122,597.870155164,467.448681,3608417.9657,4.93840335984,2.0,[M+K]+
4290,499.994894144,490.111674,244917.28373,13.2034865206,10,
4291,500.15063478,116.127021,377118.953327,4.71310936046,10,
4740,550.224574689,595.128066,818079.334967,1.60989289109,2.0,[M+Na]+
4295,500.265012733,40.1103639,1011818.19133,4.35680385412,10,
4297,500.379304534,39.8549598,2198413.04419,4.00664742655,10,
4301,501.05346721,163.560324,7818585.96811,3.48265182089,10,
4303,501.230703831,591.603072,2899290.72033,3.16748363011,1.0,[M+H]+
4305,501.257259711,595.128066,2333358.53745,4.09568658901,10,
4306,501.26451177,40.2587499,893266.050935,1.50005815469,10,
4311,502.037868821,40.357788,555341.965585,11.2585242837,10,
4312,502.226010011,804.94509,23504861.2001,1.92904385196,1.0,[M+H]+
4313,502.227106781,38.945349,4005111.60365,3.11661818278,10,
4314,502.262548656,1055.81778,5396659.03774,7.31947481855,10,
4315,502.29318274,146.931684,1457118.38405,4.31604736148,10,
4316,502.347828208,53.8605174,5088237.15357,2.45197716327,10,
4317,502.37397702,39.1064865,5725703.84291,5.8652814196,10,
4318,502.462112938,37.176813,154641.824177,13.0396549374,10,
4319,503.050600092,150.458778,5643334.94531,7.55922648795,10,
4321,503.261606872,325.122468,1206659.54601,5.27078046013,10,
4795,556.36644014,35.0057748,816342.372064,8.59502572549,1.0,[M+NH4]+
4470,520.201739476,767.36523,3257813.41413,6.89047001637,1.0,[M+H]+
4328,504.220363606,610.92864,161072.621457,13.674583406,10,
4330,504.24136892,725.7807,7970775.66534,4.22698838763,10,
4331,504.26709882,663.03606,200716.320416,4.32010291889,10,
4332,504.282334565,317.351946,30390816.2363,0.738768414959,10,
4333,504.278260243,923.34864,430288.157129,2.84769104147,10,
4334,504.319704944,38.2863417,581668.548925,3.18039366748,10,
4335,504.332718896,34.330515,115561.635804,4.09012653025,10,
4337,504.442169468,38.2863417,1918304.344,3.01913531336,10,
4340,505.04780219,163.058568,1261232.44576,9.09789737614,10,
4342,505.174716624,349.052808,769919.848215,13.6791799683,10,
4344,505.204106452,180.946155,10964397.7766,7.30576579298,10,
4348,505.240661974,395.35176,921958.937202,3.47422682515,10,
4349,505.244809126,725.7807,1619817.45325,5.22489137264,10,
5052,586.277291228,35.4583839,232807.976353,14.1255352491,2.0,[M+Na]+
4351,505.262009897,717.07266,3556699.2882,2.28361304808,1.0,[M+NH4]+
4354,505.444456692,37.5581328,1267366.31996,5.05898862428,10,
4355,506.214130182,332.198838,758458.438054,5.58394072888,10,
4356,506.220878691,605.09208,441257.55259,8.04580391424,10,
4357,506.24737131,33.3170826,36965.0578985,12.6350253951,10,
4358,506.244666775,514.891248,236181.380954,11.3128986248,10,
4360,506.339674741,892.67358,616812.120777,2.17322086545,10,
4361,506.457851278,37.9391982,975001.321349,1.81777036558,10,
4363,506.937753997,519.469482,832268.075578,12.6630845285,10,
4364,507.16541692,578.142888,186797.339448,8.34294980324,10,
4366,507.220675171,509.538387,3916858.49658,1.77305860081,1.0,[M+H]+
4368,507.241534505,670.12296,449938.608071,6.4942550945,10,
4373,508.133152242,52.7305611,37807809.1105,11.955623271,10,
4376,508.276757713,317.157612,4785099.14849,3.74273845926,1.0,[M+H]+
4379,508.500048821,37.7165661,522763.127442,10.8164306129,10,
4380,508.935488614,518.99661,209460.649122,7.48306738624,10,
4382,509.220792237,795.93282,650952.016704,2.48656711769,10,
4384,509.292816842,35.9665152,1346740.96499,1.68057332025,10,
4387,510.195060527,113.588466,780094.628665,12.6690571504,10,
4388,510.249337614,633.54849,47020.9843424,10.0868422084,10,
4389,510.267570219,700.40976,4541589.43369,3.25654553931,10,
4391,510.341307907,40.670913,542369.004864,10.7524672734,10,
4393,510.437287639,38.9157744,4189006.66114,1.00186098089,2.0,[M+K]+
4396,511.240656287,317.037198,2524640.01118,2.22497737112,10,
4397,511.288170199,65.501412,5809953.55852,4.64601828559,10,
4398,511.290961655,36.5410668,2453843.37238,3.15119452824,10,
4399,511.308770773,35.7386709,2437016.31051,4.03640704869,10,
4401,511.397023244,2048.7999,7281864.09611,13.3668712121,10,
4402,511.397042761,356.339286,11450017.6211,9.40421992168,10,
4405,512.194697711,55.8518523,1575692.28249,9.19614815081,10,
4406,512.235823593,511.654317,2708300.65635,1.98183438127,10,
4409,512.283155573,40.4807064,1705954.81358,5.05483936792,10,
4411,512.358313308,40.1973408,715952.79091,2.98354447281,10,
4414,512.874602345,467.448558,76766191.937,1.50741691583,10,
4415,513.039272591,764.17473,1016049.38126,5.35603989094,10,
4416,513.20773318,191.745873,2208051.51596,6.48212263345,10,
4419,513.365047214,311.611602,3089768.32637,2.81697323349,10,
4420,513.386929667,53.3253546,795796.360311,10.8559489614,10,
4421,513.395985108,303.316608,199673.028043,5.1133873758,10,
4843,560.539614036,37.3040778,336626.842012,8.64730541853,1.0,[M+NH4]+
4932,572.246502967,165.288255,7390838.42628,3.75325934872,1.0,[M+H]+
4426,514.231938091,630.13356,389161.165479,4.80840592714,10,
4427,514.240316806,39.3205731,4527875.43036,4.1735613803,10,
4428,514.302224526,60.812556,324559.167355,8.66642677365,10,
4430,514.395007552,40.1103639,526647.246308,10.7906413034,10,
4434,515.007864944,528.643269,5954539836.99,0.516211192629,10,
4436,515.210464693,109.926525,6270343.89504,4.76564452918,10,
4439,515.355349146,276.000906,626544.783062,9.81415673441,10,
4444,516.213594838,110.048688,1275878.65326,7.37663404484,10,
4445,516.260186849,40.423242,879681.941822,11.0597916727,10,
4586,532.844495317,476.330373,127506872.183,2.07770075223,1.0,[M+H]+
5236,613.853421818,482.787726,2961679.45555,5.64232852997,1.0,[M+NH4]+
4452,517.06874628,759.98472,45964.8090717,9.40300333913,10,
4453,517.156332669,510.876078,365697.691613,12.3503974385,10,
4454,517.207669091,173.347989,13617748.0594,3.41756556991,10,
4462,518.29768727,131.800671,33330989.9473,5.12271743371,10,
4463,518.32470762,203.229192,13947860.2021,3.38528159402,1.0,[M+H]+
4465,519.236085354,36.4091178,222764.797513,6.26051853915,10,
4467,519.460359101,37.4297748,870064.061936,4.68178430651,10,
5198,608.561612055,37.7161317,343631.660359,8.62582506396,1.0,[M+H]+
5353,632.02881199,488.529147,710238.866425,6.85602649397,1.0,[M+NH4]+
4472,520.310556284,317.47236,2683230.50478,7.52164717302,10,
4473,520.332580815,67.595616,132199302.271,1.03640836967,1.0,[M+NH4]+
4474,520.395218005,38.8578768,1405743.0164,3.51450990784,10,
5663,695.21663975,53.8029759,627721.263316,11.5494283282,1.0,[M+NH4]+
4478,521.148884095,349.011798,1474902.03399,11.0723475579,10,
4479,521.256964609,674.32446,586713.920043,2.05041649891,10,
4481,521.292990204,35.6465199,1994583.71385,2.2495497567,10,
4484,522.098552585,652.42986,167332.861826,14.7475156272,10,
4487,522.256398468,355.320258,449095.577076,5.54477701769,10,
4488,522.269069312,317.823627,758971.186649,8.3747246862,10,
4489,522.271269926,94.90464,2119511.48103,3.3306327432,10,
4497,523.491640628,37.7470188,995627.152142,4.99133723813,10,
4498,523.600350104,55.0042239,3474469.2517,4.86465678835,10,
4500,524.174692032,952.41441,1634236.38358,4.51199498376,10,
4502,524.283378615,143.587425,4189630.40063,5.51479518175,2.0,[M+Na]+
4504,524.372732076,187.640946,2649589.91889,5.16895099166,10,
4505,524.452069227,38.441052,932540.970109,7.47585300856,10,
4507,524.984073554,465.542574,249087.212103,2.36638959637,10,
4508,525.036334451,40.357788,33331312.1903,1.25382592273,10,
4510,525.19398427,86.861082,1128238.1282,3.65394618311,10,
4512,525.230388579,671.26014,70216.9391263,14.6132358903,10,
4516,525.507472484,37.9697796,8187110.94752,1.9249440907,10,
4520,526.223210291,725.84454,1320977.06961,3.96735012477,10,
4523,526.358572334,55.5393588,2127033.42257,5.65033130265,10,
4524,526.921755617,141.12597,236377.005853,12.250251311,10,
4529,527.222457259,35.8986045,162303.282597,12.3211171987,10,
4533,527.402580446,41.8857756,896005.607623,0.794588074792,10,
4534,527.428774054,36.088866,211597.618661,5.19626147482,10,
4535,527.903855586,52.9220253,1007063.50818,8.34568929555,10,
4536,528.090781092,881.21766,614513.507337,2.23844355483,10,
4539,528.278263435,832.98762,2982646.6122,1.06228333136,10,
4541,528.335084915,35.8708479,7682058.27482,1.66512679233,10,
4542,528.353888346,40.5717549,480919.375405,8.77285613011,10,
4543,528.359096912,707.39532,1261507.05992,3.7288194713,10,
5003,581.438941148,275.041611,434844.345066,5.98430768211,1.0,[M+NH4]+
4545,528.410852269,40.0726728,5386946.70767,2.04625184879,10,
4549,529.226045111,229.142628,8810725.70029,4.83689153463,10,
4551,529.277337595,412.725831,5396974.36631,6.24252806379,10,
4553,529.299039854,82.053039,1014781.68282,2.7936848502,10,
4554,529.334928069,241.416957,23563168.5432,9.47928882647,10,
4556,529.370999189,277.165086,2874581.95167,3.41553047998,10,
4559,529.48099017,37.3990059,309629.599763,9.36767235595,10,
4561,530.293860722,446.088936,802355.926573,11.3246245471,10,
4563,530.366348772,381.709392,941754.243212,14.4402462836,10,
4565,530.442003585,121.008741,3646647.034,9.62763238634,10,
4570,531.252757767,913.57074,963437.743087,3.6822133897,10,
4571,531.276815813,35.6526918,1749030.67233,7.85182788087,10,
4572,531.289241484,930.84585,4462244.86151,7.22389026354,10,
4574,531.314097596,446.729304,2340720.92691,6.2090273877,10,
4577,532.256051401,913.4025,177559.666663,13.4465644882,10,
4578,532.280397872,318.666714,1166293.67061,5.0546481686,10,
4579,532.280362301,35.1251268,312968.493225,9.38895854779,10,
4582,532.384924224,39.5421414,1594678.00301,4.93399970337,10,
4585,532.508542235,37.7161317,789298.800765,6.41010220082,10,
4587,533.091931583,48.491247,406171.427465,12.0442001596,10,
4590,533.233351427,35.067099,723273.563034,3.52083867935,10,
4591,533.279131882,36.9225747,3596780.80343,3.89446333926,10,
4592,533.293308878,583.316787,3361257.47158,2.52215681247,1.0,[M+NH4]+
4595,533.956585772,518.758239,141230.588789,7.35709336649,10,
4596,534.052481805,488.963757,1311946.46262,5.16423198384,10,
4597,534.16946009,170.660019,8744307.96242,7.91203264875,10,
4599,534.208488276,39.2013903,1009150.29153,9.46722308649,1.0,[M+NH4]+
4602,534.34992292,318.137688,2072977.41805,3.95401585329,10,
4607,535.189457053,819.78354,1052969.23785,2.31489472995,10,
4608,535.210524418,629.7921,480303.395929,2.17379348473,10,
4609,535.215609118,190.288866,4006002.57062,4.82758929599,10,
4610,535.349426299,45.2959185,817955.40812,10.2215919863,10,
4611,535.396944563,62.602653,5297084.65041,6.10969131978,10,
4614,535.975464541,487.238298,2685352.80918,3.50328069558,10,
4615,536.110506004,39.1064865,432190.046625,5.12808256356,10,
4616,536.183170379,1059.26742,1364617.30707,9.94410524874,10,
4617,536.219275854,954.183,9237315.80032,6.65582789024,1.0,[M+NH4]+
4618,536.231669244,843.44604,180598.766074,4.18440666687,10,
4619,536.239200788,642.39174,138038.876326,7.85447419123,10,
4621,536.284709931,317.666565,3293729.63608,2.79582494371,10,
4622,536.282831831,40.385613,538206.974678,13.2877894532,10,
4625,536.399311926,62.514033,1414444.1295,2.17642403837,10,
4626,536.40809538,190.414452,2516373.82086,5.08639376382,10,
4629,537.12281108,348.890685,853880.52156,12.126843999,10,
4632,537.248228128,496.053588,5915759.13777,2.49883091278,10,
4633,537.267061359,445.448688,1639715.09236,3.60750871734,10,
4634,537.264737293,678.5568,1222961.51412,5.38009487066,10,
4638,538.153203643,902.11296,422905.752612,7.57022867428,10,
4640,538.226246308,714.7188,862504.44585,9.19141528584,10,
4641,538.270098484,445.519362,302404.91975,14.7405712881,10,
5661,694.987706927,542.515989,34303152.5256,12.9003422355,2.0,[M+K]+
5283,620.972341105,522.180369,13362653.0935,7.53865407591,2.0,[M+Na]+
4648,539.223210143,122.647158,412274.50704,10.1824782203,10,
4650,539.246727492,557.59524,432604.375898,7.3980024468,10,
4783,555.241615355,377.220036,2733718.24064,2.57849562404,2.0,[M+K]+
4653,539.340605578,34.687704,120366.211193,14.7398335563,10,
4654,539.489049412,61.157199,5828587.67157,7.92721427223,10,
4665,541.174711669,743.73288,613074.900775,11.2273559747,10,
4666,541.187423864,332.090163,624529.675507,13.7795181613,10,
4670,542.063603048,54.1275768,12306962.9813,2.68971822551,10,
4672,542.26111218,35.7689988,84026.7447186,2.55198217228,10,
4674,542.318777236,694.69968,1773968.23089,5.63460451319,10,
4675,542.354806662,166.25595,1155999.60923,13.5151872608,10,
4678,542.442243516,99.495963,485994.102303,13.4473276719,10,
4679,543.047197088,40.0726728,744098.629448,6.73688021596,10,
4682,543.183715298,332.198838,537612.853945,10.3516139887,10,
4684,543.25369189,35.2285989,188051.989381,6.51701488208,10,
4685,543.297270964,693.70494,184421.857538,7.16936036384,10,
4686,543.313877879,429.390258,15150569.9125,1.53630534694,1.0,[M+NH4]+
4689,544.249675832,36.4443282,670990.984873,7.16205249084,10,
4690,544.252097807,464.282196,1739152.56239,5.20439594153,10,
4691,544.263341679,67.7478,832290.724067,11.1870122461,10,
4692,544.317190927,429.675786,3961665.32028,1.59820740172,10,
4694,544.345977893,750.73632,511715.065079,8.68478119417,10,
4696,544.509190156,37.3656156,466993.451705,14.5682570573,10,
4697,545.023788866,50.4132339,14072204.3629,4.79576730209,10,
4700,545.219875005,917.33754,99469.5400581,14.1379598108,10,
4702,545.333435966,321.88734,2474561.17055,9.28477616674,10,
4704,546.059962588,785.68464,800384.811975,10.0038254193,10,
5360,632.402510931,39.5717196,782486.689272,9.12958826245,2.0,[M+Na]+
4712,546.524426372,37.8456804,2002900.09057,4.08533569907,10,
4713,546.956052534,519.153732,3567496.30575,6.07235563334,10,
4714,547.291671258,696.90348,155064.307979,4.89935691575,10,
4715,547.309013422,994.17552,501942.699781,7.14710864795,10,
4716,547.30893404,450.9024,3992398.68642,3.82105586571,10,
4721,548.268153713,600.97026,616975.987333,3.70046607989,10,
4727,549.085618059,105.753837,1091063.01149,11.9564616378,10,
4728,549.195884227,317.666565,2765617.59765,4.50599581221,10,
4731,549.304153934,61.815582,490353.802443,12.0600621878,10,
4733,549.415842673,53.8605174,2570755.15841,7.14458285974,10,
4737,550.026149218,486.928221,6616000.89175,2.51841393741,10,
4739,550.198851595,317.47236,641485.701342,5.62474616745,10,
4741,550.259273456,833.13738,264976.561776,10.3917202065,10,
4742,550.298769399,718.8858,924142.831821,5.84731298265,10,
4744,550.319473191,35.1950379,4208685.23327,1.8550697821,10,
4745,550.343397516,82.52895,874537.880181,2.55581342127,10,
4748,550.628189972,55.1744598,9494132.72138,3.7634386901,10,
4749,551.029345113,487.216194,970423.121503,1.07088451177,10,
4750,551.155289559,32.4403512,58789.2567126,14.7271578649,10,
4751,551.184560276,629.73063,224248.537192,2.64762782255,10,
4757,552.092844057,517.168296,77179.4112492,8.98969043435,10,
4762,552.752529385,509.569968,5713740.68901,1.10118963623,10,
4763,553.163758523,170.696874,8619526.3853,9.01645076281,10,
4764,553.166538445,109.409628,268717.24204,11.9476558126,10,
4765,553.204067823,490.111674,173175.979315,9.72215510776,10,
4766,553.262017456,416.452938,1726675.35201,3.42271002709,10,
4768,553.406062565,162.483852,2032058.48026,1.92832202581,10,
4769,553.429962102,38.1618696,1018820.36649,6.78252079559,10,
5414,640.543943794,60.217452,1670484.4557,7.27021466206,1.0,[M+H]+
4772,553.958603421,461.93358,237796.292206,3.70087537061,10,
4775,554.314690318,38.0630205,607476.605986,7.40036954879,10,
4776,554.350495752,35.1950379,825307.806197,3.7047783856,10,
5539,668.026800532,518.744268,378564.492418,14.705682036,1.0,[M+NH4]+
4782,555.143770989,33.3742173,148266.377866,13.0666469895,10,
4784,555.253960174,35.486646,262509.340593,10.6315620555,10,
4786,555.353586263,34.687704,156677.058446,11.8600468325,10,
4787,555.466160851,39.1344933,1513172.85405,7.1700941364,10,
4790,556.248814532,36.2851431,1307586.89912,4.3577134381,10,
4791,556.238626329,499.469658,114883.772486,12.9156764085,10,
4792,556.25379095,132.397377,5732312.32305,13.4949396023,10,
4794,556.329867879,37.811652,560299.39156,5.75483333907,10,
4797,556.530088182,36.2226966,527092.52401,8.54033746185,10,
5495,654.926047362,482.739093,9829271.12752,4.26048751666,1.0,[M+H]+
4803,557.270067863,35.2285989,382530.647208,6.24144171727,10,
4804,557.369302797,34.6551408,155089.926312,8.10002698419,10,
4805,557.366075531,593.547834,2004603.32744,7.03323665664,10,
4806,557.402374868,308.735472,492477.513065,11.3276416991,10,
4809,558.050299865,522.478986,23091063.9797,6.28725085526,10,
4812,558.264719043,35.9665152,3353479.74279,2.2454797826,10,
4813,558.28903568,608.08512,1083088.47564,6.11176931632,10,
4814,558.32865704,316.893657,738215.605252,8.13139817043,10,
4815,558.325179085,515.429022,295656.200529,7.48356207763,10,
4817,558.385410524,58.1671383,3599112.62743,4.75473366678,10,
4818,558.404453857,308.854698,87849.9733625,13.0229081361,10,
4820,558.43742677,119.052072,400744.620198,10.6432397303,10,
4822,558.966555115,484.36122,3041847.17224,8.07504978932,10,
4823,558.98778553,488.883972,314122.309836,7.69329258927,10,
4824,559.039282157,43.4224641,244639.129127,13.6387758375,10,
4828,559.186438597,177.386202,3176940.55176,8.65278189213,10,
4830,559.345491542,906.57414,189850.342627,5.33600669618,10,
4834,560.073818676,54.1275768,2770982.61293,3.35094507664,10,
4836,560.18275096,913.73943,6165356.68177,5.01064137831,10,
4837,560.182790045,939.5466,8133196.14539,4.25506663784,10,
4838,560.243273695,831.48114,68627.1232032,9.79912629603,10,
4840,560.28101548,35.9385714,691287.919398,4.08719200731,10,
4841,560.41598909,39.0073224,575206.071141,10.4049689735,10,
4842,560.504595445,37.9103136,3214307.92454,4.36227370772,10,
4844,560.74992958,559.794456,7182998.0486,1.23044421192,10,
4847,561.264360338,35.0057748,425872.702108,6.22974765014,10,
4849,561.360194579,334.920882,393538.811669,5.22951117832,10,
5658,693.341329352,676.54788,848317.561992,5.49157733548,1.0,[M+H]+
4853,562.284672069,602.04558,159578.340216,10.3545999714,10,
4854,562.295973993,35.6186943,868905.120408,3.23656639534,2.0,[M+K]+
4856,562.41089375,510.844815,2714559.30412,3.01931023323,10,
4859,563.221813459,35.4473688,171861.495232,9.70520946652,10,
4860,563.231437421,584.192976,2552636.87722,2.50424250522,10,
4862,563.304669332,507.2364,278822.808966,6.23602391731,10,
4863,563.302547767,714.53289,234576.595404,6.61239429163,10,
4864,563.32191914,34.9444506,182442.236229,5.9415590361,10,
4866,563.428058307,62.097372,3295529.36888,9.24749947159,10,
4868,564.050711304,510.491004,157141.058723,12.0766278832,10,
4869,564.263463123,777.31353,178921.953392,1.58413809646,10,
4870,564.335050456,35.0961129,2085570.65025,4.31515847904,10,
4871,564.358954884,69.969429,87130775.4734,2.19448591054,1.0,[M+NH4]+
4873,564.43124192,61.87287,729997.916667,12.7535175766,10,
4876,565.238129791,35.5500303,688151.190916,2.90527791203,10,
4879,565.404145281,37.0167228,21044543.7844,1.79242029554,10,
4882,566.241198896,34.773735,93881.9242168,7.89217695861,10,
4883,566.242615361,917.24646,322047.737006,4.36671869795,10,
4884,566.295047305,317.351946,8153982.76396,4.18700547369,10,
4887,566.350934435,34.8445848,818441.460006,8.51209854232,10,
4889,566.408212619,37.4940918,10623969.2228,2.17894046343,10,
4894,567.241655653,616.8627,1590728.56845,2.30780853897,10,
4896,567.311679955,326.512296,1224689.81486,9.7552877951,10,
4897,567.419850514,38.2863417,11832613.7455,4.66838228131,10,
4900,567.919123111,463.314216,421454.987437,5.58713614342,10,
4903,568.425030298,38.5428756,8092484.36972,1.41514705074,10,
4905,568.477337363,38.6014635,1698190.60667,7.53497158193,10,
4906,568.530254943,38.2564566,259003.544111,5.63750176983,10,
4907,568.888641181,54.7501986,3700447.40941,2.70591992409,10,
4908,569.159643254,882.89826,121032.593381,9.32479047019,10,
4909,569.178481481,519.78435,1606678.21633,13.4952203852,10,
4910,569.205680833,652.04109,14145479.4511,7.19159237425,2.0,[M+Na]+
4913,569.429670836,38.5141812,2229952.16878,10.9939363638,10,
4917,570.288090153,176.279979,9731213.31053,6.20316873674,10,
4918,570.289927497,317.50938,1193836.01044,3.99707220484,10,
4919,570.336038161,785.68464,326366.40423,14.3679866973,10,
4922,571.078448677,39.4567998,1679823.80538,4.87359702016,10,
4923,571.249741146,499.078128,340600.755675,3.5508186093,10,
4925,571.284283502,649.84626,1325273.35868,1.79438211892,10,
4926,571.319246764,70.058232,786501.659914,6.69891991268,10,
4927,571.418046814,309.717777,1650488.705,7.56925195354,10,
4930,571.930822356,41.8857756,629431.443112,12.1824667277,10,
4934,572.280382962,35.6465199,942997.288709,5.27934845059,10,
4950,574.296004693,35.4179157,1537132.97348,4.4108104942,10,
4938,572.452681431,106.228899,4115978.20853,5.5599003724,10,
4941,573.102821089,613.17729,121660.09726,12.8163259012,10,
4942,573.178770012,123.53892,481389.062625,14.8468370477,10,
4943,573.207605314,106.704456,1595680.04741,6.64629571319,10,
4946,573.324718545,710.71818,377931.124318,4.23317571464,10,
4949,573.50681089,36.9225747,591565.883572,2.50406234535,10,
4951,574.31937672,35.0057748,1322732.5263,4.33300358455,10,
4952,574.319821479,452.340456,2252321.18366,4.37489758468,10,
4953,574.555850066,37.6532187,3569672.77148,2.58336109863,10,
4955,575.028462061,611.45352,315852.84413,11.8916625562,10,
4956,575.073197542,40.1973408,1117308.95581,2.08020011145,10,
4958,575.27896202,776.00058,2460039.70481,2.15619624565,10,
4959,575.283163122,110.318238,678443.4331,11.9485411293,10,
5846,733.351532016,229.754157,2002624.66107,4.95641391114,2.0,[M+Na]+
4961,575.322612095,34.744719,292601.637159,8.47845561817,10,
4966,576.074231229,463.324083,436335.022836,7.00248545489,10,
4967,576.127979504,171.377268,98788840.588,3.33998612699,10,
4969,576.335237658,34.4786298,413253.726593,10.4603792181,10,
4970,576.39646691,171.845079,3819247.28807,7.90795198351,10,
4971,576.394129223,53.38776,447267.189093,8.1688797742,1.0,[M+NH4]+
5352,631.399531475,39.6706959,1715066.1824,2.45757862095,2.0,[M+K]+
4975,577.222903603,767.36544,229381.087542,9.16114311395,10,
4976,577.256977143,583.056474,346360.080112,11.933986747,10,
4977,577.395575645,58.002576,740508.928988,9.7858577398,10,
4980,578.260616995,889.49298,238264.019014,7.79069667825,10,
4982,578.441758822,355.702668,5506104.03563,2.51555305912,10,
4984,578.938475144,38.7005619,762234.977218,13.4922565306,10,
4985,579.217687131,446.708457,284270.537352,12.0563078721,10,
4986,579.236359746,996.62862,283138.520986,4.71610223414,10,
4987,579.273771118,666.4551,768715.879474,3.15718608339,10,
4988,579.262722615,779.1042,120141.364235,5.37986000038,10,
4989,579.384125556,38.2863417,1289781.23052,4.81331107817,10,
4990,579.440407061,38.2564566,176776.432673,13.8258426342,10,
4991,579.554095299,37.2404454,554993.359637,8.84444918326,10,
4992,580.0606435,479.977296,1075682.12617,2.85815957242,10,
4993,580.248853344,35.8367223,848300.550729,7.37905056276,10,
4994,580.479909536,86.633535,249277.628785,13.7311255476,10,
4997,581.057961851,104.427369,796780.887571,7.46308109005,10,
4998,581.202194466,176.222889,6532419.21756,4.08921174808,10,
4999,581.235520433,116.514954,1090867.56407,5.53588037653,10,
5001,581.270100711,429.034182,942290.765657,6.1716657759,10,
5002,581.399054115,37.9103136,13123816.5887,2.27344421236,10,
5005,581.499844644,57.8778408,1311373.13462,3.96842940114,10,
5009,581.93247727,492.395424,114740.442394,13.3210366181,10,
5011,582.264802511,35.6186943,3425202.2407,2.31930588584,10,
5191,608.331310331,61.940874,928212.104838,13.202090925,1.0,[M+H]+
5015,582.40293209,38.1618696,6357288.91183,1.45007660406,10,
5016,582.429924624,37.047735,268963.240991,12.7617344695,10,
5017,582.434629824,513.42666,871377.909532,11.1581898987,10,
5018,582.456539148,38.5141812,262164.655088,5.66249698185,10,
5019,582.493809788,38.1277125,544221.960096,10.1966290643,10,
5020,583.09358227,230.638971,3587174.08497,8.02514460052,10,
5021,583.132233748,509.6358,323798.637817,10.3063722361,10,
5024,583.294117569,384.897693,1137085.8411,8.48052432862,10,
5025,583.292583457,317.78673,713500.852618,11.6220302742,10,
5144,601.425483399,38.3786394,8047217.94407,2.67750097658,1.0,[M+H]+
5028,583.499065618,82.644534,265341.998606,14.6239137904,10,
5032,584.28171976,35.3884626,674829.45888,7.10259827152,10,
5033,584.304650173,509.310786,529473.025991,1.32292002609,10,
5034,584.341182751,550.725096,1797867.30536,5.29536660961,10,
5035,584.394620858,456.62001,2138401.74693,1.83953308114,10,
5037,584.438452313,693.29856,12376625.5684,7.81525965358,10,
5041,585.179248471,678.6606,64852168.2928,7.58472104157,10,
5047,585.506529868,36.9285582,464173.25639,0.757989178824,10,
5048,585.906687129,465.88206,6515322.86288,3.44373366743,10,
5051,586.263652602,317.50938,1056447.40427,10.8065622779,10,
5054,586.319946911,649.9608,2348597.6695,0.791606410954,10,
5055,586.437215784,36.4161948,1354704.42488,9.68197074181,10,
5057,587.244608244,603.24546,113290.872524,10.2813191164,10,
5061,588.278212663,553.43781,3994135.57612,1.37460359712,10,
5062,588.314858569,312.746598,722765.707276,4.37730239338,10,
5063,588.347033856,622.7892,109209.664801,10.5922380433,10,
5064,588.376621355,84.506802,6601731.61019,5.28019134526,10,
5067,588.535719414,37.493934,910972.740578,3.96981050817,10,
5769,718.949447581,519.722526,609079.842744,8.71584825314,2.0,[M+K]+
5069,589.223620459,616.84368,469087.892795,10.6358495484,10,
5070,589.238035389,34.8167607,235710.773817,3.77656602286,10,
5071,589.392068533,317.860524,844748.752752,4.15778634627,10,
5073,589.468898375,60.095352,826439.220664,9.50634530603,10,
5076,590.314771167,646.1157,553314.217775,4.11880233345,10,
5077,590.400018477,55.061322,5428988.21048,3.20439301041,10,
5079,590.426470699,39.7321689,11833340.6929,1.8995078554,10,
5787,722.108976264,40.1677623,1662322.16768,4.74907613524,2.0,[M+K]+
5085,592.294309758,646.33671,2821623.88638,3.48270450429,10,
5086,592.316933603,421.709766,831478.212053,0.881409974494,10,
5088,592.325716241,750.0024,2803717.42584,2.91619385173,10,
5093,593.162546833,32.7976869,87307.6256841,9.64918609157,10,
5094,593.253184101,960.04305,711854.512689,3.9162303632,10,
5095,593.265998635,650.75838,481679.63755,14.7059056597,10,
5097,593.416184776,678.97647,4193323.16069,2.61686079831,10,
5100,594.273449921,739.79619,3355144.61471,5.21465125041,1.0,[M+H]+
5101,594.299606588,702.01329,652032.632612,4.59518485063,10,
5102,594.300249463,646.55238,111334.218792,9.02371515866,10,
5103,594.324720774,443.214462,1110771.38812,9.84707385885,10,
5105,594.474418811,36.609693,115485.573414,10.9442388046,10,
5342,630.50968004,36.0979413,656449.435264,13.2903295778,2.0,[M+Na]+
5109,595.378387057,38.8295538,709745.488248,2.75709455221,10,
5112,596.168541875,285.452052,2560715.51507,3.93011326274,10,
5113,596.279488071,34.9444506,219330.431246,11.8721162007,10,
5116,596.508089483,38.8578768,809284.979553,5.21484175755,10,
5118,597.010560746,528.848304,3843213810.51,10.4319183549,10,
5132,599.409759226,38.4776166,10784892.1112,3.18405606251,10,
5124,598.296559065,35.0057748,711738.498757,5.82986087462,10,
5125,598.367686247,615.28044,6877781.90817,3.31745098952,10,
5128,598.557029999,37.4297748,965300.81371,4.30784115482,10,
5134,599.522139568,36.8285901,336357.442703,14.876793106,10,
5136,600.221319568,678.21351,583756.914397,11.7492242059,10,
5138,600.266722032,425.134635,1836389.47964,2.67056676823,10,
5139,600.291576829,34.7162115,192644.31704,7.7252491851,10,
5142,601.240309316,182.315298,1264968.62514,9.57121763745,10,
5143,601.280474614,572.044428,557828.687669,6.46714614196,10,
5146,601.487227804,101.52594,893178.195718,5.9931619544,10,
5148,601.998626851,517.554366,143444.959537,12.3798397094,10,
5149,602.289780494,752.79282,120209.15816,6.73954945932,10,
5150,602.350998482,486.60093,319606.609389,14.7172147136,10,
5151,602.351242247,409.42359,998042.703717,5.32736106932,10,
5152,602.587272775,37.7827674,2210809.61109,4.8054946481,10,
5728,710.224201044,33.9740796,85699.6876832,5.09742140844,1.0,[M+NH4]+
5155,603.431367928,38.441052,694203.512406,3.55342000107,10,
5157,603.590497377,37.3348467,867350.786808,10.0927639617,2.0,[M+Na]+
5158,604.225699981,35.1251268,64313.9946851,8.86977648075,10,
5159,604.268749909,904.42428,371582.137519,3.44266938021,10,
5160,604.288124882,805.20216,83205.0524535,7.58511359239,10,
5161,604.33116029,565.971951,560193.366551,2.36149469024,10,
5164,604.442053727,39.3579516,830452.76977,10.7601362256,10,
5740,713.066704976,151.600578,241152432.414,5.36904476435,2.0,[M+K]+
5167,605.061700639,163.494162,2990375.99773,12.0924610824,10,
5168,605.289226197,769.28838,530780.548154,6.99718317743,10,
5170,605.41169991,59.623095,392965.280328,11.2343413919,10,
5171,606.264455432,35.0057748,881849.616533,1.01469933321,10,
5172,606.310121664,607.75287,3106267.73189,4.75096351665,1.0,[M+H]+
5173,606.324637163,767.04711,11869725.7909,9.95675205841,10,
5175,606.49529713,75.46758,3840520.95027,7.0615898117,10,
5176,606.508833638,35.84052,191503.374399,8.34370729494,10,
5177,606.582408939,37.529181,1642943.61126,5.9650717189,10,
5178,607.268710099,836.56578,218479.787298,13.3367575698,10,
5179,607.267896863,34.7162115,203091.625578,6.69887000493,10,
5180,607.284238422,553.570788,421555.443163,6.09517692051,10,
5183,607.457367437,38.7925512,981211.27243,10.5706744847,10,
5184,607.551485507,61.348914,652793.144605,3.31858935914,10,
5185,607.585399564,37.4297748,853658.745914,6.11454783,10,
5189,608.282053189,34.773735,391317.229721,6.8097675981,10,
5190,608.301971736,650.54448,456546.715643,9.8519668652,10,
5192,608.330734914,767.05422,656622.612546,11.2412416167,10,
5193,608.385127281,72.520869,52207611.4635,3.66473734456,1.0,[M+NH4]+
5194,608.394189655,36.2226966,555116.373085,2.91205973936,10,
5195,608.452587575,726.74583,2155464.17807,13.1288535967,10,
5196,608.510898014,69.969429,17065080.5536,4.93613588261,10,
5197,608.52467158,35.9665152,225812.811206,5.62377167072,10,
5199,608.597687292,37.6532187,1155092.97926,5.08462051078,10,
5200,609.284245875,497.361753,142943.644772,12.8380733125,10,
5201,609.396884942,317.231532,1315317.34875,7.78487328878,10,
5205,610.465621366,76.849746,2730208.36261,10.5544157247,10,
5206,610.851337745,468.489804,59206918.9196,1.26810627065,10,
5207,610.851419986,483.102102,52389418.6489,1.37039231491,10,
5209,611.315174011,860.7033,10549952.4695,2.54570958748,10,
5210,611.373690608,318.174522,944316.310375,7.32095070209,10,
5211,611.424543109,509.409429,3403755.50335,4.46543440128,10,
5212,611.485265642,73.981977,155696387.149,7.67270005512,10,
5213,611.509612219,60.767664,4610692.47885,4.51929423096,10,
5218,612.412927055,55.3156002,4485220.0304,5.64143548819,10,
5219,612.42824998,509.6358,1075984.90848,10.6702947773,10,
5221,612.504022301,38.7925512,2087475.28807,3.62017555135,10,
5222,612.849151914,483.633456,22942070.2795,2.12514637486,10,
5225,612.984925753,521.117973,34073557.261,4.22940013163,10,
5227,613.33286534,318.137688,1013455.00229,6.13646956647,10,
5229,613.388622332,38.9157744,1525869.15858,2.31153586371,10,
5230,613.461393022,36.4443282,202308.724705,14.2466266479,10,
5231,613.483765235,35.708343,114464.234661,0.700111185395,10,
5234,613.537455848,36.728622,284854.790015,1.96214837032,10,
5235,613.853205564,468.206385,3094532.82512,9.68830496128,10,
5238,614.276446373,646.21422,547998.734875,8.83619703525,10,
5434,644.303695137,169.321518,5007699.01187,4.80896835879,1.0,[M+H]+
5820,728.798915608,476.065251,87455900.583,2.457911765,2.0,[M+Na]+
5243,614.847939087,468.694932,4791948.50048,6.21907560506,10,
5244,615.065884854,42.0216141,22811677.0022,8.25606379514,10,
5245,615.109755976,40.1677623,850844.928173,5.94010076661,10,
5246,615.279570955,701.86686,630373.434849,14.2257208849,10,
5247,615.310105993,666.73356,2119911.07411,0.906022654404,10,
5249,615.404588335,39.0073224,4167518.67061,3.30279840896,10,
5250,615.407239188,318.100854,1011213.18892,12.7330368505,10,
5965,764.058324,54.2623548,1073822.79173,1.8994739511,2.0,[M+K]+
5253,616.225601137,35.4179157,296822.048484,4.38038820394,10,
5255,616.268283425,565.02114,320085.389775,3.66273325971,10,
5256,616.305519369,781.782,102163.776298,10.2848906205,10,
5257,616.313440659,666.55122,562878.596149,4.82442782401,10,
5612,682.295989661,331.141071,3036198.73096,6.37978612392,2.0,[M+K]+
5261,616.489722614,39.9835725,920893.364167,2.85879555433,10,
5262,616.566839613,37.5933798,2902892.41605,6.33052163564,10,
5264,617.325733987,733.51758,475087.546955,4.54435346923,10,
5265,617.341289767,646.3125,310634.101451,9.385878232,10,
5266,617.420550828,39.171684,3555308.02148,2.46371081679,10,
5267,617.46554466,40.423242,1660891.60449,4.83343897001,10,
5270,618.530198485,40.670913,977947.684435,6.73081213952,10,
5271,618.582006369,37.112274,620853.623657,4.05522994667,10,
5272,619.117467367,33.6460818,71065.9199557,2.53153286265,10,
5273,619.402388565,317.980689,2135075.44449,6.82854914693,10,
5275,619.585329904,37.4297748,495674.855507,6.18227610558,10,
5276,620.240301455,742.09101,75077.2941131,9.45645217274,10,
5277,620.240511136,811.05618,392269.773302,4.37173798448,10,
5278,620.325461401,560.446761,6840018.94778,2.33688854463,1.0,[M+H]+
5280,620.491811087,35.0961129,1287466.22982,5.27873636433,10,
5281,620.597751501,37.5581328,5713149.78353,2.93147909382,10,
5285,621.494496467,34.687704,315881.249161,8.44909759115,10,
5288,622.130043106,495.72789,156246.570031,11.5568598894,10,
5289,622.260243761,509.569968,179404.470939,5.3228844374,10,
5290,622.283437729,139.947552,4785669.37568,1.08830378094,1.0,[M+H]+
5291,622.307046509,37.9697796,402866.476335,14.6987297498,10,
5292,622.330649465,560.473053,370849.583313,2.72529620717,10,
5296,623.245436993,734.01066,1050340.903,5.54477374159,10,
5298,623.385923991,36.0587253,611321.211751,4.69807755773,10,
5299,623.528774903,69.114864,1597250.28482,2.9891707103,10,
5302,624.201726937,785.55537,578079.792719,5.65848201105,10,
5303,624.248507092,734.01066,246509.539917,7.33835173987,10,
5305,624.41598411,35.7386709,125430.341021,12.1955772083,10,
5818,728.522188903,75.291879,26033361.3353,5.29798639659,1.0,[M+NH4]+
5307,624.542099275,67.617069,29202333.0481,4.87826260612,1.0,[M+H]+
5603,679.572293155,58.0335909,1850658.32027,8.66753887433,2.0,[M+K]+
5310,625.257996944,705.84672,775828.072284,6.39786397214,10,
5312,625.477153583,303.39621,572927.887647,6.1715858759,10,
5318,626.484692879,39.4846815,1202668.06166,9.10760412083,10,
5320,626.514446555,69.686823,743312.596051,13.1182517437,10,
5321,626.519668243,37.3656156,351800.95075,4.73134529814,10,
5324,627.170305768,53.9816772,861808.047031,4.96503977634,10,
5325,627.277707684,388.533096,287072.196451,11.0041436725,10,
5326,627.369153941,318.294561,4221094.36244,8.99957548323,10,
5329,628.420716309,436.27152,3773120.96192,5.43250129526,10,
5330,628.49920496,39.9162402,6949086.54485,2.64557654324,10,
5332,629.289394281,666.62553,6196556.64855,3.29137272192,1.0,[M+H]+
5334,629.314332091,73.306173,33228421.446,5.83646063304,10,
5335,629.362383848,945.75411,2485948.47353,5.8248672864,10,
5336,629.4198367,36.4091178,122619.888087,11.1535370448,10,
5339,630.250082627,701.98602,987571.448407,13.8664531163,2.0,[M+K]+
5341,630.317730373,73.616952,9383688.69911,5.31165140699,10,
5344,630.958467455,518.679492,200786.070748,9.52698758364,10,
5345,631.04002898,41.3264178,15205752.6831,2.57971995674,10,
5346,631.154564749,190.948494,879400.089747,11.300668356,10,
5347,631.279816696,961.49046,636551.854766,4.91597270434,10,
5348,631.304808902,704.34699,625887.567577,5.67991039335,10,
5350,631.378995313,317.194572,712099.213273,10.2484428313,10,
5351,631.378187353,750.08526,142686.794046,14.5616515252,10,
5356,632.2711145,168.669261,6434453.11868,3.99427167201,10,
5357,632.30775085,704.34699,131819.470606,7.8792978741,10,
5358,632.300201208,795.2952,3924687.8162,0.787005329744,10,
5359,632.331037745,112.712931,5660768.51304,2.90186544851,10,
5614,682.472837485,68.869686,4134768.7871,4.02451671359,2.0,[M+Na]+
5362,632.525105488,35.8367223,442749.882056,11.0090432654,10,
5365,633.083405867,167.477424,2763380.14736,5.51844482939,10,
5366,633.273799279,168.754314,1539506.4734,13.444681894,10,
5367,633.29920229,643.1616,850165.921836,1.94088264643,10,
5368,633.414759347,39.5421414,2283780.45884,5.16179082549,10,
5370,634.294205818,798.65418,144191.347017,12.5121599316,10,
5372,634.426289252,55.5393588,3726595.28234,8.11745370827,10,
5373,634.452377268,39.9458814,15258251.6112,2.9225538902,10,
5374,634.470893122,34.9444506,97788.7256884,13.1979340137,10,
5375,634.508035158,33.5683563,277885.590706,10.9761049616,10,
5376,634.526094902,66.970932,23915251.0949,3.95656493078,10,
5377,634.518189576,36.1557813,977639.686908,9.61435724403,10,
5378,634.541711067,35.972697,240718.657349,13.8772600765,10,
5379,634.928009299,55.5393588,2654530.98662,3.80930119233,10,
5380,635.241720042,228.561141,3206409.87086,7.79992913109,10,
5381,635.300026878,712.3548,470299.375714,5.54530537946,10,
5382,635.339835209,316.119354,860468.04182,3.02393975269,10,
5385,635.522232702,36.2914368,589535.612476,12.4456261131,10,
5387,635.54521181,35.332071,78145.8934631,10.9838019873,10,
5388,635.950662902,487.557672,233726.145127,14.493751479,10,
5390,636.372192909,743.41512,618752.986956,3.53654980941,10,
5393,636.48638154,35.4473688,1372594.04496,0.828609274262,10,
5394,636.946720749,519.40728,746925.928593,6.07278386263,10,
5395,637.166307074,554.27256,1816622.45292,3.38262764595,10,
5396,637.294514682,618.87942,301635.779543,8.39008886458,10,
5397,637.32360685,513.956862,138608.971325,10.3535075134,10,
5398,637.348946539,57.6014919,781273.127437,9.60987698277,10,
5399,637.42515008,35.972697,158036.067511,10.9998291106,10,
5401,637.518629431,33.4906308,115427.187232,12.7718787038,10,
5402,637.598501347,57.7222188,3470423.98328,6.48996009795,10,
5403,638.01231998,529.236927,50966677.1967,13.0073751854,10,
5404,638.297387028,618.87942,49111.5240492,12.700482606,10,
5405,638.447982529,68.117643,2210501.59265,4.76580376277,10,
5407,638.557387271,65.532486,146963648.982,1.72521373085,10,
5409,639.541153316,60.095352,4602277.7841,4.74176313294,10,
5411,640.225551424,34.6116744,115609.745165,13.0185398613,10,
5412,640.291346866,594.740424,833689.640807,5.14354583584,10,
5498,655.570054771,39.1344933,719560.874503,3.17833075426,1.0,[M+H]+
5415,640.553190011,35.708343,378895.393161,9.9132629363,10,
5417,640.58713344,55.3728198,3473839.2482,13.3442813585,10,
5419,641.384200099,317.980689,2411058.20262,7.40730618152,10,
5420,641.567960963,65.72319,1616079.16459,6.48770568215,10,
5422,642.275678934,38.1910683,549261.365279,14.9333897296,10,
5425,642.34286053,36.5410668,194038.190294,6.64902272131,10,
5834,730.566728182,39.9458814,4366939.06222,3.95682474721,1.0,[M+H]+
5428,643.38570383,774.2457,616661.646929,4.37542553665,10,
5429,643.377656144,451.216782,424503.779543,1.4748529945,10,
5430,643.492433673,39.9458814,652181.626358,13.810421379,10,
5435,644.336854937,602.27733,86182.9402156,11.33601131,10,
5436,644.340234357,330.497244,8398798.45993,5.89567733521,1.0,[M+NH4]+
5437,644.361527372,584.562873,1134064.86868,3.72247623759,10,
5438,644.377715603,515.227872,575450.403932,4.19890881976,10,
5439,644.494229992,40.357788,6464889.74761,1.08240900453,10,
5441,644.933406917,518.218431,193642.112258,9.37224343582,10,
5442,645.291051016,799.2555,80788.5067648,6.1919710404,10,
5444,645.320564705,721.67646,790416.552018,4.90405858835,10,
5445,645.357156882,567.893286,1536476.43839,1.28246868791,10,
5446,645.380810191,515.094282,149428.407752,3.02543078847,10,
5447,645.418127296,318.488022,1186029.61508,13.0868696414,10,
5449,645.600879584,37.3040778,447682.581386,9.67048092807,10,
5450,645.974505488,50.9385033,628759.792107,13.0129750629,10,
5452,646.237118882,495.580323,766415.822176,5.56642474764,10,
5453,646.356011529,313.99176,303473.602603,5.34374272805,10,
5454,646.368553854,78.038946,1707532.02683,12.8800044685,10,
5455,646.505013528,35.4865797,169081.882929,4.41136226441,10,
5456,646.561462128,40.4807064,4070610.2364,5.08229613602,10,
5459,647.336146771,717.738,790869.750582,5.28593575699,10,
5460,647.458705717,36.0285846,9767493.38829,4.76759579824,10,
5462,648.003676076,486.91917,2885803.16987,4.18625706788,10,
5463,648.17984684,767.02572,274402.085169,10.2331001459,10,
5464,648.339188067,717.77574,196417.560109,6.55698263381,10,
5465,648.497042958,36.088866,490719.691979,5.12213004596,10,
5466,649.259791573,103.64115,951236.802997,7.55962824032,10,
5467,649.408827007,39.8253186,1494634.16595,11.5795198681,10,
5468,649.412682019,318.294561,1124528.96703,4.60168728392,10,
5470,650.2743596,1000.64016,2759959.82606,3.89372813938,10,
5471,650.336282418,635.81217,363150.436915,4.04567010945,10,
5473,650.503142072,34.2992058,454374.258147,12.5880280437,10,
5474,651.136935848,41.5509918,13816493.4035,6.66386803133,10,
5475,651.180936399,519.976116,1234627.38024,14.3850527523,10,
5476,651.215730091,229.318536,1810898.48166,10.2066725059,10,
5478,651.309819733,579.10389,202967.507236,9.46864509834,10,
5479,651.310440264,628.43244,300703.403506,5.18512991398,10,
5480,651.500027772,311.844513,291564.321291,9.98602385293,10,
5483,652.411798339,75.078411,26475812.916,2.03019316289,10,
5484,652.498022954,39.2293971,1311301.34848,7.99010809685,10,
5867,738.610001331,62.915466,3108439.70416,5.21454210751,1.0,[M+H]+
5487,653.288917979,566.956248,192146.698581,1.09361733378,10,
5548,669.283388641,111.734514,3519967.3389,10.8987900286,2.0,[M+K]+
5490,653.557254966,59.7825465,1292090.01376,12.8583701346,10,
5492,654.323464553,100.896123,1095924.50648,10.2210697825,10,
5493,654.416980186,74.909718,1739606.4287,5.7380768714,10,
5496,654.969064993,542.17002,14408210.6866,13.0551746167,10,
5497,655.09931501,56.133093,388131.276062,8.51565546198,10,
5499,656.329170401,314.349021,1191924.77806,2.59375697826,10,
5500,656.409621917,616.76802,478116.568234,5.55469844695,10,
5501,656.438996395,56.195367,3053211.37275,6.24502068602,10,
5502,656.530080482,38.9157744,2551614.08637,4.255183982,10,
5503,656.799497764,489.185757,1309495.99136,7.05039897972,10,
5504,656.941156258,56.0889462,1840151.79751,6.38726644035,10,
5505,657.281745414,711.76428,38222.6233977,12.8281437779,10,
5512,660.33874428,443.214462,1978137.95089,3.8843135431,10,
5514,661.290686712,938.69562,1201489.24504,5.35038663612,10,
5515,661.492439108,40.7943213,1130190.32746,10.0680663799,10,
5516,661.948032735,51.131118,300522.222937,10.9607645491,10,
5518,662.737511479,819.88509,6407229.92195,7.79130863383,10,
5520,663.313768401,617.29512,39299.6637613,14.7574806639,10,
5521,663.453324339,36.2570667,111482371.642,2.07391795661,10,
5522,663.740529813,819.98664,979590.822587,1.01791528595,10,
5524,664.341379147,765.11526,4094378.80079,6.06764001666,10,
5526,665.29937023,939.24528,11450458.501,5.96406636791,10,
5527,665.350245143,320.690874,1186612.72631,9.42387371934,10,
5534,666.63805583,55.061322,1470693.0534,7.15249214082,10,
5538,667.909368509,463.973574,781622.375916,6.68510679357,10,
5864,738.152514587,33.0395922,895537.9705,7.22990150135,1.0,[M+NH4]+
5543,668.546255463,39.5421414,3418467.28069,2.7025318587,10,
5551,670.286235877,122.455944,1164154.24939,13.2296133154,10,
5552,670.392148476,72.263856,331254.890347,12.2407774385,10,
5553,670.545501484,37.7470188,714302.443113,9.79356317387,10,
5555,671.078036033,40.1677623,3763364.11115,5.69774270524,10,
5556,671.396111207,318.294561,1182270.17086,10.0635821763,10,
5558,671.549554834,37.9391982,264481.568033,2.34534835654,10,
5561,672.393117024,89.207292,725694.104949,7.87255664544,10,
5565,673.253438448,666.69984,354521.327608,7.0507277022,10,
5566,673.293818125,173.191995,11426232.3126,4.85847805651,10,
5567,673.34053478,76.017285,23485891.8619,4.32969826292,1.0,[M+NH4]+
5569,673.352238325,742.062,409829.038371,6.9012716059,10,
5570,673.388550428,500.085378,481522.807346,3.91723386108,10,
5571,673.514513862,54.0128796,3080510.56835,8.97867996676,1.0,[M+NH4]+
5574,674.391612794,500.141154,120587.172031,3.20157325507,10,
6007,776.428364307,35.972697,293439.876486,12.7139374241,2.0,[M+K]+
5578,674.592210092,40.385613,1364949.40555,9.16212659741,10,
5579,674.771214442,486.577818,2999040.35087,5.17679551945,10,
5581,675.24790205,664.31388,341266.751209,4.30112703156,10,
5582,675.3311472,641.20602,341993.383332,7.48894708718,10,
5583,675.464403553,36.728622,637663.558303,6.7158465932,10,
5584,675.544104585,144.070854,1304649.53125,3.55096085987,10,
5799,723.660545754,37.5933798,197551.717194,14.1623261515,2.0,[M+Na]+
5588,677.229156419,335.275701,1114249.99152,11.3703693546,10,
5590,677.361939581,771.89556,1642545.08641,6.87199043316,10,
5591,677.510053389,173.623992,5916422.05533,12.0639856458,10,
5592,677.683960106,37.3348467,169355.476238,7.630548823,10,
5593,678.305809291,800.6151,56324.3072342,4.91606487571,10,
5594,678.321359184,752.84946,93201.4246651,13.6211627551,10,
5597,678.478482864,40.1677623,16766235.1403,2.33397880853,10,
5598,679.013387543,528.770181,2786167820.11,10.0858848151,10,
5599,679.326153224,751.77294,167026.090184,0.705490530944,10,
5601,679.511416826,90.968109,297497535.36,4.71998091756,1.0,[M+H]+
5953,761.518149203,528.692496,61180441.7534,1.66005583731,2.0,[M+K]+
5607,680.576148104,58.0646058,603935.151998,7.04977075198,10,
5611,682.022093196,528.520302,16404553.2123,10.8593681687,10,
5613,682.351963433,687.52995,2774491.36249,1.78463023927,1.0,[M+NH4]+
5617,683.285862352,172.128948,3453461.81111,6.87794151788,10,
5618,683.355327554,687.7191,863847.167237,1.5326446463,10,
5619,683.445518917,785.68464,557212.131809,6.61908038485,10,
5622,683.593870173,91.734912,1508346.34119,4.38218077415,10,
6165,840.100445059,41.1380928,635995.451068,12.461574276,2.0,[M+K]+
6177,847.292853197,36.2570667,2007184.3885,10.6550298136,1.0,[M+NH4]+
5625,684.370946512,59.2486956,3475958.93494,8.10031240503,10,
5626,684.395794394,37.6876815,543556.035778,6.87610665101,10,
5630,685.48585598,135.119715,8984690.86401,13.5435952813,10,
5632,686.365742424,72.782967,712902.41686,11.2423948076,10,
5635,687.070608662,40.0448529,73453590.9266,1.55899770708,10,
5640,688.36279066,975.90264,1492308.05774,9.13621209612,10,
5744,714.418449534,314.98371,1411054.0518,0.739175458105,1.0,[M+H]+
5642,688.508450414,522.508755,777375.083971,12.8765680393,10,
5643,688.520334479,40.633164,4359608.87066,8.29520108349,10,
5646,689.199995118,36.2570667,555256.069709,8.6112160298,10,
5647,689.321169147,847.86303,830000.815425,7.55115972142,10,
5648,689.523296254,40.708662,1391375.99007,2.76539187026,10,
5654,691.525693297,133.348968,4427428.23812,10.0935405906,10,
5655,692.336755773,619.40706,170093.551541,9.66995719879,10,
5656,692.361626282,319.032423,2969151.04625,3.1244892446,10,
5657,692.493832142,40.0448529,1362725.91978,9.40802568649,10,
5659,694.319354141,454.251756,3446809.9853,4.61559281504,10,
5660,694.620039096,64.476135,4275017.23964,3.58446408075,2.0,[M+Na]+
5664,695.322839602,454.469808,1169024.26986,4.27419808924,10,
5665,695.579214572,80.201634,11842265.5473,9.64803752805,10,
5666,695.624531905,64.476135,1787445.95111,5.93928258716,10,
5667,695.846412628,467.448681,2238179.19551,3.45174375052,10,
5668,696.008015451,41.2369989,774627.660872,7.1777003853,10,
5669,696.437446221,78.62865,14121895.8381,1.70563972252,1.0,[M+NH4]+
5671,696.526130972,39.3205731,1448142.6242,6.30006848768,10,
5675,697.352218438,865.46652,893055.301092,6.14013607897,10,
5677,697.522271289,702.7059,2180515.85966,8.63503881978,10,
5678,697.5281552,39.2908668,491665.75902,10.4274943611,10,
5681,697.845384087,467.153034,935291.274175,4.19439855719,10,
5682,698.25401013,36.1901514,305482.5916,8.53861762712,10,
5683,698.309330218,843.18039,2125895.29168,2.57852886414,1.0,[M+NH4]+
5685,698.383726963,624.98472,1259271.36763,1.02330050318,10,
5686,698.419965651,863.71524,5841119.08285,2.68340735589,10,
5687,698.444574656,826.24062,374574.94803,5.10102026853,10,
5690,699.238183365,1164.45048,1235444.74555,6.49123950999,10,
5695,700.326162171,686.55642,2894721.97841,1.88487541416,10,
5696,700.363095658,644.80416,178490.267787,12.0746057737,10,
5698,701.041137612,467.752074,893300.421203,2.5895738204,10,
5699,701.390808807,79.042602,3092146.67664,6.07997716448,10,
5700,701.493404225,93.277989,464531850.671,8.0356400599,2.0,[M+Na]+
5702,702.103601194,40.670913,3632767.75739,3.81545055742,10,
5703,702.36163128,94.268892,6463899.30151,6.83743634185,10,
5708,702.974940543,542.359431,25396399.9337,5.39408614703,10,
6039,791.60001806,75.391719,13980564.9809,5.89386343895,1.0,[M+NH4]+
5717,705.378052627,598.058754,494492.871654,9.89052131462,10,
5718,705.518479628,41.2979694,871846.230989,8.77450853381,10,
5719,706.271423385,37.5933798,239047.90961,12.0267177065,10,
5720,706.340819483,232.741125,6069173.93558,5.44421049347,10,
5721,706.381046958,598.15833,109546.416169,13.8543551886,10,
5722,707.397947074,204.547359,4708445.66484,4.18253060741,10,
5724,707.593523667,91.542846,3041243.78178,5.22220248808,10,
5725,708.335779255,103.747926,1466514.90527,4.96537591956,10,
5726,708.596488366,91.65723,1343624.96289,3.16103159746,10,
5727,709.594637617,77.325558,88037696.624,5.17602639279,10,
5856,736.399410599,315.26238,396985.130813,14.9004138924,1.0,[M+H]+
5730,710.557202092,37.2754458,445888.731137,6.91502128409,10,
6082,806.567597546,68.691234,5891072.82757,5.7010195221,2.0,[M+K]+
5734,711.504645438,56.445084,893406.1711,12.9196641653,10,
5736,711.891485831,891.67644,332446.613432,7.15102622134,10,
5737,712.006541657,490.825212,106183.950425,3.05212394866,10,
5738,712.571698523,38.7555486,1279895.13717,6.54498785478,10,
5741,713.104850796,882.19764,1067648.39679,2.64590261335,10,
5742,713.575022385,38.7555486,471589.86974,8.97075063538,10,
5743,714.309829638,451.222272,867814.562389,6.12516379176,10,
5745,714.443731285,100.255326,519605.963952,4.55965597206,10,
6176,846.65015301,38.506311,745809.522429,4.36489908862,2.0,[M+Na]+
5839,731.999493168,145.98192,25276759.5471,5.60807561863,2.0,[M+K]+
5751,716.357480902,722.45364,2380479.81148,13.5799924128,10,
5752,716.455826636,318.137688,1384890.50723,6.08019095572,10,
5754,716.84655211,891.86124,199971.511152,7.67885229812,10,
5757,717.360945342,722.95836,768318.634329,10.7809535916,10,
5761,717.554310099,40.357788,1634727.12264,2.2769231181,10,
5762,718.022624605,145.245294,5519909.88982,11.0190829177,10,
5763,718.022198161,164.002926,2792552.82783,11.0357677557,10,
5773,719.578996953,76.719015,60263623.5617,4.46987329599,10,
5774,720.015331924,528.925617,121210294.712,1.56922089603,10,
5775,720.019307162,163.68744,2235397.14522,12.3536198809,10,
5776,720.01985808,145.228422,4623040.77919,6.20450502284,10,
5948,760.583849885,74.001366,7714334.21767,4.91582661445,2.0,[M+Na]+
5786,722.016382835,163.975356,1339735.37561,8.62715532963,10,
5788,722.504538106,40.451067,15523384.544,0.823797421789,10,
6164,838.691151256,35.264949,181996.08639,6.50936973833,1.0,[M+NH4]+
5793,723.052662417,163.560324,2174358.07596,8.18451912885,10,
5794,723.059232088,522.538524,2149768.9626,12.6341272187,10,
5796,723.378435719,785.3442,170550.761899,12.7576036585,10,
5801,724.491818522,75.078411,1946408.24706,6.9076112889,10,
5803,724.569494531,90.968109,84949770.0875,8.2757705868,10,
5806,724.801891205,475.908879,567243420.448,2.74182904903,10,
5807,725.520067084,56.195367,1528941.71886,9.09303433948,10,
5932,756.553379129,74.001366,55019590.4303,5.96987091733,1.0,[M+H]+
5815,728.004965623,163.875699,1218176.88901,10.3763993462,10,
5816,728.09314422,766.0716,674675.105749,8.48274926235,10,
5817,728.419012268,694.07625,2263135.78779,4.78866087862,10,
5819,728.587085014,39.3205731,1699571.11067,6.63064532285,10,
5821,729.221737148,927.4653,88951.0958237,6.654106116,10,
5822,729.3527223,718.39086,406885.944217,2.27604838241,10,
5823,729.414803561,497.262093,1506354.53686,3.85783781281,1.0,[M+NH4]+
5826,730.002183409,164.037036,5029934.39072,8.85829639318,2.0,[M+K]+
5827,730.002394048,144.878595,12518754.1713,6.2731279483,2.0,[M+K]+
5829,730.134849201,884.95518,195990.890595,12.8353451824,10,
5830,730.317135036,103.730556,1678774.92704,5.59589032337,10,
5831,730.418142839,497.460048,534406.503519,8.18973859389,10,
5832,730.42486448,694.03656,137393.646507,0.395354606199,10,
5835,731.420458008,496.987992,76097.4892172,13.7453375939,10,
5838,731.999188666,164.132859,9799677.9181,2.75246621948,1.0,[M+NH4]+
5840,732.331122168,679.13454,1258821.99238,4.95915426608,10,
5841,732.450348395,318.294561,1088939.45973,4.12254275863,10,
6127,825.01450496,40.0448529,3017100.51368,8.93486251615,1.0,[M+H]+
5844,733.183453441,520.006383,1015560.14718,10.2508904958,2.0,[M+Na]+
5845,733.22776562,882.19764,106560.91821,14.5860043071,10,
5847,733.556635532,75.135255,5618230.9193,9.03763326283,10,
5850,735.021732353,40.0071618,614829.900834,5.52492959694,10,
5851,735.08607327,880.88928,199149.931975,9.88011113797,10,
5852,735.257093824,767.51898,312984.076303,12.4134132896,10,
3172,374.326561693,72.358836,4069765.338,1.32966677336,1.0,[M+NH4]+
5857,736.519506339,40.2963789,1082101.4894,8.69841484239,10,
5859,737.565362764,884.34711,133583.118782,12.4184837168,10,
5860,737.564885617,92.965758,53637009.9273,6.05977022411,10,
5865,738.4374474,318.137688,1745310.10653,12.8824708944,10,
5868,738.951580866,156.349752,875322.475163,11.8173260562,10,
5869,739.10127143,144.555597,3149501.75845,10.8981220985,10,
5871,739.44030153,317.978586,564913.276973,14.8621314569,10,
5875,740.118897782,39.171684,34954232.2174,0.766712090086,10,
5877,740.463817617,81.857502,6520406.53283,0.485322096463,10,
5878,740.552116589,39.6331926,1288403.6991,6.37807673867,10,
5879,740.557219475,71.455128,419001.391406,5.86143902537,10,
5880,740.949563826,143.054706,1306388.73982,2.20095403569,10,
5881,741.098617309,145.08336,3804004.30197,13.8355339638,10,
5882,741.120351202,39.1064865,16002021.3999,1.42566567099,10,
5883,741.429259596,165.629832,731147.570926,1.97903480965,10,
5884,741.984810119,163.906857,862999.379715,3.49074968964,10,
5855,735.993596455,146.062293,25014195.2503,3.93051128596,2.0,[M+K]+
5888,743.36857072,833.30841,669241.92674,5.45552608653,10,
5889,743.541478462,74.773464,3529148.39935,5.7510221978,10,
5890,744.340030963,762.40038,641775.31487,4.94248281487,10,
5891,744.388822912,694.77708,115638.180078,13.9370827231,10,
5892,744.388824289,770.92734,155027.414174,7.17153185549,10,
5893,744.465403776,133.589589,1714870.6866,11.8856565919,10,
5895,744.582905058,39.5421414,2199457.14542,5.26996990802,10,
5896,745.327772887,555.054921,168310.124796,1.91638214518,10,
5897,745.384538126,604.41198,291165.789753,7.59154588871,10,
5899,745.594497205,71.261685,9976082.68105,8.85914502254,1.0,[M+H]+
5900,746.291455238,103.439916,2815903.01703,5.36068312414,1.0,[M+H]+
5901,746.292382262,559.825284,137417.48589,9.05863973201,10,
5902,746.466088728,318.294561,1253965.46965,6.60965395049,2.0,[M+K]+
5903,746.526266727,73.059816,794980.241739,3.8965781814,10,
5904,746.56199245,40.8852489,5639855.59397,5.48580544082,10,
6167,843.0192593,528.848304,1589803234.13,11.836503665,2.0,[M+Na]+
5907,747.294699318,103.766406,1036311.01369,0.796069019336,10,
5908,747.522518464,311.680074,964914.484456,5.61279038952,10,
5910,748.525619356,311.559282,463469.708812,11.8698725484,10,
5912,750.400631668,694.36842,216856.176884,7.24906643976,10,
5917,752.521922043,73.636278,18944131.0044,5.00655862286,10,
5914,751.053331958,41.6113404,842475.199998,5.02255805445,10,
5915,751.060384714,881.21766,293015.622204,7.14103401731,10,
5918,752.625480852,61.78419,2514890.55547,4.07362495306,10,
5923,754.134593724,38.3786394,1378348.65766,4.37787575579,10,
5924,754.440659766,35.5846968,150839.870786,4.22471451796,10,
5925,754.537556335,73.373937,32996057.5568,5.98499990025,10,
5926,754.925520108,164.347761,1412410.15271,8.33172701641,10,
5927,754.925864989,142.943544,3854583.17255,5.67596806466,10,
6114,819.512507043,72.520869,1876803.04032,14.9717779208,2.0,[M+Na]+
5931,755.557576557,77.325558,5248889.49215,13.0619126394,10,
5933,756.773522965,489.448383,654110.722989,11.1282622454,10,
5934,756.922557396,164.162997,1188142.79081,4.98176525563,10,
6176,846.65015301,38.506311,745809.522429,4.36489908862,1.0,[M+H]+
5941,759.222121824,36.2570667,16239654.324,4.98219623191,10,
5942,759.366827729,171.752133,5907912.87348,3.54478961973,10,
5943,759.572129992,73.719516,8744495.55305,6.71893886436,10,
5946,760.335002581,809.21655,367299.344948,4.23255706452,10,
5952,761.393206547,80.835003,5717207.51214,3.39125077887,10,
5956,762.073072996,40.5717549,1284609.03248,4.55524949296,10,
5959,762.39640842,80.870808,1827760.42901,0.556862708679,10,
5961,763.128789068,40.1973408,755454.508583,3.15072508031,10,
6033,789.439472908,35.6526918,873683.470523,4.94311461981,1.0,[M+H]+
5967,764.357884926,609.23541,632989.137389,4.19786877191,10,
5968,765.048343918,40.0448529,10364331.2331,3.7395942282,10,
5969,765.084129223,41.7649668,2698505.37339,1.26043580307,10,
5970,765.438217239,35.7386709,984150.203561,11.554682204,10,
5973,766.530767291,40.7943213,13052976.4015,4.69549134047,10,
5979,768.537342335,40.633164,1284186.23998,4.85338357455,10,
5980,768.589342901,69.429234,751770.330757,2.94362646563,10,
5981,769.3839925,722.77413,4620182.11541,1.92038671963,10,
5982,769.556738205,72.987954,1597478.89522,10.9263840671,10,
5983,770.386429133,722.4606,1690200.67064,4.1674840305,10,
5984,770.525992032,70.151856,708190.460036,5.49237222532,10,
5985,771.389732278,721.99758,316222.956033,12.5582403001,10,
5986,771.439704321,406.293267,1949119.73685,4.84790912466,10,
5987,771.571733727,72.892476,1242865.16133,8.21741236207,10,
5995,772.443603575,35.4865797,206823.011016,12.7787628589,10,
5990,772.177470443,40.0448529,435457.294433,5.85581320679,10,
5993,772.395074034,707.97546,465938.485733,6.62181829812,10,
5994,772.435983263,662.46072,303798.132714,4.37568263173,10,
5996,772.614281952,39.5421414,1889709.60881,8.36820879297,10,
5998,773.274311096,36.0979413,842996.242146,9.70252028234,10,
6006,775.596729318,40.357788,1002138.30884,13.2529178535,10,
6117,820.52463532,72.206376,2891242.70101,14.5555310322,1.0,[M+H]+
6009,776.990865043,542.313903,26254007.2489,4.96301755788,10,
6190,858.993441255,521.633178,12156382.7661,3.81415458917,2.0,[M+Na]+
6012,778.394808471,653.23764,163193.263419,10.9040641962,10,
6014,778.517599696,511.136802,121617.373083,7.6765216065,10,
6018,780.54596403,40.708662,963831.314982,5.94465523784,10,
6019,780.552857729,72.311346,46292951.9084,6.10717653603,10,
6021,782.059485172,43.5543882,191070.113275,10.7349749331,10,
6024,783.938404993,35.3884626,162208.799299,12.6920135329,10,
6026,784.490042055,86.260785,3290183.24691,2.02496959045,10,
6028,784.577157425,40.082544,927033.279528,5.91577378844,10,
6031,788.001225209,466.237362,1368480.73939,2.51949110456,10,
6032,788.608792832,39.5421414,2213111.06752,6.27939923996,10,
6035,789.999602822,465.605238,488081.714628,7.55518946335,10,
6037,791.288984526,819.88509,2096689.85505,9.52255411363,10,
6041,792.410314706,621.30138,465087.387981,2.0905723883,10,
6042,792.458926005,35.0390214,246491.570857,7.39273066343,10,
6043,792.576079287,35.9044458,99678.4383239,4.85681375191,10,
6044,792.596014965,113.47641,22543155.8587,2.60214278246,1.0,[M+H]+
6047,793.368935293,837.65028,382092.299819,2.42026143125,10,
6048,793.413333924,621.22623,155170.061541,8.22063974916,10,
6049,793.497293759,73.34199,1045861.5645,14.0135941182,10,
6052,793.82290633,467.310525,1239628.88843,7.5172044119,10,
6055,795.403132024,401.672322,1560299.59464,5.36764440967,10,
6056,795.512608483,73.969476,1936065.34096,8.42270887104,10,
6057,795.667689516,75.448323,1295398.21153,13.474124151,10,
6058,795.821385566,467.479638,687203.496003,10.6908497116,10,
6060,799.017583599,467.774916,678984.456795,6.92772491799,10,
6061,799.456534792,670.74279,400414.71152,5.49593101538,10,
6063,800.390149732,869.36733,7716203.92466,3.18627756583,1.0,[M+H]+
6064,800.430616935,383.324283,1344146.16662,1.81903809585,10,
6065,800.459696763,670.8273,135126.837169,11.6498156245,10,
6066,800.519304277,72.745632,3048099.65496,11.335188864,10,
6069,801.392719506,559.825284,348598.544164,3.70676055143,10,
6070,801.440139987,35.332071,614888.54998,9.09947642152,10,
6071,802.018105419,528.56577,181635956.542,1.66594501235,10,
6073,802.345240698,898.7763,2665936.74499,2.07030903783,10,
6075,802.405788294,639.37482,199609.76825,1.95231187997,10,
6225,884.523021851,528.692496,81030865.9204,2.01125561207,1.0,[M+H]+
6081,805.326608671,496.987992,115642.570219,13.5642098024,10,
6083,806.647730286,88.0044,1576934.21307,13.8187932058,10,
6084,807.384263328,759.61692,938929.620626,5.12100187318,10,
6086,808.23037225,32.7050979,227410.859052,8.81271683284,10,
6089,810.557022023,41.1083904,10108680.3633,5.25799981692,10,
6090,811.398534969,377.33895,10172938.6211,1.90814925052,1.0,[M+H]+
6091,811.430671682,825.82572,185315.401574,4.14162291013,10,
6094,812.615396445,68.487738,2890537.0734,7.936687429,1.0,[M+H]+
6096,814.155544015,39.9458814,1886448.01532,3.3712288756,10,
6097,814.391724882,621.39264,66664.9067649,4.0386300956,10,
6098,814.405795367,752.43078,1919834.77501,0.725165044551,10,
6101,815.185788149,520.194051,647615.746149,8.88139259163,10,
6102,815.364614599,937.52982,446483.046807,5.57863040874,10,
6105,816.421405791,973.91664,692083.081469,3.53595333914,10,
6106,816.523252083,138.814836,1731930.57308,12.5373137151,10,
6108,816.640746665,40.0726728,1842033.09868,6.40743142054,10,
6109,817.470621548,34.6225776,186517.566405,12.3497126339,10,
6112,818.09603881,40.0448529,54210774.3386,3.18136843409,10,
6115,819.622397123,40.633164,676222.209521,10.3682726825,10,
6122,822.991435356,891.48684,119448.20309,12.1040802167,10,
6123,823.093407034,40.357788,938060.961674,6.64013559632,10,
6124,823.375306135,869.47734,310368.221507,14.2995758216,10,
6126,824.572656546,40.984347,663763.358555,11.8889805147,10,
6132,828.421332421,711.3555,116485.67603,11.2828744404,10,
6133,828.516842942,89.769384,2033554.86628,4.66113576695,10,
6134,828.603459551,40.1973408,508933.966767,10.2544844886,10,
6136,831.12789086,161.975271,321271.970093,4.82762622836,10,
6137,831.42099348,705.34668,612852.665036,5.20464003102,10,
6139,832.111920746,39.4194213,3675865.671,4.78706899693,10,
6253,907.259602962,36.2570667,5953670.51728,11.01330348,1.0,[M+NH4]+
6141,832.423771958,705.39,245028.727907,3.42436178857,10,
6142,833.12373172,162.393429,438475.481271,9.01786577396,10,
6144,833.240849256,36.2570667,11408888.2341,9.41348338896,10,
6147,834.239187123,36.1901514,9213255.38031,8.39747109005,10,
6149,835.089540717,39.2293971,19682063.7797,1.0327169598,10,
6152,835.430831867,690.8064,4449693.24618,3.93097549579,10,
6156,836.593342808,52.6757817,436973.493989,14.7955943835,10,
6159,837.372314605,798.68838,116213.351774,10.8608373278,10,
6160,837.654463524,111.376368,2865744.8095,4.8775176121,10,
6162,838.343849369,869.47734,369102.751636,12.2975960183,10,
6166,842.72017588,35.4473688,144652.271852,13.7914217597,10,
6272,925.524326048,528.892899,75089415.261,0.692598745564,1.0,[M+H]+
6170,844.355921589,748.44732,15203732.6018,0.992180256366,10,
6173,845.359311913,748.5963,5930992.79893,1.24714350838,10,
6175,846.292046875,36.1901514,2597001.81655,11.3304607359,10,
6180,850.649074983,113.83299,11405149.3744,10.0198041342,10,
6181,850.74061738,470.576556,3005292.63354,9.47028927513,10,
6183,852.116640221,39.4194213,1696241.66969,4.46405091071,10,
6184,852.358714276,752.77692,89600.422489,11.9257759863,10,
6187,854.583350251,41.4520818,6937765.82528,5.36446637708,1.0,[M+NH4]+
6188,857.472728069,702.53175,1088381.0804,1.5443134089,10,
6191,858.99336487,541.531164,18498536.6457,7.0830417704,10,
6193,860.666418558,40.320159,1872762.56432,3.14543906082,10,
6231,890.722624483,35.332071,266866.7697,9.15723558792,1.0,[M+H]+
6199,865.405564244,633.73002,954011.956161,2.83670041349,10,
6205,868.738957347,36.0976968,401260.681816,9.82684339798,10,
6202,866.980546102,541.342308,15193443.41,9.79393328034,10,
6204,867.987512716,41.1083904,1101832.661,8.50879538144,10,
6228,888.137737086,39.1064865,102549701.28,1.99510778532,1.0,[M+H]+
6211,872.71756911,35.7689988,200201.132255,7.00304983332,10,
6220,882.394646751,170.625672,4162358.61178,2.42580448542,10,
6226,885.024580186,529.081431,32019821.0304,2.84473488343,10,
6227,885.977493087,466.454745,843828.279665,10.1133755176,10,
6233,891.800957338,467.437062,892240.20231,8.83483818131,10,
6234,892.0785256,39.2630478,576690.057255,8.89094272151,10,
6236,893.137592577,38.8861998,1482714.94721,10.2622743984,10,
6237,894.504734616,655.20573,2722990.33227,3.52797620783,10,
6238,895.055514127,39.3820428,7996654.95837,1.39027806971,10,
6240,896.057091004,39.1996908,4104672.816,2.65346061014,10,
6241,897.055438253,39.2591034,2930721.72479,3.26723536887,10,
6242,898.550695782,317.065218,597129.873235,5.51269617731,10,
6244,901.481296304,732.52602,891558.307479,4.43953478842,10,
6245,903.332316273,908.24796,698107.982317,13.9282305555,10,
6246,905.153791314,38.441052,940529.07523,5.588287087,10,
6296,950.738152449,140.05194,435877.02321,12.7312252616,1.0,[M+NH4]+
6249,906.14830547,40.2587499,11674803.8328,7.08121008065,10,
6250,906.258829452,36.2851431,6965304.94514,10.4271356392,10,
6251,906.780657779,472.67289,18852103.3718,3.8805251341,10,
6326,980.277717786,36.3783537,1673996.0689,13.7329033863,1.0,[M+H]+
6258,910.148462995,40.1973408,405934.043406,12.0557128192,10,
6262,917.136797111,168.017004,2986227.62552,12.5201008685,10,
6263,920.163754099,39.6946656,1268651.97392,3.57219788427,10,
6264,920.311053261,36.4750923,1498932.44882,13.6529032465,10,
6265,921.31171769,36.3783537,1348816.80519,13.3205199695,10,
6266,921.759079808,475.439568,50660705.4631,2.08864092609,10,
6268,924.51530479,662.81991,1572489.68334,1.58358945212,10,
6269,924.752769713,475.410783,60168055.3691,2.10302708365,10,
6314,967.027546784,528.721392,27799323.3352,9.96414546252,1.0,[M+H]+
6273,925.758237569,474.982122,11056460.1547,2.86614182853,10,
6276,929.164612725,40.451067,1850177.95761,13.5649786469,10,
6279,934.179726731,40.4807064,1461937.7131,13.5778417145,10,
6280,934.639773909,35.6465199,1929488.10011,4.89398896706,2.0,[M+K]+
6283,938.029272051,40.0448529,4098862.82288,8.06307209999,10,
6288,943.423013064,976.6842,176269.897438,6.23838646144,10,
6292,948.10453432,39.0073224,27474563.2845,3.14758277508,10,
6294,950.103762958,39.171684,13164779.0628,3.78754193786,10,
6297,951.10467936,39.0445131,5325220.29196,5.72719932038,10,
6298,952.085304327,41.7051846,1417795.71657,12.5014929033,10,
6323,971.637987241,35.9044458,242278.309051,9.90921833173,1.0,[M+H]+
6302,955.01724194,55.3156002,1403798.97837,13.2269555303,10,
6304,962.120242027,38.57157,1762100.48559,2.37953757509,1.0,[M+NH4]+
6307,963.564627511,42.2019006,512044.916271,7.18848200758,10,
6311,966.100503338,37.8456804,4707932.13651,6.82034333401,10,
6312,966.11320104,40.451067,7903201.27077,12.2837428388,10,
6313,966.525815367,529.204332,66535175.6245,7.01468899081,1.0,[M+H]+
6316,967.1161158,40.385613,4139071.06925,10.8886382165,10,
6317,968.065225901,522.790986,5060576.05236,10.2410938401,1.0,[M+NH4]+
6319,969.112298703,40.0448529,3191020.64761,2.85627708875,10,
6320,969.623892116,36.088866,272968.699493,10.0836595604,10,
6324,974.034942076,39.1996908,283143.594145,5.22771925304,10,
6325,980.130573513,39.3579516,629274.670219,7.82625042824,10,
6328,982.27680123,36.3475896,1249622.69678,10.9554899072,1.0,[M+NH4]+
6330,987.664542207,53.7581703,1492860.85491,7.92764626058,10,
6331,990.060817904,37.6532187,2507611.17485,4.76676351879,10,
6334,992.744782552,41.6499018,535187.908589,5.50211981938,10,
6335,993.060735666,37.2468138,319983.292419,5.77372709567,10,
6336,994.054632957,55.1963418,522940.076358,7.95469424867,10,
