peakID,mz,rt,maxMeanIntensity,RSD,bestScore,bestAdduct
1,102.038008617,360.233943,17332625.6018,11.0444670944,10,
269,148.043148981,600.002925,4788513.42929,6.03890040598,1.0,[M+H]+
3,102.103356223,136.864875,1492624.54101,3.87316325107,10,
84,120.081444131,280.000509,3778380889.38,5.27476729955,1.0,[M+NH4]+
309,152.116942061,2058.27918,851682.749163,4.06299467654,1.0,[M+NH4]+
6,103.087410499,496.832796,67099226.7401,4.28608671009,2.0,[M+Na]+
604,184.028189178,581.870097,815669.017897,0.292666094593,2.0,[M+Na]+
292,150.058893066,359.911257,420205169.82,3.25961915228,1.0,[M+H]+
398,162.113050244,460.117533,2351981.51558,3.40859257667,1.0,[M+H]+
10,104.071517024,581.36229,37355414.6544,3.23258602009,2.0,[M+H+NH4]2+
11,104.107913833,389.194701,9678566054.75,2.23858991395,1.0,[M+H]+
12,104.993006598,474.241629,3269803205.21,2.86483949083,10,
13,105.103061667,1511.14749,28796877.654,1.93855927633,10,
15,106.050721501,568.268127,76942062.174,2.89178574192,10,
16,106.074076872,108.736854,91337.2972462,12.7824760329,10,
18,106.075692187,581.234742,103914.812597,8.96445538713,10,
19,107.049844755,280.02993,14405487.6994,4.22151723416,1.0,[M+H]+
293,150.058760799,79.817481,161289919.538,1.3049064204,1.0,[M+H]+
21,110.024420065,559.448994,653966.848658,6.63356304544,10,
22,110.035548883,170.178426,41064040.9577,3.9925442647,10,
23,110.027738929,507.451305,4746815.1315,3.3515947821,10,
24,110.072056252,682.48122,133770203.819,11.3210613537,10,
25,111.056043201,681.26325,153582608.989,3.2552964461,10,
1098,229.118770128,754.8135,35653030.4067,14.3140104044,1.0,[M+H]+
27,111.092292848,61.054353,28701263.5593,5.96299963157,10,
28,111.537402207,77.154672,2705145.68945,3.74032152045,10,
1522,258.109385064,109.860231,47274147.0715,1.73197476857,1.0,[M+H]+
1301,244.093589018,229.284693,669455347.6,3.15404336118,1.0,[M+H]+
427,164.967990494,27.9242358,942014.563367,13.5855541257,1.0,[M+NH4]+
32,113.030038441,519.839478,5052392.49735,10.7025796163,10,
1075,227.175863776,54.6323829,3239090992.03,3.57159656192,1.0,[M+H]+
35,114.893331703,442.526133,3610077.58105,10.0709968726,10,
36,114.893236466,426.70854,4205666.87201,6.29842130706,10,
37,115.054797597,281.904858,10217854.3491,7.79770489302,10,
38,115.050783892,64.218144,1076670.38021,14.9617682615,10,
39,115.054842258,39.4715508,873459.440098,10.99222749,10,
40,115.087282042,88.8813,82015052.3613,2.00122298075,10,
41,115.087318158,329.642634,67637524.8572,4.41692414498,10,
42,115.131773354,157.239696,406160.237992,6.14355843472,10,
43,116.001699506,36.0878112,884355.014579,4.72771111651,10,
1768,269.123614361,65.087892,9301295.35837,2.27252913449,1.0,[M+NH4]+
45,116.047716941,415.749354,7840141.28772,1.58235901828,10,
46,116.071494621,452.569629,557032493.081,1.90754872516,10,
517,175.11949829,894.3276,14357871532.8,13.7346704179,1.0,[M+H]+
50,116.107690115,225.140889,92508655.09,3.63299675218,10,
51,117.048825321,377.274594,558091.976267,11.401606309,10,
52,117.057885839,281.585511,18385218.3263,6.57525298768,10,
53,117.055252352,654.27792,162611.493677,5.01472182358,10,
54,117.071524906,452.569629,9246525.90721,160.246882316,10,
55,117.070467306,79.22343,25530616.5829,2.09236132486,10,
3784,388.343306301,71.506275,1141027.59633,5.03703177747,2.0,[M+Na]+
57,118.032839265,361.035702,1649991.0783,14.6133335845,10,
58,118.045699954,505.875933,2976203.42796,5.37073619753,10,
591,182.081700641,396.122103,1437976453.29,1.3043278458,1.0,[M+H]+
60,118.065784285,281.103129,439030740.669,4.83791579092,10,
61,118.06577043,162.040416,47029001.836,0.809878735526,10,
905,213.06731107,79.817481,2453274.81378,7.10316993295,1.0,[M+H]+
63,118.087022455,401.212956,3260301650.61,2.69877640588,1.0,[M+H]+
516,175.108414825,552.797331,43253510.2274,3.10840094342,2.0,[M+Na]+
65,118.123347036,295.701912,66005148.9746,1.31440795591,10,
66,119.016551303,398.910078,2877228.97016,7.17222470749,10,
67,119.035813301,170.214369,38328144.7328,12.5771704268,10,
71,119.082181748,142.304784,2751542.03903,3.39252271487,10,
73,119.120418016,295.697346,79580.1424715,6.52919860337,10,
1463,254.111922593,544.390635,6363270.96311,1.48471398148,1.0,[M+NH4]+
1763,269.088665219,169.866555,2728373081.9,2.5194353363,1.0,[M+H]+
78,120.066184326,619.67556,85064322.1238,2.12083184471,10,
79,120.066170384,520.006659,166023447.454,0.966290558275,10,
81,120.081360555,90.45966,178070870.557,2.18121113088,1.0,[M+NH4]+
1196,237.124114225,182.447352,560580644.33,1.07927534685,1.0,[M+H]+
1436,252.142811125,53.3819574,27915941.3013,3.30087282503,2.0,[M+Na]+
85,120.08139698,104.920878,114463407.468,2.18557725811,10,
86,121.028946429,53.4120339,5953235.37757,8.38027313492,10,
87,121.040274023,99.201222,14259045.956,3.71656172486,2.0,[M+Na]+
88,121.069498983,619.67556,3445515.2345,2.43995494336,10,
877,209.129252039,239.563128,392655957.082,3.24514623564,1.0,[M+H]+
91,121.065332406,53.5386441,12360780.2058,1.67225046367,10,
92,121.065410106,162.040416,282715777.04,3.1932961455,1.0,[M+H]+
573,180.175111328,69.616908,688513863.865,1.46946073238,1.0,[M+NH4]+
1948,279.138515909,519.052788,1182605.59209,2.29616823037,1.0,[M+H]+
98,122.088039942,279.830316,11737440.4903,3.61831707484,10,
100,123.032478971,78.876042,873077.835268,8.30501585554,10,
3903,398.150254007,55.2545634,1944159.32436,2.61155456258,1.0,[M+NH4]+
926,216.06380988,613.66326,443442893.269,0.608252065524,1.0,[M+H]+
105,124.039909229,180.071556,57133847.2307,2.2640545228,10,
1983,281.09964111,155.791218,20914043.1463,1.5637456022,2.0,[M+K]+
108,124.087504871,681.51585,38758610.9834,7.06311379014,10,
109,124.897835947,71.348406,476375.107743,5.18954249846,10,
987,221.019000754,647.28162,30597286.2663,0.853001648861,2.0,[M+Na]+
111,125.04322072,180.533418,3425980.97652,2.42315663435,10,
112,125.938423673,450.242394,27559597.1287,1.31398886904,10,
113,126.022517899,408.499911,22626268.4842,2.0054425729,1.0,[M+H]+
410,164.029825503,519.986853,45293835.3342,6.05220559837,2.0,[M+Na]+
115,126.066672668,168.187128,41870979.4478,2.06927090434,10,
389,161.129084573,1067.77443,232895557.411,9.39233479631,1.0,[M+NH4]+
117,126.895759342,71.729352,478654.19723,10.6662416891,10,
118,127.025915976,408.595026,358489.681155,6.61561301076,10,
119,127.073252479,108.100992,19163037.1291,2.39900771154,10,
120,127.087104372,169.554618,40588701.1019,6.7679168392,10,
245,145.097628703,277.028391,55322941.4981,2.40208391615,1.0,[M+H]+
122,127.08701185,55.5658734,82184166.324,7.89365055016,1.0,[M+H]+
1298,244.07984789,309.311766,8568614.03029,8.21686198899,2.0,[M+Na]+
375,160.133739564,282.500298,6226751.92794,2.40734728972,1.0,[M+NH4]+
126,127.935795756,450.275577,11500274.7901,3.66230895699,10,
128,128.016949062,73.396143,748405.514081,7.72591414796,10,
129,128.028300138,115.310385,8154930.28457,2.35585230892,10,
131,128.101667411,301.169055,20053852.5188,2.23294094037,10,
1409,250.166997104,87.295809,560675.306027,8.17940853109,2.0,[M+K]+
133,128.95391812,466.163235,25532336.4586,3.64154783276,10,
1073,227.133236067,153.969894,1221482.16689,1.65389672161,1.0,[M+H]+
135,129.10288844,273.498036,332474130.863,2.02664843519,10,
136,129.102817077,318.02082,27872436.1835,2.31856878411,10,
138,129.139223337,1102.70526,6726852.61488,10.7664702954,10,
140,130.050331126,616.49145,118863388.77,4.56016337196,10,
262,147.076916392,560.75841,1838328125.58,1.51532652243,1.0,[M+H]+
142,130.065629026,40.691916,17479091.4848,8.3164767154,10,
266,147.113264438,944.44887,1190796571.68,10.4968185773,1.0,[M+H]+
2592,314.114166593,893.60001,28651167.3626,6.55973858018,2.0,[M+K]+
145,130.098085499,370.928577,2533252752.8,4.30218566354,10,
520,175.14474759,1100.63205,68123247.284,7.20488613352,1.0,[M+NH4]+
147,130.159456648,76.059996,199587907.463,1.62989271582,10,
273,148.06084784,616.49145,750153594.452,4.18696319477,1.0,[M+NH4]+
149,131.04555715,557.640006,48113.2082932,9.04438511567,10,
150,131.049593281,280.170702,27904899.289,4.74291013546,10,
151,131.064252006,136.229322,2667810.53804,4.25604993185,10,
152,131.081991501,506.793438,11610860.9168,5.52203098888,10,
154,131.108153682,273.366975,511925.466793,10.0491038027,10,
155,131.118467451,459.612336,17974104.9819,6.23974088391,1.0,[M+NH4]+
156,132.021547397,416.00661,3322315.59256,5.81852295499,10,
367,160.056151884,503.331513,168285.588987,11.6298981139,1.0,[M+H]+
160,132.081199824,281.875491,69732038.1252,2.24830463425,10,
161,132.088478167,380.204562,213699.550871,2.74454842676,10,
162,132.102546912,309.776757,4665087996.07,3.75010171923,10,
163,132.102542319,338.463465,1679796071.73,3.59953155495,10,
164,132.113559943,562.226898,7730336.2615,1.89673849893,10,
167,133.061198939,616.73121,23592444.8831,4.36491172749,1.0,[M+H]+
1437,252.171471237,575.424696,2796705.62273,1.753836832,1.0,[M+H]+
169,133.072535628,130.210854,697355.10304,3.43730597826,10,
170,133.076618552,415.707294,3489859.18537,4.91462190583,10,
172,133.097601112,942.16599,43080148.7896,14.7947045187,10,
174,133.105695912,338.463465,112435933.088,4.03147169508,10,
175,133.105761551,226.638534,34988771.4394,5.03396369851,10,
176,134.019301684,506.348253,87713094.4928,3.0074874112,2.0,[M+Na]+
178,134.033005387,140.865594,906888.588634,1.61119077566,10,
180,134.081669667,639.90576,8685439.22848,3.05221106516,10,
181,134.081683267,534.585135,4374789.54352,0.22761874589,10,
182,134.106571442,338.597526,6640727.53462,4.68260286031,10,
2312,298.115640619,127.02144,30215374.1438,1.85198167904,1.0,[M+NH4]+
185,135.085023226,581.489838,39845.3284986,12.9586500803,10,
186,135.977638359,544.518198,2475753.9205,4.53221251786,10,
187,136.014649216,431.284761,3554356.21808,3.18062963014,10,
188,136.014589868,354.167058,2038206.14642,4.83750754776,10,
189,136.062239946,99.872808,90829052.9744,3.74687357566,2.0,[M+Na]+
190,136.062307126,86.181126,190318790.942,2.09751061414,10,
191,136.06200215,57.4385424,31722674.812,3.50719489134,10,
193,136.076237979,248.82978,43912180.7821,4.93717096792,10,
194,136.089552015,146.822007,555573.465634,2.53864902597,10,
195,136.940583168,435.816672,3154329123.4,1.96429115783,10,
2549,311.14723646,116.425815,8128393.80816,4.44892189339,1.0,[M+NH4]+
198,137.060057828,396.110796,9682068.92936,4.59115450789,1.0,[M+NH4]+
199,137.132815763,76.216371,5915523.02795,3.31891189939,10,
5825,579.385570904,38.6262885,1533651.46779,2.28248136032,2.0,[M+K]+
204,138.055495689,415.749354,2254425808.89,1.10062871994,1.0,[M+H]+
207,139.052950594,415.749354,7167839.99503,1.72097182462,10,
208,139.050683578,352.738743,16355235.9759,1.24755921502,10,
210,139.094522338,506.163822,155836.455952,6.02214762956,10,
211,139.123233873,58.6830486,36007861.4272,2.85358993789,10,
212,139.915186882,28.2922476,7749526.18026,3.45021568437,10,
214,140.011143183,509.335038,5006724.4274,1.58705197523,10,
217,140.871589105,71.033091,2203683.46623,6.17680094618,10,
1009,222.824174155,448.915653,3308471.22004,11.720888066,2.0,[M+K]+
220,141.014476554,509.980908,50093.5786196,12.3836195729,10,
222,141.102638256,314.414673,72048810.6776,7.56135568797,10,
223,141.113859714,166.434564,24458955.6743,1.19699850111,10,
224,141.113936194,884.62536,14741158.2675,8.15206931148,10,
2625,316.140052398,40.9748337,2811422.94245,2.85985582104,1.0,[M+NH4]+
227,142.086822491,141.99978,18328180.2252,2.51757127793,10,
1291,243.958603553,71.033091,3590171.98174,2.69339587428,1.0,[M+NH4]+
229,142.875714174,450.887028,742559.860142,7.16038059788,10,
231,143.118527233,1067.64078,30539845.4625,10.4909780918,10,
232,143.129552653,884.72856,415435.045298,7.14812664604,10,
1381,248.124673111,520.61472,7220836.03531,3.26001700341,2.0,[M+Na]+
234,144.081234964,281.137374,344215608.887,2.58152277969,10,
236,144.113577127,901.84788,13807366.1079,12.0944522789,10,
237,144.113651254,884.89413,48383146.0962,10.3158105407,1.0,[M+NH4]+
238,144.113615893,155.606082,189214.368382,2.93331977941,10,
658,189.160423609,1108.71699,683326388.753,3.76237382065,1.0,[M+NH4]+
241,144.175106524,77.467497,507597651.7,2.62729852834,10,
242,145.043389385,73.396143,1703071.21299,3.52161211918,10,
814,204.123756021,499.81941,1985528352.21,2.03163021665,1.0,[M+H]+
1526,258.145775889,635.42343,10140127.8586,1.34373450111,2.0,[M+Na]+
247,145.142141448,1109.18964,5098599.17008,8.30708638874,10,
248,146.019221041,472.215822,1686279429.85,1.94939082989,10,
402,163.061927622,545.940813,36072860.8498,6.34535257223,1.0,[M+NH4]+
252,146.064741131,631.93968,24538.6751698,6.21655718714,10,
404,163.108293326,623.58858,94282736.5209,2.77613044922,1.0,[M+NH4]+
255,146.117991667,173.464848,526922475.613,7.52900546476,10,
256,146.11802521,674.38596,7849923799.26,2.53214110258,10,
257,146.117969158,40.9749042,3756889.83545,3.72770276785,10,
258,146.129358198,1256.90223,8436304.38208,4.38174973353,10,
1276,243.053725416,282.074622,20924370.0053,2.93192529511,2.0,[M+K]+
265,147.118031399,387.145533,6064948.17574,5.75134279871,10,
267,148.004335925,408.404892,643870.148708,8.95866124366,10,
271,148.043175741,360.067029,8239484.69202,5.90107642837,10,
272,148.043102666,505.905555,12589010.5915,5.18110783263,10,
274,148.073912535,560.915781,12561861.5161,1.8710507003,10,
275,148.080201206,608.48406,924847.4122,3.24560449008,10,
276,148.124613598,674.54148,14481063.4992,5.25307244748,10,
277,148.114347386,387.609723,24654319.7519,4.84453942609,10,
279,149.019069474,237.604569,6022162.03975,14.3104421449,10,
280,149.046798236,600.31236,178201.237581,6.39570650627,10,
281,149.038315806,463.901214,498455.309062,14.0890702744,2.0,[M+Na]+
284,149.064210799,616.6482,39461712.7046,4.73323029049,1.0,[M+NH4]+
285,149.081062493,560.868921,10173236.5691,0.799984856447,10,
287,149.125760731,674.47614,2606598.83641,2.05699359315,10,
2187,291.113024876,141.337026,426241.52071,8.57063235818,1.0,[M+NH4]+
290,150.039385895,600.25074,154696.90477,6.10398134061,10,
294,150.078129263,260.938806,177261937.9,3.00634617786,10,
3369,361.188392196,196.913139,15944046.2777,3.02908455531,1.0,[M+NH4]+
296,150.113041443,2058.27918,188677470.93,2.13123640263,10,
900,212.064784931,560.019978,20022797.4357,1.70666881101,1.0,[M+NH4]+
298,151.062120334,359.921442,7526918.79632,138.13329728,10,
299,151.110080038,2058.27918,608411.107236,1.35944439919,2.0,[M+Na]+
300,152.032288818,560.963031,5347037.32488,2.39863790265,10,
301,152.054524366,79.884444,3559758.99247,102.561331555,10,
2312,298.115640619,127.02144,30215374.1438,1.85198167904,1.0,[M+H]+
303,152.057212503,183.546648,16955189.9319,2.46116555818,10,
305,152.057072954,518.247231,486293.911737,10.4058272022,10,
308,152.070982263,415.407348,4009871.3826,3.44023994374,10,
310,153.041220037,354.418737,46102035.5289,1.49036356923,10,
312,153.090726363,2058.80103,1812230.00729,3.2519914367,10,
313,153.127858173,38.3107911,2041543.69926,1.33972243625,10,
314,153.991380918,507.293175,924384.802813,5.48820638983,10,
315,154.027106539,452.707272,184581.838478,6.89349903159,10,
316,154.069657002,72.642843,545774.718678,5.7690143012,10,
317,154.097974209,93.976458,47573393.0643,1.02300461361,2.0,[M+K]+
318,154.15940575,77.154672,414743231.17,2.46572720909,10,
1352,247.058499395,509.365665,53686836.8416,1.68738742436,1.0,[M+H]+
320,155.027930653,271.20612,2986725.33254,3.68573900435,10,
1647,264.120010833,574.004664,2862679.5709,4.68855738828,1.0,[M+NH4]+
322,155.05441893,130.214235,5327981.67528,2.55066313108,2.0,[M+Na]+
2411,303.178313134,506.033436,4685858.84744,3.90099540169,1.0,[M+NH4]+
2108,287.11800963,507.293175,12943185.0606,1.99753607821,1.0,[M+NH4]+
326,155.129505956,900.01719,12026684.2133,11.580368014,10,
327,155.143473395,37.6776705,3377434.6859,1.43130252968,10,
331,156.059444692,39.7237212,1626095.96341,5.88967466164,10,
332,156.077306022,682.80147,703765540.935,9.88777933078,10,
334,156.175161317,42.0709005,17666633.7861,5.32769864155,10,
1434,252.134866954,72.610086,5340003.41448,5.04438183515,2.0,[M+K]+
337,156.990323508,626.22321,88204.1811894,6.51093030384,2.0,[M+Na]+
1898,277.050407636,415.418676,4461861.22841,8.83466427118,2.0,[M+K]+
340,157.074347919,682.74216,7033343.7363,12.1077654144,10,
341,157.074472188,700.99464,3860418.71567,5.83719032749,10,
342,157.076490349,281.918307,23389468.3718,1.65644763997,10,
345,158.013020517,1507.19778,63420165.497,11.0796262184,10,
347,158.075205349,87.169512,7527394.6176,1.80012428225,10,
519,175.144750511,1064.48976,29460633.826,6.92691379914,1.0,[M+NH4]+
350,158.129324192,879.52065,59531771.2749,11.7704104772,10,
351,158.129250032,899.79759,71452490.5226,9.9295433453,10,
353,158.843589102,71.033091,5086147.20165,2.03485488203,10,
1081,228.058239188,77.184381,1473737.47822,2.52977573627,2.0,[M+Na]+
1813,272.111288445,106.986315,9528972.42477,3.95780072529,1.0,[M+NH4]+
357,159.027914709,170.190246,16785633.22,2.1185482089,10,
358,159.059203854,411.487764,278761.94321,8.38584615133,10,
513,175.045942297,506.348253,8772486.60262,5.27805115884,2.0,[M+K]+
539,177.087460179,591.687345,31554089.4245,0.851517444497,1.0,[M+H]+
361,159.09556662,83.016228,3985371.15472,1.92643806957,10,
364,159.113152018,61.337589,33051907.2339,1.86782701846,10,
368,160.062198043,169.9275,19919835.657,2.21817490391,10,
1557,260.053792215,279.248691,50961219.9659,2.80597270023,2.0,[M+K]+
372,160.108525062,133.375338,13414773.073,2.16361187525,10,
373,160.116508344,61.49415,2065845.00055,4.70560827979,10,
374,160.133768418,700.21077,50357170.0551,3.73250454705,2.0,[M+Na]+
2016,282.863808947,447.302235,11741749.7069,4.88460757666,2.0,[M+K]+
378,161.030470164,544.55169,699633.298818,5.36549621708,10,
380,161.074924489,449.620587,153724.917711,4.9343684607,10,
381,161.092485892,616.79625,5865305.51052,7.29445753936,10,
383,161.092661691,547.667862,54449587.9496,1.33003732971,1.0,[M+H]+
384,161.092713935,601.00836,1861402.9082,6.04911650476,10,
385,161.092622895,667.64184,1042235.9329,11.5647248515,10,
386,161.092479897,650.93568,4035789.49045,9.23572481418,10,
1771,269.161622657,544.067202,13291694.1225,3.21676191374,1.0,[M+NH4]+
390,161.129096558,1034.65725,34659040.1377,13.6700996074,10,
391,161.13295147,38.4685446,11713815.9303,3.41939237244,10,
392,161.129088214,993.14475,32220344.3097,13.6821632976,10,
2223,293.223063023,288.308634,2534078.15857,1.37942574499,2.0,[M+Na]+
395,162.07663571,639.90576,14560996.7205,4.36460130869,10,
931,216.150298597,85.383066,18204364.0302,1.51200496624,1.0,[M+H]+
397,162.112984074,594.530832,5511838708.69,1.81252508563,1.0,[M+H]+
399,162.112938874,618.47037,456322479.383,0.672745310232,10,
403,163.071823749,562.544583,9461704.17029,2.01291008813,10,
406,163.116160503,617.12259,25836154.8415,12.1901585588,10,
407,163.148574547,37.9944864,26384342.0537,3.48844427716,10,
409,164.009006462,459.275154,8207902.90633,7.49608769234,10,
413,164.057242958,120.596667,61089410.0007,1.95030211406,1.0,[M+NH4]+
3509,369.151457653,631.96266,70020.0183356,9.54465617648,1.0,[M+H]+
416,164.074472763,41.2883316,1919482.62239,3.17022948368,10,
1680,266.036604413,1404.89112,237660434.076,13.8659745815,2.0,[M+K]+
418,164.0745371,283.1688,13409995.7002,1.89094131341,10,
1884,276.110136557,547.13175,6953753.55192,2.84259257164,1.0,[M+NH4]+
420,164.111629253,623.3496,1819702.2707,147.855256885,10,
422,164.117050993,594.630591,28302105.5262,2.54388225516,10,
423,164.128587894,430.358274,52421933.5289,2.50095356732,10,
424,164.120689071,83.621586,10970777.1923,0.337684652192,10,
426,164.9566084,92.867775,7764513.93673,1.73868899313,2.0,[M+Na]+
431,165.062546803,77.154672,2626256.88785,4.91678760042,10,
433,165.077547909,71.032452,281383.696235,3.33121582305,10,
1828,273.12147823,53.5386441,12666150.0365,11.5009129404,2.0,[M+Na]+
1073,227.133236067,153.969894,1221482.16689,1.65389672161,2.0,[M+Na]+
438,165.124040433,83.654973,804564.653593,4.07959926261,10,
439,165.127906859,39.7241508,1402099.48069,4.71550434476,10,
440,166.007199867,459.296472,522040.103672,5.62151290433,10,
3383,362.095850761,647.43768,5189604.48522,6.08045075475,1.0,[M+NH4]+
443,166.061591229,40.818021,482351.508727,10.9057390116,10,
444,166.054872461,2065.5009,9644396.15837,13.8507270843,10,
1622,263.096893212,93.502653,45427097.6786,2.15637298601,2.0,[M+K]+
449,166.117681471,83.461647,3527515.8832,1.5208974187,10,
769,200.220675146,74.370894,1349382.95704,7.72282295155,1.0,[M+NH4]+
451,166.167647744,37.35999,449872.108474,10.7470452946,10,
453,167.031991572,499.81941,19461012.2174,3.84888530623,10,
456,167.095151842,109.05861,1282687.80684,3.95255180501,10,
457,167.105628141,109.05861,1014653.4971,7.51208212823,10,
458,168.044225916,384.764667,18170765.9796,5.64646858289,1.0,[M+H]+
459,168.099691529,673.60107,4805210.55004,5.98556678592,10,
461,169.043360363,55.8780582,22312576.065,1.2398297813,1.0,[M+NH4]+
463,169.095316166,546.188511,77084739.5263,3.21573261691,10,
465,170.025127137,505.718436,3747391.54409,2.57103953322,10,
808,204.098532239,526.099053,16660688.487,2.33840312736,1.0,[M+NH4]+
468,170.045532777,585.184806,262478.23787,4.70467011165,10,
472,170.104271183,246.377094,3256584.09716,6.12901487081,10,
2538,310.212941631,71.349096,520589.416923,1.12950440353,2.0,[M+Na]+
476,171.063174459,506.535489,16534513.0446,2.07278270731,10,
478,171.065762109,421.897332,44078.942824,14.0383567806,10,
481,171.138425652,39.097545,2102712.28503,2.7747180603,10,
485,172.094900006,2063.51616,6056649.99958,3.36250090556,10,
486,172.170218241,267.892383,32976199.0493,1.26961632181,10,
487,172.189377559,82.027719,586647.838172,7.0099497086,10,
488,172.206366799,70.245402,19433281.8132,2.80548781968,10,
489,173.021441903,613.65327,2924191.65462,4.44486671085,10,
492,173.060363552,1512.56514,99118111.9151,2.74924765791,10,
663,190.082852243,661.05447,7328970.11183,0.716771228004,1.0,[M+H]+
494,173.056291013,559.757916,1032842.9331,3.60059710145,10,
495,173.078780474,57.4385424,18739591.2491,3.01195869132,10,
496,173.098158491,2063.2854,349032.125037,14.4751682204,10,
497,173.133011709,38.152542,4360943.50789,2.3820355146,10,
498,173.154145979,38.468052,524299.815855,11.2230486982,10,
500,173.165365607,160.117542,464893.920623,11.3056743474,10,
501,174.03923891,183.864465,1025087.02489,6.55938557167,10,
502,174.07666963,95.213502,17823659.3701,4.38823884167,10,
503,174.08783525,560.648598,27039715.5162,2.34808265245,10,
504,174.087796586,616.4925,20816422.1537,1.68599509195,10,
505,174.087870984,506.478702,10250764.048,5.04273711321,10,
506,174.082187412,57.280551,790087.699,10.3600002759,10,
507,174.105415481,273.809088,455647.327692,10.4955800463,10,
508,174.124352424,588.16893,41264995.6815,2.01309904384,10,
509,174.160730576,2066.8272,10586394.8975,13.2425187984,10,
2120,288.08540764,107.145501,5148319.96176,4.66522162445,1.0,[M+NH4]+
511,175.023103583,354.29025,514420.855057,2.48405289614,10,
512,175.04561454,88.914753,1377047.18956,7.14738046639,10,
515,175.086999632,50.0855901,45583932.2338,14.9384288441,10,
521,175.990169433,77.150805,1782891.79045,6.61752538751,10,
523,176.009068916,452.569629,50693536.5641,7.22021410452,10,
524,176.038262717,363.495735,224471.046362,8.23715411669,10,
525,176.066281345,311.879001,48797481.2059,12.7699800961,2.0,[M+Na]+
526,176.074565849,87.613368,6365798.30344,6.18744516123,10,
527,176.066341563,338.279844,45280672.1234,2.16539903057,10,
530,176.139839782,400.8267,15809154.5679,3.01459250182,1.0,[M+NH4]+
532,176.165131426,492.281142,149200478.859,14.207029475,10,
533,176.875768511,428.12391,49047391.9403,5.6202548975,10,
534,176.992806813,613.34568,597430.923557,6.74227903756,10,
537,177.033387695,502.97946,227619.393367,12.2034764072,10,
538,177.062463966,536.41737,1336575.7839,3.92472538485,1.0,[M+H]+
540,177.087546294,511.305912,9738243.38033,1.7602249606,10,
541,177.087496175,527.387856,39658602.3224,2.22673385865,1.0,[M+NH4]+
542,177.087436311,75.27744,3486742.63679,3.78446595877,10,
544,177.135021678,402.968064,3413293.4184,3.7412669442,10,
3110,345.076992911,575.044749,1691023.091,7.53747834171,2.0,[M+K]+
548,178.053901876,552.589524,209043.691375,4.37171795161,10,
551,178.106184621,374.641734,93772.6173262,6.71978877884,10,
2269,296.153535618,38.497869,6688760.66877,2.18804889485,1.0,[M+H]+
553,178.117564474,81.39252,542983.167357,6.75681503705,10,
554,178.134544697,118.670118,152708395.466,2.29597278479,10,
555,178.127349683,610.37619,484467.971488,2.79297955781,10,
556,178.144293515,277.342383,9794673.71955,2.62129774646,1.0,[M+NH4]+
557,178.135910953,78.406356,1671987.92978,9.05991209711,10,
558,178.873897902,441.732015,12536557.9295,3.33429915642,10,
560,179.037909114,552.367215,5833823.78819,3.18523066969,10,
561,179.074125349,653.98782,3866753.77056,1.75660632797,10,
562,179.085521608,118.546377,4912450.23296,2.08793499761,10,
565,179.129721931,140.537853,30612012.3941,11.2641003249,10,
567,179.98300377,458.619525,6908813.39851,7.40525754686,10,
569,180.041266737,552.44316,317952.97437,6.12220935909,10,
2846,329.150668809,121.565541,106290595.079,10.6587598589,1.0,[M+NH4]+
571,180.088386026,78.90993,13527753.9872,1.77090478242,10,
574,180.175040327,44.1256377,30030073.0762,3.79224398411,10,
577,181.02907033,1507.19778,6501295079.25,2.90898810505,10,
578,181.069934294,654.29505,114379.297247,2.5961837661,10,
579,181.08381628,566.385948,310941.585882,9.74437560281,10,
581,181.095007273,61.337589,7066581.94682,7.57599396808,10,
582,181.105655088,40.3488399,1065107.34692,3.57739876645,10,
583,181.145217599,160.757538,604816.294881,4.92044229474,10,
584,181.159169103,38.152542,5271784.78458,1.5792104931,10,
588,182.058365107,636.83067,837689.293402,3.09305943831,10,
2653,318.122476265,93.819342,3100780.73216,0.973086601515,1.0,[M+H]+
590,182.075305946,149.904738,946100.994649,3.05658296942,10,
951,218.092962675,54.4765092,16425550.6677,2.74128942971,1.0,[M+H]+
593,182.112220125,71.979528,3840177.52671,2.52357847925,10,
594,182.104261306,108.579612,1139365.53538,6.46173625064,10,
595,182.126228405,40.035909,705366.986838,4.71509887017,10,
596,182.165717196,312.939618,23801010.3482,1.20698147954,10,
598,182.888929837,448.612971,44834912.9201,4.84202341082,10,
599,183.005876805,499.661409,1914138.09725,10.5316152834,10,
1529,258.182143504,85.861944,5689503.29114,5.95256842937,1.0,[M+NH4]+
602,183.174872687,37.8364338,2431726.23625,1.22091766669,10,
603,183.892289582,448.22367,813422.782208,3.80194366374,10,
605,184.043355669,255.682602,1002301.64475,5.79453723173,10,
759,200.034696216,77.154672,24449440.9267,2.05399516595,2.0,[M+K]+
1523,258.110796533,647.59368,4779590817.49,0.702337520007,1.0,[M+H]+
609,184.079683935,319.936932,1982437.68964,1.96528157429,10,
610,184.068377872,77.310822,2404085.22801,0.969287603558,10,
981,220.118706467,331.982877,283327895.534,2.38242762379,1.0,[M+H]+
614,184.108571769,529.330038,9043578.96633,1.35169553185,10,
615,184.169992194,61.652394,15107874.5841,0.705113268924,10,
618,185.032947686,575.586948,10262054.6838,8.26506561231,10,
619,185.069290659,545.272314,8479879.20121,4.38784394391,10,
623,185.201643771,77.623932,31743153.0112,4.58749737989,10,
628,186.054707059,77.031813,2012133.65125,3.29716293432,10,
629,186.058835121,507.295869,1879788.36941,1.75205854482,10,
630,186.072707078,545.366577,466877.742475,4.61319265257,10,
631,186.099224991,273.009474,309689.204914,7.48759884585,10,
632,186.103279889,460.250472,71927.8573162,8.03938335118,10,
1240,240.232574748,64.776144,22638299.406,1.72524517755,2.0,[M+Na]+
636,187.037114187,506.660115,404628.556168,8.30302548562,10,
810,204.098664407,588.202062,3849033.19601,3.01468929164,1.0,[M+NH4]+
640,187.067366987,545.614944,550743.697319,9.30325893804,10,
641,187.097098652,315.325347,1103509.04446,5.90059509746,10,
642,187.097020123,39.8799699,3519577.87395,3.41164515222,10,
643,187.10822509,593.585271,25408120.2123,1.94835356624,10,
1052,226.024641577,277.542453,19356802.182,6.21645867668,2.0,[M+Na]+
1329,246.091441402,369.142521,16511605.7429,3.06903773633,1.0,[M+H]+
647,188.071106317,281.875371,2399955556.93,2.5206305368,10,
648,188.120459431,76.529055,4562675.96336,3.22320796282,10,
649,188.114712004,297.315768,1087802.62335,4.1957593223,2.0,[M+Na]+
650,188.139955216,567.065373,52339908.9395,2.732300783,10,
651,188.617744355,934.51368,725977.376925,7.33126791328,10,
652,189.052659204,57.4385424,5573449.50208,5.1088732153,10,
654,189.123843063,390.408948,81468508.9004,0.588301528496,1.0,[M+H]+
655,189.12394385,377.264658,43100538.7186,3.17622511977,1.0,[M+H]+
2472,306.166869656,424.812366,5539332.93119,1.77434260667,1.0,[M+H]+
2570,313.122276416,361.529058,830261.66325,3.13306987274,2.0,[M+K]+
659,190.013093568,183.557844,2452567.57099,5.94038085119,10,
664,190.082778326,559.705791,9275327.83017,1.79581912572,10,
665,190.119312822,578.152848,556629.253715,2.72820288895,10,
666,190.117580391,76.373052,1302015.24824,1.90828295669,10,
670,190.14437791,638.47506,11441409.4234,0.519067956895,10,
671,190.136066656,76.68549,63411087.5931,1.57766245808,10,
673,190.18070482,83.335344,9554499.37752,1.90629723352,10,
674,190.180689871,38.7842838,206436.888812,5.4479025856,10,
675,190.993359904,557.411631,113155.513072,13.6107473519,10,
679,191.103221795,542.772582,32094490.9203,0.806311879665,10,
2010,282.147416535,61.180653,1578302.54076,1.92364181011,1.0,[M+H]+
681,191.103231606,487.997169,12473029.5986,2.04056937853,10,
683,191.143560004,38.152542,3515373.96632,1.81738093455,10,
686,191.983027901,452.246193,104445301.76,6.65671289017,10,
687,192.024786224,617.43375,12065258.5944,5.69333806956,2.0,[M+Na]+
689,192.040282257,338.279844,25155686.3319,3.41350718159,10,
690,192.106522452,542.772582,2258672.82681,1.21207459601,10,
691,192.106689784,487.972674,842781.897002,5.3737789393,10,
695,192.19638107,38.7839118,287921.353181,10.7912252546,10,
696,192.999392854,457.214673,187815.959298,13.2094237262,10,
697,193.050166282,40.691916,1215639.60387,6.22151951449,10,
698,193.064845466,363.176676,317426.964402,3.51145246857,10,
699,193.082625294,571.870146,22135207.9512,3.00088524099,10,
702,193.981188041,452.246193,14945277.6742,6.44963333902,10,
1708,267.033985737,425.4708,2026773.82945,3.80414166375,1.0,[M+NH4]+
705,194.056842603,663.01662,360208.430199,2.87016546226,10,
706,194.067916095,354.174114,3787299.90217,6.28304343622,10,
707,194.067725676,69.616908,26924920.9982,4.42616788903,1.0,[M+H]+
710,194.158561978,39.4341699,5242878.28048,110.295361487,10,
712,195.003439736,613.66326,15465054.1574,1.38743790774,10,
713,195.094113672,37.9944864,1891818.95557,2.48760074344,10,
3316,358.202064531,79.346232,37799888.9085,1.90881776404,1.0,[M+NH4]+
715,195.123118003,56.6593617,99320635.32,1.58156064415,1.0,[M+H]+
717,195.186250158,121.306926,7883283.03479,3.43834226054,10,
719,196.047181027,152.732994,995311.510475,3.11779874617,10,
720,196.06460163,552.367215,18709837.9137,1.01594622078,10,
721,196.083607649,108.900426,4926510.62191,6.80540534885,10,
722,196.097645099,262.927998,29986229.7195,1.78228024148,10,
3814,391.136343692,416.038212,1329630.05984,3.37753387201,2.0,[M+K]+
725,196.189619808,121.557528,949767.66967,0.52577050771,1.0,[M+NH4]+
726,196.2064363,77.311182,61943521.5859,1.78448390252,10,
727,196.953208199,2066.12004,1178252.10631,11.3756492251,10,
728,197.021483929,431.141703,2334241.32573,2.74382489619,10,
730,197.069125257,61.400046,1959869.97894,10.8179220432,10,
731,197.065205788,83.619768,161435.839324,4.36193262938,10,
732,197.084751336,644.61864,5363971.55913,2.43990622098,10,
733,197.086996038,109.05861,246701.851187,11.970903602,10,
2014,282.191903309,82.027719,12548925.3977,1.5028610495,1.0,[M+NH4]+
736,197.109743884,36.5656842,3685647.51204,5.45592814699,10,
737,197.154230531,38.7835398,1929919.44696,0.666561939029,10,
3547,371.328012227,87.772059,10174236.3756,1.70791383743,1.0,[M+H]+
740,197.961341268,2069.07957,2515190.5791,4.96132740858,10,
741,197.973451565,145.849572,1635262.06021,10.8905490573,10,
742,198.011226384,143.601654,84033064.3758,1.91515035996,1.0,[M+NH4]+
744,198.070105741,89.705997,2326264.4604,2.95301495219,1.0,[M+NH4]+
745,198.06294804,195.463659,4328151.50481,3.24114178946,10,
746,198.08792509,276.585648,17124049.1441,2.30297140296,10,
747,198.087891352,40.9749042,2294215.29509,5.42139952401,10,
748,198.08973351,583.214592,5146249.83139,2.58402500009,1.0,[M+NH4]+
749,198.168805535,87.77313,2404866.67336,3.20755788338,10,
750,199.039691118,1507.21368,246098832.976,3.88948675177,10,
1072,227.114445437,754.61577,6992964146.43,14.3168626953,1.0,[M+H]+
756,199.106771387,36.4066794,1079964.70478,5.84397563802,10,
757,199.101858259,146.827386,778061.164363,11.9983004594,10,
758,199.169852705,38.6261679,3274566.68966,4.38338444987,10,
760,200.054878334,107.180442,1939637.38067,11.0956362016,10,
1156,234.109240826,533.966508,13481742.6847,0.996171527201,1.0,[M+NH4]+
1966,280.129998407,337.507401,50240731.9593,2.46560908682,1.0,[M+NH4]+
766,200.103569426,559.390986,21438074.2531,2.16059314825,10,
946,218.048960555,123.968898,34486670.7965,1.75818984774,1.0,[M+H]+
773,201.087610735,558.758928,9466800.57518,2.78951690966,10,
775,201.135214442,97.003818,3513779.00621,4.27982802275,10,
6159,616.56858386,37.6776705,3171354.64291,1.50617962943,1.0,[M+H]+
777,201.196875018,123.871788,630729.360639,2.99279669535,10,
781,202.065179343,452.888748,90472.2403581,3.61190185168,10,
2371,301.155567724,40.818021,4937577.59075,3.7088422512,1.0,[M+H]+
783,202.090997473,558.758928,745740.796449,4.16701098719,10,
3338,359.22979278,320.893254,79482823.8925,5.38971985757,2.0,[2M+H]+
785,202.101665229,195.9357,14757657.7573,8.42652545648,10,
787,202.13457079,115.668957,11307239.3464,0.305696927912,10,
788,202.130634882,873.24246,1192457.67517,13.7776044465,10,
790,202.155750447,578.236134,9322586.67067,5.0977832288,10,
791,202.180870806,124.158843,78417505.8274,1.68509729541,1.0,[M+NH4]+
792,202.188784828,38.152545,233552.145281,14.0829731731,10,
794,203.062880651,77.188185,3276689.89731,0.595370089729,10,
3625,377.168305423,603.39648,193587.753043,7.56095222507,1.0,[M+NH4]+
798,203.090100691,40.6612788,417505.061794,11.7096508588,10,
799,203.114444386,560.019978,20099233.896,2.3377151069,10,
800,203.139706514,382.791555,134313821.519,2.23130409728,1.0,[M+H]+
801,203.13974146,320.303133,317771291.795,1.76629403585,1.0,[M+H]+
802,203.139730144,564.14676,20575050.9397,1.95717442489,10,
803,203.150907773,943.24731,246421113.003,5.36537247981,10,
804,203.150892886,898.44552,2959563095.49,4.17684429122,10,
805,204.009971538,575.207565,2261800.40483,8.11314916961,10,
809,204.098522159,82.856604,482567.595578,5.49421719734,10,
812,204.113940191,109.697979,12274964.1784,4.40402947194,10,
813,204.113560675,58.3719264,4063956.76872,3.1208138216,10,
815,204.13490817,620.49849,6235027.02188,9.62834140122,10,
816,204.134912107,944.87436,11919833.9259,7.60256653783,1.0,[M+NH4]+
820,204.135050251,112.903899,37000616.8797,1.10069588232,1.0,[M+H]+
822,204.151895386,73.867206,949931.322415,1.1332284659,10,
823,205.040179381,77.154615,2207004.13837,5.68060687492,10,
824,205.038814046,57.4686228,5284681.21905,5.20682417975,10,
825,205.08325963,659.32569,7697410.43038,5.18278009722,10,
826,205.082698722,741.78258,838668.76955,7.65538729765,10,
2402,303.052063033,120.609054,875688.79116,1.33493112858,1.0,[M+H]+
1932,278.154325403,625.81095,3736911.00682,2.6812249101,1.0,[M+NH4]+
832,205.11889207,650.40462,1486287398.32,3.40409581329,10,
833,205.119016104,610.44156,478186431.82,5.17268077684,10,
835,205.118976663,682.86246,127184287.728,7.75306805823,10,
836,205.119062553,445.961028,30899519.5787,1.52974977388,10,
838,205.138400868,113.071656,2845902.90392,1.96287948442,10,
1013,223.075391749,640.51974,838179.601022,4.39943147549,1.0,[M+NH4]+
841,206.040729672,381.488568,133881.315596,8.66918605053,10,
842,206.04882965,82.660032,252989.502022,12.5708303237,10,
843,206.090575704,529.330038,1413668.08185,6.13351981761,10,
845,206.103063452,567.240948,4084474.39224,12.4363162803,1.0,[M+NH4]+
846,206.122240342,610.43043,39880435.9615,6.26917605015,10,
849,206.131147018,96.331314,163669.276601,12.7263895813,10,
851,206.965805896,422.14707,49143.0181677,12.408995231,10,
853,207.0359323,632.21172,449146.035555,8.64023398148,10,
854,207.080607679,449.786466,6501450.83736,10.7230918671,10,
855,207.098236206,97.160874,4194981.18706,4.05419907789,10,
856,207.098237447,529.654536,60498676.1376,1.98805159779,10,
857,207.104415132,282.03174,7210367.65601,4.12724966651,10,
860,207.159714487,40.1925264,2135637.88023,4.1651325593,10,
862,207.960555056,421.857312,209964.837759,4.14157392952,10,
864,208.014344054,338.780328,7708755.39242,6.29411207588,10,
865,208.014291977,312.9555,11717922.8375,1.3618130635,10,
4005,406.086439831,499.472415,1459356.49286,11.4540563169,2.0,[M+Na]+
3239,354.149023165,164.714772,1298554.7281,11.7787393361,2.0,[M+Na]+
869,208.106162404,561.07296,3199495.0104,3.00952205693,10,
871,208.112023326,80.446293,1828078.86948,7.25151775602,10,
872,208.207640935,389.499528,951102.19553,7.55755075459,10,
873,208.918913971,51.1838478,1280240.78643,11.506184139,10,
874,208.973312762,456.89724,322047.412872,12.4356773347,10,
875,209.02180737,423.84324,164774.391372,4.89587441753,10,
876,209.092665045,289.132767,8871179.37665,5.18681781375,10,
878,209.138620058,52.7540874,1948120.16786,7.60977577138,10,
4362,438.234864994,39.2545371,5070255.52952,2.36753179052,1.0,[M+NH4]+
881,209.178067907,38.152542,1521614.53758,5.43364517377,10,
882,209.184791791,80.795361,455629.896946,4.7286980412,10,
884,210.050684316,277.968753,20113219.4039,3.81475926888,10,
885,210.11069881,121.88472,3099726.67643,6.90724242108,10,
886,210.10740957,144.230634,894271.019431,5.30070867773,10,
888,210.131668814,501.0864,2693031.87264,2.73248500303,10,
889,210.135604652,96.488679,4925872.07766,2.33643034037,10,
890,210.143720773,82.822779,812650.920492,9.10876594102,10,
891,210.170484675,41.9443515,644645.363957,5.39154615854,10,
893,210.205100752,62.747835,427382.580159,9.99537451856,10,
894,210.998626815,624.65172,313234.605546,7.82747312015,10,
895,210.998698632,636.86184,343187.661414,3.67818450838,10,
897,211.105849501,81.710598,6399993.69131,5.7805373294,10,
898,211.119365616,73.553214,2060040.85893,6.97798234016,10,
1335,246.145450728,387.934338,63459655.4356,0.935201091456,1.0,[M+NH4]+
902,212.101124398,569.291046,908087.316769,2.0175515094,1.0,[M+H]+
904,212.140118032,459.29583,2494506.43069,0.705978582995,10,
907,213.06803701,661.39674,63657.8211337,3.6377893623,10,
909,213.976345287,546.268554,670737.023771,7.84998593137,10,
910,214.006611061,618.38424,1532132.95679,4.99446720915,10,
911,214.069294915,95.372688,3696537.49864,3.90270017518,10,
912,214.086983899,1512.45171,473790405.537,1.33271929236,10,
913,214.107784547,618.63,2288143.05187,12.1699616154,10,
914,214.136219591,69.459732,1528916.44413,1.11602865044,10,
915,214.180740577,39.8799699,5921331.06956,2.06046074957,10,
916,214.948795283,358.023336,566992.53154,4.96725444142,10,
918,215.120379527,37.8363003,505861.994318,10.4552565407,10,
919,215.129952796,147.147063,2442092.2588,1.36266531456,10,
920,215.139859396,576.560064,519043236.473,1.88132436757,10,
921,215.125936414,43.498206,3832325.46306,1.74380802766,10,
923,216.033386641,197.250201,5174978.65752,1.73623071062,10,
925,216.054916391,400.8267,4625558.08708,8.55896485166,10,
927,216.087427303,605.03916,163276.53278,6.68029687213,10,
4064,410.139859813,278.467206,6858947.08104,10.0774396325,1.0,[M+H]+
930,216.150246268,138.815376,8843874.78377,8.40172607647,10,
932,216.171295387,104.958264,2523368.57703,2.8025754293,10,
1349,246.193174189,400.780452,5498715.6364,2.49923147934,2.0,[M+H+CHOONa]+
934,217.035842017,452.569629,864563.251776,10.2911710298,10,
935,217.034118953,662.98836,1409909.65026,6.95022299376,10,
939,217.130343844,552.456582,8310125.36214,3.2926968908,10,
940,217.138525936,86.498994,1159191.60865,4.50352683418,10,
941,217.155358477,300.40707,115342308.175,4.04341364878,10,
942,217.153610681,139.096542,1218618.44676,11.7467965662,10,
1850,274.176802136,318.178332,19589381.3123,2.68240907832,2.0,[M+Na]+
945,217.153632283,85.606272,2515981.5358,4.76924068453,10,
947,218.044634187,78.87618,1461096.73607,3.29863958287,10,
948,218.067999757,613.5804,4924909.63508,0.651768682401,10,
950,218.086045397,533.918448,92037.6980924,12.3227649833,10,
952,218.092995113,282.031617,81533037.8599,1.98915932623,1.0,[M+NH4]+
953,218.119828913,610.35624,10093020.0001,147.976366417,10,
954,218.114273522,558.758928,31182246.365,1.63538157644,10,
1813,272.111288445,106.986315,9528972.42477,3.95780072529,2.0,[M+Na]+
957,218.150489645,900.33258,21676336.2991,3.12311469075,10,
959,218.158486774,280.229568,27223020.2302,1.57866946366,10,
960,218.212141041,38.3107911,1916839.39488,6.90779761775,10,
1935,278.952353608,443.944944,7942907.65431,2.15060775081,1.0,[M+H]+
962,218.943913236,425.772549,89768856.979,6.5220909485,2.0,[M+Na]+
963,219.013950726,77.154672,2334379.5593,7.00615448935,10,
964,219.035671802,90.298854,243698.725254,3.01248889121,10,
966,219.072390543,487.67961,13020021.711,1.6905421782,10,
967,219.098433565,634.73115,29063990.153,3.58169156439,1.0,[M+H]+
969,219.111507302,558.923748,293192.436984,7.38756274616,10,
970,219.11346673,40.818021,4055390.4793,1.85463568701,10,
971,219.134528067,387.452097,237640379.669,10.2844685695,10,
972,219.134348578,58.3719264,20590877.9631,0.532557835046,10,
973,219.134670302,371.162265,227891417.13,0.735488232015,1.0,[M+H]+
974,219.142645196,430.43889,2876595.10794,3.78135724026,10,
975,219.170835385,884.62536,103464.393191,10.4192705256,10,
976,219.975736177,458.89461,76683.9930944,9.72397213208,10,
980,220.106426518,585.216009,4014246.02559,8.82055527819,2.0,[M+Na]+
982,220.13782079,387.571335,22481413.0316,12.5674473396,10,
984,220.166304816,459.783657,58894.7926865,13.2457521436,10,
2894,332.894970233,435.776232,4276058375.99,1.03993107637,2.0,[M+K]+
989,221.030324738,513.218772,216006.477327,14.2845407838,10,
1868,275.13588332,603.75441,21232263.6395,2.37213765322,1.0,[M+H]+
6650,694.320833776,400.466637,2562227.59953,6.6639898602,1.0,[M+NH4]+
994,221.113710216,75.936888,9838230.56289,1.95132044249,10,
2635,317.070692889,487.67961,7835209.32925,2.75743045628,2.0,[M+K]+
996,221.151773942,38.8133604,866978.653202,8.54930433342,10,
997,221.186567665,399.874026,1450399372.53,0.906137292223,10,
998,221.201691662,65.711886,4548837.04287,5.39152345017,10,
545,178.007079644,452.569629,3490944.20975,7.61546462426,1.0,[M+H]+
1000,222.018541094,643.2909,626785.342272,133.416429063,10,
1001,222.020440827,137.821434,4273011.29928,1.55064710073,10,
1002,222.042630365,77.307366,1823892.57356,3.10182809819,10,
1003,222.096114705,40.661523,1357737.67953,4.8974553916,10,
1004,222.11303107,51.3709098,13284267.6324,2.35177727008,10,
1011,223.021185918,319.015707,6924156.44685,7.94190077735,10,
1012,223.028777727,547.910166,120524.727967,14.2648243393,10,
1234,240.096276208,569.010426,5699226.49976,5.80486398768,1.0,[M+NH4]+
1015,223.094486667,141.659721,1337947.41998,1.1695890137,10,
1016,223.091751086,325.399176,379161.467481,3.84216825929,10,
1017,223.108412519,374.649045,58772619.9442,1.58080218766,1.0,[M+H]+
1018,223.108340715,301.163685,41565918.4689,0.998643025525,10,
1725,267.134969536,189.458988,647375396.172,1.44622544133,1.0,[M+H]+
1698,266.161944894,544.261695,6062898.90979,1.74511851544,1.0,[M+NH4]+
1021,223.126132249,332.021748,194322.365067,1.96812865243,10,
1022,223.155813432,68.273508,16118206.2797,7.62251503975,10,
1023,223.181126806,40.6612788,2485593.95503,5.00621101012,10,
1024,223.954537289,452.407944,1424889.31648,8.95091538446,10,
1025,224.067347625,105.559764,715390.012068,12.5537225057,10,
1026,224.080163399,560.963031,1032153.21224,13.4442828827,10,
1027,224.092601236,158.37144,10482199.8826,1.80219422767,10,
1028,224.09554075,678.96561,4154907.85889,3.52336672001,10,
1029,224.088878743,204.4089,4614216.70719,5.96117271293,10,
2129,288.203908282,567.297945,177617800.751,13.2532365551,1.0,[M+NH4]+
3063,342.124330548,579.811791,198228.64196,10.4406538801,2.0,[M+K]+
1036,224.151350595,108.900426,7167655.9604,1.83353979248,10,
1037,224.186080533,40.0665405,910096.793315,5.81496602309,10,
1038,224.821735482,448.915653,1675295.60022,8.97286740972,10,
1039,224.892961054,51.0879756,2098059.83766,5.44890683844,10,
1041,225.030229395,126.573831,27705807.5405,2.71623119577,10,
1042,225.030039924,50.0855901,55720792.0681,3.27199627969,10,
1043,225.064063978,289.623132,103759.067188,13.0575682922,10,
1044,225.083765693,77.188197,9177809.89029,1.77511999503,10,
1046,225.121985352,564.848454,83521.379475,5.25239510785,10,
2600,314.23319858,167.382567,109643248.588,0.965522086516,1.0,[M+NH4]+
1272,242.284630853,64.309512,25908612.9204,12.8034414505,1.0,[M+NH4]+
2983,337.972775704,458.600664,498080.879957,12.3621239314,2.0,[M+Na]+
1053,226.038934254,616.79625,343055.326973,14.3649856606,10,
2262,296.052138817,637.83474,146240.456738,11.9362828175,2.0,[M+K]+
1056,226.08296983,115.951575,46222282.7456,0.949268009339,1.0,[M+H]+
1059,226.107875639,53.8531938,4897122.45089,5.40498017478,10,
1060,226.116921527,108.581427,6172107.7049,13.0606729987,10,
1062,226.126935703,332.453187,115125.90921,7.59445242457,10,
1063,226.130337992,79.8183,496322.98134,2.17167910733,10,
1064,226.138366044,167.995806,66486792.4504,1.28368067454,10,
1065,226.180762186,38.152545,23103272.3397,2.69259244803,10,
1066,227.058932381,100.476426,316062.973022,11.0841628056,10,
1313,245.096339108,272.877915,16876169.1467,6.60065637477,1.0,[M+H]+
1069,227.092089834,52.91022,6776418.15754,6.00850983233,10,
1071,227.101048573,104.288826,1445348.86517,2.81827447955,10,
1076,227.212419926,40.348536,1587510.23742,8.8445767306,10,
1077,227.92889832,458.110095,124347.117101,14.2190884178,10,
1078,228.022672206,639.53148,81523.949543,12.7315549963,10,
1079,228.027437042,653.98782,7573986.27497,7.5539208844,10,
1080,228.038707055,560.13024,10932678.9627,2.35706601948,10,
1082,228.038686916,661.28514,314460.026343,5.09210498369,10,
1084,228.098522747,151.216344,24775246.4061,1.92983257121,1.0,[M+NH4]+
1085,228.100263041,706.79418,24580007.3231,1.60052388576,1.0,[M+H]+
1086,228.098732703,627.77082,2371872.43088,1.34020464477,10,
1087,228.171509826,325.137858,1276872.03733,4.03596440465,10,
3468,367.249160173,39.403041,2512923.49748,6.60852479195,2.0,[M+Na]+
1090,228.26910938,62.30922,16355000.8518,1.54497909233,10,
1093,229.075183189,505.905555,1731941.96135,6.92239736433,10,
1662,265.063739871,2063.23821,479114.251436,1.86913409828,2.0,[M+H+KCl]+
1095,229.08005669,529.62267,1256944.3861,3.99160909123,1.0,[M+H]+
2404,303.079485203,628.1178,69747.5762648,9.67991047421,2.0,[M+K]+
1097,229.106813811,109.06512,392371.008031,7.80072778876,10,
1101,229.155499341,461.817459,87758708.161,7.40569861294,10,
1102,229.155308796,134.714214,68833101.1317,0.81484940529,10,
1105,229.228412818,322.17831,495921.910836,3.70960064082,10,
1106,229.272421529,62.592384,2275190.92105,3.84036050942,10,
1108,230.04312561,95.408016,2432747.90059,3.39948017329,10,
1109,230.06016789,354.174114,8302737.87914,2.58227482695,10,
1110,230.060011033,426.107916,1718723.18814,2.4738162282,10,
1111,230.079534962,603.39648,2127851.1851,1.32627054216,1.0,[M+H]+
1113,230.129543568,148.932117,2408624.87773,2.29039182412,10,
1114,230.139473942,421.548072,27149330.6035,0.522953115264,1.0,[M+NH4]+
1115,230.158543966,650.53368,58367850.8531,13.1453574187,10,
1117,230.212142214,40.3791675,1776163.39146,2.17721308187,10,
1118,230.248374295,76.059996,45862923.7438,3.17615546319,10,
1119,230.834608571,449.778657,2025557.71455,2.86169203545,10,
1120,231.027294442,626.25006,585856.523762,3.08502929398,10,
1122,231.113447917,415.749354,718894.494746,8.44401638987,10,
1123,231.117467279,655.65378,327482.038848,6.32887347604,10,
1125,231.170960734,173.308854,3948219712.74,14.4969081819,10,
1127,231.975713024,452.574324,383084.291406,14.5478615522,10,
1129,232.027927767,48.5174754,7630282.44561,5.6935608114,1.0,[M+H]+
1130,232.044206063,150.593742,3160167.32837,8.84562188172,10,
1131,232.129861653,441.629526,8189270.5219,1.1171541186,1.0,[M+H]+
1133,232.174437113,41.7575763,970478.322677,7.42729371847,1.0,[M+H]+
1134,232.227887171,86.818809,23289244.4507,2.53698010464,10,
3427,364.867213538,447.782037,3657512.22633,9.93646578885,1.0,[M+NH4]+
1764,269.088847744,354.386724,7587528.93074,0.945992043858,1.0,[M+H]+
1138,233.084962821,39.2545371,3361833.00644,4.05793289101,10,
1140,233.08807569,423.007749,78587.2777829,13.045892157,10,
1143,233.150448728,740.46324,19074781.3102,6.82291419309,10,
1144,233.150433313,570.770469,99578699.4979,2.00369554146,1.0,[M+NH4]+
1148,234.039316801,107.942805,1161142.30354,6.84206694483,10,
1151,234.043778705,39.8799699,443235.795901,14.6605938509,10,
3789,389.05738954,149.636121,7070960.93817,7.43480024123,2.0,[M+K]+
1153,234.051103938,126.700509,2887029.18501,3.44468762871,10,
1154,234.062473652,145.051764,1913952.72064,2.2029383325,10,
1155,234.109268361,619.02534,11864576.5795,0.802697122446,10,
4292,432.13925083,564.792504,834182.591525,8.27155992135,2.0,[M+Na]+
1158,234.145642178,794.85633,31158030.1197,2.35076920937,10,
1160,235.049780552,98.564355,937738.296759,6.97453688754,10,
1161,235.046696494,488.023788,1160759.7731,1.62721238243,10,
1162,235.067311093,542.609832,3418536.20161,7.49267883617,10,
1163,235.06733432,487.67961,10724794.0189,1.94278614922,10,
1413,251.043491888,137.502246,4194654.71784,0.733134756692,2.0,[M+K]+
1165,235.093064808,672.81576,15665302.7557,5.43668267657,10,
1166,235.119712686,83.495034,12350555.0219,10.1576883169,10,
3112,345.095443259,63.997515,7584680.02642,2.79141211126,2.0,[M+K]+
1171,236.023689025,415.576239,7782811.22967,7.70366886933,10,
4429,447.11510527,277.028391,467665.561397,13.5656110208,1.0,[M+NH4]+
1175,236.070415455,487.972674,630930.239598,9.61935747871,10,
1177,236.123081656,83.621205,1262031.05473,12.7090614356,10,
1179,236.132694786,62.968284,1341081.61092,4.69270674862,10,
1180,236.149930422,506.50575,560145266.176,1.98877441208,1.0,[M+H]+
3962,402.247052188,616.4904,966368.928626,5.2414802217,1.0,[M+NH4]+
1182,236.176473548,405.084603,794427.605059,8.52067998504,10,
1821,272.25886489,63.529203,356966399.239,0.214244187563,1.0,[M+H]+
1184,236.237612015,38.152545,4044073.82062,4.72351910503,10,
1189,237.025367907,527.376489,2436790.62334,4.86069764969,10,
1190,237.087736427,347.139036,4534053.28933,0.583044797419,10,
1191,237.087378687,383.524176,1378921.30104,4.86173506305,10,
1192,237.076424331,40.409799,1200861.05794,2.62727120812,10,
1193,237.09124751,605.12196,1368828.99536,1.77477256012,10,
1197,237.124012424,307.257222,107912489.514,1.40929609559,1.0,[M+H]+
1198,237.121697866,576.885567,5564459.80935,5.32745606461,10,
1199,237.145394904,1222.9821,185283637.525,8.82470071366,10,
4272,430.244571278,78.440058,5240206.46431,10.4329761208,1.0,[M+NH4]+
1203,237.196831392,40.9749042,2142519.69494,5.28393416996,10,
1204,237.208118744,150.561108,713943.938631,0.924364076781,10,
1208,238.075119505,459.772707,96042.2653318,7.04501516731,10,
1209,238.094174677,227.533068,41249288.7447,0.875830708522,10,
1212,238.125069527,576.845994,549044.563498,7.37600801107,10,
1215,238.130624771,150.399486,300128.506428,3.48553714593,10,
1216,238.127438779,41.288151,580855.369197,1.80045341522,10,
1218,238.155714702,559.390986,7560010.53673,3.02126623321,10,
1220,238.165344588,60.115542,723463.270788,10.576838708,10,
5351,534.209998376,39.4411689,1150703.83852,6.00036518996,2.0,[M+K]+
1224,239.038179778,28.9042248,648603.533063,3.50549149916,10,
1225,239.103194144,399.525834,12523449.0535,4.50135686072,10,
1226,239.103341651,466.446681,2080934.02228,1.79852048121,10,
1229,239.14927044,57.7498674,108532576.99,9.90779141483,10,
1235,240.090504536,594.695646,833651.974772,11.1715852215,10,
1236,240.096164324,608.48406,15222764.4087,8.40058773618,1.0,[M+H]+
1239,240.180922033,56.5031763,18354727.5277,7.90896563743,10,
3071,343.011626402,1508.11659,84312222.0193,12.5766607757,2.0,[M+K]+
1243,241.061267704,77.311182,16792303.8041,5.36420107089,10,
1247,241.093907984,757.58514,18778694.2501,1.28041905416,10,
3243,354.180125225,141.216738,7678802.83866,6.85884155935,1.0,[M+NH4]+
2870,331.198418525,415.77792,32791961.8021,3.09839310864,1.0,[M+NH4]+
1251,241.155215525,671.14788,304627807.081,1.49566465986,10,
1252,241.158901392,41.4451416,1174497.29584,7.71685226656,2.0,[M+H+NH4]2+
1253,241.264405314,72.295149,230253.076721,11.8897006949,10,
1258,242.040558907,415.407348,1233101.18695,13.5726865758,10,
1259,242.074948732,654.44163,224322.803435,11.1630393667,10,
1260,242.077853393,229.96413,23872578.9873,0.921958925824,10,
1262,242.075544285,568.730562,3027430.14815,3.39391543254,10,
1263,242.090937638,108.900426,7447880.05464,2.09854241508,10,
1264,242.091039069,621.66606,33807.6284776,8.90194910566,10,
1266,242.10062805,558.923748,187751.130292,9.89472947453,10,
1267,242.142366971,36.5656842,7763264.19291,1.52464770166,2.0,[M+K]+
1271,242.248061969,58.2790638,3134686.94934,8.81685965032,10,
1274,243.038683208,633.3477,852789.930399,8.9427373958,10,
1275,243.044785315,68.520486,2925304.06437,4.33232190675,10,
1277,243.061229614,265.560276,1275650.16045,4.21632880012,10,
1278,243.058039557,643.2258,102380.2397,7.90842274325,10,
1281,243.083050975,679.65474,109902.919133,13.9610784825,10,
1282,243.095944776,419.87295,187547.019958,5.51331151275,10,
1284,243.096090798,488.290554,978196.314878,4.08291022079,10,
1285,243.120983739,59.9291625,1104738.37905,5.20473587039,10,
1286,243.134663392,415.434042,8547676.64731,9.23087771394,10,
1289,243.184032258,386.940276,83933023.7055,2.85457281769,10,
1290,243.243892269,312.06987,232067.212852,10.2026921859,10,
1292,243.966101951,582.062844,35042.7123193,8.24355137068,10,
1293,243.996692814,639.49317,87831.4330225,5.13756437504,10,
1294,244.022588089,702.50205,6239302.25342,1.30615300766,1.0,[M+NH4]+
1296,244.057100963,281.479056,2330224.2057,5.04486320712,10,
1300,244.095342047,606.7542,1632738.13196,4.30385299067,10,
1302,244.089604036,77.151114,1531748.1128,3.97544464668,10,
1304,244.105455642,331.917384,246593.089897,4.68335298616,10,
1305,244.093823013,498.529866,702925.545824,6.98915992783,10,
1306,244.138514383,35.9278206,222588.274707,5.31633972153,10,
1307,244.206590932,38.7839118,1987997.35756,7.00783301628,10,
1613,262.119329629,317.749335,57239560.9637,1.93543690813,1.0,[M+H]+
1316,245.175428298,37.8364338,239197.445799,11.0592530267,10,
3319,358.271164951,557.737737,80186537.6687,2.31683228148,1.0,[M+NH4]+
1318,245.186788996,133.536654,3147246447.67,1.02285556743,10,
1319,245.186700131,40.9747632,12922037.0018,3.45256531774,10,
1320,245.194776212,61.023966,1107497.86246,10.9715415406,10,
1321,245.198124805,1608.01146,5865578.17126,6.77589886623,10,
1322,246.012391055,461.95485,1321722.14596,7.95965997745,10,
1323,246.022782699,408.261162,1818855.21789,3.65434925856,2.0,[M+K]+
1324,246.0522648,506.318127,652896.595608,8.07736210642,10,
1325,246.06537594,57.5942988,7946578.07716,3.43039691885,10,
1327,246.080400944,581.156337,3730700.71091,3.51128354336,1.0,[M+H]+
1328,246.083358805,547.583784,218704.262415,12.8429292025,10,
1330,246.088172713,754.49976,15708578.8838,13.3790064247,10,
1331,246.091448297,276.757458,22098094.0424,1.71590366989,10,
1646,264.120002216,628.11705,8313466.78445,1.5948110938,1.0,[M+H]+
1334,246.124423065,376.621974,265524.876288,5.72580400011,10,
1336,246.14563364,445.656432,24792195.6256,14.1182303621,10,
1573,260.161330824,418.953972,169059334.245,3.0388840682,1.0,[M+H]+
5064,508.32761124,463.640319,871341.211694,9.38089542255,1.0,[M+NH4]+
2352,300.163366691,56.5031763,1188389.78055,5.54520178326,2.0,[M+Na]+
1340,246.156888558,870.81594,324919.346256,5.35280766136,10,
1341,246.170684434,41.0052246,1313815.2885,2.87149205436,10,
1342,246.170722962,315.207354,342905676.042,3.22681070644,10,
1343,246.182203472,1054.88412,154094807.549,7.59687601599,1.0,[M+NH4]+
1344,246.182054764,1114.74351,17925429.4342,10.5399347174,10,
1345,246.182090978,1145.84721,7530548.33141,7.99860192889,10,
1346,246.182175832,722.15043,57004644.996,5.49282932122,1.0,[M+NH4]+
1351,247.021137468,68.990163,6611377.57028,6.18717715537,10,
1353,247.066771663,67.2726,892149.797117,6.01204478443,10,
1355,247.093415197,629.08683,6477787.94951,0.837343824095,10,
1359,247.104443778,599.853624,9787184.87338,1.48152386996,2.0,[M+Na]+
1360,247.12307177,360.869694,1044533.3852,3.94087691715,10,
1361,247.112568561,627.6288,54656.573347,10.6268845865,10,
1362,247.129664447,576.184071,22535762.1808,1.07671602215,1.0,[M+NH4]+
1365,247.1659085,682.74048,559805.860836,3.5932998635,10,
3092,344.15056577,1055.4108,694721.688839,14.7773530428,1.0,[M+NH4]+
1367,247.176964199,83.142273,707914.511663,9.57058274209,10,
1368,247.177097868,401.710326,53822516.4372,1.89944944635,10,
1369,247.192756276,134.00796,24536710.0497,0.322904651863,10,
1370,248.022810877,46.1636214,3437091.16289,3.26131748461,1.0,[M+H]+
2023,283.051965794,80.447298,745656.416755,7.13927385656,1.0,[M+NH4]+
1373,248.062696795,625.71294,1133370.53828,4.88799816223,10,
1374,248.062565999,526.039572,2894574.70552,5.62231175155,10,
1931,278.125675792,545.940813,143325296.009,4.94405339385,1.0,[M+H]+
1380,248.125112127,504.929817,2122466.13677,2.41651321032,1.0,[M+NH4]+
1382,248.149898327,525.104322,9821648.34117,0.936202044981,10,
1383,248.161401422,832.58094,2872718.78263,8.51284998541,10,
1384,248.180432801,401.637519,5508580.87829,3.34783442779,10,
1387,249.061893094,424.536696,1664720.00166,3.46210862046,10,
1388,249.073379988,883.35435,198642.191123,7.2681683789,10,
1389,249.065946001,625.7136,42265.2956521,1.84954613271,10,
1390,249.065057594,57.4385424,2990824.26095,9.63678165464,10,
1393,249.091647316,616.17942,1451837.86208,1.41640097904,10,
1394,249.124234834,187.200252,2343453.03655,6.22693283093,10,
4084,412.218809149,681.83709,13003259.3637,12.1818839726,1.0,[M+NH4]+
4454,449.948035406,452.255328,312034.757018,6.02845470313,2.0,[M+K]+
1401,250.062560365,487.639794,752251.989277,3.13232399707,10,
1405,250.093789086,60.39978,620629.201321,12.2517448892,10,
1406,250.104213126,659.83974,804180.68862,2.28106689261,10,
1407,250.137368432,39.9102318,1015985.80853,4.87795729783,10,
3167,348.997194406,438.348978,5718306.28208,2.29021715685,1.0,[M+H]+
1411,251.041219247,542.31633,1630582.51673,7.33078856337,10,
1412,251.040978501,487.997169,1239171.67043,4.06459653654,10,
1415,251.064423871,72.012603,423575.237439,11.6064958451,10,
1418,251.078068525,74.024262,5671828.85439,1.9524679442,10,
1419,251.095762771,37.8364338,415266.581597,13.1923173015,10,
1420,251.103373349,419.971476,171760.668572,5.23497001369,10,
1421,251.107860951,659.98548,25394.7428739,9.44217146803,10,
1422,251.114237621,618.87822,93166.4978502,13.5036087025,10,
1423,251.137340849,464.246007,65459202.1533,7.24827954513,2.0,[M+Na]+
1424,251.126199101,41.1317082,2244709.73788,5.14308039085,10,
1425,251.158619938,501.055464,1147632.73928,4.0839080702,10,
1426,251.150799465,73.553316,1875061.22836,2.72565362931,10,
1428,251.212664614,140.376036,4018343.58157,4.14991440802,10,
3666,380.115388544,559.915044,567576.70875,14.7505946713,2.0,[M+K]+
1431,252.109616883,78.249858,2403306.41612,4.06319867092,10,
1433,252.127086694,36.7246215,16988041.5793,1.43124877502,10,
1435,252.126898159,198.22881,1383590.90792,4.83255021302,10,
1438,252.268952607,61.339272,1309917.12163,3.9885654395,10,
1439,252.974759633,536.243496,37762.5477044,10.8756793959,10,
1440,253.025401381,502.069446,4899294.02071,2.43323257184,10,
1441,253.095463251,415.749354,5103426.24627,3.53620050603,10,
3033,340.156382917,84.905394,5133204.56739,0.676774905648,1.0,[M+NH4]+
1444,253.095663668,577.008873,1297896.41089,4.32652374058,10,
1445,253.093991645,116.149515,12212734.8905,1.2970303792,1.0,[M+H]+
1446,253.110030852,317.390583,11017823.9719,6.45860305142,10,
1447,253.102636408,346.516788,823493.105766,2.80791152496,2.0,[M+K]+
2669,319.14100769,414.488046,6695523.49611,5.16129027168,2.0,[M+Na]+
1449,253.118931556,301.48287,57202499.0567,0.58054061561,10,
2889,332.15657893,339.695934,844526.632232,1.2669143008,1.0,[M+NH4]+
1451,253.148700406,642.75474,165503.923783,12.173668885,10,
1452,253.158762339,40.691916,6374815.51537,1.38803195921,10,
1453,253.163408399,71.097606,633181.246228,5.73565823903,10,
3460,366.33739837,60.710532,2116847.90209,3.94357363079,1.0,[M+NH4]+
1456,254.009904784,48.6744114,2494313.72123,1.93348528888,2.0,[M+Na]+
1458,254.080143264,49.1460888,3938969.5695,6.29891280564,10,
1461,254.088248058,121.891416,1005219.65906,5.86644127787,10,
1467,254.123157049,885.168,238153.300409,4.4615758027,10,
1468,254.122198336,315.557346,27447266.1417,1.59053462607,10,
1470,254.142604988,36.0878112,16577121.7683,2.23022590824,10,
1471,254.161866629,358.945515,16360847.4195,5.10383727053,10,
1472,254.187115944,127.50762,7555267.59592,6.73828764493,10,
1474,254.983245409,472.371447,116479479.211,9.03792711065,10,
5224,525.153561323,464.562132,336704.289792,8.83684942012,1.0,[M+H]+
1477,255.074934898,637.49007,576658.08929,7.44670820934,10,
1478,255.065332241,598.320726,576682.621523,1.45684225632,10,
1479,255.09823486,519.518289,51824589.6577,3.27393343242,10,
1481,255.09831391,502.027962,403275818.667,10.4934719399,10,
1485,255.134694448,121.404285,2943166.95221,3.3276029717,10,
2670,319.141108063,378.567462,8493886.64294,3.96409951824,1.0,[M+H]+
2617,316.002749475,1507.83087,75367188.4667,8.0501764572,1.0,[M+H]+
1491,256.002519385,552.58434,858651.450173,8.51135284322,10,
1494,256.070475933,107.779866,913017.609038,5.67720836912,10,
1495,256.09510874,431.261961,50754875.8301,1.26498492196,10,
1496,256.088935335,85.86,345136.190467,14.4826989716,10,
1498,256.112274826,274.311033,4766177.26371,1.16983985038,10,
1814,272.118429055,120.957675,130558.683282,4.84642567293,1.0,[M+H]+
1500,256.104789337,232.952163,13363418.7253,3.40870525298,10,
1502,256.13739467,100.794924,5022532.94442,1.54800396626,10,
1504,256.145329723,87.135864,1632414.60864,3.71278616584,10,
1505,256.166057195,60.428109,487265.550549,6.79694139635,10,
3393,362.241937617,58.3719264,1970499557.76,8.90970628131,2.0,[M+Na]+
1510,257.088714994,588.454173,1655985.42368,1.3524990053,10,
1512,257.111208428,62.591274,534807.85028,12.7790029439,10,
1516,257.222956288,41.6015145,2689555.28353,4.30026655026,10,
3026,340.036623595,502.523832,690067.999245,7.24152686724,2.0,[M+Na]+
1519,258.043752169,52.2819762,2364765.15271,1.37485486421,10,
1524,258.113375247,40.691916,9319924.66658,1.61221686429,10,
1527,258.143615405,61.212972,329413.93554,8.17369814566,10,
1530,258.193175237,944.23698,4871575.80574,7.51503477948,10,
1531,258.243287992,65.089074,18322231.2996,2.84664328214,10,
1532,258.959906917,706.35729,86592.3030948,5.71905338472,10,
2229,294.137797036,37.6776705,1198691.85882,10.3458665933,1.0,[M+H]+
1861,275.079894325,307.88064,1057079.13911,8.31914452433,2.0,[M+K]+
4385,441.308390785,134.998713,654807708.551,2.85348227231,1.0,[M+H]+
1541,259.112844044,325.765794,102481.648708,13.704278189,10,
1542,259.1089969,237.769836,13102304.4605,2.82610559737,10,
1548,259.140817699,560.759109,86288150.5209,1.68471312302,10,
1549,259.166137237,223.541151,11615034.7671,12.7826555034,1.0,[M+NH4]+
1552,259.202050773,40.5051516,7865407.67055,3.34746901276,10,
1553,259.246576589,65.089074,2716198.99042,7.81574227161,10,
1554,259.970522614,639.11712,33943.4872892,12.8490482096,10,
1555,260.027592982,615.07329,11998179.6668,6.84908032404,10,
1556,260.053443119,645.40563,25059415.236,9.96358847695,10,
1558,260.059510985,40.661523,53496495.1852,1.66242953995,1.0,[M+H]+
2442,305.081263216,117.424632,15363282.569,1.02824532482,1.0,[M+NH4]+
1562,260.075247555,550.079058,139414.488933,12.7474135555,10,
1563,260.076358457,227.70507,7979772.8964,4.0009756815,10,
2971,337.132497076,36.5944455,612255.302615,4.39580583064,1.0,[M+NH4]+
1565,260.099198782,487.67961,1060585.45304,10.9356139072,10,
1566,260.079010009,123.479898,712396.576583,6.13734230697,10,
1568,260.088430229,230.4045,6915958.29302,7.11522105559,10,
2349,300.117601268,539.539122,3338053.80871,3.51364417879,2.0,[M+Na]+
1574,260.161141412,388.211262,23602915.378,1.86906170251,10,
4091,413.276854934,279.115329,30228677.8436,11.9291353734,1.0,[M+NH4]+
1577,260.176698049,111.945096,706968.01255,5.36054273283,10,
1578,260.197614922,654.27606,80929770.2105,0.933513123687,1.0,[M+NH4]+
1580,260.2590005,77.623932,24391594.9884,3.75833594995,10,
1581,260.966472655,74.024262,476093.031143,11.3115389694,10,
2931,335.074411101,673.44792,187219800.04,1.49563942357,1.0,[M+H]+
1584,261.031555905,568.638156,533351.538049,5.40733257793,10,
1585,261.074221412,115.349082,500222.020558,6.09588896144,10,
1587,261.064668576,374.656356,84724.5203044,12.8368195358,10,
1588,261.096705658,37.8364338,1395747.86169,0.950446594919,10,
1589,261.120296366,578.141379,11221991.9821,1.87442940899,10,
1590,261.11989443,617.4345,10573188.0475,5.36168452252,1.0,[M+NH4]+
1591,261.118385144,647.9394,6033606.25094,1.45709706559,10,
1592,261.131326374,57.7498674,64019187.4952,2.92950780622,10,
1594,261.145565865,192.875538,13664223.8505,9.21161493814,10,
1595,261.145395006,524.768697,36044734.6994,2.78369543082,1.0,[M+NH4]+
1596,261.145462228,539.100855,18488394.8392,0.436319079948,1.0,[M+NH4]+
1597,261.145339831,343.865238,3153245.91803,3.25554166744,10,
1602,261.194852033,654.97338,597087.725588,7.9634805403,10,
1603,261.201420634,1054.08858,634342.065748,11.954020241,10,
3120,346.05594601,459.780153,5155912.29114,1.92542238912,1.0,[M+H]+
1606,262.012852112,124.12239,1014120.94509,0.763851308603,10,
1607,262.038768161,413.813361,1570910.59343,3.79247259709,10,
1943,279.101917505,553.68621,17396961.8619,2.00437852091,1.0,[M+NH4]+
1611,262.104205343,686.59056,6030466.72743,4.34376617263,2.0,[M+K]+
1612,262.119291234,386.857353,7354289.9246,1.74309042841,10,
1616,262.140738768,492.115512,3202676.99155,2.66035393621,10,
1617,263.032151296,43.4974008,277998.017557,11.5397828732,10,
1618,263.044423374,66.960612,2023865.4343,7.48341511444,10,
1623,263.091034242,168.941382,11355823.2165,2.3966192222,10,
1625,263.112066385,36.723615,605801.629262,6.90734791238,10,
2250,295.165996003,164.871081,160411522.651,1.32139518597,1.0,[M+NH4]+
1627,263.122649651,386.857353,970434.684824,2.76260138718,10,
1629,263.137231994,468.165048,67687860.2453,1.6463387919,10,
1630,263.143170385,156.081135,147378717.656,9.81723033548,10,
1631,263.144289607,493.727262,99166.5532205,14.4017125341,10,
1632,263.139750998,320.893254,40730037.5637,2.08560801539,10,
1633,263.144078548,566.46582,240903.872979,9.35792269826,10,
1634,263.143162484,41.5928952,728748.644033,13.2324464581,10,
1635,263.144220808,529.298802,125214.12861,10.4449995331,10,
1636,263.15531207,736.58787,1614213.38179,13.0349755791,10,
1637,264.036475929,526.05432,1356899.0602,3.44361480266,10,
1638,264.036566169,625.56906,819357.653094,9.87714263939,10,
1640,264.066124908,530.126286,1170518.46727,4.46136177288,10,
1642,264.100211615,93.464706,5739973.77528,0.786867659909,10,
1644,264.102061804,411.603498,7010819.20155,5.56272940952,1.0,[M+H]+
1645,264.101946736,442.742694,1370525.75468,8.84453701262,10,
2690,320.182499092,416.695851,86749907.2641,7.31130502126,1.0,[M+H]+
1649,264.171160709,62.30922,4527426.81303,3.31028262155,10,
3395,362.869534143,447.782037,6923825.68616,6.61181204299,2.0,[M+K]+
1651,264.928619807,28.6595016,2342112.9002,1.48481342617,10,
1652,265.009142775,79.502658,480770.925327,12.5634419378,10,
1653,265.019941489,54.9435669,85569952.6912,4.57042641221,10,
2279,297.046545221,42.228714,30032376.473,8.7861910864,1.0,[M+H]+
1655,265.035737147,433.348446,16142535.2935,2.30685488041,10,
2438,305.028972647,459.275154,229910.882945,14.8240725184,2.0,[M+Na]+
1659,265.056984677,445.983168,3004704.08713,5.31149083748,10,
1663,265.07811828,487.997169,14094505.4666,1.45935530866,10,
1667,265.105453326,411.721158,648369.874259,9.50541219679,10,
1669,265.12261133,461.317401,371239.596483,6.22869407247,1.0,[M+NH4]+
1670,265.155441973,131.160537,433310141.142,1.58876944255,10,
1951,279.171274241,104.130765,1344646397.82,0.876570179592,1.0,[M+H]+
1673,265.176707395,1334.2905,2315881.48773,2.12588244957,10,
4437,447.950185388,452.060964,1559749.65971,7.78375176249,2.0,[M+K]+
3590,375.071547275,94.102134,872293.708922,7.09309667308,1.0,[M+NH4]+
1676,265.994924144,559.9836,197855.135005,9.87470829794,10,
4614,466.01661369,1396.14438,117200.785214,10.3701755495,2.0,[M+K]+
4536,459.084934721,90.496989,2409837.75421,3.08381209395,1.0,[M+NH4]+
1687,266.098277499,594.565536,944404.71794,3.10579001897,10,
1688,266.089158038,100.155786,2507844.11189,9.41338846045,10,
4190,423.199451825,319.344699,17914812.8765,4.11281066396,1.0,[M+H]+
1691,266.124244988,574.226124,139327.239814,13.3146753541,10,
1692,266.148774015,698.27142,1028600.38788,0.981774132529,10,
1693,266.160766455,801.1557,26177745.5433,12.8616837269,10,
1695,266.16073027,837.00252,14128872.368,14.8476890114,10,
1697,266.160598036,40.0362786,7939522.58071,3.46690260726,10,
1700,266.160727824,774.2163,23979406.4168,11.3492813585,10,
3096,344.228493222,60.867219,126940598.093,1.1583980084,1.0,[M+NH4]+
3230,353.353451748,62.278143,2297194.7799,2.85473070878,1.0,[M+NH4]+
4032,408.124492094,121.62855,1303149.96749,7.5779757665,1.0,[M+NH4]+
1705,267.018609249,450.117273,714941.057194,6.70040805267,10,
1706,267.015085181,542.350086,433025.617003,7.09217097494,10,
2776,325.03839754,1402.37427,30344726.76,10.1839546199,1.0,[M+H]+
1711,267.05926156,105.399381,1816104.57701,6.30769654847,1.0,[M+H]+
1713,267.059658366,706.46832,71542.3061006,14.4436032029,10,
6698,701.326732102,168.005886,6563848.63631,6.37697890562,1.0,[M+H]+
1718,267.10010381,41.1317082,1883941.29587,5.38675136008,10,
1719,267.091630116,316.111206,948222.089045,10.2939649876,10,
1721,267.10178913,538.597236,1373011.16465,4.49094679834,10,
1724,267.123338825,39.0984072,553404.11864,8.08960728613,10,
1726,267.118732597,519.688662,12623411.4123,1.41157447393,10,
1728,267.145553903,64.465449,95922491.5307,12.1423509645,10,
1730,267.168426978,142.30278,5939116.53841,9.2141062778,10,
1732,267.168112574,556.63476,1087036.38283,1.62651609416,10,
1733,267.180833839,42.3879009,1843441.88514,6.57246719863,10,
1735,268.009338152,276.713514,283094.858406,14.4106557424,10,
1736,268.015984823,426.408603,947116.339596,5.70121590627,10,
1738,268.03859419,50.397861,631030.996926,8.58004659852,10,
1741,268.0953704,423.84324,4856641.08822,1.68608400031,10,
3449,366.072989494,99.20292,910094.960414,7.79957404562,2.0,[M+K]+
1748,268.148848122,64.618188,13287788.0044,10.8776970204,10,
3406,363.167209457,315.207354,10040791.4502,0.656094071987,1.0,[M+H]+
5544,552.336955333,35.6103108,551139.373303,12.1742311584,1.0,[M+H]+
1753,268.203005519,727.35774,4102216.474,12.1607285253,10,
3937,400.379344103,63.060579,20426799.4987,1.6619444485,2.0,[M+Na]+
1756,268.998986908,474.36063,15822687139.2,0.344463662222,10,
1758,269.069401966,415.749354,1568518.60052,4.10423882008,10,
1760,269.075376554,629.06424,2717893.19349,5.36455443011,10,
1762,269.098867984,423.84324,493114.173001,5.46227979114,10,
1770,269.153657061,36.5656842,15274332.9356,2.33866500003,2.0,[M+Na]+
1772,269.17470393,382.154928,335305.046169,4.04411210262,10,
1773,269.175441671,40.6617672,1000848.98694,1.85716930293,10,
3637,378.084122479,359.911257,461059.002224,14.2770931276,2.0,[M+K]+
1779,270.054161989,48.8607363,15076713.2792,6.54836934648,2.0,[M+Na]+
1780,270.059450451,276.095712,104497.905324,7.52176869811,10,
1781,270.065716596,121.878345,7123400.59572,2.36286492519,10,
1782,270.078729261,629.15457,234957.377429,3.55907451987,10,
1783,270.083655852,33.3180708,62203.6271603,14.9713122171,10,
1785,270.085973624,544.390635,2766452.20344,1.89000546313,1.0,[M+H]+
1786,270.093418237,423.84324,288130.095967,4.05418853025,10,
1790,270.106852892,546.268554,14398736.3884,1.96924453402,10,
1792,270.17364797,35.6098728,1603061.8873,1.88633058304,10,
1793,270.181942377,406.903917,231651.097159,8.50724714239,10,
1794,270.18196489,561.390729,5713985.74606,12.0946421174,10,
1796,270.315920717,56.8120476,8458354.8211,5.73867342216,10,
1798,271.044598578,509.658735,258802.805575,13.219860962,10,
1799,271.061187234,95.56764,1271713.44499,2.38794860919,10,
1800,271.078089048,751.67061,9457260.17926,14.7416685811,10,
1804,271.09354524,169.87725,28208990.4049,4.70753284093,1.0,[M+H]+
1805,271.093033522,74.247462,449648.82335,11.3708757243,10,
1807,271.169274773,36.0878112,40125103.8429,2.65561939877,10,
2787,325.322241816,93.466692,6589584.05985,4.11882655553,1.0,[M+H]+
1810,272.084005673,544.390635,161185.450872,7.5271213603,10,
1811,272.085999121,599.697252,341793.209842,5.14086429334,2.0,[M+K]+
1812,272.083823544,441.755826,182850.954518,13.0241478939,10,
1815,272.12480791,81.711918,2474986.75272,6.63738035455,10,
1816,272.153888792,38.6261679,1144933.55288,5.86674872582,10,
1817,272.17234733,946.22133,79846352.1116,12.1651454618,10,
1818,272.172595001,975.23088,18817454.3099,10.6120303465,10,
1820,272.233694326,54.4733778,133402048.675,6.78734107804,10,
1822,273.059977786,73.867206,1322292.63278,2.12975521221,10,
1823,273.054407864,48.5774928,3122111.37243,9.22490360738,10,
1824,273.074439764,122.525031,1824916.47117,4.0297425555,10,
3833,392.171530123,459.296151,112851.284692,6.12402814815,1.0,[M+H]+
1831,273.156733043,1031.43885,3474646.27381,5.14730031158,10,
1832,273.156670903,1007.52255,6369341.14448,8.17545682394,10,
1834,273.181408589,170.64636,11154139.731,2.47150842995,10,
1837,273.986319426,452.246193,7238756.77827,8.63651302392,10,
1838,273.988074465,507.478914,90406.5328806,6.67584963226,10,
1839,274.088143953,40.9747632,555181.405856,10.6044063428,10,
1840,274.089195729,568.31292,375859.218955,2.02618906063,10,
1841,274.106012931,615.15642,5276424.98467,5.92711678327,10,
1844,274.134036177,359.921442,231722.40708,8.66569597446,10,
2936,335.168324187,71.413362,1090510.50999,5.17394149923,1.0,[M+NH4]+
1846,274.151389134,617.83449,4058658.1394,3.20150272316,10,
1847,274.165549666,40.3791675,1308736.62304,0.948697976745,10,
466,170.040070092,384.682428,745919.933491,8.53735171547,2.0,[M+K]+
1849,274.176873302,358.894845,27855187.938,5.53435388506,10,
1851,274.188227161,637.13277,44725369.4564,2.48515066788,10,
1852,274.187997812,669.34683,38428587.6208,8.91197260433,10,
1853,274.188330312,85.861944,3811907.54268,1.95514276347,10,
1856,275.042551395,548.295546,294952.360017,12.2499677831,10,
1857,275.047064905,605.77848,117920.370729,12.2138597224,10,
1858,275.048813968,507.108072,655692.20086,4.47017721433,10,
1859,275.053632635,624.35604,239756.801976,2.508604606,10,
1863,275.095707854,39.7237212,2939756.86288,3.3521046872,10,
1866,275.103430448,322.511178,2910645.96011,3.91949132466,10,
1869,275.136059122,526.712562,1086404.04063,2.30701026024,10,
1871,275.160984342,585.883509,1376861.10675,2.18451287598,10,
2643,317.194352948,824.50446,4992938.54009,3.96445649533,1.0,[M+H]+
1874,275.278125175,73.396143,2861475.29047,4.34934299651,10,
1878,276.050265699,227.880141,12025115.4341,2.46158354631,10,
1879,276.054519434,40.0362786,17745814.051,1.26873241632,10,
1880,276.076800748,98.086419,1963956.82434,3.23036979811,10,
1883,276.108609101,324.162105,24148734.75,1.97911636558,1.0,[M+H]+
1886,276.119674173,672.40617,297648926.891,4.96468621297,10,
1887,276.114442644,338.502462,498011.877233,4.71766556283,10,
2230,294.14560366,370.022391,21805006.7278,2.21776051003,1.0,[M+H]+
1889,276.135184307,234.071034,75064277.2811,1.95340338059,10,
1890,276.123996384,40.3491438,850413.252563,13.6477197923,10,
1891,276.139113023,665.77788,1090578.71312,6.35888951027,10,
4641,469.197819483,332.572809,747110.811313,8.20947585077,1.0,[M+NH4]+
1893,276.167573498,694.96752,5972635.67201,7.67786314082,10,
1894,276.167572817,507.478914,918036.426378,4.51116743279,10,
1895,276.181145068,405.071046,822479.990696,9.38381656754,10,
1896,276.232674055,63.060579,4041445.80462,3.98394468519,10,
1897,276.949767978,632.98416,45761.4735906,10.5784949858,10,
1900,277.078379852,605.45646,162571.800779,5.77868509336,10,
3579,374.071095675,496.93074,595163.655548,9.95631813884,1.0,[M+NH4]+
1903,277.105298894,57.9053664,60599453.2703,2.31646197843,10,
1904,277.117073184,415.119045,3553622.29327,5.19296727774,10,
1905,277.119026137,163.617156,13646954.2477,1.51118345334,10,
1907,277.115098938,589.131738,2024796.15388,1.58633883201,1.0,[M+NH4]+
1908,277.111505606,39.2545371,5855415.60868,2.45879473008,10,
1910,277.113562621,547.168932,798002.615694,4.86472563912,10,
1911,277.138560835,234.888342,11023037.715,2.04025750721,10,
1913,277.140465044,718.58586,2862789.41201,5.13702750579,10,
1914,277.158985758,40.5051516,10190231.1705,4.51056006534,10,
1915,277.151529168,560.706858,5023728.17251,2.49179285629,10,
1916,277.217000669,42.2590968,7809985.33948,12.904842442,10,
1918,277.960444226,458.600664,447941.531049,11.4994537759,10,
1920,278.000070059,611.67516,349333.257346,9.58488817009,10,
1921,277.993750997,547.376427,1034040.2376,11.9651607887,10,
1922,278.033814208,381.093897,1775358.73391,2.65933110837,10,
1927,278.11776637,382.234686,2962021.46677,2.80501683912,10,
1930,278.135462835,588.982812,3109083.1577,1.92972395934,10,
1934,278.187067145,61.334967,2297534.70414,7.0600359367,10,
1936,279.009479843,511.355268,42855.6206484,14.701667689,10,
1937,279.035621084,54.9435669,39424183.0309,2.7189869207,10,
2955,336.121527445,404.156562,2736504.74051,10.535507357,1.0,[M+NH4]+
1942,279.087001114,331.376622,205187.125717,7.01397119236,10,
4567,461.175586618,359.311953,207696.831748,5.5269738282,2.0,[M+K]+
1949,279.138944258,539.437173,768917.234331,3.48458027288,10,
1950,279.171207836,90.305166,1783989567.33,1.79852534486,1.0,[M+H]+
1953,279.210852516,81.23547,6048957.907,2.14343838475,10,
1543,259.112939279,603.75441,191103.251656,1.95389954286,1.0,[M+NH4]+
3709,383.088689864,229.506138,7249715.63957,3.15926270952,1.0,[M+NH4]+
6048,604.158877306,396.157362,775718.695449,11.1687805216,1.0,[M+NH4]+
1958,280.035227084,54.7903122,1971596.74845,14.2514790463,10,
1959,280.043029071,446.949528,59830.876445,7.77146843731,10,
1963,280.114974458,607.47423,1852702.81109,2.61656961886,10,
1964,280.130068799,357.450222,42523982.2277,2.51654243428,10,
1967,280.155157423,304.734729,1648577.8761,3.86936060192,10,
1968,280.158461858,35.4502488,8447515.85582,1.59356970314,10,
1971,280.176312959,684.5988,10503417.2591,2.29620041417,10,
1972,280.191307982,53.6952045,10701455.9796,3.1341868063,10,
1976,280.902331832,427.318101,4704267.51657,7.27943470859,10,
1978,281.03410202,325.569045,185668.677778,5.61656858405,10,
1979,281.043130736,548.245038,657508.56632,14.4240842967,2.0,[M+K]+
5087,511.088264767,487.96536,3623849.16368,4.99402386796,2.0,[M+H+CHOONa]+
1982,281.061758921,462.672318,159291.241294,7.36841367063,10,
1989,281.109773387,466.720062,2138188.84791,2.1832666245,10,
1990,281.118207017,607.1508,100710.82484,5.42558372799,10,
1991,281.150416453,41.7575763,10978791.2275,2.04198878681,10,
1992,281.1507185,204.112419,331638644.358,1.70886753516,1.0,[M+H]+
1993,281.167791471,84.742827,236031.210558,10.9311746244,10,
1996,281.206377237,81.459672,117679.067999,10.7738094229,10,
1997,281.267659904,61.339272,604636.736852,8.42425989119,10,
1998,281.969916197,92.83659,1087715.43155,12.3737650879,10,
2339,300.025121998,1504.05168,5236035.00205,13.1110098983,1.0,[M+H]+
2000,282.014379401,1403.00289,66276699.3157,9.27750391317,10,
2001,282.03437521,445.609494,1754885.53418,4.53875919621,10,
2005,282.083941773,33.6493152,264597.485923,6.65054412395,10,
2007,282.113230472,382.517868,731366.293118,6.10918244492,10,
2008,282.120498978,413.481372,3478548.8927,5.37355964317,10,
2012,282.158659055,443.028936,10668702.3562,1.6919442148,10,
2013,282.174115328,34.6389288,223873.795982,5.728830484,10,
2601,314.305859423,60.554094,21410560.9099,2.70806282898,1.0,[M+H]+
3804,390.071397281,448.920036,336687.385357,6.45219176127,1.0,[M+NH4]+
2018,283.010538023,529.948164,447303.110384,12.2849724361,10,
5252,527.09354503,105.561018,2096693.75744,6.51949362191,1.0,[M+H]+
2021,283.046296412,300.690306,674297.499206,4.83291527858,10,
2024,283.067977427,513.383643,1087135.27012,3.14712901034,10,
2025,283.066704353,467.072112,1815553.0742,10.7780386428,10,
2026,283.076342802,33.3542787,94943.6562581,4.92391251978,10,
2027,283.093329979,323.47479,1035406.24729,6.6413490176,10,
2028,283.102205998,577.865745,5503164.54292,2.73446343207,10,
2029,283.104619018,86.818809,8332354.83764,1.29384469672,1.0,[M+H]+
2030,283.114843631,331.618377,1881494.52634,4.10819398209,10,
3793,389.204265801,377.842731,992233.100526,1.77857476154,2.0,[M+Na]+
2034,283.129738343,349.462824,24775907.2457,2.9735460421,10,
2035,283.137764516,759.37644,1415453.02089,10.9735899861,10,
2036,283.142727545,141.981156,10305072.2669,11.7117160866,10,
2038,283.162087911,443.06169,1185793.51809,6.06955669069,10,
2039,283.17562706,59.1497931,59696779.5959,6.41404718969,2.0,[M+Na]+
3248,354.35708415,88.8813,2095613.40915,4.21897229108,1.0,[M+NH4]+
2042,283.283114046,61.337589,11044927.6767,1.30045634832,10,
3773,387.93770343,451.598571,4221257.2907,10.8387271475,1.0,[M+NH4]+
2533,310.06265563,1404.84162,136478629.068,12.9663198901,1.0,[M+H]+
2047,284.047746459,1497.41838,11907402.7802,9.25862652944,10,
2048,284.071284431,68.364792,2975147.72509,4.40167503527,10,
2049,284.069919304,47.5761702,6103022.25308,5.60805153422,2.0,[M+Na]+
2050,284.071574274,513.218772,77517.3468621,12.1358449492,10,
2051,284.09969372,282.65661,11948388.3582,6.19195587265,10,
4868,491.293651764,34.316757,3839691.89634,3.37764529377,1.0,[M+H]+
2055,284.10569034,577.90776,467145.577886,4.85348270812,10,
2056,284.110151547,547.583784,67146.4680398,13.1105985576,10,
2057,284.122115325,465.636126,1250763.68917,34.6830911964,10,
2058,284.122477935,491.510649,2210553.78129,3.57290960392,10,
3596,375.236345341,567.388305,1423048.33119,7.79560605646,1.0,[M+NH4]+
4733,478.169935645,115.951575,2069891.71078,4.82056274271,1.0,[M+H]+
2064,284.138060837,1054.78692,835931.624977,5.56839771845,10,
2065,284.156638761,443.301318,570850.895515,3.97556757576,10,
2066,284.2864335,61.49415,726564.278907,4.3075791528,10,
2564,312.363265758,58.2164274,7460476.33749,5.00524626156,1.0,[M+H]+
2068,284.331963233,41.913909,76673803.0605,3.7868118959,10,
2069,284.564958311,105.23838,1023647.72407,1.01823112949,10,
2070,284.955073659,50.4003288,860063.614644,0.560343893185,10,
2071,284.973176054,485.463372,333555828.037,5.65833482665,2.0,[M+K]+
2074,285.049397472,629.06424,1106686.71133,6.39808714692,10,
2075,285.113623056,83.016228,341956.286866,12.5208366628,10,
2076,285.126219044,566.595576,241796.197635,3.28855635603,10,
2077,285.148770697,38.1791175,341067.266614,13.7132726004,10,
2078,285.135394764,72.45258,1608100.46746,3.83143471167,10,
4007,406.173313131,419.248395,21624907.1206,2.8625520971,2.0,[M+Na]+
2080,285.156487767,491.799963,1831061.32809,1.8336418215,10,
2082,285.290834648,88.564737,26970579.4137,0.963644051248,10,
2084,285.876913367,451.922694,788208.494888,5.80036256571,10,
2087,286.080678662,141.35691,816326.771895,2.99413758183,10,
2088,286.096566025,155.282214,35678.8121897,5.63348923574,10,
2089,286.088114341,36.2469336,646975.524842,2.52361306505,10,
2091,286.108148793,945.04575,11403873.4688,11.7754960143,10,
2092,286.104116244,96.328869,4828916.89818,2.30912271093,10,
2094,286.151836798,589.260417,6212595.58407,1.06147125138,10,
2096,286.169191829,38.3107911,880654.472491,4.37648555541,10,
2891,332.219114135,222.293865,627593428.438,13.1280900652,1.0,[M+H]+
2098,286.23237928,44.439075,8299761.65888,4.53428392234,10,
2099,286.24974732,293.099484,239177.681135,9.95329054337,10,
2100,286.294430632,88.597752,4756650.17028,0.23248269387,10,
2102,286.990820012,480.431658,1093307.17455,9.16749670524,10,
2103,287.012755712,509.71872,96229.2893206,5.12343392539,10,
2106,287.104383486,461.817459,117383.421632,8.13530135002,10,
2429,304.16647745,131.47704,296130861.464,1.19552101172,1.0,[M+H]+
2111,287.15452649,488.954355,12274844.2861,1.12223815305,10,
2113,287.16437633,38.6261679,1200930.92364,9.07310556783,10,
2114,287.197409713,234.884961,16759235.8892,1.24882335688,1.0,[M+NH4]+
2116,287.874306581,451.766202,127577.164359,10.8392639898,10,
3069,342.932046115,464.273052,511754.314483,10.853801888,2.0,[M+K]+
2119,288.060054357,660.03258,68941.2815253,11.7620896725,10,
2121,288.103803404,36.4066794,10115252.228,0.788674253181,10,
2124,288.13933531,610.10454,692018.848983,3.79007793892,10,
2125,288.192611005,339.697698,21088585.664,10.8743050613,10,
4031,408.124036773,280.634442,20371183.6039,3.68773162113,2.0,[M+Na]+
2657,318.20330705,302.124921,193600656.646,1.61411652158,1.0,[M+H]+
2128,288.192293927,56.9688048,3331397.64452,2.31037018931,10,
2130,288.217939502,202.807476,17585612.3566,5.21923353795,10,
7429,923.671822458,53.8499622,461264.80305,3.65028608014,1.0,[M+NH4]+
2132,288.281352136,62.341542,844142.706328,3.3005933954,10,
2133,288.290208013,56.1908679,68668215.8048,0.751295192313,10,
2134,288.290335074,73.08177,167893227.681,2.32857518384,10,
2135,288.997424286,541.138776,6391121.5559,8.05496938703,10,
2136,289.034004395,74.024262,4227696.48273,6.30498672122,10,
2137,289.049615862,46.0056288,772657.849016,8.27357112681,10,
2139,289.053689957,80.446665,1204826.64616,5.2707829145,10,
2140,289.053784973,359.901072,2083842.41846,6.50361483238,1.0,[M+NH4]+
2141,289.086085099,148.974441,1430908.18592,1.84751223516,10,
2144,289.11247611,326.09142,107203.557851,12.5851266478,10,
2146,289.115251176,588.449418,1689490.93958,2.85286600238,10,
2147,289.141729699,439.900332,928963.28752,14.8979102856,10,
2148,289.142207882,458.958096,531586.482135,10.445893028,10,
3159,348.197102978,516.185484,1043373.52574,1.6454971875,1.0,[M+NH4]+
2150,289.151495339,680.93436,88201.6683283,5.67259634195,10,
2151,289.162813068,709.45161,46347473.5183,8.66106146202,1.0,[M+NH4]+
2153,289.187913572,699.28536,356140.713511,4.32392161468,10,
2157,289.960340912,451.922694,6476884.57105,8.78335075574,10,
3751,386.011649864,543.905394,239507.781897,5.86833875292,2.0,[M+Na]+
2159,290.055243636,60.554094,3644262.49368,4.3200650317,10,
2160,290.090792241,72.485154,618462.426564,5.79085368981,10,
2161,290.100656916,505.533942,222943.757662,12.0475643477,10,
2164,290.114346957,335.170488,262222.55507,8.22682763167,10,
3867,395.216039602,62.121393,892776.325969,6.81111114562,1.0,[M+NH4]+
2166,290.154967315,608.40102,921227.641318,4.07514686575,10,
2167,290.154877581,551.137167,189124.655454,8.16323393602,1.0,[M+NH4]+
4135,416.896227753,441.432516,24106896.5086,2.69567022363,2.0,[M+K]+
2172,290.950152747,92.236287,865653.718636,3.34657540057,10,
2176,291.012885689,500.4276,711025.544114,8.13567460109,10,
2179,291.057443061,629.15457,423603.791414,6.61555597339,10,
2182,291.084797971,338.421318,3369705.79424,8.28244470756,10,
2183,291.095912564,419.622786,241295.095463,14.6777262755,10,
2184,291.090709362,40.818021,1745189.87285,5.99152570341,10,
2185,291.107018736,508.402479,3893545.32633,4.327173403,10,
2186,291.108760227,178.965066,22273020.7271,5.11664811539,10,
2189,291.167118723,232.803912,15420004.801,0.509440447185,1.0,[M+H]+
2190,291.175314779,408.466158,6192661.12751,3.89543603368,10,
2193,292.034101441,529.44474,232540.352195,11.4436790585,10,
2195,292.060908163,628.81008,19414.2278954,8.2112610347,10,
2198,292.067801761,442.423944,300698.188808,3.51573089293,10,
2199,292.098514669,34.6389288,498191.078144,3.40661059472,10,
2200,292.116189167,35.6388177,450812.51307,3.85625482124,10,
2201,292.135145677,500.795778,1648307.31915,7.01939880763,10,
2202,292.130151589,452.260272,316208.89539,2.86569594526,10,
2203,292.151547216,551.010654,787701.088864,4.75669485332,10,
2204,292.214077759,99.20292,1643932.61198,5.96621596258,10,
2205,292.300315681,54.8178975,858711.716114,7.44502523974,10,
2206,292.934838864,452.242002,188582.972333,4.08843905728,10,
4857,490.964842336,482.961825,17521969.7268,11.2208230429,2.0,[M+Na]+
2208,293.025881701,542.282148,98914.0664458,12.411819299,10,
2209,293.026810968,509.36679,116117.780199,7.26463661573,10,
4496,454.180014523,38.181927,526381.012259,9.38606266904,1.0,[M+NH4]+
2214,293.085124407,579.14622,1219320.01058,6.88113263267,10,
2215,293.079405501,338.102832,12445206.8261,10.5249404697,10,
2216,293.135550877,503.621694,135377.551883,5.83514749589,10,
2218,293.161958096,41.1317082,1695361.36681,3.32782397391,10,
2219,293.154520025,551.349846,52552.2750192,12.2886827612,10,
2220,293.1867629,39.5674689,7602474.91961,1.93454325568,10,
2221,293.18995869,63.530376,432595.009892,3.4550860962,10,
2222,293.223107916,40.9748337,1471557.3837,8.79135096288,10,
2224,293.226294323,78.283563,17096632.1267,5.47016434632,10,
2226,293.982437294,197.243088,756685.177565,4.65064041528,10,
2227,294.047094114,619.67538,464349.157143,10.0620816565,10,
2228,294.054510276,47.263356,3024867.55698,1.50419552188,10,
2231,294.145627923,340.337943,76916237.4811,1.94034289439,1.0,[M+H]+
2232,294.148398776,798.18351,459284.401879,10.6395271874,10,
3202,351.2451603,91.254978,1860092.12161,6.3863350492,1.0,[M+NH4]+
4450,449.182795811,514.187766,1257970.97796,4.91371864865,2.0,[M+K]+
2236,294.203152839,506.790435,14069642.3354,0.723369526821,10,
2555,311.306694685,85.542756,32366940.1802,2.26723187623,1.0,[M+H]+
5705,566.428855887,77.623932,1531822662.57,0.459741694895,1.0,[M+H]+
2241,295.04647838,386.905101,1985007.06786,14.252529305,10,
2243,295.077354959,37.0716264,446999.016711,11.6770860449,10,
2244,295.096180267,33.3180708,306554.988105,8.94692696069,10,
2245,295.106717466,48.9880953,2983716.77157,5.75041719528,1.0,[M+H]+
2247,295.127531329,36.2473677,433255.295841,3.59234215524,10,
2251,295.166259697,182.434029,700868301.761,1.90007624123,10,
2252,295.169461103,35.7693639,17227856.0775,1.62424988916,10,
2255,295.213560016,55.5658734,2303761.55463,4.52814325823,10,
2256,295.221972777,78.283563,600297.493281,5.79574974856,10,
2259,295.958300861,123.494532,700153.74782,4.89211704866,10,
2261,296.042070403,33.6676449,103437.134399,8.24536915048,10,
2265,296.125189087,452.242002,5437649.62495,0.189730388564,10,
2266,296.134974299,344.032308,685841.309299,4.29741643403,10,
2268,296.13808094,85.540494,3356292.2908,3.35996960828,10,
2271,296.158667029,61.339272,317500.870322,12.383625632,10,
3770,387.297615685,104.765076,2011478.42749,4.80388599661,1.0,[M+NH4]+
2275,296.218811094,388.008912,1012315.5495,6.15965460683,10,
2277,297.034180647,331.6995,272744.338462,3.95798543469,10,
2278,297.046262495,54.9435669,65079715.8747,4.41014129781,10,
2284,297.075221374,40.3491438,2967552.42351,3.24010054898,10,
2286,297.080844951,452.574324,1847431.84336,14.8645647204,10,
2288,297.111755694,33.3222066,474772.766717,3.78963782786,10,
2289,297.117866829,665.94033,524897.686611,5.91650900496,10,
2291,297.117290027,527.004936,461434.605828,3.18981392543,10,
3917,399.172619564,99.521184,3098716.72498,1.660078346,2.0,[M+Na]+
3886,396.312073134,123.871788,55054982.7739,1.46622225276,1.0,[M+NH4]+
2302,297.992075681,2066.4813,11179738.4959,11.3679600225,10,
2303,297.991917361,43.8132588,1567960.58297,6.28802532564,10,
2306,298.031264659,549.916902,278340.4716,1.4268819507,10,
2310,298.101700406,671.77737,17855839.4843,2.00694509694,2.0,[M+Na]+
2313,298.131352372,99.076554,13101354.7059,0.482365247908,10,
2314,298.127892994,132.620163,1904813.68893,5.49324925909,10,
2315,298.138349008,490.833396,1904459.10643,5.04507029506,1.0,[M+H]+
2316,298.159169783,134.047779,2010420.45981,6.37699824002,10,
2317,298.152156702,723.36855,6278008.65173,11.8078548519,10,
4496,454.180014523,38.181927,526381.012259,9.38606266904,2.0,[M+K]+
2324,299.063825612,124.137156,710443.127314,2.77657749387,10,
2326,299.076240022,577.537929,3550780.19152,3.80865284499,10,
2328,299.092392434,331.604757,11194884.6767,4.84372912498,10,
2330,299.096522259,616.4904,582861.729378,7.94088311737,10,
2331,299.123298918,99.042231,3589077.4563,1.82205196876,10,
2333,299.155715483,723.29034,758210.115683,12.564085362,10,
2336,299.988033711,1510.02978,16619100.6944,7.48077752,10,
4447,449.075578169,1404.21312,34987166.7634,13.413878364,1.0,[M+NH4]+
2340,300.04254289,445.9671,1427969.40123,3.78350208218,10,
2342,300.05481286,33.6493152,40852.658289,8.90329704095,10,
2344,300.096703797,461.317401,341826.80744,7.8082442566,10,
2345,300.096616786,566.419314,2428808.96351,5.55177195318,10,
2346,300.099995351,422.844558,145868.358983,9.37222487239,10,
2350,300.148246544,105.872754,3008192.13956,9.13879909489,10,
2353,300.19591437,62.584026,379363.726666,8.46166083583,10,
2355,300.265196097,51.4978404,45708247.4417,1.86176360692,10,
2356,300.278830504,2059.16529,724645.574318,5.75702422404,10,
2358,300.993987933,2096.14089,643700.703725,12.5687777989,10,
1244,241.080494392,634.7529,2226267.41894,1.57595771297,1.0,[M+H]+
2360,301.054880165,458.27934,105456.953999,1.39841767062,10,
2362,301.086435058,142.793397,397961.521598,7.21126157478,10,
2363,301.08616424,40.691916,420380.143499,13.3784411818,10,
2364,301.075606492,487.67961,7385937.90195,2.08427616517,10,
2367,301.10759406,625.56906,943718.358043,13.0818058409,10,
2368,301.108917801,39.097545,427381.853761,7.19790670805,10,
2369,301.120601918,519.341604,389496.721969,0.676052212952,10,
2373,301.268720227,51.5277882,7373268.87563,3.68265851485,10,
2374,301.285871639,153.18378,6344528.79248,1.21268022386,10,
2376,301.955101162,276.06645,196684.130918,4.56947505604,10,
3899,398.093640281,33.1589415,82247.8540931,6.64079192376,1.0,[M+H]+
2380,302.057828727,442.726191,514864.360756,3.89850752311,10,
2381,302.070751078,547.254546,71471.5061693,10.7698238928,10,
2382,302.081873587,301.178562,181121.646567,11.573319611,10,
2383,302.096975987,607.15563,290022.943004,9.49806587875,10,
2384,302.087586839,553.728135,234505.644606,4.43349203976,10,
2385,302.109696938,331.607388,438493.828003,8.29394904869,10,
2387,302.127418413,62.278143,834747.715719,10.4599626819,10,
2388,302.135968163,448.951164,78925.3048226,14.5413289273,10,
2389,302.146785397,231.56043,13141007.6333,2.35172104955,10,
2391,302.150827338,300.84456,13208507.6213,1.98956869439,10,
2392,302.208583865,198.375696,112649447.722,2.80119605215,10,
2393,302.208369232,179.426679,190212044.479,7.48508336253,10,
2395,302.297260641,61.337589,1499965.11892,7.80296772949,10,
2396,302.28931834,153.007344,1077428.42295,1.41556763668,10,
2398,302.945192979,424.149552,1536561.03577,0.886606771718,10,
2399,303.01942445,275.952831,308717.293256,7.60307547352,10,
2400,303.013180213,446.568678,61660.939958,12.748412928,10,
2403,303.07278333,192.708102,1914600.04736,4.59096483675,10,
2406,303.11147372,105.240636,20352399.497,1.04541803791,10,
2408,303.115486001,337.78671,1601336.93942,2.66296315572,2.0,[M+Na]+
2409,303.14953646,921.34866,2269450.74901,2.63860920751,10,
2410,303.167004509,70.403025,4688801.79951,3.41409001031,10,
2414,303.210714631,77.970501,7408311.55956,3.54762759047,10,
6061,606.3263474,609.06531,11537929.1208,13.4414728996,1.0,[M+NH4]+
2416,303.987343238,556.067079,156523.845299,6.53760715334,10,
2418,304.070822266,66.992007,4776810.90549,5.83898626417,10,
2419,304.080104615,774.80928,232901.779834,1.19546880205,10,
2423,304.135170169,35.4502488,2274852.03072,2.30387375697,10,
2424,304.126091723,620.66436,2721853.0758,3.33280320231,10,
2425,304.16264947,789.48669,156122159.128,2.86316546167,1.0,[M+NH4]+
2426,304.158612114,40.661523,2525311.58569,2.49095216416,10,
2427,304.151306002,687.13734,1664846.64523,3.07381369678,10,
2428,304.166339467,163.617156,111775796.509,2.01814000527,1.0,[M+NH4]+
2430,304.170003842,421.240584,282384.57607,7.67269799867,10,
2432,304.285279486,55.1014338,2807872.9203,1.23170146131,10,
2433,304.300686428,42.228714,12392514.9069,4.2546442123,10,
2434,304.300488613,56.8153608,66803735.7104,2.83161487954,10,
2435,304.743823458,143.586516,1220831.59005,9.26564137643,10,
2437,305.015989182,275.777346,59862.6268281,5.77258037224,10,
2439,305.029031611,173.286708,15702157.8573,4.35987160656,10,
2441,305.080367376,34.0221513,3167203.50643,2.13776289838,10,
2699,321.060662126,134.804079,5327615.61279,3.98361043851,2.0,[M+K]+
2446,305.109272883,524.521062,2653773.02986,2.79958152817,10,
2450,305.146279848,307.243506,112847.136515,14.0629138145,10,
2455,305.182740839,748.94013,245696.445344,12.9114871557,10,
2456,305.190421736,242.43504,7353813.5887,3.78950742647,1.0,[M+NH4]+
2459,305.972017175,426.421986,1512100.95697,5.29783975167,1.0,[M+NH4]+
2460,306.049603263,460.256478,5264657.07666,1.9194437395,10,
2463,306.081654339,282.217422,7938286.55097,1.37735545923,10,
2464,306.083456901,387.65754,1408792.38052,13.5476135068,10,
2465,306.090644984,87.135864,768426.117536,3.18507973256,10,
6800,719.170018199,468.970284,3123507.21239,7.30547532825,2.0,[M+Na]+
3775,388.108028909,490.579662,1234487.4453,5.1988894614,2.0,[M+Na]+
2469,306.149777248,650.61642,193417.267879,3.04542422046,10,
2471,306.167025127,448.113723,20901125.6727,2.50215960083,10,
3160,348.197372057,462.932454,3741114.87112,0.26323680631,1.0,[M+H]+
2476,306.923963018,92.83659,793374.050989,3.30354983188,10,
2478,307.001350671,420.850515,133269.644562,3.29723780589,10,
2479,307.031423128,629.13063,327434.777806,10.1159544069,10,
2481,307.038094455,95.689068,1362225.73445,1.45983340138,10,
2483,307.063565515,1404.73362,3094581309.76,12.9271528366,10,
2484,307.082685111,179.146197,12124682.0342,7.26477894893,10,
2485,307.078609595,320.573004,149458.310116,14.3376830977,10,
2486,307.080855273,508.433406,616401.2982,5.21849419774,10,
2487,307.123181812,322.875306,13402661.1907,2.82177905117,10,
2488,307.12548855,614.91507,13454901.2939,2.81021060623,10,
2489,307.127437009,36.4066794,1158889.49068,3.74791199039,10,
2490,307.149182263,300.84456,2939710.21391,0.767955435951,10,
3782,388.220486789,820.2615,1590167.09633,8.5157373773,2.0,[M+Na]+
4506,455.324796655,40.9748337,1400187.98588,7.69728309184,1.0,[M+NH4]+
2496,307.242050338,76.373052,616441.983838,8.10363625003,10,
2498,307.311177044,61.652394,420454.521695,10.2296054322,10,
2504,308.09956302,33.6549486,188461.991226,6.85618266462,10,
2505,308.09024482,459.231972,55014.5600124,14.723979926,10,
2506,308.107220151,380.290203,441509.716314,6.41026087099,10,
2508,308.128588017,543.838224,274665.890316,3.95628173197,10,
2509,308.144773065,266.771955,5420821.08539,4.88404765734,10,
2510,308.14613454,535.604871,6068327.11149,2.18675940644,1.0,[M+NH4]+
2511,308.161014908,56.0647002,1851036.96902,7.65784303162,10,
2513,308.850514882,440.542902,14031165.8623,6.47990749436,10,
2514,308.934535547,464.407266,3102753.12548,7.53575669394,10,
2516,308.999834451,541.356576,57010.5527463,10.7106659692,10,
2517,309.026496532,1396.78596,429889.26484,9.58093005304,10,
2519,309.065646114,199.068252,9379640.19862,3.48229665909,1.0,[M+H]+
3726,384.136128086,33.3644655,164577.322036,9.64363106007,2.0,[M+Na]+
2521,309.112313622,499.661349,4812261.57958,3.49925632694,10,
2522,309.148919941,118.835361,7575133.42902,4.59713127576,1.0,[M+H]+
2525,309.218233995,344.756538,9536920.20603,9.74320247638,10,
2526,309.218157595,407.89554,470998.225401,2.63948043066,10,
5047,507.268531475,319.81395,4460758.48556,5.12339762406,2.0,[M+Na]+
2528,309.29096212,86.818809,11206767.4644,1.20682915052,10,
2529,309.870698213,51.3417138,1097025.81183,5.49272326695,10,
2789,325.959899866,90.937848,2103605.07634,4.12477162726,2.0,[M+K]+
2531,310.025287279,473.919252,13988780.7652,8.14518217421,10,
2534,310.071979351,420.198816,71292.8452214,4.58225364193,10,
4710,476.236649673,328.088337,1273547.23267,0.775708350431,1.0,[M+NH4]+
2537,310.174508947,301.364382,26313483.4573,2.26956883279,10,
2540,310.848003238,434.752689,8646882.00732,7.41343692087,10,
2542,311.038966516,452.831268,125429.737755,4.01945980591,10,
2543,311.058409282,1404.99348,53369351.7058,12.9630306065,10,
2544,311.080581948,48.8607363,2174955.98947,5.72707446152,10,
2545,311.092722162,121.724907,2175898.24844,10.7169450924,10,
2547,311.124780483,566.419314,1577756.59101,8.19198495029,10,
3352,360.141174157,515.88087,281357.005898,8.19456352608,1.0,[M+NH4]+
4045,409.112101651,452.260272,11061300.4088,3.49751619222,1.0,[M+H]+
4400,443.316647606,40.661523,1110862.90736,14.4827557866,1.0,[M+H]+
7504,984.279196377,36.2469336,572952.278039,11.1074296595,2.0,[M+Na]+
2558,312.136633684,614.29476,531746.289805,4.97511882688,10,
2559,312.144127227,105.082449,15335188.5657,1.53391387168,10,
127,128.01825277,408.421092,858000.352427,6.16374428981,2.0,[M+K]+
2562,312.217825915,182.117346,89490318.2767,1.8827502713,10,
2571,313.122298261,338.424468,811226.256778,0.516238958952,10,
2573,313.14019467,40.818021,1992005.84948,6.64423472164,10,
2575,313.15531612,73.867203,22554319.492,0.927199669993,10,
2577,313.203173367,86.977872,12449034.4863,2.55058257395,10,
2578,313.201626054,53.2238418,243341.027243,7.66458657567,10,
2580,313.260741617,660.9435,2181165.18996,6.28809558746,10,
2581,313.322323076,84.742827,38447574.289,1.63834457987,1.0,[M+NH4]+
5096,511.349714339,61.649526,728284.788103,8.49264958879,2.0,[M+Na]+
2583,313.36661131,57.9030618,1401717.67993,12.2195995937,10,
2584,314.010354366,40.035909,1514968.7397,5.94747842517,10,
2588,314.052422673,40.3488399,651958.290863,11.2979104114,10,
2591,314.092423792,165.809196,73229850.7786,1.41928453709,2.0,[M+K]+
2593,314.119178907,35.6098728,1206024.33383,2.59357444457,10,
4619,466.231005249,616.73214,1103467.64764,5.16201255142,1.0,[M+NH4]+
2595,314.126202967,177.384954,5277942.18378,11.5215623744,10,
2596,314.13582563,457.193976,55008.3803063,11.1648266563,10,
3947,401.240600589,404.169987,15599653.9139,4.88781713942,1.0,[M+NH4]+
2599,314.224046524,182.13354,1463415.72395,1.80656714646,10,
4098,414.139349277,616.49145,5133699.62272,4.36956553897,1.0,[M+NH4]+
2606,315.064774377,40.3488399,2288330.06342,7.89774516472,10,
2607,315.083369416,33.003948,84576.3948328,10.7316800825,10,
2608,315.117384427,503.036322,133291.058327,12.7220288025,10,
3815,391.162346498,335.024364,1679997.64729,2.91248640292,1.0,[M+NH4]+
2610,315.135593368,53.5386441,391956.749367,13.7900984455,10,
2612,315.146063001,380.186466,201848.585431,9.15253240638,10,
3799,389.317415991,106.827561,8257430.5082,3.08146024119,1.0,[M+H]+
2618,316.024492854,330.72825,210681.658534,12.1202351065,10,
2619,316.061038961,632.99946,949376.866298,0.915416034947,10,
3666,380.115388544,559.915044,567576.70875,14.7505946713,1.0,[M+H]+
3510,369.154781379,450.625266,1871257.45918,2.28240981323,1.0,[M+NH4]+
2626,316.162592282,110.338164,5253738.1016,1.62247331074,10,
4582,462.221961096,647.90592,49584915.6192,13.2664341084,2.0,[M+Na]+
2628,316.235601343,85.702509,2311664.3305,6.86628306518,10,
2629,316.24907845,165.653574,6726604.49702,3.41518213427,10,
3380,362.059999886,331.604757,502328.027121,2.24651918195,1.0,[M+NH4]+
3171,349.043814921,33.6676449,138708.307601,3.25082081829,1.0,[M+H]+
2638,317.128734514,562.544583,5047166.25419,1.70627465758,10,
2641,317.182718442,391.902762,3330897.98804,3.02957995667,10,
2642,317.182997981,680.63076,74648.8595751,9.57814112349,10,
2644,317.227639086,139.752426,5948614.57337,6.87131698989,10,
2645,317.227647391,157.274718,3528023.79204,3.93141295585,10,
4228,426.358323029,69.459732,1963914.01591,1.54025500856,1.0,[M+NH4]+
2647,317.924494632,442.454466,10226053.9058,5.66052535161,10,
2648,318.026999837,415.376616,2527167.59697,1.60476034188,10,
2651,318.070808947,607.35204,92151.8886996,12.1156138586,10,
2652,318.107143491,452.251137,270524.778954,6.84887897999,10,
2654,318.174452506,84.900261,25970551.3922,5.091238465,1.0,[M+NH4]+
2655,318.182440041,122.525664,519680940.137,11.9934913564,1.0,[M+H]+
4361,438.228116271,58.5274866,16926905.0313,0.344983832245,2.0,[M+Na]+
2659,318.505484569,1506.5283,32216723.2274,8.80217674464,10,
2660,318.879330939,434.5668,62819120.5511,12.6869748916,10,
2662,318.919151694,442.685568,32810806.2668,4.95088726883,10,
2663,318.993389091,276.156462,272340.951255,12.3529300556,10,
2667,319.137282932,323.486178,4220621.05158,1.8674663332,10,
2668,319.126303251,535.270506,68187.6983163,6.30816361281,10,
2671,319.14110686,356.019351,4987533.033,2.37506859003,10,
2672,319.162395129,203.165676,2295814.55522,3.62985170837,10,
2676,319.300241705,38.4690372,696128.1866,5.98116649394,10,
2679,320.018408199,40.1925264,404248.828331,12.0746077694,10,
2682,320.08390387,337.784946,527611.382201,7.77079321441,10,
2686,320.145286445,356.25837,742167.253887,3.94997106476,10,
4732,478.172317485,38.4951774,442381.05818,13.3255742578,2.0,[M+Na]+
2688,320.165512175,524.842308,276723.261274,5.17517894667,10,
2689,320.1824118,390.020268,35211559.6424,2.61431146336,10,
2694,320.717648795,143.020674,1375830.47487,6.08389027077,10,
2695,320.717747815,158.854572,879848.486936,12.7263622002,10,
2697,320.989467601,106.068573,4275319.14508,3.94598695644,10,
2698,321.036365557,382.460316,313710.418621,8.94591862815,10,
2701,321.063619991,69.460086,411203.447122,9.06653372236,10,
2703,321.098734257,140.386488,13601306.8256,9.89718072092,10,
2704,321.12382517,453.217878,5140095.28282,3.00941299115,1.0,[M+H]+
2706,321.161801098,35.4502488,702736.268127,3.66600788691,10,
2708,321.18605631,393.083808,4156038.00439,13.5158403079,10,
2709,321.20707385,40.3491438,1403543.44522,9.77694423685,10,
2710,321.266141325,94.771143,1245075.52253,3.43185539704,10,
2712,321.998813972,459.275154,792823.953052,10.6432041687,10,
2713,321.997848563,116.111823,293696.287539,7.4503808611,10,
2715,322.057823006,33.9875688,812817.327822,2.6546635421,10,
2716,322.057616008,445.437933,11968794.2222,6.61961513677,10,
2717,322.055642943,282.65661,25618465.1685,2.90750990492,10,
2719,322.078597329,461.680068,268848.526058,8.56844691572,10,
2722,322.161841377,501.749832,10887911.0613,1.36913155431,1.0,[M+H]+
2723,322.165938454,39.7237212,1406099.26014,6.36373935477,10,
2725,322.274884422,39.0984072,1404166.05557,9.06083905941,10,
2727,323.005549234,629.15592,57712.1550705,9.03293684356,10,
2339,300.025121998,1504.05168,5236035.00205,13.1110098983,1.0,[M+NH4]+
2730,323.039605878,431.441385,83598207.6162,2.63323147704,1.0,[M+H]+
3007,339.01879462,2066.49849,18992284.5213,11.2092470269,2.0,[M+K]+
2732,323.051798347,33.9875688,581949.432346,3.72727369044,10,
2733,323.05852337,87.135864,1186051.72727,5.10287605764,10,
2734,323.065939718,553.65387,878968.917708,8.0451743204,10,
2735,323.070005234,33.8209434,3885272.30635,3.23560759802,10,
2736,323.081413622,141.377985,3082125.62545,7.28321103574,10,
2738,323.097441758,606.00804,39576.6440142,13.8165411608,10,
2739,323.103218855,540.009726,25990.5882819,12.6577192987,10,
2740,323.135164628,97.454619,7804042.92809,4.8205711936,10,
2742,323.139876717,382.598751,1474900.41332,5.77492371203,10,
2746,323.154593418,320.262756,5715471.3985,4.02381192529,1.0,[M+NH4]+
2744,323.145677996,516.446256,154120.150476,13.9913683341,10,
2745,323.152390162,489.75072,869736.395767,3.82630763435,10,
2749,323.249750906,41.2885122,205749.685846,12.0567523948,10,
3569,373.245554764,310.725006,24129157.8366,9.15244491556,2.0,[M+Na]+
2501,308.065146014,1404.84174,985992657.103,13.0742561132,2.0,[M+Na]+
2758,324.060274801,96.648615,7961594.14329,1.74178997937,10,
2760,324.062859437,502.846266,78124.7739493,4.3054656117,10,
2761,324.091680141,331.334496,773576.613465,5.17016127063,10,
2763,324.11231007,33.3180708,50173.8237108,7.9618075643,10,
2764,324.156194362,389.147013,2795019.62066,10.3794500597,10,
2765,324.156439402,325.308171,11687279.1411,2.29535467105,10,
6044,603.37273994,302.76048,7001692.73457,0.718658699328,2.0,[2M+H]+
2767,324.160075483,134.014968,6487573.87935,5.0374591663,10,
2768,324.17883749,275.813157,927853.847426,3.56012027419,10,
2770,324.265581342,84.00666,554397.127632,6.85634402376,10,
2774,325.036712207,488.276166,300879.875157,12.0506050996,10,
2775,325.038155731,1504.42653,12832716.3557,11.2438310151,10,
2778,325.063975601,96.810183,785676.603191,5.09986860645,10,
2780,325.093412955,131.161344,7114544.02896,7.78669509278,10,
2783,325.133985022,507.735054,10138113.6526,1.72675387879,10,
2784,325.153382965,233.93922,4216311.8897,2.90754899821,10,
2785,325.194029065,179.326956,2082153.34133,10.3643005859,10,
2786,325.249618846,41.6021322,3655429.23809,5.08521036328,10,
2788,325.321842844,63.842622,3270299.0265,1.11530537907,10,
2790,326.012760666,1404.73362,19386312.4574,14.1274913841,10,
2791,326.048776316,602.37186,27487.3761781,2.37617495792,10,
4569,461.192132008,618.31068,11814328.7242,1.03352680082,1.0,[M+NH4]+
2793,326.127822613,40.9748337,1998468.93739,3.26075195247,10,
2794,326.137713976,507.418554,1402193.74859,5.60734042108,10,
2798,326.148519075,301.487925,36560040.0301,1.90772633623,10,
2800,326.157493336,320.568954,305452.710902,10.5750541296,10,
2801,326.378765996,56.0344944,366101045.861,3.61216207358,10,
2802,326.379060694,42.0709005,103330642.062,3.61559064193,10,
4364,438.856308392,448.127229,1392882.7222,11.1103238337,2.0,[M+K]+
4344,435.975817725,445.639863,724435.843512,6.55569800023,2.0,[M+Na]+
2805,327.007545809,40.035909,1118419.57894,7.26915828407,10,
2806,327.017338783,122.518272,756369.102406,7.26644440753,10,
2807,327.028655805,40.9749042,496552.760049,2.01200825745,10,
3361,361.085892968,33.1589415,127841.938991,10.1735687005,1.0,[M+NH4]+
2809,327.050964621,72.288846,176535.189504,11.1572407491,10,
2811,327.093463595,349.456524,601928.014087,2.2133977274,10,
2812,327.107251765,614.92446,13667984.5151,4.88529204018,10,
2813,327.115829303,562.3926,1110142.34832,8.46959845428,10,
3407,363.167426033,354.706548,2918782.60805,1.02402225236,1.0,[M+H]+
2815,327.156044711,40.3791675,800384.054163,6.46559516634,10,
2816,327.152126248,339.45945,569695.389137,0.454230643868,10,
3081,343.296630562,94.736439,22703553.2393,2.18528560579,2.0,[M+K]+
2819,328.015500645,463.320444,2719703.5596,7.06108880582,1.0,[M+NH4]+
2820,328.031330334,460.673334,653819.176707,1.9634422691,10,
2821,328.070276644,105.716886,1181367.34684,4.82739707319,10,
2823,328.111152288,615.00855,1509047.72927,3.98878765411,10,
2824,328.115201112,552.116148,661971.480455,5.47949520931,10,
2825,328.128087331,351.673518,2898618.74593,2.47646065453,10,
2826,328.173052615,722.41986,89797.3594314,9.73397053502,10,
3136,346.234363581,169.902375,432835325.515,1.79199207349,1.0,[M+H]+
2828,328.223855866,282.031617,135396011.094,1.5332656592,10,
2829,328.224306579,201.867684,32813820.3272,6.12212386995,10,
3906,398.313226746,58.5274866,187199186.127,1.73902925767,1.0,[M+NH4]+
2831,328.385789833,42.0709005,2548323.67827,6.63447355267,10,
2832,328.811935928,449.246907,950941.726784,7.40800349131,10,
2833,328.940829715,449.944521,341257.460897,4.95630179847,10,
4638,469.011930633,40.5051516,1596538.79675,3.32830202373,1.0,[M+NH4]+
2836,329.023203434,40.1925264,3956364.97341,7.64362892608,10,
2837,329.028734939,452.251137,9697303.49134,13.6249597539,10,
3106,345.011228843,747.37569,180689.206728,7.64322406596,2.0,[M+K]+
2840,329.059669657,33.1589415,648582.530175,7.39227188616,10,
2841,329.086588063,616.806,3429071.82608,4.32135256561,10,
2842,329.107287351,615.32229,10146985.369,3.83282253206,10,
2845,329.130519127,35.6098728,3799031.95693,2.63239451086,10,
2847,329.207505627,61.649526,432859.588382,8.29136684075,10,
2848,329.252636135,158.206698,2174805.90436,9.6097751634,10,
2849,329.31721346,135.911076,4249458.52909,1.7123446464,10,
2851,330.060786193,326.056788,6242564.17878,1.56123036325,10,
2852,330.060768868,363.531117,1733929.06122,4.70337898027,10,
2853,330.049983569,447.28053,106447.0342,14.687091459,10,
2854,330.065556905,526.109676,238648.92403,3.27433873774,10,
3635,377.317307027,133.414908,21786238.2366,1.88698222611,1.0,[M+NH4]+
2858,330.337179702,55.7196912,15996398.6309,2.03207107669,2.0,[M+K]+
2859,330.938093368,449.944521,142487.343434,10.5859068386,10,
2862,331.049946912,1512.43677,70648220.1615,3.18190768095,10,
2863,331.038537994,40.1925264,1184273.06246,10.7187215508,10,
3607,376.154400994,52.3436088,840291.86492,9.07706018055,1.0,[M+NH4]+
2868,331.145859548,35.4502488,213701.823512,9.61160631875,10,
2872,331.198714045,450.621012,5662705.1032,2.290711878,10,
2875,331.284922295,62.15247,1076241.81052,11.6836074876,10,
2877,331.998296198,330.94602,407247.346326,8.92981024162,10,
2878,332.018714366,34.1526345,67510.6144898,14.4087240884,10,
2879,332.068544752,561.593403,1276466.90238,5.45722169028,10,
2880,332.083387169,54.9435669,9617194.24279,7.70561967426,10,
2881,332.097267934,170.959104,120064912.815,4.72936671747,10,
2882,332.097541353,354.494742,2627338.96018,9.00536482912,10,
2884,332.122812461,452.574324,174925.840977,10.0972957302,10,
2885,332.137916923,89.198046,1651466.03888,3.43651205383,10,
2887,332.146147664,457.24536,776170.737545,0.485442860285,10,
2888,332.157616857,584.219703,2534384.9442,3.94800374642,1.0,[M+H]+
2890,332.1980571,40.1925264,2749892.72584,3.04562138135,10,
2892,332.218849024,300.571884,40535650.3514,1.92296571306,10,
2893,332.331815232,56.5031763,36810423.8086,3.59341558956,10,
2897,333.044738978,487.997169,1123295.17518,2.64551654233,10,
2898,333.066027315,529.91568,499456.109297,14.8619174069,10,
2901,333.115960557,608.34258,74473.7637457,11.113776257,10,
2902,333.12186148,182.42352,4097529.73421,1.45954455865,1.0,[M+NH4]+
2903,333.134242412,401.914011,1388030.48339,5.96893867275,10,
2904,333.145365475,40.0362786,791015.07189,10.7735941167,10,
2905,333.156701451,367.779903,15154762.2493,1.6993111111,10,
2907,333.177772359,529.951356,12668573.5449,1.65483057008,10,
2908,333.177873577,512.5719,8155501.93637,2.43496996811,10,
2909,333.214462324,739.54017,681605.787349,5.48668889366,10,
2910,333.239465518,422.86431,267894.806123,10.5068447783,10,
2912,333.33525328,56.3491722,8456808.93652,4.84182988903,10,
2914,333.998887943,452.897382,2175311.20033,4.99110708582,10,
2916,334.045677309,94.102134,637040.345286,8.91858435811,10,
2917,334.081068955,451.93728,1242935.45674,1.12429158837,10,
2918,334.086130272,33.9813048,65719.4741606,8.66043426985,10,
3642,378.117156539,659.18961,548562.721857,3.58332665351,1.0,[M+H]+
2923,334.140819668,503.521509,445326.221352,12.7726828425,10,
2924,334.198209148,348.647028,27885722.6866,3.82409707104,1.0,[M+H]+
2925,334.198178169,367.729722,45888957.9451,3.36906326429,1.0,[M+H]+
5161,518.298972748,131.322789,32912532.5231,3.85462974781,2.0,[M+K]+
2927,334.311797668,38.7839118,1533228.97561,3.10954605968,10,
2929,334.989358158,33.8501337,72662.5814425,6.26225478323,10,
2930,335.048920269,33.7189626,24000.5519296,13.0415483907,10,
2933,335.084886864,761.91138,5620552.88433,6.28676385961,10,
2934,335.140333793,629.45406,64481.2458845,6.11519156306,10,
2935,335.13977521,86.17974,1870653.11505,1.82947337721,10,
2939,335.258955414,38.527686,1321766.96261,5.0656490461,10,
4830,488.359751952,39.4111581,2651488.10728,1.59653785715,1.0,[M+NH4]+
2944,335.919111332,458.958096,113288.943466,2.29245869654,10,
2946,335.992531225,40.3488399,1229819.80592,2.28354602179,10,
2947,336.046442668,324.444282,1015802.57826,1.84867754876,10,
3927,400.042917916,430.188144,6209382.83786,3.45318786561,2.0,[M+K]+
2951,336.087983069,646.9695,7652488.53833,5.86797071859,10,
2952,336.106303,508.403427,683968.910091,6.37034400864,10,
2953,336.108062293,723.11598,567536.151312,2.42064663955,10,
2954,336.112499472,83.367162,880470.802149,3.43495329119,10,
2956,336.138708,123.005901,28961358.2584,13.3992125604,10,
2957,336.141180521,698.42223,2565581.22435,2.59405471117,10,
2958,336.142453225,460.608462,81759.4760477,2.66731313055,10,
2959,336.156500525,184.692408,18723445.9098,1.0847708422,10,
2960,336.161696769,33.1589415,150306.056934,13.6086091764,10,
3805,390.112159622,499.338657,13615977.569,9.83702783797,2.0,[M+Na]+
2962,336.177121266,91.248468,869820.348126,3.70555626894,10,
2963,336.192686847,131.318787,47040388.6266,0.771248799089,2.0,[M+K]+
2965,336.327048206,38.6261679,10536869.4693,4.35513581244,10,
4304,433.005505211,475.011,6745952613.3,1.06175602425,2.0,[M+Na]+
2968,337.038728078,54.8178975,38102013.2811,4.2847377872,10,
2974,337.151940481,460.953606,246483.502248,9.20295756211,10,
4086,412.343560485,117.227622,12386257.1972,5.80196797751,1.0,[M+NH4]+
2979,337.322286969,82.822779,38728901.5776,1.3978589739,10,
2696,320.877416587,434.91093,17842255.8502,13.3732347627,1.0,[M+H]+
2984,337.998390996,445.961028,1708148.3825,4.9465029986,10,
2985,338.013407381,102.862269,10333586.8354,2.05306269134,10,
2986,338.031806634,33.9875688,407268.900346,8.06234040126,10,
3774,388.027814585,461.815512,392216.342069,12.9613928671,2.0,[M+Na]+
2991,338.135554085,301.364382,232332.86009,11.1179002839,10,
7332,865.407049013,514.030452,699963.017398,6.60952332983,2.0,[2M+H]+
2993,338.169362538,385.71198,2455663.21699,13.5713408276,10,
2994,338.163912971,36.2473677,685674.627243,7.15088587136,10,
2995,338.169499004,404.892162,2934924.46222,5.42189167936,10,
2996,338.206356333,141.020412,3646212.95988,5.94476537267,10,
2997,338.223280333,61.337589,587616.761809,4.58169280219,10,
2998,338.233514357,153.31095,13469092.6282,0.1901368706,10,
2999,338.292306493,100.634904,6352080.70213,2.45785595792,10,
3001,338.300446742,321.058947,673187.057622,6.70016092919,10,
3002,338.305934402,61.681659,1190851.75006,3.8785541167,10,
3003,338.325849556,82.856604,8702884.5278,2.69198578851,10,
3004,338.342651123,38.3107911,93648825.7256,3.17808214966,10,
3006,338.968473525,43.1830122,236608.887626,9.23507577775,10,
3462,367.028429422,43.8120789,2452642.50106,8.00325898226,1.0,[M+H]+
3009,339.040016916,553.728135,496557.028746,8.92011508624,2.0,[M+K]+
3536,370.989471902,34.157067,1955523.17486,6.50075544542,1.0,[M+H]+
3011,339.064959851,39.7237212,7611808.24211,4.90734178531,10,
3012,339.074407885,376.691967,1181811.4714,48.1272686881,10,
3013,339.093815189,505.560999,2230129.67862,6.20491957391,10,
3016,339.149504358,324.76716,114161.717566,8.37747660448,10,
3018,339.217784907,40.6612788,946188.757192,2.41645028364,10,
3020,339.254085991,42.2590968,11168151.154,2.35815242679,10,
3021,339.27682368,260.603808,29255209.136,1.08493705889,10,
3023,339.33793667,81.23547,30059572.7737,1.16185060519,10,
3028,340.068063748,357.561864,1400151.9273,4.68297975293,10,
3029,340.069031397,331.615746,4292836.14947,1.4657378421,10,
3030,340.105501087,506.033436,1252518.9117,12.3752831024,10,
3032,340.151257446,390.251286,2027588.29791,2.63009049947,10,
3035,340.164269981,105.436707,44957217.1941,12.5181654683,10,
3036,340.164390642,301.487925,8588989.81795,13.9736387058,10,
3039,340.227736352,33.660582,282607.686476,10.0016530195,10,
3041,340.349429686,38.152545,2231650.8847,4.36764674453,10,
3042,340.882651421,423.825048,286447.854346,4.17182818179,10,
3043,340.937392052,121.57179,646554.617067,4.4566689024,10,
3045,341.023840733,1507.8873,20311984.1675,9.95411936655,10,
3046,341.067441936,130.851486,6261051.93348,7.24468675415,10,
3049,341.09262549,374.848872,384481.828654,1.17418930604,10,
3051,341.123173546,356.337354,771642.486115,7.03306607174,10,
3055,341.168039339,179.888916,4326298.83443,2.85578995811,10,
3058,342.042904282,33.8555259,63813.6674312,7.45422973011,10,
3059,342.061897502,229.298067,12734921.29,3.9018441778,10,
3060,342.082009745,617.11896,3025043.11962,2.81734672254,10,
4308,433.208416606,38.9409735,3040934.18576,5.11268231613,1.0,[M+NH4]+
3064,342.140809648,628.716,2078863.74905,3.85082424238,10,
3067,342.164402667,388.712154,1928480.18218,12.9926589328,10,
3068,342.184131625,331.485195,288892.308016,6.5026398855,10,
3072,343.006294352,144.570891,3166827.57367,4.07089490063,10,
4211,425.061998337,374.976348,108615.288575,10.8007959583,2.0,[M+K]+
4548,460.188945977,40.818021,608876.245716,12.3571024697,1.0,[M+H]+
3078,343.173229123,169.278879,23650375.1257,8.84817884538,10,
3079,343.203350125,301.878558,217018.581437,10.3893098851,10,
3080,343.268558482,143.28852,2545692.65098,3.50451310815,10,
3966,402.35876192,70.245402,67419186.5681,0.74206039904,1.0,[M+NH4]+
3083,343.989854118,459.974712,1253406.98326,10.1271160863,10,
3084,344.005658765,459.949344,881224.569874,4.80492195746,10,
3086,344.050527357,105.629898,2095855.56504,0.863325697137,10,
4159,420.154498266,301.48287,433147.206948,13.164549858,1.0,[M+NH4]+
3088,344.105171795,359.819964,426081.906722,7.2802754318,10,
3090,344.12307859,447.613158,8842021.29569,10.853004257,10,
3093,344.171580918,40.818021,646622.817857,4.51793815593,10,
3094,344.182750655,301.528743,2798198.73192,13.0858535875,2.0,[M+Na]+
3097,344.255539413,41.0052246,481554.044856,10.7040484546,10,
3099,344.25573923,585.184806,250866.424907,7.72628747996,10,
3100,344.280714261,142.471659,13905943.5653,1.95663506173,10,
3102,344.353157449,67.583865,6354134.75042,4.09067683794,10,
3103,345.00277934,452.246193,5851517.40584,11.5731775189,10,
3104,345.003634385,144.434709,2585125.33876,10.8400321244,10,
3109,345.081483379,615.55176,18462968.3493,4.6715797324,10,
3111,345.079375702,536.915118,40868.3085869,13.0354961096,10,
3114,345.145644383,224.061978,46574248.7894,2.07811300901,10,
3115,345.152948805,43.9688904,860155.081192,9.45472671251,10,
3116,345.222095847,111.620661,296478.78199,7.04927960149,10,
3117,345.250725047,234.403899,17413808.6037,2.98119007113,10,
3118,345.284118855,142.471659,2756726.49932,2.11070696696,10,
3119,346.044812782,108.417486,889233.657087,12.0107593941,10,
3122,346.085921976,331.496184,351810.045566,2.58490998526,10,
5191,522.150661728,41.4451416,7216165.41692,10.6493378403,1.0,[M+H]+
4606,465.217153084,191.094492,33203690.4154,13.9822933422,1.0,[M+H]+
3125,346.105511057,561.545715,1023520.94498,5.13729741709,10,
3126,346.115031675,453.226641,497402.250614,6.78559665133,10,
5226,525.195445651,86.818809,1098021.92762,3.1930564609,1.0,[M+NH4]+
3128,346.125502663,560.648598,3894626.49849,2.55603464438,10,
3130,346.141007473,354.714222,50716.8305545,12.1911192785,10,
3131,346.156249393,282.500298,3071014.86304,5.48275853169,10,
4876,492.24300677,574.556889,1515651.61452,1.55632977514,1.0,[M+H]+
3134,346.20945329,809.19813,381584.294905,14.1538785806,10,
3135,346.205578854,39.5674689,2357351.56812,8.16042655217,10,
3138,346.245927689,340.657068,1509936.20728,4.85268359107,10,
3139,346.311129314,57.4385424,1226715.91604,8.36796813392,10,
3396,362.930338467,539.083677,508629.686116,13.5402670762,2.0,[M+K]+
3142,347.00076341,452.246193,1185137.78656,14.9152847769,10,
3143,347.046753551,33.6549486,380084.85265,8.65563797631,2.0,[M+Na]+
3144,347.039191781,424.826253,966630.247513,7.7710637343,10,
3145,347.057188593,41.1317082,1307557.27988,7.57539697905,10,
3146,347.08138074,487.997169,9433597.51547,1.54558821887,10,
3148,347.110926266,33.9813048,56677.9708944,12.5501263466,10,
3149,347.127540465,134.325204,3154029.32844,14.8012035025,10,
3150,347.146082055,328.037451,2541081.2146,2.78563879014,10,
3152,347.241031157,298.933131,1671885.66897,3.00919801025,10,
4261,429.337782992,39.1579356,532943.923632,6.73687942827,1.0,[M+H]+
3155,347.316650043,37.518918,611297.322438,6.93340686618,10,
3161,348.213692033,57.5965338,2850085.48242,2.938818749,10,
3162,348.233407682,708.52284,191899.942648,1.50101987351,10,
4532,458.310842892,299.125194,1431497.46438,4.42187296819,1.0,[M+H]+
3166,348.290815153,40.3791675,3494072.40445,7.90027198865,10,
3168,349.008848817,116.497578,1895983.00552,1.77697058611,2.0,[M+Na]+
3169,349.026145438,34.3114362,32249.4547574,2.19905090234,10,
3170,349.03972218,529.686402,433317.104776,2.97066378406,10,
3172,349.080692146,534.744699,1460769.88554,1.13657627422,10,
5813,578.215676054,34.157067,322056.457332,4.76506585444,1.0,[M+NH4]+
3175,349.156819814,33.3180708,165052.14969,7.74775659829,10,
4528,458.225939129,424.19982,379239.755579,7.24057641709,1.0,[M+NH4]+
3177,349.170330453,152.349591,3341008.26688,1.79071004831,10,
3179,349.231801484,389.536224,731355.809546,10.1811931519,10,
3181,349.238654151,39.7237212,2908452.40005,1.82152892797,10,
3187,350.098829665,423.027873,140382.169806,14.8219359584,10,
3188,350.095400084,99.836916,795061.785712,4.63108950393,10,
3189,350.130711918,465.78093,1218524.752,2.98371032471,10,
3190,350.187547015,60.395664,6636868.08211,3.58938930809,10,
3193,350.306598299,38.9409735,2327482.05033,3.79940298432,10,
5290,530.072399513,360.182961,223893.919618,12.8700237467,1.0,[M+NH4]+
3196,351.085063918,452.888748,330635.769893,4.29514869067,10,
3197,351.151258344,499.478856,856164.251743,12.0934740429,10,
3198,351.186205419,238.403808,14009281.5053,13.2775898372,10,
3629,377.223093264,33.3180708,295654.329398,6.44789362738,1.0,[M+H]+
3200,351.224808064,506.632875,484105.869784,3.67932713209,10,
3201,351.217837046,39.7232916,3057896.2397,0.747193029869,10,
3204,351.309923266,38.527686,306888.980337,11.6423034578,10,
3205,351.313045003,99.998037,1811864.13259,1.95910365066,10,
3206,351.338062269,90.621474,13771809.4652,1.07348721711,10,
3208,352.064226959,576.683808,49748071.4224,2.33753414981,10,
3209,352.135621031,87.803808,20358629.2521,1.19395573918,10,
3210,352.166647001,85.542756,45966048.1269,0.96463758823,10,
3211,352.187935245,188.173062,42068481.552,2.72789054365,1.0,[M+NH4]+
3212,352.187908956,221.483376,23156296.8292,4.00889158473,10,
3214,352.252488176,59.1801153,2994456.52594,2.54580960762,10,
3215,352.322029147,38.6261679,23053414.5617,2.37782376299,10,
4753,480.102881529,54.008076,52254351.0728,5.47441958837,1.0,[M+NH4]+
3219,353.05475719,41.1317082,929263.162562,7.02677090658,10,
3220,353.068006549,576.683808,5530578.62541,1.96743374711,10,
3221,353.065106415,41.1317082,1088098.64016,3.95223368606,10,
3223,353.18798137,506.190813,1728655.34252,3.70034410691,10,
3224,353.19159926,187.873752,7505701.3784,1.92913867691,10,
3225,353.255343656,55.0990029,20114674.202,3.60871299914,10,
3226,353.281077777,40.6540302,613838.590988,5.29028514447,10,
3227,353.292117263,151.707657,424138.398125,5.25996046793,10,
3228,353.29212032,319.059072,381893.956603,8.44000079338,10,
3231,353.989381613,330.847872,565197.822591,5.34222655596,10,
3232,354.012685797,275.520336,83174.1186643,14.6630902174,10,
3233,354.024187187,110.500977,395447.937549,13.0371534237,10,
3234,354.02962025,425.150928,959480.419463,5.35147595084,10,
4474,452.049870464,431.731521,5876800.73118,1.9534461401,2.0,[M+K]+
3237,354.118111508,331.941372,579835.487874,6.678586598,10,
3238,354.116968248,43.498206,2711871.10055,4.56659053073,10,
3241,354.164687444,301.528743,309736.610682,4.41692880729,10,
3242,354.166734992,62.341542,1352730.75627,7.72590884719,10,
3245,354.214847276,458.261979,1171023.13766,1.59406752455,10,
3246,354.275978086,88.407498,4441793.64884,3.7708654497,10,
3250,355.015412018,34.316757,4018045.68566,2.80262391146,10,
3251,355.020699014,306.66015,258758.013369,6.41247350055,10,
3252,355.01279147,631.96266,1789240.41537,3.24823453565,10,
3255,355.038946423,39.7237212,3642897.89954,4.25512629669,10,
3258,355.11601065,402.99405,722491.229346,3.8804708505,10,
3259,355.137159165,230.081307,1897157.75002,8.60842009579,10,
3260,355.139110732,458.61921,1796340.09426,4.46667507395,10,
3261,355.138327596,442.343202,1227506.42067,5.29674335463,10,
3262,355.218259968,458.600664,145928.171619,6.99165694643,10,
3263,355.982290878,228.806817,7089149.53533,4.15361377678,10,
3264,355.989707962,452.246193,4044243.9812,12.9423687798,10,
3266,356.027177664,425.115912,98439.3962712,10.5050799454,10,
3269,356.132329696,43.3409565,7958726.45074,2.97258468852,10,
3271,356.138126439,105.436707,138205131.108,9.0359583552,10,
3272,356.155966053,887.63673,952794.398951,7.26171931481,10,
3276,356.198643622,332.572809,359142.415102,8.74558726259,10,
3277,356.234456576,40.9749042,1998764.82295,8.97534856216,10,
3278,356.23020426,141.661038,472029.710587,9.90910078695,10,
3279,356.258652771,33.3180708,175323.45669,8.25402169051,10,
3280,356.856354614,425.817066,1125448.84434,11.7008246614,10,
3281,356.961077493,445.936605,94001.3587284,10.0107701713,10,
6323,637.004373773,105.716886,1308286.54883,1.14348995539,2.0,[M+Na]+
6861,730.004092485,144.893583,12087865.4499,5.48989607574,1.0,[M+NH4]+
3284,356.983386292,163.313922,1368273.12631,13.1129133644,10,
3287,357.029464935,1506.9723,8523344.11735,10.5136944712,10,
3290,357.054406642,39.7237212,3626528.50825,6.99930575046,10,
3293,357.118383533,203.10816,3559712.09565,1.77176588192,10,
3294,357.124538487,307.243506,569009.056195,4.7951153021,10,
3297,357.138886744,505.90305,120590.123247,8.95088522757,10,
3299,357.183970084,367.770408,1161787.15276,1.79084142892,10,
5019,505.175956986,331.928061,845798.837422,6.07699807456,2.0,[M+H+KCl]+
3559,372.287120552,262.916169,1481042.94972,1.9973118039,1.0,[M+H]+
3302,357.250878119,1141.26066,13568556.0809,7.22676784838,10,
3303,357.287220239,453.872562,4391166.3944,3.88617992856,10,
3304,357.311858493,72.918468,184670.825812,4.45157924426,10,
3305,357.316964838,36.2469336,94858.6938599,8.15152414341,10,
3308,358.053773541,126.700509,308726.851638,2.81206796164,10,
3310,358.097177594,496.673172,3069180.3837,5.10598998135,2.0,[M+Na]+
3313,358.156718367,302.124921,1832575.46158,2.63862996718,10,
3314,358.16215726,720.68262,5554780.85016,9.55551763751,10,
3318,358.229180725,59.7730995,1563743.94389,7.85156589641,10,
3320,358.271036587,88.718982,25199032.5723,2.58494166862,10,
3373,361.285866092,133.379025,72058714.8913,2.13550529877,2.0,[M+Na]+
3322,358.290956468,453.549006,764761.617685,4.03149440014,10,
3323,358.963532089,105.594831,3252971.35418,3.70873540943,10,
3324,358.980591001,144.754392,8876729.06933,10.6046256551,10,
3325,358.98038565,163.630782,2915857.95653,14.5030025094,10,
3327,359.032496792,374.425806,154385.444555,8.6192910087,10,
3328,359.028369555,34.0026978,74499.0794478,12.5867394902,10,
3329,359.039382508,359.911257,1794898.66605,5.15040597602,10,
3622,377.098155254,404.257788,1628732.97239,2.73343912672,1.0,[M+H]+
3332,359.112553639,33.6897723,144202.493332,3.08618157079,10,
3333,359.122607201,764.28846,683369.392521,2.32999358939,10,
5749,571.177283159,33.313935,70748.4691289,6.1398263033,1.0,[M+H]+
6664,696.540047268,91.886526,9309860.13376,1.97451446378,1.0,[M+NH4]+
3342,359.274444913,89.040744,4692119.08936,3.35604356409,10,
3343,359.327906385,130.598496,377130.632559,11.270086028,10,
3346,360.057916428,461.651523,81238.116229,12.6903353316,10,
3347,360.083207942,453.381126,170525.120227,5.28176632426,10,
3348,360.076454522,533.918448,129480.102044,11.7254344142,10,
3349,360.096012425,561.07296,1090033.16976,8.06258325903,10,
3350,360.12448612,204.756846,4579410.298,3.04620309696,10,
3353,360.166322261,41.1317082,4556471.88208,4.05962126774,10,
3354,360.19548906,53.5372152,329047.54862,2.58924604677,10,
3355,360.261428529,306.777393,699077.411847,12.3142466307,10,
3356,360.265680235,40.9749042,835389.171279,5.52767652568,10,
3358,360.977704193,144.89358,7847125.35522,6.00132518956,10,
3362,361.075488567,505.272558,1173039.19014,2.41184280849,10,
3363,361.090246368,86.81988,1234304.24499,5.45312599544,10,
3364,361.101826198,666.42693,1047240.13177,5.31771382481,10,
3365,361.122890457,626.0106,27051.1805276,3.53862664964,10,
3366,361.148477166,715.39452,1520817.6357,2.77507443982,10,
3866,395.205317684,581.388348,291660.588311,6.04517058871,1.0,[M+NH4]+
3370,361.192233391,621.3306,97152.5739535,12.1481498289,10,
3371,361.209366087,448.942398,11806065.3719,0.543939000088,10,
3372,361.256722556,298.9272,412300.473106,6.61958389946,10,
3374,361.279732581,557.403234,100955.693274,8.64985055304,10,
3379,362.065128302,448.445787,44840.1836931,10.7117080401,10,
3381,362.079056658,561.277968,922494.653705,4.92743435422,10,
3384,362.11236764,325.415034,1416921.12226,2.56826385323,10,
3385,362.119600331,80.760528,8543033.14071,1.9104245551,10,
3387,362.146027296,105.436707,5103845.07623,9.12794291046,10,
3388,362.144136407,556.175022,177683.726756,6.1856835345,10,
3960,402.199746419,535.973868,2630538.3572,2.0153804397,1.0,[M+H]+
3392,362.21013202,301.847496,414466.691471,7.34609929598,1.0,[M+H]+
4080,411.983871777,145.278396,1732260.80835,11.6743761545,1.0,[M+NH4]+
3400,363.045741142,548.491308,43730.4279604,5.47637597285,10,
3402,363.09081416,429.574404,1516366.44534,3.73270044412,10,
4199,424.184132359,492.281142,373307.362767,4.5039286346,1.0,[M+NH4]+
3404,363.156910734,52.91022,196945.533877,12.6221729712,10,
3408,363.167050685,56.6593617,8269785.42887,2.79038732829,1.0,[M+NH4]+
3409,363.215072001,448.951164,189144.587094,3.68703649657,10,
3412,363.290390357,37.197801,2248440.04709,1.71214592272,10,
3413,363.301558033,104.130765,79413086.9926,1.8043560322,10,
3414,363.305342812,39.5674689,9313259.30906,2.58423376791,10,
3415,363.337828627,61.807707,879428.556346,9.14597019089,10,
3416,363.893104113,452.084442,378760.078611,12.1210231031,10,
4043,409.061594221,1397.42784,199519.800245,14.7725452222,1.0,[M+NH4]+
3419,364.116324259,80.601726,2803914.05412,5.40322675851,10,
3423,364.190775832,167.527818,27496230.539,2.9181974104,10,
5032,505.445810569,37.5483054,1327791.79136,2.66780171936,1.0,[M+NH4]+
3428,364.976664983,33.3542787,68409.0146802,13.1981831888,10,
3430,364.996039833,449.948646,278737.049154,6.19138941984,10,
3431,365.003400421,166.278816,8634360.94849,2.38529643614,10,
3432,365.018077904,33.4959477,79235.9353567,13.4374505751,10,
3433,365.019374968,117.707934,1337045.37372,3.00418844164,10,
3434,365.032328025,445.973172,214630.382554,6.95001290526,10,
3435,365.070702675,467.098404,927323.022765,2.8286015412,10,
3436,365.10343584,189.794868,1660299.46989,8.26909045125,10,
3437,365.121775019,42.8662089,3155176.77757,10.8506790195,10,
3438,365.129126446,587.102001,692131.933297,2.62225966337,10,
3998,405.138010525,33.6549486,68531.7522346,4.53681538709,2.0,[M+Na]+
3441,365.187102444,134.008455,17854725.6876,2.45020910904,10,
3442,365.240517367,506.475507,7929619.13866,3.58102980084,10,
3444,365.288538326,38.152539,312662.440998,7.39270713424,10,
3446,365.321917294,39.7232916,2361779.77889,6.52950595112,10,
3447,365.987811793,460.465719,758111.498473,11.0053869385,10,
3450,366.082982884,144.55689,2016531.42044,8.62717255248,10,
5321,532.212881011,359.588703,456669.314043,8.24487779938,2.0,[M+Na]+
3454,366.237580234,105.082449,14370918.3054,3.60243433847,10,
3455,366.231358221,54.1661898,439368.984362,9.02235578753,10,
5038,506.24833303,33.3542787,45603.5341183,8.75279595042,2.0,[M+Na]+
3458,366.26511642,139.897419,42661661.1131,1.45539690555,2.0,[M+Na]+
3461,366.976565943,484.992378,133486464.793,4.81372547329,10,
3465,367.162262706,416.695851,6237653.24542,3.04768784,10,
3466,367.151077883,502.523832,827251.399351,7.09623683609,10,
3467,367.202220703,119.34549,4832276.01149,5.76546295444,10,
3472,367.308045042,142.141656,2660329.30464,2.36864396298,10,
3473,367.307844253,378.327966,810645.039779,5.45576419268,10,
3474,367.304209053,37.6776705,455100.082082,12.3507356708,10,
3475,367.377601244,37.5190461,160038.4826,13.5020207566,10,
3480,368.077633886,72.767388,583593.070151,3.80958083377,10,
3481,368.094875951,105.558135,3391639.13138,2.68503240176,10,
3482,368.107434505,560.706858,1500522.10894,6.06659903703,10,
3483,368.148119624,581.153466,2180452.76363,3.3099285986,10,
3484,368.161795467,144.405267,21679293.0119,0.614472739519,10,
3485,368.159190354,61.337589,314025.01731,9.84029443805,10,
3486,368.18239708,57.9053664,20037710.5932,2.26040237982,10,
4755,480.192017644,506.348253,730516.814611,14.0731955466,2.0,[M+K]+
3730,384.190766684,184.986648,58148156.1871,3.08785725045,2.0,[M+K]+
3493,368.30179638,82.822779,296657.327428,10.8324957146,10,
3494,368.311844595,142.300776,397372.028069,3.17580315048,10,
4464,450.344756824,60.24141,2092073.05923,8.51811275009,2.0,[M+Na]+
3497,368.425689541,57.2829189,16668873.5786,2.90801473583,10,
3498,368.946810259,71.980098,410820.05876,8.93810122264,10,
3499,368.993917443,480.147966,911394.839948,5.12037867535,10,
3501,369.045953713,748.99368,184641.443328,12.8606498774,10,
3502,369.052423013,52.3127925,3375807.56873,6.29702842792,10,
3504,369.093708875,32.8126338,195287.988847,8.87210269845,10,
3506,369.11317041,278.594136,11377825.7481,4.37699624677,10,
3507,369.113598333,491.484912,1153440.20347,2.39038335013,10,
3508,369.16184658,506.348253,11494650.0124,7.32291838949,10,
3512,369.175581379,516.144624,2362554.04481,5.18673178798,10,
3514,369.250844648,1174.71753,80255598.3411,5.77824191624,10,
3516,369.348311237,61.963152,2727868.60754,1.62894798804,10,
3517,369.384802046,71.413362,6526451.94781,2.74124012434,10,
3520,370.078808784,368.65392,116515.145645,12.5201545628,10,
3521,370.102367558,456.913224,292039.666023,2.25744012608,10,
3523,370.155292246,585.735828,64714.106789,8.31275823657,10,
3524,370.159609643,556.731612,30227.8088977,11.3502602488,10,
3526,370.174879821,53.0979738,434751.077938,12.345056682,10,
3528,370.179228939,516.123504,232398.506236,4.10752258932,10,
3530,370.281104234,41.0051541,705490.881761,14.506269674,10,
3531,370.296333854,130.249431,60036672.2224,1.03851640864,10,
3532,370.332863721,39.1277403,2575560.78824,5.17471037151,10,
3533,370.351679152,62.028042,457257.483574,5.48312689734,10,
3535,370.944724763,72.294822,414280.918649,12.8546352837,10,
3537,370.995578207,183.079032,1670868.22309,4.50766190826,10,
3539,371.058165458,459.6342,117239.682314,5.50352907751,10,
3541,371.133894523,376.295208,967610.466089,5.47885750244,10,
3542,371.15733338,642.23124,163810.506441,10.8625454031,10,
3543,371.178633896,222.09954,13764537.3792,7.30759524212,10,
3546,371.336312552,38.4653604,451458.891289,5.16986874992,10,
3548,371.364459206,86.340753,4570181.65142,2.93647582416,10,
3550,372.056327976,43.3409565,118267.255963,8.10849059639,10,
3551,372.076718544,1512.59427,78014946.2328,2.1609625876,10,
3552,372.093005972,629.80416,87545.9304516,14.8339444756,10,
3553,372.162559584,33.6897723,76072.8774702,7.85570469444,10,
3556,372.157610805,301.478166,754512.654261,1.15936655973,10,
3558,372.265591002,40.818021,589730.218919,4.70142517068,10,
3563,372.723044555,620.96436,570854.618802,12.4435050605,10,
3564,372.830189587,428.932644,7581646.07264,6.34731895318,10,
3566,372.986649673,34.1526345,895252.297338,5.19118827978,10,
3570,373.245348877,54.6323829,7230997.70314,6.056335215,10,
3571,373.250652244,2058.80103,2237857.05833,3.84101096213,2.0,[M+Na]+
3572,373.290076532,40.0665405,778023.419347,4.9732893449,10,
3573,373.315484613,129.89187,9184632.34182,1.25198571188,10,
3574,373.31535396,115.799952,2123065.07925,5.25718128124,10,
5304,530.441559112,64.465449,4164366.1412,5.6865830156,1.0,[M+H]+
3578,374.046198915,576.84975,7216507.04863,6.13772471874,10,
3580,374.112989495,184.03434,1901762.83782,1.03842790199,10,
3582,374.149009435,85.220004,1514144.66696,3.79708741109,10,
3584,374.277747193,138.776802,427414.745606,5.24128010734,10,
3585,374.327488503,72.452655,5695388.25471,2.41050519598,10,
3586,374.963794182,484.526442,33749804.2634,6.79393905256,10,
3587,374.96351622,467.065353,21354470.2528,0.933558029739,10,
3591,375.172478724,33.313935,106524.372551,14.5289697286,10,
3593,375.209041629,2058.80103,2006605.41692,2.07941860098,10,
3594,375.224979162,934.77468,7303888.5044,6.04319721808,10,
3595,375.235790824,616.4187,2918996.22311,2.45470186664,10,
6051,604.304320597,506.475507,307832.522023,5.27400754656,1.0,[M+NH4]+
3599,375.270157058,38.7842838,525878.110872,2.08958406668,10,
3600,375.301889844,118.348806,30221168.6953,1.06410729971,10,
3601,375.305759178,39.5674689,7358002.01289,3.92413898237,10,
3602,375.301281814,57.280551,2751097.64766,7.10468045843,10,
3603,375.330942756,72.452655,1149873.37611,5.23606264073,10,
3606,376.027874455,116.149515,925660.265342,2.6616779785,10,
3608,376.210118356,457.573242,47865.2107584,13.2942670495,10,
3609,376.224033529,168.630864,64339748.1091,1.84258627746,10,
3610,376.227424297,90.305166,33641139.0176,0.681039274608,2.0,[M+K]+
3611,376.257872075,55.4125548,1017881.99601,13.7722417626,10,
3614,376.930528422,426.844479,6092231.99918,13.1844596989,10,
3615,376.959605032,106.507746,1041072.09976,6.57973015267,10,
3617,376.986913851,1505.95566,25382752.2831,8.83192080793,10,
3618,377.017779162,53.8499622,302457.011047,6.38264961092,10,
3620,377.060063152,33.1589415,65344.4377175,8.77283461519,10,
3621,377.057160898,660.9435,75290.2230146,1.93690919552,10,
3623,377.124024886,140.055912,828965.552069,2.07328936084,10,
3624,377.146802767,143.437518,20011132.6317,2.28990036444,10,
3626,377.187487068,554.670756,129485.697611,11.2913753884,10,
3627,377.185896519,347.506026,3348541.54303,7.61475835591,10,
3628,377.216742802,143.115342,573952.903625,2.36368336039,10,
3631,377.227390698,168.679386,13952658.4521,10.8246608176,10,
3632,377.238322026,120.930048,260216.395381,13.3637356869,10,
3633,377.262808008,896.81742,23156395.5936,2.80589531654,10,
3638,378.081885628,518.377926,3598221.57481,0.333779995067,1.0,[M+NH4]+
5540,552.199075815,34.6429419,1189300.23204,2.31081144107,1.0,[M+NH4]+
3641,378.120209189,105.716259,14502515.5994,3.35463492073,10,
6852,728.523767126,75.277629,23151324.8827,0.37267238468,1.0,[M+NH4]+
5203,522.934284821,446.295165,169730.58554,13.5417119844,1.0,[M+H]+
3649,379.038684215,669.34683,2134851.22807,11.9929597095,10,
3651,379.100331742,524.823192,105832.158522,12.4634428624,10,
3654,379.144739376,611.99715,665317.682757,6.43393229436,10,
3655,379.16220257,393.962364,681196.799688,14.9898816066,10,
3656,379.183771598,605.32596,229735.618345,5.4518895845,10,
3658,379.238744275,33.3180708,230056.186443,1.98588910042,10,
3659,379.264351668,38.152539,450490.232448,10.8827321259,10,
3661,379.344221606,229.506138,2838654.83013,7.2867018275,10,
3662,379.994807672,43.6553298,519911.736937,7.93411904925,10,
3663,380.068418727,34.4832555,163433.685694,6.16360602161,10,
3667,380.147403955,62.584026,202110.561304,11.5979301299,10,
3669,380.213072835,58.2140598,47673245.3256,2.62732493425,10,
3670,380.247056248,53.5372152,3114739.82995,2.88189502739,10,
3671,380.253294933,556.682004,8522064.67726,3.35508570854,10,
3672,380.352983154,38.146926,240228.81384,3.08448846575,10,
3674,380.95065552,33.3222066,42762.3269043,10.2004273601,10,
3675,380.969826061,448.942398,493243.927777,7.50896936797,10,
3676,380.992826153,117.458196,1011195.30647,1.54136517917,10,
3677,381.008497764,331.121823,396623.997925,6.25926837079,10,
3678,381.015058548,458.61921,32587.4395539,6.50832487689,10,
3680,381.054907061,140.575677,2824205.19353,7.38820500678,10,
5382,537.096899986,447.964548,276328.039916,7.80007353336,2.0,[M+K]+
3682,381.16111782,620.66448,1201227.78847,4.65502795561,10,
3686,381.235330319,506.535489,508819.183424,13.6024027286,10,
3687,381.243499056,38.7839118,901619.384426,8.66285630893,10,
3689,381.252502733,94.771143,7201766.13976,3.14423972579,10,
3690,381.256855226,556.395858,1536733.96936,3.3835091159,10,
3692,381.323533102,120.930048,549496.647573,8.22923986336,10,
3693,381.856727817,451.594626,137642.45313,14.3068887417,10,
3694,381.961720259,459.634962,565894.35959,11.5984846406,10,
3695,382.015696994,1402.63875,22509876.5708,11.5281091829,10,
3698,382.183244573,603.74058,445278.057389,4.94915543503,1.0,[M+H]+
3699,382.198351316,301.167822,3661968.34127,1.16065552618,10,
3700,382.211411876,105.082449,31283528.5177,2.01596358211,10,
3701,382.218224586,574.87737,209484.847661,4.41762976505,10,
3703,382.262911686,54.7880061,5247705.36938,3.09554424301,10,
3704,382.256060414,95.051934,1347915.94548,3.48011051886,10,
3705,382.319271578,39.2843613,1440955.99353,12.1662802814,10,
3706,382.838673855,445.291044,1503829.30268,9.00229945892,10,
3710,383.122876903,556.175022,64017.9350562,10.5983273861,10,
3711,383.157021684,496.301634,511536.18857,8.94089588452,10,
3712,383.167852065,33.9875688,150727.94923,14.9713049103,10,
3713,383.174949191,620.33262,129211.629857,14.0941098285,10,
3714,383.167179658,498.708042,15691093.2839,11.6420833323,10,
3717,383.25414807,40.818021,751424.973299,7.51945834857,10,
4343,435.950396681,458.600664,172444.084857,7.63878442904,2.0,[M+Na]+
3719,383.954104873,463.928697,574785.265766,14.7286807502,10,
3721,384.036195283,511.030026,601385.724299,7.44732697368,10,
3722,384.07259905,105.716259,13500309.8123,2.29755963169,10,
3724,384.094653542,34.3220778,60148.8547759,13.9806527713,10,
3725,384.111915551,282.230931,3833119.10948,5.4262789845,10,
3727,384.162002195,33.3222066,99775.1095649,8.89992607855,10,
3728,384.181235799,133.694772,3583196.04439,2.86356839252,10,
3731,384.31210745,123.488406,19964627.1176,0.696478517251,1.0,[M+H]+
5222,525.037786861,40.6617672,37395608.507,3.75403257771,2.0,[M+Na]+
3734,385.101966955,328.554897,2229836.44051,5.53251193752,10,
3735,385.129922829,563.183202,9680875.57263,4.5161357602,10,
3736,385.13582402,506.348253,1012309.60493,12.5249625437,10,
3739,385.159035199,43.182957,3280828.82415,8.09373100763,10,
3740,385.156049012,131.167734,2491483.60435,2.79486845677,10,
3742,385.194364577,169.56525,9946329.68434,3.77088341295,10,
4282,431.251471757,361.53855,12390894.7151,3.3255843659,1.0,[M+H]+
3744,385.245491522,314.841222,17715500.9063,5.10329504657,10,
3745,385.256633179,644.61864,60523072.1439,3.21428880831,10,
3746,385.256826447,684.42558,19921489.9747,11.479041317,10,
2564,312.363265758,58.2164274,7460476.33749,5.00524626156,1.0,[M+NH4]+
3749,385.380010621,114.839088,2414845.4358,0.563459019158,10,
3750,385.943097697,422.516052,141569.177043,12.8677528258,10,
3753,386.093619692,33.1589415,60542.6780361,8.0863341986,10,
3754,386.144532058,425.772549,1506142.81189,3.11756579645,10,
3755,386.158317206,531.914652,79437.5203736,4.23481971782,10,
3756,386.249370856,362.994192,6496194.94617,9.11071379182,10,
3759,386.400134145,63.593526,411594.546503,9.30627142579,10,
3761,386.722571556,535.420695,255226.098996,10.8708233973,10,
3762,386.980027609,49.451598,1096592.36623,6.60387992019,10,
3763,387.067325605,43.4990112,173246.712849,10.7820186882,10,
5035,506.200485787,376.215048,1218234.99778,12.4286488492,1.0,[M+H]+
3765,387.107779002,425.436048,361921.797714,9.6536044293,10,
3766,387.199722021,560.868921,1936681.90688,2.94327966085,10,
5026,505.263312274,453.217878,2657962.50017,2.68228446629,1.0,[M+H]+
3768,387.266332198,2058.80103,1198780.30221,3.40358186912,10,
3769,387.278588632,93.852228,211162.984951,10.6167371462,10,
3771,387.324821151,58.5251802,24963155.1685,10.182913786,10,
3776,388.131116962,301.178562,765277.116456,1.44623224416,10,
3777,388.149370274,85.545018,254839.652724,12.0744123228,10,
5647,561.188537545,104.289393,4740462.301,1.9352291906,2.0,[M+K]+
3779,388.176453306,33.3425802,53767.4089582,5.13391294511,10,
3780,388.181102501,52.283832,237874.580267,14.2238920277,10,
3781,388.208673543,51.4978404,9975666.68206,4.48444670362,10,
3783,388.254745547,62.30922,166107552.288,0.87701406515,1.0,[M+NH4]+
3785,388.343374702,39.410787,919164.414269,3.15928079902,10,
3786,388.3945054,55.7519529,3876822.81313,4.39405369826,1.0,[M+NH4]+
3788,389.016503528,1404.20667,2233746.63253,14.6975049989,10,
3790,389.063183406,117.71094,253473.523215,13.0449792533,10,
3791,389.087664317,121.238292,1825785.38267,7.91423441728,10,
3794,389.212594666,51.4978404,1702127.49465,7.67308803782,10,
3796,389.21577219,726.16932,1476153.28415,8.83317097639,10,
3802,390.020256091,577.174122,2356025.79482,5.73504973739,10,
3803,390.041295511,49.1460888,461569.384954,7.36851220209,10,
3806,390.102279424,134.324712,1762481.93584,5.20285053739,10,
2899,333.092530996,52.7540874,474038.893491,4.81751212101,1.0,[M+H]+
3813,391.095095809,277.728084,3383627.41647,3.43037846835,10,
3816,391.157530471,405.528792,883044.150894,5.63954848498,10,
3817,391.15689445,468.919062,10348935.3729,4.5275897076,10,
3818,391.177707999,100.667733,3182016.69205,3.319380885,10,
3819,391.198427504,394.241106,9947107.85723,2.82855498356,10,
3820,391.198426684,56.0344944,993035.26373,11.0681885001,10,
3821,391.249739059,40.097172,531375.823208,7.67070739282,10,
5599,557.379111112,298.612008,754468.090541,4.66604336319,1.0,[M+NH4]+
3823,391.300361934,72.767388,2244654.61548,5.47570595263,10,
3825,392.080090113,279.531813,6814302.44864,14.2002971675,10,
3826,392.095556566,584.518698,55054.3599837,6.421048272,10,
3827,392.105102405,616.49145,797740.882266,5.86394430763,10,
3828,392.107117179,724.78095,2192772.32811,12.1028533194,10,
3829,392.102712306,529.686402,395888.643309,11.3190190974,10,
3830,392.122939784,346.852152,719139.116591,6.32511455828,10,
3831,392.15364746,472.527009,8177361.86235,13.1059056666,10,
3832,392.162078805,665.34156,181056.061147,8.74925529088,10,
3834,392.195564784,120.343302,92895.7621126,9.41867944631,10,
3836,392.218999768,301.80582,9637337.29243,2.39236814618,10,
3837,392.267166124,656.12106,210805.122126,12.8751567736,10,
3840,393.093432444,33.3222066,36596.9886232,9.62203180792,10,
4358,438.193422653,633.81114,102453.996729,4.26128987687,1.0,[M+NH4]+
3843,393.152551303,56.6593617,1880206.93268,6.50795671625,10,
3844,393.162974365,741.60762,1944337.08619,5.21282560504,10,
4905,494.238263204,456.39549,228624.760948,11.3924479131,1.0,[M+NH4]+
3848,393.258725949,73.304844,896086.062453,9.08772665854,10,
3849,393.309624808,87.770988,993785.654394,2.98424129775,10,
3851,394.094270591,105.436707,10442663.8976,11.7139032079,10,
3853,394.296436479,128.939367,90162665.8085,2.32326055757,10,
3854,394.316296473,121.564854,273768.45952,10.8972790061,10,
3856,394.905707631,456.89724,476324.314666,11.8072292025,10,
3858,394.966085519,631.8147,26724.2183907,6.02478737488,10,
3859,395.01268818,669.1872,1828835.99631,12.7527173094,10,
3862,395.096373277,568.196868,16110437.015,5.30936783781,10,
5728,569.20697359,544.16184,48403661.3582,3.66949532855,1.0,[M+NH4]+
3865,395.178890565,584.915958,1146571.6755,8.34993033928,10,
3868,395.243380264,450.121029,9757142.1618,3.06998205385,10,
3869,395.280539292,39.8799699,2818164.90596,6.82086804998,10,
4353,437.353409251,2058.44523,1002566.78737,2.94078104809,1.0,[M+H]+
3872,395.323808137,390.093519,20233818.2314,1.37459725168,10,
3873,395.324082116,423.131436,50057.7846921,13.9201687049,10,
3874,395.332314808,39.7237212,3896157.89027,0.894750824243,10,
3875,395.921707116,452.246193,460914.314339,4.81551445576,10,
5655,562.131946388,452.246193,204101.31455,10.8450618798,2.0,[M+Na]+
3877,396.085047646,420.728136,181169.741187,5.19861458047,10,
3878,396.099626587,544.16184,681609.291385,10.471576349,10,
3879,396.125452525,105.595458,1114729.90678,7.80630983216,10,
3880,396.17806216,328.127526,179430.456989,9.33333466245,10,
4273,430.267726602,739.58898,1892755.24602,2.878563069,1.0,[M+NH4]+
3882,396.197449971,359.176218,306018.680309,9.96115763371,10,
3883,396.214332199,299.326572,750135.973786,5.75047500247,10,
3888,397.004477591,360.244314,157559.565812,13.2294952811,10,
3890,397.045753055,149.946126,2511333.26688,5.06563355263,10,
3891,397.068639747,104.288826,2634791.04191,5.83891844199,10,
3892,397.131662524,527.373234,109068.50327,11.7976702082,10,
3894,397.19008451,457.892673,34874.3372748,13.6938405306,10,
3896,397.315723131,123.480591,13355060.7376,1.38045069608,10,
3898,397.500313841,1506.58464,31294265.9429,3.66074938959,10,
3900,398.088017383,85.606272,452096.899806,10.1065640213,10,
3901,398.144922681,618.95178,3174959.07432,5.5214167577,10,
3902,398.14309062,455.720439,1220482.89522,2.22184981226,10,
4920,496.246244003,353.730606,671078.849719,3.20171734647,1.0,[M+H]+
3905,398.198321413,33.4959477,172195.282324,4.74953321451,10,
3907,398.313276118,44.9091948,150207558.996,4.83683598395,10,
3908,398.327789211,121.078224,78980489.81,1.27940670459,10,
5304,530.441559112,64.465449,4164366.1412,5.6865830156,2.0,[M+Na]+
5954,593.091413782,487.838292,2805844.53699,6.81037366937,1.0,[M+H]+
3913,399.128843668,141.989472,1692989.65292,1.52581254755,10,
3914,399.134798336,636.456,67392.4352869,10.8025065924,10,
3916,399.16179417,673.44792,6183255.00041,3.25176429572,10,
3918,399.261569373,341.50344,16059482.4844,2.54522848946,10,
5375,536.286183653,300.849804,2247251.9708,2.67081315451,2.0,[M+K]+
4644,469.412971234,82.661892,1745006.63607,4.23791952909,1.0,[M+H]+
3926,399.395672255,82.822779,2201838.50716,3.96692967269,10,
3929,400.077234051,487.958046,349015.935776,12.2391715416,10,
3930,400.127162613,505.40325,505851.023568,8.57270517824,10,
3931,400.256319111,760.12872,2927547.56846,1.50778126054,10,
3932,400.28172508,276.757458,14474252.6955,4.65623961467,1.0,[M+NH4]+
3933,400.307273724,39.7241508,1305945.20857,7.00544438135,10,
3935,400.343556392,119.633049,110303772.007,2.25793599428,10,
3936,400.362851203,82.029168,811891.485791,6.99695977272,10,
3938,400.399361851,82.980027,427331.754912,9.55844400144,10,
3939,400.969429662,452.242002,92739.6510298,9.08039683684,10,
3940,401.005914886,189.804618,3884129.53507,1.0830341762,10,
3941,401.07174974,88.723173,1091085.01523,5.83198557042,10,
5359,535.154624766,170.370246,8112301.51362,5.11289267983,2.0,[M+K]+
3946,401.162785328,448.942398,248548.835087,3.32010532065,10,
3948,401.24045145,60.148044,908667.652397,10.3046732467,10,
3950,401.277187306,358.290594,335604.351894,13.3313162754,10,
3951,401.285303384,39.4115292,258524.431374,10.8277190488,10,
3953,401.347000045,119.633049,27515915.843,3.07091201313,10,
3955,401.938154207,452.084442,468236.998198,10.0036313977,10,
3956,401.985708994,543.649698,100476.612559,11.6695217471,10,
3957,402.052474385,508.693176,1977501.98998,9.94003524684,10,
3961,402.207366578,460.262484,89192.695518,13.4949422201,10,
3964,402.34979447,119.668371,3597886.59685,3.3740918498,10,
3965,402.346259527,38.152545,408441.191009,3.23011313979,10,
6026,600.96977173,451.932084,134391.932657,12.9369675383,2.0,[M+Na]+
3969,403.136155713,606.82047,241032.939237,6.08332674635,10,
3970,403.133000568,104.925648,1391325.7009,0.956771614703,10,
3971,403.183477311,325.074678,84476.813823,8.88969144048,10,
3972,403.195010966,604.01235,3037191.41817,2.7794195854,10,
3973,403.194200708,359.498226,275265.466305,5.34409929256,10,
3975,403.220125977,302.755926,1049543.53388,6.40572933279,10,
4281,431.226217448,459.612336,1038579.49568,3.13108114307,1.0,[M+H]+
3977,403.220170517,420.198816,1192155.51096,9.11140792924,10,
3979,403.256313285,299.087325,19986744.1153,7.19473062884,10,
4153,419.251239815,359.311953,13277500.5699,2.12141373838,2.0,[M+K]+
3981,403.333230005,101.271777,8895880.39122,2.36300946362,2.0,[M+Na]+
3983,403.949319149,426.725664,1511433.53521,5.87784772558,10,
3984,404.060978895,445.961028,938527.018765,5.18084004893,10,
3985,404.105983162,581.489838,40580.992116,5.70950791689,10,
3986,404.126536812,457.25661,61432.3403253,8.91724736568,10,
3987,404.159810136,142.699422,4984867.51681,7.15793644041,10,
3991,404.302194593,40.0665405,769763.579234,8.15138725175,10,
5504,549.080896682,452.506764,68183.9949146,4.00443502964,1.0,[M+H]+
3995,405.01307598,354.371364,231136.33165,12.1020399787,10,
3996,405.059927333,105.874758,1037482.15562,9.0625814296,10,
5709,567.133939009,769.96407,518515.746071,3.07506195734,1.0,[M+H]+
5117,514.241882477,39.4411689,4740812.8985,2.52275224996,1.0,[M+NH4]+
4000,405.199157582,325.1013,2769897.23255,6.18332672591,10,
4949,499.252116993,172.673652,418309301.625,1.95776291358,2.0,[M+K]+
4002,405.236324508,447.58704,86968.8186772,6.37371868951,10,
5006,503.996305395,441.187356,1682461.9174,3.94680069905,1.0,[M+H]+
4006,406.076235459,134.95833,3518893.26544,4.22334856921,10,
4008,406.173151204,164.088216,35988378.4807,2.72738264978,10,
4009,406.165782664,307.443204,452598.80837,8.30814808696,10,
4010,406.193975081,656.99895,1559228.77612,2.76931860889,10,
4011,406.208462144,38.7839118,14162612.5151,2.3069380855,10,
4013,406.238807792,61.054353,403707.541941,14.9919257159,10,
4014,406.827848969,428.806287,5785771.55525,9.80072170154,10,
4015,406.969530992,463.901214,99756.3273058,11.9056510076,10,
4016,407.147117967,43.8417123,234197.694349,4.95811096186,10,
4018,407.178664326,714.59097,553927.766168,2.35705104581,10,
4019,407.197562743,657.12762,179493.081023,7.57127921812,10,
4020,407.189933892,340.792773,5070939.32895,5.62488978446,10,
4022,407.215521972,126.712248,144435.99941,11.6783018725,10,
4024,407.295467678,40.9749042,1711397.38529,4.85169357232,10,
4025,407.3472513,44.439075,965993.107608,9.85229262327,10,
4027,407.978260667,94.48635,470678.294142,5.00543060397,10,
4029,408.027538106,1397.1129,89828.5491912,10.5712928557,10,
4030,408.083881291,354.254367,895401.492377,9.49233034919,10,
4034,408.193816495,340.658763,727933.235551,6.38335363326,10,
5566,554.315855866,38.0238714,579885.94996,8.28922163867,1.0,[M+NH4]+
4037,408.359880445,43.6553298,343179.151967,3.81129289842,10,
4039,408.715662786,719.42688,1249345.75388,8.39813209329,1.0,[M+H]+
4041,409.020239333,115.461066,329662.861046,8.89213824367,10,
4044,409.111703124,466.107324,20807781.5582,2.7243000678,10,
4047,409.150447538,38.4685446,1459121.97106,6.16051824286,10,
4223,426.181843003,70.120548,3597960.62512,4.72000434528,1.0,[M+NH4]+
4049,409.157391988,650.93568,103808.043037,10.1287221794,10,
4053,409.209323084,373.601754,3300794.90205,4.24098828147,10,
4054,409.209334206,613.96014,824287.092808,1.29300952351,10,
4057,409.311318616,40.3488399,2649434.98252,3.82682241897,10,
4059,409.339479072,386.038785,2399486.05266,7.28087049851,10,
4060,409.350635644,37.2308067,428539.08511,10.259434276,10,
4061,410.017659534,199.386318,1590785.64205,5.01569542291,10,
5068,508.991970151,465.539436,10020292.1621,3.78700624654,2.0,[M+K]+
5086,511.049940008,1407.19626,20378183.058,6.04977491091,2.0,[M+K]+
4065,410.144736172,616.80414,2407110.08735,2.72816387568,10,
4066,410.154049237,38.152539,206602.844412,10.5162304805,10,
4069,410.179805372,97.924794,1199795.52341,5.13199701559,10,
4070,410.208794218,131.15973,5745044.0051,4.45676153602,10,
5714,567.421500909,38.3107911,12105499.2118,3.49886192721,1.0,[M+H]+
4074,410.986790324,668.60598,166467.506023,5.18357002046,10,
4075,411.161342773,571.267656,1014799.09359,2.73003694784,2.0,[M+K]+
4076,411.201333821,124.290768,3161440.54625,14.4945186204,10,
4077,411.254593278,63.530376,803811.690806,6.00493725374,10,
4079,411.899068854,451.9185,193191.763183,12.2876145621,10,
4081,412.104418265,84.967158,672578.245323,2.98213569012,10,
4082,412.152706774,571.366806,499347.459778,3.81181803662,10,
4083,412.185337033,62.118585,529861.899196,9.66674730745,10,
4085,412.233267452,62.903154,597668.644037,9.55666700865,10,
4088,413.140519766,665.61015,299801.023219,9.00275232028,10,
4090,413.277264488,243.276552,112074222.431,14.1682787818,10,
4092,413.291300206,40.035909,557993.755117,10.5095388017,10,
4095,413.394252176,43.8120789,581481.658447,12.0059343996,10,
4096,413.970983996,1507.24218,14904541.8361,14.8926019636,10,
4097,414.110860432,52.5959718,224503.270893,11.6395921383,10,
4268,430.117184074,455.524134,1077224.49097,2.95668593428,2.0,[M+K]+
4100,414.174772111,33.9813048,823603.818226,4.60389853588,10,
4107,414.925507771,105.878262,806936.314844,5.0931384005,10,
4631,468.00787662,434.075874,2198386.06384,12.9194188936,1.0,[M+NH4]+
4109,414.990615542,619.02534,769033.263513,6.78224976949,10,
4110,415.021637802,205.723146,2278782.83477,1.05230723793,10,
4111,415.04787666,487.972674,419249.789449,10.8058445774,10,
4112,415.102755123,141.981156,3439706.01621,1.57105426208,10,
4113,415.14387149,464.562132,1420738.4333,8.80071981376,10,
4114,415.160076239,426.107916,357788.605577,5.03303603831,10,
4115,415.172385088,443.045313,357994.636185,8.95338353465,10,
4116,415.166558169,182.811558,3625082.6693,1.41431420353,10,
4117,415.210110475,106.351878,730900.567087,3.80567105176,10,
4118,415.212829631,38.9409735,4199127.27786,2.52879712849,10,
4119,415.256119644,300.890685,69183606.5459,0.519248233505,10,
4299,432.281247447,64.153575,171093661.488,1.26926963188,1.0,[M+NH4]+
4121,415.302235904,36.8829288,245891.24672,8.50669148572,10,
7115,792.597886052,114.67002,23949131.8769,2.53919726258,1.0,[M+H]+
4126,415.90174329,441.819846,6950764.40063,5.89709406882,10,
4127,416.119546901,636.16374,249244.661219,5.80247552932,10,
4129,416.165081043,564.848454,881142.041431,5.17526416518,10,
4131,416.215254454,305.41878,1467446.38176,2.44607890115,10,
4132,416.230566111,298.606452,1694172.59591,4.82734285883,10,
4133,416.268816263,36.9114369,1301253.01991,4.53967657922,10,
4134,416.856549887,434.893371,20228705.1424,11.9805789492,10,
4136,416.979742717,190.14075,2021604.20353,2.40526997763,1.0,[M+H]+
4137,417.210507505,542.932704,17027347.1491,3.72809134869,10,
5218,524.362376654,54.8202036,6670284.2368,8.35730833191,1.0,[M+NH4]+
4140,417.319742472,37.2304398,288285.827896,11.1482661649,10,
4141,417.912005086,451.922694,1279042.63918,10.8658804116,10,
4143,418.159899612,86.340753,234968.880613,12.1670332788,10,
4144,418.168241654,480.111468,1210527.98793,4.97799769234,10,
7259,835.433340048,551.010654,3464634.81904,2.00666461743,1.0,[M+NH4]+
4146,418.281272191,40.1925264,1593803.31629,7.90807554748,10,
4147,418.316689813,70.088334,278574.50961,6.87767309448,10,
4148,418.722208478,551.602032,573391.796634,2.12698782096,10,
4149,418.935613595,452.242002,208811.100772,1.44512570555,10,
4150,419.166563499,630.82968,153433.64867,8.20191979307,10,
4152,419.251153162,337.325154,33475840.3851,2.53603288651,1.0,[M+NH4]+
4154,419.334700696,37.35999,517087.635278,10.5554455905,10,
5839,581.40068276,38.0238714,14397430.9597,4.13998209982,2.0,[M+K]+
7139,800.391811186,663.67458,6880364.97416,2.64949911351,1.0,[M+H]+
4160,420.164443632,728.59926,635963.815068,4.11359995416,10,
4163,420.311826526,122.198154,3017157.59543,14.619777106,10,
4164,421.169212004,661.96674,229294.384401,4.38755978989,10,
4166,421.23079131,96.007554,1132961.98248,8.68279991598,10,
4167,421.29607452,39.2545371,1712167.18462,8.89232063445,10,
4168,421.339413846,387.97266,755564.543309,5.00986825619,10,
4170,422.039934946,502.523832,158143.80929,14.2734391385,10,
4171,422.046181134,518.127216,296840.046622,4.24396329142,10,
4172,422.050658079,134.011521,2258438.66263,2.10263879872,10,
4173,422.10237517,171.436356,3259517.1591,5.55588567141,10,
4174,422.150540984,449.608638,97689.4962806,9.00929149903,10,
4707,476.15618412,446.615055,87673.0477044,13.9296955566,2.0,[M+K]+
4176,422.265366458,44.2822629,175862.053853,11.3144213715,10,
4178,422.280471804,390.529893,660464.788894,12.7012923836,10,
4179,422.313590267,60.115542,3025072.53472,6.33454423396,10,
4180,422.327760897,119.793672,65498138.1819,2.30097374965,10,
4181,422.351780548,37.35999,386184.1611,6.89625052872,10,
4182,422.399883015,37.8364338,188595.484499,9.65083135642,10,
4183,422.638693522,105.716886,1415434.25474,6.47131842141,1.0,[M+H]+
4184,423.025587288,424.473168,69662.6281732,3.45818312366,10,
4185,423.084765419,396.122103,4366373.73369,8.81080835134,10,
4186,423.140347291,105.629898,527213.77616,2.05457346305,10,
4188,423.173551614,689.07294,122014.290151,12.6788589379,10,
4189,423.16393878,340.284972,6576651.24352,3.48040780002,10,
4191,423.224793794,653.28942,345011.945243,6.75146197153,10,
4192,423.23599662,616.73121,33617047.8555,4.49995511974,10,
4193,423.259223691,358.381338,434481.482129,9.18156121187,10,
4194,423.311843897,39.2545371,3359241.4232,2.65411848541,10,
4195,423.331338855,119.954046,17275494.6296,3.34315778582,10,
4633,468.06657161,332.884008,454943.132245,4.29522123546,1.0,[M+H]+
4198,424.142546772,526.712562,82650.9288759,4.82275025543,10,
4200,424.205244169,713.54892,68431.3412993,14.8036863403,10,
4201,424.225927427,622.43109,567362.375122,5.91810101745,10,
4205,424.34367834,115.785072,31596772.9863,2.7044509191,10,
4206,424.727586146,622.31826,316585.796235,2.93076170288,10,
4207,424.791865532,448.282542,787575.694627,0.728796618161,10,
4209,425.002310783,439.865076,730277.748477,6.3416946649,10,
4210,425.039411952,1396.46988,97316.6887159,12.8417409253,10,
4212,425.076040963,41.1317082,853380.75876,12.275343987,10,
4213,425.163497592,542.772582,36318.9925874,8.52363560435,10,
4214,425.204315483,104.447451,4069451.70918,3.1331274095,10,
4216,425.334302912,387.571335,21628334.0674,2.19976158887,10,
4219,425.367370818,38.8133604,1456505.59199,2.61076105287,10,
4220,425.380282892,36.724677,344728.210844,12.6384777376,10,
4225,426.246898311,943.6824,2181957.18985,4.51380246887,10,
4481,452.345334801,387.97266,1015564.84961,2.75160781469,1.0,[M+H]+
4227,426.359065879,112.903899,89313079.3018,1.42328613566,10,
4229,426.796043308,51.6547188,279538.543798,14.3961804462,10,
5236,526.004789334,447.944904,183601.566497,5.98093530561,1.0,[M+NH4]+
4232,427.158788569,68.052171,9499619.75043,2.41235862836,10,
4233,427.158598,424.83018,295616.858583,7.78422944814,10,
4234,427.217884602,61.337589,380746.95969,10.4101384279,10,
6132,614.315693324,169.866555,92710355.8085,2.64339104525,2.0,[M+K]+
4238,427.358670366,37.8364338,1406941.03232,10.4098016202,10,
4239,427.362200953,69.77385,324565.099664,10.9431749263,10,
4240,428.025018305,189.799743,2395001.49562,2.48436206075,2.0,[M+Na]+
4243,428.147955834,307.642656,187887.794861,11.7408133154,10,
4244,428.177742161,697.40934,3602851.93424,0.980044812869,1.0,[M+H]+
4245,428.193413717,38.0238714,819198.070019,3.48907607397,10,
4246,428.302026058,39.8799699,638687.432709,7.24700589615,10,
4247,428.324226112,40.5051516,1111929.46177,10.0159026081,10,
4249,428.736822601,687.68754,1263457.93107,3.50626982725,10,
4250,429.036699238,182.106648,1391483.30205,2.72866581865,10,
4254,429.178186974,41.1317082,890520.731475,10.9992173727,10,
4257,429.271937482,302.11968,83072235.3285,0.691114835172,10,
4258,429.272424406,199.256694,12001967.4653,7.83247066138,10,
4259,429.271931929,280.142922,21857153.0565,2.15238596255,10,
4260,429.272343602,240.722574,27093636.0743,5.73604582578,10,
4262,429.348704957,88.407498,492557.457624,4.18625641771,10,
4264,429.378596082,68.833605,4153309.48153,2.49043661776,10,
4265,430.007711677,452.242002,74043.7890439,8.15969627298,10,
4269,430.183107829,697.25778,92092.8816391,5.43156552602,10,
5914,588.27951393,461.34921,3568505.43615,1.52415728246,2.0,[M+Na]+
4274,430.390150388,68.36454,41671409.0069,1.4889312451,10,
4275,430.872247414,435.776232,1376254524.26,1.34527106968,10,
4277,431.180252048,36.8836143,440101.539001,7.18319855573,10,
4278,431.182971759,405.666192,233920.100589,14.2761729997,10,
4588,463.154901493,622.67448,3195009.63067,6.69870307092,1.0,[M+H]+
4280,431.190770302,373.54338,515302.713383,9.53739795717,10,
4283,431.271951456,739.94274,313020.883609,1.80954978173,10,
4284,431.288112771,192.05967,40154253.3483,2.91768824041,10,
5704,566.409683946,37.5186144,11131722.3282,2.20914343894,1.0,[M+NH4]+
4287,431.426195862,40.5051516,717270.289557,3.20479331357,10,
4290,432.128141566,728.59926,420185.037519,4.34100560739,10,
4291,432.134237527,465.794082,653789.663372,10.5924499578,10,
4295,432.234896181,51.9688425,6112574.41159,5.07715718205,10,
4296,432.239293186,38.9409735,2002714.72075,7.6994386673,10,
4298,432.252619027,128.620734,382628.771368,6.58599788311,10,
4301,432.294285241,298.653573,457240.40357,12.4335775999,10,
4302,432.396723647,68.520486,1244731.91352,13.4528020013,10,
4306,433.170945855,609.23346,579203.821551,13.7988778043,10,
4307,433.194680625,732.82242,570079.935247,5.9610957924,10,
4309,433.213247396,366.461718,10669760.4408,2.97657887443,10,
4310,433.245666581,167.683377,30154652.8228,4.7874239091,10,
4311,433.238911736,51.9986694,1110364.44304,11.8985623635,10,
4312,433.266957403,302.11968,4035377.15293,0.629212632552,10,
4313,433.267044918,322.702932,5489246.78111,13.0523133153,10,
4316,433.886119373,451.598571,1183393.93521,9.26553333313,10,
5367,535.976561203,430.188144,2776247.88841,2.21772878505,2.0,[M+Na]+
4319,434.09688687,696.21168,22107.7855919,5.61271754834,10,
4321,434.15588435,404.082186,497008.794776,8.2965654807,10,
4322,434.162788186,480.128862,2868403.71288,2.26112924075,10,
4323,434.170995958,214.317726,7454770.82221,0.749039339805,10,
4324,434.198315394,732.64656,79618.8162213,14.4150107944,10,
4326,434.201120098,606.41802,2005341.64109,2.94957792138,10,
4327,434.208369759,459.612336,566070.381324,3.82025895585,10,
4328,434.209499857,640.20276,753150.922882,1.88107964221,10,
4330,434.225538657,302.11968,323169.009798,5.19506436421,10,
4331,434.225750103,528.649296,16287600.3008,2.35640907237,10,
4332,434.350733467,118.682808,581619.389751,1.88337949629,10,
4336,435.225256428,302.515188,3537029.95967,0.933214153899,10,
4338,435.290560686,39.2845479,1227249.59042,11.7068353807,10,
4339,435.355253127,387.803604,2271581.51474,1.85123799686,10,
4491,453.468327827,40.5051516,842961.717719,4.04490129554,1.0,[M+H]+
4341,435.871396028,436.143303,6010628.37962,2.29503976709,10,
4345,436.099156485,455.34807,445450.520381,3.38988814457,10,
4348,436.866008796,435.237372,4440674.95339,3.3303801621,10,
4349,437.217396075,301.641993,12447241.3913,12.048783741,10,
4351,437.315083547,395.219301,569361.654486,7.28867712893,10,
4352,437.342863899,38.146926,721272.798903,8.26780280391,10,
4354,437.375057345,39.8799699,5600734.27269,4.24840258298,10,
4356,438.067275128,488.977278,155200.70206,4.90215176473,10,
4357,438.082532347,506.190813,1501985.47768,12.2250847236,10,
5437,542.240453677,300.890685,6433150.23531,1.70897949219,1.0,[M+NH4]+
4367,439.358550162,37.8946896,1136853.53285,6.70989578084,10,
4368,439.996897694,430.17051,971853.564655,8.08440427359,10,
4369,440.004156578,1504.69719,25174761.8477,5.60378211717,10,
4370,440.088810446,51.6845448,441419.593525,12.8945268943,10,
4371,440.196419929,631.6113,44297.9397867,2.13211402457,10,
4372,440.268428502,70.40322,1293053.38802,6.12022187598,10,
4373,440.374791805,109.449744,2804154.83297,5.15063230382,10,
4374,440.38951073,36.7246215,343005.235736,4.91793585319,10,
4375,440.411264749,38.181927,337834.415285,13.0997578353,10,
4376,440.909180632,463.00095,166655.110728,3.952087872,10,
4377,441.17293155,622.97112,4589617.4876,1.31221206181,10,
4378,441.181077333,54.3205749,146653482.342,8.96153104265,10,
4380,441.198302181,542.866968,105253.893999,10.4032798965,10,
4381,441.202260595,58.5251802,4076368.59849,4.65341049981,10,
4384,441.245884224,1259.43561,10435422.4527,4.57975903903,10,
5587,556.458765955,56.6593617,888912.885182,6.72212458265,1.0,[M+NH4]+
4387,441.374534163,37.0423623,465292.348376,8.27586878111,10,
4388,441.446916404,40.6617672,409636.622109,13.2391422477,10,
4389,442.060872586,149.797995,9403041.11413,5.4339007295,10,
4391,442.207204888,133.447722,1318230.71048,2.693513591,10,
4393,442.39104442,108.810876,1251653.42168,4.15588110398,10,
4395,443.110229535,90.776094,2234330.47324,3.80530331759,10,
4396,443.134653861,582.171078,123093.16891,11.2050639291,10,
4397,443.23391466,56.3770104,1067592.10605,2.1596325618,10,
4398,443.306442451,2058.27732,575767.352402,8.79277020649,10,
4403,444.246658327,419.971476,830083.933926,6.8763238471,10,
4404,444.261682851,55.0990029,1355901.88125,9.6729541176,10,
4407,444.333380126,39.0979761,1585203.15069,4.23843157577,10,
4408,445.016652542,425.178948,546134.338795,10.379253213,10,
4409,445.037950017,446.568678,204602.098325,8.26184540358,10,
4410,445.058589891,488.309913,513275.746818,12.2355405295,10,
4412,445.129378637,492.176886,327474.051162,2.27266958613,10,
4413,445.160573902,103.971828,2138991.53388,2.81066479381,10,
4563,461.137118274,179.110242,4033033.83358,0.9170199164,2.0,[M+K]+
4416,445.249280162,179.304198,51038763.7747,2.82826068056,1.0,[M+H]+
4418,445.339784097,274.488354,1774000.57732,7.76000372157,10,
4910,495.063606122,149.797995,3506162.11119,9.41592336047,1.0,[M+NH4]+
4424,446.204859899,41.3490468,610839.39944,6.97775874591,10,
4425,446.262196721,376.331904,35048259.2252,3.5583891301,1.0,[M+NH4]+
4427,447.073662144,466.9158,557681.442438,11.4809141172,10,
4428,447.10893884,619.64826,221610.208905,1.69160934659,10,
4431,447.145277646,487.972674,168273.144999,14.653728992,10,
4432,447.155649955,581.610336,83113.2321462,12.9666384708,10,
4433,447.186668816,104.923263,2558512.63952,4.18686535513,10,
4434,447.261431928,164.256036,7718363.23067,2.08176578517,10,
6779,716.063891025,150.262242,12152695.7154,5.80818501581,2.0,[M+K]+
4439,448.134690239,602.8959,85700.5408549,6.83204836204,10,
4440,448.137433576,282.045066,2299310.58052,7.69244010652,10,
4441,448.183946879,374.463312,1116254.67243,3.48901562445,10,
5760,572.281643267,36.0878112,934110.012282,5.24746730217,1.0,[M+H]+
4865,491.247438341,513.908946,8283472.71481,2.70976198257,1.0,[M+NH4]+
4444,448.241140518,431.458896,1417546.22505,4.13076440622,1.0,[M+NH4]+
4445,448.343337323,107.14788,2276041.855,9.12515241338,10,
4446,448.979804888,484.530135,119487677.648,3.60695169727,10,
4448,449.121428654,444.591066,484317.511684,0.538043094879,10,
4449,449.17209895,337.827345,864932.137962,5.7906677937,10,
4451,449.18938995,718.65501,599089.394736,1.97410559278,10,
4452,449.240693633,300.885441,40804776.4145,9.90081558277,10,
7385,898.552568681,302.115414,393075.365755,4.27347050541,1.0,[M+NH4]+
4457,450.107363139,415.722846,153791.415041,7.61692885651,10,
4459,450.185773568,547.168932,168541.900334,5.50495638094,10,
4460,450.185782559,514.24851,157680.626229,7.76091474391,10,
4461,450.192930709,718.95111,88887.7285685,8.39740849532,10,
4462,450.234773814,38.9409735,27500221.1977,3.71092135288,10,
4463,450.236130818,379.877436,213924.754928,4.00446684093,10,
4465,450.964656928,452.242002,120554.46014,7.91773990264,10,
4467,451.204692595,563.615319,260158.15035,6.93722218272,10,
4468,451.205059276,308.275278,876664.405827,1.68403012672,10,
4470,451.28582486,39.7539228,990281.586318,6.08384699738,10,
4471,451.362781238,112.142604,363207.54115,11.9354430239,10,
6071,607.392871035,36.2765016,1736584.05104,3.6483227373,2.0,[M+K]+
4473,451.452372448,39.9102315,612228.831281,2.92508182583,10,
4475,452.099377186,455.374812,403207.228949,13.8692173135,10,
4476,452.096891992,282.843558,1522427.0426,6.91618009503,10,
4477,452.215280934,406.185039,2968300.27605,6.69919021017,10,
4478,452.215537715,235.198476,1490085.15032,3.38959058525,10,
4480,452.251881994,577.865745,1233610.77938,6.17385908173,10,
5907,587.231029022,622.18824,629647.008645,12.9189976858,1.0,[M+NH4]+
4484,453.176449456,38.6261679,2628099.46876,5.16681106156,10,
4487,453.233414042,361.284318,2356534.52459,3.49192882078,10,
4488,453.301473403,40.348536,397682.841761,11.7028571389,10,
4489,453.344535406,66.180192,4645969988.97,3.13526713303,10,
4490,453.344491056,50.4603576,1279320946.18,2.42293974052,10,
4494,454.151531803,644.17872,19655906.3734,0.736313072612,10,
4495,454.171130647,302.765244,2999335.42479,1.79483692366,10,
4498,454.183744167,449.28378,89327.1613979,10.9589089088,10,
4502,454.347762478,50.4603576,332193130.462,2.58518829257,10,
4503,454.390420616,106.546887,3656300.72928,4.27063380616,10,
4504,455.167093111,543.190092,2013845.97725,5.65120268537,10,
4507,455.350811361,50.4291093,48259794.7538,1.78076540766,10,
4510,455.982676898,423.825048,88658.9812968,11.8415143009,10,
4511,455.983746157,49.770489,432829.535242,8.28943191429,10,
4512,456.097224515,423.680865,102169.268489,14.9852652218,10,
4513,456.145190018,479.799966,783261.596793,14.481724872,10,
4514,456.199796198,448.61691,105815.216948,9.87823620271,10,
4515,456.207344212,465.976932,3208640.26557,4.74509742346,1.0,[M+H]+
4963,500.321635262,318.335844,881786.962484,7.93872344216,1.0,[M+H]+
6440,654.970695964,482.180454,11544951.3308,11.4497569842,2.0,[M+Na]+
4518,457.111423009,543.096081,312828.180334,11.6475307772,10,
4520,457.164708681,543.096081,115427.691508,10.1622796311,10,
4521,457.211586321,528.619182,829251.848619,9.13342545819,10,
4522,457.234046796,339.699462,355641.292855,3.46156140466,10,
4523,458.120475999,728.72742,18426.16954,13.6286144648,10,
4524,458.178573801,723.96786,287083.003555,8.38207853956,10,
4525,458.203411942,38.8133604,2953136.26215,1.16056657386,10,
4526,458.214432495,499.661349,41509522.4152,5.22054492745,10,
4527,458.213129688,528.942798,55260.820809,10.8957952926,10,
4529,458.241558379,257.684151,7963054.58166,12.7354559831,10,
4530,458.262153613,79.066743,2054118.32432,5.71847319946,10,
4531,458.262177126,466.479432,3418808.81173,4.76885112294,10,
4533,458.334734258,277.968753,5778902.37061,3.95424763614,10,
5520,550.026747838,431.454825,4321453.94611,2.97807476237,1.0,[M+NH4]+
4535,458.977742213,452.250384,146911.060376,4.6702503049,10,
4538,459.264682514,164.245089,12008154.09,3.21713494872,1.0,[M+NH4]+
4539,459.269149199,733.71435,1544675.10712,6.41488120661,10,
4714,476.308136271,65.868561,145422667.544,6.71000567629,1.0,[M+NH4]+
4541,459.30204864,662.00988,577488.666607,7.35586557769,2.0,[M+Na]+
6136,614.48519725,40.0665405,11816249.58,3.06608194325,2.0,[M+K]+
4546,459.489613777,75.74718,367684.917916,2.76398236213,10,
4547,460.056846612,452.569629,723636.6711,9.39593950778,10,
4550,460.241849919,457.585542,220089.167949,5.57542353951,10,
4551,460.256402285,172.050537,26323497.6304,8.67514550025,10,
4552,460.252708182,658.2234,140797.512536,4.04369826034,10,
4553,460.267769337,298.620828,108500.312305,6.56189826905,10,
4554,460.272475114,734.07618,270074.982112,7.74684850137,10,
4556,460.289073228,507.423558,638146.003483,3.35918825937,10,
4557,460.387356055,450.121029,512613.888452,8.26689355883,10,
4560,460.932735449,423.861432,181237.171171,13.0826447248,10,
4561,461.011657997,445.656432,1142676.87387,5.82773258272,10,
4562,461.124022784,396.086844,1024928.45561,9.14283364233,10,
4565,461.161225221,487.997169,166533.173301,12.9103096864,10,
4566,461.151283891,556.117941,154906.581811,7.83827188878,10,
4570,461.211692934,746.82798,529995.090839,4.69677963414,10,
4571,461.24856009,740.96436,78511.830978,11.7144263936,10,
4572,461.26014923,172.049784,7104979.47599,13.3594011672,10,
4573,461.327463919,41.288151,358924.99619,7.02162148896,1.0,[M+NH4]+
4576,462.092708402,40.3488399,76386951.9098,5.24505821126,10,
4577,462.177970677,542.842266,178608.007271,13.1220833738,10,
4578,462.19550811,683.35905,11104144.1523,2.15533168823,1.0,[M+H]+
4579,462.195718846,618.31068,2336071.61364,2.93815612517,10,
4581,462.206150337,40.6612788,441377.39173,4.97147862565,10,
4583,462.257205665,501.749832,3319431.16862,1.45634414285,10,
5199,522.306567268,298.287966,268790.040865,6.89669959691,1.0,[M+H]+
4587,463.160266172,104.291586,5889093.20203,1.83692370858,10,
4591,463.260659634,501.749076,578226.545168,3.38238502399,10,
5471,545.477113593,37.0423623,854615.848032,8.132174345,1.0,[M+H]+
4596,463.48867846,40.0366482,362851.303372,6.2111413065,10,
4599,464.215588613,375.95985,1804088.29697,4.52789753076,10,
4602,464.44769393,38.3107911,1566978.10945,5.30842178882,10,
4603,465.0343404,675.95772,4567416.43886,9.85313130252,10,
4608,465.248572477,301.323561,338477.698189,9.35004064869,10,
4611,465.451070895,38.152542,475842.928287,9.71017413611,10,
4613,465.983460325,446.949528,197823.673927,7.12354073098,10,
4615,466.03962045,1404.84162,22044242.2513,12.0723167369,10,
4618,466.211372449,608.78868,328431.818813,3.01475667076,10,
4620,466.361228393,388.276107,743728.776901,2.27568250708,10,
5086,511.049940008,1407.19626,20378183.058,6.04977491091,1.0,[M+H]+
4624,467.190565735,348.161148,5388981.13469,2.48788503595,10,
4625,467.360838681,110.985231,431978.668634,6.77563194982,10,
4626,467.360474005,43.4974008,375337.332776,3.61893817694,10,
4627,467.397223428,86.563902,470471.605456,9.32049053561,10,
4628,467.414857993,38.6261679,725475.323423,7.41721109052,10,
4629,467.429863813,36.7246215,140116.883054,7.85632409274,10,
5805,577.052036497,446.969727,197610.503026,2.66020496474,1.0,[M+NH4]+
4632,468.073037434,454.16862,700318.300127,13.2684344889,10,
4634,468.202146694,332.572809,145082.005479,10.0890647809,10,
4635,468.243717055,69.77385,380136.623476,8.42131557966,10,
4636,468.39112842,39.4111581,10153822.5241,4.74784929081,10,
4637,468.442707347,37.8946896,363832.826567,5.92553595198,10,
4639,469.117052889,282.357438,4551967.57655,6.74158039313,1.0,[M+H]+
4647,470.070868584,455.722431,36959.3717324,10.0319017666,10,
4648,470.085375582,441.931137,212874.251095,9.72410776088,10,
5595,557.225873831,280.47813,2387640.3738,4.65727859996,1.0,[M+NH4]+
4650,470.20286726,38.6261679,20134663.1344,3.34026201517,10,
6011,599.389808817,349.545768,2518366.11962,3.66954273467,1.0,[M+H]+
4654,470.298324219,56.1908679,2351671.43223,2.41606834596,10,
4655,470.351981823,53.851578,1058504.52044,13.1495391103,10,
4656,470.371208257,50.4291093,64365216.7324,2.22052727216,10,
4657,470.371117995,66.336003,251706932.365,1.86916785274,10,
4658,470.416343753,82.661892,402691.205106,13.9672541455,10,
4659,470.807535636,439.716969,5478047.71803,4.06809867667,10,
4663,471.201638649,167.382126,9444519.97708,2.94141789395,10,
4664,471.206443928,457.939344,60754.2765779,13.0379604065,10,
4665,471.257870595,664.59258,310956.189876,5.28451114693,10,
4667,471.311726609,40.3491438,495539.89201,4.67794671849,10,
4668,471.35548057,559.705791,64262522.126,1.16800571278,10,
4669,471.374535398,50.078844,16150155.6837,10.8656431938,10,
4672,472.182258285,528.649296,1283473.10345,2.86764523628,10,
4673,472.164717671,459.635724,109823.767856,11.9383160021,10,
4674,472.216258725,594.05796,936430.503812,0.964027299111,10,
4676,472.941081232,464.59206,1308104.2431,11.3283238872,10,
4677,473.085077015,444.05571,152359.398122,10.1094197279,10,
4678,473.095679167,43.1829018,160871.187363,14.9172880304,10,
4679,473.145402332,38.3107911,507191.769617,9.73417815579,10,
4680,473.185066336,528.973794,170488.065302,14.7802089694,10,
4681,473.319352509,36.7246215,543788.928348,6.20587187015,10,
4683,473.371401301,274.488354,319461.277632,6.81034410548,10,
4685,473.415807677,36.8818059,285284.016274,12.8905804387,10,
5908,587.389163742,298.45176,1843846.7732,7.49051764399,1.0,[M+NH4]+
4687,474.305448041,358.945515,2135954.9654,6.61006501336,10,
4688,474.468590999,37.8363003,834388.196431,2.83023653012,10,
5978,596.169857292,280.498806,2442485.71381,12.1226847323,2.0,[M+Na]+
4691,475.194616065,300.252567,608992.248875,6.85122371764,10,
4694,475.259910481,417.066801,1476425.61821,6.38890259789,10,
4696,475.252894553,191.731104,2499409.43634,1.88422464495,10,
4698,475.263537168,2058.27732,92899.6053468,12.6372374153,10,
4704,476.01315328,93.786456,260439.201015,5.48248466412,10,
4705,476.087630782,613.32564,339535.708727,13.4265934385,10,
4706,476.108708727,39.7237212,5664485.04289,3.97739376824,10,
4708,476.163076714,40.818021,854647.902987,12.2876965267,10,
4709,476.236464026,652.77564,79876.1938134,10.1376628268,10,
4711,476.252033206,54.1661898,744873.920275,12.1347573195,10,
4712,476.2732398,161.269548,4640340.59555,4.98029970456,10,
5482,546.375815488,42.227892,2167933.20764,3.24211596695,1.0,[M+NH4]+
4715,476.32947421,66.180186,730815907.117,1.95368393754,10,
5804,576.795742135,443.686623,2628396.22223,6.9238907568,2.0,[M+K]+
4718,477.00589848,673.5054,2180213.29482,6.03421589868,10,
4720,477.156189699,488.156109,273194.967068,12.8859573566,10,
4722,477.204604116,47.8874835,601744.659841,3.71091849508,10,
4723,477.221524313,170.83887,10576193.0667,2.53593283318,10,
6723,704.472612564,506.663118,645946.900689,9.74666495881,2.0,[M+K]+
4729,477.361667377,70.717776,999791.100533,7.71569765659,10,
5609,558.289904336,500.480472,767980.766095,1.90240653912,1.0,[M+NH4]+
5509,549.290032186,319.304133,1824056.85277,4.63309194922,1.0,[M+NH4]+
4738,478.266234833,39.7237212,686039.911856,10.7381907021,10,
4740,478.463080524,37.9944864,2624886.62395,3.98776653466,10,
4743,479.129107316,622.97112,1176502.19627,11.5033954354,10,
4744,479.163647267,48.8607363,1885386.02464,6.8107690263,10,
4746,479.211141493,595.003824,1707495.04052,8.38792750358,10,
4747,479.209837264,498.263478,179015.138946,12.8487657876,10,
4751,479.429816208,37.0423623,467350.246439,4.75628025923,10,
4754,480.166182307,49.1460888,196474.701702,14.2104260557,10,
4756,480.246432283,642.8766,72985.4612427,8.76166416297,10,
4757,480.243827471,466.78578,1539056.15488,10.9439073635,10,
4759,480.376889134,386.307843,1217291.62431,1.84226886814,10,
4760,480.837802076,53.6952045,2306681.4989,6.20613626603,10,
4761,481.030839409,1504.68132,5639762.11368,5.31458958642,10,
4762,481.057418231,487.972674,321249.410809,10.5602868581,10,
4763,481.077429396,487.520988,3097426.27822,5.63778828187,10,
4764,481.076789398,91.252962,1166104.50842,2.33785780664,10,
6383,644.341800727,316.954152,6221510.81065,4.29908732853,1.0,[M+NH4]+
4769,481.401360524,2062.92252,533436.808233,3.31369383585,10,
4772,482.164347871,460.673334,59697.4711616,7.79430810409,10,
4773,482.236451872,459.911214,46117.0172007,8.56498944372,10,
7475,963.492176828,569.785851,1637635.60596,2.4420998169,1.0,[M+NH4]+
4775,482.261138193,39.2545371,4773830.54247,3.77819364402,10,
5831,580.531917749,38.7839118,3297880.35991,1.585281669,1.0,[M+H]+
4780,483.070104437,449.094225,470440.530687,4.7525339763,10,
4781,483.064193179,40.1925264,831020.425959,10.6524702605,10,
4782,483.148641882,464.723325,260717.052086,12.3864931813,10,
4787,483.223914584,300.525627,179378.088973,12.300353874,10,
4789,483.461463951,37.8363003,858663.069225,14.796153823,10,
4790,484.043556685,53.6952045,323766.608061,14.3301129496,10,
4792,484.175495663,332.583738,176066.937652,12.8760785787,10,
4795,484.204941962,537.2505,183950.236441,4.58240247805,10,
4796,484.239301058,501.750588,1088384.88752,5.87477444163,10,
4799,484.367206045,53.3819574,271165.433617,10.7350304235,10,
5164,519.125101274,449.28378,639343.232153,10.5855741268,1.0,[M+NH4]+
4803,485.17177738,332.572809,1035570.95679,14.4438134868,10,
4804,485.164328718,229.825014,4193192.12025,6.68071955968,10,
5650,561.263857285,615.54282,1590588.73415,5.37847511022,1.0,[M+NH4]+
4808,485.207952116,42.5473989,428622.965764,9.32892654657,10,
4809,485.382430127,36.5649432,167308.572072,5.25416755106,10,
4810,485.388972976,40.0362786,576615.912468,5.08729125679,10,
4814,486.364810716,40.3488399,814368.135376,6.41002905549,10,
4815,486.432103791,38.181927,1274002.47197,9.94640954723,10,
4816,487.022448186,41.6015145,13146757.0202,9.15931089909,10,
4818,487.177874336,627.28332,43758.2163619,2.75795575269,10,
4819,487.288562807,380.895507,4355592.46471,4.92543161972,10,
4822,488.115671854,697.45374,44931.2193106,5.21163310968,10,
4824,488.273144145,453.217878,3452583.60156,4.05448003028,1.0,[M+H]+
4825,488.273172339,540.882732,54435.3010427,5.325699483,10,
4826,488.283864102,40.818021,2053477.61544,1.91634033437,10,
4827,488.288264448,101.145483,12298451.5683,11.9982759884,10,
4828,488.309752545,368.428782,577178.158655,4.66195177689,10,
4831,488.448055697,37.8364338,568668.061619,4.89595720242,10,
4832,488.484089054,37.3581138,218692.524983,13.5026323186,10,
4834,489.039783461,1512.43677,23608336.3828,3.7182681245,10,
4835,489.110264133,358.633572,65308.1957541,14.6875305262,10,
4836,489.160223856,616.49145,852276.973714,10.8034518544,10,
4837,489.18526919,229.506138,6018111.95455,2.34620910882,10,
4838,489.210231751,56.3448108,24247336.5327,4.77847531396,10,
4839,489.247128488,329.988816,11252290.189,2.15367730856,1.0,[M+NH4]+
4840,489.268309648,663.66432,175177.080452,10.2662468177,10,
4846,490.123822808,51.3709098,20112921.303,2.221989111,10,
6364,642.277017995,38.152542,589155.952569,12.0835174886,1.0,[M+NH4]+
5739,570.270725786,105.594831,13352918.6615,12.7537225405,1.0,[M+NH4]+
4851,490.267337919,228.979503,151985727.233,3.15259808812,1.0,[M+H]+
4852,490.265611384,586.39095,1966485.66816,5.29685482606,10,
4853,490.294590826,219.366003,17511717.8163,4.19986697632,1.0,[M+NH4]+
4854,490.463347763,38.1791175,2252323.96816,8.48842120417,10,
4855,490.828820924,426.029424,679657.263318,8.53782504619,10,
4858,491.015055293,1397.4381,319958.635542,5.13807374778,10,
7420,921.167096747,613.65327,924359.557855,3.10126335458,1.0,[M+H]+
4862,491.167595212,754.2234,8837727.5822,2.33518985491,10,
4864,491.208697781,360.828081,384888.752702,4.74066943544,10,
4869,491.300242556,66.024375,1043252895.19,3.90597693228,10,
4870,491.374821953,53.2250208,743171.157761,10.1268358224,10,
4873,492.022097776,463.95618,812847.156786,4.81760232581,10,
4877,492.246558743,316.436844,9866595.10538,3.00995126972,10,
4878,492.247121115,452.260272,919982.795449,4.79667729942,10,
5175,520.356705986,34.316757,914536.452554,9.21557555284,1.0,[M+H]+
4882,492.353195839,464.90718,2350005.88227,5.42300801664,10,
4883,492.390959615,130.214106,2719377.3414,11.2499066426,10,
4886,492.980104609,673.44792,1990164.26737,3.13079334962,10,
4887,493.17858099,47.8912242,1306533.96633,9.64270169338,10,
4888,493.226833124,579.757365,814627.536727,2.53236599191,10,
4889,493.23887183,40.1882235,588391.089569,14.3217121266,10,
4895,493.337677253,557.244069,3437786.94187,7.58067798844,1.0,[M+NH4]+
4899,493.898898841,451.92789,277491.201851,9.09699341453,10,
4900,494.119086562,41.1317082,14568462.8259,3.33013614148,10,
4902,494.163616744,528.634239,712674.999975,2.83176528844,10,
4903,494.23032314,579.978978,130345.756674,9.50402103346,10,
4904,494.225845231,451.9185,146024.867234,12.0715967535,10,
4909,494.566925831,55.2545634,3545804.46635,6.21112893092,10,
4911,495.063323293,163.000473,2474504.50198,8.06581646513,10,
6266,631.041819135,41.2883316,16721446.3259,1.95557215026,2.0,[M+K]+
4914,495.167159798,529.03653,61303.7612301,9.39860246672,10,
4917,495.428172845,73.429218,2194976.60459,7.22849387154,10,
4918,496.144201781,779.80824,179492.553303,9.67102862579,10,
4922,496.341641186,200.665602,12643791.1284,4.35894681455,10,
4923,496.364645706,40.3488399,3186162.92607,1.84139108179,10,
4924,496.422415493,39.097545,7388634.33439,6.6006505478,2.0,[M+K]+
4926,497.008379714,1508.57256,71201835.9166,6.70582326827,10,
4928,497.17663309,452.831268,107118.404033,11.8322800982,10,
4930,497.274942285,104.286504,7667867.45929,8.35225138196,10,
4931,497.329354939,41.1317082,1414846.8122,11.1883551225,10,
4933,497.44405191,73.867203,1859790.65961,6.38532442321,10,
4935,497.742370025,533.933511,2516855.98262,1.63302278294,10,
4936,498.212511663,172.543038,6190589.07311,11.5870712532,2.0,[M+K]+
4938,498.329830228,175.026774,37265078.8313,1.72379680497,1.0,[M+NH4]+
5847,582.29142492,300.530745,1509656.53335,3.11049927142,2.0,[M+K]+
4940,498.343033337,41.0052246,866825.338548,6.24637333183,10,
4941,498.402188321,50.397861,280258154.211,11.8158078922,10,
4943,498.899585008,426.07329,1551445.51652,2.37735469898,10,
4945,499.05765229,150.561603,13041107.977,12.2381093452,1.0,[M+H]+
4946,499.074330401,43.3377678,5004366.99339,5.28988657805,10,
4947,499.167805701,331.941372,1751468.53731,4.53375562205,10,
6009,599.251180061,459.780153,84549.0143387,14.9777876663,2.0,[M+K]+
4951,499.405826209,50.4291093,79546935.2808,9.79060429977,10,
4952,499.405551804,66.180192,281904453.78,7.72504115895,10,
4953,500.132312163,105.71889,743937.505516,13.240421046,10,
4955,500.151971716,116.106012,371359.413259,10.1506334294,10,
4956,500.2114232,602.02986,118271.031496,10.1715137823,10,
4959,500.266566011,40.0362786,1271902.69616,4.36202965808,10,
4960,500.273479525,557.18088,77060.4944972,10.8400019737,10,
4962,500.30488577,36.7246215,19497146.3343,7.22402609419,10,
4964,500.365309883,138.458238,9293826.62623,13.981727234,10,
4965,500.633809375,105.559764,315181.532194,10.1649065893,10,
4968,501.054675529,150.561108,10498688.9497,4.33008216587,10,
4969,501.054356672,162.987852,7431839.73915,8.24792505188,10,
4970,501.075305563,543.096081,311137.768813,11.6971332438,10,
4972,501.145354224,48.9880953,1306340.66706,9.98354850334,10,
4973,501.194339032,415.775862,437595.499412,4.6094037017,10,
4974,501.232005981,492.311829,1607933.35558,4.33824340533,1.0,[M+NH4]+
4978,501.288335656,40.5009663,360486.410886,13.9515708267,10,
4980,501.357691373,86.181126,405431.596856,10.9607190778,10,
4981,501.383842268,39.7232916,406283.444962,11.9286887225,10,
4982,501.414155399,37.2288093,603737.404548,12.9922612418,10,
4983,501.926617834,426.769566,185286.656012,14.0191237439,10,
4985,502.038546357,445.678938,581234.613051,8.68033514128,10,
4986,502.227154682,624.96087,19607151.2522,3.60705257031,1.0,[M+H]+
4987,502.228619913,39.0979761,4611976.6428,1.15763664331,10,
4988,502.231068326,341.759454,4715772.37695,2.5825110242,10,
4989,502.226216836,467.228298,1500361.5647,5.36822682451,10,
4990,502.263674758,775.13973,4264808.50761,8.84658278309,10,
4992,502.299769522,667.41762,528391.856624,4.50612449959,10,
4993,502.349091907,54.3205749,5961361.44901,9.03638589408,10,
6030,601.42705229,38.6261679,8351379.57958,4.74940125062,1.0,[M+H]+
4995,502.49995005,37.8337317,711539.863815,9.68653042686,10,
4996,502.992578903,452.246193,579799.004884,8.25909714315,10,
4998,503.051494113,163.302783,3386642.99806,12.2947689131,10,
4999,503.165822906,320.623314,143871.389833,10.1948501663,10,
5003,503.330188362,35.1279369,656957.52552,7.80977805467,10,
5007,504.069917951,520.035714,255123.699541,9.33247431242,10,
6162,617.306459031,456.905232,329625.899135,2.98046042326,1.0,[M+NH4]+
5010,504.242963952,579.186675,5723533.34927,2.1888038183,1.0,[M+H]+
5011,504.27123624,332.625492,170716.096333,8.58242766329,10,
5012,504.283667583,300.690306,22644386.8939,0.903398764763,2.0,[M+Na]+
5013,504.28726991,461.680068,332632.631852,6.64497965941,10,
5014,504.443513781,38.3401155,2066580.46257,2.97782018591,10,
5015,504.478866006,37.9919178,1107303.07923,14.6635385022,10,
5016,504.805255542,434.753877,8484238.25266,7.62925544391,10,
5017,504.888763359,462.347832,36249.932991,12.9025618872,10,
5022,505.213842001,41.2883316,1660073.42959,3.7952932492,10,
5023,505.242046489,443.68644,522338.208602,8.45400857525,10,
5024,505.246687796,579.476238,1124280.54367,5.46022814858,10,
5025,505.246450637,538.661352,67421.8928559,14.7472726103,10,
5027,505.268840075,332.572809,942488.631822,9.09579409537,10,
5660,562.300557382,575.254446,890020.690871,4.95382946336,2.0,[M+Na]+
5031,505.405728989,37.8363003,478211.237166,5.86105744891,10,
5034,505.994182455,441.157956,412144.787065,13.3844930405,10,
5036,506.221419954,501.749076,693798.453653,10.7584945206,10,
5037,506.229607418,462.939594,102541.639724,14.4723054244,10,
5041,506.392537502,388.118664,957357.217838,7.22384301095,10,
6244,628.960447858,464.910438,2519124.95984,10.6689393225,2.0,[M+K]+
5045,507.166835566,488.021664,130744.814489,8.90119438754,10,
5046,507.208812887,317.064582,3112068.16459,0.457742380453,10,
5050,507.46186319,37.35999,874067.688995,9.99683919271,10,
5053,508.121449198,105.716259,3583916.05923,3.03086029194,10,
7070,776.141475092,53.8499622,460688.771922,5.55710011927,2.0,[M+K]+
4652,470.226237203,461.149338,896523.978759,3.18226885494,1.0,[M+H]+
5056,508.198163706,94.100688,2265351.62867,2.74994612658,10,
6402,647.290359601,634.56015,842359.559489,2.66699544856,2.0,[M+Na]+
5060,508.277319703,299.933076,3485984.85625,1.26769990921,1.0,[M+NH4]+
5062,508.278177568,558.17613,244455.404641,3.17584292411,10,
5066,508.501500467,37.9943559,663249.943054,7.17353433039,10,
5070,509.1536534,48.0468546,309187.717869,11.7913688374,10,
5071,509.179039381,361.864932,415322.391563,5.65732584291,10,
5072,509.206089465,317.382948,333262.29234,13.9966011875,10,
5073,509.221940344,620.81442,494111.44047,9.95298060886,10,
5074,509.249558947,506.532798,908865.947875,8.73520648258,10,
5076,509.477758327,37.9944864,1665567.53763,10.2302081129,10,
5078,510.196189399,112.915224,729025.989474,7.03137925284,10,
5079,510.230514833,634.02318,50225.6045582,14.8162902509,10,
5947,592.295338891,561.277968,10323879.0555,1.83372497785,1.0,[M+H]+
5082,510.387634745,388.045164,694861.733766,4.7222637399,10,
5083,510.402125138,60.740985,1498112.20597,12.5241036157,10,
5084,510.438711119,39.0979761,4679850.0974,6.08592279083,10,
5088,511.115351354,105.872754,918064.31569,13.0958800782,10,
5089,511.216803662,354.002688,4197802.44693,1.64808062321,10,
5091,511.24210086,300.051438,1929257.33688,3.09048562647,1.0,[M+H]+
5092,511.263885574,574.773642,1532308.4395,2.81310086728,10,
5093,511.292340744,36.8842998,2169460.94509,6.12508827727,10,
5094,511.289134146,66.025236,5168020.94881,4.7255595272,10,
5095,511.310077537,35.9285568,2192338.99666,3.49062576164,10,
5103,512.284777173,40.661523,1819228.64311,11.4018453645,10,
5105,512.36002139,40.035909,787123.14831,6.05348748167,10,
5106,512.417399018,39.7237212,11417484.4486,4.10908283314,10,
5107,512.875726975,434.736375,64176021.8456,2.81217684495,10,
5112,513.879084337,440.659524,7222753.68455,6.27759995229,10,
5113,514.133042927,545.039886,57522.8495863,8.32170658085,10,
5115,514.229264354,164.86026,3603595.45543,14.7713406577,10,
5116,514.23335708,513.621762,404802.558034,2.87901631325,10,
5118,514.275738863,736.7421,572306.067134,6.56882311278,10,
5882,585.3453187,461.346318,546005.651615,4.3937944563,1.0,[M+NH4]+
5120,514.336615594,360.556128,3332059.44287,9.86763030976,10,
5121,514.396049578,40.3488399,417548.053716,8.34949627865,10,
5122,514.423695769,39.5674689,490336.173253,11.8430475637,10,
5123,514.463694814,38.0238714,7107218.28323,3.3681609,10,
5124,514.833852952,435.362112,28978504.3097,11.1599916719,10,
6034,601.97298595,441.155712,1350304.59923,5.57139594122,1.0,[M+NH4]+
5126,515.008791685,474.577866,5288831953.37,1.18605176655,10,
5127,515.090911049,608.45946,86074.7933647,8.28508894918,10,
5129,515.160494659,47.918991,684851.472872,5.73643545416,10,
5132,515.228295398,574.447524,978877.003726,1.35112810375,10,
5133,515.244938131,39.410787,1505831.59143,6.65075822135,10,
5136,515.889760931,451.598571,387570.26508,14.8172336493,10,
5141,516.262065954,40.5051516,1034383.47542,5.02326303037,10,
5142,516.283661902,453.596496,180091.358274,4.79646287732,10,
5143,516.287351678,510.040788,265453.918302,7.25491049074,10,
5144,516.315771097,652.55202,243931.195463,2.59564999823,10,
5151,517.274514178,684.82503,4684291.88782,3.88440722269,10,
5152,517.445805952,37.2017958,855271.311125,9.02936800189,10,
5154,517.953608293,458.582118,89098.7177218,4.14504122938,10,
5156,518.119252166,40.3491438,860722.750246,12.2601473689,10,
5157,518.160778073,105.555246,774602.019323,8.03415367299,10,
5162,518.325988062,202.451856,15667437.1225,6.22712887837,1.0,[M+NH4]+
5165,519.200543946,664.5093,105878.413269,1.92694534925,10,
5166,519.261370982,652.9617,273700.633765,11.2097300436,10,
5167,519.461682328,37.5481773,950401.842811,4.83707405747,10,
6123,613.235949827,611.07618,603616.947408,7.27992849506,1.0,[M+NH4]+
5170,520.273383086,36.7246215,1822311.62875,6.90780389869,10,
5171,520.278445758,662.98836,516590.93251,5.50478170004,10,
5173,520.333826718,68.208357,129034824.168,2.16065890546,1.0,[M+NH4]+
5174,520.334425453,2077.0644,558231.181447,12.7004248495,10,
5178,520.898920732,38.843181,746756.992041,10.217811435,10,
5179,521.123644201,449.275404,45919.3940432,12.7544851747,10,
5180,521.150123662,331.928061,1792965.51443,3.42133524038,10,
5181,521.28164879,663.3261,113904.675385,4.78765831524,10,
5183,521.294803947,737.81064,101877.268511,3.23885715388,10,
5184,521.294328254,35.9285568,1772111.6708,6.88995938748,10,
5186,521.345644603,194.971344,2060328.11245,2.55886596855,10,
5190,522.086226912,446.619786,63790.1061597,10.2377817176,10,
5192,522.182361681,614.21283,1540287.2508,3.18155819272,10,
5193,522.217701545,721.89543,66282.3172076,8.75521571354,10,
5194,522.239783151,301.559802,1211017.28133,4.55700113759,10,
5195,522.257646139,336.231354,109439.983782,11.6640595888,10,
5196,522.272509337,94.927704,2204923.69767,4.57926029339,10,
5197,522.270312487,301.487925,688154.604022,3.87593410393,10,
5204,522.98014176,440.243094,396193.873355,11.5150236658,10,
5205,523.098941309,445.961028,115519.121499,8.20925070884,10,
5206,523.186145255,613.96014,126365.11,5.04180880034,10,
5207,523.253040555,446.957052,118383.645447,13.7600612145,10,
5761,572.305148127,35.6103108,1400808.23374,8.2876376671,1.0,[M+NH4]+
5211,523.493172763,37.8337317,1060027.59588,4.17220872082,10,
5212,524.175933284,722.86368,1356743.39349,6.35402226926,10,
5214,524.266095513,56.0344944,1180345.47698,4.62165704208,10,
5215,524.284661551,143.305665,5299369.25831,2.29417301618,2.0,[M+Na]+
5221,524.983635417,452.246193,985472.842726,14.0011869803,10,
5225,525.16835228,105.082449,1347650.15421,4.57710720768,10,
5228,525.232232731,456.914043,816121.428138,1.82646227413,10,
5229,525.23216204,540.315354,35963.0965182,7.56017396382,10,
5230,525.2662083,462.149643,295971.052746,6.35094177683,10,
5241,526.252554693,421.219323,132372.717196,11.0995930273,10,
5242,526.265852351,301.163685,6956518.50692,1.44761609844,10,
5243,526.282570012,605.32596,113971.849508,11.8975395457,10,
5244,526.286075656,304.452672,262372.998066,7.30822028087,10,
6312,635.431717465,56.0344944,1228752.52819,10.4869432724,1.0,[M+NH4]+
5248,526.965024706,463.318062,62379.2177768,11.3508399429,10,
5249,527.020253439,424.429308,54167.5244012,3.85690162521,10,
5253,527.112172693,491.217588,355056.267943,4.41758892978,10,
5254,527.132307403,492.311829,145411.004546,8.37665895225,10,
5255,527.153561654,538.92948,41458.6384489,11.9960393617,10,
5941,591.22132093,182.761662,1192297.61792,1.59350172027,2.0,[M+Na]+
5261,527.320239525,309.349698,4479854.78162,2.49132911146,10,
5263,527.312625806,134.00796,2216136.65546,7.45239843479,10,
5264,527.356964416,576.507945,4608830.78757,3.83787572535,10,
5266,527.481944773,61.995597,895540.205512,7.40319158688,10,
6035,601.983540431,53.3819574,790043.829161,9.22674033345,1.0,[M+NH4]+
5436,542.214778701,33.9813048,342286.026799,7.38381781047,1.0,[M+H]+
5790,575.323999208,35.0268306,330254.770407,10.6351173363,1.0,[M+NH4]+
5274,528.299396494,38.843181,241912.094793,6.11851263618,10,
5276,528.355354856,40.661523,552082.449465,14.2469819033,10,
5277,528.377078548,274.133712,358511.714819,7.17612713276,10,
5278,528.412176317,40.409799,2906940.02957,8.30151731873,10,
5279,528.479431161,37.8363003,1342757.42826,4.39161102947,10,
5280,528.849422242,435.776232,1450796723.25,1.22607862417,10,
5282,529.239908745,36.5664252,1185657.48788,6.1021470973,10,
5283,529.278602949,374.255562,4271013.20633,3.35947294182,10,
5284,529.282042279,643.7931,482202.518513,7.74484401673,10,
5685,564.360301854,70.403025,87250321.9656,3.12668967986,1.0,[M+NH4]+
5286,529.372196329,277.328064,2335780.75743,4.04248520486,10,
5293,530.208537305,634.40538,32699.0266379,13.1903720723,10,
5294,530.202828794,316.192344,1010258.51336,5.44359243279,10,
5295,530.236603307,349.545768,728984.460755,7.2845160462,10,
5297,530.295139982,462.344568,1079762.57727,4.45619764858,10,
5298,530.320136322,356.83878,4762558.25377,2.31674761748,1.0,[M+NH4]+
5300,530.339625534,240.33492,6055075.47315,6.54984942766,10,
6369,642.383798362,358.42152,2285566.33625,2.63911491294,1.0,[M+NH4]+
5302,530.375226883,275.42808,432299.346485,6.89018614668,10,
5802,576.412365296,39.8799699,4441185.547,3.59615906957,2.0,[M+H+CHOONa]+
5305,530.443356696,120.596667,3556814.98024,1.43997137538,10,
5308,531.134767086,47.918991,843084.865201,11.9028632201,10,
5309,531.183124932,579.36999,125445.04514,13.9281203546,10,
5311,531.237202669,36.8842998,627483.877606,2.2251328525,10,
5312,531.253868695,685.50558,826560.070819,9.26855517116,10,
5313,531.290379974,698.18151,3459408.04606,3.87013085172,10,
5315,531.409455223,36.5656842,7447543.22564,1.2931166711,10,
5319,532.02690861,429.708468,1711791.07577,9.93127609682,10,
5320,532.048358373,424.429308,47423.0630659,13.4698814075,10,
5322,532.253662706,447.258609,186323.037216,11.5642399078,10,
5323,532.250710862,560.13024,2125232.53401,4.89982420226,10,
5324,532.282677575,494.370696,683995.268464,7.28826712792,10,
5325,532.293804219,698.08446,808671.42319,2.40474191387,10,
5326,532.386283569,39.7237212,4008395.56907,6.8589836427,10,
5329,532.510260182,37.8364338,921036.715452,3.41958262602,10,
5330,532.774340331,601.67958,124920.453791,12.3194776292,10,
5335,533.101726312,444.702828,533345.206777,10.6577971381,10,
5336,533.185654869,32.7102276,51919.6624011,2.16223215973,10,
5337,533.211699051,454.53312,383416.344805,11.769973241,10,
5339,533.234802702,34.9655688,589356.07236,11.722084776,10,
5340,533.273531592,419.08746,23025803.0317,3.12976731539,10,
5378,536.305133001,36.0878112,6964790.18556,4.87507784226,10,
5342,533.294583603,485.178546,799444.97761,9.74371951026,10,
5344,533.351754074,33.3222066,98490.8719849,11.3977489456,10,
5347,533.512116461,37.518918,287799.713996,8.57838390609,10,
5348,533.848743951,435.816672,12103443.9266,2.46393346214,10,
5349,533.953082272,445.280685,134308.540905,9.54735521683,10,
5350,534.17059963,170.490486,9396822.72767,5.49188265617,10,
5353,534.297994392,446.661432,105074.034467,11.2941602846,10,
5354,534.35114615,301.173192,277379.221688,8.12888890251,10,
6278,631.826304349,435.463857,17436154.137,2.78013814395,1.0,[M+NH4]+
5360,535.216856576,188.829624,3846377.18272,7.9921864383,10,
5361,535.256428614,651.62082,403090.561717,14.7218656383,10,
5363,535.350579736,45.0953883,665495.740253,10.4142065466,10,
5364,535.398308549,62.591274,3613128.82878,3.53878747197,10,
5368,536.025613368,447.944904,167425.374552,2.62372284332,10,
5369,536.184309182,774.68355,727834.041724,4.27867667702,10,
5370,536.220417523,710.06859,5201744.1787,2.22912247045,1.0,[M+NH4]+
5371,536.220611319,726.7521,8542941.11858,7.68108061262,10,
5372,536.220655994,600.18912,1181959.40211,1.18128707369,10,
5373,536.214287067,513.925512,106209.775566,6.48096986279,10,
5379,536.409526757,189.198888,2019685.71878,2.70471174437,10,
5383,537.124163732,331.928061,1156366.87721,5.84125621941,10,
5388,537.223872931,600.31236,223071.176583,3.82490840095,10,
5392,537.355491488,33.4857609,154283.938648,7.36948481461,10,
5394,537.697807498,647.59368,12701252.6525,3.35612302863,10,
5396,538.154527959,681.89772,284416.371515,5.0455021297,10,
5399,538.196623512,109.06149,117227.041305,1.40780372896,10,
5400,538.227456275,568.156737,536354.817431,4.04529533138,10,
5401,538.237780962,635.76009,357274.72679,4.12132729648,10,
5403,538.52108977,38.1527355,52737492.3282,2.72414414514,10,
5404,538.970478971,483.58239,37516280.2807,3.51337514879,10,
5574,555.242926376,359.100837,2712494.09664,2.66004769831,2.0,[M+K]+
5411,539.33824394,56.3491722,1144350.62601,14.2735005745,10,
5413,539.490326061,61.49415,6448949.95943,1.13543094417,10,
5416,540.17869285,169.87725,10354763.0547,3.43322541258,10,
6261,630.375834482,300.859188,547081.307794,3.78043631966,1.0,[M+H]+
5421,540.448761111,39.5674689,8998754.08837,4.65915987517,10,
5422,540.493699738,61.49415,1951702.67196,3.36807580386,10,
5424,540.939444956,423.1728,163248.118784,13.3321883204,10,
5425,541.163237976,539.939856,54548.7876677,8.552914968,10,
5426,541.187615382,624.55122,670359.235465,13.8812853985,10,
5427,541.175800375,600.18912,732979.316141,7.39195015673,10,
5428,541.199219908,669.43458,103678.94466,14.0680281929,10,
5429,541.188705462,317.08047,851300.363102,9.93247899326,10,
5434,541.496818317,61.713792,175505.295691,14.4851777143,10,
5440,542.320333563,551.349846,1456623.83093,4.12203812452,10,
5441,542.330408967,35.6682006,427995.119567,5.52042252455,10,
5442,542.428175792,40.1925264,2927184.97284,7.88481020814,10,
5443,542.495049291,37.8337317,1615416.63903,7.91418142488,10,
5444,542.792390446,617.04513,6984981.82224,5.83831473185,10,
5446,543.048709433,40.1925264,719102.622011,14.203707525,10,
5448,543.13885623,562.806444,180876.131638,10.3912777773,10,
5449,543.19912363,181.860192,936745.294573,6.15880438676,10,
6675,698.255859372,36.4066794,647834.367616,8.52398310915,2.0,[M+K]+
5452,543.315074928,386.541417,10788241.893,3.42052841206,10,
5455,543.461449651,37.2014289,718420.493637,12.308366736,10,
5456,543.498108384,37.8946896,518798.979984,0.910813948972,10,
6346,640.037873179,452.255328,224550.736049,13.5304513105,1.0,[M+H]+
5459,544.252985673,408.070023,3631669.995,4.13254694529,10,
5461,544.318557311,386.624343,2822999.77941,1.61483455535,10,
5462,544.406561482,40.3488399,688398.310903,7.87981796123,10,
5463,544.673823026,105.595458,1110699.02772,2.48185509134,10,
5464,544.847751945,447.613158,246536.209179,9.43420742434,10,
5465,545.183069604,647.51913,7011395.27119,4.36471268629,1.0,[M+H]+
5466,545.175834038,105.872754,580449.691631,10.8548211812,10,
6486,665.74751851,647.59368,21224118.0977,3.66378415264,2.0,[M+Na]+
5473,545.927666073,451.414404,291431.61399,9.79296834069,10,
5474,546.046742951,359.901072,55969.1950752,5.53095748074,10,
5477,546.211016469,349.796874,111430.92508,11.0081295897,10,
5480,546.289486104,36.2473677,2670587.5039,3.56511625344,10,
5481,546.301281719,637.89864,122948.008073,14.0677645761,10,
5483,546.401845777,39.5674689,9853728.92385,5.66177213353,10,
5486,546.876850533,55.1014338,3935594.68914,6.65281606771,10,
5488,547.172814091,105.082197,2819951.2024,2.61051217022,10,
5489,547.248272242,462.642639,152317.005764,4.65124565772,10,
5491,547.273887215,502.328328,99192.4438989,5.328259516,10,
5494,547.493393875,37.5166749,1484259.05467,6.77723780185,10,
5495,547.960797919,464.27907,395122.612524,5.61027024739,10,
5497,548.224673532,560.334225,1386107.13208,6.7183380694,10,
5498,548.24834201,135.03135,456350.825928,6.30037850831,10,
5499,548.304991256,35.7693639,8794629.64361,4.72340525827,10,
5500,548.428602688,37.518918,349608.229406,6.70721563504,10,
6462,659.429481053,37.8361668,212453.508706,14.2087405812,2.0,[M+K]+
5502,548.542074368,37.9944864,6152008.80614,2.22969048026,10,
5505,549.159984505,32.6488296,155900.601489,10.0982940555,10,
6079,608.269410412,453.843504,3935829.72679,4.04270173681,1.0,[M+H]+
5508,549.268565281,321.229698,474205.180218,10.3313278239,10,
5510,549.288481397,38.152539,446604.48493,2.96428274086,10,
5513,549.302596575,309.463896,1448876.93994,5.03174036173,10,
5514,549.333359593,54.8178975,553923.201417,11.5419662442,10,
5515,549.346265674,32.9872026,97739.5414576,4.01691002766,10,
5963,593.443905399,42.2268294,1264361.57032,6.09088091492,1.0,[M+H]+
5517,549.509416556,37.5459342,1193642.08839,9.81360691436,10,
5521,550.200381452,300.540192,222569.185819,4.69312064572,10,
6780,716.359606769,569.458485,1973618.99634,3.0016905746,2.0,[M+Na]+
5523,550.288778893,382.137192,1058195.69074,5.31033605777,10,
5525,550.320979688,35.4502488,3850843.48651,4.10863919675,10,
6212,624.483002086,458.61984,173279.164682,3.88370096763,1.0,[M+NH4]+
5527,550.417088122,39.4111581,3213656.11691,3.79700343627,10,
5528,550.412868719,581.4957,125940.565786,13.1223735971,10,
6040,602.58913563,37.6776705,2647229.5376,2.91133353941,1.0,[M+NH4]+
5530,550.629492017,55.5658734,14474840.0653,10.0264312585,10,
5531,550.979916333,463.95618,58685.0896158,14.1943603152,10,
5533,551.304386596,36.880683,383029.54281,6.22388342353,10,
5537,551.944659356,451.278894,525047.743156,3.73008652745,10,
5539,552.078100565,618.6819,301749.318511,6.15876037448,10,
5541,552.228197698,731.58054,61018.9727021,8.31786513996,10,
5542,552.28994356,319.02564,7806478.03228,2.39835804097,10,
5546,552.483665723,38.468052,351038.973231,14.7285832923,10,
5548,553.165098652,170.022426,10057999.6767,7.26456890984,10,
5550,553.202396436,34.32483,244209.446701,6.60432107101,10,
5551,553.23591143,685.76151,116662.041784,11.7978442613,10,
5552,553.263224297,379.103202,1417270.81396,4.50809465107,10,
5553,553.272595121,698.17539,142791.171629,14.9584756008,10,
5554,553.263527572,416.32212,345227.910851,3.55470493562,10,
5556,553.311122655,543.00207,1174352.67023,9.03479066162,10,
5557,553.407188534,161.712414,2104803.67091,3.1103646587,10,
6344,639.542867583,60.24141,4875366.35285,11.0763281866,1.0,[M+H]+
5561,554.118754029,499.024419,2098212.451,10.901401596,10,
5563,554.178975554,418.546092,127920.199274,13.514970421,10,
5565,554.264060207,494.366256,178203.608617,9.80713780766,10,
5567,554.35183349,35.2899528,722116.452564,1.89752142902,10,
5568,554.46449439,39.4111581,5746416.88062,5.77224822493,10,
5569,554.509827182,60.710532,936575.709108,7.76272588384,10,
5570,554.943978202,464.903922,1599858.88336,3.18515657877,10,
5571,555.086624308,40.5051516,2981331.70852,13.2556892116,10,
5572,555.145532934,33.6897723,160886.980008,10.7794255739,10,
5576,555.276219504,485.130084,482022.650799,12.1667804425,10,
5577,555.2900823,654.56685,214235.876989,11.4431812228,10,
5579,555.519374562,38.4626688,287093.463928,10.3909625494,10,
5580,556.142858296,170.81274,7622806.82967,6.56194209088,10,
5582,556.241546723,406.939302,479084.104747,13.5262240617,10,
5584,556.335300434,305.38566,230950.114167,9.09295794964,10,
5585,556.367848684,35.1279369,710120.248905,8.29596259958,10,
5586,556.443557227,40.0362786,11789741.058,5.82298995174,10,
5588,556.531262476,36.880683,653318.258171,4.4947499106,10,
5589,556.645544078,170.68287,3798201.31682,6.48061292591,10,
6439,654.927499268,431.754321,8048872.163,3.05102770414,1.0,[M+H]+
5591,556.966887698,1504.8987,11320661.9221,3.39791616254,10,
5593,557.113543915,774.90552,47009.2964952,9.28998157718,10,
5596,557.225564435,34.646955,1060408.69501,4.95652722447,10,
5597,557.236918722,396.086844,1561707.95438,3.59323296028,10,
6544,674.464859816,36.7246215,934083.81134,4.9129080907,2.0,[M+Na]+
5606,558.241024023,639.53148,384235.66981,9.04508023032,10,
5610,558.302079285,719.28,91616.6480557,11.6772088756,10,
5611,558.330471186,300.8487,612905.965361,9.44084510036,10,
5612,558.38445985,33.8555259,86037.7552163,12.5111548565,10,
5613,558.386716261,58.3719264,2990777.9734,8.20330614797,10,
5614,558.382089715,298.620828,190356.159891,7.88418431678,10,
5615,558.422986533,40.0362786,2140760.00622,2.20780606909,10,
5616,558.438241439,118.987914,145724.704691,14.621201877,10,
5617,558.449694546,39.7232916,532949.944367,5.78165534716,10,
5619,558.989103907,445.609494,768951.552918,8.63205268417,1.0,[M+NH4]+
5620,559.055665442,509.52798,459297.01965,11.9539788701,10,
5624,559.189483236,176.124942,3968322.51021,4.19953001538,10,
5625,559.244509261,639.53148,59997.3055839,4.02259144296,10,
5800,576.336777794,34.8061893,407855.45351,10.278883769,1.0,[M+NH4]+
5628,559.310506328,551.765658,305628.125874,5.40669237747,10,
2334,299.162370037,56.8153608,572802.438792,12.4424680138,2.0,[M+K]+
5630,559.346722777,684.5085,161185.504566,12.9813978165,10,
5631,559.492795079,37.0423623,972560.038459,7.79967678944,10,
5634,560.208448386,568.034802,241061.475431,11.1655759184,10,
5636,560.268979102,590.707548,277993.014319,3.25459266428,10,
5637,560.282579912,35.7693639,602662.178764,6.16388262175,10,
5638,560.276601808,506.793438,355141.480016,6.68190481302,10,
5639,560.305736372,456.905232,165309.33234,8.03821504862,10,
5640,560.417272847,39.0984072,549175.358534,7.65671305174,10,
5642,560.751037743,463.450197,4103367.29611,0.730230449297,10,
5643,560.821982785,446.147733,1030443.52503,8.82947884362,10,
5645,560.999104203,51.1838478,16285855.0678,9.29143379051,10,
5646,561.103548831,229.448262,1618480.75081,4.66148350495,1.0,[M+NH4]+
5648,561.217569693,33.1505688,77730.7907188,13.694401891,10,
6184,621.285445423,464.562132,555802.212232,8.79302468007,1.0,[M+H]+
5651,561.265870984,35.3188332,386049.382715,6.45969057868,10,
5652,561.289498997,525.164436,248898.720193,2.91996873223,10,
5653,561.508705988,37.6776705,1992231.91871,3.82839460883,10,
5654,561.752346075,463.450197,932696.698372,8.33183810995,10,
5659,562.297390503,35.6388177,744894.717295,8.05444270754,10,
5661,562.32084408,35.6098728,806233.495501,8.28759113568,10,
5662,562.412135538,452.731377,2104856.04617,5.51704843441,10,
6329,637.520057663,33.8209434,98544.5648592,12.6471647455,1.0,[M+NH4]+
5665,562.556400229,38.152542,1196114.25043,7.36553565569,10,
5668,563.15179754,87.131628,703179.325638,7.19398590072,10,
5669,563.247540764,177.214257,36612315.6179,2.74982756112,10,
5670,563.30067607,34.9693278,121075.416822,13.201152869,10,
5671,563.320413158,545.494446,1241517.77193,2.29267403662,1.0,[M+NH4]+
5672,563.334439477,298.612008,905596.36972,5.36282910992,10,
5673,563.323586229,35.1279369,152978.153582,11.271806766,10,
5675,563.429165538,62.152347,1505829.15259,2.03358011483,10,
5676,563.524536843,38.152545,2225981.93862,5.51273903654,10,
5677,564.075154054,105.872754,622530.411176,6.75557678696,10,
5678,564.125601809,445.9671,86430.477,10.6464705643,10,
5679,564.167264492,610.4253,314315.188683,3.98406920506,10,
5680,564.179381428,713.80734,92248.3432132,10.9790925767,10,
6518,670.285456764,458.61921,53557.1873496,2.44791541699,2.0,[M+Na]+
5683,564.29969364,37.8312966,826600.736163,8.38846141917,10,
5684,564.336600576,35.3188332,1868260.32308,4.34397458347,10,
5687,564.432007691,61.957782,272969.425962,6.41915954673,10,
5689,564.53707544,37.9944864,5597960.92057,3.74400004332,10,
5691,565.181733751,181.349925,1201083.12092,4.54307589785,10,
5693,565.263252322,496.033236,252654.589693,9.31297449904,10,
5695,565.405699407,37.2009234,22354085.6017,3.7021816842,10,
5698,566.235059563,407.8269,382233.945852,1.26504153778,10,
5699,566.243663103,695.55102,256072.281985,7.0503324063,10,
6520,670.382389442,37.7069352,235027.514221,11.5342070793,1.0,[M+NH4]+
5702,566.352423849,35.1269373,731007.108721,7.55712025614,10,
5703,566.367398112,69.525624,3207347.56283,4.96129333204,10,
5706,566.448670774,315.158592,356012.144962,5.288009976,10,
5707,566.552490016,37.9944864,13041328.0509,5.09049974772,10,
5708,567.031546913,447.2298,44294.7631076,10.2270051995,10,
5711,567.242282447,505.27719,1023449.8252,4.6833173069,10,
5712,567.291917384,69.773967,1780815.1046,8.08310830127,10,
5713,567.355027891,34.3275822,134287.883526,11.8914148083,10,
5717,567.991034503,481.868334,15085774.9657,2.35196075962,10,
5718,568.121587707,105.595458,8145906.17711,3.79478380371,1.0,[M+NH4]+
5719,568.160848139,488.021664,142508.933712,5.38980435315,10,
5720,568.230556767,33.9938328,251682.324335,11.2662746493,10,
5721,568.426661525,38.6261679,8356336.71147,4.74027709522,10,
5723,568.478716331,39.2843613,1068585.31881,6.99986834233,10,
5724,568.889965466,55.2545634,4108614.8365,11.2298170928,10,
5726,569.163717618,105.561018,1005870.48754,8.22869807682,10,
5727,569.206938769,585.295566,94359178.8529,1.93575573406,10,
5729,569.230379534,618.06576,278820.137654,11.1678752211,10,
5730,569.229534681,506.163822,267961.121728,8.60274765026,10,
5733,569.477685604,36.9421908,449902.644659,14.6438220387,10,
5734,570.210221976,559.915044,16181138.9997,6.41936148197,10,
5737,570.257577168,410.063022,1386546.8857,4.31847803966,10,
5740,570.266192781,35.9285568,2114413.30318,6.36424877153,10,
5741,570.289221823,175.184328,9406145.7736,0.754095952813,10,
5742,570.314850345,302.515188,170745.372656,8.80206149873,10,
5744,570.459071175,39.8799699,11667439.8045,4.62045777538,10,
5745,570.475159202,95.051934,404710.938286,5.77036781495,10,
5746,570.526547224,37.201062,282778.74508,10.7437050951,10,
5747,571.119362793,33.3863508,148773.329485,13.5732656348,10,
5748,571.139164695,105.594831,1430924.79036,5.29756786047,10,
5752,571.216679988,69.179679,1216454.96243,3.06211470302,10,
5753,571.26925731,35.9577654,473447.823075,6.12627692193,10,
5754,571.285371604,528.180606,1119311.61534,4.47575839199,10,
5755,571.383508191,456.905232,4193635.82989,1.52967467794,1.0,[M+NH4]+
5757,572.208885527,651.73416,125880.155302,5.87066754121,10,
5758,572.221868016,721.18824,95525.0710062,12.7866545208,10,
5759,572.247742606,164.871081,6332832.53837,5.156228954,10,
5762,572.317181516,711.30978,139824.619194,10.6520506355,10,
5764,572.438814102,40.6617672,2938312.20878,11.611028013,10,
5765,572.453842877,106.350879,5113334.98037,3.97767219216,10,
6113,612.214145882,281.415555,3905945.76543,6.18190466803,2.0,[M+Na]+
5770,573.208652562,106.507746,2132368.50221,3.96457078027,10,
5773,573.389486226,456.89724,176553.737573,2.75983106733,10,
6262,630.512958428,36.0878112,742539.217066,12.4627582746,2.0,[M+Na]+
5776,574.16026588,34.0265838,78377.564557,13.3932107475,1.0,[M+NH4]+
5777,574.16754188,450.94488,110042.724435,4.71234030051,10,
5778,574.259547513,685.02534,233678.256957,2.51527179226,10,
5780,574.300429129,351.146307,487235.738195,4.71513706436,10,
5781,574.320855825,34.9693278,1201551.02909,7.55081524545,10,
5785,575.146015174,33.3180708,80970.5587685,7.57543964304,10,
5786,575.277982985,506.348253,265131.904447,12.2852629497,10,
5787,575.280138422,610.10454,2254066.43931,3.79543633203,10,
5788,575.305164188,228.010506,11552717.9308,2.50602086798,2.0,[M+Na]+
5789,575.324452932,449.940396,347048.669771,2.52851952894,10,
5791,575.377781576,301.806549,2222483.64529,2.50699996296,10,
5792,575.525147005,36.8829288,536390.898451,3.68700382495,10,
5794,575.966352282,445.280685,201132.082544,9.17683524953,10,
5795,576.183276688,568.324686,86726.681056,13.5264595906,10,
5796,576.293966524,35.6388177,485606.482351,7.99631270778,10,
5797,576.30641846,332.572809,317377.287433,10.6536092377,10,
5799,576.312314083,773.03856,268311.868624,7.96266984715,10,
7233,824.224163231,170.16786,4443818.15033,5.45210380416,1.0,[M+NH4]+
5807,577.299950498,443.993424,594228.014239,2.27432365528,10,
5808,577.315163462,773.03856,24141.3366944,11.8533745111,10,
6747,710.558959712,36.9132453,423137.770627,9.30349280806,2.0,[M+K]+
5814,578.282845671,347.497536,744569.452627,3.56188917249,10,
5815,578.331787133,359.991708,383500.747989,8.48582710208,10,
5817,578.443030216,309.659823,13624064.2338,5.98981718992,10,
5818,578.443222469,338.597526,5515688.29588,8.39113826688,10,
5821,579.05461837,487.67961,266120.259558,13.7745189697,10,
5823,579.275082238,546.026568,625079.414289,2.39924439053,1.0,[M+NH4]+
5824,579.276017353,33.3222066,35423.8004751,9.77728518007,10,
5826,579.55574254,37.2304398,622451.855134,9.47909474665,10,
5828,580.223037479,639.36036,77978.2634591,9.1964339058,10,
5830,580.391718916,39.410787,1913148.93508,3.56705953311,10,
5832,580.567896458,37.8363003,2715319.76028,2.49527438145,10,
5836,581.203469711,175.1607,6470068.57586,4.6610868837,10,
5837,581.237075684,116.463012,970351.245372,4.53657497866,10,
5838,581.271709584,34.6389288,80632.1707844,6.41801314137,10,
5840,581.448490503,62.276898,464045.762545,1.77747814797,10,
5841,581.535912953,38.7842838,1166037.40632,9.50180532308,10,
5844,582.230478777,575.543502,338136.09203,7.50053765463,10,
5845,582.253938648,549.159306,44501.480633,11.6350785047,10,
5846,582.266303448,35.6388177,3304123.50449,2.42872166595,10,
5848,582.314971812,62.431707,1238346.67997,4.72197024957,10,
6735,708.337219156,104.13039,1607619.36568,2.34545756055,2.0,[M+K]+
5850,582.362840825,379.152588,491421.225219,7.5541863851,10,
5852,582.431689935,37.5186144,364030.079552,10.6746974358,10,
5853,582.49735864,82.66491,1054150.76829,6.79666989497,10,
5856,583.207593169,105.559764,1182225.60455,9.7548971983,10,
5859,583.295322833,364.380198,1230429.14386,3.00294075463,10,
5860,583.38673131,170.526246,14591117.2175,1.88322342055,10,
5863,583.500255112,83.300388,227982.502721,7.47030504017,10,
5865,584.231592943,650.10024,197535.440181,8.85966611786,10,
5866,584.22922632,467.098404,1193320.86643,9.27977326057,10,
5870,584.396132096,415.707294,1814750.64894,3.7268808079,10,
5872,584.439724445,562.337328,12770500.1031,2.06754334877,10,
5874,584.474826828,39.7237212,9281196.93562,4.21593524221,10,
5875,584.490170093,56.3469915,718891.907148,9.15432969423,10,
5728,569.20697359,544.16184,48403661.3582,3.66949532855,2.0,[M+Na]+
5877,585.180595429,560.444736,76002587.0784,1.23380471849,10,
5878,585.180856255,585.130941,52257494.8548,2.91727650804,10,
5879,585.204457178,617.74029,344733.581119,12.4847824879,10,
5880,585.26828003,181.543434,1706135.19506,5.3293857326,10,
6723,704.472612564,506.663118,645946.900689,9.74666495881,1.0,[M+H]+
5891,586.010701847,53.2261998,1077376.41705,1.4067920593,10,
5892,586.149092358,609.78468,55915.5641594,12.9530635681,10,
5894,586.184288329,575.586948,12562517.3585,6.08221727997,10,
5896,586.265508296,301.364382,467239.073389,6.24615071597,1.0,[M+NH4]+
5897,586.300244951,377.675844,838025.908173,7.30013500514,10,
5899,586.320831917,391.197528,879736.307281,5.7801560766,10,
5900,586.358708412,372.792375,198266.911663,8.81102937525,10,
5901,586.454306653,40.3488399,2476244.88958,7.33641550491,10,
5902,587.116126445,105.594831,3938642.85084,1.48685585936,10,
5903,587.151766122,519.977604,381959.921806,2.36225639898,10,
5904,587.18103576,560.392614,7175547.30284,1.65785025884,10,
5906,587.181653121,585.184806,4937732.27588,0.749489767828,10,
5910,587.524110558,36.8836143,594378.576632,8.30157382579,10,
5912,588.155724963,34.0026978,129483.67542,6.64944285659,10,
5913,588.27598325,603.2691,54014.18767,13.3171624483,10,
5915,588.315898605,295.37811,718375.010381,3.81712561304,10,
5916,588.337230689,455.552364,1190423.49108,3.0423889782,10,
5917,588.378254905,84.742827,5804716.48574,4.7741131366,10,
5921,589.160414077,33.6493152,51683.9282845,14.5747198905,10,
6066,607.269214406,34.9655688,184236.054678,12.6225769327,1.0,[M+H]+
5923,589.282698291,461.346318,961112.118101,1.87850731397,10,
5925,589.382706284,84.584898,1868084.44755,2.69096828686,10,
6850,728.398728271,302.001252,1784162.84333,1.95997295415,2.0,[M+Na]+
5928,589.470334648,60.397722,885924.961165,8.58377247287,10,
5929,589.539903028,37.3892493,870890.928149,7.85261100973,10,
6444,656.028519423,464.529393,291691.051545,9.25006850145,2.0,[M+Na]+
5931,590.187129028,122.36478,284661.493227,5.7991913677,10,
5932,590.295142269,360.54582,369299.37211,7.95052699868,10,
5933,590.306220811,667.64184,148007.845538,5.25161728956,10,
5934,590.315185924,37.8364338,171944.428973,14.6900021674,10,
5937,590.428070599,39.7539228,14189795.4242,5.29360004347,10,
5939,590.903084559,55.4101869,3890093.62788,9.16501999599,10,
5940,591.120960459,169.878246,3480112.6807,7.25747481109,10,
5942,591.404793721,55.4125548,1414413.20976,7.94234582909,10,
5945,591.555674519,37.3583595,716830.788037,12.2117236156,10,
5946,592.101769336,40.6612788,2345692.53176,4.12763475759,10,
5948,592.295357802,525.281007,2461233.24892,2.92606352841,10,
5949,592.327022652,587.098497,2589416.06847,1.6810907236,10,
5950,592.330882242,37.5144318,271740.230775,13.2888741025,10,
5952,592.56823916,37.6776705,9660072.99784,3.53154181332,10,
7098,786.162888922,40.5051516,29857696.8411,5.66742782987,1.0,[M+NH4]+
5956,593.164363387,32.8281429,109873.91336,7.96747593232,10,
5957,593.254582795,720.04797,524148.299144,8.91862540622,10,
5958,593.261998144,458.244618,95115.9952569,6.08720048869,10,
5959,593.267151535,528.295932,470508.105707,2.06864681375,10,
5961,593.395560223,70.782366,982819.070816,6.56289834775,10,
5962,593.41768037,560.868921,4561493.61373,4.82155135148,10,
6191,621.630784768,36.4066794,886493.800275,4.20600080273,1.0,[M+H]+
5967,594.274794379,585.216009,2686906.71189,3.27529249227,1.0,[M+H]+
6773,714.415698823,615.5349,1380531.16268,4.94216900558,2.0,[M+K]+
5972,595.082701275,331.621008,195152.629218,4.18843243973,10,
5975,595.379891374,39.1579356,885325.036944,4.73231818631,10,
5977,596.122666019,33.4959477,52293.6659811,10.9961902175,10,
5979,596.281075921,35.1269373,216945.434067,8.7610804469,10,
6738,708.489196717,40.661523,2139053.24948,7.47830495372,1.0,[M+NH4]+
5982,596.509875688,39.0979761,839451.453645,13.0743284335,10,
5983,596.52699816,35.9285568,319736.472038,3.08230765069,2.0,[M+Na]+
5984,596.590560002,37.518918,592002.519301,11.2682567683,10,
6566,679.014576078,474.855495,2632422645.34,1.32981636578,2.0,[M+Na]+
5986,597.103269785,452.412822,214835.527625,14.0710788287,10,
5987,597.108050965,354.371364,186816.372053,14.3583713287,10,
5988,597.13560473,33.6549486,183606.634621,6.72678251675,10,
5989,597.223587764,105.243516,963252.816082,5.44600842131,10,
5990,597.262124637,610.60443,1054229.39451,4.79148813879,10,
5992,597.359734171,301.801242,1534046.78821,2.13572775883,10,
6012,599.411364545,38.7839118,10799186.9563,6.09017747822,10,
5994,597.452585986,40.0362786,2318466.42668,3.88084064369,10,
6380,643.531760899,35.6094348,161970.538818,12.644942609,2.0,[M+H+CHOONa]+
5998,598.368759401,510.173406,7397418.47101,2.22658835045,10,
7007,761.583067421,40.9747632,1423687.90377,6.54726465266,1.0,[M+NH4]+
6006,599.147481878,33.660582,41690.2765407,8.84355884161,10,
6014,599.523763515,36.724677,369149.353148,4.53566413701,10,
6016,600.160254372,568.964418,61953.0382292,14.0554125789,10,
6017,600.182814467,452.565372,126148.389379,5.09930759918,10,
6018,600.199823526,105.91239,3194995.46629,2.68452884501,10,
6019,600.222602957,615.84828,316274.24786,7.56978627214,10,
6020,600.268200685,381.995448,1354405.06984,2.22805423841,10,
6021,600.2929204,34.9618098,173214.202057,9.68236000874,10,
6022,600.320001193,633.95754,82668.4497589,11.7173889826,10,
6027,601.107565126,33.3222066,38863.8571319,8.29088363125,10,
6028,601.256837389,545.365569,688519.014282,0.818872947251,10,
6029,601.296056576,567.994668,579321.376681,6.89222239945,10,
6033,601.539759815,36.8836143,465002.425926,7.07346505956,10,
6036,602.192060387,33.8280063,61372.2513271,8.93843443597,10,
6037,602.335226483,710.9607,186239.450666,3.80991601222,10,
6038,602.352458775,372.947385,821462.05425,4.9186809426,10,
6039,602.376045045,88.88136,826543.131292,4.18568491694,10,
6042,603.275310409,713.55168,1229694.488,5.15800366325,10,
6043,603.356085681,421.878456,194049.992485,11.3809327633,10,
6045,603.555295492,37.0412394,381559.11446,4.3683047444,10,
6049,604.270189148,687.14427,331981.427727,6.14297092769,10,
6050,604.290015136,632.29032,106892.093075,3.87761722567,10,
6053,604.604385495,38.146926,1177127.18738,12.7536945086,10,
6056,605.570511059,36.8829288,338433.737504,11.5782678225,10,
6058,606.289874517,382.557684,114838.138519,6.15949183441,10,
6059,606.311004234,500.293908,2479513.44821,4.78811336964,1.0,[M+NH4]+
6060,606.316702327,55.7218095,1058294.10141,6.06071967019,10,
6852,728.523767126,75.277629,23151324.8827,0.37267238468,2.0,[M+K]+
6064,606.51037079,35.9877102,255756.419676,5.004083774,10,
6065,606.584061731,37.5191742,1909183.86308,2.36134275044,10,
6067,607.285551707,463.00095,329938.864,8.30765989593,10,
6072,607.433568721,547.75194,116278.169403,10.1523349863,10,
6074,607.552861026,61.65096,596080.876582,11.1452772672,10,
6075,607.586998375,37.5166749,879463.813307,9.67087465164,10,
6076,608.113633044,38.4983616,516002.573639,14.647002737,10,
6077,608.134085379,40.3488399,1506419.60866,10.4021889034,10,
6078,608.26037716,35.2872498,372532.62392,4.04156659519,10,
6081,608.282190242,429.856884,299316.837991,10.3519281494,10,
6082,608.386578593,73.238835,52345898.8912,1.9826755327,1.0,[M+NH4]+
6084,608.453762798,594.530832,2596722.87102,3.58936569184,10,
6196,622.527375776,69.459909,5029462.05208,5.758751559,1.0,[M+H]+
6086,608.599651878,37.7069319,1294206.69045,5.39104825494,10,
6088,609.28573512,34.3275822,67181.9344132,5.62788087453,10,
6089,609.289698116,422.37156,218988.081632,4.30365499459,10,
6092,609.398700154,300.859188,1092881.20545,7.24378453216,10,
6095,610.11216755,40.3488399,409104342.581,2.65482843866,10,
6096,610.160831592,33.9813048,110369.161941,5.27435335069,10,
7361,882.957144091,465.221928,687582.259264,13.6900169063,1.0,[M+NH4]+
6098,610.342859339,456.914043,157638.055554,6.01556006312,10,
6099,610.392166724,73.232466,3075714.94857,3.2134548171,10,
6100,610.403027527,301.013505,463786.43926,5.1948912806,10,
6101,610.528734145,70.711968,8604296.17711,0.806459364689,10,
6102,610.852724314,440.344653,52354046.4209,3.00546160314,10,
6104,611.222310721,33.660582,30874.9940084,1.90045286337,10,
6105,611.315965693,649.90029,8907748.9135,2.56792176694,10,
6106,611.361248451,83.938884,398054.788275,3.10583016728,10,
6108,611.468393616,35.927559,97375.9717086,3.95324273001,10,
6109,611.581174223,55.4401401,5110437.31745,9.50739237847,10,
6112,612.18527459,277.071963,356688.207858,12.8333719973,10,
6114,612.249119338,641.21586,197397.53847,1.63840611803,10,
6115,612.414516246,55.5658734,5501287.59439,9.18018767501,10,
6116,612.427385285,279.5457,10133459.3962,2.78677255023,10,
6119,612.850542383,440.344653,22302784.4054,4.24832971502,10,
6653,694.989289665,483.927939,34088823.5932,5.93015349232,2.0,[M+Na]+
6122,613.109918406,37.0391904,9739898.6317,113.56346279,10,
6125,613.390687337,39.2545371,1706831.60742,6.39284858759,10,
6127,613.539091573,36.9421908,325084.141569,11.1105343916,10,
6128,613.854618397,439.841769,2864496.39992,5.57267297458,10,
6130,614.235713852,38.4685446,346910.981649,7.39220548218,10,
6133,614.34542999,73.232466,2415794.93859,3.35624821421,10,
6134,614.393732279,39.7232916,804455.912349,4.92867639677,10,
6135,614.442828541,86.212692,256129.905453,8.52362837765,10,
6752,710.828250279,439.684962,15496255.6326,2.74522751834,2.0,[M+K]+
6139,615.067507228,42.3879009,26000844.3851,1.39919335313,10,
6141,615.290747192,124.445142,255829.006098,4.1244464404,10,
6142,615.311530821,542.247903,1759460.05551,3.82984239875,10,
6144,615.406436628,39.0979761,4369431.84737,3.87596393836,10,
6148,615.958157301,55.0990029,2303498.51716,6.00486543174,10,
6658,696.009644573,41.4451416,585827.285057,9.63052682245,1.0,[M+NH4]+
6150,616.074400068,105.40164,937701.513915,5.55278864578,10,
6152,616.251372079,38.152539,150270.769857,11.8049973099,10,
6773,714.415698823,615.5349,1380531.16268,4.94216900558,1.0,[M+H]+
6157,616.464853159,40.6612788,4217304.64631,8.887100745,10,
6160,617.231029352,545.331072,289981.44059,7.09876654719,10,
6163,617.327890489,581.273778,370845.113703,9.31237079617,10,
6165,617.370711863,314.208126,278026.677602,14.2879632621,10,
6167,617.493060878,35.929293,177146.651325,13.3893354971,10,
6169,618.30960741,457.24536,68522.6905348,8.49328032785,10,
6170,618.347778017,737.32338,128130.412672,6.22378227204,10,
6172,618.532085165,40.691916,990204.634864,4.59066021699,10,
6173,619.059800528,446.568678,185624.51844,4.34908179932,10,
6175,620.241793467,638.37906,317591.586848,2.72943104181,10,
6176,620.270254911,62.341542,249692.240157,5.38098960951,10,
6177,620.317176971,691.59267,708411.423067,5.69504237724,10,
6178,620.342375799,331.938738,272154.598091,6.4596053023,10,
6179,620.438408132,40.1925264,4593160.54186,3.36597105151,10,
6181,620.599420934,37.6776705,6529600.13102,3.30233858166,10,
7217,818.976197517,482.295324,8831656.75362,5.34926732749,2.0,[M+Na]+
6185,621.298790548,633.6558,71045.2878754,5.84670515968,10,
6186,621.391058142,60.08304,2377687.34421,6.55206380637,10,
6188,621.459950171,894.05946,20685061.7591,6.84717497664,10,
6189,621.496474991,34.9618098,380803.835468,2.3911184174,1.0,[M+NH4]+
6192,622.190777685,105.876762,1276242.07426,2.44842230257,10,
6193,622.284976629,139.737606,5444572.47036,2.26402433033,1.0,[M+H]+
6606,686.303160011,37.9944864,490963.475189,7.08175358676,2.0,[M+Na]+
6195,622.394034988,60.115542,658975.719153,10.6479056517,10,
6198,622.743043485,446.949528,208204.530042,4.1946184165,10,
6199,622.943277694,462.672318,132324.733912,10.1187391116,10,
6200,623.247483153,581.196975,759894.293635,1.95840651677,1.0,[M+NH4]+
6202,623.387647671,36.2473677,811595.317975,6.88948110814,10,
6203,623.453865863,55.4101869,2133171.3787,14.6567111523,10,
6205,623.584449655,58.9941699,8947276.23819,3.87372512291,10,
6207,624.127993564,39.5674689,18274086.5512,13.1982352919,10,
6209,624.420753493,300.721998,370214.844741,10.8701672904,10,
6690,699.518054182,78.876111,2141108.16631,5.36095110564,1.0,[M+NH4]+
6213,624.522607217,36.5664252,262145.033945,5.53649164281,10,
6214,624.543542061,67.896045,32651457.2794,2.97401713328,2.0,[M+Na]+
6217,625.259332788,562.448904,445214.08559,13.2298476461,10,
6218,625.332203995,617.27646,2557612.92831,3.99384687866,10,
6221,625.477966308,296.874777,1596215.68549,5.22804967023,10,
6225,626.236313858,458.919732,314096.165919,6.51261029929,10,
6226,626.335532822,541.010718,45821.0944739,7.16247851001,10,
6227,626.486574436,39.7237212,1565442.24027,11.9410433518,10,
6229,626.530812283,61.180653,429838.23277,8.41744642736,10,
6655,695.219073321,53.8499622,799273.644702,3.17303801515,1.0,[M+H]+
6235,627.278609658,357.237732,240729.599589,6.54143212766,10,
6236,627.370813917,302.11968,2096251.01863,2.21568060758,10,
6237,627.519072193,70.088334,356909.245222,11.0141761722,10,
6240,628.307973378,609.78468,2441848.69927,7.34526503824,10,
6242,628.500981881,40.0362786,8852386.78297,2.79529163593,10,
6245,629.080493071,33.8209434,116677.99053,10.0887846264,10,
6246,629.088709159,487.362177,2157052.46017,6.41791256195,10,
6248,629.290926356,537.939552,5182984.57494,4.39587545014,1.0,[M+NH4]+
6251,629.363829029,721.19649,2419353.647,8.26976539506,10,
6254,630.005527796,429.605166,1209919.97523,5.96622462828,2.0,[M+K]+
6255,630.156554017,105.399069,778949.564481,5.57002851238,10,
6257,630.28627735,627.42492,270876.598177,4.87028310888,10,
6258,630.294275719,537.758607,1465645.45205,3.25457871154,10,
6259,630.347200718,502.650828,259378.235468,10.5904870324,10,
6263,630.5686129,38.9409735,376516.187795,13.5708375326,10,
6264,630.803504005,426.135324,197425.292006,13.9566722579,10,
6267,631.15614364,189.520266,1036252.00278,2.2818735313,10,
6269,631.28148219,719.35344,481398.912626,7.58540478155,10,
6270,631.296169797,537.939552,278959.937017,6.95792070373,10,
6271,631.288821343,627.6288,49255.588083,12.5394271467,10,
6272,631.306090614,562.806444,392688.731454,11.2521205593,10,
6273,631.329179517,121.565541,17530109.2587,6.04210741835,1.0,[M+H]+
6274,631.380715538,300.849804,734194.899013,2.88899007942,10,
6275,631.401580186,39.7232916,1820478.86534,2.89944047478,2.0,[M+K]+
6276,631.48372274,40.661523,602956.681113,11.6684548072,10,
6995,759.368538417,170.802357,5292076.10311,3.88320042275,1.0,[M+NH4]+
6281,632.284695785,719.62374,116203.27886,3.59653876483,10,
6282,632.301454947,619.02624,3449117.02069,9.21865205618,10,
6283,632.314468387,608.6433,147114.580257,9.15841869267,10,
6285,632.327147384,534.634122,129765.602632,2.22914474478,10,
6287,632.495008799,34.1911413,99842.6496792,7.28631992422,10,
6291,633.040281962,41.288151,4044119.2326,1.19444570862,10,
6292,633.292246644,615.85614,3183320.92253,5.76739580342,10,
6293,633.305469162,619.67556,681258.07644,7.85402894479,10,
6296,633.953989717,430.188144,1533674.75594,12.0320285757,1.0,[M+H]+
6298,634.306952112,619.97472,104076.233186,12.4706064678,10,
6299,634.32138653,446.568678,1281485.89143,1.16611208781,10,
6300,634.427794082,55.8780582,4551995.63145,5.08993621075,10,
6303,634.527577272,67.115739,24303007.1278,1.34805098036,10,
6305,634.614764103,37.197801,289821.141594,11.3424103591,10,
6306,634.812910452,445.6458,329969.74732,10.2423929094,10,
6584,681.997375177,55.7218095,2171311.62879,7.91583778163,1.0,[M+NH4]+
6308,635.137807803,170.188992,8265503.03784,3.68179541106,10,
6309,635.3012383,566.742618,349814.742629,4.73146211886,10,
6310,635.341744394,298.282062,654471.145359,5.35055759197,10,
6314,635.490493777,37.8312966,448247.576844,11.6856788353,10,
6316,635.618021875,36.5649432,160668.101478,12.6567888261,10,
6317,636.121892291,491.960277,800908.802422,9.32670103964,10,
6318,636.164449509,585.922962,50562.97676,12.183917404,10,
6652,694.635494489,55.407819,1432580.20805,7.98108886206,1.0,[M+H]+
6325,637.295538361,503.625708,185554.32367,13.7501877121,10,
6326,637.332077074,642.33354,233445.443469,9.1425778494,10,
6327,637.350254164,57.9053664,707282.860622,10.6434199685,10,
6328,637.469971571,42.0709005,1034414.13561,13.2516329729,10,
6331,637.950450732,464.588802,78905.4399252,11.1743458347,10,
7198,814.157785396,40.0362786,2367870.10073,4.23982755294,1.0,[M+H]+
6335,638.323892836,452.242002,165306.233269,8.76394126561,10,
6337,638.537940169,36.2765016,222391.034848,9.79375720846,10,
6748,710.579467238,65.401128,1736002.4625,3.96442881605,1.0,[M+H]+
6340,639.123670296,33.6493152,59774.0350967,8.59457965647,10,
6342,639.351927232,375.677724,579658.058983,8.71766791972,10,
6343,639.451956057,68.709933,607868.131967,13.2458944767,10,
6347,640.227201787,34.9618098,132106.135172,2.90381317667,10,
6348,640.291320932,506.478702,557425.808942,4.28306264461,10,
6350,640.515708034,39.4115292,1034290.27323,5.06004003031,10,
6352,640.537432465,39.44154,640554.017848,1.55511594981,10,
6353,640.553870306,36.0876804,491043.335963,7.81081831497,10,
6359,641.363714836,408.146298,1322581.89007,2.67924796336,10,
6360,641.385975766,301.487925,985699.11784,6.07566742471,10,
6361,641.38823344,513.944754,76017.2844506,11.6991936757,10,
6363,642.285467973,669.81705,947072.009603,7.30531150574,10,
6365,642.344767895,36.5656842,323574.928194,10.9145362821,10,
6367,642.359786071,646.50102,6705806.12141,2.6924361951,10,
6368,642.383855954,383.475429,1000579.81947,6.37786888949,10,
6370,642.383875977,609.14022,1567816.42102,5.91080346011,10,
6372,642.478282609,35.929293,789616.274683,2.98232252616,10,
6373,642.515064709,39.7237212,5009480.663,3.66149487638,10,
6374,643.342863503,530.993022,98495.0598819,14.9755604496,10,
6375,643.362680412,646.62384,1805660.71399,1.34711510971,10,
6376,643.387300704,609.1167,468579.198128,6.6197791245,10,
6377,643.452261726,375.623226,305098.504522,8.37892440203,10,
6378,643.479497571,35.3188332,199947.873924,0.523491312352,10,
6379,643.494056517,40.0362786,878838.158496,9.91450672971,10,
6382,644.289066036,621.33186,287687.316947,9.43678976721,10,
6384,644.496171117,40.5051516,8694433.08694,4.02043162726,10,
6385,644.51285463,35.9577654,248672.258694,13.1029988367,10,
6386,644.548036051,40.0362786,2568206.22858,5.41243034238,10,
6388,645.084281397,487.362177,1822785.12882,4.84691551274,10,
6392,645.602738395,37.0699959,441833.913998,6.27919245184,10,
6393,645.976188837,51.6815355,497359.630617,9.06591124366,10,
6472,662.343712812,78.406485,3710495.3966,8.09160778823,2.0,[M+K]+
6400,646.563319681,40.5051516,4028868.76715,1.61652645377,10,
6403,647.294861919,454.208526,342582.551059,13.8583993152,10,
6404,647.460431297,36.2765016,9896376.72214,5.38930280442,10,
6406,648.181210276,613.66326,213140.983556,10.1286870805,10,
6407,648.468094315,40.1925264,1505323.65582,9.50715303267,10,
6410,649.261359498,103.374588,1156457.05024,4.09516626941,10,
6412,649.414148326,301.641993,386630.387438,4.06905013484,10,
6413,649.467187512,36.2473677,968856.966028,7.48228528038,10,
6414,650.233584175,449.882532,212507.942593,7.82954762275,10,
6415,650.276133226,742.85931,1895815.02627,5.74870533795,1.0,[M+NH4]+
6418,651.138753164,41.2883316,13787318.0405,2.32694744358,10,
6420,651.272933935,537.758607,1606024.5524,5.32871411505,2.0,[M+Na]+
6422,651.322384768,443.734446,189842.354965,12.0564893925,10,
6423,651.348268901,662.40954,441945.388415,6.52047728144,10,
6502,667.371424683,77.310987,18756221.5701,5.92303381711,1.0,[M+H]+
6425,651.425172835,40.348536,399589.302791,6.36219741857,10,
6426,651.536128199,33.8280063,85370.6124919,12.812810091,10,
6428,652.413028272,76.059996,27454006.1234,1.76173226562,10,
6830,724.595587983,64.153575,25106601.0931,1.22878660496,1.0,[M+H]+
6430,653.277779399,537.652968,34183.016669,14.5637282736,10,
6433,653.504678112,39.4111581,492887.927967,10.9632728636,10,
6434,653.558745965,59.8034838,1671780.53177,6.68731056732,10,
6435,653.577640464,64.77732,3826123.89235,5.69746522611,10,
6436,654.213066405,584.853684,79169.2276396,9.64190356541,10,
6437,654.418251453,76.060302,1860673.69258,9.69120805536,10,
6438,654.569059074,39.2545371,2553632.15755,7.27122849695,10,
6443,656.012464136,451.9185,67720.1402761,13.6797533607,10,
6445,656.330520256,296.548212,968568.846474,3.85390186877,10,
6446,656.410617709,506.157552,515937.396139,2.94995733789,10,
6447,656.440884182,56.5298826,3582200.33854,9.63526243066,10,
6448,656.531772738,39.5674689,1363281.05285,3.87584517057,10,
6451,656.942925131,56.3770104,2300110.91551,4.37705027178,10,
6452,657.333076367,296.352228,319779.336657,2.7382609756,10,
6453,657.367884363,76.216371,5861601.01958,9.11341729514,10,
6455,658.198031093,638.72775,26239.9397642,9.594004149,10,
6456,658.317314974,571.260786,132329.205057,10.8580623685,10,
6459,658.799356106,445.609494,675442.042409,7.28065219169,10,
6460,658.964754071,445.31943,144327.368293,8.00883275643,10,
6461,659.374416906,455.198748,1325821.08313,4.41184575125,1.0,[M+NH4]+
6463,659.435307153,301.178562,161187.415503,4.76051357331,10,
6464,659.482228693,55.4401401,3215962.22242,14.0724656267,10,
6468,661.292089882,701.14014,986758.286955,4.51600436075,1.0,[M+NH4]+
6469,661.379985031,455.55339,48064.9283239,10.8982829295,10,
6470,661.480614613,576.92751,342735.151147,4.00012104825,10,
6473,662.404277505,613.2003,882417.216167,1.92729147109,10,
6474,662.609217336,55.4125548,2101647.05139,2.94149616862,10,
6476,664.289658056,469.593522,827289.652728,10.9143643259,10,
6477,664.33214648,444.99393,943923.706347,2.87665855055,10,
6480,665.290983156,459.634962,378431.312609,1.77366837006,10,
6481,665.300745408,699.26676,8834553.344,1.90639826726,1.0,[M+NH4]+
6482,665.335254582,445.142487,286990.148707,6.09181405715,10,
6484,665.551594921,33.3425802,31932.394217,2.5919181814,10,
6487,666.003149241,38.152539,149504.690081,13.2662762254,10,
6488,666.138665224,40.0362786,6154749.98904,3.04493770051,10,
6494,666.60505899,42.227892,411873.10564,12.5940507086,1.0,[M+H]+
6496,666.750468501,647.59368,3302452.10246,8.47724769126,10,
6497,666.761133627,439.131159,6608556.38503,11.3737798289,10,
6498,666.905477168,56.3469915,730919.099842,2.79988763468,10,
6500,667.211584685,581.388348,70436.4748342,8.92423726307,10,
6901,738.154659984,33.3180708,604748.93884,5.28391942097,1.0,[M+NH4]+
6507,668.249813285,537.956358,97519.7203618,0.750482349538,10,
6510,668.648135231,42.0709005,190932.683662,5.72754680858,10,
6513,669.162226042,613.34652,743783.376785,3.12066621644,10,
6516,669.623102523,55.5658734,2838184.54324,4.6560410821,10,
6517,670.170552088,41.2885122,977595.898525,13.6817761813,10,
6522,670.563910844,40.5051516,7090294.80321,1.92705870338,10,
6526,672.073204128,54.4765092,1227223.21916,9.70379623007,10,
6528,672.940171805,444.641052,1175303.78423,11.1577159933,10,
6530,673.206799003,282.053943,2159493.93746,12.1780690051,10,
6532,673.341950679,76.529055,22918635.0519,8.57511134665,10,
6534,673.353628763,589.043742,372082.613464,5.27388132506,10,
6535,673.390232324,632.63706,154708.123264,10.1586687656,10,
6536,673.45475323,754.77261,9933544.3529,11.770574595,10,
6537,673.516407313,54.7903122,3143044.73767,11.7594325403,10,
7127,794.800549659,647.59368,3760620.32256,6.26272518129,2.0,[M+Na]+
6540,674.236142749,647.59368,5460609.94525,6.11976203591,10,
6541,674.298502546,172.351086,3856070.51341,5.36544860188,1.0,[M+H]+
6547,674.593938211,40.5051516,1550903.65881,5.43980905278,10,
6549,674.77295912,443.181504,2015909.3232,6.29084105726,10,
6550,675.094585696,487.67961,1993871.81946,2.96257272059,10,
6551,675.237436458,647.59368,762784.955597,9.63033069082,10,
6554,675.677739441,37.9944864,2025064.27163,7.03548448758,10,
6556,676.14262338,613.81176,604704.675595,11.5564201764,10,
6557,676.148371913,491.216142,177025.778392,11.8039826985,10,
6558,676.882589529,444.641052,390828.802839,12.5331074727,10,
6559,677.230860864,323.461812,856746.504602,3.99826776938,10,
6560,677.323432034,693.77559,409478.647506,5.76231417509,10,
6561,677.338932609,725.14608,1172003.03377,7.8838611524,10,
6562,677.363857086,603.75441,907157.180064,5.34873481958,10,
6563,678.316831223,78.249858,1938811.68673,6.82556578145,10,
6565,678.480446696,40.3488399,20626035.5826,3.71837528377,10,
6567,679.149395046,613.65339,425776.848358,7.26069981888,10,
6568,679.450780483,35.3189502,271627.650952,7.14646666949,10,
6829,724.571133785,91.445604,100999905.249,9.28228802389,1.0,[M+NH4]+
6572,679.516819518,475.203252,28645886.3045,4.45927425965,10,
6573,679.573816954,58.2164274,1754603.0093,7.29305639266,10,
6577,680.74920514,442.390818,666948.250713,5.56983745172,10,
6579,681.259248348,435.237372,6065015.21409,0.807144863635,10,
6580,681.356742816,455.552364,150703.370772,7.36884164882,10,
6586,682.353921259,549.74379,2325191.18824,3.87601054695,1.0,[M+NH4]+
7294,847.295011906,36.4066794,4318681.30281,5.73470653959,1.0,[M+NH4]+
6597,684.302019772,72.610086,2754428.77465,4.77164450741,10,
6598,684.372316081,59.45823,3591813.37789,6.91978209449,10,
6599,684.397624815,37.6776705,707224.44306,6.30765980399,10,
6600,684.565800607,39.7237212,977851.696673,11.9762746756,10,
6603,685.305103132,72.610086,780713.909712,1.6075736445,10,
6608,686.83856799,440.659524,4498478.04709,14.1962172783,10,
6610,687.133438225,613.81176,514326.946018,7.83857026511,10,
6613,687.307607015,691.81668,306607.312247,3.2934911275,10,
6614,687.369667752,555.317133,497609.91416,3.10475653805,10,
6619,688.310370663,691.4883,60476.8013425,9.42203644869,10,
6620,688.352921439,550.932516,41032.888521,1.59546202311,10,
6621,688.364696351,725.32314,1311618.17745,7.16593712186,10,
6622,688.37323416,555.431007,133896.430648,8.22270566952,10,
6624,688.574602909,38.7807279,764892.534469,4.87495275027,10,
6626,689.2013866,36.2765016,735877.985218,11.0711242344,10,
6629,689.49335467,56.3469915,1444037.76858,9.13509398454,10,
6633,690.184349493,170.190246,5125636.49994,1.41723527975,10,
6634,690.441089367,301.816434,279700.66438,6.22993256531,10,
6635,690.996344636,481.743456,8500782.46086,5.19586920743,10,
6638,691.364014453,511.355268,666367.458013,2.58406323603,10,
6639,691.527468325,133.727841,5410863.83982,12.0311794444,10,
6640,692.126863212,673.53426,242682.53695,5.60859808016,10,
6641,692.337837236,503.036322,75232.5320298,12.8492681243,10,
6642,692.363324198,305.338548,2398315.38766,2.2565622875,10,
6643,692.495559202,40.1925264,1501190.97785,13.1292345231,10,
6644,692.523253217,722.49753,117319.78027,9.32288147016,10,
6647,693.565373118,85.540494,477982.919675,8.50535991013,10,
6648,694.034072675,36.8829288,169072.366121,8.99954706202,10,
6649,694.169314363,40.3791675,764967.012582,4.82630646688,10,
6651,694.621703225,64.77732,3800698.307,5.00742661253,10,
6654,695.080563262,452.246193,159516.157139,9.24097451356,10,
6656,695.580771679,80.761536,15307215.2305,0.724103098993,10,
6657,695.625990669,64.465449,1665111.67817,9.45478253999,10,
6660,696.358077746,421.93884,44473.3675488,14.3534896219,10,
6661,696.438927942,79.346232,15251116.8695,2.55126646413,10,
6662,696.47640203,36.0876804,201546.320476,14.7417727793,10,
6663,696.527809732,39.410787,1962782.96509,6.9815715395,10,
6665,696.578770333,39.7232916,1524085.74039,5.67139026896,10,
6666,696.650970412,55.5658734,2186844.61167,10.4615334695,10,
6668,697.353419007,666.42693,750865.94402,1.81238937402,10,
6674,698.237120721,835.60149,4163251.74254,2.7641983691,1.0,[M+NH4]+
7167,807.363680028,644.74224,290365.442698,7.94865439343,1.0,[M+NH4]+
6678,698.349156194,723.01941,806899.856046,5.11011380607,10,
6679,698.385300059,462.015636,86402.1503842,11.3646291923,10,
6680,698.38501588,511.275546,1043907.65019,1.34976616523,10,
6681,698.421305005,657.50307,5317345.27025,3.23652596774,10,
7186,811.433188183,636.62583,242453.094319,1.52005320197,2.0,[M+Na]+
6684,698.594708018,40.5051516,1499225.76509,6.09360906133,10,
6686,699.256481427,36.0878112,366317.87448,4.11238473503,10,
6687,699.30508864,693.71952,114940.414676,11.4659544986,10,
6688,699.38713954,511.275546,271150.184776,13.0239297401,10,
6691,699.950939874,441.141012,1043921.55993,4.13367189951,2.0,[M+K]+
6692,700.328234422,549.662043,2492466.31999,3.82488705722,1.0,[M+H]+
7081,780.455442272,58.5274866,1975046.06649,10.5668925543,2.0,[M+K]+
6701,702.105729339,40.691916,3570716.95058,2.02698332643,10,
6702,702.287165558,444.965574,361448.452736,6.9176626276,10,
6703,702.32973568,168.006996,1954095.92926,5.14338435297,10,
6705,702.344070108,628.67154,229093.041435,3.79487811828,10,
6706,702.363133164,94.451151,6577998.68752,6.92109469029,10,
6708,702.497920795,58.3719264,12848186.604,3.70960924479,2.0,[M+K]+
6713,703.229024007,688.07532,189431.484981,4.27735553871,10,
6714,703.338930885,654.69,58927.1131359,12.5751159256,10,
6715,703.338587983,454.868496,103315.188402,8.26256542824,10,
6719,704.010475088,56.0364252,1820089.7319,7.72320305219,10,
6726,705.198044158,835.20978,70349.1688121,8.00718330414,10,
6728,705.379879101,493.405704,284599.378944,2.59553892907,10,
6729,706.113222473,613.34652,1196597.83798,4.26090217653,10,
6731,707.374158291,348.118965,188930.149683,11.5366829895,10,
6732,707.435240813,58.0876869,1105521.25078,13.2187114579,10,
6733,707.594970024,91.95261,3193045.73668,2.95531586844,10,
6734,707.98951335,479.525034,40806489.8071,8.3657475626,10,
6736,708.340634285,335.20536,190165.85531,12.9717423533,10,
6737,708.427608051,301.816434,301645.884515,6.4642034031,10,
6739,708.829628325,429.237912,28857237.0367,2.7764988419,10,
7229,823.069320914,150.075372,4067210.40208,7.56352606788,2.0,[M+Na]+
6741,709.351215973,555.021744,89005.7990838,8.90742935768,10,
6743,709.596152632,77.467497,89444067.5741,3.63163978525,10,
7165,806.806928497,434.440755,19470894.7452,6.49991167005,1.0,[M+NH4]+
6745,710.233309674,445.961028,624442.425048,2.66256703089,10,
6746,710.385441493,639.21246,150926.214517,7.98480635174,10,
6750,710.616245729,69.459909,699987.890556,9.02826824858,2.0,[M+Na]+
7245,828.775776145,435.816672,12194222.234,3.16264584216,2.0,[M+K]+
7117,792.966004878,465.225312,1122900.5767,7.54745325979,2.0,[M+K]+
7236,825.066454176,150.141132,2201222.54977,10.6802508002,2.0,[M+Na]+
7175,809.091616877,487.520799,520047.278566,13.2315555115,2.0,[M+Na]+
6756,711.506226545,56.8153608,1214348.3095,13.5148321462,10,
6758,712.008330037,56.8153608,900654.210757,2.76713960369,10,
6760,712.122211389,614.28564,989451.919714,12.1785254124,10,
6761,712.289703753,642.43434,95904.2579208,3.11185349313,10,
6762,712.423038033,301.811127,229856.185834,9.98476603145,10,
6763,712.573721633,38.7842838,1335444.45961,3.26386045697,10,
6766,713.249646592,710.42463,407735.412299,7.66010342957,10,
6767,713.352435715,376.051611,424333.5409,4.71114128221,10,
6768,713.384467201,167.382126,934609.564487,12.2440700406,10,
6769,713.576809876,38.7835398,510245.385003,7.72499054264,10,
6770,714.030480144,144.55326,2040566.11143,9.27955594673,10,
6772,714.2848692,78.249858,1487438.03607,6.79145231191,10,
6774,714.445411126,99.521916,706952.851771,4.19751531763,10,
6776,715.324877107,543.708531,160772.345495,7.59545806571,10,
6777,715.423504114,296.019834,401748.627554,3.90749929765,10,
6873,732.001228355,144.893583,23737326.3456,9.53229258557,2.0,[M+K]+
6781,716.457974432,301.806549,965533.777406,5.07078560702,10,
6784,717.27527342,756.66,3350347.57437,0.854269890484,10,
6785,717.362855399,569.625924,689041.138029,6.9157950452,10,
6786,717.368293584,78.876111,12269297.2588,7.78154040953,10,
6883,733.998351697,144.731955,28091777.6699,7.69435660709,2.0,[M+K]+
6792,718.270959509,332.253135,166633.134336,10.0638771828,1.0,[M+H]+
7109,791.601792908,75.590562,13191422.08,4.31052334513,1.0,[M+NH4]+
6797,718.950759159,465.218544,1221324.73294,2.95775195862,10,
6885,735.286112953,453.867618,635987.148237,4.30157138009,2.0,[M+K]+
6802,719.325433057,647.62704,236238.343856,10.135432049,10,
6805,719.47147054,58.5274866,774931.739667,14.7989310372,10,
7109,791.601792908,75.590562,13191422.08,4.31052334513,1.0,[M+H]+
6807,720.01651821,474.699996,116096011.569,1.68372950386,10,
6808,720.390895451,742.09884,217741.514305,11.9240243633,10,
6814,721.353467586,114.379959,1447833.51991,4.93592183369,10,
6886,735.611850964,73.2387,1804327.90653,2.63729451654,1.0,[M+H]+
6817,722.017824235,163.338354,1193365.59482,7.24030406377,10,
6820,722.333794739,598.858248,288230.622819,5.75002233893,10,
6821,722.506695902,40.661523,19525695.8076,2.39629494552,10,
6827,724.424503881,301.48287,508603.992955,3.38831133954,10,
6828,724.493372705,75.12057,2065713.5654,2.52369375973,10,
6832,724.803338177,435.816672,500842522.72,1.93515769026,10,
6833,725.126364233,332.58825,125442.882528,9.6947520915,10,
6834,725.521700013,56.5031763,2070218.05796,9.54443437187,10,
6840,726.383433586,443.205687,562030.583465,4.53569232159,10,
6845,727.508315117,72.3201,1525030.00384,80.2827149855,10,
6848,727.981307545,429.708468,1056020.31983,11.5046210046,10,
6849,728.006937472,144.879204,2634284.39432,8.9362803174,10,
6851,728.420997832,548.66073,1729554.4108,3.87603992713,1.0,[M+NH4]+
6853,728.589257841,40.0362786,1350487.55904,1.41615678586,10,
6855,729.415845459,426.39129,788126.462918,6.31043555314,10,
6860,730.003798019,163.774215,4469183.02514,9.93012987566,2.0,[M+K]+
6862,730.136667785,40.818021,664437.980538,11.3336895942,10,
6864,730.472475474,301.682811,263771.135621,9.01931841932,10,
6866,730.568895421,40.1925264,4692023.91056,4.12805210232,10,
6868,731.260310486,701.62986,2874992.58603,10.7473991381,10,
7077,778.539299334,73.238835,44576093.9332,2.58729202495,1.0,[M+H]+
6872,732.000762282,163.774215,9048107.89606,11.2111491445,2.0,[M+K]+
6874,732.333117089,542.57415,1053764.62042,2.85037965367,10,
6875,732.355932479,104.288826,608186.469997,11.911485735,10,
6877,732.554790543,75.310701,8632874.93077,2.54097689441,10,
7230,823.094933071,40.5051516,801798.539291,12.364317123,1.0,[M+H]+
6879,733.353329834,228.820323,1663308.7474,1.96671591226,10,
6889,736.425698587,301.497684,264970.620536,9.2429681735,10,
6890,736.491664101,65.777652,1499167.90444,11.0469879551,10,
6891,736.521111972,40.5051516,1178088.19595,3.54766902764,10,
6892,736.615058516,72.92484,747528.050536,8.57678004165,10,
6893,736.668806003,59.7730995,1665415.56043,11.0763189352,10,
6894,736.973178118,482.361066,10516898.3804,13.2531836947,10,
6895,737.285948443,454.528734,48738.307715,8.21199480386,10,
6896,737.344471631,583.853694,143046.597578,2.61680362043,10,
6897,737.566578802,93.658527,52604997.5251,2.04493277992,1.0,[M+NH4]+
6898,737.627472558,71.979528,1729268.87084,4.80801855687,10,
6903,738.439455649,301.801242,908075.508262,5.05279282764,10,
6905,739.103193266,144.405267,3914411.3938,4.85309789533,10,
6906,739.157087707,32.9955753,277160.245495,7.44693915465,10,
6907,739.286493884,549.580788,55636.8946974,9.44622213454,10,
6910,739.61468605,62.747835,879721.181072,4.89197587919,10,
7338,870.129792835,38.4685446,7784348.46835,3.93468091299,2.0,[M+K]+
6914,740.158695398,32.9872026,64432.754997,1.33750094547,10,
6915,740.243913622,444.99393,331502.010197,12.2747551783,10,
6917,740.357887298,557.73498,448337.650423,7.23075035283,10,
6918,740.465575907,82.341414,6992651.60296,1.11150807284,10,
6919,740.554479241,39.7539228,1710424.72169,8.26344284182,10,
6920,740.906929632,438.334974,1756288.82742,2.72697208562,10,
6923,741.200755492,571.488786,48914.4414129,6.34854101529,10,
6925,741.430507541,165.194274,762249.519253,8.64502034787,10,
6926,741.527424254,73.867206,614403.999829,11.5390235036,10,
6928,742.472340031,301.796664,166501.4149,7.19415002457,10,
6929,742.539298,74.964192,6980948.70708,1.56649661707,10,
6930,742.904489662,438.612204,747393.478092,10.1945718398,10,
6931,743.097463655,145.702512,3764216.55741,10.7626905948,10,
6932,743.369954774,643.074,582394.500889,4.44600507757,10,
6934,744.206329422,35.6682006,87936.6994255,7.21148434628,10,
6935,744.292153448,549.99798,199090.946299,13.4470982275,10,
6937,744.390685425,554.939256,128392.665845,7.40735720108,10,
6938,744.390562623,598.06113,113483.340911,12.9782428505,10,
6939,744.553836762,74.684328,3273243.52857,2.3624591502,10,
6940,744.585078258,40.1925264,1491423.48026,6.03383194559,10,
6941,745.345290679,599.337618,146819.557555,6.82811395552,10,
6942,745.420048129,82.347036,1173808.91186,4.96711188313,10,
6943,745.596244528,71.381229,5809981.25041,3.84981448591,10,
6946,746.564095696,40.9748337,5900007.44757,2.7872608549,10,
6948,747.23428775,718.9341,1570527.08098,3.03739931446,10,
6950,748.035401534,57.2852868,1319432.22505,13.7433732382,10,
6951,748.087765689,42.548532,202436.491497,8.40984899113,10,
6952,748.329815892,104.286504,1315303.74651,4.40823317178,10,
6953,748.571091198,40.9749042,484045.816946,8.13015101626,10,
6954,748.99115651,479.402655,35223217.8243,9.20647959388,10,
6955,749.057445547,41.2885122,2419566.04687,1.27602227589,10,
6956,749.284365798,708.52284,1215773.68751,3.4416416077,10,
6959,751.336722154,570.70956,311267.095034,8.87770013657,10,
6963,752.517529262,40.9749042,1396083.24392,10.8711828582,10,
6964,752.627446461,61.838784,1684199.71533,6.75593386468,10,
6965,752.903757974,431.754321,6325335.01156,2.96959775353,2.0,[2M+H]+
6967,753.436109633,58.5274866,3431165.43247,10.0555398468,10,
6969,753.440421315,36.2478018,638574.898118,5.73787143671,10,
6971,753.630594692,61.649526,774582.24622,3.37725719653,10,
6985,756.555164974,74.181138,43153774.7787,1.2127682799,10,
6975,754.927753186,142.956846,4006400.09915,1.01077580194,10,
6976,754.943003672,445.24194,355897.546608,10.1241801895,10,
6977,755.13789188,38.468052,425765.559467,6.25906620542,10,
6978,755.187480166,105.594831,937628.091494,2.18533915842,10,
6980,755.479262835,543.420204,1836435.58218,5.93366863625,10,
6983,756.152172041,40.3406538,529441.739137,7.48614244259,10,
7291,846.294216848,36.4066794,5311017.23987,9.79200375583,1.0,[M+NH4]+
6996,759.574010758,73.933464,5666800.87124,3.69861074332,10,
6999,760.3370362,626.7357,291766.695885,8.21365766133,10,
7001,761.017625295,474.855495,1988896233.38,1.09647772105,10,
7004,761.395060861,81.7758,5494786.88247,4.83792638827,10,
7005,761.515868026,370.18539,120143.622624,10.1357436951,10,
7345,872.497965554,476.567244,22701692.9836,2.5176772003,2.0,[M+K]+
7496,977.139566591,39.8799699,1291982.33624,13.9297858046,2.0,[M+K]+
7016,764.026032743,475.45788,14034070.3102,4.29205956212,10,
7017,764.060012201,54.4765092,978243.710067,8.18891568006,10,
7019,764.359149253,498.265344,394520.87082,3.95272242131,10,
7021,764.463568656,74.65107,632428.049393,10.0770519432,10,
7022,764.695557229,613.83354,149316.01961,7.66432080635,10,
7023,764.737308272,437.410983,11154546.0167,3.36786103305,10,
7027,766.324203086,599.248302,88300.7632542,7.28524341418,10,
7028,766.436621776,302.001252,221644.243496,9.46289219442,10,
7029,766.442567521,35.929293,437608.767574,8.20866937494,10,
7335,867.727680602,35.609502,207185.947516,13.938950059,1.0,[M+NH4]+
7036,768.554916546,73.08177,3194554.54634,6.17513516052,10,
7038,769.348408917,715.07976,209119.738639,2.62774695769,10,
7040,769.558362284,73.2387,1270192.87387,7.53093310553,10,
7041,770.049243322,58.218795,963822.620841,13.2886620736,10,
7044,770.752474026,443.028936,743001.067248,6.29121247148,10,
7045,771.164791216,105.594831,10334857.6796,2.34200572839,10,
7046,771.391837414,571.926906,198430.899153,2.05348036073,10,
7047,771.437553665,35.9585016,333226.271132,11.3774605289,10,
7048,771.442195223,367.720227,1552277.61481,3.68016624715,10,
7049,771.573554151,73.304844,794172.837408,12.8795511519,10,
7054,772.437436469,535.421004,283747.866418,6.4833684328,10,
7055,772.445129703,35.929293,247903.165742,6.46083756379,10,
7056,772.616703727,40.0665405,1567899.04825,4.80750078756,10,
7057,772.947612944,35.2845468,79757.0812517,4.26783328663,10,
7065,774.505681306,72.92484,1248914.18955,10.2786125544,10,
7202,815.358640784,443.647068,326978.581119,9.80536671542,2.0,[M+Na]+
7067,775.509226255,73.114521,408797.730866,8.93289829211,10,
7068,775.59924232,40.661523,1162837.09697,6.81909509413,10,
7069,775.686526969,613.66326,524730.241395,11.4482826081,10,
7222,820.526738968,72.609834,2415414.5369,3.80718300177,1.0,[M+H]+
7072,776.992118037,466.945413,21313328.2995,2.14051549015,10,
7075,778.395786385,527.327442,104821.658147,2.77352466489,10,
7317,854.585424444,41.6015145,8497635.46,1.18881332781,2.0,[M+Na]+
7083,781.422795146,634.40538,340257.615581,1.75353209552,10,
7085,781.469569641,34.971327,92278.7500059,11.2510860376,10,
7087,781.551396559,40.7225532,363309.999412,11.4464972553,10,
7088,782.128817478,481.424706,2314462.7166,1.18272933937,10,
7089,782.570259093,72.13746,26761550.7615,2.03754636546,10,
7090,783.574173297,72.13746,12287504.8216,2.88788922295,10,
7091,783.941114172,35.3189502,210548.610688,13.9726321088,10,
7092,784.421254052,302.123946,205557.622405,7.24016520855,10,
3949,401.263243744,86.977998,5104249.21924,3.23676010048,1.0,[M+NH4]+
7095,784.979777611,483.458568,22788894.0796,1.9447523963,10,
7096,785.417459655,723.81588,172228.383818,6.4686113288,10,
7099,786.376378467,635.71038,420055.737791,4.99309291323,10,
7102,788.611775855,40.3491438,1868556.46737,5.83571023172,10,
7104,789.441464196,35.7693639,925921.900588,6.03267128303,10,
7107,791.242716489,105.872754,836870.278515,4.61968792595,10,
7108,791.368003278,570.322668,3260982.86715,7.84673089264,10,
7343,871.767911089,435.521748,3378719.22881,6.3592191927,2.0,[M+Na]+
7111,792.364463616,845.6505,3926620.26985,8.12286468479,10,
7113,792.459843647,35.2845468,307522.094296,10.4463489491,10,
7118,793.095214285,487.012869,854708.603414,9.210015153,10,
7119,793.240766069,769.72932,31339.2272455,13.3317969156,10,
7120,793.369869424,643.82745,235688.953069,10.467692116,10,
7122,793.608037509,75.74682,1533652.32323,3.81355779386,10,
7126,794.662968301,613.66314,344912.18047,6.77007612739,10,
7129,795.405180623,364.199175,1127349.92387,3.45521723702,10,
7131,795.669560667,76.060302,880225.659456,12.069703117,10,
7136,799.457926104,532.937319,317554.935804,6.59686950745,10,
7138,800.087837914,39.4411689,3137945.73013,14.6560212666,10,
7140,800.431847032,355.027488,1096827.7816,5.35497702987,10,
7143,801.173057895,468.919062,2262451.53033,5.33306234289,10,
7145,801.442345798,35.2899528,555277.013163,7.76500852772,10,
7147,802.019469205,474.394002,173786625.768,1.62642465458,10,
7148,802.285890761,647.59368,5775868.63662,6.55776045176,10,
7149,802.346959747,684.4983,2504637.61925,2.23591744284,10,
7151,802.406425406,516.768,109869.935393,10.1132534085,10,
7154,803.023417226,474.888936,26494320.2996,3.37900606056,10,
7156,803.542291844,70.40283,2759935.06422,8.15919836302,10,
7158,805.257108637,104.606079,1668408.92012,4.57663255784,10,
7161,806.261497942,104.609274,556117.331398,10.7955241524,10,
7163,806.584684395,52.4697903,178099.120475,7.58487496497,10,
7164,806.64970309,88.247865,908268.910469,5.33885673186,10,
7166,807.341761598,569.295111,1090807.05699,11.6696300842,10,
7168,807.38544211,595.319199,787389.062073,5.71643284728,10,
7170,807.652565375,88.089552,420806.757991,2.33065981806,10,
7171,808.232674876,32.9818203,168569.280494,9.04599690327,10,
7278,841.763406724,435.834114,7874168.91837,6.72254298099,1.0,[M+NH4]+
7173,808.805183701,439.684962,12510390.628,5.33909478674,1.0,[M+H]+
7174,809.023927645,41.1317082,943633.827719,12.6401245418,10,
7176,809.114466451,105.555246,492592.660123,8.79083211283,10,
7177,810.022251465,41.2883316,802481.121048,8.98483582359,10,
7324,859.540863162,41.913909,263281.637772,4.69977934081,1.0,[M+NH4]+
7180,810.762007459,435.17436,8360820.10687,9.20663516723,10,
7182,810.84622722,817.09116,75657.9420914,12.6446672703,10,
7446,935.183936737,40.5051516,1862957.8834,8.05957165473,2.0,[M+K]+
7185,811.400544443,348.974214,8159545.82118,3.78741002102,1.0,[M+H]+
7187,811.562372032,41.2885122,5435568.16535,4.46983456942,10,
7188,811.611251154,569.188044,282285.755722,4.87759220445,10,
7190,812.304181999,654.52452,808272.266973,11.208333196,10,
7191,812.304221472,674.29578,2046712.67063,12.2046250566,10,
7193,812.436159536,636.79566,82669.9328052,11.2650978144,10,
7194,812.617008533,68.899506,1582816.58115,1.35410664924,10,
7197,813.449255737,459.972582,55251.5210429,7.99512690108,10,
7199,814.194287515,40.5051516,445472.208172,6.9911944978,10,
7203,815.366492892,705.15789,379700.030367,3.49254247828,10,
7204,815.410300869,590.377404,717559.591299,6.68745313379,10,
7209,816.525493889,138.779178,1520870.94598,10.7183075149,10,
7211,816.642773175,40.3488399,1949712.92988,3.94097803467,10,
7213,817.588618899,114.508332,2250720.40402,2.39801259294,10,
7215,818.098349441,40.1925264,43877612.4909,4.58733008826,10,
7219,819.438270142,532.609398,50611.1364486,14.2321278711,10,
7223,820.900483993,688.79448,153953.335165,11.6719018713,10,
7225,821.471413714,91.126044,2244357.24673,4.22110158822,10,
7228,822.780430411,435.816672,335686352.888,2.06318939873,10,
7482,966.116568466,40.5051516,9532301.20097,12.961122122,1.0,[M+NH4]+
7241,827.780892354,436.160805,11524651.8545,2.40486718098,10,
7242,828.518221723,91.25397,2312082.11444,1.04865509499,10,
7469,955.707782501,41.0052246,1001916.38482,5.43012181579,1.0,[M+NH4]+
7246,830.279626737,822.6465,703574.322999,3.92428732846,1.0,[M+NH4]+
7519,995.332664206,36.6239478,639301.077945,7.08264729751,1.0,[M+NH4]+
7516,994.331907234,36.5649432,663401.815665,10.3530475107,1.0,[M+NH4]+
7253,833.640613755,40.9747632,509727.913204,4.00247880102,10,
7456,944.165859547,38.9409735,1981336.29841,4.28129865692,1.0,[M+NH4]+
7261,836.237917516,822.81087,63945.9968682,10.4898740069,10,
7267,838.103142027,41.6021322,1860583.95369,6.24459828107,10,
7270,838.883586794,438.362982,684888.46218,9.00851026178,10,
7271,839.100762795,487.520799,847124.801965,3.34367354266,10,
7274,840.610623194,87.772059,609822.953401,6.33861382755,10,
7277,841.710844443,35.2899528,118787.462932,1.71495694541,10,
7279,842.610131849,87.770988,184413.338194,14.5988660971,10,
7280,842.721090594,35.6103108,161689.808812,8.56159756923,10,
7282,843.200397095,169.878246,5131642.3771,0.653457117813,10,
7435,925.526054069,474.860625,71418074.9488,2.94698572907,1.0,[M+H]+
7286,844.357488314,592.954404,18289454.8284,1.65376835423,10,
7295,847.454202608,734.77566,86149.3522179,11.6544764808,10,
7296,848.406552878,407.25792,547665.927643,7.14604004275,10,
7297,849.130492307,40.6617672,710156.195882,8.08769519894,10,
7298,849.294924059,36.2469336,1714497.21697,13.973953675,10,
7299,849.336684801,644.66034,192348.815403,12.6935135348,10,
7303,850.651302494,114.67002,11799463.7988,4.56608266477,10,
7458,948.859033525,431.73675,2055183.29054,4.8243942496,1.0,[M+H]+
7309,852.656616626,114.500952,1607824.61635,5.1171316615,10,
7312,853.40444621,560.334225,966655.73429,3.62663141189,2.0,[M+Na]+
7314,854.117226004,452.242002,90984.686234,3.41712488887,10,
7315,854.11934811,39.410787,485684.318604,6.13707807923,10,
7316,854.406679313,560.297856,280702.081376,9.18448322787,10,
7319,857.400351264,771.10182,185383.741411,12.4304923376,10,
7320,857.475308546,553.174524,838988.092852,3.94649580418,1.0,[M+NH4]+
7322,858.995207929,483.12177,16459246.9378,8.56405855818,10,
7323,859.481091916,553.463046,59088.5852826,11.9647713296,10,
7325,860.329544194,663.83334,82615.3080977,9.41543601656,10,
7327,861.672510791,40.691916,900907.766645,6.6869371826,10,
7329,862.694379817,35.2872498,258986.533768,13.5200271029,10,
7330,864.626172772,53.2238418,592561.874298,7.64736049097,10,
7331,864.707902856,35.6094348,283089.626546,10.5409037914,10,
7334,866.982628228,483.121827,17806934.8102,4.31486103638,10,
7336,867.990433188,41.1317082,737824.359697,5.64566209042,10,
7339,870.433616083,662.8131,311448.134627,8.71696524215,10,
7341,871.337875432,348.814518,265158.145563,9.44862349945,10,
7342,871.567168069,894.27132,12097424.8726,1.12978990289,10,
7348,873.077021053,150.431931,7777497.4679,5.57390883178,10,
7349,873.131428413,38.211309,852035.632369,11.0102405044,10,
7350,875.098556554,487.203864,490891.30723,5.57785856883,10,
7352,878.06921936,162.35847,1686099.98747,13.4938106861,10,
7355,879.397481032,551.611896,103960.686109,11.3256064501,10,
7358,881.609306492,138.93786,4466067.19978,11.6495480329,10,
7359,882.062820031,40.1925264,577324.943239,13.2706332995,10,
7363,884.022733327,474.577866,163524938.888,1.40569398765,10,
7365,884.36281309,748.65696,299718.206203,4.04839313761,10,
7483,966.527572019,475.011,66519385.0959,0.593215563841,2.0,[M+K]+
7485,967.029330494,474.55275,27440645.1255,1.75568005572,1.0,[M+H]+
7368,888.140222258,39.2545371,99548556.1476,5.66132348553,10,
7378,894.205376938,613.66326,235880.344261,10.539358278,10,
7379,894.506216344,526.601109,2514420.77005,1.4840257831,10,
7380,895.05317129,56.0364252,8756996.80759,8.96695484187,10,
7466,953.105059205,39.1277403,589155.185274,12.4735100491,1.0,[M+NH4]+
7384,896.412719123,578.317671,114350.73857,13.7739793829,10,
7386,899.184824547,613.34652,601116.34218,8.43340168301,10,
7387,901.483549379,576.021573,665378.321509,4.30297345835,10,
7388,902.190685596,613.73877,275347.71343,13.5694409289,10,
7389,903.333975765,696.58671,1430335.25195,1.20726135281,2.0,[M+Na]+
7395,906.376041062,446.788419,114932.220693,9.57164060167,10,
7405,912.62718735,41.7575763,364826.546714,5.27002154969,10,
7407,914.434579484,656.24577,472909.810174,7.54456188066,10,
7408,915.151355439,42.3879009,914894.373745,7.37695660529,10,
7409,915.437313776,656.53812,187426.491831,5.38102115619,10,
7410,917.138569447,167.36037,3039595.75645,9.0360078963,10,
7411,917.748546704,35.6682006,131787.490179,4.85734518238,10,
7412,918.172107104,40.0362786,4207266.09238,10.4445212463,10,
7414,919.54111614,42.5462658,724223.331434,9.57488408138,10,
7415,919.563814001,136.619586,1660383.42724,6.00567013483,10,
7416,920.166365099,39.9102315,1816510.51834,2.10734666678,10,
7417,920.313465398,36.6239478,2787042.51591,14.0936663191,10,
7418,920.34478836,647.59368,459722.515913,13.24700579,10,
7422,921.314010905,36.5649432,2620593.14822,14.699037042,10,
7423,921.34495112,716.496,2860177.53658,7.09787238406,10,
7427,922.850187825,647.59368,1482316.34049,10.2654017445,10,
7428,923.622713491,78.876042,612191.488954,8.70874972882,10,
7431,924.517194241,531.435159,1380876.5147,1.82089440907,10,
7436,925.759370575,435.79923,10818836.772,1.39626979915,10,
7440,927.883987491,430.17051,256799.480895,8.05754687738,10,
7441,928.4951262,572.913372,304772.691759,9.50453218288,10,
7442,930.838152674,647.74974,1770990.71551,11.4407628986,10,
7444,934.642105558,35.9577654,1990182.77509,2.87707823157,10,
7445,935.092301413,55.7239278,2421930.93435,1.03742493789,10,
7450,938.031928062,40.0362786,2184034.49297,10.6580428097,10,
7451,938.742634327,436.458984,3593118.324,4.02155822822,10,
7453,940.998042221,483.121827,11748422.4377,10.6902661507,10,
7454,942.63733847,53.5386441,5253971.56228,5.91293179905,10,
7462,950.637782236,35.7693639,419929.082741,13.7377234034,10,
7465,953.085185444,54.1661898,1193730.29111,2.01347469551,10,
7467,954.085460271,54.162585,341332.807111,12.5181626236,1.0,[M+NH4]+
7468,955.019519782,55.5658734,1711962.26401,2.6825992326,10,
7472,957.676694306,90.971175,3654077.00404,3.30992249571,10,
7474,962.690336125,438.647844,3723965.32267,12.9199912438,10,
7476,964.122253676,38.468052,678448.651909,11.9709003815,10,
7479,965.497264624,570.037056,184472.897366,8.47731640776,10,
7480,966.025915312,474.577866,125961014.088,1.60095086284,10,
7481,966.103324852,37.8655617,5395669.9394,8.85725986108,10,
7488,968.103640064,37.5191742,1299741.85088,14.2382714916,10,
7491,969.747205534,435.549996,3542402.99183,4.51781317562,10,
7493,970.746842217,435.79923,5869405.62369,7.99359246295,10,
7494,971.113985247,40.027911,549401.616204,12.9133678338,10,
7497,979.52347029,586.375188,2608281.22372,0.97098179249,10,
7498,980.133611744,39.7237212,795239.475986,12.0009872483,10,
7500,980.526821266,586.17318,1294810.64878,3.35611882479,10,
7502,981.723575241,40.818021,845125.074048,4.29639342804,10,
7505,985.473718419,569.949663,241827.5371,7.55112178589,10,
7507,987.667828009,42.0709005,1367504.23407,1.58233859996,10,
7509,988.729451656,436.146618,5394770.08827,7.62578151024,1.0,[M+NH4]+
7510,990.063399567,37.8363003,3331670.85079,3.44276473639,10,
7514,993.749943107,52.6582338,464519.437563,7.71805361806,10,
7517,994.573596397,36.2469336,215932.629325,3.22467157937,10,
7518,995.150217637,40.348536,737956.574835,12.8894707368,10,
7520,996.149570843,40.3791675,519652.946585,7.67953281537,10,
