peakID,mz,rt,maxMeanIntensity,RSD,bestScore,bestAdduct
1,103.002216582,155.67756,4270334.25664,8.85978913013,1.0,[M-H]-
2,103.038577262,413.794098,23422900.6666,7.88156604179,10,
3,106.921314237,271.03416,1057975.31063,2.15124222759,10,
4,107.048826557,217.64088,3595752.29597,1.07370893353,10,
5,108.900530528,1746.2193,6432175.87579,11.21856515,10,
6,108.900545588,1733.64849,4335283.63632,3.53501115766,10,
7,108.918387539,270.714522,1693871.4277,7.31685757578,10,
8,108.995103046,149.701962,12708109.6335,7.05660161073,10,
9,110.956541291,89.066328,60070472.1262,2.69998345684,10,
10,111.018638823,113.002836,18593138.7007,2.90424956203,10,
11,112.984089549,68.147928,105633875.58,6.75206241359,10,
579,230.012458359,89.066328,77558218.6933,4.49180269504,1.0,[M-H]-
13,113.987451052,87.865017,988393.419687,8.13512577122,10,
14,114.054682409,650.9562,46059588.4713,3.13811426897,2.0,[M+Cl]-
15,115.075092929,108.757782,67224024.7837,13.5632841827,10,
137,159.076424494,698.93292,10856703.5283,2.46454684721,1.0,[M-H]-
227,178.962249756,779.26824,32571790.1121,6.08811708278,1.0,[M+H3CCOOH]-
19,120.080531568,477.645063,366496.45265,0.538202940447,10,
419,211.097150921,125.091096,52281037.8533,5.47681142367,1.0,[M-H]-
21,122.02336221,320.409684,291813314.449,3.94404992568,10,
23,124.006098123,568.082304,9775813.12975,3.24224437978,10,
24,124.982637675,93.771612,10856890.5387,1.20490305963,10,
25,124.989969883,75.139146,60283514.3217,6.19348836156,10,
264,186.11281066,266.20374,430770857.965,1.78264605298,1.0,[M-H]-
84,142.971735068,270.276156,27630294.3596,0.967461114149,1.0,[M-H]-
28,126.001847178,568.165914,406666.334662,3.14319365753,10,
29,126.000596888,166.851114,5694867.28423,3.82438558527,10,
31,126.999949339,109.194438,7112407.25474,3.87933679786,10,
32,127.946887887,857.47878,380455.011166,5.25146524868,10,
33,127.946835725,1942.76583,2147176.95791,12.5206634718,10,
34,127.946805486,1113.08475,425082.19576,9.57724601161,10,
35,127.946851399,1884.30135,1421080.60894,8.50573232319,10,
36,127.946872573,1778.62755,2053030.96984,0.729371434569,10,
37,127.946787667,2089.6752,2315324.19298,5.68710390366,10,
38,127.94694409,791.97834,1267981.85359,7.73734068256,10,
39,127.942104264,268.409523,1509768.04208,3.2623357097,10,
40,127.946863835,1600.17696,988765.562535,3.17019241633,10,
41,127.946873048,1628.7375,537630.995442,12.7429361636,10,
42,127.94682732,1220.06823,783772.624845,1.75836601169,10,
43,127.946851597,931.02432,397276.504319,6.08347886825,10,
44,127.946840553,1330.47414,482857.81399,8.87450738745,10,
45,127.946863461,1856.32323,1450104.8588,7.4515560586,10,
46,127.946827778,1366.92732,612086.046403,9.66030138844,10,
47,127.946810881,1167.22209,428417.989795,1.7130311593,10,
274,188.950824289,104.159442,7064624.83703,3.48376940195,1.0,[M-H]-
49,128.997926136,44.8841613,3232669.87981,1.03677365238,10,
50,129.054423891,102.395964,394763615.695,2.86165202592,10,
51,129.090776401,103.96434,142441056.83,4.42280245541,10,
52,130.049840311,477.269736,10243438.8458,3.98745536533,10,
54,130.086036179,510.942078,483687258.524,3.44378452894,10,
56,130.956012997,49.6656018,532303.7139,2.83703213162,10,
57,130.955963797,34.2227256,850245.92985,11.3597279176,10,
58,130.994986483,43.7277759,2240708.06936,0.217642298576,10,
59,131.03369375,652.95951,11158778.0225,2.28098153186,10,
60,131.052923168,478.073742,437874.635998,4.54770489477,10,
61,131.089321978,486.621384,106493482.163,5.23858379148,1.0,[M-H]-
63,132.065411207,825.08358,222362.318491,7.3394033513,10,
64,133.028296547,114.003123,206011.53989,8.4792568994,10,
65,134.046020783,151.677216,47343882.2882,3.2849148568,1.0,[M-H]-
1544,326.110829857,170.495064,20386384.9288,3.83154774354,1.0,[M+H3CCOOH]-
67,134.893427336,1762.08924,98003837.7895,8.20328989621,10,
68,134.893412702,1746.94848,103557123.287,12.7331192758,10,
69,134.893437798,1839.37062,31608415.4253,10.7736377455,10,
70,135.986229533,95.350677,2028715.18709,5.76507493155,10,
71,136.075472755,216.41655,1682389.80801,2.45622830955,10,
143,160.9210334,116.437755,1056983.69017,4.65631660991,1.0,[M+H3CCOOH]-
73,136.890474547,1747.47453,36491438.5467,11.7599546209,10,
74,136.935618046,49.8069735,1655244.4318,4.63649515281,10,
75,137.023131199,173.21337,24386693.1478,2.20800094465,10,
76,138.874211205,116.150052,8363900.51864,8.86317727839,10,
1535,325.032237349,284.672244,107219834.959,10.9888840513,2.0,[M+Cl]-
78,140.871391204,116.474916,2392073.88214,10.4837628333,10,
79,140.974671855,268.802244,28506667.8259,1.01689954653,10,
80,140.974749898,249.511356,35260560.0812,3.5838634634,10,
81,141.090901712,103.53195,8204621.4136,4.43054253441,10,
82,142.01888019,770.31078,207550070.225,9.38358498587,2.0,[M+Cl]-
742,250.976497328,248.154756,2336829.90606,4.76067015253,2.0,[M+Cl]-
85,143.070170247,101.177868,11283550.3634,0.445768035391,10,
86,143.10655417,102.709068,190329059.861,5.51863542808,10,
87,143.106503988,81.543072,114554816.034,3.78231908617,10,
88,143.900339639,51.6497871,559867.327783,7.70752773723,10,
89,143.911421975,116.275881,526270.402723,0.424213635973,10,
90,143.990103775,782.661,14391358.8599,6.76717501002,10,
92,144.868551248,234.994602,250177411.976,10.3584782837,10,
93,144.968782517,270.276156,9033771.71297,4.11496102133,10,
94,145.049515961,154.969704,19776912.5736,1.13141746346,10,
95,146.044727858,568.524774,9577232.04905,4.21452267577,10,
478,218.102863057,483.392256,905926736.162,7.44665129453,1.0,[M-H]-
97,146.964765613,416.47323,23824106.87,12.7734328205,10,
98,146.964774436,1689.4263,31277995.7324,13.3286237943,10,
99,146.964746777,92.694786,235362678.792,12.5859167158,10,
100,146.964798875,1672.90668,56723064.7748,14.4926093028,10,
101,146.964761421,792.33162,93576643.2901,7.2556548136,10,
102,146.964808929,1707.6666,17525298.6581,6.2857080353,10,
103,146.964779007,658.11852,42844374.0813,7.60421540113,10,
105,148.042584571,537.486024,92916215.2242,4.10797582679,10,
106,149.132400953,103.336206,2379176.99355,9.69365371726,10,
107,150.054825038,79.778706,178464321.271,1.49343499325,10,
108,150.885534616,31.631223,2233794.3546,8.213751982,10,
109,151.025047923,237.422904,30619236.1439,2.52132795746,10,
110,151.024926113,485.997483,1987758.91267,1.02463167267,1.0,[M-H]-
111,151.024952841,561.210471,5811407.62821,2.18734456375,10,
112,152.028384257,237.608472,1554247.68501,2.71779792178,10,
113,152.850423926,116.306526,3234023.67691,5.63405030143,10,
114,152.938353171,185.021736,13794243.3851,8.11930206154,10,
115,154.016850732,566.942493,406188.734742,7.55084039557,10,
116,154.848324481,116.078088,3956584.35772,1.92659741632,10,
117,154.935554161,184.128282,4332104.26295,8.23586620878,10,
483,219.065502977,103.84581,586298.183706,7.69243227536,1.0,[M-H]-
119,155.106672815,104.473314,34554412.7946,5.35615772299,10,
121,156.845507497,116.18019,1088542.00473,0.167952745475,10,
780,254.9678777,744.77748,146411848.163,5.32505024638,1.0,[M-H]-
123,156.989773039,788.78592,218244233.51,5.48330517498,10,
124,157.035637283,221.163882,23810164.7062,7.84572175091,10,
125,157.085993756,142.99158,118679934.434,4.22989862889,10,
126,157.104708834,112.073745,302893.739572,2.07209058079,10,
127,157.122282125,82.793448,90255399.8535,10.1427535768,10,
128,157.133502558,550.412394,4710702.92457,2.08385792764,10,
129,157.122313206,101.84079,333461341.429,6.84849728775,10,
131,158.081193019,231.299256,28884918.3828,6.80221145243,10,
132,158.081154213,325.922226,8132765.51806,12.2543781471,1.0,[M-H]-
853,262.129689176,720.612,1601632.0903,4.15247689891,1.0,[M+H3CCOOH]-
138,159.101679015,187.619508,44911629.8429,3.69478687127,10,
139,159.101654507,137.18031,47308131.2266,5.02526632352,10,
141,159.985229923,731.61315,18775.4971696,6.58901832345,10,
142,160.07979478,698.9385,684294.895971,2.32240099354,10,
144,161.096114336,103.217934,2053116.45633,10.1242700674,10,
145,162.104007597,103.21581,245854.992736,14.5036085678,10,
146,162.93879838,92.215452,56875334.6632,10.2418201979,10,
148,164.070637587,458.454246,907271395.785,4.65441295493,10,
149,164.962872917,90.562617,3244575.31238,9.22454009786,10,
150,165.018339973,1746.32394,170909724.606,5.5446038761,10,
151,165.01838296,1800.71436,170837919.303,13.4406624077,10,
153,165.018333971,1718.47191,204214082.771,13.3073042387,10,
154,165.018263534,277.924203,114192488.257,1.52333372617,10,
156,166.021696012,1759.07994,14629748.0163,8.80874373127,10,
157,166.021682265,1744.81746,16008348.2053,12.1774765597,10,
158,166.021687123,1640.79738,16838010.4313,6.53628700327,10,
159,166.021655691,1333.48005,5644516.82328,1.89670473148,10,
160,166.021681683,947.90439,6636679.62426,9.70611069677,10,
161,166.021677381,1026.14025,5768690.43475,7.33033246802,10,
162,166.02164453,1540.50156,9005931.14017,5.79720356828,10,
163,166.021660486,1360.3959,5023264.7066,7.38707536671,10,
164,166.021602938,1156.19376,4444986.39355,5.35302015796,10,
165,166.021683738,1677.96222,3518876.14396,7.30445686349,10,
166,166.028110939,533.832534,568144.981209,2.19980903348,10,
167,166.058135761,111.877698,534888.553867,6.26914780818,10,
168,166.086339347,104.279082,6001683.27342,3.99063901749,10,
171,168.97770284,114.002124,96138.2624818,11.0438694136,10,
172,169.047203399,108.242616,356447.239017,10.3914309005,10,
173,169.105146314,110.788119,462794.713189,2.98933973672,10,
174,169.990774785,166.211112,10542438.1533,4.66425578957,10,
176,171.003308918,240.36639,6110494.35349,14.2716188839,10,
177,171.022519401,133.878474,3068529.38541,1.55279897829,10,
178,171.120372377,110.561322,3024739.92407,14.4188581314,10,
179,171.138079773,101.142822,71032094.5165,7.34897656323,10,
180,171.149271182,454.87884,5376042.43959,1.14748903149,10,
181,171.157499856,137.827554,1097987.79506,5.09252995654,10,
1823,356.103796245,105.978306,8944038.43339,3.50023176694,1.0,[M+H3CCOOH]-
183,172.020204727,152.30547,1214800.78314,4.879375198,10,
184,172.038635401,1746.74565,10591359.4203,6.4069929711,10,
185,172.038636427,1759.02804,10142808.3651,1.41563055183,10,
186,172.038603513,1711.60179,8469009.67518,7.83152919395,10,
187,172.038584812,1698.50916,7832206.65735,7.55718823696,10,
188,172.038651034,1733.23917,9516897.00665,9.42528867253,10,
189,172.038681119,1462.32984,75172.8487451,10.3790426173,10,
190,172.038657173,1794.92163,36460249.7166,1.03889245914,10,
191,172.038640394,1925.85396,6898946.27551,13.7553298233,10,
192,172.038636018,1977.82332,12326997.8432,13.0583929528,10,
193,172.038671995,1444.90308,485281.330751,9.39690119499,10,
194,172.038668766,872.19528,530951.00361,0.918889594215,10,
195,172.038647431,1038.56388,869676.85794,7.69653691757,10,
196,172.038596058,1184.67918,657666.144226,5.41959628525,10,
197,172.038659264,1346.89317,396140.073486,5.83415316032,10,
1895,366.145642073,277.399884,2913054.8549,9.15374284752,1.0,[M-H]-
644,238.096139427,217.939503,10092708.3753,4.11667270995,2.0,[M+Cl]-
200,172.123741881,110.628558,248480.396877,2.03496774419,10,
1330,303.167378013,81.82905,4986371.01691,10.3693299823,2.0,[M+Cl]-
203,172.152539951,454.862388,450486.539521,7.65662969465,10,
204,172.907323006,50.9542134,844684.184581,14.5304100171,10,
563,227.139833743,594.652446,16498527.3783,6.20321596887,1.0,[M-H]-
206,173.092209942,643.70229,6050710.40716,3.95644239459,10,
207,173.092222842,551.840142,13900668.6884,2.42144132271,10,
208,173.117437958,140.289234,106210014.856,1.2954907475,2.0,[M+Cl]-
209,173.117412804,107.510136,11373606.8958,10.2520331805,10,
210,173.136050233,110.586318,307922.773647,13.0282913909,10,
211,174.001082697,792.19152,3612635.15754,5.63750108085,10,
212,174.095581579,551.73627,998088.149548,2.37233042507,10,
213,174.112489464,484.220868,474286.285077,1.17975274709,10,
214,174.127817715,101.76957,336810.236719,12.107174487,10,
215,174.945695487,116.924556,1382645.75049,3.08403516818,10,
216,174.955131478,456.184254,13997483.1524,14.0335057401,10,
217,174.990502638,78.963474,3418821.73017,14.8003924054,10,
218,176.008675046,726.40233,565756.582469,5.40945346953,10,
219,176.091940459,605.6094,6971105.20731,2.99723376813,10,
220,176.903935148,116.150052,380892.617689,2.95743368304,10,
222,176.992541833,105.881556,1271463.15315,11.7683294337,10,
224,177.09121609,104.59233,14691160.9121,5.18671751223,10,
509,222.076825887,276.334548,17696931.5922,8.16078881176,1.0,[M-H]-
228,179.055251254,541.134456,56940166.9107,6.66584336938,10,
231,179.869691515,116.18019,830769.820935,5.40993740915,10,
232,179.95768155,185.501082,4476959.0163,9.95865240858,10,
233,180.058700516,731.6403,415564.80111,1.71849536394,10,
235,180.826298093,115.825416,6023264.78662,0.901405727858,10,
236,181.069050735,552.067008,25288539.9329,6.39397185016,10,
237,181.069100305,100.083438,333399.771954,6.73699867538,10,
357,205.900458026,116.113563,467668.38239,8.75576641444,1.0,[M+H3CCOOH]-
239,182.001648617,242.361516,2374496.85264,5.56791197102,10,
240,182.081358635,101.710944,898814.649084,12.6020751591,10,
548,226.144517426,167.490114,140777969.993,4.98227209668,1.0,[M-H]-
242,182.824240839,115.825416,12185063.3338,0.704473313705,10,
243,183.101870075,103.84581,5170887.84065,5.63255995086,10,
245,184.00052622,105.844584,26619786.1234,2.17932189519,10,
246,183.998693163,243.525972,2218143.67292,0.26096292184,10,
247,183.99865335,273.22707,911107.178371,0.453709757803,10,
248,184.116460583,447.744972,262628.89952,3.52330023178,10,
249,184.133447366,102.493638,1408486.78092,2.82309959161,10,
250,184.169955916,130.55895,25876828.3597,3.2138629129,10,
253,184.83083947,47.3573433,953266.541415,8.27495107422,10,
255,185.011700007,100.82895,11026421.1331,14.3721695815,10,
256,185.021269264,560.315934,1244361.20301,2.30663587084,10,
257,185.073899419,84.512778,786424.218928,4.28084419393,10,
258,185.136118434,106.78569,6138116.83917,8.49750458849,10,
259,185.15387805,100.17669,24983709.2143,11.3330522543,10,
575,229.155433987,373.588098,209051040.708,3.87459224061,1.0,[M-H]-
262,185.993117271,571.793808,854123.419554,6.7161601174,2.0,[M+Cl]-
1000,276.099112674,65.344548,154716485.995,4.46341020357,1.0,[M-H]-
265,186.139430376,106.860036,494807.450883,12.0396721792,10,
910,269.061831563,64.09968,4961801936.36,5.27211338403,1.0,[M-H]-
585,231.134696151,490.57374,150665937.093,1.31810588405,1.0,[M-H]-
269,187.108034543,561.434526,37117921.081,1.79789723837,10,
271,187.133267457,129.587856,34423963.4543,1.40665611296,10,
1406,311.222979606,103.336206,73913857.3422,4.7480072978,1.0,[M-H]-
275,188.970925627,455.660232,77496560.1461,12.6078689576,10,
276,189.033762065,412.068525,2396249.20179,0.162002787902,10,
277,189.087352169,684.58218,10019302.2113,1.95659554535,2.0,[M+Cl]-
278,190.086686745,105.255,847304.348524,7.79782921185,10,
279,190.090618753,684.74952,730147.502515,0.528301061635,10,
280,190.099168071,102.904812,474636.700705,3.28031519185,10,
1794,351.015489882,100.707114,2552425.17617,9.22754767625,2.0,[M+Cl]-
282,190.968226562,184.53624,604551.901522,9.13631489903,10,
718,248.08004656,105.604656,1783690740.45,2.67349858686,1.0,[M-H]-
284,192.065813745,177.160188,37061085.3881,4.53258498309,10,
285,192.08178537,84.592359,514056.613127,13.9451397896,10,
286,192.114802173,103.022082,2887745.95705,12.2936323668,10,
743,250.982525087,103.53195,1447440.49295,12.3978650384,1.0,[M-H]-
288,193.099281756,110.586318,5272244.02117,0.11859323043,10,
289,193.122688191,103.336206,23398010.421,3.54108923387,10,
290,193.978379925,268.15425,18433806.8185,3.87603416481,10,
291,193.978508226,248.340144,21340341.5523,6.66740269362,10,
292,194.05324296,120.543747,1000476.19277,4.65708276226,10,
293,194.102624424,110.920572,337752.309765,11.6394487925,10,
884,266.176448444,130.55895,15016160.1536,8.01448853436,1.0,[M-H]-
373,208.934123675,1698.35664,113729553.344,3.0265504833,1.0,[M-H]-
297,194.905173098,1717.38498,15201056.7332,14.469497957,10,
298,194.905154183,1445.14968,92583611.1079,10.8974185819,10,
960,272.883515234,1637.54163,18222201.3991,5.57043422935,2.0,[M+Cl]-
300,194.905191321,1990.18212,3058029.07183,10.7319569695,10,
301,194.905181134,1487.77884,80419614.1341,9.14423681803,10,
302,194.996179856,665.16945,144904.249544,8.17984536949,10,
303,195.062979457,649.19301,236869.421698,9.34810864516,10,
305,195.975565247,248.51073,28402715.1513,2.04441666893,10,
1482,318.092153618,617.65944,893558.273629,3.68276811423,2.0,[M+Cl]-
308,196.058350032,650.60616,5391282.36706,1.96889325568,10,
309,196.170043121,125.409726,10772615.0161,4.42662320978,10,
310,196.800375053,115.7382,1489419.76885,8.62324874131,10,
311,196.900819295,807.12114,20030402.8307,14.0192268484,10,
312,196.901735259,905.61261,4506080.99556,3.6983638389,10,
313,196.958613479,125.507322,2321320.26619,10.4239141046,10,
1049,281.089498141,151.982592,14768662.1308,14.6304208706,1.0,[M-H]-
317,197.972517146,269.700825,11966758.996,3.23587421528,10,
318,198.084725316,153.506211,440357.15887,4.47861191721,10,
320,198.798395428,115.7382,3135195.86436,8.02969885066,10,
1252,297.243331427,80.191995,50580940.2838,2.23789903348,1.0,[M-H]-
322,199.169673878,99.255444,99675248.306,4.41064573839,10,
690,243.171300079,306.131634,1064072213.06,5.60657942118,1.0,[M-H]-
324,199.869426754,243.605253,2111712.58287,12.9251748576,10,
325,199.869368773,272.427822,883079.397929,8.73998920519,10,
326,199.969504712,270.276156,2568282.8297,9.66416903003,10,
1563,328.078872076,174.551406,11094088.7884,4.48494704292,2.0,[M+Cl]-
329,200.128739469,193.343244,31698868.9424,5.97981566389,10,
830,260.966231548,779.16804,5272797.85968,8.37822358619,1.0,[M-H]-
334,201.054304005,140.031594,11430166.1311,7.41892552106,10,
335,201.098682111,724.95654,472333.746778,6.79056797322,10,
1316,302.172334535,550.272432,22260908.4093,2.08593542711,1.0,[M-H]-
337,201.123857949,504.633126,73867269.8914,5.5160306294,1.0,[M-H]-
1249,297.218600637,109.990563,1347635.7162,0.0346049639135,1.0,[M-H]-
344,202.11935654,219.989619,3378868.53525,2.34872049373,10,
347,203.051377143,140.031594,3733181.22816,3.18366107667,10,
348,203.081942544,446.909244,245229276.128,2.23606113533,10,
563,227.139833743,594.652446,16498527.3783,6.20321596887,1.0,[M+H3CCOOH]-
350,203.902481975,116.275881,179538.579848,12.7793810874,10,
353,205.064730167,605.6664,3570116.47747,0.753121671416,10,
807,258.088731791,55.1950341,1216405.33691,9.41307008783,2.0,[M+Cl]-
355,205.082453942,666.3282,9548288.38871,2.85898647741,10,
2059,387.148427384,101.142822,3465301.2031,5.2810745716,2.0,[M+Cl]-
358,206.009823379,568.851027,336146.735002,11.3449803758,10,
359,206.032567706,122.543094,7267607.21271,6.88170091896,10,
360,206.048819696,586.446864,395579.193514,1.64673447193,10,
361,206.061236941,54.0960972,99920.8076063,4.62000535019,10,
362,206.085013224,75.139146,140684122.21,8.38289988235,10,
363,206.081865547,191.52336,3994957.65632,10.3217297436,10,
364,207.069131484,101.026452,166255603.935,4.08773040803,10,
366,207.113291733,434.831994,3608253.20361,7.7738924832,10,
367,207.174947197,103.53195,1659503.85663,2.82099975923,10,
2151,402.122643269,276.506403,2085331.09475,6.30056698584,1.0,[M-H]-
516,222.116626174,72.958644,3895660712.77,4.99913015498,1.0,[M-H]-
371,208.116668008,434.831994,380842.688797,6.19860294947,10,
1135,288.738021765,116.40171,926000.615982,2.84210838173,1.0,[M-H]-
374,208.934114372,1681.9038,77142508.2851,7.27314112263,10,
1104,286.912232326,1600.65138,96386232.5104,9.97813944269,2.0,[M+Cl]-
376,208.934125533,1615.5429,115708244.631,10.3015241715,1.0,[M-H]-
1105,286.91220174,1575.55878,101336166.365,3.65009729006,2.0,[M+Cl]-
378,208.934138956,1664.21016,53910782.1304,3.82524929475,1.0,[M-H]-
379,208.934152374,1646.5146,55113976.3311,1.80201467234,10,
380,208.934121985,1632.71199,80427720.1864,2.11902754018,10,
381,208.93413195,1905.6681,97159335.3074,4.86298937234,10,
382,208.934170895,804.61464,87389982.1625,3.10688887986,10,
383,208.934030864,1549.61955,115042105.17,4.73018330153,10,
384,208.934148163,1854.87552,92193386.6812,14.4623550043,10,
385,208.934091323,1485.21891,96347292.7476,8.90774742524,10,
386,208.984513179,568.165914,1230793.02509,1.48889944543,10,
538,225.096115998,64.411308,4773972845.34,6.17867312174,1.0,[M-H]-
766,253.144405913,107.730084,64469365.9573,4.76509786977,1.0,[M-H]-
391,209.933725497,1698.35664,11395367.5033,3.23715604794,10,
393,209.933639093,1539.036,10780669.2901,3.49858402775,10,
396,209.933673888,1014.26214,9681874.07007,12.8138132962,10,
397,209.933631945,1392.77016,31063815.7373,6.0060162668,10,
398,209.933613791,1214.49084,13864312.9971,14.8980984026,10,
399,209.933698142,1615.92717,11292176.7437,11.0784461365,10,
400,209.933856018,52.4715933,7847895.34694,7.19449295315,10,
401,210.037966771,572.131938,1696103.21981,3.86817642544,10,
402,210.043532056,650.06787,1308535.49515,0.299812623425,10,
403,210.097758823,115.7382,1791642.85789,5.97288230321,10,
404,210.131797572,116.725458,240369.491792,2.37322167523,10,
1269,299.197828585,132.563514,1728238.629,6.84891080817,2.0,[M+Cl]-
407,210.930587771,806.81076,59168560.8546,8.47477783738,10,
408,210.931127078,1727.79456,29918519.1784,2.0820399889,10,
410,210.931158237,1855.25268,34045888.1414,11.0321377276,10,
411,210.93110205,1599.64542,55103463.5626,8.45076956977,10,
412,210.930981599,1550.11674,49421928.4456,2.03276310929,10,
413,210.930971453,1222.82661,54872127.8598,0.232535850097,10,
414,210.931013101,910.48482,18202725.1352,13.1055266415,10,
415,210.931027665,1366.92771,73382487.7963,2.72308402908,10,
416,210.931086276,1923.24549,26617221.6336,12.2958138765,10,
417,210.931046606,1428.16068,66653094.2923,2.91462968945,10,
418,210.990736651,114.76908,1582298.24773,6.60287362173,10,
420,211.169734708,78.84408,8385852.04215,5.19790877882,10,
421,211.785695622,118.384878,371101.577334,13.3166265667,10,
423,211.930787496,1768.44096,3067274.45968,11.4024063529,10,
424,211.930625918,1062.91818,3554186.54601,10.240554911,10,
425,211.9307711,1664.5563,1976227.8227,6.25964847388,10,
426,211.930729559,1616.22264,4174327.22592,4.67258506165,10,
427,211.93071341,2005.44822,2863197.74956,9.72065563771,10,
428,211.930730901,1714.57467,3856779.96056,13.7966511303,10,
429,211.930732232,1681.39614,2683658.60603,10.199327299,10,
430,212.032622688,650.59383,2701885.05975,0.668944377387,10,
431,212.80737701,116.145405,481636.244783,14.7278555866,10,
432,212.926647368,808.5354,14959589.513,8.57835035727,10,
433,212.927073962,865.3257,1230591.41076,4.30905390252,10,
435,212.927792598,1256.44374,2597267.36108,11.3352948958,10,
436,212.927987826,1919.68506,1440199.71497,7.77466598743,10,
437,212.927772471,1054.61466,2166830.48075,10.4777698376,10,
438,212.928015392,1681.22607,1723503.59217,10.556253612,10,
439,212.928019838,1894.24146,1948303.52173,10.489033574,10,
1644,337.044831968,570.781542,6755348.42914,1.15368221882,2.0,[M+Cl]-
441,213.011794692,110.26782,23253742.582,4.46161643945,10,
442,213.040057216,84.415626,835796.24821,13.8229104695,10,
444,213.542308753,114.971946,1278910.73084,4.44377976691,10,
445,213.783676628,118.441689,690454.969604,4.4478226475,10,
447,214.015926406,571.563132,253179.378404,12.3052504652,10,
448,214.04836874,604.2387,13734547.585,4.60702556397,10,
643,238.093087803,574.164684,19011374.9831,1.60770648722,1.0,[M+H3CCOOH]-
450,214.048093444,783.61914,3105663.95255,9.12267493818,10,
451,214.065207497,564.803154,1515648.54906,14.4900817228,10,
452,214.144505554,157.49298,258624462.252,5.83339930124,1.0,[M-H]-
453,214.188766224,98.409441,2684166.71375,12.761408241,10,
454,215.011698451,85.139526,2188088.69954,12.229597579,10,
455,215.032441505,542.136498,624779216.551,0.649688382667,10,
456,215.032378912,730.72602,13124688.1201,9.25843665312,10,
457,215.032295809,462.98751,81365491.9687,4.01476142925,10,
458,215.066943507,606.32361,1141509.01339,5.52015110549,10,
459,215.139566015,454.862388,130366903.535,2.22021168885,10,
462,215.346022512,85.19799,749252.772083,5.12037885891,10,
464,216.045540053,573.825552,7908637.2764,5.17705295646,10,
465,216.045477798,604.43655,2537586.45042,4.18645644978,10,
467,217.016829307,125.729214,12219191.2101,0.771971544608,10,
469,217.03628693,216.342378,6412105.21067,2.77357260388,10,
470,217.035529248,700.0395,540167.993183,3.51743389553,10,
471,217.051950578,69.361548,24697528.6605,10.3605384772,10,
472,217.08225539,558.858099,3440982.39806,7.98131317469,10,
1068,283.127678498,550.412394,1984481.05057,9.56591693809,2.0,[M+Cl]-
969,273.165181082,529.528896,5102683.82368,1.47842178565,1.0,[M-H]-
475,218.028929245,216.490356,3255145.02327,2.44424007695,10,
477,218.094472509,103.022082,673821.521102,6.25814233538,10,
481,218.778151236,116.275881,543015.437422,1.96289401926,10,
484,219.080433919,567.406416,5034353.76012,3.1563822801,10,
485,219.080560685,497.3115,1882317.61792,2.32001564548,10,
486,219.09814856,629.46744,11422855.6942,6.53359321285,1.0,[M-H]-
488,219.102533126,612.8397,2085977.60567,5.75748531636,10,
489,219.977222358,81.910626,8518424.73707,1.23536328985,10,
490,220.061210132,54.4949229,81055.0000554,0.748101432248,10,
491,220.083884902,569.178168,394524.829091,3.59779263531,10,
492,220.100871803,72.958644,50396505.2415,8.9203686212,1.0,[M-H]-
495,220.118780729,811.1403,6232978.7672,2.92361498128,10,
496,220.146536462,103.022082,25614869.5626,5.38438091086,10,
497,220.170525826,119.39667,2628841.63037,3.1976283968,10,
498,220.550260516,111.433752,1429245.17401,0.286204905706,10,
500,221.08497228,64.411308,483561513.964,3.3949381325,10,
501,221.081284406,104.279082,12743450.6323,5.97286153039,2.0,[M+Cl]-
502,221.092672943,453.690492,6897939.22203,4.53017009759,10,
503,221.092543431,533.337906,13025302.8359,1.05760385351,10,
505,221.118123545,104.351286,3226600.48346,4.85453080786,10,
506,221.131020331,107.921076,459403.888205,11.0575187449,10,
508,221.173870311,119.314086,299011.998824,6.47114342327,10,
511,222.080455682,161.775147,831421.869556,11.1712688661,10,
1939,371.188700138,54.5702817,275102.631123,14.303789879,1.0,[M-H]-
515,222.116717331,101.026452,21852257.818,6.27985699768,10,
523,224.107787204,69.36204,3656425442.62,167.13617389,10,
524,224.103994483,101.39775,469247357.315,6.03237953707,10,
525,224.128654179,279.175164,2693571.7903,8.82787185507,10,
526,224.165279628,147.11547,220324778.414,1.31775809714,10,
527,224.16529521,126.701214,47862322.0345,1.58630621998,10,
528,224.173222756,430.174482,136097.611615,13.6114224879,10,
529,224.173314874,79.797108,1918313.29333,9.76886455233,10,
531,224.803133115,305.263662,17115453.051,4.15259122429,10,
532,224.803150745,279.080904,7442132.85539,9.7863461799,10,
533,224.803020487,466.105734,3188583.71341,6.57843063334,10,
534,224.803172985,124.974567,10724975.552,11.6399502533,10,
535,224.803147328,495.928875,2313404.21683,0.901492562271,10,
536,224.972447957,217.139952,864876.817659,9.28625843244,10,
537,225.043404522,48.5115321,2711025.29931,5.16189181954,10,
540,225.160431624,101.213166,704479.284381,13.9555968642,10,
1054,281.248397526,76.555566,2201252623.19,1.51242725768,1.0,[M-H]-
544,226.004136471,273.067662,1526202.75634,13.0625209185,10,
545,226.003182053,572.057088,237147.998114,3.41636711183,10,
546,226.074784944,486.03273,30779765.8729,5.30489640981,10,
547,226.099380056,64.930926,448517597.271,5.4485262002,10,
550,226.760779756,116.078088,767948.288323,11.6040781214,10,
551,226.800962419,231.114579,7131505.8613,10.6059866626,10,
552,226.801009743,158.466351,4665122.90646,13.1750102614,10,
553,226.800871564,540.059226,2188017.75478,2.70636188476,10,
554,226.800852484,304.663599,11914917.7642,3.03210153894,10,
555,226.800767172,484.13151,2557822.23492,9.06128643974,10,
556,226.816024026,49.5006009,1053336.20713,0.607138123462,10,
557,226.969501272,217.85085,476162.435349,3.84516217587,10,
558,227.016297306,52.1426034,1137013.48263,1.00831151514,10,
1865,361.022417829,126.160452,3505754.3864,6.16076326075,2.0,[M+Cl]-
560,227.092112093,174.171045,35950494.3532,7.74608229196,10,
564,227.201268354,97.678704,104256107.04,1.30445250139,10,
566,227.558016075,109.88382,1280133.52237,11.5780334197,10,
567,228.027748314,278.542794,2020441.72717,5.14468062368,10,
568,228.048609188,568.134354,172751.526758,1.49079530473,10,
1127,288.076693219,486.03273,81562484.5261,14.9448589861,1.0,[M+H3CCOOH]-
570,228.123835109,102.904812,1478422.33222,9.69958352066,10,
571,228.160319969,135.41772,52159324.2667,6.1017502528,1.0,[M-H]-
572,228.986578758,571.793808,216444.93761,11.3524952887,10,
1486,318.167331261,571.1193,52037126.4067,3.64747551775,1.0,[M-H]-
1553,327.137209579,101.213166,545291.979474,7.19347938419,1.0,[M-H]-
578,230.012495467,76.040808,385992391.576,4.35878723599,10,
580,230.039208584,727.39773,254254.066662,4.55064041713,10,
581,230.114421362,693.33978,7991508.92005,2.52059950646,10,
583,231.023216711,567.84915,2379635.35957,4.91202885068,10,
586,232.02837919,161.691114,8051041.70011,2.2119943348,10,
1346,304.158590389,71.261046,44237131.6302,1.71947577208,1.0,[M-H]-
589,232.924487476,1681.61703,92463348.4572,2.08010723537,10,
590,232.924582041,50.990478,109395907.749,3.19227005312,10,
592,233.056623387,112.600446,1416835.79582,9.13135672665,10,
593,233.077787638,606.29496,592020.516734,5.10262233997,10,
595,233.085139856,101.084637,1696088902.71,0.684873180359,10,
1112,287.136330423,617.3997,5345054.78498,2.99302688858,1.0,[M-H]-
597,233.10390506,72.958644,218562307.681,7.03694607698,10,
599,234.080775247,103.409418,1210477.91972,6.26906783922,10,
603,234.116764708,100.397958,30172908.2717,11.4225792491,10,
604,234.565772783,84.335922,1708476.31684,3.47167722243,10,
606,235.062272435,107.730084,3577995.27927,7.71151765033,10,
607,235.075601209,553.272432,5924466.13718,1.13329945086,10,
748,251.095727826,86.395392,154204876.561,5.50148360591,1.0,[M-H]-
610,235.100406327,58.6006848,69218750115.2,5.06040564415,10,
1513,322.14108429,476.230248,7295171.23876,0.189323170535,1.0,[M-H]-
612,235.169992701,103.84581,18830307.0282,6.17184057083,10,
613,235.953423598,1752.35574,13874269.0212,1.8043329684,10,
614,235.95340999,1738.56822,15588575.3174,10.0028813558,10,
1121,287.91168858,1724.75325,4341958.68717,11.6670298223,2.0,[M+Cl]-
616,235.953353064,1682.24394,24175200.8393,10.1106970277,10,
617,235.953185428,1280.56254,15746733.334,10.5414305053,10,
618,235.95337493,1926.49644,3515390.84702,14.5289125269,10,
1427,313.931400802,801.73524,2311950.51908,7.30857241774,2.0,[M+Cl]-
620,235.953211821,1538.04114,26348074.6621,13.5095384034,10,
621,235.953299046,1601.83077,29031399.0494,12.0817254433,10,
622,235.953439137,1798.09374,12336373.6941,4.7104936634,10,
623,235.953303014,1615.41882,28607745.4085,0.594570196534,10,
624,236.07863774,369.685248,3472518.01789,0.75988834521,10,
625,236.113605549,449.392854,224680.345125,7.68737060273,10,
626,236.11189113,477.744234,1824906.95692,1.62273345374,10,
737,250.119760678,68.600268,505476597.355,7.18453147659,1.0,[M-H]-
2579,466.193663943,72.024024,87183143.8726,4.52147866051,1.0,[M-H]-
630,236.99212388,220.947183,30568606.4338,11.7782594165,10,
631,237.002597288,243.525972,1942262.19992,5.47956619257,10,
632,237.00255199,272.747916,847080.211666,11.4453623513,10,
633,237.087781564,491.604075,1022956.89529,8.78971595993,10,
634,237.108249996,103.022082,11198226.3975,6.19884241734,10,
636,237.130004487,157.562019,399777.632143,7.1775900697,10,
1454,315.183339925,106.664082,7741137.17585,6.63407182156,2.0,[M+Cl]-
1018,277.217222438,77.490552,6924199802.76,0.903590544774,1.0,[M-H]-
867,263.594767272,104.725239,809609.527359,0.0151344722388,1.0,[M-H]-
640,237.595668466,84.199782,1218135.00459,4.26523402138,10,
641,238.058155359,153.191454,352263.111046,7.21509796755,10,
642,238.09934697,58.9128072,355582270.699,10.2235056397,10,
645,238.217567297,115.781808,180585.93333,0.357023339261,10,
646,238.993658275,753.53928,269917121.955,6.08166925385,1.0,[M-H]-
1417,313.147380964,54.8640588,565229.42532,6.75434519162,1.0,[M-H]-
648,239.148067409,129.799701,339550.329271,14.6398287669,10,
650,240.046221304,75.068349,27471497.731,8.96470055195,10,
651,240.100364394,103.434078,572696.742554,11.0022226322,10,
653,240.171499103,516.349011,233248.518955,3.83880474521,10,
654,240.196621865,99.139446,1660652.13156,8.08100329227,10,
655,240.204516644,78.220956,10544640.0983,6.96287019759,10,
656,240.565910492,110.361132,2262042.01806,0.631036180175,10,
657,241.011779894,611.79594,3149757.67048,0.704992468635,10,
659,241.072127057,106.471458,373540671.954,2.94351818264,10,
660,241.10548983,137.926329,1163363.9392,2.65091816222,10,
2122,398.310126354,104.279082,6450672.15798,4.34843674723,2.0,[M+Cl]-
664,241.573720095,106.471458,97785228.6345,2.61302748302,1.0,[M-H]-
665,242.033822668,678.59688,11215840.7681,1.77878403965,10,
820,260.050129756,731.1666,155989.938147,6.83269815937,1.0,[M-H]-
667,242.043449109,601.6698,504599.35764,2.74652371738,10,
668,242.043532143,489.82287,2602771.75182,0.779786858387,10,
669,242.051539396,537.073962,126157936.789,1.88435594558,10,
670,242.075174602,106.471458,11760230.7843,4.64633786677,10,
2251,414.094263789,857.72466,1846172.8067,3.10897493918,2.0,[M+Cl]-
672,242.077919294,631.68654,744347.458511,4.98480301289,10,
673,242.078043612,380.220072,35194402.6392,3.47742763271,1.0,[M-H]-
674,242.176076889,123.582924,335862178.095,7.74334443192,1.0,[M-H]-
675,242.18413682,103.84581,3703280.39365,7.86895982008,10,
676,242.57112016,84.335922,1072489.10975,0.960735551197,10,
677,242.571350365,106.761945,7680525.85753,8.35911109453,10,
678,242.790399209,47.3573433,880634.606464,7.81155768228,10,
1667,340.995458027,663.43953,388684.570613,0.258285172754,1.0,[M-H]-
682,243.062057814,174.62157,849747690.789,4.49123870735,1.0,[M-H]-
683,243.055158249,730.37904,45287.8898468,10.1380601757,10,
684,243.073103979,106.604943,829602.955885,5.35044297814,10,
686,243.080732756,451.898742,4246037.96939,3.47394841104,10,
688,243.134916289,462.014004,1131764.44595,10.9744228838,10,
689,243.171216951,284.04012,116910589.596,5.80352166693,10,
692,243.196503296,111.408822,44055649.2468,0.939421122743,10,
694,244.039612549,272.428284,5466278.3162,1.73963338108,10,
695,244.055047367,698.70282,2053431.78545,6.78385159633,10,
696,244.099477874,484.407966,541545.056865,11.7060980699,10,
697,244.130238635,592.911816,20503510.3817,10.3407034918,10,
698,244.130224023,621.56232,22185404.2699,14.392686035,10,
699,244.130139338,546.772908,39871221.7624,1.70417091374,10,
1948,372.123833692,115.825416,1222230.2926,6.10170296089,2.0,[M+Cl]-
702,244.206935047,98.30883,2995866.66505,5.67221244997,10,
1533,325.021610841,663.88758,555069.053269,2.61375215694,2.0,[M+Cl]-
706,245.056670374,54.4404288,170406.68029,12.1441352015,1.0,[M-H]-
707,245.066143134,174.93882,10158276.8921,4.25086612483,10,
708,245.078002974,198.246954,9987917.74906,6.38094958991,1.0,[M-H]-
709,245.093163867,219.737466,7473146.51987,2.45625850846,10,
710,245.210199099,98.567319,311996.197759,2.57482575767,10,
711,246.007416635,72.958644,133890036.913,3.2617823353,10,
714,247.100574328,58.9128072,125383176.11,10.4000589369,10,
715,247.112087745,411.396705,23794865.8938,3.82910341503,10,
717,247.170375808,42.4069659,2637700.52392,2.93716718978,10,
719,248.079899798,84.472062,313145735.339,2.72718008097,10,
721,248.5812254,105.604656,499178063.962,2.65108058186,10,
723,248.979455114,266.969274,4321297.04787,5.90497760062,10,
725,249.077484244,105.604656,129047232.041,3.73359284115,10,
726,249.077642815,50.3238552,1334454.03548,3.09098695912,10,
727,249.098055345,586.472046,2752172.33847,1.4816276883,10,
728,249.091450806,509.927502,6864615.86779,2.23741209648,10,
729,249.091357215,487.846884,6627524.14998,0.0366934601383,10,
730,249.099596015,102.709068,3215011.59695,3.04096708984,10,
731,249.123967023,100.71243,4581115.06257,2.55379477145,10,
732,249.149424612,103.336206,10072375.9931,1.17829005979,10,
733,249.185908833,97.112784,828993975.504,3.74655498109,10,
736,250.091894506,102.591312,1279703.82988,6.51781882013,10,
740,250.741304429,116.078088,498602.574026,9.15841684205,10,
741,250.976507824,270.513036,2544246.14228,7.47442900561,10,
744,251.009398936,119.75559,244637.869586,11.7324650773,10,
745,251.078797311,147.439092,5692235.04685,6.88387528888,10,
746,251.078760785,201.294246,84730615.8129,7.44307535996,10,
747,251.101812024,649.53084,197586.374992,7.00558331741,10,
749,251.09567034,66.109518,1301861620.0,3.95458190445,10,
750,251.103655276,464.626728,29846335.4933,2.872020978,10,
751,251.131892563,58.0157808,16551882887.2,6.25660751251,10,
752,251.148082092,153.284415,1114612.9312,12.9892157937,10,
755,252.098962614,66.386826,130585729.092,2.90636829093,10,
757,252.107268265,563.276151,263671.516818,4.29132283282,10,
758,252.118684103,157.49298,8210491.49632,9.60821808386,10,
759,252.120130703,454.870356,566021.787743,3.89720684912,10,
761,252.146595012,558.08265,1735400.29431,2.25967326068,10,
762,252.168467236,103.217934,876783.047213,10.1289047354,10,
779,254.882222911,116.18019,19276137.7506,10.5533102228,10,
765,252.951078678,462.018966,876365.849797,5.39995385957,10,
770,254.114606557,66.278808,96266013.3464,8.82035660827,10,
772,254.12326349,102.02457,330897.535702,10.3522654484,10,
773,254.131026227,58.3082328,87563651.9466,1.48783662598,10,
2234,411.261592657,459.102246,36379004.0041,1.77673429227,1.0,[M-H]-
776,254.212483805,97.779825,1846243.25456,8.76354790572,10,
778,254.581807954,106.78569,2638894.19139,9.37869242617,10,
781,255.087653413,105.218712,147218360.409,2.15216278364,10,
1891,365.113822797,83.845812,840316.903495,12.3116026512,2.0,[M+Cl]-
783,255.132763028,584.708052,2773506.36128,13.5280269325,10,
786,255.23276161,96.610677,590613790.196,2.03614763233,10,
788,255.735696816,116.46909,436645.605659,0.601173239257,10,
789,255.948786441,18.3162252,1875556.88581,5.80843311657,10,
790,255.971226317,744.77274,9803993.47813,8.29726091262,10,
791,256.05478061,794.15736,769923.49711,12.0848787348,10,
794,256.757539789,116.40171,217320.006929,11.599972796,10,
795,257.033772552,604.5768,546514.572728,7.68560247863,10,
796,257.061722791,64.240896,2291774030.63,5.27671062919,10,
797,257.054638762,699.80748,196478.273988,9.13803049928,10,
798,257.097381434,618.22056,88917.2997592,14.4022618688,10,
799,257.154429347,76.386516,16411040.695,7.98818689599,10,
2079,389.245103119,105.844584,4952093.65665,4.37262433937,1.0,[M-H]-
802,257.733763672,116.474916,1204399.28723,9.5237335312,10,
803,258.043896467,68.289276,96736567.467,4.43125371117,10,
804,258.044057098,87.965778,22153029.4056,7.38120772211,1.0,[M-H]-
808,258.116688077,71.36856,1451024143.61,2.8184107136,10,
809,258.14603081,576.605424,56248267.9193,1.32680884625,10,
810,258.149983113,54.5505582,424102.670987,5.35062419724,10,
1277,300.164192217,110.586318,53760413.4741,6.11590171257,1.0,[M-H]-
814,258.903569746,779.53527,1194987.65121,10.8173176394,10,
815,259.100688775,69.081168,9586803982.65,6.43026494785,10,
816,259.12988433,529.101009,720349.510354,0.881217106774,10,
818,260.023321694,55.5061704,31599689.609,3.14781963203,1.0,[M-H]-
819,260.037420495,269.446248,534616.143873,10.9113354001,10,
821,260.050809951,276.018798,2298432.15634,4.44689378769,10,
822,260.104372958,100.899792,126944273.564,11.1380129374,10,
823,260.114010038,284.726139,1880902.10043,7.54418292836,10,
824,260.125320349,709.78722,2916502.21485,2.92944281395,10,
825,260.132790261,156.016548,655198.490372,11.0297254683,10,
826,260.132172825,69.188568,164845349.057,4.65156241092,10,
827,260.202238348,102.591312,749511.700361,8.61802223191,10,
831,261.027079102,54.5505582,1318019.5241,3.69749223265,10,
832,261.087932684,105.844584,5919923.45309,6.03426516035,10,
833,261.080233191,74.290044,25597381.8042,9.73343550315,10,
834,261.097036134,58.0157808,591566766.384,6.83061864024,10,
835,261.091619036,308.700636,14045901.8483,4.75846033006,10,
836,261.107790621,473.612586,746613.906238,4.19017217471,10,
837,261.109280417,527.516874,11236058.9666,2.36004404283,10,
838,261.124422373,450.055362,40566122.8756,0.954024847607,2.0,[M+Cl]-
839,261.124486644,509.59614,8383735.03653,1.01414429138,10,
840,261.116315548,68.770176,4628237072.0,4.77810624753,10,
841,261.134607614,188.270508,14007490.7578,7.21462822923,1.0,[M-H]-
842,261.128036187,280.664154,67799483.9018,8.9076050332,10,
843,261.127834838,313.935048,132406262.266,8.00770868505,10,
845,261.7296779,116.181387,370458.267896,12.1288130952,10,
846,261.959806578,151.999842,1363527.35598,7.0772197263,10,
847,262.019188249,54.5505582,481809.922605,13.5462288125,10,
848,262.060209025,269.634528,4690781.44599,1.65935527411,10,
850,262.095330487,84.259314,6949788.09467,2.93461730545,10,
855,262.597421826,104.59233,12435663.139,3.38878842178,10,
857,262.869270447,779.48919,435622.428147,8.72641767743,10,
858,263.012553609,782.661,7810407.72352,3.85872589518,10,
860,263.099093721,104.786556,1014406.59344,11.4569133366,10,
861,263.11213571,57.6660606,366079479.864,7.85691525256,1.0,[M-H]-
862,263.124999322,167.881392,2299708.00333,5.54116366048,10,
863,263.13178893,57.7047822,190929186.904,7.55036976791,10,
864,263.140416452,284.356374,81082630.8686,3.72137386515,10,
868,263.891394574,92.666061,3675540.71755,0.369903774452,10,
869,263.901181408,133.697952,493453.67139,0.0773377735264,10,
871,264.057373948,270.781686,1544121.15671,2.37232184638,10,
872,264.118785327,167.170356,5905777.03865,8.84443727662,1.0,[M-H]-
874,264.127543865,100.71243,220225.173155,14.7972214994,10,
875,264.726530477,115.951752,196870.239837,0.93132634684,10,
876,264.903370225,133.414395,451412.353462,3.92174671211,10,
1818,355.117102933,125.134071,1142334.47894,1.04376749533,1.0,[M-H]-
878,265.058060227,600.80232,2196807.18338,3.17134774328,10,
881,265.903807857,133.091385,251764.95838,9.39704797729,10,
883,266.143155606,98.657121,3873789.3263,0.642525588246,10,
885,266.160961066,104.159442,4550898.33635,2.26453620997,10,
887,266.900381221,133.373388,244454.727851,1.64652643854,10,
1889,365.050936547,487.141746,1227279.32499,8.7148005635,1.0,[M-H]-
889,267.098856222,561.434526,3239447.00311,6.75478872985,10,
890,267.110135285,650.60616,2446207.52541,0.893983874706,10,
891,267.115896591,117.12516,284230.392281,13.8628311278,10,
1398,311.16863849,64.948527,147915016.493,8.84039991769,1.0,[M-H]-
893,267.160407478,104.628243,10827757.4685,1.34320501331,10,
1883,364.889623406,1665.2946,14237843.6889,1.05545608891,2.0,[M+Cl]-
903,268.901657739,1601.32314,8896849.30157,7.52945519297,10,
904,268.901661365,1739.37423,2471405.87223,0.830887775125,10,
905,268.901719201,51.978777,3975020.68954,2.89751553966,10,
906,268.901626831,1392.02574,17532099.2459,8.42329595243,10,
907,268.901591908,1440.96207,5107181.963,8.33681117765,10,
908,268.901658958,1638.04542,6475648.5137,1.26238805364,10,
909,269.009620846,113.722266,318811.762006,8.6240472454,10,
912,269.07844394,277.280424,23919388.3632,3.59241827719,10,
914,269.103650947,104.255553,9228749.05514,5.87300854253,10,
916,269.195594299,115.134,683078.059874,8.96743355473,10,
1902,366.886418443,1680.52278,6364168.51543,7.02119355031,2.0,[M+Cl]-
923,270.898612521,1013.02338,1354836.99496,3.49434313117,10,
924,270.898563545,1273.97319,3456171.53219,0.759092869667,10,
925,270.89891974,2042.04285,1091630.87866,1.75458483059,10,
926,270.898678202,1630.96974,2980570.23616,2.21895262104,10,
927,270.898651643,1585.92327,3802148.52529,8.38101095287,10,
928,270.898587968,1221.71067,3599916.4086,3.86429200605,10,
929,270.898605361,879.98463,762335.888814,4.76891759144,10,
930,270.898513146,1122.84129,3085527.55637,1.253566102,10,
931,270.926214918,1722.94755,530699.837405,0.415784441806,10,
932,270.926334137,165.305217,7583917.93717,12.6282847427,10,
933,270.926215889,1028.2257,1312937.11194,9.74471754328,10,
934,270.92612711,1261.15986,2167620.60962,9.52130307142,10,
935,270.926121117,1396.25757,2344818.57867,7.30129720321,10,
936,270.926361361,883.26087,948066.874565,13.6329080328,10,
937,271.058822436,63.61764,1736183798.33,5.31363834473,10,
938,271.091335295,684.27978,467265.698259,0.716794687726,10,
940,271.21133852,110.243304,1966141.59864,7.75789840917,10,
942,272.045579787,649.824,1411965.01679,9.91114139618,10,
944,272.161760853,529.354032,41032264.306,2.5396372653,10,
945,272.161797508,489.727002,10561249.8264,2.55936958447,1.0,[M-H]-
948,272.883583556,1738.78032,2765742.45217,8.866429847,10,
949,272.883603018,1723.22226,3712030.41839,4.28326611353,10,
950,272.883658866,1752.27375,2307339.20459,1.40832305907,10,
951,272.883397958,1244.18178,80850267.8843,12.1692906029,10,
952,272.883413589,1295.09733,64797016.7493,0.0151852878439,10,
953,272.883450015,1126.27869,48949041.8728,4.06263092746,10,
954,272.883460304,1510.40952,89200779.6528,0.399521561459,10,
955,272.883600275,1705.7361,5589045.5646,1.61059410693,10,
956,272.883500122,1615.75788,21837659.2322,13.112283974,10,
957,272.883625607,823.14318,11759834.9818,1.7180894476,10,
958,272.883532212,969.92397,61372228.4914,2.00228691003,10,
959,272.883710196,1768.94118,2170816.62622,14.7246788762,10,
961,272.883464729,1482.35298,70963130.5583,13.7091947465,10,
962,272.883399929,1198.6341,65668988.8854,10.9120832554,10,
963,272.883471802,1105.95456,34602974.3122,6.10390059853,10,
965,273.090351581,129.801138,1140640.55561,0.00167045192262,10,
966,273.126653273,106.761945,2628707.53517,4.68175252156,10,
967,273.124552439,76.992597,11418024.5679,6.60429249832,10,
970,273.197702699,112.363962,1220827.85106,14.9752230254,10,
971,273.992741987,215.350134,1534749.51269,13.1994546586,10,
972,274.061271186,583.101894,15874318.6585,12.4128262531,10,
973,274.066045116,684.6951,2729018.70045,5.8182402218,10,
974,274.093499927,467.587254,22994079.5511,12.2895172204,10,
975,274.112076123,98.441925,28984841.4906,4.32533368524,10,
976,274.112072344,78.184917,73000271.5856,14.219045915,10,
977,274.119980815,429.589224,1445552.41403,1.07575788205,10,
978,274.119938253,487.64361,4242616.8155,1.92394998487,10,
979,274.141199953,613.5192,5533827.65861,1.11713653998,10,
2282,420.188081805,579.984051,300036.126866,2.78493866863,2.0,[M+Cl]-
982,274.880760333,1768.0821,1328177.49915,1.67174638754,10,
983,274.88082357,1780.95918,1862236.75195,0.733454563697,10,
984,274.880646505,1248.33969,9476250.85953,2.03862874796,10,
985,274.880623655,1054.7154,8842655.28611,8.8040637116,10,
986,274.880773993,1879.40937,7018471.46697,2.40863608495,10,
1734,346.879068969,1616.56128,13954731.8166,10.6480762816,2.0,[M+Cl]-
988,274.880786356,1600.17642,6252843.16324,0.244199164951,10,
989,274.88062655,1081.95591,9272377.55102,11.4645262136,10,
990,274.880699843,1435.54632,12114360.9586,9.3609465787,10,
991,274.880712258,1573.08264,9605760.59265,9.54624998165,10,
992,275.069504737,684.46314,178325.689755,8.21273181253,10,
993,275.095868329,72.925698,850459153.31,13.2775327181,10,
994,275.103977773,300.412542,29635723.2438,10.777835726,10,
2036,384.117709394,107.353083,887551.316202,14.8923345576,2.0,[M+Cl]-
996,275.123308435,488.684502,594216.314895,2.58426336366,10,
997,275.141608122,105.531582,2487312.33893,6.31472797147,10,
998,275.20181729,77.633772,22050925.5222,2.35841893092,10,
999,275.201925996,102.180885,18621152.8043,8.73887059801,10,
1001,276.102565598,546.772908,1465194.28365,2.85587980824,10,
1003,276.111405049,103.96434,3875724.41525,2.48127812683,10,
1005,276.120304664,654.54189,3260152.35555,0.813238928796,10,
1006,276.12759708,97.993212,8879795.95553,0.33951905817,10,
1007,276.127309697,72.818058,206942719.345,6.70362531509,10,
1008,276.9318903,269.431029,1253124.09088,7.65664687569,10,
1009,277.001875017,118.243719,451960.743641,1.18301433622,10,
1010,277.059728486,98.825184,8543285.75431,9.96156077808,10,
1012,277.086372855,482.935986,776304.274335,8.20883996587,10,
1015,277.140229576,742.18488,636723.665617,10.4195011723,10,
1016,277.156072622,208.13274,430423473.807,6.42247809961,1.0,[M-H]-
1017,277.156100227,245.185488,258398924.125,1.14099408145,10,
1019,278.043716989,551.674395,9079632.29856,0.567391258371,10,
1023,278.14419619,157.400895,560943.515701,0.0552139386777,10,
1025,278.188224033,49.1710365,1697448.89053,6.45559688575,10,
1028,279.060142479,572.131938,290704.908603,6.00297562195,10,
1029,279.108777408,639.61332,444728.866545,3.95884995545,10,
1030,279.105121235,53.5909458,628970.630698,11.4335945776,10,
1031,279.135120216,436.29135,20964903.5925,1.4077211772,10,
1033,279.12724925,101.084637,139992940.948,4.77952509993,10,
1036,279.919917632,133.232472,520970.653719,4.20676322843,10,
1037,280.05212373,379.55721,3103561.72411,10.7619855991,10,
1039,280.114513012,115.295811,740545.868119,7.45730981831,10,
1871,362.941767789,133.555722,1039533.49891,11.5878405313,1.0,[M-H]-
1048,281.053070098,640.20126,216694.620057,5.44160667289,10,
1051,281.145339951,306.773886,29013265.7676,10.1026865313,10,
1058,282.117784739,491.147799,908196.33056,5.33731968272,10,
1060,282.919267156,133.999779,278966.39521,6.15605480898,10,
1062,283.051965047,199.34373,7849739.7821,8.31132772929,10,
1063,283.068654175,561.322542,141046218.549,1.79727207812,10,
1064,283.068534006,53.2892274,969923.929617,8.08401623719,10,
1065,283.085796486,100.514952,18965619.0822,12.8113298732,10,
1066,283.086025232,121.146381,11670178.5247,0.413494046045,10,
1307,302.064879509,483.072012,1434856.89352,10.1594689238,2.0,[M+Cl]-
1069,283.155238985,106.254273,28182032.8948,9.08070532566,10,
1070,283.191666439,108.045954,18672919.3442,6.36304704047,10,
1072,283.228314556,81.965808,5080065.47821,5.16019152945,10,
2169,403.689330703,105.255,750081.355182,14.9223135383,2.0,[M+Cl]-
1078,284.125366831,505.523451,3826926.78867,12.0279449389,10,
1081,284.742047613,116.40171,864386.02835,4.81710382969,10,
1089,286.102232577,553.393266,2283925.17857,3.74110650078,10,
1090,286.120036905,54.9022638,1081686.94924,13.7587830797,10,
1091,286.121901283,153.344784,1108246.12707,0.0290259330975,10,
1093,286.141005581,453.720228,265883.340071,11.4953445069,10,
1840,358.169917184,107.730084,1828979.43129,9.12095350264,2.0,[M+Cl]-
1098,286.91219924,1615.88292,84092528.2747,8.5237935995,10,
1099,286.912218574,1644.7524,40088114.9948,6.72797342775,10,
1100,286.912252542,1752.35574,22750250.5512,10.0893794357,10,
1102,286.912208098,1296.66738,56870210.2619,10.4899939824,10,
1103,286.912169991,2087.3355,21381483.244,9.37573114111,10,
1106,286.912338802,1811.65428,20936551.0466,13.1961192598,10,
1107,286.912160134,1128.71442,66570868.1364,12.3440500773,10,
1108,286.912170234,1225.64466,70850867.6806,10.2796625792,10,
1109,286.969353013,276.964668,5494574.81665,5.2232310863,10,
1110,287.038846796,106.038084,2910910.7521,6.61210554958,10,
1115,287.911689045,1753.0272,3335008.33575,10.1016366232,10,
1117,287.911680921,1632.32028,8728008.36554,3.7201096382,10,
1118,287.911659555,1538.04114,13921420.0888,13.8954426328,10,
1120,287.91163772,1739.03685,3021853.58624,5.1923450745,10,
1122,287.911670171,1276.19619,18340925.0693,3.24756445338,10,
1123,287.911722817,1880.22558,3412092.6249,8.08732981288,10,
1124,287.911708909,1359.70467,11660297.4088,13.1164389398,10,
1125,287.911787217,51.649479,5852100.2837,7.49641840103,10,
1126,287.911715398,2017.293,3109364.1571,7.04491579428,10,
1129,288.139710461,687.26712,191293.444289,5.09912826021,10,
1130,288.156775684,591.927438,9710581.10497,1.88043614924,10,
2067,387.225340468,511.580268,6381032.27357,1.88127418995,1.0,[M-H]-
1134,288.19718545,98.30883,3186465.23603,4.03848828142,10,
1137,288.90930547,1754.03508,9246173.23568,11.5088590173,10,
1138,288.909262463,1738.23084,8882636.42874,11.9508932073,10,
1139,288.90917245,1248.6636,37991379.1353,11.4989760236,10,
1140,288.909246174,1644.7524,18480172.9103,12.0488342953,10,
1143,288.909359075,1784.52702,9028477.61835,14.8620063046,10,
1144,288.909232244,1663.37592,17563507.2521,0.921932912497,10,
1145,288.909338872,51.1473474,16492627.7374,14.0043304271,10,
1146,288.909343507,1854.13146,11331041.3874,9.85330283368,10,
1147,288.909353687,1901.7375,7323853.72341,4.93189937847,10,
1148,288.909357336,2027.18826,9469058.6051,5.52433452875,10,
1149,288.909333825,1882.30218,13437573.2607,8.42108188707,10,
1150,289.052635072,202.006248,2142542.30414,10.7745622056,1.0,[M-H]-
1152,289.167839015,112.797813,1661923.79375,11.9393378709,10,
1154,289.621211361,103.941366,286457.438882,7.94610565928,10,
1156,289.908783015,1738.23084,1298077.78835,14.4918215963,10,
1157,289.908671656,1178.2953,6931240.137,9.91928802247,10,
1158,289.908721474,1426.8516,5845341.78904,7.66730620973,10,
1159,289.908794697,51.978861,2278929.87956,11.4176982379,10,
1160,289.908691512,1292.20851,4592633.64361,7.64915487752,10,
1161,289.908645326,1118.2083,5590057.35764,0.862057738158,10,
1162,290.060844984,666.21486,1424785.17562,1.89902702162,10,
1163,290.114816227,479.3835,8097054.64388,3.1506294696,10,
1164,290.118260392,518.210016,1636916.21723,5.40184716956,10,
1165,290.136060413,631.2168,6225710.89495,1.73173533785,10,
1168,290.628872702,103.336206,672309.82354,6.28254713831,10,
1169,290.883760181,34.0606635,8021915.5009,14.958955434,10,
1172,290.906179629,1944.22587,644002.475689,14.4736591047,10,
1173,290.905985914,1083.59067,2544605.16965,11.2679326819,10,
1174,290.906012254,1014.17694,1526086.31039,8.98347600167,10,
1175,290.906093934,2000.40948,593824.251556,4.86195321926,10,
1176,290.906210498,1977.68187,547849.270826,8.51638921645,10,
1178,290.905951292,990.40539,2533391.89282,10.2894414706,10,
1179,290.905978008,1182.67059,3887453.50311,1.44737447806,10,
1180,290.90588793,947.4726,2066955.0267,3.05538059671,10,
1181,290.906106163,1878.05436,1317503.46163,9.73314644506,10,
1182,290.906101345,1959.98589,946426.097189,2.65495218352,10,
1183,290.90596265,2093.8269,534927.228441,2.55070569669,10,
1184,290.906243559,2042.44284,841884.24853,9.20528895254,10,
1185,290.905980262,968.74398,2255262.6422,5.03034986887,10,
1186,291.098770064,445.908984,2882003.90237,2.81682034701,10,
1373,308.132956902,108.362322,4426524.58251,12.4616497079,1.0,[M-H]-
1190,291.196886489,100.82895,10433359.9019,8.94916460915,10,
1192,292.042386706,458.778975,590858.749498,7.84599811939,10,
1193,292.072670325,857.5074,426956.099955,9.67929238744,10,
1194,292.097510808,589.176618,459460.596109,0.39606349312,10,
1195,292.102436587,445.911216,420090.819678,6.91792763725,10,
2498,454.171738782,569.852916,1448073.99142,6.33543513889,1.0,[M-H]-
1197,292.115338413,358.043052,848367.234803,5.6144912399,10,
1200,292.169148253,115.371948,733810.609515,5.23291041551,10,
1201,292.200108031,81.441948,1175045.03362,14.4814324877,10,
1202,292.891850138,1904.18118,115804125.557,0.135594587569,10,
1203,292.891872003,1829.37402,135398804.796,1.21885676302,10,
1204,292.89184155,2068.38711,186029562.881,1.60615238603,10,
1205,292.891838794,1972.30794,450311014.555,4.87113054543,10,
1206,293.06218698,100.71243,136696377.082,5.23941567129,10,
1208,293.10636057,70.745682,266502770.345,8.9326129067,10,
1209,293.150984735,328.69518,45427307.3397,4.07086809425,10,
1210,293.151065857,359.112402,37677682.6294,4.54931245637,1.0,[M-H]-
2020,381.251202058,81.230298,9018250.4403,5.25393835249,1.0,[M-H]-
1214,294.029831862,456.655608,5176629.53395,13.8358536963,10,
1215,294.05833091,143.450079,2746893.07347,5.3745729916,10,
1900,366.232110232,81.855444,7884503.65355,10.6377798774,1.0,[M-H]-
1221,294.86434825,90.719997,711123.110651,2.36923915798,10,
1222,294.888455824,1781.83686,3803566.68743,3.41445883303,10,
1223,294.888405042,1601.66265,11241803.5626,9.00599292304,10,
1224,294.888550861,1832.53833,17639648.6694,14.6442190535,10,
1225,295.051729197,143.288448,8451868.88757,6.57108239053,10,
1226,295.058662863,58.0157808,757318705.245,5.33183503936,10,
1227,295.112452369,239.570982,10599721.3074,2.98219391408,10,
1228,295.121760505,68.667996,157592975.992,4.31530893547,10,
1229,295.151075052,577.431405,955388.483597,1.97561213017,10,
1232,295.202947858,144.905199,4240047.75254,2.52624734807,10,
1234,295.227694259,81.441948,63905894.848,2.9390085111,10,
1235,295.264049262,76.243566,26932312.187,2.49045553918,10,
1236,296.051713273,783.29718,807784.325817,7.40757357785,10,
1238,296.100314319,213.075006,16384840.721,7.43637395843,10,
1241,296.231086251,81.379026,11625158.8044,3.73257614952,10,
1242,296.587362643,53.158302,261374.350721,8.88628342517,10,
1244,297.070706594,571.1193,130172.452172,9.64054574315,10,
1246,297.112378621,504.694827,658058.991326,2.75445790136,10,
1248,297.170706606,83.082108,4856309.7801,12.1092412604,10,
2471,450.263050874,383.207454,4359244.94858,5.00035321038,2.0,[M+Cl]-
1251,297.243473998,101.76957,53502001.9693,2.61195256098,10,
1253,297.279715113,75.901665,21871168.7028,0.939228552268,10,
1254,298.082608969,53.1260355,130565.685234,4.95128257723,10,
2060,387.154679034,484.228494,2078883.20676,3.34944467081,2.0,[M+Cl]-
1256,298.17743416,606.66906,13828356.9575,14.5246413678,10,
252,184.822218033,115.825416,6047934.5134,2.22796292622,2.0,[M+Cl]-
1260,298.870214457,133.473708,1383427.56548,4.15261741964,10,
1262,299.006419828,166.530858,14676569.4309,12.9666241191,10,
1263,299.059668365,54.8831613,678128.841961,4.86664311197,10,
1264,299.122563609,552.172467,1959269.14097,3.89526185185,10,
1267,299.14193398,107.100198,11322633.5575,5.5095579797,1.0,[M-H]-
1268,299.197974401,119.679129,3010923.46315,3.14577945562,10,
1271,299.872206138,133.273068,1429306.87742,2.79484575037,10,
1273,300.126103004,100.456455,1845881.8136,8.47134374391,10,
1825,356.17180632,83.733816,25303925.9921,3.15402597004,1.0,[M-H]-
1278,300.192949598,392.076684,69619636.6095,5.12589441255,10,
1279,300.192931597,459.42612,23405437.9403,6.31558608629,10,
1280,300.193027407,473.40651,49119073.4491,1.15207379264,10,
1281,300.192791043,81.965808,1814534.87283,3.12202051107,10,
1282,300.200269433,107.291712,3344377.5243,7.30058843667,10,
1283,300.192985067,438.739836,7577209.41195,5.8070983515,10,
1285,300.869690057,133.63596,688176.434729,1.70602254696,10,
1286,300.870475403,1738.90572,8836800.66246,5.92850791805,10,
1287,300.87046714,1751.6862,7228629.90705,4.30727473445,10,
1288,300.870475335,1666.6791,9817598.42043,0.536285234153,10,
1289,300.870428778,1613.19696,6022825.19382,13.2832008319,10,
1290,300.870283805,1107.63075,1823100.12743,6.16903899184,10,
1291,300.870374465,1552.13778,5750846.9836,0.262551786816,10,
1888,364.951459576,779.16804,65443867.3777,6.42454897418,1.0,[M-H]-
1294,301.151983007,655.40865,5749887.25937,2.57096157465,10,
1295,301.151983377,627.40815,11942901.973,3.68481612783,10,
1296,301.152003047,585.591372,6538608.14776,3.14258059601,10,
1297,301.157905998,103.84581,6325787.11506,6.1593023829,10,
1298,301.160146774,597.431664,451060.548312,3.94301495084,10,
1299,301.177066314,148.012758,1503751.95973,13.0152675201,10,
1301,301.217191104,76.351938,172148773.484,3.43444671472,10,
1302,301.68358016,116.212722,740785.095322,5.01331628032,1.0,[M-H]-
1303,301.869319347,133.232472,1348532.97258,5.41767203919,10,
1304,301.982950425,269.634528,4123992.30996,5.10255544134,10,
1305,302.000901034,573.2283,656238.843521,5.34948057436,10,
1308,302.097172849,554.388768,3806530.56404,4.90437853008,10,
1309,302.099537207,380.38392,9219574.72361,2.04697069159,10,
1310,302.110849201,861.45513,1241890.57131,3.11437296683,10,
1311,302.13211289,123.582924,2395162.53497,12.3151030143,10,
1312,302.142939335,71.09028,68049681.483,4.71181867936,10,
1313,302.151117628,322.459518,59570614.6959,2.62404227177,10,
1314,302.151277096,276.394845,17737060.4693,4.18061024234,1.0,[M-H]-
2769,500.21551076,489.528264,7031985.50271,2.75939884107,2.0,[M+Cl]-
1318,302.172349431,515.882892,25192926.4238,3.23194719565,10,
1319,302.746457,48.8408475,870276.989083,2.6965850754,10,
1855,359.942651395,133.14984,1591057.59715,10.845527659,1.0,[M-H]-
1935,370.97475595,175.748742,99996178.3292,0.636053381459,2.0,[M+Cl]-
1324,303.066013702,206.247504,30531466.3129,5.03531596854,10,
2060,387.154679034,484.228494,2078883.20676,3.34944467081,1.0,[M-H]-
1327,303.119825048,483.392256,3322663.15749,10.0745410429,2.0,[M+Cl]-
1332,303.681640123,116.212722,952402.504,2.66701640072,10,
1333,303.866359766,133.798212,314322.943886,14.9653733756,10,
1334,303.980083303,249.14532,2758867.44472,0.905306270852,10,
1335,303.979843414,269.49714,3320014.6351,8.48102780745,10,
1336,304.034347735,594.96156,1933324.79547,1.52451422536,10,
1338,304.059121434,567.513528,432016.460017,6.23265687318,10,
1342,304.133768172,528.182622,4738933.27325,1.02886142307,10,
1343,304.150215859,130.88271,397444.638103,13.7572176182,10,
2166,403.220250931,589.859685,502735.322138,2.59979102471,1.0,[M-H]-
1345,304.142950649,103.022082,1824287.73176,9.31802716887,10,
1347,304.170906469,81.985425,383619.501472,10.9765199986,10,
1350,304.983107686,153.829965,1370701.70609,14.5524366984,10,
1351,305.018195181,486.998958,4841665.84446,4.54578349514,10,
1890,365.071705698,561.322542,8109514.1076,8.60499995255,1.0,[M+H3CCOOH]-
1354,305.099210854,198.692112,3657373.97783,6.22141930234,10,
1355,305.188778296,103.627614,4981011.49128,5.07699338649,10,
1356,305.248570632,76.555566,49310053.7514,1.91290640346,10,
1359,306.083426632,155.67756,1735570.70051,3.69799900982,10,
1360,306.113208269,542.136498,2041431.27692,10.8536602283,10,
1361,306.113232244,687.8481,248758.918443,3.07336652413,10,
1362,306.130997733,666.47022,1962500.47462,2.5009818455,10,
1363,306.146109899,441.216612,1981366.76903,12.6295138402,10,
1364,306.146093359,480.284421,460043.163568,8.46319292591,10,
1365,306.182032833,105.526431,1224290.41836,21.3598177591,10,
1366,306.678631218,116.078088,329432.372001,10.7978381298,10,
1367,306.968769853,730.52793,139155.929923,1.54387495148,10,
1368,306.994069913,117.82209,14875012.6021,7.54701684377,10,
1369,307.264117612,76.213662,14579245.7936,2.80042305464,10,
1374,308.150076215,191.22048,3529515.57495,5.80829048661,10,
1611,333.082257704,201.94299,4127635.25957,13.1489971117,1.0,[M+H3CCOOH]-
1378,309.056786751,65.033538,135372360.701,6.71445260482,10,
1381,309.207319568,103.022082,67813139.5847,2.92919522672,10,
1382,309.279833722,75.619944,22797309.3053,2.19439278141,10,
1384,310.024917312,318.934368,1119188.58606,11.6229525462,10,
1824,356.15424435,107.806542,772609.122411,9.43648144882,1.0,[M-H]-
1387,310.147283921,191.955465,1005479.1866,6.35102060368,10,
1389,310.904325714,91.693176,14049831.2666,12.7732484742,10,
1390,310.934707502,743.8542,5489416.67525,2.31577415484,10,
1391,311.117145566,81.543072,78646525.4586,7.37821867028,10,
1392,311.12794475,455.105847,505407.390925,0.310551633666,10,
1393,311.140818853,153.939966,4609091.9619,7.78577545024,10,
1394,311.168883622,1541.99145,16447655.5568,1.27790520931,10,
1395,311.169057873,1781.50578,68521777.8267,3.37592389285,10,
1396,311.168803695,783.82539,6331784.94426,1.11572207489,10,
1397,311.168775924,1154.547,20499416.3285,2.91173106788,10,
1399,311.169025585,2049.35052,101112809.075,12.451888159,10,
1400,311.168927329,1921.13187,67471866.4816,10.7354329864,10,
1401,311.169015018,2025.8379,89889913.8254,13.0221762191,10,
1402,311.168975003,1601.99841,20965389.4632,10.7057516131,10,
1403,311.168902336,1520.48922,16339903.5469,4.3593552334,10,
1404,311.168949041,1028.31015,11326995.5756,6.38997759642,10,
1407,311.295561743,75.762522,55914073.8829,1.4394386753,10,
1408,311.923865344,116.113071,227925.214518,2.90524565498,10,
1409,312.118177058,693.92748,192250.03366,0.464172508425,10,
1413,312.926397159,115.951752,2714214.73845,3.58636780594,10,
1414,313.042078345,100.514952,733115.940851,9.60116569554,10,
1415,313.133041476,243.857226,41094131.3513,0.678599120695,10,
1923,369.245227459,55.350606,11610842.3929,13.9736884855,1.0,[M-H]-
1421,313.213854498,116.212722,7018006.27214,7.80374631912,10,
1423,313.696267291,115.500684,557257.47603,6.41617459368,10,
1424,313.931325291,1705.43958,10194675.0355,14.8634178745,10,
1425,313.930979771,1921.28172,999464.828067,12.200496103,10,
1426,313.931230217,1574.26644,30260818.3864,5.69169454981,10,
1428,313.931288589,1637.83278,40422434.0733,6.62719651355,10,
1429,313.931281062,1600.65138,29231468.3618,7.73031937265,10,
1430,313.931125045,1221.95826,17310898.3916,14.8484779799,10,
1431,313.931171411,1321.56564,18537562.5668,2.92722787531,10,
1432,313.931100177,1847.57604,965443.302202,13.1479481995,10,
1433,313.931320286,1769.47215,2679756.10937,4.16756294476,10,
1434,313.930974228,2001.50685,1167863.43729,13.9930743499,10,
1435,314.115098212,337.805808,6378760.05818,4.47967256077,10,
2560,463.256518795,276.872418,9170662.59001,2.85493605951,1.0,[M-H]-
1437,314.20890707,441.88674,24642958.173,5.05426386488,10,
1438,314.208790106,320.978424,305733077.818,12.835660253,1.0,[M-H]-
1439,314.84948572,115.53264,464388.532249,8.06790700567,10,
1440,314.873743162,1723.07556,755177.532802,7.95168530678,10,
1441,314.873892632,1768.7742,1411992.58714,6.95995333855,10,
1442,314.87377938,1381.4847,2143113.70902,12.1947171832,10,
1443,314.873964876,1615.88292,769820.41146,7.54340695915,10,
1444,314.873803087,1039.29942,2182640.57307,12.4386590309,10,
1445,314.873816906,1403.2134,1685580.98804,12.1862642899,10,
1446,314.873884763,933.49896,1732714.65204,11.1094317119,10,
1447,314.873706223,1288.7376,2212285.2558,4.45404755291,10,
1448,315.058494573,428.485026,1387703.67553,5.05858504383,10,
1449,315.092780326,693.33978,772427.018903,7.92264439624,10,
1451,315.121742208,124.226745,692359.416635,10.5955824279,10,
1452,315.167863739,623.59542,10957758.1507,1.08531930443,10,
1453,315.1677847,536.983458,6584839.70705,1.04483579502,10,
1455,315.193147832,136.405722,1217040.92235,10.5206416631,10,
1456,315.212123311,442.010862,3812104.40378,7.02098178996,10,
1457,315.197023398,102.904812,5435008.39479,2.2235740421,10,
1458,315.919102232,116.11407,479001.851713,9.56844532362,10,
1459,316.070987781,121.584978,3892276.69409,10.0789716708,10,
2311,424.185214804,275.448579,2662153.79584,7.83578482586,2.0,[M+Cl]-
2647,476.251658325,440.881488,3806430.01906,3.26894236258,2.0,[M+Cl]-
1464,316.187842823,459.749622,141730497.119,9.1270908794,10,
1465,316.187840783,484.228494,29086081.7136,4.12477071186,10,
1467,316.926357618,1998.78702,1396152.5049,14.6644980085,10,
1469,317.055057261,668.05662,4075527.20357,1.92630864504,10,
1470,317.074383437,121.474851,404367.064101,10.4546173513,10,
1471,317.078995887,87.101991,4619798.5807,14.8626138285,10,
1473,317.142828363,98.756991,613986.335007,2.29324484775,10,
1474,317.175063542,83.886156,944621.421535,6.31532168435,10,
1477,317.191411203,484.228494,4231008.24709,3.70753204789,10,
1478,317.212392436,101.334555,7852273.84026,2.68779889575,10,
1479,317.993538458,125.134071,579167.967201,14.149562752,10,
1481,318.062851249,81.203361,7858585.8563,1.78062198985,10,
1483,318.149433737,433.949742,5329399.06338,7.97451969541,10,
1484,318.149450754,449.480859,4035841.49613,13.1580556554,10,
1485,318.158256119,102.781164,3859734.22827,3.96758870259,10,
1489,319.050694676,668.13624,137086.738415,8.57123201812,10,
1490,319.054970143,484.221489,654645.997776,0.420622471551,10,
1491,319.108509759,595.64544,6634304.82248,0.965230857934,10,
1493,319.182991753,639.32769,334282.310863,3.80897596926,10,
1494,319.252197092,252.610128,190056.286451,5.54312099429,10,
1495,319.684412059,639.50211,98617.8322464,3.03644477745,10,
1497,320.146605606,637.5177,6204863.42027,3.68274931221,10,
1498,320.235158336,49.006035,454904.728934,4.40391816485,10,
1499,320.997109639,757.8855,661233343.788,11.6310084296,1.0,[M-H]-
1500,321.009606051,112.5177,17760298.6889,12.7930158278,10,
1501,321.014931338,54.8640588,618650.793135,13.7555751685,10,
1502,321.13060478,645.10488,190155.613022,5.42143773377,10,
1504,321.220154275,101.965944,52970208.5968,4.17627045017,10,
1505,321.254963287,404.041209,208055.291272,8.34598328787,10,
1506,321.255105187,207.779976,2206724.81177,5.72135743543,10,
1507,322.013173037,112.394316,1860141.23931,0.436224577172,10,
1508,322.061098298,467.916882,24156486.9131,14.5739731056,10,
1526,324.100865247,119.720298,2272363.60483,14.8044184374,10,
1511,322.1079977,80.8908,354214.711845,14.7531429997,10,
1512,322.125422346,112.838208,3121499.42082,7.34734007186,2.0,[M+Cl]-
1517,323.007561987,112.5177,17345588.8088,13.1797257528,10,
1518,323.12863057,112.91418,381083.459082,2.43208139307,10,
1519,323.169327389,49.5006009,983777.136963,10.4118895216,10,
1522,324.01110656,112.5177,1749385.6197,12.9936548989,10,
1523,324.037313658,678.42789,210586.112961,0.631665186734,10,
1524,324.064343209,115.211262,196357.024191,2.23601836469,10,
1525,324.08726728,309.274593,952309.468271,10.934584392,10,
1528,324.158264691,103.022082,3024799.50974,5.66572481127,10,
1529,324.157033585,84.279486,361925.466961,1.50341291378,10,
1530,324.240774239,384.242082,445949.752404,12.9464671878,10,
2017,381.174607946,105.844584,1137941.19718,11.6470389754,1.0,[M-H]-
1537,325.096393112,90.640062,41315527.9533,5.08208377473,10,
1538,325.116288188,97.993212,358455.237086,13.6075345769,10,
1540,325.202067918,100.82895,59449039.5568,5.5131708893,10,
1542,326.035793724,284.566581,11378446.6983,11.9699314432,10,
1543,326.099627041,91.167009,5049000.27481,7.94033456254,10,
1545,326.179654037,108.045954,2070738.51245,8.80036992783,10,
1548,326.278605204,103.336206,328895.310443,11.9455491265,10,
1549,327.011841158,678.61032,259895.771503,6.14681295734,10,
1552,327.046643056,639.36756,451786.831406,2.90955762257,10,
1554,327.135525277,239.434998,14660759.3005,3.53235974312,10,
1555,327.154543153,123.699759,420033.871771,7.57263307837,10,
1557,327.218196053,138.996234,35595109.6318,12.698814964,10,
1558,327.240391308,467.502312,1135035.01387,6.53352248336,10,
1559,327.981463574,166.853727,771848.265036,14.8639772196,10,
1562,328.045511776,454.862388,4405496.0205,2.44576035551,10,
1564,328.224453394,312.41481,38467148.9747,8.8187513595,10,
1568,329.049182161,455.03442,409526.838302,6.34530545804,10,
1569,329.054053766,549.841485,210611.556045,0.65569089869,10,
1570,329.081366848,78.84408,55751367.9765,5.91009389272,10,
1571,329.152869147,103.095414,44675082.3972,8.349704675,10,
1572,329.165636583,45.5442294,2393405.50719,1.76029018333,10,
2748,497.204385409,594.464439,234063.33803,5.84570670026,2.0,[M+Cl]-
1574,329.183461513,568.86201,15386949.7691,1.01660084171,10,
1575,329.189143881,101.965944,27836063.0664,5.74729513308,10,
1576,329.190728748,178.937616,36177549.5836,5.37906311581,10,
1578,329.227981121,291.347142,21745289.4533,8.64962845282,10,
1581,330.175024563,151.659864,63013913.625,6.38316052664,10,
1582,330.174877751,165.23574,63005240.079,5.36368701187,10,
1583,330.174975146,128.29923,55865776.6823,9.76551330401,10,
1585,330.203771338,424.845342,170028591.861,8.57200287659,10,
1586,330.203756568,448.983486,75632413.5735,8.98729089787,10,
1587,330.265420442,144.516096,2978705.70872,6.12288549406,10,
1588,330.964603772,89.907942,2177393.77349,7.8659533976,10,
1589,331.134522719,595.379418,224710.879322,6.31725724587,10,
1590,331.133197384,103.409418,1772830.13376,2.97391150411,10,
1591,331.162673235,678.25221,8548397.43163,0.721884152906,10,
1592,331.186032287,102.083196,7018560.76147,7.37374060527,10,
1594,331.20450894,101.76957,13167800.1284,3.74407976414,10,
1596,331.668015847,102.904812,1976187.72957,13.97847707,2.0,[M+Cl]-
1598,332.083852726,726.17661,205793.696171,0.22203802835,10,
1599,332.093950411,493.185819,710810.679148,1.69668665283,10,
1600,332.128876912,676.49124,757525.257362,2.21500027196,10,
1602,332.165248602,312.225516,18201474.0588,11.3466503497,10,
1603,332.183025586,525.515748,15624235.5321,2.34976125109,10,
1604,332.174210893,102.46791,23315464.5693,3.4856867337,10,
1605,332.183134287,505.090536,16815065.7681,1.1124352464,10,
1606,332.194747499,191.546358,1269514.46739,2.93070279242,10,
1608,332.478729478,267.109704,736379.070727,7.75484648339,10,
2663,479.17080149,175.431744,20361730.7641,10.3191305124,1.0,[M-H]-
1613,333.122505879,480.870714,6818158.52103,2.26613235037,10,
1618,334.036690439,81.441948,3607395.58672,5.01434127305,10,
1620,334.125524736,111.239322,28097805.3534,6.1635431938,1.0,[M-H]-
1621,334.177643475,441.88674,11767819.3862,2.10287445656,10,
1622,334.177568524,288.673536,79042565.1671,4.32500463998,10,
1623,334.188597437,420.628836,123070.931446,10.8147861871,10,
1625,334.252407253,138.57396,2266467.05879,0.631274051009,10,
1627,335.060153433,106.097835,1509056.23529,6.52855767778,10,
1629,335.136440331,532.838154,3240076.51944,3.03579264097,10,
1630,335.136449549,555.672474,776336.050085,4.48783986144,10,
1632,335.147800937,108.495939,646914.664068,14.8486361809,10,
1633,335.181100105,441.778593,2047365.90972,0.939557050284,10,
1856,359.967068983,133.838343,514396.519219,8.8317296348,1.0,[M+H3CCOOH]-
1636,336.061028783,597.727932,498144.57148,2.76935669929,10,
1638,336.156985392,499.530882,353551.990082,3.78067149789,10,
1950,372.193432327,472.73901,355752.665475,2.20984440685,1.0,[M-H]-
1640,336.169769678,108.141264,606771.814963,11.0646568105,10,
1642,336.971331051,749.91798,224085706.386,5.55233408978,10,
1643,337.009871797,115.176666,1710735.83694,12.2765616467,10,
1645,337.044706992,488.098803,832850.552869,0.400526640279,10,
1649,338.109941868,572.395092,181607.852229,0.226787889719,10,
1652,338.18023459,121.02867,3899745.68923,3.54506529793,10,
1653,338.929536444,744.12687,3190924.8087,6.80431822981,10,
1654,339.265475387,103.53195,2157428.92064,5.33316007927,10,
1655,339.945251538,116.438313,417836.868979,0.0452356724744,10,
1656,340.011403245,678.66915,59112.3687062,8.44904953025,10,
1657,340.098042892,236.059053,2163513.80872,3.70391367003,10,
1658,340.11838823,84.122673,375821.215289,2.35133839399,10,
1659,340.138121098,157.49298,1306267.91243,9.7019113723,10,
1660,340.176859483,103.022082,1463847.17496,7.72577625987,10,
1661,340.188117552,301.065165,8344305.74151,5.88489865976,1.0,[M-H]-
1662,340.195267267,117.573501,1126795.79531,0.649562164709,10,
1663,340.244124769,131.97669,2616733.98267,11.2830070647,10,
1665,340.28562419,71.95416,79522592.3319,0.171248299945,10,
1666,340.983376351,115.091334,681795.720631,7.48628544046,10,
1670,341.07369429,101.213166,10820904.2582,4.27177592192,10,
1891,365.113822797,83.845812,840316.903495,12.3116026512,1.0,[M+H3CCOOH]-
1672,341.160784766,102.278574,16565692.8256,5.59136688011,10,
1674,341.237006672,251.009916,838856.802532,0.637391375259,10,
1675,341.244918844,109.194438,5866001.36212,1.60175612062,10,
1676,342.148205295,105.724704,2888759.79477,7.52566566119,10,
2127,399.219477508,54.4129734,190984.938587,1.67443117038,1.0,[M-H]-
1678,342.211482217,115.814769,980415.692001,7.20952631872,10,
1679,342.240230984,218.615508,52932567.7774,6.99599195064,10,
1680,342.240181439,231.938634,37510950.3338,2.89208906839,1.0,[M-H]-
1682,342.240034806,276.55716,10483277.3412,7.90490890477,1.0,[M-H]-
2409,440.853411145,778.85064,2823650.43359,13.1058835015,1.0,[M-H]-
1685,342.981549433,115.535325,596010.766327,10.5751831942,10,
1686,342.996396173,155.946948,2983220.75492,6.06466464228,10,
1687,343.020549688,639.67749,141981.118724,8.15570644316,10,
1688,343.025110771,319.514667,847406.486891,5.68760549765,10,
1689,343.126177871,636.05544,525726.677936,0.229385500571,10,
1690,343.1989707,512.638143,20480527.3575,4.01716997156,1.0,[M-H]-
1691,343.2240835,124.135602,9606333.84972,11.7435378449,10,
1693,343.250551457,105.03849,2441614.68791,3.04323240262,10,
1694,343.243827752,252.650556,3423949.27619,3.69946383509,10,
1695,343.252945166,246.006618,284790.451097,7.37043325625,10,
1696,343.285328867,76.782864,12892123.9989,14.6591351349,10,
1697,344.040580245,587.343354,2193358.19379,0.514470032349,10,
1698,344.08724147,117.697086,575659.835013,10.6886242134,10,
1700,344.132936047,720.71238,515860.773761,3.44556830922,10,
1701,344.190579226,131.206212,5728848.96115,7.14022779733,10,
1702,344.198468558,112.363962,16140143.3301,12.1021311419,10,
1703,344.219459281,354.652572,91351308.1226,4.89118110871,10,
1705,344.281101323,141.212517,632480.206168,5.7803779527,10,
1956,373.010826166,770.21376,21878016.6816,10.2708400649,1.0,[M-H]-
1707,345.057355845,116.150052,974225.310198,10.9143861206,10,
1709,345.103003916,709.59984,354328.184478,5.93293714568,10,
2231,411.108237861,232.094604,48319115.0023,10.8352311279,2.0,[M+Cl]-
1712,345.147745088,103.217934,16960404.1697,4.99126769211,10,
1713,345.174121052,97.678704,17556088.1978,9.32443251879,10,
1714,345.173892503,78.735684,25345451.1955,13.1923531183,10,
1715,345.178325667,647.10102,3340000.16648,1.5671357155,10,
1716,345.178347214,603.9534,23655803.8461,6.4139320422,10,
1717,345.178297759,560.429256,14169207.4502,9.23621596702,10,
1718,345.178342085,619.10517,12353059.0957,0.732076761068,10,
1719,345.197576958,83.886156,1974299.39102,3.94710546091,10,
1720,345.210894646,108.996078,1269590.08392,7.12270703635,10,
1722,345.268330657,243.683898,1166562.30659,2.02512554998,10,
1723,346.030162335,112.876194,747647.333193,5.71735854488,10,
1724,346.084971646,118.02072,581157.143684,3.63956942803,10,
1726,346.123327262,112.957932,247270.800976,10.4757733814,10,
1727,346.141127489,401.415702,538115.349071,8.91845163419,10,
1730,346.180682365,281.930652,18963919.8161,4.63836810187,10,
1731,346.190666291,121.904718,1898457.56899,14.9034195289,10,
1732,346.878996001,1575.22578,14121860.3516,13.3820532363,10,
1733,346.87909145,1664.21016,9881770.87023,7.785712583,10,
1735,346.878990495,1367.96328,20182700.6312,8.38977371251,10,
1736,346.879032278,1769.4621,1667623.93307,8.89959687246,10,
1737,346.879001074,1512.90666,10787113.2997,6.90100822677,10,
1738,346.878963671,1783.33182,1940878.60734,8.5499153101,10,
1739,346.878991363,1754.19222,1972545.4837,2.9623159255,10,
1740,346.878911191,1339.39077,15422475.535,11.5033640916,10,
1741,346.878963069,1321.0044,24572598.8957,13.1436427822,10,
1742,346.879101185,1645.12755,9696315.65969,12.5276495711,10,
1743,346.878958638,1104.70968,14202736.4277,3.6541826475,10,
1744,346.878864243,1132.44837,16358216.7201,13.398864632,10,
1745,346.87895798,1082.85564,18862343.5341,8.72207662653,10,
1746,346.878996126,1832.70264,2261227.00094,11.4036287659,10,
1747,346.878903418,1220.19666,13862993.2638,4.91868511588,10,
1748,346.878908026,2013.68268,1908637.32362,0.0465180217574,10,
1749,346.879011216,1418.65782,14923102.5579,5.81487414671,10,
1750,346.879084549,917.65101,6845516.10569,1.93770455271,10,
1755,347.265635295,243.528372,303875.125493,3.83665144351,10,
1924,369.268400307,242.553762,8752452.9996,2.03047733783,2.0,[M-H+NaCl]-
1757,347.995278386,435.498246,65249472.1039,11.4059015792,10,
1760,348.160139198,437.519118,13073522.6947,6.22334841816,10,
1761,348.179621852,130.943565,146083.772626,0.757046362622,10,
1762,348.193085475,403.114968,26281362.1792,3.45209133217,10,
1763,348.231094643,77.855382,3146637.55719,9.71608493766,10,
1764,348.287512702,242.880384,365236.847893,1.58961926311,10,
1765,348.87601603,1705.43958,2257460.58564,14.1397555602,10,
1766,348.876014108,1663.86366,4430317.3008,2.33449309881,10,
1767,348.876049863,1783.00074,697511.064347,4.12741756339,10,
1768,348.875971417,862.38753,1698466.32069,0.863987655733,10,
1769,348.875868554,1512.41379,7032405.06772,11.6524384008,10,
1770,348.87615528,1769.29611,798935.587725,7.76828308335,10,
1771,348.875767788,1906.31862,1337076.66282,4.09620202104,10,
1772,348.875919856,945.7065,2542988.91328,4.18355146037,10,
1773,348.875820169,1544.47707,7115321.27285,10.9032257847,10,
1774,348.875844532,1879.4118,2569722.74458,12.8069537578,10,
1775,348.875758844,1175.46441,7833674.78445,14.8585796457,10,
1776,348.875706264,1131.45867,15509464.8559,9.13784074262,10,
1777,348.875924665,966.31287,4533870.44224,8.03039099148,10,
1779,349.104554077,125.729214,6609725.24097,9.42525562044,10,
2141,401.088203596,108.045954,5902972.37974,3.36147695545,2.0,[M+Cl]-
1782,349.144124908,477.976815,159087.485745,2.36488296314,10,
1783,349.159802467,103.120008,1097568.29235,1.37983432538,10,
1786,350.151175135,177.984096,7092290.53351,4.17137901011,10,
1788,350.155973873,106.78569,1823015.43712,7.66211628176,1.0,[M-H]-
1789,350.172562857,501.43839,3465425.49328,10.2532325861,10,
1790,350.172526967,364.360497,11021651.5954,3.2167816493,10,
1791,350.172474857,426.816585,5734680.98954,0.536588443297,10,
2265,416.256180166,110.351058,617738.630239,0.841370826094,2.0,[M+Cl]-
1795,351.08886818,208.654062,14940239.9057,9.08502553864,10,
1796,351.121827094,109.090893,153453.312381,7.62527862313,10,
1797,351.135110125,47.6874105,483541.100463,1.76658325764,10,
1798,351.166667502,630.63654,232736.757719,2.61629923724,10,
2371,436.124365931,486.264555,883555.551779,11.0191899342,1.0,[M-H]-
1802,352.078389284,147.806088,503624.911507,8.55962788219,10,
1803,352.153642512,106.978086,590939.729746,10.8360931163,10,
1804,352.164621549,460.559481,14683435.1164,9.30305826359,10,
1806,352.216501219,102.083196,2901171.17097,6.40967961639,10,
1807,352.216003642,82.592316,3565593.54405,11.263952275,10,
1808,352.260622976,104.279082,2374393.10229,10.0503434843,10,
1809,352.945263002,744.77748,171657992.152,2.19317080476,10,
1810,353.155428379,492.488154,1264670.61421,0.758064602971,10,
1811,353.178076278,103.723164,531724.420367,2.77060776117,10,
1812,353.200986557,1791.78636,1175375.36919,11.4747335268,10,
1813,353.200536546,1828.8411,1131566.2947,4.46224187519,10,
1814,353.21726434,2043.6,648968.133261,13.0153940144,10,
1816,354.203896841,232.579392,15755883.9808,12.0456031921,1.0,[M-H]-
1820,355.260604589,106.978086,22007333.8185,6.83744947726,1.0,[M-H]-
1821,355.32216912,102.216498,1115532.35949,12.5281144546,10,
1822,356.073018021,116.18019,279365.870562,13.4469019267,10,
1826,356.171969111,103.022082,9680900.60208,4.87613613791,10,
1827,356.255964987,184.375866,43154304.8736,6.0407178759,10,
1828,356.263777115,106.157586,7304609.08947,8.53787826046,10,
1829,356.98347844,264.645876,8477541.743,0.158244971894,10,
1830,357.001444705,561.378351,910523.332978,1.98056544969,10,
1833,357.175311421,83.653113,4364068.80623,10.6964843208,10,
1834,357.178403165,742.51062,1482973.70594,4.4702178527,10,
1835,357.214716312,440.881488,58899060.3502,2.85400675611,10,
1836,357.214779504,519.154992,19840699.6836,0.400259669793,10,
1837,357.239888165,277.280424,7572993.58794,10.4368490926,10,
1838,357.970116609,133.273068,966981.818308,5.29936810429,2.0,[M+Cl]-
1839,358.116221191,139.124178,1033315.91252,6.84070898529,10,
1841,358.177613371,83.709111,360466.955546,11.9147401822,10,
2555,462.257353325,84.046566,2241398.15632,6.17529719662,2.0,[M+Cl]-
1843,358.297051454,138.736137,2039953.24942,6.27142977176,10,
1845,358.946420685,783.5214,8070237.69488,3.49089839678,10,
1846,358.970904774,153.769845,1159859.86316,5.23261871366,10,
1847,359.11392258,550.412394,1068078.75792,10.8997142414,10,
1848,359.119057741,614.56437,251834.942634,2.43395979889,10,
1849,359.172853957,459.427353,1213217.1157,0.85674126628,10,
1850,359.194161247,602.18868,23032411.8693,1.54766704422,10,
1851,359.199820684,103.313682,3347637.09236,10.2986498566,10,
2647,476.251658325,440.881488,3806430.01906,3.26894236258,1.0,[M-H]-
1853,359.270802881,412.785858,1879283.80357,5.3202089478,10,
1854,359.6839395,93.477078,250192.927477,7.9104027538,10,
1857,360.020853254,118.748664,2959056.11443,10.7867771439,10,
1858,360.072055447,568.41981,8708713.53553,0.186433191415,10,
1859,360.106938676,720.71238,336688.147017,1.2795153582,10,
1860,360.193574506,139.642734,5713112.33976,11.27246022,10,
1861,360.196708913,232.258644,10452938.3218,8.41450521426,10,
1862,360.274333946,412.785858,425105.71178,4.20928312565,10,
1863,360.944675785,133.273068,1629086.28805,14.7016005786,10,
1864,360.942173403,55.0391604,434252.931422,3.05065436124,10,
2455,447.134688138,104.977788,2127100.12514,6.12700659574,1.0,[M-H]-
1867,361.17920474,100.514952,9404936.34662,9.58096448003,10,
1868,361.286666092,428.1297,549826.343159,1.22351311739,10,
1872,362.981992148,782.02857,8250093.14251,4.02223173449,10,
1873,363.006195645,279.49143,3986403.10169,9.22337726111,10,
1875,363.295339061,132.401577,1854736.34671,3.45645449486,10,
1876,364.188263536,382.911702,39881456.8108,4.27048545551,10,
1877,364.188305015,292.621134,66231560.149,2.88325479161,10,
1878,364.188832009,467.928105,591181.88011,2.96224110352,10,
1879,364.201117865,290.277273,35063503.2391,5.44201064063,10,
1880,364.250103788,116.474916,301928.406292,5.01774481742,10,
1881,364.88950329,1511.59476,45839581.6355,14.5039364999,10,
1882,364.889576473,1680.54834,14899836.5074,10.584115831,10,
1884,364.889493123,1327.77564,34464646.5307,6.44958506666,10,
1885,364.889550942,1601.32509,41467838.377,1.03198104262,10,
1886,364.88956857,967.57017,23381770.5931,8.40157521659,10,
1887,364.889413698,1058.35254,32315976.6823,2.24956420734,10,
2992,541.29284403,101.021307,709259.143105,6.66318382165,1.0,[M-H]-
1897,366.197744921,277.813272,2948916.3218,13.8543898755,10,
1898,366.215022261,570.5499,2328694.98019,2.86908511599,10,
1899,366.232156668,101.6532,5269711.61502,10.7055701905,10,
1904,366.886397715,1576.5294,19875046.4962,11.0109501385,2.0,[M+Cl]-
1905,366.88631543,1229.60391,15161888.4054,1.56013211176,10,
1906,366.88640012,1601.49528,18728990.6815,10.2503269279,10,
1907,366.900809556,54.8640588,4501352.95589,9.80469380043,2.0,[M+Cl]-
1908,367.136228105,703.53423,146102.443562,9.11801204926,10,
1910,367.188484837,132.826092,582719.753204,10.7080654131,10,
1911,367.216001219,77.3214,24812895.8805,5.96636374383,10,
1913,367.235234678,81.965808,1153694.72451,9.40965190282,10,
1915,367.281901238,125.780448,1238165.10325,2.49305605169,10,
2758,498.399503568,105.218712,1809909.06191,3.41528699493,1.0,[M-H]-
1917,368.046267384,561.594159,2077088.02239,6.76351253485,10,
1919,368.275441213,125.729214,1797914.09733,6.39332852713,10,
1920,368.2860138,154.476573,1409269.01379,0.590358819718,10,
1921,368.317324758,103.627614,406507.312041,2.95342807824,10,
1926,369.901266949,54.4129734,461360.44761,0.242240671131,10,
1928,370.154074634,287.780268,25568350.9327,0.579095828977,10,
2722,490.281855647,54.5900052,523177.844196,7.78823928096,2.0,[M+Cl]-
2040,384.276150666,207.293169,5005656.5578,0.808505568169,1.0,[M-H]-
1932,370.278768022,104.59233,3677491.29151,6.93288283191,10,
1933,370.283045082,154.638399,860241.108747,2.67303337569,10,
1934,370.894655856,54.7559082,1340151.33023,12.5999160492,1.0,[M-H]-
1936,371.077726514,102.999549,492187.674248,4.81570819774,10,
1937,371.0904022,125.293698,506878.843949,0.239172327872,10,
2412,441.203215334,54.7559082,3179520.34638,11.7839041877,1.0,[M-H]-
1941,371.241618442,675.44796,999715.261956,1.38263058581,10,
1944,371.283951313,238.728252,4643947.85272,3.03727713709,10,
1945,371.291735717,475.739754,357682.461106,5.09402293481,10,
1947,372.114221493,687.49662,114471.827408,9.17458047337,10,
1949,372.149123087,117.697086,1578661.41874,12.9794321872,10,
1951,372.193141379,436.896642,102199.330223,12.191264042,10,
1953,372.268440825,242.880384,502123.369373,10.2150884112,10,
1955,372.990792253,198.817794,2059992.05348,2.97253290722,10,
1957,373.162945624,100.927701,558302.834691,10.5599138546,10,
1958,373.188539516,307.515162,13925921.6744,0.482982820684,10,
1959,373.209878107,121.787133,2186066.28211,3.65175163407,10,
1960,373.209623097,548.027415,9401770.69824,6.19558805167,10,
1961,373.209655607,562.715358,8070318.12607,0.502704006742,10,
1962,373.215912119,103.96434,7633509.47586,5.625858288,10,
1964,373.299539536,235.743378,3914410.67428,2.17191589135,10,
1965,374.068085056,123.908628,417635.459045,8.36019199757,10,
1967,374.120335929,123.816846,5583702.47305,9.5353327144,2.0,[M+Cl]-
1968,374.156428551,121.264092,1338811.67939,11.7472382189,10,
1969,374.208758099,324.156795,65652913.4913,1.47981489641,10,
1970,374.284302663,239.312868,248775.65247,0.3025518045,10,
1972,375.079343134,115.45782,399579.344819,7.40321466043,10,
1973,375.0898045,501.542988,250926.722409,10.3082778899,10,
3053,555.221020583,105.844584,51247127.5745,8.34669793905,2.0,[M+Cl]-
1975,375.15241445,83.258784,383369.033545,11.2982554772,10,
1977,375.315271916,236.09496,465808.709316,2.14304329054,10,
1978,375.657881762,106.724772,531005.816149,2.98373982446,10,
1979,376.008713437,106.35096,2231773.24375,1.10386232588,10,
1980,376.066710728,641.3601,187086.26859,3.3120155811,10,
2937,533.181356457,276.649302,6031394.4602,8.18287304231,1.0,[M-H]-
1983,376.129805656,636.9453,342288.558309,1.43847585831,10,
1984,376.153490562,120.866436,283201.619097,7.91334608003,10,
1986,376.172519621,117.473625,460835.496263,1.49842834167,10,
1987,376.224703543,156.33981,47159145.1859,9.39813153769,10,
1988,376.235749925,367.944828,1674913.46721,8.39268632493,10,
1989,376.299333911,159.829515,434775.82438,6.56854482965,10,
1990,377.006639719,177.650988,5959176.59684,13.2475476082,10,
1991,377.086007967,663.77547,7220387.41026,10.8379097671,10,
1992,377.175416127,84.159438,699780.952111,10.425929738,10,
1993,377.19016739,105.844584,2994374.93522,6.7065230656,10,
1994,377.201074856,83.966361,406498.912081,7.37923656105,10,
1995,377.228276629,155.67756,9489960.95928,6.25198743136,10,
1996,377.245287279,164.824152,2843123.2517,2.25831494693,10,
3330,635.344444906,103.21581,467524.3294,10.4022059094,1.0,[M-H]-
1998,377.281363027,455.660232,511336.957618,3.68853303252,10,
2000,378.006730441,106.35096,2234772.69778,14.7286804957,2.0,[M+Cl]-
2001,378.132747114,125.189076,3690022.9887,11.481118046,10,
2003,378.203636206,318.039414,100358388.422,12.0413589442,10,
2005,378.21722499,252.481068,9487215.64119,7.12262343314,2.0,[M+Cl]-
2006,378.231503989,77.90907,19910073.2987,9.53436730318,10,
2007,379.136084078,125.299209,576963.672929,8.4524048513,10,
2008,379.29686784,451.376604,157622.043641,11.0194277366,10,
2009,380.183040436,445.369242,3733966.58387,4.07542469848,10,
2012,380.230614379,532.176522,1819656.09832,9.37121704721,1.0,[M-H]-
2013,380.247802714,101.142822,29496992.0155,7.49231248527,10,
2014,380.92561901,778.00062,26314879.2632,5.23850738692,10,
2015,381.046405965,561.322542,3420146.87207,3.4614739512,10,
2018,381.172899027,54.4954935,165526.139145,11.6024734473,10,
2019,381.188284317,550.070154,9302550.85155,10.4327644015,1.0,[M-H]-
2021,381.264969598,101.142822,11680503.9546,7.15250920091,10,
2024,382.243452708,81.230298,1813128.02561,8.09084247463,10,
2026,382.254293875,81.359925,558384.04861,13.4966123623,10,
2027,382.921997356,778.37895,2430593.27415,3.54693165432,10,
2028,382.974747378,458.454597,489264.576284,12.288112338,10,
2029,383.190096974,104.941494,786298.862301,1.89167860767,10,
2030,383.220731283,100.514952,1334617.77428,11.742906192,10,
2031,383.230483925,502.875,10740260.5705,5.75394204915,10,
2032,383.230441432,544.963056,11970877.5098,0.790495198311,10,
2033,383.284183893,262.070394,1572571.96817,1.30966515943,2.0,[M+Cl]-
2034,383.328353018,447.4119,152654.150651,0.95187262479,10,
2766,499.364294346,99.885318,553120.427152,10.0387512268,2.0,[M+Cl]-
2037,384.147224319,604.2342,1078352.80735,12.5754555709,10,
2039,384.251132007,192.85137,6545937.38203,10.0090629419,10,
2041,384.287647987,261.405012,299038.520211,5.99415359117,10,
2042,384.294580369,103.84581,1275752.24002,8.66869955875,10,
2044,384.699814441,105.291288,853775.954452,10.3222801523,10,
2045,384.990978402,144.218904,2338094.71548,4.86428944097,10,
2046,385.042484555,139.707024,1049099.87053,7.90542048155,10,
2047,385.140689754,53.123973,219865.119674,11.4191533595,10,
2048,385.209779906,611.79594,5283689.27227,2.21846042662,10,
2049,385.245997391,456.83271,7320864.94002,2.79930414255,10,
2050,385.254528266,193.260165,1100810.59066,4.61564153277,10,
2052,385.307533446,470.727366,560539.865067,4.48220263439,10,
2053,385.299957856,257.574978,702218.207629,2.43112085053,10,
2055,386.195289326,124.45347,2821709.53907,12.769603648,10,
2056,386.311168838,470.837676,77415.2736349,5.7344264603,10,
2057,386.986190392,153.829704,746679.308315,11.9896700364,10,
2058,387.039454817,87.18006,14697452.1155,12.3892984075,10,
2061,387.189024704,515.22114,6066399.71475,1.39353070008,10,
2062,387.199360771,124.551948,487242.182034,9.4273832314,10,
2063,387.204149425,275.703906,41727639.5433,2.40426314157,10,
2064,387.225203336,529.687152,17422315.0847,1.08370610925,10,
2350,431.251275343,462.509112,11148990.1713,4.31258493802,1.0,[M-H]-
2066,387.225391705,544.775904,6126113.20469,0.575244840413,10,
2432,443.251456208,480.122739,3079134.95546,3.649374984,1.0,[M-H]-
2069,387.286807609,479.18826,710461.771045,0.943099064208,10,
2070,387.296957018,258.079764,171268.135008,11.2774643884,10,
2071,387.315621664,254.213862,503091.697026,3.06892302787,10,
2073,388.162186236,104.376198,711153.32123,9.60682000045,10,
2392,438.904810575,743.75694,669609.870839,3.94674026242,2.0,[M+Cl]-
2077,389.105662579,455.197854,837988.052791,7.97389732262,10,
2078,389.147082878,472.903878,3147206.49115,5.79976777748,10,
2080,389.617627371,106.157586,1966459.88907,11.6085113771,1.0,[M-H]-
2081,390.151198057,474.009786,435692.259977,11.7325080408,10,
2085,390.240538549,149.701962,15105910.3363,5.47417382196,1.0,[M-H]-
2086,391.101939648,559.701714,407771.315839,4.82345585655,10,
2266,416.375252783,154.383558,8986956.01559,3.2609970763,1.0,[M+H3CCOOH]-
2091,393.09020661,55.6086606,4466864.50883,12.3379730441,10,
2093,393.190259187,440.881488,2010703.00694,9.70693866439,10,
2094,393.199922702,84.279486,1119739.99802,5.11774827252,10,
2095,393.205598115,107.926248,555228.538171,7.56151821793,10,
2096,393.231659433,99.387675,623595.721882,12.7431249297,10,
2097,393.850799487,1987.42497,527475.367611,13.6182117641,10,
2098,393.850745243,2045.68758,806601.786544,11.3903620515,10,
2099,394.081001489,111.877698,501903.631725,10.0946965064,10,
2971,538.305897264,103.53195,918097.164794,7.85052820059,1.0,[M-H]-
2101,394.263310224,80.605554,6002582.37252,8.76218639222,10,
2102,394.327300203,154.476573,628528.776702,3.47523220273,10,
2105,395.266787818,80.578374,784318.036009,12.1631834204,10,
2106,395.28020933,101.554572,470126.036391,11.2047045639,10,
2107,395.881917539,92.062536,8921149.91743,11.2957397631,10,
2108,396.242789479,104.279082,4856468.06322,7.41707765066,10,
2110,396.62512662,105.844584,12852298.956,2.47799914588,10,
2111,397.080046637,278.858802,22541682.7253,12.3592510091,2.0,[M+Cl]-
2113,397.183036663,550.95054,5495064.25091,3.77860793457,10,
2114,397.259634586,102.999549,476819.163611,14.8709994402,10,
2115,397.332551824,99.920127,2199444.8477,2.58639049435,10,
2741,496.097466979,857.61603,433672.765725,2.62261618292,1.0,[M-H]-
2117,398.168393176,606.29496,264915.345421,4.27887391371,10,
2524,457.303562835,276.334548,36584717.3596,5.75864582693,1.0,[M-H]-
2121,398.283613471,135.983949,350026.955254,3.55795383441,10,
2123,398.327611899,419.151978,449152.910431,9.85984696349,10,
2124,399.058289555,131.411646,1364468.96213,14.5486031288,10,
2128,399.225344404,574.759473,12851932.3466,1.89817748448,10,
2129,399.261506038,411.013314,6512988.10428,2.82451949843,10,
2130,399.261505787,328.04868,12269197.1459,12.8339924513,10,
3091,564.331507809,446.242356,5681245.37209,1.87469876573,2.0,[M+Cl]-
2132,399.261469158,431.875344,3019458.56095,0.521413109328,10,
2133,399.261753503,348.09243,6409054.60042,11.8111584302,10,
2134,399.275668847,101.527038,842602.837734,13.3252071573,10,
2136,400.220320168,557.62944,2868618.18373,4.39570630613,10,
2137,400.224828645,115.134,305444.530739,0.119849825487,10,
2138,400.228968331,507.855624,409849.807796,4.10939644427,10,
2139,400.261027232,103.53195,2726528.84764,7.57538866096,10,
2140,400.34374534,160.403541,510429.219818,4.76315791042,10,
2142,401.120504547,172.26174,4043537.96294,11.8094182705,10,
2143,401.130461577,728.98638,11036035.3792,0.950136502085,10,
2144,401.168175315,604.57911,1653262.26711,1.73419025305,10,
2145,401.20457452,603.61092,6711679.13412,0.516887854461,10,
2146,401.231219422,575.218113,217999.952064,5.83460294685,10,
2147,401.246620699,101.76957,9637212.63075,6.5244031432,10,
2148,401.302444962,303.975906,12286070.6822,3.20601174267,10,
2149,402.068588643,108.868968,1568737.34752,9.42401466188,2.0,[M+Cl]-
2152,402.144288532,110.136564,16492345.7627,1.66991640206,10,
2153,402.16985227,124.21992,1377281.27735,7.04525780343,10,
2154,402.188216497,115.534002,523741.641329,12.3347982044,10,
2155,402.270613975,132.563448,69381.5816936,3.24883379499,10,
2157,402.359374132,162.482442,2529556.42335,5.00543839297,10,
2158,403.000208909,762.00066,909010211.602,0.488795247314,10,
2159,403.169610339,104.471808,761947.049077,3.84785222591,10,
2160,403.189553957,1947.47412,2123942.7092,1.34930646293,10,
2161,403.200324717,561.082674,539757.13642,5.45086504323,10,
2162,403.199521773,334.908072,13308830.9677,5.15538742583,10,
2163,403.189844593,1868.96595,1395308.16462,12.714053521,10,
2164,403.202293749,475.739754,5491570.7361,1.16456398945,1.0,[M-H]-
2165,403.220142585,545.765148,6147684.83219,1.12650361183,10,
2168,403.36271278,162.160314,531175.124748,8.10221413761,10,
2172,404.104973814,727.57242,3927299.43423,4.56091037588,10,
2173,404.105006032,714.14481,10332335.9968,2.9761732998,10,
2174,404.158001197,558.742536,3075845.88394,8.48190568043,10,
2177,404.696926131,105.158445,626746.499113,5.59643764606,10,
2178,404.943853956,779.33034,1403847.47638,1.49309126608,10,
2180,405.12484113,637.21608,211721.728921,2.72403482706,10,
2181,405.136652435,1103.24568,1383714.8468,11.8962581292,10,
2182,405.144644792,110.136564,789248.665966,4.38342138397,10,
2183,405.178733853,145.23582,1120160.38411,4.77348389549,10,
2184,405.199512583,615.27018,3449408.74169,4.70027004776,10,
2185,405.214634537,449.060232,9288225.58367,10.3623642729,10,
2755,498.26302485,394.874598,13536248.5454,2.87147863272,2.0,[M+Cl]-
2187,405.2401623,115.414956,2091055.34448,7.15594541252,10,
2451,446.231701749,411.780096,25437753.8098,2.00282877932,2.0,[M-H+NaCl]-
2189,405.289301339,276.603231,4425974.96816,0.408613121691,10,
2190,405.31253851,447.728982,1234804.35845,3.12366346024,10,
2191,405.673858587,106.35096,1474393.44389,12.6904242095,10,
2192,406.198824641,583.544676,126317.723645,2.37656012382,10,
2193,406.211032705,106.291305,614417.022147,14.3072382854,10,
2194,406.243655791,115.500684,448965.506016,10.1783231792,10,
2195,406.290990506,411.780096,409731.340525,9.54080044276,10,
2196,406.315923709,447.728982,297969.339067,9.13162232559,10,
2392,438.904810575,743.75694,669609.870839,3.94674026242,1.0,[M-H]-
2198,407.10849608,115.414956,2189898.78039,13.2336707095,10,
2199,407.105403848,84.279486,1277906.75318,12.877047992,10,
2201,407.177617199,688.43448,330858.694669,0.845226025327,10,
2202,407.203872316,547.859484,2691641.01152,10.9640307742,10,
2203,407.265150045,82.167948,1035457.19962,6.13502537954,10,
2204,407.265542737,100.550115,388466.298327,11.7075867901,10,
2205,407.302974947,406.75722,635434.007442,4.88631124239,10,
2206,407.317327353,113.358687,373470.104231,0.464983250061,10,
2207,407.328438511,444.570108,416505.826505,5.88517062061,10,
2208,408.058321757,111.629538,417744.067555,9.74914529309,10,
2210,408.196872474,150.385464,23906867.149,7.76220094553,10,
2211,408.196378944,110.26782,1097521.07193,1.55917559485,10,
2212,408.21087836,102.278574,776826.556665,14.3972877417,10,
2213,408.243078661,84.122673,691517.003477,14.409005886,10,
2214,408.25235415,417.396702,180875.321448,8.20679603304,10,
2215,408.31211404,426.816585,154139.886451,6.1911081435,10,
2216,408.819184184,2070.81777,991278.75717,3.60523787039,10,
2217,408.839496766,115.047381,925391.65717,14.6159006072,10,
2218,408.911726469,743.8068,5943020.68268,3.72487383636,10,
2220,409.111225395,83.633253,742284.480973,2.28887574315,10,
2222,409.203594177,102.395964,1232292.2703,8.59413301243,10,
2223,409.209692604,473.509413,20537842.8353,1.87188517258,10,
2224,409.319060994,404.09922,817061.535412,2.04196017254,10,
2225,409.343979385,442.221858,228877.362719,5.84150009597,10,
2226,410.035207668,123.54045,452321.602912,8.63481011256,10,
2227,410.073866357,91.350543,1929336.76387,11.6130170792,10,
2228,410.231619003,417.002163,241945.075192,3.7962846429,10,
2232,411.184928287,105.941334,3817594.50642,1.51618608065,10,
2233,411.261676311,438.185622,9220013.74301,2.2030959748,10,
2235,411.261816001,487.685946,4787932.27029,7.30994712004,10,
2236,411.25229523,98.97324,422731.134181,5.50102552968,10,
2237,411.275231547,70.949814,124733956.899,10.3172693655,10,
2238,411.334793134,402.99531,583923.740415,4.75901439919,10,
3424,669.426240989,101.76957,982056.448767,8.47925935209,1.0,[M-H]-
2240,411.687021803,105.604656,1859721.28841,4.22195212867,10,
2241,411.855940986,91.900308,11553072.7195,12.579939498,10,
2243,412.249793189,106.664082,952250.331138,7.09485740745,10,
2244,412.326032332,103.84581,1245970.16094,5.88927104609,10,
2246,413.204617264,476.230248,2954568.35322,6.61895495197,2.0,[M+Cl]-
2247,413.204876567,155.454882,2303338.68052,7.98607112959,10,
2234,411.261592657,459.102246,36379004.0041,1.77673429227,2.0,[M+Cl]-
2249,413.291047607,71.05719,69424978.6916,14.656417548,10,
2250,414.061626551,171.311124,3654142.888,4.94834404784,10,
2254,414.359395649,418.869714,365874.53559,3.05276582734,10,
2255,415.195254386,640.0146,2928542.62603,0.233230245479,10,
2256,415.195017797,673.75083,3143915.01928,10.7968454841,10,
2258,415.25664747,424.17975,28252590.3182,6.09689239921,1.0,[M-H]-
2259,416.049492563,113.159958,2133655.66891,14.0771705671,10,
2260,416.124413811,157.239648,802218.505366,14.2891405169,10,
2261,416.161546848,613.24914,1253700.67332,3.11228752954,10,
2262,416.178308303,74.117994,8648459.28356,2.92189353294,10,
2263,416.223888534,571.550901,183049.279988,14.7560898635,10,
2267,417.085819428,596.018676,98048.5027744,10.6000986515,10,
2268,417.128732732,659.6994,7005488.22963,9.29350648953,10,
2269,417.218481969,445.985217,2277433.17108,6.65287011407,10,
2796,503.226833177,508.601892,655339.317872,1.39269353651,1.0,[M-H]-
2273,418.106402969,118.545756,983119.039848,1.59811868494,10,
2274,418.20049098,418.443645,139421.372267,7.10309034258,10,
2275,418.381471186,154.800213,207979.627471,1.63796967754,10,
2276,418.975230029,786.89088,11472551.9664,4.25828222426,10,
2277,418.974373018,753.123,294531790.558,0.677823576571,1.0,[M-H]-
2278,419.238790491,100.927701,571670.112361,12.3607181657,10,
2279,419.977745809,753.11526,32729899.8933,1.40513580154,10,
2280,420.039695104,108.868968,547076.124211,5.0501191672,10,
2281,420.122013815,116.761995,887581.813589,4.34690577119,10,
2283,420.210460221,84.35919,1903999.75694,10.2119820368,10,
2284,420.211411614,440.700966,578837.728437,6.75426088319,10,
2285,420.253182231,207.678501,1390779.8498,13.0157360149,10,
2286,420.312269264,418.816482,269243.7605,11.4133874386,10,
2287,420.362109724,124.822029,639237.19258,10.027019463,10,
2288,420.639119535,107.100198,728367.374018,13.9408134058,10,
2290,421.184045699,484.035012,8100527.68677,1.73770938024,10,
2291,421.193922523,656.53608,374043.016471,8.47817466917,10,
2740,495.321082032,619.77396,3844279.01932,0.731588259268,1.0,[M-H]-
2293,421.308086097,137.827554,369181.670243,8.35488794642,10,
2294,422.120448662,116.800038,862843.172757,6.97667661394,10,
2295,422.137940219,115.814769,473575.493425,10.6897454871,10,
2296,422.165311089,109.713306,512393.477352,12.5421792482,10,
2484,452.278775784,380.220072,10548811.3133,3.1230716723,1.0,[M-H]-
2299,422.328283234,135.54405,1437881.03729,1.48788682817,10,
2300,422.934601843,54.8295927,318419.109498,0.137539181829,10,
2301,423.038112181,126.063354,1738982.55073,11.7478594139,10,
2302,423.122835016,116.437755,377993.396562,2.07718439876,10,
2303,423.151472663,97.868061,336471.643956,7.23247866593,10,
2304,423.170884494,424.17975,2198257.82415,3.46231167394,10,
2305,423.239536191,102.781164,2131867.43597,7.4842946202,10,
2306,423.275576591,102.154422,1240974.70336,5.38163620117,10,
2308,424.136319775,116.468337,155745.478989,5.00548246443,10,
2310,424.170772433,110.243304,569305.816737,0.566986015202,10,
2312,424.194207143,546.871833,444271.377949,3.29230127654,10,
2313,424.191899866,448.576785,301967.138579,0.53606619608,10,
2315,424.270706475,435.95712,251465.42412,3.29127878778,10,
2316,424.283819365,414.172722,531520.206842,3.9568618585,10,
2317,424.3437895,411.564894,306607.081384,0.854297692726,10,
2883,522.856831921,778.75728,2787338.94649,11.980649499,1.0,[M-H]-
2319,425.202220109,440.878095,271952.189647,6.48490572975,10,
2320,425.251004013,412.236456,201943.369739,7.57527986694,10,
2865,517.356766373,54.5900052,398742.764172,7.23614800866,1.0,[M-H]-
2322,425.861313077,132.929322,365356.619026,5.30814134169,10,
3129,572.134705662,283.289544,34492857.9408,14.2720860372,2.0,[M+Cl]-
2324,426.214477733,106.471458,958286.380746,6.70779977243,2.0,[M+Cl]-
2326,426.286440266,430.382043,238703.941193,5.79934982686,10,
2328,426.87779961,744.22452,4510556.17497,3.2290994296,10,
2329,427.018548765,770.5293,16200849.8104,9.95719870834,10,
2330,427.090320271,116.078088,828533.128044,9.56637394266,10,
2331,427.160477779,570.485742,235437.869569,0.634280706574,10,
2854,516.930919513,91.981422,1864829.0647,9.917017794,1.0,[M-H]-
2334,428.194156966,510.385662,556948.631346,7.56247414998,10,
2336,428.251298202,472.091922,2145210.43193,1.83288975431,10,
2337,428.256017509,110.670798,2610093.18794,2.24412934833,10,
2338,428.280460262,79.046928,2841995.04514,5.66398722728,10,
2339,428.301903114,427.5846,1000152.73795,2.10434030877,10,
2340,429.199387718,543.219651,4313907.73024,3.40752154796,10,
2341,429.210730228,602.1798,1717554.38403,2.4855984263,10,
2342,429.272087989,386.745564,31482964.3183,6.66176949838,10,
2343,430.165195709,110.95506,172406.136098,6.96955151729,10,
2344,430.193649914,73.752174,18775575.93,14.9152079348,10,
2345,430.212505255,602.18868,238744.927555,11.7883131472,10,
2500,454.267492603,485.979006,18575967.1133,2.87568147196,1.0,[M+H3CCOOH]-
2347,430.23922835,529.859898,572342.467111,4.38161921934,10,
2349,431.197276271,531.757464,1676252.04703,1.55057173115,10,
2351,432.210358703,606.6984,9869298.33464,3.70867606774,10,
2352,432.210390154,658.82058,5910955.28713,6.07382576279,10,
2353,432.209451487,73.752174,230574378.849,4.03166674314,10,
2354,432.279350984,133.049391,317895.061613,0.570634982793,10,
2355,433.151467076,637.5177,252507.34655,2.55760575745,10,
2358,433.309368431,99.885318,175489.651869,12.2823229881,10,
2359,433.318639069,402.787224,4745713.26776,4.03811563866,10,
2360,433.320971585,261.405012,4315742.24194,2.98462356139,10,
2363,434.287290979,104.001066,321694.19345,5.7123965312,10,
2364,434.304684206,419.151978,182416.240122,3.45654885328,10,
2365,434.322032286,403.114968,1223772.71744,4.30098988379,10,
2367,434.948182703,748.3173,161417660.031,4.51388345108,10,
2733,493.34997281,399.160848,864056.687302,1.9641228795,1.0,[M-H]-
2369,435.327112649,2078.98491,724922.473776,14.1140477589,10,
2372,436.136354883,176.38299,12274919.472,1.02574416325,10,
2373,436.247255231,407.93391,1154912.16393,1.20400329553,10,
2375,436.2739632,81.379026,2129724.09991,5.33060483889,10,
2661,478.294405208,372.925458,18061499.6603,7.64963497649,1.0,[M-H]-
2377,436.337572707,399.038562,302263.787786,4.53427731032,10,
2380,437.139902431,176.699736,2443584.70478,6.59178026276,10,
2382,437.240703763,398.878458,6314762.8422,7.57822229008,10,
2385,437.35005984,395.722296,799223.010729,4.8861501199,10,
2386,438.181837057,649.81353,78045.8201023,3.68414069738,10,
2388,438.253786996,116.078088,16924950.2287,5.09084360497,10,
2389,438.253387497,84.648867,7717541.18418,1.70923107467,10,
2390,438.299313736,414.464466,4387112.19653,1.59340481827,10,
2391,438.734007665,633.77088,114875.115156,0.533733922569,10,
2393,438.993483377,743.80362,750163.148527,10.3116575672,10,
2395,439.172957609,125.836452,350985.3652,12.9677030505,10,
2398,439.266374724,407.881332,875262.479602,6.5153948033,10,
2399,439.293190437,340.935156,249571006.082,5.62826063008,10,
2400,439.304168368,414.464466,802141.899886,1.46489299793,10,
2402,440.170851996,84.35919,1079287.51466,3.91953752192,10,
2403,440.18895555,780.282,2284494.64247,3.39616376013,10,
2404,440.265620273,473.509605,277103.209674,6.49565323555,10,
2406,440.313521637,104.59233,3114470.52801,7.26231858127,10,
2407,440.313799086,141.277734,1257856.86289,11.9205726782,10,
2408,440.374774758,411.820206,186048.692315,12.0316273355,10,
2410,440.94955324,783.2037,5370526.619,7.43516199772,10,
2411,441.105732093,112.555245,883598.368655,3.88678692806,10,
2414,441.265249442,108.615897,547151.135535,12.6683254594,10,
2416,442.02881751,116.925309,200656.303396,12.3526060872,10,
2417,442.075099129,569.178168,282535.94224,10.0740859325,10,
2418,442.086601739,108.972138,136676.315072,12.3637677855,10,
2419,442.121122458,441.442899,487657.661279,10.3392198143,10,
2420,442.139218277,107.768313,333938.228557,12.8854093567,10,
2421,442.193910261,73.440426,115988043.241,5.86964658325,10,
2422,442.19459459,605.78004,403093.276441,1.3297061853,10,
2423,442.231178684,823.94322,326027.411899,2.91579341583,10,
2424,442.266981697,449.646492,7508891.54405,6.76192317044,10,
2425,442.328715788,456.183726,319045.566524,10.7084266152,10,
2426,442.86703987,1616.43588,11394688.895,1.71061747584,10,
2427,442.867006806,1600.85112,14567843.1844,2.2694114673,10,
2429,443.194019053,439.512576,10682894.1265,2.87157240855,10,
2430,443.22553852,73.893648,34019156.1118,3.77531239342,10,
2431,443.235249133,674.03769,652745.17785,0.659079516849,10,
2433,443.281088939,120.283968,544295.817014,8.50432946406,10,
2434,444.209613403,73.440426,254421789.002,5.94190189796,10,
2435,444.246643775,528.848616,21621875.0051,1.4621939117,10,
2436,444.254989284,479.884956,548918.128072,4.33530870654,10,
2437,444.260697097,100.864371,353457.953532,8.62540717721,10,
2923,531.286632561,151.999842,1480108.76478,7.62572583921,1.0,[M-H]-
2439,444.406478116,124.858416,3181208.22088,2.71349413618,10,
2440,444.985370292,770.41014,13126463.4381,10.7689516435,10,
2443,445.267217348,437.18574,1622900.15243,5.28924557612,10,
2444,445.336832999,423.374793,191470.428647,10.0660135927,10,
2446,446.093999341,111.408822,4992658.06322,10.8314808406,10,
2447,446.138794588,115.7382,928042.671326,12.5318963414,10,
2448,446.18992854,641.3601,1087151.37315,1.30380097585,10,
2449,446.225267802,72.303576,255125076.617,1.27237269442,10,
2773,500.278899403,390.540966,15645560.5794,2.87926124569,1.0,[M-H]-
2452,446.954745795,779.26824,47289293.9145,5.36005957151,10,
2453,447.075290067,561.714717,194201.388358,1.58399626238,10,
2454,447.097383071,111.593499,882494.456456,12.3757364393,10,
2456,447.193356766,641.469,202010.05125,4.42645871111,10,
2627,473.22498011,62.230548,288888053.991,2.5341103986,1.0,[M-H]-
2458,447.225361511,522.257451,3720461.07326,0.81076812266,10,
2459,447.225199946,455.03442,10484033.9494,2.66880453406,10,
2463,448.091873366,111.433752,5213563.53464,0.944578859763,10,
2464,448.236127027,414.798996,247375.059394,8.24562305737,10,
2466,449.203932221,62.961192,86032697.5229,2.15602943836,10,
2467,449.251319738,407.751102,1826482.62989,2.21330334759,10,
2469,450.199796053,546.448362,2102140.22883,1.39082761685,10,
2470,450.246115219,486.621384,4629747.42981,5.74282964438,10,
2472,450.263046367,405.748338,28665022.5759,2.54440317673,10,
2473,450.359637031,132.300564,739170.951154,9.98711382045,10,
2474,450.782229526,1951.53051,786709.922113,9.56376120617,10,
2475,450.782304359,1905.17436,104322.60807,9.94011413312,10,
2476,450.781992976,2026.64274,737481.118901,10.425054815,10,
2477,450.922390585,744.77748,120158664.647,1.1460460282,10,
2481,452.197821862,105.099192,1010084.4286,8.05755285488,10,
2482,452.244249902,183.646221,2514264.37281,4.17792601096,10,
2483,452.278672485,403.770102,74441803.6212,2.71048146279,10,
2485,452.278525931,469.068864,417501.460073,2.34916849889,10,
2486,452.302126258,427.173606,2311465.45503,0.645680588534,10,
2487,452.314517107,412.450344,435187.491854,3.23958885781,10,
2488,452.338822446,125.729214,767301.556866,8.89465723206,10,
2489,452.817788842,2089.80666,2518057.81737,6.78998069257,10,
2490,452.858791235,2086.37502,663924.663533,12.0348985751,10,
2491,452.859084674,2048.27991,621418.703123,12.836397541,10,
2493,453.132963904,117.149994,371143.426338,9.91909675848,10,
2499,454.267611378,417.06144,4231569.55448,4.73873811772,10,
2502,454.318023743,422.18211,1915659.39461,2.0157455178,2.0,[M+Cl]-
2503,454.329336601,104.159442,4515201.21181,7.84441455084,10,
2505,455.038931193,279.505386,1935752.40869,6.13438938796,10,
2506,455.204462858,454.933695,318189.016719,3.34260811898,10,
2507,455.22583477,73.440426,20809074.1603,7.37038395296,10,
2508,455.321486581,422.18211,484398.066144,0.890809855421,10,
2509,455.3243258,177.882651,6287382.58246,9.95126477622,10,
2510,456.191343783,84.335922,656377.422248,12.5620228979,10,
3101,566.347279622,444.364722,3974504.94508,4.45129272219,1.0,[M-H]-
2771,500.236076263,72.335148,23016953.7041,8.08127020318,1.0,[M-H]-
2534,458.349416039,418.816482,4254177.33331,1.56840507776,10,
2516,456.344663541,486.621384,2643762.33187,1.01124254255,10,
2517,457.017218968,88.021686,907681.261827,2.76774978074,10,
2518,457.035758629,279.505386,1857671.36053,1.83582575454,10,
2522,457.230461867,50.8259829,882617.605271,5.48730319398,10,
2523,457.240810732,72.958644,35327311.5095,5.12627550243,10,
2525,457.312485407,120.221382,543057.58499,13.6369076417,10,
2526,457.318010539,103.96434,1057357.74626,2.10583268527,10,
2528,457.348188746,486.487995,641023.783334,3.98063348615,10,
2529,458.049299997,568.292862,202650.485886,0.00149919223851,10,
2532,458.252719234,628.98042,224511.151598,1.42495658525,10,
2533,458.324165002,499.858992,1191317.02305,2.53415033714,10,
2535,459.000461266,126.909774,530358.26051,13.9210651671,10,
2536,459.119316766,177.976356,1449278.57974,8.70579007577,10,
2537,459.172699273,651.73695,155234.392582,9.31912176546,10,
2540,459.294179056,54.4949229,169937.783902,11.7498945529,10,
2541,459.309587475,276.348774,1231724.62953,11.7375832594,10,
2542,459.351741167,418.816482,1090255.84954,1.5001170911,10,
2544,460.242044615,644.50734,2978608.82784,0.1218869505,10,
2546,460.282236011,104.471808,696177.029212,13.3704162414,10,
2547,460.355619833,418.675722,147128.877604,9.82292288611,10,
2548,460.365145972,154.800213,774783.447266,3.94497071563,10,
2550,461.241104491,434.166486,173421078.688,2.18865905878,1.0,[M-H]-
2551,461.352527078,246.515736,4403472.68288,2.9925323905,2.0,[M+Cl]-
2552,461.37700003,101.648304,407073.909184,13.9061018487,10,
3061,556.266000902,404.221941,2261035.64611,14.7658795282,2.0,[M+Cl]-
3488,692.964432919,778.95096,12116822.7112,5.39556205228,2.0,[M+Cl]-
2557,462.990215796,269.499072,4096690.0635,2.41404799079,10,
2558,462.990345913,249.313878,3036778.12813,2.12537796735,10,
2559,463.202623546,426.012645,6291474.94992,3.02748242326,10,
2561,463.266227862,404.534202,241443.344442,0.419500859964,10,
2565,464.154697122,74.273553,4487729.25472,8.13133927258,10,
2566,464.205378342,426.584478,1770241.65246,1.59626041511,10,
2569,464.31464825,409.720821,255818.585075,3.44137405468,10,
2570,464.924706951,778.3785,2477596.43632,2.20568684986,10,
2571,464.987988435,111.359061,462679.766084,10.2770843358,10,
2572,465.184269569,723.05172,163111.925983,12.6015197868,10,
2573,465.181353589,469.816569,353917.785323,6.82189905274,10,
2574,465.187246548,530.679957,533877.143239,10.3302451677,10,
2575,465.225308238,81.304485,1572364.8826,9.6058857191,10,
2576,465.235651777,417.169665,7015675.64242,8.57148927094,10,
2577,465.247171748,641.41395,848376.491449,6.68820535989,10,
2578,466.170297557,73.5819,7261809.33759,8.01441344911,10,
2580,466.198089945,475.590861,244525.544558,5.83797254144,10,
2581,466.294190875,400.14486,8122902.74491,3.28517925468,10,
2582,466.293197193,465.770364,454945.354392,8.67580937232,10,
2583,466.330426975,407.751102,1293154.09747,2.05875653269,10,
2584,466.889333549,742.83528,12826109.4592,3.05210274682,10,
2585,467.170689643,175.445844,17062712.1149,10.8815633948,10,
2586,467.174630857,550.070154,369304.260559,10.0248104507,10,
2587,467.177622935,62.977914,183330899.238,3.10255151408,10,
2588,467.214621161,478.255242,765781.099802,4.0759066916,10,
2589,467.225178295,73.650555,30352090.1328,2.15672186977,10,
2590,467.287982296,184.698372,5543194.76745,14.0590020471,10,
2591,467.297804773,400.14486,1993151.28289,5.22574934918,10,
2592,467.333695203,407.784354,300158.802392,8.32912592559,10,
2595,468.210432381,605.46723,1601726.36205,4.32300711961,10,
2596,468.283072167,518.542518,29575203.0558,0.394469899438,10,
2597,468.299910869,400.27383,257385.51669,13.6610930441,10,
2598,468.297243712,466.938792,120605.92098,10.589842739,10,
2600,468.344522842,83.21931,402423.402166,7.77078447411,10,
2601,469.182346036,594.276432,10805258.1516,5.80637769973,10,
2602,469.193355045,62.337942,1307691490.63,2.52602141202,1.0,[M-H]-
2603,469.213445268,605.95182,305169.967527,4.01514895417,10,
2605,469.240386934,72.507036,22622189.3397,0.642711952701,10,
2607,469.314835619,84.17961,471562.180124,1.89089087968,10,
2608,470.025090126,664.3842,175103.918914,3.92295625412,10,
2609,470.032797475,771.1599,226028981.897,0.758454547508,10,
2612,470.214607983,171.945102,15977282.7392,1.36697415379,10,
2743,496.241083751,69.811062,68821021.7116,3.7359288442,1.0,[M-H]-
3112,568.355069859,433.710459,525748.70398,3.45519854912,1.0,[M-H]-
2616,470.348996319,415.617132,388385.027466,0.765136717541,10,
2617,471.162210979,174.480744,2117276.21562,4.21596264804,10,
2620,471.218211366,171.765942,3570831.60903,1.48904508224,10,
2745,496.341635904,200.947047,944392.703731,2.67653744031,1.0,[M+H3CCOOH]-
2625,472.339590443,496.114152,2701757.90751,2.34307218788,10,
2626,472.364799653,415.17972,427085.070333,0.737612101199,10,
2628,473.21587819,545.765148,564849.08748,7.69140014017,10,
2629,473.253873441,580.203591,166420.267475,1.26727304967,10,
2631,474.184053041,84.159438,750622.501584,5.56151794525,10,
2632,474.183994138,104.351286,1699413.57679,7.31943216013,10,
2633,474.194109639,127.658976,172562.079678,7.76021971625,10,
2634,474.240049279,603.58044,163262.906705,4.93132752527,10,
2635,474.262832494,404.09922,135497186.88,3.6436840946,1.0,[M-H]-
2895,526.251446436,70.949814,50658272.4166,7.23857397534,2.0,[M+Cl]-
2892,525.258857939,469.23738,412896.840927,5.37919362471,2.0,[M+Cl]-
2638,474.26295696,380.883204,21726559.6128,7.45167095194,10,
3203,593.130983168,103.022082,798416.606531,14.3412742111,2.0,[M+Cl]-
2640,475.240338361,61.749642,709416315.971,2.3387992412,10,
2644,476.157450166,116.826564,374110.108905,9.20136864135,10,
2645,476.19990479,105.218712,6337580.89102,6.35042610883,10,
2646,476.2151587,639.71874,676345.58414,8.5312461355,10,
2648,476.266574043,408.416106,530813.90965,9.36119220814,10,
2649,476.278457126,400.766823,116665371.149,4.6765539983,10,
2650,477.173114721,615.93468,2122623.99979,1.07295746645,10,
2651,477.210571916,568.082304,712231.388389,0.325427123777,10,
2652,477.203894898,105.315201,819083.633035,1.29763655055,10,
2653,477.255172824,440.881488,887170.091803,1.52012467232,10,
2655,477.281977529,466.099608,191581.616361,6.32473171671,10,
2656,477.282102723,375.67056,4446178.28661,5.82252611071,10,
2658,478.170553879,73.355286,17510433.789,13.8525676417,10,
2659,478.214417709,568.292862,124275.691866,7.0047203574,10,
2660,478.294158206,397.845222,124600631.184,3.52359394331,1.0,[M-H]-
2662,478.902811335,777.74406,5571357.29898,5.938066851,10,
2666,479.297453023,463.478916,169966.457921,2.08433667884,10,
2667,480.123497812,857.96175,291625.806659,0.693950686554,10,
2670,480.263970137,83.420322,8166639.5291,5.82934801315,10,
2671,480.298529625,402.787224,437507.688346,8.7582423883,10,
2672,480.311210048,396.196086,13838929.4925,4.29001996396,10,
2673,480.333542786,418.48173,3360205.128,2.14694340025,10,
2674,481.212107597,278.448522,7062548.74568,4.39347872247,10,
2675,481.241114876,72.888093,8157084.06799,0.161050168466,10,
2677,481.314088122,396.525714,3771503.52978,3.0733395119,10,
2678,481.336911303,418.48173,998153.581783,2.50930829205,10,
2679,481.370661178,54.8640588,3659292.15082,11.6759640708,10,
2680,482.213007319,423.005019,183884.66025,12.4082860476,10,
2682,482.215888553,277.608588,1610024.74803,6.20521158033,10,
2683,482.246726698,105.471636,569887.318537,7.30156073878,10,
2684,482.262576747,616.28004,6524960.70034,3.95409996133,10,
2685,482.316599231,396.29901,642470.677747,1.59955655494,10,
2686,482.349376986,414.798996,1871156.49765,2.23281075482,10,
2834,510.405357049,54.2753886,214219.277314,7.84765651314,1.0,[M-H]-
2688,483.197912237,533.168784,1126733.61164,9.08861424704,10,
2698,485.224790377,61.714428,984039449.622,2.96459998331,10,
2696,484.36485851,411.780096,3920485.13033,2.54217270484,10,
2697,485.003401761,763.68114,796930498.341,0.947771339962,2.0,[M+Cl]-
2699,485.243919719,71.020155,25765815.6365,0.657382739548,10,
2702,486.256331931,70.122072,86651168.3831,4.63144210146,10,
2704,486.453660669,149.447388,244553.586221,0.257579436289,10,
2705,486.889315841,743.64264,1298715.10251,2.55723025931,10,
2708,487.231317572,465.596382,3558800.15348,1.81322908836,10,
2709,487.240457539,60.9843,1102611025.95,2.47357568034,10,
2710,487.38388485,411.130098,160724.325164,3.37781090835,10,
2712,488.196845128,425.475096,2090835.10198,1.60645302263,10,
2713,488.251274172,387.547086,19543868.5365,1.009308753,10,
2714,488.251385111,435.95712,44030790.183,3.5146833332,10,
2715,488.313196754,104.471808,485836.009898,11.4496700914,10,
3256,607.331076042,84.199782,2125222.65198,8.20702706612,2.0,[M+Cl]-
3453,683.477623311,101.339556,1657392.03832,5.51594186831,1.0,[M-H]-
2721,490.206185884,55.278492,7584306.00794,14.228616248,10,
2723,491.237078987,686.38422,1377482.88782,7.90232904077,10,
2725,492.186399162,71.884296,33347366.5068,7.5381661237,10,
2726,492.202887543,54.5900052,824259.619479,13.3769660023,10,
2727,492.209457038,70.638174,121021028.154,0.601651735814,10,
2728,492.256964155,456.094158,3929707.95279,5.71776796941,10,
2729,492.346180492,399.53658,3201494.63422,4.53569167706,10,
2730,492.346765471,350.346942,2130831.46722,8.11653147678,10,
2731,493.193224435,61.83447,281734523.85,2.4079383837,10,
2734,494.173459277,62.440245,47015027.0391,2.95609956536,10,
2735,494.225253393,69.49956,358705222.053,2.64730595729,10,
2736,494.325521226,459.503913,205973.04474,12.9911317392,10,
2833,510.256133918,69.222912,42220250.0072,3.09110208667,1.0,[M-H]-
2739,495.304359807,49.922046,8479315.27371,3.4620642453,10,
2848,513.25611434,60.122154,108554806.305,3.70096647899,1.0,[M-H]-
2744,496.325079707,619.79961,1762414.7054,1.24628790977,10,
2746,496.619198344,90.247551,1180974.07701,3.58584441123,10,
2751,497.281360059,317.211306,4972416.68717,13.3349829927,10,
3314,629.313248045,277.187664,16592481.6678,4.71266709818,1.0,[M-H]-
2753,498.232632723,808.27326,737077.744173,4.3655070126,10,
2756,498.276631061,684.45435,146709.131704,5.0648692106,10,
2757,498.304950668,48.8410341,840765.494283,14.436899066,10,
2759,499.107995182,663.17841,324151.633291,9.23133011292,10,
3006,543.242248086,620.17182,448780.991203,2.22422786723,1.0,[M-H]-
2762,499.251860215,73.806429,9566874.22672,8.64252794403,10,
2763,499.260847333,444.635277,235153.575977,3.82724827241,10,
2900,527.33410805,174.62157,4571184.9001,5.77273710072,1.0,[M-H]-
2767,499.379634825,78.532704,27241592.9329,10.0000141888,10,
2768,500.177289789,579.11649,1225771.33281,5.1498861911,10,
2770,500.219723526,620.4945,110982.798145,1.16064484718,10,
2774,500.328880092,193.804872,901203.986072,12.7399777128,10,
2780,501.256349145,60.81651,89099779.7943,4.65644025939,10,
2785,502.174251031,579.456807,327668.001212,0.943918648453,10,
2786,502.217932679,156.271203,505240.191263,8.39809859839,10,
2787,502.231258564,452.37024,9907648.78188,3.76164809068,10,
2788,502.250349859,473.75811,310932.439238,6.52761250942,10,
2789,502.269878149,461.212992,16410375.4459,1.72958118143,10,
2790,502.283438719,389.875092,396789.533752,2.96921329113,10,
2791,502.29380561,462.98751,2802183.44059,3.82719845034,10,
2792,502.294672605,397.51584,2908107.97957,5.39295256508,10,
2793,502.329405328,103.84581,4205990.24858,5.28047738639,10,
2794,502.338932735,476.656755,362058.091305,1.32199617149,10,
2795,502.975389486,756.18462,38047594.2231,3.20557585544,10,
2799,503.229762294,534.748095,1049960.76062,3.7537529907,10,
2800,503.247827585,588.899034,8937066.60606,0.375130078596,1.0,[M-H]-
2801,503.271895859,60.81651,107632421.092,10.6337589743,10,
3075,559.473530137,76.867446,41792970.7332,8.70914115148,1.0,[M-H]-
2805,504.186412375,71.05719,37375747.7998,3.36388826685,10,
2806,504.230846694,585.04968,759778.453962,4.90005612412,10,
2807,504.237273974,453.360858,309356.457476,4.30029577972,10,
2808,504.247233833,555.956424,4499852.67774,7.28274367683,10,
2810,504.414499045,78.083301,3956825.73054,10.1783474972,10,
2812,505.30711447,83.57241,1502221.05756,10.3313823157,10,
2813,505.313702218,393.986376,213219.298419,8.63542487163,10,
2815,506.262380205,450.716856,2429973.01227,4.60239341907,10,
2816,506.421775818,125.189076,616741.329005,8.23751923112,10,
2818,506.8828758,779.26824,4032317.98458,12.0801963832,10,
2820,507.176902906,103.022082,3728205.22707,6.80054673934,10,
2824,508.170701818,171.448194,1083951.2504,14.4146351453,10,
2827,508.445380268,77.771421,5011803.48941,10.4343523573,10,
2828,508.964070855,766.15902,10609981.1138,10.6326445387,10,
2829,509.021974427,770.31078,12098205.6314,4.27796842319,10,
2831,509.224822518,443.12346,424730.253604,0.971546155309,10,
3097,565.520538763,76.386516,23757640.0043,9.79103254179,1.0,[M-H]-
2836,511.183126159,105.218712,5102505.02736,5.01809264443,10,
2837,511.203731,65.140554,101776100.566,6.57488662421,10,
2838,511.22423034,573.92628,160089.917405,6.7766667559,10,
2839,511.240140373,60.050046,232083962.947,5.52306340665,10,
2840,511.252351492,283.923168,6955701.6682,7.46715905381,10,
2841,511.350557794,111.801957,449921.882941,11.5578119907,10,
2843,512.235330611,71.642784,40040598.1281,1.08134269494,10,
2845,513.219502348,64.828932,132310071.838,2.79455666494,10,
2846,513.218111684,436.07055,177339.847051,5.66540435625,10,
2847,513.247395382,516.515385,255174.481356,7.60132294435,10,
2849,514.251357557,71.36856,46869268.446,6.87199374286,10,
2850,515.262027959,439.745958,512530.346091,3.80922750538,10,
2851,515.292800675,497.752557,631011.418148,7.83689866704,10,
3324,632.493023214,56.5237338,37476979.4184,13.9702799468,1.0,[M-H]-
2853,516.24696663,451.809279,192916.442149,0.802868267558,10,
2855,516.951314124,750.89202,127272129.297,0.789753248872,10,
2856,517.170038211,60.81651,93453403.1867,3.36149864372,10,
3145,577.198924631,740.87886,3885432.69942,1.7936121971,1.0,[M+H3CCOOH]-
2859,517.222082782,609.79878,200179.603908,4.25932678827,10,
2860,517.233880896,54.9022638,5057689.75318,14.5165663027,10,
2861,517.284353797,103.217934,2185629.21741,14.2551358354,10,
2862,517.284480215,83.395737,1157682.74753,0.231567018116,10,
2866,517.954735062,750.65262,16435680.6455,7.69230518228,10,
2868,518.224883373,69.188568,38860337.9164,6.77823828006,10,
2869,518.241735966,345.28818,3332375.72383,0.692134997558,10,
2870,518.288436529,102.963447,541741.459598,6.60366293202,10,
2871,518.406777652,180.521484,914344.121065,8.57906567535,10,
2872,518.949333761,750.89202,27310547.3741,4.08654564868,10,
2873,519.18640581,277.595526,2381365.59078,1.30292580077,10,
2875,519.303852678,482.751768,973403.021042,8.42345652161,10,
2876,520.220442873,429.923088,575619.766282,4.39234504216,10,
2877,520.223791156,463.48374,870714.952256,3.60703440635,10,
3366,648.250412792,614.07417,257545.760625,7.12832123938,2.0,[M+Cl]-
2879,520.257366696,201.355242,4319417.00063,3.2137452813,10,
2880,520.38630953,200.52396,3440150.29384,7.33907664126,1.0,[M+H3CCOOH]-
2882,522.234819744,422.708346,258556.132389,9.10391605554,10,
2885,523.216245569,586.788117,426482.585292,0.698089221888,10,
2886,524.228627635,387.16038,347681.511314,6.19457801515,10,
2887,524.278737471,387.880464,1078164.23943,6.07099822299,10,
2888,524.373092463,193.152492,816047.450898,7.28070228161,10,
2889,524.996169376,765.57678,12375866.2578,12.5903642003,10,
2893,525.282011519,388.228029,299702.161571,6.66596525967,10,
2894,525.48883913,77.717166,3999764.87233,1.47112591634,10,
2896,526.294465434,383.72352,1927754.15769,5.37048903542,10,
3168,584.866622228,744.1299,2343189.73934,3.05574218611,1.0,[M-H]-
2898,527.26309604,532.421214,808739.653982,1.3507516949,10,
2899,527.275425376,465.691602,146318.57012,4.97019556531,10,
2901,527.381827333,80.73456,2605742.76102,5.73331393998,10,
2902,527.41061222,77.945646,71057613.835,7.97161847465,10,
2904,528.309670442,387.16038,243247.215478,3.73890486521,10,
2905,528.323670603,432.613608,3478537.885,3.9270421212,10,
2906,528.319930149,144.567726,5763125.17057,4.3688273643,10,
2908,528.85398438,741.64911,1859390.35444,0.587975767555,10,
2909,528.957962425,779.26824,32848099.9475,6.62943127783,10,
2910,529.17007203,60.505518,191571973.936,0.874887292854,10,
2911,529.284469938,103.022082,3009244.07885,9.3808172839,10,
2912,529.284663791,83.653113,844932.573808,6.63407701093,10,
2913,529.289537941,641.13213,180950.873121,1.47101888337,10,
2918,530.299078025,232.737108,21115903.5851,7.35856697095,10,
2985,540.331244823,461.689872,73287772.0794,1.66196446608,2.0,[M-H+HCOOH]-
2921,531.221247131,284.461902,5806398.73159,6.41867898376,10,
2922,531.258090243,567.176772,6242750.43764,0.609802301257,10,
2925,531.31970286,135.220044,3275862.913,10.8410834305,10,
2926,531.340479644,83.21931,1635642.22245,14.8728062035,10,
2928,532.191302248,105.66468,644623.842352,6.79426731638,10,
2930,532.227376766,508.187628,778583.688665,5.88230259562,10,
2934,532.904909794,92.215452,3340986.97025,9.95206927735,10,
2935,532.925449765,747.6759,81501875.4367,3.39741442814,10,
2936,533.108399273,109.185708,592166.474324,10.0834334801,10,
2938,533.302862401,462.509112,298976.948544,3.25612778593,10,
2939,533.312123621,140.031147,445436.609884,12.6060456626,10,
2943,534.219247261,404.057124,245223.668465,3.61888963783,10,
3070,558.282153974,400.473474,1789842.86895,13.9440805845,1.0,[M+H3CCOOH]-
2945,534.27290539,166.211112,4521942.20968,6.24777659676,10,
2951,535.154667241,285.822168,179027582.396,6.82211264635,1.0,[M-H]-
2953,535.252551667,532.753086,354321.133634,3.06646492096,10,
2956,536.129808597,597.431664,1216335.39673,1.30806906862,10,
2958,536.234235343,400.766823,236507.965057,13.9993149409,10,
2959,536.288706942,472.009485,101118.467141,1.84506436008,10,
2961,537.133191512,597.396861,211125.254066,7.55468157565,10,
2963,537.214434262,525.782787,219832.037581,11.5197167101,10,
2964,537.23215163,556.409004,2146207.631,7.65240076008,10,
2966,537.402414104,425.817711,102706.565883,4.51453983162,10,
2968,538.231152161,480.823272,2071054.61253,6.3391027584,10,
2969,538.247919658,462.014004,3887061.56349,9.54346226526,10,
2970,538.263955734,571.875912,274336.890603,4.47244809609,1.0,[M-H]-
2972,538.315766824,462.509112,12967584.2718,9.97543400504,10,
2974,538.927097307,783.93819,3094173.28386,11.115107354,10,
2979,539.323057897,111.679305,299166.667123,5.83288064354,10,
2980,539.382089777,108.679074,3461843.71736,8.22016996004,10,
2983,540.287736952,621.53883,691926.676076,1.38231888311,10,
2984,540.304411651,676.15134,696448.305549,1.12255287619,10,
3460,686.388919046,447.728982,2061607.14196,3.03453505378,2.0,[M+Cl]-
2989,541.153560985,459.340428,376528.669428,12.697148478,10,
2990,541.205556302,106.78569,11394647.5529,9.67327796342,1.0,[M-H]-
2991,541.251695338,115.975461,1554048.69788,7.6321936575,10,
2993,541.307716974,675.97035,172213.925178,1.94637622477,10,
2996,541.334659749,449.060232,2847164.93038,3.85937880832,10,
2997,542.061849167,783.25044,150543.421089,13.0418794798,10,
2999,542.237948595,546.112782,277776.791527,6.5248496932,10,
3000,542.262616363,290.165796,9693536.22606,7.76980077606,10,
3001,542.303037426,533.00082,1017241.4509,0.51763740835,10,
3002,542.320042712,456.655608,9024598.28751,3.01371211168,10,
3003,542.398683758,102.80694,308623.164147,5.05104431812,10,
3004,542.963701812,761.46753,16627851.7395,12.4613189244,10,
3005,543.1692116,424.539417,1651624.92285,8.18971051216,10,
3007,543.319480005,462.955668,4503386.65898,40.0147602855,10,
3008,543.787701913,107.100198,486701.372742,13.7838151302,10,
3009,544.274735294,656.45769,355932.111427,1.73521720415,10,
3011,545.169567739,105.41169,489999.250831,13.6366157394,10,
3012,545.209541532,741.20574,2728942.19082,7.27893634127,10,
3013,545.219517462,470.727366,5394337.09457,2.85656966595,10,
3014,545.294765274,548.28981,4905538.2672,4.09657900787,10,
3015,545.471040333,101.6532,1170178.86662,8.92418056131,10,
3018,546.257870855,417.799965,510133.268292,4.23410327714,10,
3020,546.298176208,548.751408,1221021.96495,6.67255846132,10,
3022,547.288898521,450.055362,997787.721585,4.48857696144,10,
3023,548.210555941,628.4922,983549.010841,1.4349495227,10,
3024,548.232328429,783.61512,635724.408358,3.79031603002,10,
3025,548.240007881,405.691767,433985.496013,7.95996906753,10,
3026,548.336370813,99.255444,2648445.61083,8.23757089066,10,
3027,548.418001349,193.32843,3011742.84036,4.04967285168,10,
3029,549.213927899,628.68774,218072.05957,1.75826884445,10,
3031,550.2346417,106.35096,1196284.91469,10.5169005915,10,
3032,550.234541721,470.995065,146269.074682,4.36296964596,10,
3033,550.304762251,471.740868,499945.821672,2.34747407916,10,
3034,550.333302017,99.289116,613582.407459,4.78122003716,10,
3102,566.479652136,102.904812,2287554.23459,6.14420253605,1.0,[M-H]-
3036,550.738282832,573.92628,2669080.85742,2.2775137594,10,
3037,550.795100746,106.664082,2325405.81336,14.7049760575,10,
3039,551.16085164,559.03065,319665.698704,2.51685312917,10,
3040,551.239461418,573.903294,1475767.83869,3.4284831713,10,
3041,551.248203238,519.776961,1212980.99035,2.32121859488,10,
3044,551.739368354,574.240308,607819.678722,6.99054804765,10,
3045,552.331602248,463.637622,13008951.6982,2.02074881014,10,
3046,552.331452435,448.320474,1451784.33937,3.05956542739,10,
3047,552.740584987,620.27439,143378.470618,7.93353985258,10,
3049,553.334972234,463.15836,4498569.14683,2.76966191319,10,
3050,553.336138579,542.13039,316010.829529,3.66121230058,10,
3051,554.346799396,462.98751,53715800.0981,2.18904991582,10,
3133,573.260749818,176.548794,1708422.61544,8.56716488333,1.0,[M-H]-
3055,555.241987113,84.335922,474761.300557,3.13722749431,10,
3057,555.351825239,699.51774,4249571.21378,3.01104836782,10,
3059,555.445471561,54.5702817,370212.151309,0.771822345552,10,
3066,557.354642964,463.072935,370305.533968,4.14447925236,10,
3072,558.735501711,597.361314,4842972.25773,5.17133282001,10,
3073,559.236981245,597.090036,2849857.13308,5.46267295408,10,
3074,559.342592748,78.112932,4651164.39741,7.58330308858,10,
3076,559.736896989,597.716316,1163776.87636,9.85938905131,10,
3077,559.820374106,91.693176,2193911.45559,13.0205879423,10,
3078,560.276252077,605.60544,184064.510078,8.5526434227,10,
3079,560.330636417,455.660232,156145.113489,8.59932572221,10,
3352,642.90897275,777.4875,5622428.04919,5.71792349198,2.0,[M+Cl]-
3082,561.217779098,630.98652,937501.234733,1.24060604348,10,
3083,561.274297315,104.061891,480919.373766,6.15622007412,10,
3087,563.297311544,432.376413,245285.883966,14.3575790436,10,
3088,563.297492299,150.417324,13235052.7978,3.74925806755,10,
3090,564.331236913,459.749622,46917144.0452,1.86112197516,10,
3092,564.46358902,102.709068,843824.064275,10.0435852733,10,
3093,564.507979539,76.525164,10685996.8187,1.07823812358,10,
3095,565.33464783,459.988113,14028054.4337,3.01394312969,10,
3099,566.235508551,505.912377,559917.721139,13.8351464592,10,
3100,566.347004916,457.631496,36934701.7795,2.08347660159,10,
3411,664.984013419,759.56814,155096366.675,2.19335235224,1.0,[M-H]-
3105,567.170639032,809.30586,1581492.52585,11.5604148317,10,
3107,567.388275308,586.46604,413633.403258,9.64045616967,10,
3109,567.536330396,76.555566,23175685.3287,2.68325888057,10,
3111,568.310812623,577.621674,10313924.924,1.66916764081,10,
3114,569.237332488,105.291288,3437496.68869,8.87818432408,10,
3115,569.269888571,671.9964,334936.064532,6.28594265308,10,
3116,569.294695759,498.195108,794971.194015,4.50123974921,10,
3117,569.294014541,56.4405999,9082975.64491,14.4257278921,10,
3119,569.367621842,662.29848,16894595.7448,3.46504012558,10,
3121,570.232119097,278.919648,1126130.87738,7.38499899067,10,
3122,570.24982042,165.566721,982596.6702,12.0285466266,10,
3123,570.316425712,577.770903,500680.985718,3.81537410623,10,
3124,570.429920025,102.591312,5450506.85598,4.61110701155,10,
3125,571.131449284,282.655908,149998701.286,13.965489094,1.0,[M-H]-
3126,571.329758126,552.39813,2031221.33836,2.35336625533,10,
3130,572.213436543,436.506969,239912.691352,4.12913759519,10,
3131,572.38100104,99.454308,588693.324988,8.20079089828,10,
3132,573.264634583,742.51062,1018660.81193,2.27976279328,10,
3134,573.289585709,82.793448,7776773.73994,10.4601063883,10,
3135,573.305013427,503.533647,701775.336087,3.40705108861,10,
3138,574.308446295,503.2557,199180.175733,1.31619978046,10,
3139,574.315705601,464.048874,252082.249687,8.60776058625,10,
3140,574.993113932,93.268962,700431.725118,11.5209308097,10,
3141,575.24633197,696.49335,364294.401588,6.2998852384,10,
3142,575.284377282,592.569558,2346087.56975,5.26624906417,10,
3143,576.268210788,515.882892,808622.617203,2.64326888513,10,
3144,576.287559223,592.969416,718530.235035,4.95188061868,10,
3146,577.270814894,516.582771,195969.848375,9.31635877069,10,
3148,578.339961526,466.020429,454522.414068,7.55386772139,10,
3149,578.479903903,102.46791,571234.857319,6.68103767559,10,
3150,579.278163609,56.1294738,6554356.996,2.59515766713,10,
3151,580.218523563,108.236574,852400.572998,12.5789519681,10,
3152,580.362852266,457.968534,13626236.651,0.38461618546,10,
3153,580.397037141,458.280612,2225831.54979,3.85483857147,10,
3154,581.364660141,125.453445,619917.545639,7.98180601695,10,
3457,685.420347513,457.631496,1855296.34734,4.25762642759,2.0,[M+Cl]-
3156,581.401022497,458.454246,733296.473454,4.70627414338,10,
3157,582.290356316,575.592924,1063165.36996,2.90059007508,10,
3158,582.980741543,758.2029,218881381.026,3.69484327033,10,
3159,583.293127158,575.930172,286660.278237,3.04891357793,10,
3160,583.358049788,679.65708,781043.590619,0.311083897256,10,
3162,583.985038453,784.04676,1494670.30275,5.87181401464,10,
3163,584.284633141,493.946367,1168937.61485,4.13227947107,10,
3164,584.30563279,544.127388,1847016.18858,1.40624013295,10,
3165,584.305798175,678.84576,1123199.49395,1.48841610518,10,
3166,584.386244552,409.65318,677591.849169,0.894116461639,10,
3167,584.445479285,102.46791,1813888.27937,12.5330319747,10,
3170,585.30902385,678.9471,306942.663101,4.76723959291,10,
3171,585.307556884,545.123016,418100.268078,1.90229725312,10,
3538,712.905782232,749.27886,18367690.7248,1.23963325478,2.0,[M+Cl]-
3176,587.302702342,438.636612,396472.658104,3.60961055114,10,
3177,587.305525003,572.732781,469785.56121,1.0534429764,10,
3178,587.324719576,586.123794,270541.278801,1.13499392666,10,
3180,587.357224343,561.434526,584169.546948,2.34041730051,10,
3187,588.886589919,779.39244,3046697.05646,11.6275671745,2.0,[M+Cl]-
3188,589.290518059,84.35919,1869643.4052,3.86724303945,10,
3189,589.290947378,104.279082,1738396.52763,14.1486304949,10,
3191,589.44764002,102.083196,620723.138733,7.10801300158,10,
3192,589.452047239,411.110472,183738.006584,8.27037794075,10,
3193,589.781139919,1949.42502,1225322.66367,9.58257152601,10,
3195,590.967954098,766.20816,15896597.7903,10.1101183853,10,
3196,591.245970591,603.58017,111764.191003,5.35709140084,10,
3197,591.283064378,650.2311,185285.59497,9.52956448716,10,
3198,592.242001994,431.17224,2152709.71041,1.82189834405,10,
3199,592.241654619,669.02004,87453.4512683,10.0045445418,10,
3201,592.537106215,113.88204,357132.906564,13.3804337761,10,
3205,593.307932194,106.448382,3178628.84658,3.5304478872,10,
3206,593.461201197,54.4129734,218527.202055,7.832907429,2.0,[M+Cl]-
3208,594.189740232,808.3848,1523388.35803,4.94256160514,10,
3209,594.414607153,458.930364,876164.608463,1.42137225067,10,
3210,594.534497239,114.164691,209872.681159,2.83318784263,10,
3212,595.135775384,106.35096,1316561.54355,11.5098814132,10,
3213,595.418068789,458.605986,224225.065728,8.18246987988,10,
3214,595.506345362,324.506556,2346155.43406,4.80823549297,10,
3215,596.394196059,445.575402,1718281.96925,0.376345647282,10,
3216,596.404027665,151.242072,899061.836416,7.3343717938,10,
3218,597.304895105,436.89534,89080.7246591,13.3867821908,10,
3219,597.397543134,445.703478,510818.085225,8.4434558994,10,
3220,597.785274068,92.508435,1116948.60333,1.61640835782,10,
3221,598.110732796,84.728448,1334640.94146,10.7113358727,10,
3222,598.321536406,677.20644,281117.247311,5.97700408353,10,
3223,598.416021395,104.351286,966663.785327,7.32789544182,10,
3224,598.46149365,102.395964,1971073.2584,0.772615994804,10,
3225,598.95478326,753.123,96122947.9915,0.555430612347,10,
3226,599.464883528,102.337269,609276.731176,9.65334093334,10,
3228,600.337316468,561.417924,305730.918248,2.7787628401,10,
3229,600.440536607,386.547216,1293820.89866,3.51276446789,10,
3230,601.282009926,426.545727,147489.91166,6.22810881126,10,
3231,601.339235763,102.588489,711259.993804,1.30063743519,10,
3232,601.336534911,305.741907,6087160.05728,3.67886351243,10,
3457,685.420347513,457.631496,1855296.34734,4.25762642759,1.0,[M-H]-
3235,601.443871411,386.879718,441617.964307,4.52926577888,10,
3385,656.246058921,287.406414,26844587.0958,0.78244701865,2.0,[M+Cl]-
3237,602.295509833,572.913642,3101053.3649,3.66818721734,10,
3239,602.378129219,84.199782,929726.102471,6.01264611058,10,
3410,664.842133348,744.49983,2707743.11777,5.21702382714,1.0,[M-H]-
3241,603.254512266,614.76429,207954.508741,8.84506425157,10,
3242,603.298768019,573.355116,988781.643209,6.77193240558,10,
3243,603.354896115,103.022082,11646176.2575,2.12666215764,10,
3244,603.390477597,102.904812,1873348.99193,3.70104420974,10,
3245,604.33246944,83.53269,1275710.93879,4.52004934146,10,
3247,604.356075018,81.047172,1834045.56293,5.80749904581,10,
3250,604.860516592,778.85064,2385410.39742,14.5613040892,10,
3251,605.269895905,594.696528,278299.956152,2.97525451075,10,
3253,606.253749728,582.4194,2095344.95074,13.3711242978,10,
3258,607.839540889,104.785056,522231.142354,1.63229881424,10,
3259,608.208658512,404.20446,297756.662186,10.8182376954,10,
3260,608.912131529,743.96541,1221047.25379,1.66890816408,10,
3261,608.994046489,769.4625,19127831.8606,10.0037130472,10,
3263,609.52185247,318.875412,3191367.77973,0.246213253716,10,
3264,610.357527771,482.751768,1658135.37991,1.28075009086,10,
3266,611.305360407,84.279486,652382.199532,2.75586891611,10,
3267,611.360307511,482.294679,540456.688408,4.58828690922,10,
3268,611.412926996,445.472115,308667.560334,10.2989404122,10,
3270,612.331275182,451.4091,389698.477948,1.53233019764,10,
3271,612.594915045,114.852558,789481.952785,7.04833754386,10,
3272,613.236357818,698.9385,2744941.79255,6.52484909712,10,
3273,613.295652331,694.80435,999685.078925,3.78528138498,10,
3275,613.598270424,115.091334,307200.716251,5.23879508316,10,
3276,613.875851545,104.786556,1470768.9958,14.9476640105,10,
3277,614.259178086,571.382037,445155.758314,6.86258902296,10,
3278,614.295086331,503.30364,423417.773696,2.11155790328,10,
3279,614.35287872,462.016485,691979.329407,1.68586820462,10,
3282,615.299933711,530.508126,1109598.43177,7.81829876873,10,
3283,615.932014745,750.01302,8115019.98841,2.68419275565,10,
3284,616.286967094,469.086936,153079.046035,2.0927868923,10,
3285,616.310716297,550.412394,4905823.59155,11.0941279614,10,
3286,616.331930647,515.22114,3473217.34125,1.26701973225,10,
3288,617.334963131,515.023002,1009065.60481,2.62003059465,10,
3289,617.458346084,113.680626,769725.389951,4.61224116915,10,
3290,618.326242189,490.540128,1010800.06768,2.53070327724,10,
3291,619.230550589,432.98715,1209229.78055,13.8898172906,10,
3292,619.269538961,741.20574,393544.867851,4.2069651528,10,
3294,619.386388459,103.058685,595574.504885,8.45140104716,10,
3295,620.326856699,84.35919,1227060.51884,13.1027122317,10,
3297,620.431026639,243.683898,2672504.35367,12.9189104868,10,
3298,621.269099781,445.408404,1108966.18288,2.52838663033,10,
3300,622.294699893,636.16788,82558.1937473,11.7290407914,10,
3301,623.20142067,53.2892274,84166.8620469,4.41734426168,10,
3302,624.297467566,497.983752,420155.485582,7.41122341596,10,
3303,624.373863737,574.50354,481632.157063,7.71586211269,10,
3304,624.832412031,743.48298,3679091.20957,2.36501678233,10,
3305,626.26587847,434.139072,312009.317892,9.8149417794,10,
3306,626.347200713,451.143048,120838.253345,4.63411884004,10,
3308,627.27531805,658.4721,3709089.92243,0.999416313975,10,
3311,628.36823588,466.289334,3313206.09612,3.83337167864,10,
3315,629.371649711,466.758618,998201.497922,4.5827571875,10,
3317,630.326620578,576.907995,385470.125125,3.85091118682,10,
3591,728.879662994,747.033,13627349.7257,1.76189366168,2.0,[M+Cl]-
3319,631.373535767,468.92124,230307.915885,10.1009612348,10,
3320,631.42230876,103.022082,810388.242306,2.99787029767,10,
3321,631.806524718,633.18102,442003.241686,6.83989583405,10,
3323,632.269364589,290.57841,2596339.9165,6.88311946298,10,
3326,633.30299451,106.448382,802418.397287,9.7503603638,10,
3328,634.472321683,57.6321567,107329765.662,7.55942535645,10,
3329,634.995178363,766.78971,8075913.04818,14.1159828402,10,
3331,635.441243299,446.909244,129721.08363,9.03278894452,10,
3332,636.486923196,114.3255,238939.080098,0.390079988883,10,
3333,639.348090962,557.74788,2213139.524,2.23913075319,10,
3334,639.373334253,639.61332,397650.096055,4.66571982312,10,
3335,640.347143082,424.23321,1450118.12717,0.695481802901,10,
3337,640.376406983,639.5028,114030.562027,0.322763501322,10,
3409,664.443992637,107.806542,2562690.15978,1.94931410355,1.0,[M+H3CCOOH]-
3340,640.626381282,114.205176,1719894.23853,3.5955413564,10,
3341,641.267567939,596.383605,395616.766829,7.94834288061,10,
3342,641.298226831,433.892853,698535.089036,1.72566935724,10,
3344,641.364136504,533.168784,214015.470034,9.62565766926,10,
3347,641.629794688,114.445824,688923.094017,6.58831828203,10,
3348,642.326539215,474.759867,831205.283155,1.5880328759,10,
3349,642.323346965,669.02052,99008.8785447,6.68069379597,10,
3350,642.363208764,606.98382,167641.874573,3.54380773579,10,
3353,643.342955581,602.53128,1277342.75853,1.44506967208,10,
3355,644.012499421,53.913543,220631.889426,3.39633950364,10,
3356,644.318894522,462.503733,407936.310006,1.12338693669,10,
3358,644.612934317,113.680626,274529.969701,4.31897515865,10,
3360,645.322471418,693.342,186727.990748,7.30848251373,10,
3361,645.38898326,464.947998,411648.908831,1.39729149425,10,
3362,646.391782605,465.028257,82489.0081691,13.6256215033,10,
3367,648.336775904,489.466266,439149.341207,14.0740042812,10,
3368,648.462081584,232.849638,2430583.16898,5.90621143998,10,
3369,648.876143556,744.87024,9662639.68979,2.65715590061,10,
3648,746.987135429,761.78436,103222877.935,0.686474335984,1.0,[M-H]-
3371,649.457213359,444.402027,283133.194108,5.30476597784,10,
3372,649.465290558,232.792497,891973.3939,14.4498820718,10,
3373,649.879272367,744.93375,1419370.2308,0.562922298378,10,
3374,650.3763815,538.484874,342062.394135,3.97684580404,10,
3375,650.782746829,2001.99153,1549173.0106,10.8828451445,10,
3376,650.877886071,538.397907,223235.17042,4.65625186326,10,
3377,651.275190364,602.18868,358192.491957,6.02797946695,10,
3378,651.383904841,535.411917,701117.064129,9.37878704762,10,
3379,651.88577841,535.412274,453646.962417,4.84914358754,10,
3380,652.274388047,535.000536,497639.827632,6.01856871279,10,
3381,654.315331812,427.918614,3341221.42931,4.24321271922,10,
3382,654.420418453,418.816482,230256.448208,2.96953571469,10,
3386,656.321254708,427.879923,245624.323743,13.263903548,10,
3387,656.376608745,465.596382,188084.573323,6.82369941145,10,
3596,731.013154114,768.41676,194022089.093,0.306533144629,1.0,[M-H]-
3389,657.358768786,590.370804,610082.524844,1.90228483787,10,
3390,658.321501065,533.749386,174773.40963,6.51861860269,10,
3391,658.36191095,589.391109,151811.977161,11.5986394592,10,
3392,658.392663885,463.561185,162560.238845,11.0910280068,10,
3393,658.421313886,114.3255,338661.287834,3.1022520705,10,
3394,659.28384709,616.28004,368139.871377,2.9596169707,10,
3395,659.361011457,151.897086,1234633.87994,14.1745387529,10,
3397,660.408175962,461.939787,1542146.65398,0.763384511235,10,
3398,660.46260845,187.043529,1294458.79736,7.87121441289,10,
3399,660.524834027,54.9022638,951426.724488,6.67246144,10,
3400,661.357869016,427.523274,370936.226214,3.87872839916,10,
3401,661.410945081,462.016476,291969.846982,5.16342772792,10,
3402,662.31252189,741.64911,4025049.15354,14.8700706824,10,
3403,662.790348976,743.64264,1571518.94293,4.64909297203,10,
3405,663.275369906,581.548659,233579.749155,11.0378703166,10,
3406,663.316316822,741.85881,1176518.05514,0.0122360858733,10,
3407,663.507047857,56.3681043,4480586.04135,7.877365351,10,
3408,664.262808413,104.628621,636510.621068,11.1163050081,10,
3413,665.300771063,657.76884,145464.180704,8.00609399155,10,
3613,736.138459089,55.0691802,15233262.8518,6.41406376935,1.0,[M-H]-
3477,690.42337095,110.26782,1421033.68947,3.84156871567,1.0,[M+H3CCOOH]-
3420,667.33390665,73.511163,10905259.8945,14.6230676668,10,
3421,668.467016257,171.628242,4775240.75394,2.41759576571,10,
3422,668.657769555,113.558424,943278.886015,10.996765974,10,
3423,669.066507908,54.2339376,424029.530718,6.2263617745,10,
3425,669.470605401,172.083696,1816403.01973,4.80916665272,10,
3426,669.660989082,113.558424,407239.050691,5.54803715566,10,
3427,670.447501622,185.908968,825456.901186,0.485860875718,10,
3428,670.837291346,747.34848,2499992.29112,1.74467822708,10,
3429,672.300652559,436.183002,205972.340644,12.0703990967,10,
3430,672.373684204,441.551364,714261.619365,3.70977381455,10,
3432,673.420183307,459.017661,243871.062261,3.52432022196,10,
3433,674.316535617,523.542774,293481.561917,0.956964464887,10,
3434,675.02401731,769.995,14971653.332,13.632986459,10,
3435,675.175554481,742.51062,1143593.8859,1.56965646071,10,
3436,678.415074525,183.728742,1153812.20364,5.23507847391,10,
3437,679.33391233,73.355409,7168618.39595,9.16164936176,10,
3438,680.33823733,691.58634,1309770.27021,3.64839979717,10,
3439,680.38706165,538.817376,593659.199781,5.39813058586,10,
3440,680.430635578,181.168116,1782833.42688,5.42070728639,10,
3441,680.522774085,421.847604,480550.450174,0.970038446602,10,
3442,680.888827021,538.655292,418633.714776,6.36822204188,10,
3735,778.934832514,753.543,20903865.9837,0.282519082804,2.0,[M+Cl]-
3444,681.394525489,535.15917,1325542.46901,3.54084122176,10,
3445,681.433751544,181.560969,672485.514506,4.49372230004,10,
3447,682.398133576,534.826878,362057.53401,5.51994517069,10,
3448,682.411398528,152.30547,1302664.74878,6.8901921309,10,
3508,698.477353668,181.80549,3774330.15315,8.00874403997,1.0,[M-H]-
3450,682.53715975,423.848352,168075.266187,11.455982441,10,
3451,683.40501738,459.989289,2599544.57715,7.52067836312,10,
3452,683.450281617,181.646742,1652315.13598,2.09393410148,10,
3454,683.485862106,171.862017,2011167.97426,8.16085911371,10,
3455,684.408184883,460.073496,961690.702313,5.33718234001,10,
3459,686.37404215,615.8166,209228.39436,0.920915450642,10,
3463,686.513251507,171.226701,832176.097705,0.534156907081,10,
3466,687.394633681,537.572718,540447.061134,1.82915477608,10,
3467,687.435959278,456.655608,687737.016058,6.47890971777,10,
3469,687.509008793,375.82287,555303.598471,4.53809826951,10,
3470,687.80343105,560.429256,396245.548276,10.042595803,10,
3471,687.896213405,536.820264,376134.436818,2.47179900358,10,
3472,688.401641776,534.250284,865077.305959,1.58631206664,10,
3473,688.438406099,456.509115,239792.582294,2.64159738003,10,
3474,688.492795469,448.727112,312284.459473,6.17383272336,10,
3475,688.903420934,533.832534,525160.829632,3.96004756372,10,
3476,690.326331591,427.173606,2070586.05133,2.0566145869,10,
3478,690.478531697,104.59233,2430015.08757,1.09938710697,10,
3481,691.333904096,72.576603,8391322.55072,10.6942949116,10,
3482,691.426670672,110.771586,479968.473874,13.3227039509,10,
3483,691.50406028,438.519744,386109.37813,5.54238302185,10,
3484,692.30483119,536.815272,849790.730529,7.804860042,10,
3485,692.326935438,602.18868,427542.860608,8.68508114909,10,
3486,692.507211457,438.519744,123612.972588,9.7989752755,10,
3487,692.558774532,407.419842,580767.521514,2.11246246446,10,
3489,693.308277634,536.907333,273350.723238,0.538948617508,10,
3490,693.349473197,72.421092,8433070.14324,11.9468990546,10,
3491,693.492425121,398.957568,359717.66956,4.94553772003,10,
3581,726.384125374,440.194878,2503392.53015,1.96341937587,1.0,[M-H]-
3494,694.482572947,169.08525,4303846.45738,7.37529103902,10,
3495,694.538433506,419.82135,1331181.19565,3.42831069751,10,
3496,694.668207516,265.032894,10072148.5637,5.9058045914,10,
3498,695.999681168,264.3225,8893900.85785,5.75001633471,10,
3582,726.40544617,666.3282,899926.044125,8.65466285267,1.0,[M-H]-
3536,712.493128378,179.240364,35121820.8551,4.1214620565,1.0,[M-H]-
3501,696.498241966,169.632906,21009625.2281,7.68447926265,10,
3503,697.169200192,81.047172,555975.129583,2.16033309619,10,
3506,698.182861368,697.18734,584190.121133,5.15249262945,10,
3507,698.312561785,670.17882,1052439.10884,2.02509407312,10,
3509,699.315964205,670.3167,322547.14183,3.19777034975,10,
3510,700.347770882,198.737118,11961987.0518,3.29967326252,1.0,[M-H]-
3511,700.482212406,2045.44575,559867.92365,3.07207849134,10,
3513,701.524645204,372.925458,5299379.16102,4.60324271406,10,
3514,702.508528616,448.394118,125243.127285,5.0006954211,10,
3516,703.531484992,372.682677,495205.364151,7.05825305369,10,
3517,703.871303478,440.194878,853716.000871,3.7145738556,10,
3518,704.372821595,439.853976,676981.713648,4.52738683148,10,
3519,705.519709217,437.519118,565927.152219,4.68977136971,10,
3520,705.519575782,403.219521,645827.395034,3.92603559841,10,
3521,706.446209402,179.87724,15734096.2292,3.72796231157,10,
3522,706.482948081,161.71398,722571.948573,8.54786058635,10,
3523,706.523008163,437.230524,215822.895774,2.7133279113,10,
3842,830.465734043,179.559114,2499545.89134,9.46607195456,2.0,[M+Cl]-
3525,708.337058565,422.849358,940538.57606,2.31533672418,10,
3527,708.938134394,777.80502,11062701.8828,4.5589632537,10,
3528,709.340146891,422.567334,351061.615225,3.06539780927,10,
3533,712.295366157,524.280462,207713.883729,5.11149706131,10,
3535,712.466682364,109.50246,214683.790001,6.66624306973,10,
3628,738.508308689,102.154422,1090021.08194,12.5204123826,1.0,[M-H]-
3541,714.344048868,686.56698,830663.38966,0.814409091725,10,
3544,715.324801168,462.509112,1222621.30094,6.37112016587,10,
3545,715.426107802,530.681022,361352.798858,6.51482712329,10,
3547,716.359133326,719.56764,241530.404601,4.72859275635,10,
3548,716.52385617,179.87724,5144118.67364,3.44874363259,10,
3549,717.358712478,506.199366,797771.808015,4.24623611901,10,
3551,718.361547213,506.287512,288926.58947,1.27649394399,10,
3552,718.415252093,437.519118,1659038.81527,2.09790246494,10,
3553,718.509871644,104.473314,3536744.47521,3.50193984575,10,
3554,719.287025888,492.198006,678740.642872,0.343246604474,10,
3557,719.535120654,401.805462,7090803.36835,3.60748565148,10,
3558,720.498716995,159.107484,5195535.21461,7.25472640781,10,
3561,720.893004329,754.2849,3013093.57152,2.15592655176,10,
3619,737.421420344,544.632306,1562005.23395,1.00053360585,1.0,[M-H]-
3565,722.320090022,460.804692,422703.770225,8.55787183999,10,
3566,722.44682801,464.787246,439965.938402,10.053890709,10,
3567,722.514132041,165.957453,6963877.22728,8.59916660098,10,
3568,723.120363133,282.24678,4496142.71396,11.714876077,10,
3569,723.448618616,464.543358,124431.923848,9.89366181947,10,
3570,723.517671637,165.573795,2842089.24878,6.37615225636,10,
3571,724.335615121,457.482462,208705.470858,4.31461894705,10,
3572,724.368662489,618.43842,973310.18547,3.29967969716,10,
3573,724.492878587,176.929149,4153027.05634,1.01875304269,10,
3574,724.529856346,165.556236,17251127.8235,5.68938456296,1.0,[M-H]-
3575,724.912285716,777.04896,4413335.04893,6.57294058115,2.0,[M+Cl]-
3576,725.117062314,282.24678,4922625.47544,8.19972729259,1.0,[M-H]-
3577,725.371785936,618.585,367739.549409,1.51696649218,10,
3578,725.39777455,153.183087,666988.296522,3.94714453398,10,
3579,725.395786132,669.99444,123136.716219,8.30994687849,10,
3583,726.508171169,176.38299,4969071.08546,3.40899615359,10,
3585,727.400644846,563.005176,844425.61792,3.12768686967,10,
3587,727.51185558,177.023979,2113497.92339,8.72294654426,10,
3588,727.548000454,171.945102,2243048.31772,6.46400900481,10,
3589,728.389804856,440.528982,200483.609143,8.8198370299,10,
3590,728.403797889,562.883805,299029.492676,11.8571656733,10,
3592,729.527619338,176.771088,1193532.3881,2.50885380261,10,
3593,730.317516658,673.75851,362984.300873,2.71918242324,10,
3594,730.364032837,642.46326,129094.295219,1.08942223618,10,
3597,731.420655405,615.47016,261277.197157,2.73162290938,10,
3793,800.644151442,66.505845,50437503.6637,0.594284080204,1.0,[M-H]-
3601,733.522538652,82.37982,928191.925895,5.80852031378,10,
3602,733.550960461,434.284608,550909.623412,5.91038988192,10,
3604,734.477494838,176.699736,48862193.5833,4.18145032121,10,
3605,734.504916381,108.996078,2538868.08888,5.67315526052,10,
3606,734.514357819,157.407456,992927.468649,9.94346130361,10,
3607,734.534933,102.059682,2307209.40765,11.7287287322,10,
3608,734.554259888,434.498868,226751.526454,7.24523902872,10,
3609,735.14746338,53.7752766,123661.474724,1.92565171998,10,
3610,735.481080726,176.699736,21636553.8885,5.23836399116,10,
3611,735.508090874,109.185708,1120677.04799,3.70110063055,10,
3615,736.460149213,51.3200319,458676.152707,10.7489999464,10,
3629,738.508453431,174.797868,99013212.8335,3.62427003801,10,
3620,737.454383551,1973.62797,831977.115822,11.5504321828,10,
3621,737.453830314,1926.98637,1589508.48233,2.36477203195,10,
3623,737.546321272,445.574988,306811.463605,5.90897185578,10,
3626,738.34198959,680.77719,78422.0904706,7.66481318038,10,
3627,738.424277086,544.459266,606898.977098,6.69395446917,10,
3630,739.000483313,770.20257,9748911.84636,3.43854947426,10,
3631,739.094155093,281.19588,5430185.28614,1.6863244332,2.0,[M+Cl]-
3634,740.523830559,174.163992,50102375.6937,3.96791191677,10,
3637,742.566129539,67.182237,31719818.3305,2.92619204003,10,
3639,744.333608481,576.448224,248037.940666,13.9457852323,10,
3640,744.400802829,107.100198,1293271.12391,6.05421836286,10,
3644,746.402055084,82.455114,923086.737932,7.29825691424,10,
3645,746.49043268,187.940676,427393.841182,12.9855568216,10,
3647,746.852473819,745.10028,4013644.58403,3.10800241264,10,
3649,747.566755278,432.613608,747693.162139,6.55432142376,10,
3651,748.371160576,420.490728,138212.154154,12.3608953576,10,
3652,748.423716265,53.9354739,133765.720173,3.94989258826,10,
3653,748.470172573,338.080671,1644089.76533,1.6272714821,10,
3654,748.529843443,155.232222,2327596.72118,8.52154375575,10,
3832,820.608353877,103.313676,489693.396457,13.8570331753,1.0,[M-H]-
3656,748.569654125,432.613608,304572.945609,5.43818586586,10,
3658,748.986399415,760.67598,16834453.544,6.41418127671,10,
3659,749.457310751,508.72851,691039.182461,6.22686182168,10,
3660,750.460425612,508.665201,244020.327562,0.900804836895,10,
3662,751.41150417,547.108866,359323.896949,7.14951809241,10,
3663,751.408129651,106.664082,4649161.00022,8.19138915375,10,
3665,751.561477591,444.700104,371982.612163,4.46216446538,10,
3666,751.910022354,106.78569,3601458.26963,1.90971373924,10,
3669,752.560958459,163.44894,16137430.4474,7.34431237573,10,
3670,752.564671527,444.233736,137498.571008,11.6234763584,10,
3671,752.891987913,779.1717,886691.322942,0.802767182812,10,
3672,752.911377602,106.761945,788951.159737,1.60270034322,10,
3673,753.329302768,424.039803,197213.447904,8.59977532929,10,
3677,754.904901854,92.13942,1764996.89527,12.7152359545,10,
3879,879.045332176,770.9409,50858262.857,1.07321110765,1.0,[M-H]-
3679,756.390486579,611.83188,252751.420378,9.85910183688,10,
3680,757.410931662,574.759473,91079.3417212,4.07025517246,10,
3681,758.477600192,166.851114,5193862.57272,6.40170711583,10,
3682,758.578890725,81.965808,939722.304285,11.8942605612,10,
3686,760.471551221,328.013484,9370220.65921,4.19066616754,10,
3687,760.477400581,199.668984,1193145.78476,9.37497431386,10,
3690,760.820724691,743.80425,2637445.27167,0.138294317951,10,
3692,761.582215404,430.94286,1781830.92173,5.4150724242,10,
3694,762.508681815,164.592984,15180045.4113,4.57573930733,10,
3733,778.561443072,340.607016,3911254.31867,3.53232772086,1.0,[M-H]-
3698,762.960790027,757.2504,42531984.6193,1.5966869964,10,
3699,763.512167775,164.442039,6822484.72762,0.496791045111,10,
3701,764.489189708,102.493638,804224.029763,0.882441893338,10,
3702,764.524147226,162.982866,9903945.16232,7.51732117747,10,
3703,764.545562834,344.88141,3216376.72788,5.1574271753,10,
3706,765.577220849,443.019732,527135.865715,4.92506981049,10,
3707,766.504322041,102.395964,921378.645865,7.58518871305,10,
3709,766.580355369,442.723845,225682.229373,0.113912759883,10,
3710,767.370290829,707.78586,1050950.5151,3.06900181173,10,
3714,769.426492509,526.874148,2383664.20707,2.22228694244,10,
3715,770.429640889,526.771275,1013411.63018,0.331733180277,10,
3841,828.990254452,762.31662,50537232.877,4.9151390394,1.0,[M-H]-
3718,771.431517894,527.195193,212714.394294,0.0475198583828,10,
3719,771.529778174,439.642482,93719.9690018,6.93969608856,10,
3722,773.363060624,608.0166,345169.255177,5.32598238613,10,
3723,773.544921446,438.848538,89512.6491356,6.19671661068,10,
3725,774.391282613,783.61512,1838244.93213,9.29748770561,10,
3726,774.96734882,778.75728,6497694.98374,5.30434957418,10,
3727,775.597813334,429.507864,684945.90503,5.36531703293,10,
3728,776.561056251,153.939966,3034859.83339,7.47097463266,10,
3730,776.601186364,429.527766,276827.412791,4.29903137281,10,
3732,778.440795216,131.206212,895022.558876,6.51625101906,10,
3846,835.626788826,84.103002,506503.439832,10.7931808641,1.0,[M-H]-
3736,779.44362889,130.934757,356287.560948,2.15599585912,10,
3738,779.592680494,442.010862,471497.397835,2.71994658228,10,
3741,780.483268322,332.959314,7995708.36402,3.63438461539,10,
3742,780.595936793,441.88674,192599.967913,10.2602042245,10,
3744,782.498855701,328.371684,16738785.5039,4.61179828657,10,
3745,783.426828006,574.939014,1153951.60085,0.144133235432,10,
3747,783.574097574,434.892429,73976.3984068,2.53539126737,10,
3835,825.701656891,54.4129734,336046.1079,7.71789946615,1.0,[M-H]-
3814,812.481765226,84.199782,2209847.72401,8.35431465609,1.0,[M-H]-
3890,906.491208707,327.339102,1468616.90325,10.4812847675,2.0,[M+Cl]-
3752,784.478686366,194.551917,2048254.111,9.15134006902,10,
3755,785.482193035,195.054039,922108.100881,4.70101191732,10,
3756,785.517469184,327.917016,14585257.2224,3.30725703469,10,
3757,786.484722792,320.017044,22602438.8969,10.5559553934,10,
3758,786.4931259,194.155992,3324074.23522,3.96716590552,10,
3759,786.628346633,66.644121,54287965.0161,5.5524434856,10,
3760,786.647252755,122.94642,463550.154471,11.006297006,10,
3762,787.513130861,160.967712,293626.759421,7.32693754957,10,
3798,804.576169363,329.464614,4890975.86846,0.170916333817,1.0,[M-H]-
3764,788.500266513,318.73755,22461462.1347,10.4632048297,10,
3765,788.524482735,161.117778,1173710.04084,3.07856508813,10,
3767,788.643658538,66.590424,69013834.82,3.57406706003,10,
3769,789.613821171,426.918846,862050.042539,3.52460999552,10,
3773,791.623271745,54.4129734,413007.065566,7.29736002423,10,
3774,792.436042806,177.34173,1483293.90135,10.5015050131,10,
3775,792.576795607,337.151682,15186202.5984,5.74138796056,10,
3776,793.389915997,500.976132,663147.624499,12.8264240551,10,
3778,793.607503976,440.194878,132480.12184,5.6290060926,10,
3804,808.273705508,105.291288,863525.026875,4.26667357938,2.0,[M+Cl]-
3780,794.908817994,750.98862,10893768.6699,1.6236382793,10,
3782,795.488978052,486.425493,315276.530258,2.36941403349,10,
3786,797.442201096,679.01334,57997.4198503,3.48046313859,10,
3788,798.416475916,517.815612,1416716.2682,4.18861774549,10,
3789,798.529454991,324.380994,6302093.76728,2.31911883107,10,
3790,799.378809269,605.6094,600161.891848,3.42061049704,10,
3792,800.381783767,605.95068,229932.221394,8.05284620046,10,
3794,801.54890865,329.854368,6050193.76604,1.88278147149,10,
3795,802.433791283,181.315572,1163695.81954,11.0115289589,10,
3796,803.236012491,285.620874,10530058.7855,13.8209523805,1.0,[M-H]-
3799,806.216901403,54.5505582,2953184.5049,2.41374904566,10,
3849,837.665255178,54.5900052,746122.544236,5.2729010256,1.0,[M-H]-
3875,866.554838281,318.933555,2890670.54493,9.78885013543,1.0,[M-H]-
3810,810.882711019,748.73226,6538051.64019,1.39855238911,10,
3811,811.390619391,478.728996,623831.06963,8.3204388272,10,
3874,863.455133397,55.9736697,4657498.19812,13.344201804,2.0,[M+Cl]-
3815,812.501199159,317.211306,34248949.7606,10.0090274454,10,
3820,814.56023521,324.253692,76405588.8833,11.3919693603,10,
3821,815.519233936,313.935048,19264606.9208,11.1423515101,10,
3824,816.675282372,66.194163,39749501.8923,0.340163140543,10,
3825,817.386342554,592.911816,497521.757444,2.155344409,10,
3827,817.645075438,423.23385,1994184.27507,3.090814041,10,
3828,818.591293919,324.506556,17586006.1519,2.80098571847,10,
3830,818.642361208,54.5505582,299966.927769,11.0297170904,10,
3833,821.670333138,54.8640588,4650071.49237,6.50364558841,10,
3836,826.42667269,418.147476,237073.620119,6.84388752619,10,
3837,826.561129557,317.973807,7865159.71929,2.22232548308,10,
3838,828.448920411,586.813428,369610.71815,1.34336595357,10,
3839,828.675128654,66.332817,42071599.4749,10.2175267435,10,
3840,828.855656415,746.75796,2088485.61468,0.46898869972,10,
3843,831.661214827,421.500216,463747.985195,5.73687586755,10,
3911,956.561097304,177.882594,2532707.0797,2.88664800253,1.0,[M-H]-
3845,833.417699486,687.72684,682436.622212,5.98222374886,10,
3850,838.007342654,264.644745,16785048.2325,8.55478372193,10,
3851,838.560593316,314.897172,123752246.35,2.76494141912,1.0,[M-H]-
3852,838.797862042,743.69169,559763.121025,7.15287863868,10,
3854,840.52740589,106.823001,606200.371009,1.73865736303,10,
3859,845.675740476,419.80977,1052273.5747,0.846502503333,10,
3860,846.391294027,547.43241,1675550.38122,3.23035795972,10,
3862,847.436727296,442.893738,331631.03224,3.39730325859,10,
3863,848.638991935,103.217934,551777.500081,3.27751826532,10,
3864,850.703772106,54.0960972,151341.802971,13.2219656499,10,
3865,853.45852226,446.05773,321952.49749,4.03072241279,10,
3866,856.970081983,778.5333,3158654.34871,13.4266672223,10,
3867,857.380308045,537.152994,431190.26986,0.988712017049,10,
3868,858.797226145,743.9016,1103883.17709,2.42701579695,10,
3869,859.691213883,418.442406,109121.432699,10.0314007548,10,
3870,860.545406005,293.833842,5685775.89923,0.210821088891,10,
3873,861.642365068,83.946627,359211.682625,11.7123206987,10,
3876,872.943969747,777.10944,4098197.41957,3.43419024385,2.0,[M+Cl]-
3877,875.556642111,320.119098,1802019.58305,13.3045057943,10,
3880,880.454485265,629.58504,981848.161771,3.28461660878,10,
3882,885.509974588,425.50923,806798.158336,3.59835251063,10,
3883,892.490840537,672.9918,598252.630095,4.91972247965,10,
3885,895.019044796,768.83172,44058978.615,10.5393006578,10,
3886,896.485348309,692.64027,248238.312374,0.532945335387,10,
3887,896.536588044,490.711881,337132.944876,8.7831972429,10,
3888,896.588307626,210.86748,2210225.18088,6.96794940056,10,
3889,899.556182648,319.3773,2357063.81802,10.0829888644,10,
3891,910.858687154,748.52478,816508.515303,6.7985540818,10,
3892,910.992972457,761.5665,27354697.9998,3.91137663028,10,
3893,914.599202463,235.370238,2591564.45235,2.45036514971,10,
3895,922.501573464,670.86672,702357.567204,1.20826519711,10,
3896,923.488326006,433.892175,184214.645947,2.07775693441,10,
3898,925.475899563,701.9046,389792.045144,0.117068026508,10,
3899,926.47833337,701.25801,161414.857928,11.5917824505,10,
3900,927.454618219,596.330562,179147.757764,6.51226308662,10,
3901,927.548651987,404.09922,565151.751034,13.3882696772,10,
3902,928.531024769,180.754965,524018.920184,8.44651043791,10,
3903,944.44868926,614.97552,162835.533028,2.82908600608,10,
3905,951.547937012,403.114968,513394.437036,1.48457619363,10,
3907,953.563645305,401.805462,582870.29677,10.6060084158,10,
3908,954.545594675,176.699736,2155680.89677,8.86496902106,10,
3909,954.566381418,401.510208,246291.859272,9.78152852918,10,
3910,955.579628141,399.816852,519409.050893,8.86394822826,10,
3914,958.597616518,398.112387,163966.16837,3.09692523757,10,
3916,961.475947327,699.39936,487270.975496,1.47134319387,10,
3918,977.022047277,768.0048,18873146.2668,5.39665254548,10,
3919,984.591832111,174.392784,4615116.3059,9.86925706699,10,
