peakID,mz,rt,maxMeanIntensity,RSD,bestScore,bestAdduct
1,102.018162787,543.412299,1321017.30585,1.86411422473,10,
105,145.049539365,156.471324,44307951.0006,5.04885933744,1.0,[M-H]-
3,103.038588873,421.261062,99015160.6304,3.97469316492,10,
294,184.027495573,685.10154,12411129.2345,9.14043844295,1.0,[M-H]-
5,108.052207897,215.413017,423598.223774,11.5950258003,10,
6,108.900569444,49.5030762,4950770.43643,4.61125821481,10,
7,110.023313957,176.567316,25836189.5628,5.33431830526,10,
8,110.034615658,204.030147,3796466.15886,12.8067971505,10,
854,243.062046317,176.252442,2946488646.43,4.37818862536,1.0,[M-H]-
10,111.018650431,113.035026,65281445.5655,2.74972625988,10,
11,112.015683432,113.457918,314362.115416,6.01554078852,10,
13,114.02958396,222.29721,2117331.11986,4.35519817778,10,
14,114.023006372,458.061753,22340989.251,2.37415906273,10,
15,115.013597255,117.3234,1061176.34624,8.65115138748,10,
16,115.01937477,458.062014,100344903.925,0.989210166852,10,
17,115.038680851,316.64865,114957561.394,0.667916245798,10,
18,115.058008397,650.0388,10582643.9853,0.820724678525,2.0,[M-2H]2-
96,143.081489869,109.976034,2186508.26143,10.8973492235,1.0,[M-H]-
442,203.08182269,438.21318,1344403571.89,2.37218995867,1.0,[M-H]-
536,212.05917176,578.748876,37776586.419,12.8667749475,2.0,[M+Cl]-
154,159.07641566,698.4873,28537890.3435,1.58297607284,1.0,[M-H]-
24,117.927338813,50.4962577,9620367.0324,7.30666953338,10,
25,117.927263315,93.710094,43442205.7876,0.63650926828,10,
26,117.99546899,106.10829,396837.901734,9.04305459087,10,
28,118.049605346,798.84936,69606029.5876,13.0632634879,10,
29,118.049600377,710.59968,96677042.9463,14.7745104448,1.0,[M-H]-
274,180.065692985,544.727106,2402962546.79,1.11803025737,1.0,[M-H]-
1313,279.01897862,123.725778,55717107.766,7.08639827696,1.0,[M+H3CCOOH]-
1866,313.10457901,790.65474,205657496.867,5.20873312673,2.0,[M-H+HCOONa]-
474,208.061070328,325.619826,25380516.3904,13.3400482699,1.0,[M-H]-
35,123.010820067,127.565406,2556513.60512,6.16328040193,10,
36,123.010868749,111.806532,1032448.43052,0.970764918042,10,
38,123.947980356,272.370435,6545874.9194,1.67137459349,10,
39,124.006075582,569.665884,26953818.4349,2.14892469247,10,
40,124.982650247,87.892338,2528131.31885,1.96726180384,1.0,[M-H]-
41,125.945065585,272.941182,6627850.38099,1.09179480679,10,
42,126.000662216,166.473438,12834307.8017,5.6311688048,10,
43,126.001852619,570.77703,1165139.27984,4.96032251705,10,
44,126.934511761,99.418158,3136924.06215,14.6617371379,10,
45,126.999924813,778.57098,132634877.232,0.636596731941,10,
46,127.0387913,124.040667,14661727.7003,7.15823617861,10,
47,128.033997783,574.34202,100328528.574,1.85339408302,1.0,[M-H]-
231,172.984988137,156.400821,1120427.67472,3.07293201594,1.0,[M-H]-
50,129.054404287,100.665414,114249715.968,5.83807160099,10,
51,129.065739447,117.048048,16602490.65,11.5221064357,1.0,[M-H]-
52,129.090797682,101.9148,195624698.22,7.8861606244,10,
236,173.092255036,552.666264,83987793.7418,3.19905125357,1.0,[M-H]-
54,130.038282502,574.665768,547728.671306,5.73229919226,10,
2032,326.11094264,168.787944,52637932.4684,6.3227530496,1.0,[M+H3CCOOH]-
57,130.086023092,481.839474,4178618403.04,2.50928849494,1.0,[M-H]-
58,130.08599928,509.067801,2129828546.44,3.14631028587,1.0,[M-H]-
60,131.070181097,138.816792,66044244.5461,1.71447136292,10,
63,131.888763269,233.550102,7792736.43126,10.9972509206,10,
64,132.028943682,580.940148,2667185.92934,5.34132754213,10,
65,132.945216417,18.6069792,3534918.95634,9.97622831274,10,
66,133.990382973,97.947408,248084922.342,5.07583096206,10,
2438,356.103952994,104.204886,95787671.4875,4.54680606,1.0,[M+H3CCOOH]-
68,134.046056994,152.040813,111612994.799,9.14742767552,1.0,[M-H]-
69,134.059832503,102.651909,1120949.91882,0.94464950628,10,
70,134.893414715,1511.17797,26213889.0427,4.85402835413,10,
71,134.893426057,2040.26289,98462506.8757,7.01775464933,10,
73,135.943783103,96.522789,30233308.0782,12.5794140571,10,
586,216.033301962,214.97682,250640138.638,3.28700753966,1.0,[M-H]-
799,238.90602322,115.064916,4119047.16805,12.1000441057,1.0,[M+H3CCOOH]-
77,136.935589223,51.4791282,1584969.73362,14.0966359722,10,
78,136.990133141,101.065026,86247334.8677,3.68960749048,10,
79,137.023132378,171.268134,26903731.7872,1.2807080937,10,
80,137.082109204,144.09924,2639373.52811,2.60464762326,10,
165,162.91901124,115.60554,2370162.04384,8.47447442951,1.0,[M+H3CCOOH]-
2020,325.032165781,291.314994,161193645.863,3.1956274499,2.0,[M+Cl]-
83,140.034039674,176.027694,26638088.6914,4.17776596988,10,
84,140.871420143,115.60554,2335500.41865,6.54115536164,10,
363,193.978365504,275.295246,25850400.0083,5.02392108924,2.0,[M+Cl]-
86,140.98524708,117.235302,15424996.6883,5.62783426098,10,
87,141.015648537,777.68214,14516773542.6,0.587825556899,10,
88,141.015660233,751.04346,8600154700.22,2.83747411902,10,
89,141.015711898,561.55275,625004098.97,2.93425258949,10,
90,141.015709117,535.741125,204876628.197,9.50043558126,10,
91,141.015739503,698.0352,361002689.623,0.374285625138,10,
97,143.106522034,100.44003,336010126.053,5.12607519371,10,
98,143.990114835,790.959,11708451.7312,6.98033113969,10,
99,144.076618739,712.65258,3105969.83982,1.21317479899,10,
101,144.121185098,591.626091,886512.373212,0.380452297671,10,
102,144.86854251,233.659956,253874307.655,7.63335857486,10,
103,144.868412441,282.848748,57355979.0081,5.76676699889,10,
104,145.049399565,100.44003,2472018.40554,7.25633190901,10,
106,145.060618126,796.20138,55052883.0161,4.35715602442,10,
107,145.060596359,736.56138,139247962.488,4.86783475793,10,
108,145.085895205,124.799538,32695394.6657,8.02058501262,10,
975,253.09685116,116.266794,929111.451926,8.45846692137,2.0,[M+Cl]-
212,170.042518602,685.0518,56757176.932,1.5406072787,1.0,[M+H3CCOOH]-
111,146.044714881,570.316494,18284194.1162,1.85816015081,1.0,[M-H]-
3202,437.214331386,489.261852,194830007.349,12.245085681,2.0,[2M-H]-
113,146.865579534,233.339706,250801179.871,6.47530683158,10,
114,146.865468927,282.61998,59100414.5257,6.09069304773,10,
115,146.964822527,1677.75354,45364011.0983,5.06902525485,2.0,[M-2H]2-
116,146.964787078,692.75184,147952632.934,14.1920167573,10,
173,164.070602665,448.706808,2530616306.58,12.6623984915,1.0,[M-H]-
121,148.042584706,529.44525,412615982.651,1.95541173996,2.0,[M+Cl]-
1324,279.147994897,284.809494,41825911.9815,2.40218994179,1.0,[M-H]-
123,148.86257529,234.189474,124444715.226,2.3260234027,10,
125,149.132400856,100.752276,2403992.19998,9.60346662059,10,
1385,283.068689187,565.747506,236228502.547,0.426325580357,1.0,[M-H]-
127,151.02501147,235.597482,118081044.514,1.7421560395,10,
128,151.039017266,220.81122,36254073.2393,8.81180912839,10,
1056,259.093882836,157.524054,4706813.27423,4.43018057432,2.0,[M+Cl]-
130,151.075312017,100.977924,5159416.71752,6.03346400127,10,
132,152.081789144,617.41212,593998.586159,3.76865013635,2.0,[M+Cl]-
781,236.908029448,115.283292,4206417.74801,9.52062590401,1.0,[M-H]-
134,152.99471567,640.27188,344044.681269,2.01415086762,10,
135,152.994676227,514.35612,3614175.97414,4.91751529225,10,
136,154.016873944,568.344516,953897.489298,5.47203266565,10,
138,156.845548851,115.42167,933152.791508,3.16862797693,10,
139,156.989697873,782.3895,110450030.356,2.24165651504,10,
140,156.989733647,728.64444,7584615696.75,1.61434664375,10,
141,156.989800459,1597.4151,47909367.7709,4.46661986218,10,
142,156.98984881,1743.12195,32406630.0267,8.96398667535,10,
143,156.989825366,1653.43935,58085420.0386,0.269952141227,10,
144,157.035697419,221.974212,75118561.2407,4.86718491255,10,
1553,293.176195333,100.752276,483681978.576,0.659787528515,1.0,[M-H]-
1490,289.160128383,550.088766,13251246.5529,4.44223711736,2.0,[M+Cl]-
428,201.123819582,504.990876,210385220.403,2.2947011743,1.0,[M-H]-
148,158.03905941,221.005578,3154551.97601,7.54771354361,10,
152,159.026676756,458.57793,19217173.0901,13.5914595893,10,
153,159.065163136,95.987652,25622147.608,5.15326164665,10,
155,159.076449142,618.28722,990748.468012,3.0573011627,10,
1474,288.164280545,111.85866,6412341.91024,5.18809370251,1.0,[M-H]-
158,159.12027779,111.85866,1026932.28988,8.522411324,10,
160,160.92104564,115.38729,2325642.08536,6.22440459885,10,
298,185.006015295,155.502426,5277922.58611,10.4823840618,1.0,[M+H3CCOOH]-
162,161.096073421,100.752276,3003642.98594,8.78077015572,10,
163,162.077515818,104.002716,226030.29914,11.125637418,10,
164,162.076179697,605.70135,404819.86898,8.98631204015,10,
167,162.958384199,155.685702,1775832.73127,6.7589429649,10,
168,163.025267594,117.646524,627192.188192,1.09395256698,10,
170,163.042345123,101.356293,905276.694087,9.19341392195,10,
171,163.075392241,101.065026,7460546.77737,2.57161402633,10,
174,164.962751278,155.223369,1891387.77509,0.577987039041,10,
175,165.018268179,99.729654,97102343.9313,4.08582733045,10,
176,165.018347225,1603.06098,125098286.976,2.5661160022,10,
177,165.018346469,1618.70502,130244016.233,12.2529965298,10,
178,165.018235513,289.744986,292900723.816,3.46533535859,10,
179,165.018314962,815.42712,39004480.337,11.6258540605,10,
180,165.018350182,1968.84987,119290613.968,6.69298975492,10,
181,165.018315655,1705.27869,149277768.52,7.36320397034,10,
182,165.018338615,606.26736,115244766.194,2.94646197247,10,
183,165.018324891,995.69403,55615918.3555,2.94599055536,10,
184,165.018338221,1394.98947,186970382.225,8.35687501852,10,
185,165.018371163,2052.39489,126975790.205,10.3547246578,10,
1929,317.09938982,144.221178,7326498.4215,4.16028115426,1.0,[M+H3CCOOH]-
189,165.893558616,116.031534,5914497.18643,6.46670652171,10,
190,166.013588933,101.177529,1395293.09457,5.85530835303,10,
191,166.021666084,1704.01143,11714086.3828,10.3038373491,10,
192,166.021730579,50.9877558,6393959.21749,7.48364782927,10,
193,166.086327439,101.690268,7443703.22577,4.74894048703,10,
194,167.010714851,797.13849,1955042.77547,0.029411702074,10,
195,167.031677149,160.018062,1247437.34647,0.749924740583,10,
196,167.106750582,101.065026,6115623.71766,6.91110871499,10,
197,167.106842903,125.480187,9958232.61507,8.88857554787,10,
198,168.040537886,268.123494,1786370.51625,2.05897118529,10,
199,168.042116956,855.41478,2834567.66887,3.0594866167,10,
200,168.059147713,546.124776,5079636.94894,8.83129946913,10,
3026,416.128784252,109.929288,502146.895033,7.91861466136,2.0,[M+Cl]-
202,168.913191159,227.793108,17752261.5261,11.5040453125,10,
203,168.913066084,285.301014,6824473.34278,14.3655452555,10,
204,168.913273741,145.70649,6195123.9872,3.11797900494,10,
205,168.977696246,113.035026,1167572.17484,4.32075322215,10,
206,169.047161255,106.654416,432875.513458,11.2568022102,10,
893,245.060215477,154.299546,14891526.3257,4.72865163489,1.0,[M-H]-
208,169.105376438,109.519914,574969.529397,12.6014411751,10,
720,229.180650932,101.377902,24152594.2518,5.24350102996,1.0,[M+H3CCOOH]-
1134,265.980058864,166.241064,799200.785796,3.06936473766,2.0,[M+Cl]-
213,170.154217169,137.203782,8221578.10959,5.17061555605,10,
215,170.995919431,182.440962,63759968.1453,6.27443997602,10,
216,171.022536018,132.36978,5427924.71917,4.30949755319,10,
217,171.076567231,797.55198,9551215.32921,1.22657780948,10,
1045,258.153453873,109.929288,659787.170678,6.06330894698,1.0,[M-H]-
219,171.138042848,100.353516,93366582.6192,5.68622350849,10,
955,251.103722164,472.896846,93320799.9466,1.82738192048,1.0,[M-H]-
223,172.000673353,726.59604,57122068.9812,1.36084252822,10,
384,196.058412617,649.68618,17757643.9647,0.129868826015,1.0,[M+H3CCOOH]-
225,172.024294946,107.700654,876405.995263,12.0366348834,10,
226,172.020146808,151.95705,2840448.72172,1.26342385176,10,
227,172.021855032,793.85037,1061717.34089,3.53467130651,10,
436,202.119266022,218.42598,10692884.0319,5.67331556564,1.0,[M-H]-
232,172.990593809,114.439344,665648.059792,3.88667898638,10,
2079,330.06921642,286.062246,143890058.834,11.4786059415,1.0,[M-H]-
234,173.016989623,684.65337,929477.596131,9.86149095887,10,
692,227.139849651,595.842276,59025230.581,14.0728583048,1.0,[M-H]-
237,173.092233962,642.96912,24258575.8839,3.97337853136,10,
238,173.117509545,141.319794,121103378.931,11.1894916428,2.0,[M+Cl]-
239,174.001009322,705.37734,173661.687867,4.55372763348,10,
240,174.095576645,595.004079,3896315.25793,6.18021948982,10,
241,174.838480178,115.335291,346618.418337,0.653661658741,10,
242,174.955141758,469.86357,31826301.6609,3.71233949462,10,
243,174.94574662,116.056668,482693.86383,14.1259100944,10,
244,174.95390571,51.9708834,1171998.23296,5.31295826531,10,
245,175.07148849,668.87568,13233982.2105,4.55810741474,10,
1520,292.016540087,703.32798,1004675.63631,3.8633353212,2.0,[M+Cl]-
247,176.037651186,283.558362,25226778.0505,8.43043058304,10,
248,176.045762059,107.700654,2549409.69709,6.5242041045,10,
249,176.091942967,605.79012,23004304.9386,7.73878336228,10,
250,176.84892678,115.283292,2726198.83505,8.56105669926,10,
251,176.894481843,1755.4557,2464189.11993,12.2469934783,10,
252,176.894476685,1832.12493,1233640.46524,0.196598068045,10,
253,176.89437021,1347.3456,21239482.1763,2.35181355018,10,
254,176.894381572,1420.86303,11206289.8678,14.9392659427,10,
255,177.091182487,101.065026,20746179.1373,8.56281701248,10,
256,178.005855585,704.03682,414526.833769,1.75406998461,10,
257,178.044343413,125.435913,342174.432928,0.144485352589,10,
258,178.072694924,142.12068,1992944.5779,5.66418340557,10,
2805,390.099607848,283.162122,8087990.52134,14.5738709865,2.0,[M+Cl]-
2129,332.859975267,116.677272,9005926.83965,13.2614526613,2.0,[M+Cl]-
419,200.944359624,780.08688,64236846.3271,1.47826735962,2.0,[M-H+NaCl]-
1589,294.994945313,124.283424,3990259.91813,7.68676715261,2.0,[M+Cl]-
265,179.037353738,51.3155082,700668.452651,9.21808076928,10,
271,179.982577568,329.214384,11535871.1093,5.03794699896,10,
1135,266.048468483,125.35224,5753632.11065,40.7195880196,1.0,[M-H]-
273,180.041952749,130.24947,227858.194915,6.51196708619,10,
275,180.065631546,54.8025162,6146087.78334,4.71473161807,10,
278,181.108660402,955.77861,15244033.6041,1.585129336,10,
280,181.86763096,115.360299,697400.034824,12.072520743,10,
281,181.940272831,107.06391,421206.755741,4.37544302499,10,
282,182.057933751,803.51076,346745.946335,1.74568443309,10,
283,182.056279846,617.49228,7258035.49174,7.21337068615,10,
284,182.154269041,167.518194,6903422.87458,5.02505087295,10,
285,182.824246239,115.38729,13637477.2831,10.4185202023,10,
286,183.036282683,87.892338,1041767.94113,12.6676117086,10,
287,183.065560983,147.754554,92550311.251,8.58207692277,2.0,[M+Cl]-
2419,354.144438933,141.319794,18049896.6198,13.9339514146,2.0,[M+Cl]-
291,183.120488855,105.290541,182021.692021,9.40044198405,10,
292,183.157610492,167.531316,448262.528646,12.2245000994,10,
293,184.000451689,102.003024,22530857.981,8.67771296735,10,
295,184.17000335,129.809154,17409645.297,4.58929882733,10,
299,185.021233644,561.820878,4192685.27016,3.60686685726,10,
300,185.042329377,417.93768,7439725.8981,14.4404840226,2.0,[M+Cl]-
1887,314.179995604,103.574394,26378218.8219,4.90468773341,2.0,[M+Cl]-
302,185.153825403,100.084404,35938458.2013,1.68795082515,10,
303,185.173350255,130.049412,1950319.6323,5.86052395411,10,
304,185.927130957,229.920768,2345161.22148,0.349233156936,10,
305,185.993132295,575.822124,1300294.79463,5.29231377042,10,
306,186.016573904,712.54956,16324813.144,2.88182606682,10,
307,186.016636627,685.10154,28240622.9761,2.19477324956,1.0,[M-H]-
308,186.044826775,451.337712,510576929.336,4.89305816674,10,
309,186.112882294,254.095872,107951216.383,4.81432034635,1.0,[M-H]-
310,186.112599762,69.816036,58930813.7417,5.25251249685,10,
311,187.037063835,395.49393,19017932.5821,3.92011510271,10,
1730,304.130420622,454.587138,41475466.1035,6.24963365781,1.0,[M-H]-
1621,297.112441506,550.729002,1667382.96996,2.97500652033,2.0,[M+Cl]-
932,249.091357532,489.89772,19420333.0592,4.59052102186,1.0,[M-H]-
1060,259.130021689,528.235218,3597712.60507,4.83362611542,1.0,[M-H]-
2294,344.19064273,130.769406,3840545.91365,7.62499785661,1.0,[M-H]-
320,187.133185462,101.690268,38816168.3493,4.56987527163,10,
321,187.990223338,575.822124,303433.138968,12.1769449474,10,
538,212.863401211,115.064916,1457480.46287,10.6245118597,1.0,[M+H3CCOOH]-
325,188.950757184,100.977924,7147159.82586,2.75142737395,10,
326,188.970904962,469.340112,108138255.649,6.46102798359,10,
1053,259.091320967,797.55198,6486224.38043,5.03198633388,1.0,[M-H]-
328,189.00749328,156.557424,12034493.1599,8.41646494491,10,
330,189.087333524,684.42894,30915923.7548,1.06342429303,2.0,[M+Cl]-
331,189.087356108,635.9766,9845968.06518,3.67314600785,10,
332,189.975120116,706.51503,75628.1125362,2.64297906241,10,
334,190.086668223,102.98832,1780576.58409,6.90880954332,10,
2369,351.015452359,100.752276,63988932.0226,3.58025358641,2.0,[M+Cl]-
1865,313.041883474,100.752276,46340781.5351,1.33794831357,2.0,[M-H+HCOONa]-
340,191.077939369,225.121284,1126862.84022,2.22107214184,10,
341,191.107174279,51.0353862,1874434.39663,11.6514640778,10,
342,191.97885589,134.294658,2054408.67793,7.93591378169,10,
343,192.016810662,141.399666,7966226.21185,3.31590824378,10,
345,192.051976446,372.252912,3203093.85532,4.4354975991,10,
346,192.052053039,123.01206,4338824.9125,7.68794681335,2.0,[M+Cl]-
347,192.065779635,177.914574,29492391.6998,4.63274499789,10,
348,192.114718186,100.665414,3691672.99339,8.25430403382,10,
349,192.910702683,1706.61753,3059144.31719,7.32926675521,10,
350,192.910831613,1564.59957,34739322.5667,4.08476345951,10,
351,192.910764085,2014.17444,1099848.43689,1.56534379132,10,
352,192.910776156,1892.53515,2612586.62142,0.683636425709,10,
353,192.910835292,1416.82578,27400262.5612,12.5588407422,10,
354,192.910842402,1526.76417,34339882.3026,6.91448974149,10,
355,192.910762855,1277.75385,26129302.4963,5.55491425572,10,
356,192.910753485,1982.44971,847957.300861,4.92679319898,10,
2663,375.038282475,137.444424,1605339.69357,13.1295734278,2.0,[M+Cl]-
358,193.022424282,113.035026,2396416.64487,3.69061835754,10,
1997,322.154465613,120.131046,809324.028137,14.3061276941,1.0,[M-H]-
360,193.099352857,108.563904,1957727.38654,8.30704927364,1.0,[M-H]-
361,193.122639178,100.752276,25177869.4643,4.78971058343,10,
362,193.159027517,100.977924,2817745.95989,8.04048656443,10,
364,194.053248473,119.696229,574310.472893,1.54450844395,10,
366,194.154489851,129.84486,1842488.64118,0.263942659036,10,
1220,272.883417422,1017.36858,192380237.639,6.27270064635,2.0,[M+Cl]-
368,194.905139762,1273.24386,922280889.076,13.2920851757,10,
369,194.905186336,994.70883,463020664.48,12.8427249978,10,
370,194.905265464,1792.80477,161777199.364,0.087198011837,10,
371,194.905199796,1416.50304,631540543.742,11.5652737186,10,
372,194.955085323,37.9419333,13847099.1817,1.24491101661,10,
373,194.961472704,123.965904,7494152.3692,2.62342170722,10,
374,195.000281217,137.723181,1000644.12624,2.26159507404,10,
375,195.053664394,160.600824,2070710.91691,0.505366270482,10,
376,195.08678292,168.15369,8679974.64447,6.16224044631,10,
377,195.138292856,100.44003,16938824.9787,8.44746731451,10,
378,195.905233591,1944.2667,1890065.16639,14.3942342175,10,
500,209.933660329,855.08778,2851792.71393,10.8337954628,1.0,[M-H]-
380,195.905043753,1449.18492,95065920.144,7.05991835972,10,
381,195.90503003,1082.17248,80760343.6853,13.4974552708,10,
382,195.905173447,1620.4476,25539700.3211,7.95721799933,10,
383,195.975409943,274.747368,34099569.8357,6.2094191277,10,
385,196.060856521,617.8278,42085116.4319,1.40701429508,1.0,[M-H]-
386,196.170088012,124.919424,6898092.96777,5.54511923162,1.0,[M-H]-
262,178.893141197,115.60554,764312.069882,7.71711714158,1.0,[M+H3CCOOH]-
388,196.902318297,1061.00136,27135381.8015,4.52903827067,10,
389,196.902460471,1549.1388,23552546.0454,9.91901894312,10,
390,196.958645381,123.965904,2755437.75485,2.78323747754,10,
391,197.021153588,855.16287,522573.417963,2.23475828932,10,
1355,281.089529578,152.923548,48365147.147,5.66437789334,1.0,[M-H]-
394,197.078521391,108.65604,1838427.92256,5.16338598684,10,
395,197.972462889,274.429236,17131481.1294,5.27129834651,10,
2119,332.077176365,232.381074,5204670.70616,8.39595819983,2.0,[M+Cl]-
398,198.089601276,790.3155,3515511.54652,2.24102029139,10,
399,198.185798611,125.316144,1385833.72788,5.60187795409,10,
401,198.907055116,88.700481,4191455.8231,1.81237014133,10,
402,199.017677446,103.8894,1971266.50329,7.17709302947,10,
2872,399.058418028,131.725503,1485715.6383,2.32306755289,1.0,[M-H]-
404,199.069305438,685.0518,14631512.4371,5.31941334849,10,
405,199.077500643,579.563508,4433560.43758,0.111806465047,10,
406,199.169631512,100.127658,137142694.449,2.90399316685,10,
862,243.171269231,304.188024,1665619455.89,2.26700525077,1.0,[M-H]-
410,199.804441506,253.636494,17038658.0892,8.96262574938,10,
411,199.860155148,115.60554,240205.41704,10.2610137418,10,
412,200.001811637,110.15679,5529061.12633,7.94535374447,10,
413,200.05340612,790.01346,18756090.2871,3.34832883516,10,
414,200.053348041,711.57846,11640408.3923,0.176490883658,10,
2051,328.078786873,176.767968,26127135.3663,6.63857923471,2.0,[M+Cl]-
420,201.03733868,432.121062,2458965.06524,5.97411375004,10,
421,201.054387292,143.011302,11949614.038,5.32611630501,10,
1386,283.078347429,432.059562,109766789.309,5.66925800836,1.0,[M-H]-
425,201.098536544,722.8902,3263292.01317,2.27960887754,10,
1963,319.152913644,104.204886,865989.872893,1.49617041291,2.0,[M+Cl]-
430,201.149104176,124.079733,15340882.8751,5.54269343804,10,
431,201.996289555,699.2763,995405.580929,4.14117919811,2.0,[M+Cl]-
433,202.057745387,143.088186,759698.77957,5.27876068189,10,
437,202.938383709,796.53228,34807924.5005,2.4149482267,10,
439,203.027953292,704.24154,5322818.58039,8.21159261969,10,
2495,361.02246248,124.043646,5988680.03796,7.42737758337,1.0,[M+H3CCOOH]-
441,203.051458807,142.689168,3742058.79152,5.95478483625,10,
443,203.103154699,596.17191,63505245.814,2.99808588333,10,
444,203.127991116,550.409136,1613876.66379,2.00887299876,10,
447,204.036250664,458.861886,9386135.24178,10.1962042272,10,
448,204.052238381,131.369226,504045.88055,6.1795171138,10,
449,204.069399308,93.754977,2449239.02347,14.6507141315,10,
451,204.102382085,100.665414,814975.735696,9.82599010667,10,
452,204.935777419,795.90102,14017053.3326,0.806638913293,10,
453,205.03257779,458.684466,19446607.1327,2.9719757071,10,
454,205.064688729,605.08716,22503498.52,2.51907435839,1.0,[M-H]-
455,205.082410197,664.44972,18330378.0945,4.9238837853,10,
457,206.032607702,121.500654,9023070.91199,4.67382284306,10,
458,206.048805919,588.590634,566144.994021,4.6898975394,10,
460,206.06126669,53.6556324,56537.9010899,5.80288439883,10,
1421,286.088139384,194.675214,1864525.84921,3.99619199494,2.0,[M+Cl]-
462,206.10293644,809.27007,528218.390509,8.52722183932,10,
463,206.974087769,87.445107,2614425.74176,1.31788153348,10,
1320,279.127237842,95.049402,74173203.553,9.34498190947,1.0,[M-H]-
1126,265.111353906,63.610878,104387767.637,5.75378218154,1.0,[M-H]-
763,235.100407388,75.980508,33168205816.7,4.48312378606,1.0,[M-H]-
468,207.088257362,790.6365,859567.635578,2.84117532421,10,
469,207.088362437,93.262656,5788227.65783,5.43983194056,10,
470,207.113072917,433.669566,10167747.0467,3.69693128042,10,
472,207.789225432,115.84392,838269.460078,6.48174149908,10,
473,208.064617874,101.290032,2276741.56842,4.69854179612,10,
476,208.100706038,91.920906,1732765780.28,4.39222717062,10,
477,208.116494677,433.989438,1136938.14351,2.1275651754,10,
478,208.934163481,1731.48846,78693678.4448,14.8144144321,10,
479,208.934241701,1772.5536,105982187.687,6.25647071869,10,
480,208.934160251,1704.51642,136914496.61,14.4087673345,10,
1480,288.909278994,1603.70352,44372379.0977,9.79018391776,2.0,[M+Cl]-
482,208.934231541,1797.37758,144440286.952,2.06785512595,10,
483,208.93418786,52.2501408,54422794.6593,6.97550436952,10,
1438,286.912254801,1684.59816,57957375.3148,3.09399876199,2.0,[M+Cl]-
485,208.934088272,1483.8021,90295471.0309,3.56184202754,10,
486,208.934095343,1332.54378,102899769.552,11.9067565235,10,
487,208.934055881,1163.58468,90442487.7175,13.5690616657,10,
488,208.934091161,1364.70276,77555856.9261,10.5684067642,10,
1544,293.035063612,137.203782,11376342.3113,13.2337945021,1.0,[M-H]-
490,208.984457673,569.324388,2131560.85226,5.66322483121,10,
491,208.996763316,112.497288,392680.193729,5.31692347145,10,
493,209.06954718,595.182654,573253.285263,4.71607809577,10,
497,209.094464968,115.496415,15162299.635,5.66872591533,10,
976,253.144693576,108.019656,63213682.2673,6.42563502046,1.0,[M-H]-
503,209.933789814,1991.22378,10937703.5901,13.6276467731,10,
504,209.9336401,971.13234,5124794.71461,13.2860123233,10,
505,209.933648199,1333.0194,7242524.07362,8.95738786222,10,
506,209.93383297,1818.54246,11530480.8207,6.27662924312,10,
508,209.933941565,1760.43501,10534928.4535,5.16733248268,10,
509,209.933738883,1650.4944,6171104.77685,0.486289878348,10,
511,209.933757706,1670.10048,5923372.03532,5.5025541385,10,
2202,337.044723806,573.8775,30472952.4095,0.619455573208,2.0,[M+Cl]-
513,210.048487183,162.980064,559347.72688,7.82429628884,10,
515,210.097788205,115.60554,1173196.77848,5.67010947334,10,
516,210.930643838,817.49904,38774924.4033,12.2844555724,10,
517,210.931253812,1772.5536,42121087.2954,6.10175211122,2.0,[M+Cl]-
518,210.931189399,1669.52592,23887725.3573,4.33753828939,10,
523,210.930955765,1018.94784,22991090.3238,8.24478160085,10,
524,210.931002331,911.07582,38247361.1118,12.3724191726,10,
525,210.931028027,1154.1363,52650994.0083,14.2161452633,10,
526,210.931164137,1635.67242,29278276.2407,13.5032232919,10,
2851,396.049282465,116.590296,657248.534913,12.7565553733,2.0,[M+Cl]-
528,210.999204564,547.885245,13288249.2983,0.130863954951,10,
529,211.000764117,527.603367,607417.122414,7.68369195372,10,
1820,310.116200896,214.439268,10159358.5465,5.70359057556,1.0,[M-H]-
533,211.099773416,91.384134,5733213.66138,9.83537469525,10,
534,211.160966298,108.132849,439944.316062,4.58385141809,10,
535,212.032639875,649.68618,9900911.14041,1.67155032575,10,
537,212.074641316,51.4796376,1413501.65117,13.8918808973,10,
539,212.928164725,38.985441,1609883.81121,0.530669175482,10,
540,213.011798647,107.700654,21624082.1386,2.34856675098,10,
1668,301.104521687,110.796414,33169229.1189,4.1371562699,1.0,[M-H]-
2123,332.173974819,100.127658,25206050.2498,8.44290506719,1.0,[M-H]-
544,213.085258789,683.067,358719.717445,11.2736762976,10,
545,213.106219725,100.44003,1375226.35986,5.19461199281,10,
546,213.149128112,100.79793,29428882.2021,3.64572842219,10,
547,213.185471743,99.816018,49891129.3692,3.93219025514,10,
549,213.542348731,114.70929,1475807.45163,0.0909661502682,10,
550,213.954165704,115.513605,88571.4876762,2.1789635021,10,
551,214.01586778,575.244075,482282.111346,10.1498208812,10,
552,214.021364237,232.080354,1506846.5416,9.45412936924,10,
554,214.048078245,785.57262,118854221.624,2.24217827107,10,
555,214.048228487,479.294976,35150764.5643,5.49261239825,10,
556,214.06518112,562.802742,6873397.944,6.70315605544,10,
557,214.144593493,158.727312,72446279.326,6.26506067287,10,
558,214.155765548,551.155518,4616283.88662,3.06777177516,10,
559,214.78296549,119.122416,1118262.79112,14.3528886913,10,
561,214.913796365,1698.7263,1358640.65816,1.35030328364,10,
562,214.913826869,1685.3433,2438818.41302,1.37854425683,10,
563,214.913806041,1744.6287,1994772.45242,3.5216781549,10,
564,214.913764668,1712.00562,2418384.43451,0.877429442974,10,
565,214.913691737,1281.48261,8073306.32973,10.151343127,10,
566,214.913783624,1728.59643,1712639.32198,1.76316366206,10,
567,214.913666397,1244.74209,8103253.13909,4.89096418842,10,
568,214.913831493,1566.06966,4824246.59756,2.53950791281,10,
569,214.913827458,1772.69595,2107313.62622,8.05390739776,10,
570,214.913714913,1058.59014,3602652.73256,1.03814225393,10,
571,214.913772027,931.72836,4844930.91068,8.38773404254,10,
572,214.91378704,1834.89342,3367520.72391,3.77734324449,10,
573,214.913920705,50.8153773,1575127.73178,2.26877426461,10,
574,214.913734803,1172.17794,4173202.45036,8.81127779388,10,
575,214.913760738,915.72294,3276905.83478,9.58678924028,10,
576,214.91383082,1604.52651,5239426.4253,1.3707564599,10,
577,215.032341251,544.01076,854383711.592,2.67782760005,10,
579,215.043508164,685.0518,6180312.73889,4.6831522945,1.0,[M-H]-
580,215.128513888,101.377902,10766768.2949,5.83857540558,10,
581,215.13959714,473.342826,332687964.268,4.86767837053,10,
582,215.147896496,159.05007,8389747.85787,5.16822016017,10,
2368,350.237613138,108.019656,24102745.0877,5.40676211079,1.0,[M-H]-
585,216.02750628,713.6472,65310706.6287,2.94849198869,10,
588,216.045723196,574.9899,4998783.79098,5.84137574451,10,
589,216.070323338,608.52699,113708.848933,10.9123645205,10,
590,216.13184466,101.556408,789497.746466,14.5453411924,10,
592,216.168348756,121.423164,1913227.0809,6.31953540874,10,
593,216.780456529,119.16918,1073353.19045,1.76302836847,10,
594,216.897965747,115.38729,2094340.7498,11.8316054965,10,
596,217.035590002,698.1507,645482.923934,7.42536752338,10,
598,217.047823805,137.526294,8571760.65342,4.97473009885,10,
2243,340.125053445,552.20514,1342942.83032,11.8250945354,2.0,[M+Cl]-
2866,398.047164074,116.590296,684882.638973,12.2397299052,2.0,[M+Cl]-
603,218.028969202,215.510718,10714403.6034,3.32163055293,10,
607,218.068055839,110.2479,2544524.30934,7.45122460395,10,
608,218.085879807,561.13632,820756.209712,2.27685380992,10,
611,218.836390453,115.01298,259080.930261,14.428083697,10,
613,219.002249142,706.95132,2677000.95255,11.9898900192,10,
614,219.080463191,567.190644,26616444.3406,1.51017672518,10,
616,219.098220116,627.56556,31835324.8768,8.55653927781,1.0,[M-H]-
617,219.138545537,100.775103,3583388.3105,7.17252870077,10,
619,220.032104863,221.305968,1540644.68247,0.906591560622,10,
620,220.083769561,119.62806,487393.128146,7.07935065544,10,
1848,311.117059544,99.192786,183571230.023,2.84536071339,1.0,[M-H]-
1944,318.096320001,809.51712,1785361.53797,7.22721815388,1.0,[M-H]-
626,220.170514363,118.526178,1665801.04826,7.00598390348,10,
627,220.55015888,109.83816,1366732.34487,5.45779460761,10,
628,220.786591859,115.573359,55189.1491811,3.75566880401,10,
630,221.005555457,474.944328,4512236.45639,2.51590762413,10,
631,221.004277111,123.881811,742882.467033,13.141549904,10,
633,221.076150558,501.301857,127278.765823,6.76614592342,10,
634,221.081419198,101.377902,21344342.88,6.39896666706,10,
635,221.092728451,464.620968,16565849.1969,4.87291631961,10,
1083,261.109240088,530.095122,34926211.6384,1.30195853141,1.0,[M-H]-
638,221.154313553,100.353516,116036638.177,1.98828909314,10,
642,222.088364753,61.564335,70252220.893,10.8878441903,10,
644,222.116665483,87.53265,877855456.743,4.31337161355,10,
645,222.116644928,68.594886,437891985.532,8.31170993928,10,
647,222.951887503,87.219288,15162867.7787,4.0853033575,10,
648,223.019516089,776.11548,5394708212.26,1.08931659043,1.0,[M-H]-
650,223.085774322,159.37206,3054021.57589,4.38616448189,10,
654,223.119662425,367.63128,19569327.6516,9.16518033954,10,
655,223.118929735,87.84678,65860059.2052,9.4954023011,10,
2666,375.131746789,148.239564,2948155.25608,4.80659511828,2.0,[M+Cl]-
1894,315.026435078,221.134584,2299713.85551,10.6657458309,1.0,[M-H]-
663,225.014854321,549.479997,22070390.8833,11.1599187363,10,
664,225.019313975,18.115608,931459.488026,4.28435719668,10,
665,225.019182593,468.217329,325704.714522,5.48289848552,10,
666,225.043425098,50.6750175,1872975.13157,8.52661887736,10,
667,225.079935218,102.315894,3488297.72906,8.99824993688,10,
668,225.082302033,159.459174,941330.071835,6.50593401464,10,
672,225.099029184,955.06632,633382004.134,4.68566480127,1.0,[M-H]-
1153,267.15640983,791.2338,1403336.7494,5.25993159776,1.0,[M-H]-
674,225.115292372,87.735522,2545600.41878,1.46222787709,10,
676,225.185581048,99.504024,137186390.86,2.63839460566,10,
677,225.926129088,87.624264,108692237.356,2.30105610625,10,
678,226.030418971,286.607484,10448478.2068,4.34791889035,10,
679,226.065188881,562.371129,8240549.57104,4.31738114396,10,
1468,288.076749568,509.042466,101177782.074,8.7710480159,1.0,[M-H]-
681,226.0804949,712.66635,92490.8316232,9.23746262499,10,
682,226.083009725,646.4508,860811.103053,1.92670468263,10,
685,226.112222712,790.97736,139022.687094,10.7984714458,10,
686,226.815982393,47.8605711,1687176.17414,8.51603569364,10,
687,226.879429217,115.38729,357840.045889,7.65665034333,10,
688,227.067143796,126.040434,47742669.0403,7.97831199874,1.0,[M-H]-
689,227.064539553,790.08357,18621935.7243,10.9689598614,10,
690,227.092074561,177.712821,32245504.8288,3.24990763977,10,
1429,286.141101712,712.32984,6303522.74357,2.21007613737,1.0,[M-H]-
693,227.139814178,574.594698,72532012.1707,10.7105545841,10,
694,227.139715437,483.963168,67184351.2528,0.673587343955,10,
695,227.164982402,100.752276,14961384.3599,8.08781096322,10,
696,227.20125618,99.504024,328009851.047,1.68929093748,10,
697,227.558068438,106.654416,960514.335211,6.85646310486,10,
698,227.93049287,87.84678,1594366.89984,3.92704259747,2.0,[M+Cl]-
2873,399.07684928,285.749244,19599956.6715,6.25303398295,2.0,[M+Cl]-
1694,302.066519293,166.56069,61018297.9383,1.17667040394,1.0,[M-H]-
701,228.063998037,483.59295,46586923.8486,10.4010570041,10,
704,228.08341972,799.06662,10190276.0481,12.6310062694,10,
705,228.123790173,100.731672,1371330.73212,2.6397700252,10,
3369,458.135554554,287.62974,12227459.0096,5.83587816237,2.0,[M+Cl]-
707,228.160406049,136.559292,35702359.0134,6.78208675606,1.0,[M-H]-
709,228.877338794,115.38729,432685.617809,8.40733219694,10,
1980,321.009671727,112.395414,56289984.232,10.7390434004,1.0,[M-H]-
711,228.99642545,156.471324,3488376.36997,3.85773522716,10,
712,229.028838437,106.926603,782219.270878,2.04159531334,10,
713,229.048293956,251.86761,164274284.661,1.08524896672,10,
714,229.08030728,705.93996,1402562.8125,5.92635077882,10,
715,229.082703,572.578008,4219185.67576,1.13209841166,10,
716,229.119286438,361.136514,17528209.329,9.67379275065,10,
717,229.11900152,284.726868,21637464.6152,4.64218314248,10,
722,230.012616092,84.491892,59984879.8633,10.5084850993,2.0,[M+Cl]-
724,230.064342573,796.87812,2246162.20741,0.478357327684,10,
725,230.114369976,591.626091,19395697.5514,0.896321981719,10,
726,230.114415254,637.59618,10998879.3397,2.56248107412,10,
727,230.11432089,566.468892,16912266.7946,1.13573670525,10,
728,230.114405068,692.7552,26994528.3997,0.805669710411,10,
730,230.587873032,104.384652,941866.611143,8.58783327103,10,
733,231.023092335,569.651388,2219312.34419,8.80829873017,10,
736,231.9248891,330.441396,4017748.62771,2.76968416013,10,
737,231.943329572,87.937896,2764973.88174,5.0193838566,10,
739,232.02845598,161.002806,36903742.3018,2.03345209176,10,
740,232.02839281,329.214384,15726711.4023,1.88654035662,10,
742,232.101111331,85.966146,255780006.415,4.04529156214,10,
743,232.101077978,68.50077,314998794.367,6.39362308904,1.0,[M-H]-
1273,275.09631217,94.804605,58213335.1503,7.0094988612,1.0,[M-H]-
748,233.104271609,167.199678,7390887.36019,7.88205631328,1.0,[M-H]-
750,233.114092433,618.41226,30954734.9772,1.98045150006,10,
751,233.978517667,49.683201,1420342.48478,14.467589566,10,
752,234.025522916,137.843811,275958.653289,0.866791186066,10,
753,234.064282187,103.800162,42642359.7839,3.39068923482,10,
756,234.116705047,84.805026,307526507.132,1.7812584308,10,
759,235.009842992,790.6365,77511.9254175,4.57072148755,10,
760,235.075561052,553.950138,34933225.7273,2.99635968929,10,
762,235.10040593,58.5393936,62506209331.0,5.70154381171,1.0,[M-H]-
764,235.108447231,416.863548,13372502.178,7.47093835945,10,
765,235.108522748,476.739474,42311886.8506,4.79402042462,1.0,[M-H]-
767,235.170139735,100.44003,23695426.1146,4.60096696205,10,
768,235.580264421,101.11029,1576954.15031,9.94739736684,10,
1881,313.931390789,1742.68056,4431633.2374,13.0610927741,2.0,[M+Cl]-
770,235.953407908,2009.93484,4291795.5742,10.4747064034,10,
771,235.953446365,1920.40842,4015929.63882,2.30609307872,10,
1880,313.931371296,1727.9841,6543122.4837,13.4963756333,2.0,[M+Cl]-
773,236.067640229,107.609418,2672154.82512,3.5366178239,10,
1698,302.097207949,556.227618,12228080.2964,7.60514804373,2.0,[M+Cl]-
775,236.078718963,371.92278,11133005.9272,3.68038411929,10,
2714,380.196005594,100.44003,2924138.40708,7.24388800681,1.0,[M-H]-
778,236.126724542,159.136176,1463274.05639,4.52798264331,10,
2856,396.242573296,101.377902,12336281.099,4.6790883938,2.0,[M+Cl]-
780,236.588110056,101.377902,3526296.49224,5.42902605594,10,
782,237.024317918,117.764226,378510.579222,3.70139164922,10,
783,237.087910086,605.08716,10800092.4631,4.45159754742,10,
785,237.105057658,58.8510138,481970866.432,11.1990704979,10,
786,237.112787301,129.809154,7007969.9085,7.4971752598,10,
787,237.105110092,76.070262,268380037.139,11.0499603416,10,
789,237.14950896,103.574394,33849962.9917,5.77036126318,10,
790,237.595938787,101.602296,15474186.1452,5.55320440347,10,
792,238.04874887,136.306194,19755057.7083,8.7070309203,10,
795,238.094559144,139.461186,521806.578085,12.044806043,10,
796,238.116288623,129.72954,910350.247997,10.6436741463,10,
1983,321.110201794,86.591886,1781457.76048,9.27865826044,2.0,[M+Cl]-
800,238.993715776,787.46988,153250754.064,1.5101626815,10,
801,238.993668531,740.6226,569540696.028,3.43820410443,1.0,[M-H]-
802,239.039664152,221.800716,2367436.07868,8.96382109688,10,
2257,341.104221582,54.8927448,2384237.36641,8.03137912653,1.0,[M+H3CCOOH]-
1522,292.071060641,197.52207,5065211.43347,4.13451344895,2.0,[M+Cl]-
806,239.076951839,731.10933,7376964.08425,0.23318614947,10,
3091,424.1399017,546.320982,4225619.67203,10.248764612,2.0,[M+Cl]-
808,239.092212025,113.727543,3709079.98038,4.04036999937,10,
809,239.101158502,645.65304,706170.848838,0.257917407408,10,
826,241.180862088,101.065026,35880292.3431,2.81040821117,10,
811,239.201402407,99.192786,71974321.1093,3.34746769145,10,
813,240.064292302,107.382792,7644246.32545,7.1998005337,10,
815,240.09337284,217.837212,9224490.7032,3.46701374534,10,
817,240.204654238,99.371607,10827186.2123,4.12524799512,10,
819,240.783490818,115.335291,208135.03948,7.782286156,10,
820,241.01179892,612.74112,5745647.0634,2.03256247565,10,
1028,257.061731482,61.119642,1718923625.75,4.75963971566,1.0,[M-H]-
822,241.030169258,76.429158,116905215.549,2.48904440255,10,
823,241.077448857,197.397642,808179.282137,3.38690107577,10,
824,241.105707886,138.329562,1530094.43559,6.16079534017,10,
827,241.217116477,99.192786,297946591.32,2.63224184571,10,
1012,255.589271846,101.377902,40417600.252,5.75980968361,1.0,[M-H]-
2256,341.073547872,100.127658,63563119.9472,1.50443375859,1.0,[M-H]-
830,242.015135262,612.79878,342353.53431,4.92567410585,10,
831,242.033929798,679.4334,939950.530827,3.96122259738,10,
832,242.043448665,602.80626,3265797.1443,3.75746581658,10,
833,242.043371803,93.486018,5756402.7836,11.9522551601,10,
834,242.043556262,496.644348,5071028.07519,3.28258040218,10,
835,242.054766666,713.7948,1805936.97004,1.96203332658,10,
836,242.070028077,102.629892,24812253.5384,2.3351912364,10,
837,242.078088816,385.454046,131408321.82,6.04284880881,1.0,[M-H]-
1910,316.11680987,855.41478,503525764.344,0.948248758044,1.0,[M-H]-
1746,305.13740224,104.204886,1895293.83921,2.42070670643,1.0,[M-H]-
840,242.122520283,376.542036,10220234.4944,9.23372205213,10,
841,242.129413467,129.84486,309600.890263,8.2431940025,10,
842,242.139571577,100.353516,1382200.0517,14.9449757543,10,
846,242.497656258,99.504024,6867549.40698,6.81131703133,10,
847,242.571404687,102.629892,6533142.19237,6.04353536104,10,
2683,377.086050421,663.81426,11555674.6547,9.79213888408,2.0,[M+Cl]-
1052,259.058829514,61.475268,612438003.37,6.97575848508,1.0,[M-H]-
851,243.038638272,734.6256,53788868.2692,4.64100782188,10,
853,243.045881077,76.070262,79339845.9088,7.14795949031,10,
859,243.134888595,567.603828,2021911.27542,5.22610671711,10,
861,243.171179728,285.749244,314147548.107,1.4599995763,10,
863,243.196563176,101.290032,45286721.2701,3.46463245946,10,
864,243.495988324,99.504024,2713338.84741,12.6876223912,10,
865,243.943034641,133.046427,413154.171451,6.73768413893,10,
868,244.055028747,698.8248,3605982.79463,6.31882969606,10,
870,244.059344241,525.962604,1093422.14631,8.54798466794,10,
871,244.05895393,93.084852,4451717.61061,6.21247524982,10,
3039,417.23584475,490.851966,87384297.1697,4.37475560073,2.0,[2M-H]-
875,244.13008796,545.151276,176653608.763,3.3244328929,10,
876,244.130245848,593.681016,92228532.2031,1.14478441419,10,
877,244.130235264,622.1859,111768831.638,0.514713773882,10,
1433,286.177431785,508.719462,98259678.1097,11.3826437094,1.0,[M-H]-
879,244.137667324,113.494674,1461971.38597,7.07183194874,10,
883,244.897876963,46.228587,1168246.99151,3.92168188238,10,
884,244.945332486,135.5784,1228498.23718,9.68848165017,10,
885,244.964907659,113.315796,944592.453891,6.19279112415,10,
1288,276.969240267,156.653208,10821025.8475,5.33928738912,2.0,[M-H+HCOONa]-
888,245.029341904,113.406531,134680.060566,7.10467659423,10,
889,245.033675737,631.82442,3140392.21607,7.4288052097,10,
890,245.043346185,576.147,14002303.2633,2.85286458565,10,
891,245.043262728,515.41998,256077708.545,2.5285312809,10,
892,245.051500211,416.903244,1119486.66568,7.4074977774,10,
894,245.067288067,562.921644,668083.364523,8.22667214808,10,
897,245.078006447,199.675218,43355570.3645,4.88033407882,1.0,[M-H]-
898,245.079446973,546.26037,1100498.53041,7.12884175018,10,
900,245.081101327,142.689168,1932417.18193,10.8323075317,10,
901,245.096691522,161.087688,3022773.17039,8.17987846459,10,
902,245.096489953,483.568029,4565227.14309,7.21112822382,10,
903,245.125376595,670.88508,312697.73441,3.27219191409,10,
907,245.94550702,132.686175,266437.168823,7.16022549326,10,
909,246.046493975,640.3362,2923421.90693,2.53955316824,10,
911,246.081276852,199.980024,4128001.6631,8.93911446528,10,
2038,327.046691654,640.27188,866353.072309,2.63740182059,2.0,[M+Cl]-
2527,364.136258687,125.237808,6538744.99527,7.12023117591,1.0,[M-H]-
915,247.078279257,142.810734,448422.908918,5.08032691664,10,
916,247.072247537,104.520888,34967049.0441,5.16321913326,10,
917,247.100606872,58.6305042,114194817.561,2.20617072824,10,
918,247.100668453,75.758508,60302310.0421,6.67398486475,10,
919,247.111951176,442.917834,105629466.517,4.6197868309,10,
2265,342.148081042,102.629892,1289799.88895,12.9201992538,1.0,[M-H]-
921,247.170442248,100.127658,25936165.0647,2.08995955639,10,
3670,497.167906226,101.9148,160312424.599,3.05203027548,1.0,[M-H]-
924,248.09603397,99.816018,36554528.8532,1.84196227843,10,
925,248.095853108,284.414376,5833881.09226,5.55866450312,10,
927,248.114094291,194.486832,8631646.54487,6.03184648378,1.0,[M-H]-
928,248.173748012,100.419717,3626269.43437,1.09805456019,10,
929,248.581362545,101.690268,462241730.217,3.87640838715,10,
956,251.095695949,63.922374,1114552143.91,4.30494789137,10,
931,249.080096798,79.40502,294007658.528,8.91202400099,10,
933,249.091385518,510.241854,28707864.0083,0.284391942046,10,
934,249.083040527,101.690268,33381934.1035,8.12210911292,10,
935,249.098018005,590.233266,4598362.83636,1.31300877671,10,
936,249.116309903,57.6960072,5066804069.66,4.71129472219,10,
939,249.135650096,475.363587,2306303.31393,8.06334840635,10,
2584,367.215986483,99.192786,34003623.0303,5.43515995869,1.0,[M-H]-
942,249.578907448,101.690268,34898586.7738,4.40272585397,10,
943,250.066436472,128.96829,1037800.5099,5.96696318609,10,
946,250.111800669,99.861786,37055040.3805,6.42366677535,10,
947,250.119772919,65.168118,429508489.923,3.57929260339,10,
949,250.189109672,79.185642,212641721.582,12.6715096611,10,
950,250.976437819,277.394742,2518558.927,2.80535843508,10,
951,251.078786766,147.514176,25037852.912,5.31048925526,10,
952,251.078750673,202.060956,278853042.57,5.35054699371,1.0,[M-H]-
953,251.101509268,649.56192,3224305.08318,2.12445033356,10,
954,251.103715324,562.148238,16086313.3486,1.63296983571,10,
959,251.131911289,57.6960072,13316064970.2,6.80809500904,10,
962,252.046615192,685.00089,3253142.02861,0.178283972743,10,
965,252.104905347,649.1622,329105.345317,2.12961960168,10,
967,252.107082187,562.761762,1968055.99662,1.29152413401,10,
968,252.168586123,100.752276,1493984.20365,13.3292560021,10,
971,253.067862462,166.880442,21249333.4576,5.03815117655,10,
972,253.083084735,790.65474,10473496.0508,5.33725670459,10,
973,253.083836858,201.772644,2273919.58831,8.228700196,10,
977,253.180801456,101.065026,30082770.1724,2.76902943455,10,
1329,279.232760892,77.628138,795491550.082,8.72679725657,1.0,[M-H]-
979,253.21713119,98.570406,918221357.255,1.39071265113,10,
981,254.079805206,102.629892,7762650.66147,3.98764911389,10,
983,254.097657829,654.2532,1088494.72595,0.154343505182,10,
984,254.114655347,63.832518,73808532.8883,4.48888992602,10,
987,254.581769595,102.944646,1907217.91573,7.58371902647,10,
988,254.770117794,230.398272,4676878.01342,3.39736097624,10,
990,254.961011517,1156.30176,2588360.49301,5.42487698388,10,
991,254.961268139,2030.19576,1575812.58458,11.624007357,10,
2408,352.945139343,728.64444,1359419625.26,1.5821487806,1.0,[M-H]-
993,254.961211939,1678.90146,1482405.56956,7.87651226478,10,
994,254.961276561,1923.20802,3107615.75079,14.8286445629,10,
995,254.961015853,1455.47082,3467110.44706,6.05040965218,10,
996,254.961163027,929.79954,3257631.49414,10.7378432756,10,
997,254.960988672,1587.51054,2757467.17196,5.46264432425,10,
998,254.961132403,972.01536,3600574.17301,13.9145955527,10,
999,254.961057121,1089.32316,4245592.18633,13.031666805,10,
1000,254.961061081,1140.58752,3587135.03496,14.5006573932,10,
1001,254.961256239,1744.79394,1536984.83199,0.947937935668,10,
1002,254.961182717,2054.86482,2396450.82995,14.0387658581,10,
1004,255.087696892,101.377902,147201213.503,4.28064782127,10,
1005,255.087981159,11.9690463,2548587.30138,6.39916053197,10,
1006,255.096360679,641.28438,955046.827756,2.65115525514,10,
1007,255.123943754,164.590929,23740736.5456,1.1609775255,10,
1008,255.132772693,579.214764,18884805.88,3.59418568712,10,
1009,255.190637846,473.207829,432965.991188,13.8153270108,10,
1011,255.232721944,98.881776,4579370560.24,1.68348220902,10,
1015,256.059264487,450.067464,252994197.814,5.3018425573,10,
1016,256.05937671,477.813846,287542885.579,8.37584413995,10,
1017,256.092090515,228.75222,2310007.63337,5.84854789026,10,
1018,256.085343263,101.377902,10157939.7158,5.22245584005,10,
1019,256.094083788,198.05934,9497550.76839,6.05750938201,10,
1023,256.767146409,230.239209,8995079.36566,0.190203403478,1.0,[M-H]-
1024,256.879220046,116.310717,1621158.12873,9.00548236522,10,
1027,257.033807218,606.08004,791999.066283,6.77368866325,10,
1029,257.078113054,574.34202,635332.337077,3.97740427532,10,
1030,257.078034603,108.473355,7361947.77331,10.0660735675,1.0,[M-H]-
1031,257.097362059,619.70472,200889.383842,2.65784510539,10,
1033,257.212127113,102.003024,85572191.8844,6.01550970547,2.0,[M+Cl]-
1036,258.055355541,190.860513,1746889.33099,11.0014124767,10,
1037,258.056355038,450.067464,85609145.1872,11.4625900159,10,
1038,258.056458604,477.813846,94213082.7802,6.35085486341,10,
1039,258.062021883,388.287417,1809292.68464,0.67220146983,10,
1040,258.070814725,595.182654,2087149.89674,5.43469299279,10,
1041,258.116801499,81.10491,153163914.74,6.36076320896,10,
1042,258.11671465,67.255392,363559530.058,4.4434793669,10,
3065,420.187862419,580.376514,1284783.53858,0.596958229124,1.0,[M-H]-
1256,274.141227575,614.41278,26013291.5886,1.96887765894,1.0,[M-H]-
1046,258.14596538,551.245392,84169753.4142,3.41175254386,10,
1047,258.1579227,93.798648,1814963.28203,11.1205506602,10,
1048,258.182372665,874.82853,43850273.7025,2.53777854411,10,
1407,284.742124295,115.283292,1507959.88897,1.34607592602,1.0,[M-H]-
1051,258.76421677,230.724276,6780227.58218,0.262990332143,10,
1054,259.091293387,705.26316,1843372.05636,4.01193965483,10,
1055,259.083047277,550.209435,931154.455234,11.9463906351,10,
1457,287.090072312,66.146274,129187768.718,6.50933389779,1.0,[M-H]-
2655,374.097243695,109.292772,520118.70572,1.39556584662,1.0,[M-H]-
1062,259.149309911,551.315208,9724653.07375,2.95468415085,10,
1063,260.044577036,203.99634,1747618.36863,10.3489764642,10,
1064,260.045325333,476.217582,8782154.39562,7.88230967176,10,
2821,392.096829944,283.245852,3067912.04687,10.4122892068,1.0,[M-H]-
1066,260.059549567,448.482222,29320861.6732,12.8031422965,10,
1427,286.115935038,368.621046,14046046.7938,13.7437225735,1.0,[M-H]-
1071,260.133398836,528.471234,349127.066505,5.84094441641,10,
1072,260.150428473,466.853211,790890.046564,13.1489986002,10,
1074,260.761268733,231.220038,2773186.20574,8.9941795742,10,
1075,260.940541167,222.523272,2058506.84871,0.101795202663,10,
1076,260.993115551,156.148434,13656237.7116,8.50055123793,10,
1741,305.055670186,418.728564,1651720.74019,13.6172936893,1.0,[M-H]-
1079,261.087884257,101.690268,5475579.93725,8.7725724653,10,
1080,261.091700491,308.767632,24974124.1116,8.6477617092,1.0,[M-H]-
1084,261.107580492,473.368638,2667331.36139,0.582350098845,10,
1085,261.11631541,66.10251,4043058383.06,2.32999553726,10,
1086,261.127998856,306.456372,339042558.172,7.23594945545,10,
1322,279.135045921,451.97184,95800645.4388,5.11100470701,1.0,[M-H]-
1089,261.124454918,509.389242,20387444.3469,2.12601857909,10,
1090,261.134659667,190.146462,15826494.335,6.40644286459,10,
1091,261.959786988,152.040042,2325735.48436,8.23373100668,10,
1092,262.005807499,685.38558,11319767.5784,4.46621174345,10,
1093,262.060333128,266.549364,12939775.849,3.06258688002,10,
1094,262.069755812,545.04573,80686777.4929,11.1083602299,10,
1095,262.100455719,58.0076208,61798863.5464,5.05076127889,10,
1763,306.113211322,688.38816,647661.753981,2.39734231168,1.0,[M-H]-
1097,262.095627596,101.065026,42682505.6031,7.01604262097,10,
1101,262.181298214,102.855414,13255762.8681,6.98536788921,10,
1104,262.978566133,116.590296,630868.434967,6.3321026059,10,
1105,263.036821816,102.76506,322996.285838,2.69610985438,10,
1292,277.091709773,62.94339,60528488.8092,3.06260295445,2.0,[M+Cl]-
1108,263.113572707,447.03471,4185074.47787,0.907477886036,10,
1111,263.140356373,238.27116,87176059.7676,4.75729429904,10,
1114,263.90132118,132.930174,13646022.9809,1.47452260164,10,
1116,264.057419323,265.792626,4159386.42427,3.23715375213,10,
1117,264.112374232,160.749306,2606942.51646,4.53844628776,10,
1118,264.12018052,502.845219,386008.051576,1.68670590919,10,
1121,264.903414284,133.010784,13673476.8192,2.45577764549,10,
1122,265.044309023,543.452238,22610947.741,1.38578420228,10,
1123,265.058080453,601.29528,2073750.11495,1.51961982208,10,
1124,265.077524219,460.141887,1618302.35943,3.78141119192,10,
1125,265.094443705,643.7352,1552371.69781,1.72449617937,10,
1127,265.119395821,448.935822,49314270.7399,7.33983154532,1.0,[M-H]-
1128,265.132469055,433.729938,10622976.7707,13.1581459498,10,
1129,265.130931176,131.649438,1808137.89021,7.8700458495,10,
1130,265.132595802,358.814277,8294982.82175,5.39520042593,10,
1131,265.1574883,101.377902,21708689.0248,5.07948159957,10,
1133,265.217242216,98.570406,47099123.3782,2.20419681498,10,
1501,290.104411084,92.01027,8609378.79223,5.96337924023,1.0,[M+H3CCOOH]-
1137,266.07027449,573.8775,540033.509565,13.0107482773,10,
1138,266.091604059,692.41056,720846.908712,6.91681228997,10,
1140,266.097760835,644.06679,124711.534296,7.67979064586,10,
1142,266.143003212,99.816018,5130704.52058,6.35140066675,10,
1144,266.184311171,100.977924,14791552.2923,1.82985537732,10,
2446,356.968091164,132.68991,25953769.9314,2.61282084143,1.0,[M+H3CCOOH]-
1146,267.010157991,155.153562,1347391.84365,9.56981451029,10,
1148,267.098739891,545.04573,5464081.04706,2.4087851981,10,
1149,267.098873186,560.465754,22042809.5773,2.2079161703,10,
1150,267.096540833,575.963028,3095227.10404,1.43442850229,10,
1152,267.126989878,63.209778,829019968.496,4.88683402518,10,
1177,269.212356374,100.752276,117708966.358,3.88920423298,10,
1155,267.232988288,98.258652,161400428.439,1.84460361415,10,
1156,268.052246599,121.938795,1083082.82717,4.79532869255,10,
1157,268.057048669,92.01027,2761261.22692,8.85714422387,10,
1158,268.071326328,300.014556,20175369.6421,3.32792269127,10,
1159,268.088588025,692.97282,189599.598661,10.3469920641,10,
1160,268.095655236,101.602296,1764498.70066,14.8943870598,10,
1164,268.17521096,116.819172,192042.812483,4.48968485106,10,
2541,364.889690067,1669.18023,15731437.3752,7.52581232216,2.0,[M+Cl]-
1167,268.985589565,118.638972,63402.794303,2.95022325476,10,
1168,269.009653735,113.137404,5419742.30264,9.54603282388,10,
1169,269.054810685,397.427799,12512019.3129,11.913398782,10,
1170,269.062126327,95.362404,166933103.485,7.09904578849,10,
1171,269.061840159,61.431126,3745231371.64,4.27240298152,10,
1172,269.088002811,537.277254,25446535.4184,11.6621315284,10,
1174,269.103432802,100.977924,11252677.4853,9.88708156963,10,
1176,269.176162827,103.057467,6653318.32755,3.62148362519,10,
1181,270.013029282,113.086215,342528.981713,4.04296522214,10,
1182,270.04447659,136.916052,572595.616981,4.46307127862,10,
1184,270.074772757,87.916035,2559972.02747,3.18151912011,10,
1185,270.107411258,697.67019,324583.870153,3.87710464343,10,
1186,270.130954603,795.57078,4546454.70033,8.6951149678,10,
1190,270.898792121,52.1340093,1522064.04129,4.67065936077,10,
1191,270.926293142,965.14077,2141685.04273,4.78648929075,10,
1192,270.926242982,979.1466,1660917.07149,1.36007161608,10,
1193,270.926309928,1681.43007,1102775.27504,4.77887181104,10,
1194,270.926483792,1785.39915,901325.850105,13.1164641356,10,
1195,270.92631963,1638.01236,2017229.78571,10.8435757842,10,
1196,270.926271595,1860.9435,595181.88423,8.78863907772,10,
1197,270.926246616,1143.28599,2523299.41569,10.1317440676,10,
1198,270.926280003,1537.99959,2009683.75712,12.9251441195,10,
1199,270.926340854,1820.65974,589233.041212,1.9377864512,10,
1200,270.987462124,137.485359,879492.52736,3.07232002768,10,
1202,271.059037931,95.429856,53413418.1323,3.83064260838,10,
1204,271.166763959,142.36704,15078554.4122,10.0235704226,10,
1206,271.211491671,109.08753,953894.03007,2.66597116445,10,
1207,271.228040675,100.977924,133218364.128,2.92167398433,10,
1208,272.044777734,107.563476,326447.13195,14.957196042,10,
1210,272.086773962,796.41924,10015135.8721,0.323205076566,10,
1211,272.080925372,58.0076208,56405426.7761,5.213968518,10,
1212,272.099209865,484.228818,14739860.6589,11.1821101472,10,
1213,272.104198438,430.023894,269689.328979,4.52236645287,10,
1214,272.136729971,480.490647,759215.69725,9.53000107158,10,
1215,272.161812765,527.710638,171473452.741,2.63598589047,10,
1216,272.161810714,550.667577,90029229.7788,1.38883789994,10,
1217,272.170067159,142.566549,1856785.8946,12.4299209274,10,
1218,272.198206085,473.788023,550122.422787,13.0014196416,10,
1221,272.883581408,1543.32174,358292249.512,8.59322863904,10,
1222,272.923224599,49.390701,644499.083166,5.51455774812,10,
1223,272.947382912,123.881607,703395.111032,2.453038892,10,
1224,273.029525143,317.060004,9421151.69613,6.43661671214,10,
1226,273.090313799,130.129656,654839.26073,6.74014669238,10,
1227,273.120724594,665.97144,1838770.94492,2.2913312689,10,
2983,409.209635605,479.932848,33233677.6724,2.21554201857,1.0,[M-H]-
1229,273.145870321,797.13777,968886.109011,0.786280773503,10,
1230,273.145646752,422.777388,1065167.27664,2.56312118625,10,
2862,397.182990526,551.705514,75292471.4094,4.70578832074,2.0,[M+Cl]-
1233,273.207540612,101.177529,2430698.4934,3.57615844408,10,
1235,273.883354241,1510.85421,122968004.733,13.015711129,10,
1236,273.883460317,1728.42816,3417376.62442,13.4891237189,10,
1237,273.883366607,1469.45514,36028689.564,12.5464123129,10,
1238,273.883251521,856.12083,23506713.1705,8.23789419058,10,
1239,273.883283197,1023.37248,38189669.8178,6.48425399613,10,
1240,273.883211467,1253.9634,83034900.9729,5.21045557735,10,
1241,273.883331407,1088.78634,44447708.8225,8.41893573337,10,
1242,273.883314632,1388.10747,111986089.622,4.63067846438,10,
1243,273.883391384,1545.98997,35560931.7744,10.9637084712,10,
1627,298.036887648,215.646084,1339182.81344,4.79040388445,1.0,[M+H3CCOOH]-
1245,274.061267069,578.09463,54106248.024,5.93432546637,10,
1247,274.061200869,478.452726,44572715.8628,5.29752758382,10,
1249,274.093472888,477.174852,49568583.5553,13.1845257843,10,
1250,274.112149444,98.881776,97167677.5552,4.05235075393,10,
1251,274.119920021,442.28271,4257024.34979,5.34418886692,10,
1252,274.119932539,485.770716,17822654.9871,1.88226244562,10,
1253,274.124172336,665.98161,110307.709766,3.07640563322,10,
1255,274.141227693,636.89688,13629365.5666,1.36142717241,10,
2564,366.211575981,116.658174,1163088.09599,10.6649547708,1.0,[M-H]-
1532,292.891941612,1785.03846,57229562.1427,10.5062318172,1.0,[M-H]-
1259,274.880832249,1322.74875,40632004.9265,5.55080020283,10,
1260,274.880727907,2028.02529,12474271.5303,0.305745307473,10,
1261,274.880836267,1456.15548,37615756.6462,3.48886655226,10,
1262,274.880757928,1178.50173,52610228.8285,1.84311580411,10,
1263,274.962270035,51.21384,3964067.32682,5.94000762913,10,
1264,275.055432788,118.410042,963642.037556,5.3466230337,10,
1268,275.082901016,111.076605,986286.371904,5.8899650361,10,
1269,275.095894802,76.692384,640784415.752,4.21260334224,10,
1270,275.095809044,62.988012,1361619971.71,4.40021144695,10,
1271,275.103848145,305.138268,54143030.2654,7.30133870492,10,
1276,275.201963988,99.816018,51347554.1857,1.81707599371,10,
1277,275.98951199,215.24364,1748255.73109,3.02745979221,10,
1278,276.035015974,53.954619,158998.817322,14.1743646689,10,
2415,354.032253139,544.727106,12702290.7921,12.3957653947,2.0,[M+Cl]-
1280,276.102560475,603.62016,5346189.93181,1.60577854366,10,
1281,276.102406077,545.47002,7926993.02449,5.65176241234,10,
1283,276.098125809,477.358776,763315.74548,10.9026954137,10,
1284,276.111491748,100.752276,4643047.58461,7.03013616921,10,
1285,276.107007491,299.89974,8475414.40805,10.8793760271,10,
1287,276.959111666,50.6602569,1179035.85629,6.68470143696,10,
1290,277.053668815,54.7130187,1155032.63919,14.2104239774,10,
2171,334.125566924,109.929288,18653275.3212,5.40157100507,1.0,[M-H]-
1293,277.11124837,62.988012,1991128130.85,4.28310117225,10,
1294,277.11194201,96.187272,82341521.9892,3.9638167227,10,
1295,277.140317537,159.136176,987335.857483,4.41947673487,10,
1296,277.144695362,100.44003,31916505.6031,2.76600809949,10,
1297,277.156077097,212.615586,623050629.209,8.49718874936,1.0,[M-H]-
1298,277.163967202,197.505159,166081.0096,3.40631879512,10,
1299,277.181112123,99.928584,10470826.2902,5.53429633436,10,
1300,277.217352749,98.570406,6174021224.63,1.68432539471,10,
1304,278.0622941,649.02429,1039926.0418,1.61790871591,10,
1305,278.114821495,76.11804,118119418.561,2.67958373701,10,
1311,278.716491018,115.335228,103555.387685,1.48653580128,10,
2119,332.077176365,232.381074,5204670.70616,8.39595819983,1.0,[M-H]-
1318,279.10523543,52.994367,287679.345391,3.51435160393,10,
1319,279.11802047,489.048918,1953958.91007,8.4918338283,10,
1325,279.146493262,588.344961,321430.371386,3.49705668897,10,
1326,279.15629532,124.283424,663775.149454,2.23558466019,10,
1332,280.014228794,329.11866,25037179.6812,6.59216319165,10,
1335,280.042550915,230.025462,5275469.10152,12.2109216829,10,
1336,280.052146999,385.179156,10779803.2647,3.93784807072,10,
1337,280.049140549,285.12225,3864087.93891,8.82343673344,10,
1339,280.130531759,76.291902,109275196.233,3.28134467782,10,
2914,402.17010003,123.965904,974591.759206,3.85100181891,2.0,[M+Cl]-
1349,280.938575907,155.868867,1209749.52637,0.553774789699,10,
1354,281.052993067,640.98204,186527.972349,13.965800207,10,
1357,281.114216999,493.744965,23428927.405,0.577980600336,10,
1358,281.114475726,522.486234,15071498.8987,3.37146525632,10,
1360,281.140951619,451.836003,1092862.90122,4.95464140698,10,
1363,281.176019949,101.690268,24897095.1713,14.3493930189,10,
1364,281.212339075,100.44003,6541698.56051,8.18362143311,10,
1365,281.248456952,77.316258,699259683.452,1.91696650436,10,
1394,283.26394151,98.258652,3800984287.7,1.84758888116,10,
1367,281.996784933,569.324388,568617.431074,9.73614103887,10,
1368,281.993542318,123.965904,1250513.02063,5.59571094049,10,
1371,282.033792854,92.32314,3294143.54588,6.86884221482,10,
1374,282.08313601,543.37236,4030520.83016,4.85533344124,10,
1375,282.101762257,578.654511,2759352.8209,14.0694150865,10,
1376,282.117614551,491.832966,3213369.38329,1.03118099109,10,
1377,282.171506633,157.249929,4097259.90535,11.2831005934,10,
1380,282.919232264,132.930174,11002414.0257,2.69158982517,10,
2717,380.925608689,781.794,16629093.176,3.70353977693,1.0,[M-H]-
1382,283.023392143,808.59477,2249654.06648,12.9093944005,10,
1387,283.078493886,478.657716,66390247.9698,13.1981972413,10,
1388,283.078508848,498.110091,14667676.994,0.691894635818,10,
1389,283.087516709,419.882115,174938.624256,8.95765901253,10,
1393,283.228095626,100.752276,37936723.798,3.02474896909,10,
1395,283.570125899,52.7850594,85439.6284031,5.41801815706,10,
1396,283.922461452,132.970479,5326089.2748,47.5548059626,10,
1398,284.054660634,148.64037,2267492.90078,6.82382193978,10,
1401,284.081938073,479.11584,6219582.50371,2.17991521642,10,
2608,370.100917093,164.95644,1792773.74063,1.26399655608,1.0,[M-H]-
1403,284.146587281,796.23198,5564138.30572,7.85778597775,10,
3905,532.191126193,104.204886,826849.509541,14.4993186383,2.0,[M+Cl]-
1405,284.231211537,100.44003,6445202.9145,5.81113996106,10,
1408,284.916249786,132.930174,1709137.74822,6.6599438084,10,
2517,363.026150054,124.043646,969371.186765,5.45578707618,2.0,[M+Cl]-
4147,571.131272469,286.689246,642277962.423,6.41897596023,1.0,[M-H]-
1412,285.093146068,66.146274,373817209.915,9.46384204997,10,
1413,285.112598015,87.219288,1447427.5133,14.8655937478,10,
1416,285.162520083,99.418158,22772649.2072,10.370586425,10,
1417,285.157260791,207.502896,1154130.98971,0.54559772749,10,
1418,285.243625446,100.79793,41524482.603,3.37952217341,10,
1419,285.270483795,98.281599,71656606.1782,0.0806468739084,10,
1420,286.024785102,573.69402,1762990.15558,6.12699977559,10,
1422,286.102236499,552.345888,5502897.69825,2.8061191849,10,
1423,286.096678294,57.60465,60303355.6231,12.4202517315,10,
1424,286.096639901,75.426654,32898332.8694,0.566562067333,10,
2636,372.141625741,797.22162,28809961.3174,8.55683011625,1.0,[M-H]-
1426,286.102185566,503.250672,1252433.83036,14.2721494345,10,
1430,286.148602471,109.929288,2732903.15613,4.81562149573,10,
1431,286.152467995,597.476709,683598.964376,3.45101906261,10,
1432,286.177409803,468.265962,299186284.467,30.6721178369,10,
1435,286.740103397,115.064916,3108458.93247,2.77646716747,10,
2570,366.88653657,1728.11034,2922408.80056,9.44277521123,2.0,[M+Cl]-
1437,286.912366343,1759.64058,27010389.1243,13.7728960959,10,
2540,364.889797833,1772.55534,5271364.80759,3.81036761255,2.0,[M+Cl]-
2535,364.889743633,1742.3466,5422216.05913,9.56647328701,2.0,[M+Cl]-
1442,286.912153101,1175.83416,82548082.7273,5.24397378278,10,
1443,286.912235618,1140.79332,77327353.3277,3.55749622701,10,
1444,286.912239431,1590.17436,104177676.151,13.0025156036,10,
1445,286.912231556,1069.04157,69138237.3845,5.7390174611,10,
1446,286.91224112,1471.56405,89074401.568,11.7695388386,10,
1447,286.912169199,994.96128,52025819.6301,3.48095863054,10,
1448,286.912366184,17.4662286,48440292.1613,3.38610010502,10,
1449,286.912235928,1713.17415,55875667.394,14.3715015626,10,
1450,286.912146195,1207.98015,47080659.158,1.00185455185,10,
1451,286.912209791,1565.16222,143054316.296,13.9591714966,10,
1452,286.93795756,133.326684,325430.361274,8.04908293141,10,
1453,286.969566907,283.870872,3488847.20384,1.95643768784,10,
1455,287.072572042,58.7614626,44960502.6028,10.7512495049,10,
1456,287.081581235,102.5418,4760438.7233,5.49169065294,10,
2844,395.203664738,471.733092,6255862.57074,10.2500324758,2.0,[M+Cl]-
1462,287.911762499,1603.70352,15697764.3385,7.30677061527,10,
1463,287.911713185,1728.42816,4300790.24991,0.355836945266,10,
1464,287.911755774,1742.7954,3931521.70091,3.73325404417,10,
1465,287.940058435,133.130604,396589.338233,8.94452552995,10,
1466,288.054926808,54.0665673,215347.470443,1.06166907561,10,
1467,288.076729853,484.228818,94742110.9333,3.78323661583,10,
2639,372.189224546,596.472654,25574177.8375,0.877560479522,1.0,[M-H]-
1470,288.092254426,126.247608,5063833.03025,1.13868279437,2.0,[M+Cl]-
1471,288.139797834,687.1143,858133.788437,5.72175592412,10,
1473,288.148953125,284.898693,7572269.45111,1.59840952394,10,
1477,288.909443619,1772.5536,10359319.841,11.8826317495,10,
1479,288.909278638,1620.70938,38024653.298,10.7501538841,1.0,[M-H]-
1481,288.909329287,1742.79582,11777994.7404,11.8595010413,10,
2571,366.886540353,1710.5556,5928647.96887,9.22983569384,2.0,[M+Cl]-
1483,288.909259632,1324.03962,25743940.4791,4.38823399881,10,
1484,288.909248633,1302.69315,35407145.9118,10.1606335342,10,
2662,374.895129775,1790.39973,9369242.0698,12.0366697558,1.0,[M-H]-
2153,333.082240555,202.273836,16122603.1551,2.46357677334,1.0,[M-H]-
1487,289.060020843,797.22162,103865833.455,2.78456077366,10,
1489,289.148385625,154.661376,815185.109702,8.53744231704,10,
1491,289.160228769,605.51487,1695967.29971,4.51330052462,10,
1492,289.160212755,571.682517,11109966.6162,6.75639359229,10,
1493,289.908748736,1684.99497,3273137.70849,4.48417166399,10,
1494,289.908760448,1669.92948,2686100.07355,4.89141748873,10,
1495,289.908752529,1604.36097,5394363.84108,1.63105018072,10,
1497,290.026059734,789.76491,1495090.07331,3.4706840249,10,
1498,290.043396402,604.79376,1662272.55678,7.9155427853,10,
1504,290.118266818,518.253756,6693787.963,2.73245830324,10,
1508,291.040112922,425.009058,1040677.45067,0.953044483778,10,
1511,291.102472505,479.139708,1143018.77038,8.40604571275,10,
1512,291.098765753,455.948958,6526565.13157,10.6132912956,10,
1514,291.122070228,519.75747,735489.584963,1.92140523591,10,
1516,291.16036995,100.127658,262917642.462,1.24941244612,10,
1517,291.18158932,439.723836,1334921.81828,7.38607922024,10,
2726,381.264870407,100.127658,19846138.9877,4.39501607956,1.0,[M-H]-
1523,292.104123614,573.69402,95067567.1724,6.09534022004,1.0,[M-H]-
1524,292.097568016,589.075782,1883544.07682,1.12540576239,10,
1525,292.102128966,456.031641,827500.401687,12.1979075086,10,
1526,292.115389596,699.59226,926137.062237,6.65616598084,10,
1529,292.167007609,692.8491,7473802.20086,4.2616260628,10,
1531,292.891937463,1759.96968,33620373.289,8.83269216297,10,
1533,292.891790726,1604.02614,110012813.977,11.6646768259,10,
1534,292.891742272,1230.7611,292887833.03,14.4774925972,10,
1535,292.89192434,1860.97836,438398822.398,13.5627633102,10,
1536,292.891860426,1933.43988,274010694.062,14.5644979598,10,
1537,292.891808214,1727.25681,20888291.7417,5.06670598881,10,
1538,292.891768813,1414.7199,241501469.659,10.3595765814,10,
1539,292.891776153,1041.74211,201570034.985,8.18876773503,10,
1540,292.891812867,1644.32793,72615782.8,2.23244275954,10,
1541,292.8917821,1322.08212,295550005.006,1.37514917076,10,
1542,292.89184575,2074.85673,289685184.439,3.44446212393,10,
1543,292.946073746,2094.27669,104446638.176,12.9189420973,10,
1546,293.061959023,66.146274,1042100603.48,5.05820415872,10,
1778,307.094605448,87.53265,18889629.2645,2.5099212878,1.0,[M-H]-
1549,293.110263323,692.75184,383860.576139,11.5895131735,10,
1551,293.151068833,323.952906,149407162.533,6.30508483199,10,
1552,293.150793065,298.43643,24201426.8868,1.50686490922,10,
1556,293.89142653,1814.80926,26378108.5375,11.6251889451,10,
1559,294.022748567,599.779764,1012496.36456,3.63112937725,10,
1562,294.036578312,647.5053,980381.87069,5.71315929541,10,
1566,294.068033481,198.312219,1519714.95235,8.40175019832,10,
1569,294.154460958,323.632896,24204305.8597,7.47898873076,10,
1570,294.156319036,820.29888,624844.027588,4.6353659854,10,
1573,294.888605432,1772.22444,5401136.58814,13.8962083058,10,
1574,294.888427479,1347.56652,43331630.9494,11.0787282633,10,
1575,294.888533639,2098.90398,68591951.2951,12.4868914292,10,
1576,294.888411371,1388.7894,58995917.8619,14.9720253776,10,
1577,294.88855927,2050.02096,39248332.1139,12.8184816176,10,
1578,294.88840464,1590.6297,16415450.5661,4.40903787988,10,
1579,294.888400495,1578.17571,16452133.325,6.18684895948,10,
1580,294.888443904,1727.42475,2586994.27441,4.26836896237,10,
1582,294.888230024,850.14447,7996508.95975,11.306954854,10,
1583,294.888350918,808.33713,2431239.00918,7.52989335954,10,
1584,294.888392069,1711.83627,3389164.55659,1.63976586796,10,
1585,294.888433942,1536.37041,18976347.6115,2.269600117,10,
1586,294.88840971,1042.87461,52924187.1802,10.1784565411,10,
1587,294.888339519,1199.5647,47013667.1578,5.1812909096,10,
1588,294.888391816,1112.73627,36426899.4639,14.4385616321,10,
1594,295.112353658,234.509592,13527639.3746,9.97539860717,2.0,[M+Cl]-
1596,295.151178421,576.146256,2666311.53272,6.96240318075,10,
1600,295.264073868,97.436025,33726510.246,1.60695764025,10,
1601,295.990150811,326.550138,6809684.01158,6.9115711965,10,
1602,296.051765679,785.4351,24455092.5472,1.86920900451,10,
1604,296.062219203,57.7382886,76647771.8846,10.3399394208,10,
1605,296.072358007,138.415188,943209.458401,4.87598537395,10,
1993,322.089598391,157.319745,2310430.86655,2.93486219029,1.0,[M-H]-
1608,296.100285098,213.047826,57130983.3035,7.24292437629,10,
1609,296.13650343,884.49054,4729859.16098,0.623365330572,10,
1610,296.148385647,159.577056,1402170.6153,0.604093888002,10,
1613,296.267626767,97.280145,5975634.27164,2.47808180822,10,
3003,413.074344863,121.81878,1537507.63674,6.94063128933,2.0,[M+Cl]-
1616,297.067664892,157.249875,3368668.82383,5.13594213569,10,
1618,297.070652563,573.067317,283837.907027,1.94535361526,10,
1620,297.10480209,285.613776,18441435.5914,11.1707807075,10,
2724,381.188311431,505.405104,1461667.96744,6.10185368164,1.0,[M-H]-
1623,297.134656651,100.887852,4912545.66948,3.33912053474,10,
1624,297.170694335,100.752276,43136829.579,4.78525698067,10,
1625,297.243386093,100.127658,119264671.168,4.39108047259,10,
1626,297.948664208,132.930174,4648585.16821,3.1171967087,10,
1628,298.099269778,610.84149,545365.844759,12.5672714103,10,
2781,387.154746788,488.35971,4512380.44644,1.82677800239,2.0,[M+Cl]-
1630,298.133017088,135.53679,518789.292285,5.77712380637,10,
1631,298.177442137,578.74614,102140844.056,12.4066323016,10,
1634,298.870274981,133.250424,20974594.691,1.09139389171,10,
1635,298.92228177,781.65762,13802236.3995,4.41656823996,10,
1636,298.942992157,133.010784,1599830.17235,6.19077343761,10,
1637,299.006475445,51.3630036,17580936.193,4.62609081699,10,
1638,299.006566834,24.213612,9917426.08754,14.1914740542,10,
1640,299.043403011,563.497563,1193775.03279,13.0883053803,10,
1641,299.070496087,437.815434,26267203.0286,5.51012520043,10,
1642,299.071413356,282.979752,3134209.13449,4.15718094669,10,
1643,299.088801425,793.26336,18577984.3305,14.648249088,10,
1644,299.090200577,446.402334,2341058.87694,3.83274354392,10,
2320,346.180556809,286.062246,48139901.13,3.72578476963,1.0,[M-H]-
1646,299.10189423,855.41478,452113.864001,0.251359352557,10,
1647,299.141989394,103.25952,4768691.79785,4.30324716736,10,
1650,299.222756583,100.575666,4754162.51293,3.21588199035,10,
1651,299.259133705,100.752276,47813149.0253,4.67869683226,10,
1652,299.872333497,133.010784,21422460.355,1.00400493749,10,
1653,299.945759458,132.68991,2956386.85351,1.83776195003,10,
1654,300.112233274,910.99356,1120836.89089,6.05805674538,10,
1656,300.135638976,55.1143896,5386153.05866,7.98862651669,10,
1657,300.135465274,459.501384,35553040.6199,3.02542247983,10,
1888,314.172628986,598.12164,43276607.534,1.94660437282,1.0,[M-H]-
1659,300.156755574,611.1219,12354679.4422,1.22291463819,10,
1660,300.164279234,108.974406,32958433.2316,4.00883394704,10,
1661,300.192863784,443.003562,493716751.787,8.37820283543,1.0,[M-H]-
1665,300.870492172,1685.05434,15213712.3909,3.05728911391,10,
1666,300.945472889,133.082946,1709764.51434,7.34904274604,10,
2281,343.11968899,54.8927448,2155202.08183,7.63415219889,1.0,[M-H]-
1673,301.120486497,524.659974,3708290.07294,10.9146597161,10,
1674,301.119475987,94.380156,1948559.3433,12.0328353955,10,
1675,301.138861309,459.4647,5233807.08851,6.00484448091,10,
1676,301.138428927,475.89933,1604884.9225,8.74730399206,10,
3057,419.21542287,588.273018,14747675.2088,0.104696775907,2.0,[M+Cl]-
2960,407.161003837,571.75101,63197562.777,1.7633731131,2.0,[M+Cl]-
1680,301.152014624,628.08918,47032380.9148,3.27357185179,10,
1681,301.151978342,673.27764,7396767.01283,1.36632376231,1.0,[M-H]-
1682,301.162699009,105.152358,4330784.94554,26.8404456851,10,
1683,301.160179268,598.96353,1678423.99181,6.73120802725,10,
1687,301.217159034,97.635756,217447255.707,4.79233749931,10,
1688,301.217185235,77.450841,32018519.5273,1.01323959824,10,
1969,319.896466492,133.331406,1690166.9388,3.17045346942,1.0,[M-H]-
1690,301.94274305,132.846369,389294.970228,7.82491188236,10,
2710,379.978476747,574.037685,629280.392848,7.53005189547,2.0,[M+Cl]-
1692,302.024395378,174.726252,6412807.29224,1.18976619051,10,
1924,317.062921048,175.19796,3410895.37677,6.47961642688,1.0,[M-H]-
1696,302.081753773,455.659755,1022966.03767,1.08207160124,10,
2885,400.099580155,809.35824,858801.082462,3.16260673101,1.0,[M-H]-
1701,302.132167318,123.881805,832950.410169,0.519479077902,10,
1702,302.172312964,552.986766,111227962.934,1.73605565266,10,
1703,302.172360683,570.954756,14523287.1196,1.19323555441,10,
3656,495.235741123,108.65604,1736122.21293,11.2174322739,2.0,[M+Cl]-
1705,302.172329362,515.744598,99543159.5188,2.38261007169,10,
1706,302.172263821,490.267332,139119045.145,7.46667852977,10,
1707,302.213014515,109.246713,145068.016695,9.17560020597,10,
1708,302.682450717,115.064916,897330.693009,9.25186662514,10,
1710,303.018094035,175.19796,20810472.1803,3.44607584093,10,
1711,303.066031789,205.94859,154692432.156,1.26443478302,10,
1714,303.104770807,131.161686,4938462.11524,8.69085327731,10,
1715,303.095908158,531.277056,803725.383025,1.86311468603,10,
1716,303.096394764,855.6531,284617.81094,11.2261265254,10,
1718,303.154650807,314.722758,31466914.8989,11.0042194984,10,
1719,303.173197918,101.290032,2113187.22738,6.71794050132,10,
1720,303.232801592,97.011642,178516175.202,5.58241933026,10,
1722,303.920280878,133.082946,1665638.6412,1.35392678109,10,
1723,304.034388466,595.986042,4825610.01096,2.9706065881,10,
1724,304.052815883,509.365212,15687288.8023,12.8081023375,10,
2589,368.046252479,565.747506,2568883.1804,9.30092983868,2.0,[M+Cl]-
1726,304.076560776,627.4479,3510509.34192,2.90459050671,10,
1732,304.133886873,526.737,15732776.2883,2.27213248193,10,
1733,304.15172469,590.578032,65737969.1777,3.07687974878,10,
1734,304.151730409,606.26736,15295670.7326,0.821422041981,2.0,[M+Cl]-
1735,304.185035696,124.481781,604973.471026,0.541083185688,10,
1736,304.236173225,97.011642,37569311.7836,4.66992655607,10,
1739,304.922353245,132.930174,1662929.12279,2.04982427165,10,
1742,305.065209972,702.59259,87991.3695736,2.72097782505,10,
1748,305.155227981,590.72115,8264102.6549,1.05000380655,10,
1749,305.151182915,128.447538,5638167.67177,11.267410437,10,
1752,305.176072175,100.353516,6630414.10856,6.89799838785,10,
1753,305.171850335,471.411348,1356888.11657,2.97489986218,10,
1754,305.188921415,101.065026,3159180.61328,13.573737844,10,
1755,305.248539298,97.947408,61687956.2517,5.10433138246,2.0,[M+Cl]-
1756,306.026534792,760.55442,205338064.031,9.59547911949,10,
1757,306.03318924,529.858602,27231401.6756,4.21673998134,10,
1759,306.05795868,176.342316,629117476.655,8.84817609611,1.0,[M-H]-
1760,306.08357763,156.88005,8472655.35582,9.0275163317,10,
1761,306.113266669,570.12615,8311205.84144,2.85410984499,10,
1762,306.11313707,550.088766,28056351.1759,2.44231577008,1.0,[M-H]-
1764,306.113258082,609.26151,4630003.15267,1.37893884935,10,
1765,306.129695045,527.061138,572883.372443,8.04579732113,10,
1766,306.130949218,665.49978,3252788.0682,3.13914782164,10,
1767,306.14606288,454.198596,10787624.6916,10.5974053922,10,
1768,306.171367878,101.602296,9551111.81637,9.10013648061,10,
1771,306.870229589,133.402944,934803.368596,5.42764700135,10,
1772,306.919296632,132.930174,1014406.92343,6.03531398476,10,
1773,306.994056918,120.223152,14121377.8468,2.28012078,10,
2817,391.137809659,105.154896,1385454.75742,9.39884798702,1.0,[M-H]-
1779,307.102733792,954.79836,12199430.2613,5.42900352314,10,
1780,307.123766552,710.38068,15554793.3107,8.09197320256,10,
1781,307.134522697,665.78916,311419.3393,2.8921642145,10,
1783,307.155278443,101.087658,3827309.88159,5.92977440336,10,
1784,307.174949567,102.652719,964661.030346,13.3916933753,10,
1785,307.191998013,102.855414,13959174.6739,6.29631989394,10,
1789,308.073973615,200.320584,16375148.4464,11.628593361,2.0,[M-H+NH3]-
1790,308.099253158,573.550248,3058718.38719,5.82845092634,10,
1791,308.097947648,87.84678,1570774.84356,10.3853591685,10,
3047,418.17204048,116.0823,1771130.66569,8.79460031127,1.0,[M-H]-
1793,308.11327815,480.6831,1968530.95807,13.0920670697,10,
1794,308.13296393,105.79053,2725682.23199,9.22922191378,1.0,[M-H]-
1796,308.148450058,166.676814,293165.330728,2.93643021594,10,
2127,332.194649449,190.380186,1983436.84349,5.40998152943,1.0,[M+H3CCOOH]-
1798,308.187237126,108.519345,18200582.7243,7.7899070483,10,
1800,308.676601668,115.496415,250154.277584,1.40150744791,10,
1803,309.033561495,54.8025162,1490665.02963,8.36971005668,10,
1805,309.03791089,147.03168,753228.550565,5.3861934749,10,
1806,309.050024212,162.700812,1482709.16679,7.49643134729,10,
2004,323.068690537,87.53265,11257558.8478,8.56438886327,1.0,[M-H]-
1808,309.056807091,62.676384,151491749.914,2.2658084012,10,
1809,309.070778816,126.60174,1313314.92569,4.65948202612,10,
1810,309.08220766,85.385514,2885446.02838,13.1928742129,10,
1811,309.112934195,526.196982,2861004.49973,10.8637589613,10,
1812,309.171003519,100.752276,243997671.818,0.43532158981,10,
1813,309.1744143,1981.76574,3166588.50284,5.2048320936,10,
1814,309.174485902,1855.8852,4262357.6187,4.34189116776,10,
1815,309.174420888,1936.7253,3514618.91537,10.531843712,10,
3182,435.23855459,100.752276,2127614.04716,2.40305330752,2.0,[M+Cl]-
1818,310.005055841,118.847544,1040682.88808,6.38604580463,10,
1821,310.148864778,107.06391,1072764.19665,9.11925387719,10,
1823,310.283180485,97.011642,7188676.06461,7.97563787518,10,
1825,310.902365553,1390.18554,352044227.76,13.8263646543,10,
1826,310.902326774,1206.72606,230112609.421,2.83756422006,10,
1828,310.902422313,1604.85717,72083961.9709,14.1089009734,10,
1829,310.904254755,87.892338,960820.764997,7.82357646193,10,
1830,310.902652275,44.2155024,7435457.2199,13.1927591005,10,
1831,310.902357456,1088.95038,216144741.371,9.47649058703,10,
1833,310.956692609,2099.22648,10116587.2862,7.28944158861,10,
1834,310.956670858,1726.19985,462629.960961,4.29995288836,10,
1835,310.956615595,1711.41762,563596.676157,14.9525604604,10,
1836,310.956698668,1693.8849,664729.343221,5.9334022333,10,
1837,310.956673425,1879.92582,4876189.96565,9.5964618281,10,
1838,310.956772697,1811.26356,5933493.58884,12.0948152534,10,
1839,310.956641469,1327.76193,7069442.67834,13.6752643081,10,
1840,310.956766963,1642.64583,1867120.84367,10.9108483543,10,
1841,310.956527734,1185.59712,6074158.39738,10.6733834997,10,
1842,310.956689916,1589.33055,5315209.87337,14.7398830025,10,
1843,310.956774069,1758.8034,934479.444113,8.63757801201,10,
1844,310.95657061,1208.7825,10987084.7661,5.86952260517,10,
1845,310.956760386,1832.23749,2825524.24177,10.2058806405,10,
1846,310.956759615,1537.43985,4462626.78515,1.53579144389,10,
1847,310.95674447,1861.09158,3477700.89028,11.2053872464,10,
1850,311.14081769,153.245802,5516407.89994,6.47989640134,10,
1852,311.157902881,795.31836,1397341.32362,0.29260383654,10,
1854,311.29553344,97.635756,67578171.2042,1.81663052102,2.0,[M+Cl]-
1855,311.901939814,1933.0533,41154854.1626,3.12131243172,10,
1856,311.901877241,2025.7704,60986093.649,1.33009459845,10,
1857,311.901903723,2075.6595,70426049.4571,5.05671056962,10,
1858,311.901779917,1182.86886,41595984.8916,1.37679247718,10,
1859,311.901925614,1980.67527,41581707.5434,12.4877994155,10,
1860,312.00301369,118.571103,1114541.97072,1.76353719858,10,
3599,488.204450064,104.204886,2530840.34378,5.9866268039,1.0,[M-H]-
1867,313.100757604,108.019656,472665.343071,10.9460888617,10,
2054,328.107388381,475.445766,1721634.44761,0.767045085556,1.0,[M-H]-
1869,313.107378792,529.551618,376454.817647,1.951515509,10,
1870,313.115576363,698.34456,416370.590366,4.98768544065,10,
1872,313.132907892,236.54595,57698694.3331,9.17271220782,10,
1873,313.141045502,154.779129,777537.993534,13.5936497101,10,
1874,313.160188376,443.595321,5851373.84484,4.0610192355,10,
1875,313.181175792,100.353516,7833959.88291,10.0740236042,10,
2864,397.332435978,100.127658,4276243.56091,3.67275976036,1.0,[M-H]-
1882,313.93129937,1445.30166,2843911.18158,0.0747317146392,10,
1883,313.931286032,913.8873,32435927.1091,10.0711530268,10,
1884,313.931205244,1190.79462,25502223.704,3.2891528115,10,
1885,313.931288508,999.14394,18010491.1583,10.3450506915,10,
1889,314.172189096,284.183244,18098033.5125,8.23502689349,1.0,[M-H]-
1891,314.216537129,102.944646,465945.926438,13.286345288,10,
1893,314.990754448,85.026774,1000915.99081,8.54126320702,10,
1895,315.092667886,693.09408,1806914.33441,7.11407081678,10,
1896,315.096451103,437.696247,6286621.55358,8.58205726181,10,
1900,315.167882814,624.20268,53216597.3297,0.273238711012,10,
1901,315.167776673,539.721138,27663151.3729,2.21559435753,10,
1902,315.167884718,640.27188,10608817.4128,3.00693470412,10,
1903,315.167856528,659.7003,2720480.81968,3.13306690836,10,
1904,315.189223241,50.6600664,755910.137524,2.59734915389,10,
2687,377.204524546,316.967274,43350956.441,14.2637431307,1.0,[M-H]-
1906,315.21208009,453.471942,13279675.6332,6.13665496926,10,
1907,315.896825254,133.250424,3418409.14476,0.64345039842,10,
1909,316.071477186,492.177582,2941070.81252,3.42005270318,10,
1911,316.122910275,117.646524,6662967.3418,8.54521138051,10,
1912,316.151720268,480.388593,9909561.27177,0.890648412793,10,
2488,360.196444337,283.870872,39997225.2963,5.18179021373,1.0,[M-H]-
1915,316.175491244,103.866042,1086072.19649,10.0346812765,10,
3191,436.230319661,471.733092,12960660.4958,13.4382152028,2.0,[M+Cl]-
3023,415.25646699,452.834322,50656489.9971,8.89046736066,1.0,[M-H]-
1918,316.195637161,106.336536,798827.232571,4.44582255973,10,
1919,316.214216426,453.357081,1011161.77496,5.41266673015,10,
1920,316.898951935,133.331406,3514056.09809,0.870343867813,10,
1921,316.964442942,124.199796,1167873.31426,9.39422946181,10,
1923,317.055000911,669.52554,2138547.1212,1.49612568201,10,
1926,317.078943018,86.591886,5477938.40751,10.9221227152,10,
1930,317.094570805,526.522866,2396411.45411,8.18723113165,1.0,[M-H]-
2938,404.157969268,557.884488,19799834.5227,1.95586496555,1.0,[M-H]-
1932,317.125651505,495.318228,7298305.96072,2.63551779316,10,
1934,317.155468327,481.342467,537141.149965,13.9228118152,10,
4282,599.445448098,97.591959,7647739.88954,6.02864827595,2.0,[M+Cl]-
1939,317.224932236,97.860144,18129391.6581,13.5124257265,10,
1940,317.893426738,133.250424,2130897.30887,7.19620383321,10,
1941,318.058423044,669.21564,144158.341847,13.7107383531,10,
1942,318.057888338,473.368515,1882066.05176,11.0119049676,10,
1943,318.092161585,618.65316,2749516.7837,7.81852926985,10,
1946,318.107812612,54.8476305,617221.193332,0.374431247646,10,
1948,318.130037386,558.766941,1133215.13926,0.132497942385,10,
1949,318.143056473,53.8158168,129002.38941,8.94538399865,10,
3254,443.193944635,447.122688,18359936.3408,8.05001810239,2.0,[M+Cl]-
1951,318.167276107,571.929504,245842169.592,14.7612981409,10,
1953,318.215722409,100.44003,1868682.24861,10.2666712573,10,
1954,318.895966368,132.930174,3327504.76798,1.44282184812,10,
1955,318.992025502,176.297883,15760012.4536,0.211168441568,2.0,[M+Cl]-
1956,319.017682926,54.5361408,825294.950801,2.89644718955,10,
3025,416.091639686,855.34956,1554862.63677,1.71359704207,2.0,[M+Cl]-
1958,319.09150764,603.85776,381273.530856,7.03754497124,10,
1959,319.085927653,102.338475,562206.117554,2.37579598908,10,
1960,319.094620759,85.74402,3916537.09776,11.7087011141,10,
1961,319.108554376,596.315544,15461949.5407,2.17115569063,10,
1962,319.121851485,60.1415025,96097767.0009,4.89585086648,10,
1965,319.18287578,642.29628,650493.92633,3.45458435025,1.0,[M-H]-
1966,319.227908379,100.44003,8202986.6518,8.23848942039,10,
1967,319.240867789,98.258652,25919924.5611,8.6943372543,10,
1968,319.684439043,642.03792,183860.074603,11.4121090692,10,
1970,320.031652969,221.005578,2290671.37755,11.3000486626,10,
3746,505.134452172,102.944646,9671294.41363,6.91223695241,2.0,[M+Cl]-
1972,320.074023963,143.733306,20295507.1677,11.168866113,10,
1974,320.146598891,637.73256,14011102.2867,2.80838032248,10,
1976,320.568947205,103.595721,409482.599989,9.68567704267,10,
1977,320.892941329,133.082946,943633.612185,2.38654106176,10,
1978,320.997119122,782.10798,178179158.302,1.3925323066,1.0,[M-H]-
3054,418.974412466,741.78108,765993465.372,1.11450053218,2.0,[M+Cl]-
2189,336.110151081,86.279016,6934177.5913,3.59356271475,1.0,[M-H]-
1982,321.104213807,595.986042,584835.840189,2.77280836744,10,
1984,321.111160606,104.340225,954555.715334,9.54696002845,10,
1985,321.130536018,646.08798,418889.486713,3.09598386974,10,
1986,321.150305184,636.93756,1666871.77095,3.58097687652,2.0,[M+Cl]-
1987,321.220063297,100.44003,16173179.096,7.1614807295,10,
1989,321.255101306,206.054085,1479163.95133,2.20575985984,10,
1994,322.108184184,597.637548,2304915.15176,0.664276003265,10,
1995,322.126090311,111.85866,1974644.89389,10.340860083,10,
1996,322.141041106,541.000764,15637114.4021,1.66184012881,10,
2001,323.019468067,229.49808,47989380.9384,9.19012332189,10,
2002,323.019535192,214.921644,29013928.6334,2.66304908235,10,
2003,323.045155877,109.200654,438227.034271,12.4123866696,10,
2005,323.087300671,111.008346,905461.254413,7.63052765381,10,
2008,323.223009872,100.752276,21205485.0918,2.35169263866,10,
2010,324.023229072,229.071108,4828065.31259,12.5825322442,10,
2011,324.052648953,85.966146,15993440.3873,6.08470011601,10,
2012,324.120549338,583.650384,2933809.69709,1.97937897557,10,
2013,324.122291748,111.663918,698640.478709,5.24519032354,10,
2014,324.133697977,165.395127,2600621.47978,6.17854662154,10,
2015,324.161283191,104.044542,3651282.02874,0.966192853704,10,
2017,325.005688936,219.143034,1308017.50916,1.05190927113,10,
2019,325.021519487,664.7898,297682.388127,7.08880885276,10,
2021,325.065441381,176.027694,176911532.282,2.66875042133,10,
2022,325.096432298,91.920906,39012659.6895,9.81796482872,10,
2023,325.134636912,708.73248,645508.842728,10.3265223674,10,
2024,325.134491484,108.154857,1561496.32357,2.70878067541,10,
2025,325.154878962,474.329082,2085149.70216,4.11363026935,10,
2026,325.143831972,563.517132,494054.964688,8.86017582013,10,
2029,325.310948838,97.459161,3672438.2407,0.565745432192,10,
2030,325.889332833,133.010784,2045673.72275,0.660835949943,10,
2033,326.170254196,583.650384,930947.617751,3.99088323552,10,
3478,472.277925677,482.271468,57445794.1862,8.95637786197,1.0,[M-H]-
2035,326.208830218,505.314234,48641008.9608,1.42439505738,10,
2036,326.891581357,132.762558,2076725.60582,1.07856825315,10,
2039,327.075036228,102.003024,6225826.64128,7.84023091082,10,
2040,327.087824157,649.56192,341572.043391,9.00948038991,10,
2042,327.115419064,100.240587,2153081.73255,9.61620467652,10,
2044,327.218367843,139.384176,28266544.9273,7.15348837787,10,
2048,327.891955908,133.046865,975220.928047,10.6482955073,10,
2050,328.045590199,467.532972,6602229.37708,3.14640134869,10,
2052,328.115444169,795.24114,3152811.35088,9.59855149789,10,
2401,352.151873661,539.854884,3211884.33682,1.216233818,1.0,[M+H3CCOOH]-
2055,328.126786731,132.289926,2918006.12718,10.5114266934,10,
2056,328.188114619,553.682478,49214832.3689,11.9675851458,10,
3700,500.236417863,284.496372,2911102.38683,10.048117935,2.0,[M+Cl]-
2059,328.88793777,133.206864,1085402.62043,0.261263187057,10,
2060,328.885234336,223.493391,885261.895779,4.1053690211,10,
2061,328.900632568,723.38646,15657459.8579,2.38161680904,10,
2062,329.04939507,467.395584,569772.40842,5.76180559598,10,
2063,329.053986696,546.122301,1067831.06324,0.21721690992,10,
2064,329.074866689,108.132849,238676.481459,2.35271393266,10,
2065,329.085613506,166.457073,6710768.48108,0.259616425957,10,
2066,329.099512703,796.32561,1496640.98148,1.66317327298,10,
2068,329.153014373,51.9708834,725018.035008,1.96018407019,10,
2733,382.176531783,108.338022,4711789.13882,5.58470050913,2.0,[M+Cl]-
2071,329.183418495,519.00324,10861701.4595,2.31032724272,10,
2072,329.183467473,593.681016,40482203.259,9.38530852022,10,
2074,329.227946845,301.47738,50243794.9144,3.01410554197,10,
2076,329.248456746,97.548162,5517646.99017,8.14816407919,10,
2077,329.483161894,277.996626,5813894.07148,5.84598989043,10,
2078,329.888463624,133.402944,559158.455136,4.45838408844,10,
2080,330.085271256,90.112095,3729860.32542,4.84087443526,10,
2290,344.078515694,54.5361408,617102.26086,9.89155929649,2.0,[M+Cl]-
2082,330.103219294,538.611372,3805370.58863,11.3339658465,10,
2083,330.131095868,597.161904,3102216.85556,1.65297964234,10,
2084,330.138569701,112.355046,389452.106735,4.24705737126,10,
2086,330.175124404,128.526156,35870314.9122,5.40593803059,10,
2974,408.196930077,150.513702,30496075.9402,8.36053614117,2.0,[M+Cl]-
2089,330.192486738,100.44003,3377362.38719,8.63914358749,10,
2090,330.862130459,117.000642,8457489.866,13.6764419672,10,
2091,330.902419054,1772.74632,2123247.44438,6.4551463417,10,
2092,330.902253172,1711.41537,1434772.81662,5.45676420932,10,
2093,330.902418972,1758.63663,2054367.23024,4.05913582437,10,
2095,330.902331541,1642.47453,2236357.4281,6.16224761243,10,
2096,330.902175385,1297.11831,6389823.3921,14.5880408946,10,
2097,330.902203039,1314.14643,3159989.10476,11.3224880799,10,
2098,330.90207216,899.18955,2838458.48162,3.23347357572,10,
2099,330.902258421,1496.24982,3032343.17805,7.07903831,10,
2100,330.902077619,1088.88663,3707071.4868,8.2006981572,10,
2101,330.902282725,1558.50897,1331951.00505,14.4908960978,10,
2102,330.921959464,133.010784,1836135.9871,2.91402411256,10,
2103,331.06634903,220.595733,820223.76125,6.1516203133,10,
2108,331.162768674,678.12456,26834294.4005,6.87177075681,2.0,[M+Cl]-
2109,331.162779869,618.28632,20668990.7806,1.36611745618,10,
2110,331.1778806,694.7916,782814.49677,4.46310760517,10,
2111,331.204611107,100.44003,8249675.94662,10.7819525669,10,
2112,331.207335743,466.885596,51478253.5996,9.35442803544,10,
2113,331.264533948,96.074892,1611980.68022,6.87965178398,1.0,[M-H]-
2114,331.269028905,143.93817,310608.324675,9.31442672351,10,
2115,331.86151779,116.310846,1294892.80777,13.7237471604,10,
2116,332.045943228,136.517673,834483.274985,5.43277162414,10,
2118,332.077227063,213.047826,5151098.82625,7.65078803628,1.0,[M-H]-
2120,332.129017719,677.44122,2273375.12239,0.883735235963,2.0,[M+Cl]-
2121,332.125992317,283.960443,2460676.95305,6.94465558556,10,
2122,332.16184013,480.466662,9155658.17647,5.15570316755,10,
2124,332.171065529,128.882358,1324329.24937,9.03956132336,10,
2125,332.183102046,525.311604,65467402.1442,0.927958038654,10,
2130,332.884002432,1711.24845,622051.771512,5.33073571554,10,
2131,332.883940651,1248.33534,2940395.14995,4.29734678942,10,
2132,332.884122387,1693.71336,670502.992905,1.01393003033,10,
2133,332.884293239,1785.13536,1712444.94634,3.07346520697,10,
2134,332.884003286,1088.23923,5437787.40985,1.12554456786,10,
2135,332.883748181,1622.26533,894929.922403,5.45065311031,10,
2136,332.884112935,1014.56004,1611066.08491,11.9737954684,10,
2137,332.884289127,1835.34069,8073313.67543,1.50535754701,10,
2138,332.884293708,847.15563,2191782.83469,11.8560145258,10,
2139,332.884316215,1813.40229,5738984.2421,13.1591685507,10,
2140,332.883899739,1645.03833,696281.050011,7.77799084184,10,
2141,332.884294264,1758.80118,1150434.12353,2.99180205829,10,
2142,332.884155565,976.47864,1094996.43727,3.95084928097,10,
2143,332.88421736,872.30265,2480678.89262,2.23687400465,10,
2144,332.884293125,2052.55572,4842744.41009,12.2770817964,10,
2145,332.884215649,904.88667,1165142.35408,14.1800969799,10,
2146,332.884307381,1929.77961,3901721.90947,2.99530855157,10,
2147,332.883951398,1329.71217,2436784.25424,2.25960053214,10,
2148,332.884259019,1883.48913,4839225.76151,6.09884915449,10,
2150,332.942093757,124.040667,706933.005662,3.02280575921,10,
2154,333.082439613,147.193119,1046632.39691,6.09564344102,10,
2155,333.094073142,174.725934,5518003.77548,5.59230497141,10,
2156,333.104934263,649.08744,217843.954191,0.934505714615,10,
2157,333.109961678,618.16038,493008.511592,2.44026923644,10,
3621,490.206245837,54.8025162,4563493.12237,14.5087034308,1.0,[M-H]-
2159,333.16925029,101.021475,1399221.16709,1.36250775629,10,
2166,333.925760882,133.082946,85264909.4687,1.47863624421,10,
2167,334.03652598,86.237598,6714743.25001,0.601468210671,10,
2170,334.094432978,86.057028,2973181.45497,4.92860994356,10,
2172,334.128207321,580.522266,837512.11988,3.61317476682,10,
2173,334.123200396,282.708924,7790522.86727,2.90723405887,10,
2174,334.144525545,491.807604,16320705.4208,5.56387455509,10,
2175,334.144535603,473.218848,26615412.164,9.75580142411,10,
2178,334.846282194,1362.55965,1214612.85485,0.473836231081,10,
2180,335.095029754,111.220284,441161.017681,13.3407001453,10,
2182,335.136480842,532.251252,6320490.63566,2.41295702544,10,
2183,335.135534798,105.154896,1825740.00541,8.40702219796,10,
2184,335.148174003,108.246042,2737119.39284,5.16057585067,2.0,[M+Cl]-
2185,335.176283635,93.866661,7713030.19169,8.63710582147,10,
2186,335.220560419,93.598788,6908115.18854,0.880493832125,10,
3817,517.956606146,132.930174,1031550.87907,14.6727806673,2.0,[M+Cl]-
2188,336.060956243,598.633707,1275249.94172,0.866275294793,10,
2191,336.140440138,532.579113,917854.691053,3.66990499918,10,
2192,336.131845599,667.33584,85256.5660523,12.1875824036,10,
2195,336.226797868,145.464306,1259600.82476,13.9252762241,10,
2196,336.222138991,109.429098,611629.0665,2.54851967905,10,
2197,336.910394369,25.6960632,2541823.92335,8.602951829,10,
3179,434.948194872,737.36442,565294593.194,1.10020094727,1.0,[M-H]-
2600,368.995911268,110.566782,6695908.33994,7.7621863146,1.0,[M-H]-
2203,337.044641805,179.085324,4737759.44147,4.61543572953,10,
2204,337.056413562,86.279016,2344000.21617,13.1306469592,10,
2205,337.078110845,665.62986,358308.734655,4.24260943733,10,
2207,337.129276057,144.781365,3133938.70431,7.78637639978,10,
2209,337.2368182,26.8570656,9408085.6607,13.5221204777,10,
2586,367.358128009,96.074892,25870805.8566,5.50021912438,1.0,[M-H]-
2211,337.919811037,133.250424,26976325.1089,1.20827506351,10,
2214,338.050107815,86.279016,1837954.08697,3.1130145504,10,
2215,338.056255102,544.900389,66120020.0303,3.92076408041,10,
2216,338.100016382,797.22162,3234478.38148,4.9120461665,10,
3653,495.183851491,573.9477,1170373.1565,0.521031060308,1.0,[M-H]-
2220,338.180365953,121.500654,2532538.00193,9.62032736039,10,
2221,338.183939021,689.40969,1808007.21362,0.773898410381,10,
2222,338.183878501,664.27074,2886901.41708,5.73822332747,10,
3053,418.881973011,133.010784,2095577.13184,13.2226604741,1.0,[M-H]-
2227,339.050462955,178.770684,78481417.5546,13.9213046417,10,
2229,339.049269827,573.946455,450200.429934,2.93574312656,10,
2230,339.060588845,111.024354,812682.13811,1.88231157557,10,
2231,339.081608012,143.332932,2600628.29957,3.51074202873,10,
2232,339.116172195,654.29094,168016.508872,12.3677831654,10,
2233,339.143143342,106.721979,209514.05373,2.37083975157,10,
2899,401.160546653,305.004636,17648479.668,10.9547014049,1.0,[M-H]-
2235,339.16997584,443.049081,4055133.95611,4.89444762488,10,
2236,339.209208631,97.236402,2484375.83284,5.7828983545,10,
2524,363.29549638,133.082946,1696969.81804,5.53887434737,1.0,[M+H3CCOOH]-
2239,339.326726751,96.924414,19784619.1525,8.16664108561,10,
2240,339.327351959,41.5766244,285658.331317,5.45785322021,10,
2242,339.945501598,116.056917,165257.830939,0.84692312425,10,
3696,500.165918128,102.003024,2833687.24431,4.66009007606,2.0,[M-H+HCOONa]-
2246,340.187905177,303.606006,15013357.8863,8.42128357393,10,
2247,340.194977909,118.086915,814117.842023,7.85620131536,10,
2248,340.224323316,462.227094,18588901.6503,8.36946685722,10,
2249,340.244142036,133.082946,1436579.36772,8.9877838044,10,
2250,340.25755573,100.575666,1611817.69618,1.95882901079,10,
2251,340.329909731,96.699642,3934399.73804,2.79147667001,10,
2254,341.030328762,175.298193,6137042.75032,7.78235515985,10,
2255,341.039200681,175.82571,65969390.2797,10.1294621692,10,
2259,341.183403602,632.23059,6446708.51798,1.97382370907,10,
3417,464.200181542,577.588026,691069.633858,4.6082856789,2.0,[M+Cl]-
2261,341.223284486,49.3380018,3213095.38068,0.773508989995,10,
2262,341.237027012,247.849866,638702.18823,4.76504010056,10,
2263,342.038194372,124.043646,2941121.73698,13.6703362157,10,
2935,404.104989948,663.9333,6983860.91712,5.66850284428,1.0,[M-H]-
2266,342.164082337,100.44003,2740232.35174,7.61071346765,10,
2267,342.184251713,472.109706,798252.417039,6.41614154706,10,
2268,342.195451979,267.427551,221863.945033,6.09431225042,10,
2270,342.226802574,49.9960743,595159.802243,13.2708414073,10,
2271,342.240162601,230.661594,72306341.0397,4.47830991437,1.0,[M-H]-
4048,554.2566262,283.558362,3457153.09562,1.7790391899,2.0,[M+Cl]-
2274,342.919326306,132.489786,536391.709735,2.2890061895,10,
2893,401.018234526,290.454606,34901191.8234,10.8794814254,1.0,[M-H]-
2276,343.024321391,565.883886,1189163.89103,2.19860231853,10,
2277,343.020505511,640.3878,306752.969713,8.78412463203,10,
2278,343.115060712,796.89174,7312508.71885,2.76130072606,10,
2279,343.110445891,240.096966,21638902.0774,9.9452982059,2.0,[M+Cl]-
2280,343.113943352,664.4607,204153.925605,3.9581780135,10,
2282,343.17290771,509.550687,5775476.6219,3.76975929355,10,
2283,343.198905105,525.862113,78063519.8222,2.70500012057,10,
2284,343.198857322,512.182104,68661681.4876,3.14734911558,10,
2285,343.220496249,50.1597519,825663.206314,10.4964704777,10,
2289,344.040568091,588.919386,3524440.59702,3.19768551239,10,
2292,344.114160178,238.587339,2786825.49373,0.424601651675,10,
2295,344.219630013,339.49278,129351031.929,8.38956628066,10,
2296,344.219365369,393.563736,108847683.676,6.96055446172,10,
2297,345.003691369,125.38806,3233861.6319,14.4418132601,10,
2298,345.015813112,782.35629,12695668.0806,11.682092264,10,
2299,345.04377346,589.263024,280026.09519,10.1852796933,10,
2300,345.097125226,471.090834,378954.0251,8.17141371483,10,
2301,345.103351726,611.3682,383598.979276,5.18484245824,10,
2304,345.134746604,480.706404,14462343.6619,0.415851935571,10,
2306,345.156146072,464.106909,891294.010117,13.1620035441,10,
2602,369.214680231,606.12216,16866270.712,0.52592010418,1.0,[M+H3CCOOH]-
2308,345.178279294,560.63001,58677299.3656,1.60539481362,10,
2309,345.178374483,648.00528,8760808.79474,0.813894454081,10,
2310,345.211119105,108.132279,1653470.17309,2.63178340165,10,
2312,345.268314795,241.078665,923456.394451,2.99552791133,10,
2313,346.015906425,489.47124,8006690.58996,13.2538499474,10,
2314,346.094329319,86.481141,3055176.67394,8.12105039783,10,
2316,346.14117461,398.493045,1199596.80782,0.766862959344,10,
2317,346.151106931,101.087658,2555154.30786,12.1638287677,10,
2318,346.173517747,595.484514,2750878.69604,3.32976064427,1.0,[M-H]-
2319,346.169913359,107.700654,860257.291401,11.7963586284,10,
2321,346.182043301,560.221821,8134484.1362,11.7800216031,10,
2322,346.879087933,1727.9841,3275443.19689,11.6998800967,10,
2323,346.879098768,1742.3466,2723906.32832,13.0557190368,10,
2324,346.879153954,1669.18494,11015948.3664,2.71366648577,10,
2325,346.87914881,1649.7489,13612605.2395,4.22925374889,10,
2326,346.878988468,1176.5682,17607684.2777,13.4228995625,10,
2327,346.879180336,1773.05103,2906066.68739,1.5533471038,10,
2328,346.879110679,1592.44326,14962651.5042,12.5687846751,10,
2537,364.889745758,17.4662286,14950019.7321,4.04324208107,1.0,[M-H]-
2330,346.879114229,52.1340093,3637136.10687,10.3134231851,10,
2331,347.051646715,123.965904,1434819.66474,6.88679846386,10,
2332,347.056239047,438.84969,10674461.9592,3.61501014505,10,
2333,347.05875654,595.077144,384259.039326,1.97398956864,10,
2334,347.073532258,169.64907,12783568.5709,5.19265867614,10,
2336,347.144791803,100.752276,3206997.54575,14.1517003177,10,
2337,347.258860399,100.306788,2510829.14611,14.0049328792,10,
2338,347.283953298,240.112368,1589092.68862,1.86589820509,1.0,[M-H]-
2339,347.995277177,477.494352,55566507.7699,2.40969624349,10,
2340,348.086121015,243.69474,2635047.39476,5.4608258568,10,
2342,348.141026286,104.116032,11295083.9245,4.68800352635,10,
2343,348.160006383,449.25282,37892894.4538,1.94356449872,10,
2954,406.23524385,230.995602,26871129.6363,3.26131170516,1.0,[M-H]-
2345,348.193132258,422.910552,23098802.2905,6.33977035247,10,
2346,348.876061807,1668.94797,4916708.17069,3.71814587016,10,
2347,348.869314665,87.892338,1049526.49815,4.63106168869,10,
2350,349.076765138,296.609394,101963733.659,12.755930178,10,
2351,349.104676898,124.679652,39227534.6677,10.9957100868,10,
2352,349.163604606,449.545635,5537386.24872,0.804044956441,10,
2353,349.205170892,95.987652,21759385.9868,13.2934238961,10,
2354,349.281034549,240.429039,455635.285815,0.905818374934,10,
2355,350.068328471,86.41779,1461473.7275,3.34787126454,10,
2357,350.12009589,180.119946,9836392.71506,5.28056800124,10,
2358,350.137892318,104.204886,4547977.12664,4.63294340518,10,
2359,350.151135705,175.938696,10572511.7023,9.04562906225,10,
3394,460.220425058,436.423125,14337638.3686,2.61135535353,2.0,[M+Cl]-
2363,350.172528128,499.545474,25763776.8833,0.376576738217,10,
2364,350.172659996,354.858717,9242721.62023,10.0937023912,10,
2365,350.185568351,316.33065,184467172.133,5.24353568499,10,
2366,350.18536706,453.243708,16032231.0997,7.50357920417,10,
2367,350.200574334,100.150479,1091709.8779,5.95414509603,10,
2371,351.056189017,565.900761,367109.163646,7.61764253282,10,
2372,351.06029372,178.97175,2118273.95932,6.45845671143,10,
2374,351.099963375,540.428499,5434261.80311,12.3866069278,10,
2375,351.110394994,124.874922,809209.979565,4.83681654148,10,
2378,351.166512385,633.18654,397330.507308,4.98538260897,10,
2379,351.149713464,95.138526,4619335.5238,10.5297576023,10,
2380,351.184889888,99.816018,10893252.1121,10.6130827073,10,
2706,379.252857126,1772.55534,8094514.6822,2.41732632403,1.0,[M-H]-
2384,351.221504431,1785.03846,6976680.52216,2.10903539736,10,
2385,351.221401804,1728.20244,8841871.9308,7.59502873703,10,
2386,351.221318103,1592.7699,2787134.93327,11.4646699302,10,
2387,351.221413368,1677.06582,6410762.70352,10.3128772864,10,
2388,351.221283701,1605.71952,3120899.80076,7.5788662348,10,
2389,351.221289717,1028.20308,2054020.13834,2.92041448357,10,
2390,351.221383249,1694.75466,8272741.59983,8.80524870088,10,
2391,351.221404932,1661.6235,5332132.39463,6.78688962268,10,
2392,351.221348623,1954.89858,37883484.9238,9.97684549422,10,
2393,351.221324527,2053.24224,28552173.3651,5.76690817289,10,
2394,351.221341548,2025.84534,23472089.9524,6.77306348774,10,
2395,351.221293814,994.07724,2642565.09886,3.20092135548,10,
2396,351.221238172,1414.55385,2037393.58046,2.96283053882,10,
2397,352.07671041,561.389505,189465.240577,0.011780566956,10,
2398,352.083966343,86.080914,4324840.35846,4.5953463295,10,
2399,352.128595853,479.593158,1233858.76837,0.559160352491,10,
2402,352.143443984,282.61998,46688236.4102,1.79678686028,10,
2405,352.19952461,610.73754,4883588.78207,3.0398081483,10,
2406,352.215911692,100.485918,5421706.17638,6.1208748781,10,
2407,352.707865707,82.484712,958705.770058,5.49823735434,10,
2409,353.067617572,452.243577,240060.112226,8.77005847005,10,
2410,353.155307544,539.349306,476019.223142,9.87672168,10,
2411,353.233709101,100.752276,12349486.8606,5.94688879339,10,
2412,353.266423046,201.951096,648680.4434,6.26299316872,10,
2416,354.039904606,86.324706,1636878.97224,1.23983691715,10,
2420,354.237135321,100.775103,2296464.1026,5.82353539418,10,
2421,354.259722718,201.415956,1085277.11138,6.61900596899,10,
2422,354.878107265,115.38729,630682.16105,14.7676943412,10,
3178,434.904028445,156.653208,1518841.25544,9.26306373893,2.0,[M+Cl]-
2425,354.966469824,133.166559,463311.093376,7.41834511457,2.0,[M+Cl]-
2426,354.98028552,125.634288,14163040.4044,12.1471925582,10,
2427,355.11711723,124.997898,1584951.35194,11.9865207016,10,
2428,355.125017183,560.489385,1406991.549,3.51823111543,10,
2430,355.199161536,655.79802,13910250.6951,3.04480542245,10,
2431,355.260522304,104.204886,1135189.62715,14.4912452322,10,
2433,355.286186914,139.423608,524085.69165,6.13019183966,10,
2437,356.064536698,577.769124,7607733.59446,2.4753613609,10,
2439,356.149950449,86.550597,984098.133962,8.0228897031,10,
2440,356.171816688,86.057028,4432122.32783,13.7202053709,10,
2442,356.17211054,51.4798794,541518.807829,8.40479304461,10,
2443,356.216885348,106.654416,567874.76952,12.8181443521,10,
2444,356.256179672,194.163816,90890682.0948,6.70497265054,10,
2445,356.876207624,115.60554,2039871.25978,10.5901727201,10,
2448,357.079667832,105.290541,694380.992388,0.664076691054,10,
3284,447.086886853,448.550574,5372643.2082,5.04097261482,2.0,[M+Cl]-
2450,357.096628124,155.062239,1652713.01865,0.0922715361021,10,
2452,357.16753696,108.882162,407931.405081,8.56253282807,10,
2453,357.19754359,49.0110111,1303143.66057,9.31729219145,10,
2454,357.214760975,543.559146,12025785.1695,2.42737700306,1.0,[M-H]-
2455,357.214587069,449.25282,142146323.089,6.17616661587,1.0,[M-H]-
2456,357.214740135,479.41035,148715610.389,5.94500480225,10,
2457,357.214784348,517.142718,65281307.6036,2.27152799275,10,
2458,357.226060575,713.08569,874022.166073,7.20767875107,10,
2459,357.970235893,132.68991,26975897.6003,3.27827549861,2.0,[M+Cl]-
3268,445.091695463,448.61871,13688542.216,13.1770912077,1.0,[M-H]-
2464,358.198340332,283.673178,13927643.8102,2.2361680949,10,
2466,358.969361675,133.00656,16222270.6235,6.73814519944,2.0,[M+Cl]-
2467,359.078431491,104.520888,11137763.3782,2.35166680253,10,
2469,359.113719729,502.641723,1261274.35377,3.9543854314,10,
2668,375.188774976,482.475228,2375047.33166,1.40207001266,1.0,[M-H]-
2471,359.159489646,212.293602,29189323.9162,2.40641019539,10,
2472,359.194152358,602.1423,74567424.5736,0.550635342256,10,
2473,359.199585151,101.065026,2215575.78282,6.39155995738,10,
2475,359.220639141,449.569818,2563130.21748,4.60199122437,10,
2476,359.270924407,413.611686,1116595.73041,2.2795261777,10,
2478,359.967055479,132.68991,17406559.3338,2.71324809224,10,
2479,360.052772151,86.080914,3742765.52124,0.238565127197,10,
3366,458.050047719,570.30402,909513.121128,5.18684232176,1.0,[M-H]-
2482,360.101289474,107.085666,90439.5275105,12.7937903072,10,
2484,360.142744319,110.521716,311602.093526,2.99074817741,10,
2486,360.153943159,508.538376,3165645.0834,5.71842355432,10,
2489,360.224108211,94.067727,9163176.60798,6.02756791208,10,
2490,360.27434956,413.87793,238668.497259,7.25051573045,10,
2491,360.872525236,115.38729,565659.527364,11.3594640247,10,
2493,360.967271519,132.930174,9594941.44296,2.5184763779,10,
2494,360.998443604,176.567316,55896773.0525,9.63277734055,10,
2496,361.031120182,178.499949,6310593.09567,9.94055553035,10,
2497,361.072078141,437.178822,13017216.0638,6.2021489629,10,
3306,451.160962658,150.0078,8111546.78468,12.1835151069,1.0,[M-H]-
2500,361.152658673,107.700654,3571236.01696,6.07464765715,10,
2501,361.15587475,600.37002,361946.401988,2.25426730902,10,
2502,361.172987402,534.10506,429556.610567,9.72717387473,10,
2503,361.209986889,594.102087,234022.061089,2.36611378249,10,
2504,361.286575452,428.111058,367123.634683,1.20710106119,10,
2505,361.311331242,97.011642,3279208.90104,11.463705217,10,
2507,362.02604739,124.283424,727924.789166,13.6216360643,10,
2508,362.066802254,178.96833,1916116.0555,3.24723192044,10,
2509,362.155571947,492.629664,835105.471004,4.82775412359,10,
2510,362.156124951,107.199606,689347.583007,3.80725422332,10,
2511,362.175679668,441.329688,16266487.6193,9.6987989322,10,
2512,362.172732845,454.657314,15638396.6467,2.45821476061,10,
2514,362.176142126,566.390889,364408.368196,2.4018760026,10,
2515,362.941793613,132.930174,13280006.442,3.41285246673,10,
2518,363.02588169,218.232966,844261.367165,12.5472938106,10,
2519,363.053988524,684.71844,615312.060785,1.27651775207,10,
2520,363.093010707,151.717662,2236715.88356,4.76553033273,1.0,[M+H3CCOOH]-
2522,363.134638006,571.5147,880660.60032,0.536011282552,10,
2523,363.134906545,593.115471,1870904.55861,3.35822994801,10,
2526,364.105137898,85.698525,652839.561058,4.15337248382,10,
2528,364.188311766,392.196828,54436039.6473,6.63112354251,10,
2529,364.188183596,290.634132,275180255.019,1.76027593585,1.0,[M-H]-
2530,364.188661262,470.755212,2095807.92431,3.59645774694,10,
2531,364.201219936,301.02501,99036091.5553,5.29575873988,2.0,[M+Cl]-
2532,364.213057578,121.300914,173157.717588,1.76671456188,10,
4254,592.26957092,99.816018,4779890.74366,8.3404683927,2.0,[M+Cl+HCOOH]-
2534,364.889736899,1710.21894,12942696.0144,10.5677938333,10,
2536,364.889601614,1620.37554,39191507.5748,9.56187533661,10,
2538,364.889783832,3.05216388,9257488.74871,1.27080115427,10,
2539,364.889582224,1591.78674,42352547.2166,13.7780191425,10,
2542,364.889580925,1346.33952,40904211.6688,14.3937981484,10,
2543,364.889674089,50.9793195,8791132.34788,6.8750346292,10,
2545,364.951390436,779.2815,73670105.451,4.19113693052,10,
2546,364.967207136,133.046865,534318.87175,5.73872631516,10,
2547,365.071672248,565.747506,8846996.20026,2.09620919207,10,
2548,365.146561588,120.361356,1816589.55826,5.13057837563,10,
2549,365.167628583,485.713788,4641442.98585,10.6301156113,10,
2550,365.191738741,470.469645,344209.719785,8.24849320335,10,
2553,365.342557979,95.362404,10585321.0547,2.38829959102,10,
2557,366.090679807,91.384134,3512351.48866,7.28642654588,10,
2558,366.145536219,284.142246,6821092.54452,5.63031417563,10,
2559,366.180089646,446.086458,140325223.547,6.71800236371,2.0,[M+Cl]-
2560,366.180186821,465.627516,33650111.4502,4.49106054425,10,
3953,538.264018309,571.447251,881947.089904,6.35132292653,2.0,[M+Cl]-
2566,366.27876416,126.846174,3163140.87119,5.73916747865,10,
2567,366.273083411,100.419717,13139136.2045,3.91260958071,10,
2568,366.279072004,197.629269,526713.09409,4.27676199513,10,
2569,366.345814178,95.093964,2679118.91552,3.0775767637,10,
2574,366.88642893,1604.3649,19632535.2459,9.45972859416,2.0,[M+Cl]-
2576,366.886709201,51.9703893,3346176.6356,4.94992617326,10,
2577,366.88638287,1508.72031,15308460.6213,14.1101578283,10,
2578,367.073753701,539.937606,3852955.91753,12.0109421599,10,
3072,421.078579624,544.32975,9600311.3081,5.01386485378,2.0,[M+Cl]-
2581,367.13635171,702.98556,218925.635473,5.61204879781,10,
2582,367.156946147,570.703074,333849.656032,4.36886771837,10,
2587,367.904180617,53.7693954,217921.734926,2.99535183731,10,
2591,368.120159587,573.462633,599129.746675,2.80277288997,10,
2592,368.141841683,310.266648,16915743.1579,14.0073610032,10,
2595,368.275579203,126.924894,956341.124634,7.03560774489,10,
2824,392.330873828,155.267166,1317576.3069,7.71641012697,1.0,[M+H3CCOOH]-
2598,368.897372442,54.581265,2613292.55015,14.9517656828,2.0,[M+Cl]-
2599,368.942354576,788.96811,1908382.0092,1.13764530751,10,
2607,369.993965417,701.46372,146262.656342,4.00869079108,10,
2609,370.162383473,796.49118,483707.350891,1.86656131135,10,
2774,386.195283904,123.725778,2178120.8226,9.98026581716,1.0,[M-H]-
2611,370.17480325,504.954981,960464.242776,4.16724167472,10,
2612,370.26041446,209.812062,6626818.70178,8.01122390309,10,
2614,370.283225107,155.223423,377396.672747,4.59013625475,10,
2615,370.869075689,1296.81522,148094727.288,10.6856666117,10,
2616,370.869047277,1070.14323,82986329.4348,3.06241299015,10,
2617,370.869068637,849.63915,16254051.9016,7.43412082671,10,
2618,370.869063537,875.88165,56658484.4873,7.14474831532,10,
2619,370.869146983,947.7318,69514809.2076,2.02100978563,10,
2620,370.869140042,1622.24439,45715633.038,10.5055220497,10,
2621,370.869309217,1839.41163,40159705.5272,7.40614668692,10,
2622,370.86912064,2052.81354,110266454.698,0.678367437238,10,
2624,370.974700061,175.624062,143256202.74,7.56390710679,10,
2625,371.089573625,125.033856,615743.451214,8.39454729552,10,
2626,371.183036857,108.246042,1295708.25437,7.019719301,10,
2627,371.199750481,144.781806,203750.243109,12.7183763529,10,
2628,371.230220099,469.220946,85167201.4098,6.58789929625,10,
3022,415.256339573,436.620678,186813645.849,6.84988558041,1.0,[M-H]-
3375,458.262547901,508.396842,10992509.6397,3.41981682022,1.0,[M-H]-
2631,371.24166712,675.64608,2918612.07022,1.6478492399,10,
2633,371.291597244,473.021454,227774.217344,1.13073272874,10,
2634,371.283870489,235.791846,3676098.43975,1.95252365981,10,
2772,386.055459823,87.31077,6595702.71051,11.7609756855,1.0,[M-H]-
2637,372.168029548,562.266768,428334.490075,2.87157986832,10,
2638,372.160496085,283.870872,8536010.38703,11.8778155595,1.0,[M-H]-
3620,490.198248243,615.97566,1056785.53549,1.29694288737,2.0,[M+Cl]-
2642,372.287138151,236.498475,736902.446808,1.93973764273,10,
2643,372.990791862,200.320584,4558318.05659,13.4092805741,10,
3745,505.069999937,117.646524,1406958.72041,8.19357359244,2.0,[M+Cl]-
2645,373.043131548,88.386477,412610.397901,9.15614510156,10,
3063,420.16991098,116.031534,1598662.1653,5.13586193808,1.0,[M-H]-
2648,373.205248073,96.121554,128960995.705,13.691701683,10,
2650,373.209611161,562.105398,26255589.1519,1.19994499162,10,
3488,473.215612,544.727106,2313414.33394,2.01369333117,2.0,[M+Cl]-
2652,373.209553334,516.62775,25791553.1231,1.63707030624,10,
2653,373.215281004,100.977924,3158850.15593,12.8456431186,10,
2654,373.299600995,233.339706,2793652.31406,7.49889558074,2.0,[M+Cl]-
2656,374.147094013,797.64804,703673.271934,4.03235759045,10,
2657,374.212535745,193.38222,54867491.1373,7.7408190751,10,
2659,374.895046903,1909.41246,34080302.8091,7.84323194236,10,
2660,374.895028247,1933.49748,19377380.44,4.2187719321,10,
2661,374.894968274,2016.60156,13690287.9573,12.5729889752,10,
2664,375.10469498,179.40069,3375543.23664,14.2794926619,10,
2665,375.14107188,174.681084,8896826.50073,7.68915416582,10,
2667,375.142078094,285.749244,4985036.65812,9.72125219439,10,
2669,375.225741773,564.729,410313.976806,12.0661428874,10,
2670,375.220967711,97.011642,51470215.5261,10.7662039404,10,
2671,375.239381329,147.634866,426895.914648,2.00014818092,10,
2673,376.066764869,641.79528,732541.079529,3.8123828416,10,
2674,376.117618222,122.574159,1498105.26992,0.698298116329,10,
2675,376.112179453,530.139177,461210.807746,6.24245150931,10,
2676,376.130107401,636.55902,943088.574288,1.61281648318,10,
2678,376.197926734,93.84321,2365879.60015,9.89500156526,10,
2679,376.224855405,157.943088,90832942.5591,9.76768897776,10,
2680,376.216293816,100.353516,4013494.75698,8.81547826094,10,
2681,376.224504163,181.913196,19305663.2135,11.5131210271,10,
2682,377.006751459,178.543566,10809577.4652,10.631508312,10,
2685,377.136035611,112.143729,475258.722058,11.5024326069,10,
3770,509.225566402,454.10919,2252473.65747,10.2387349591,2.0,[M+Cl]-
2688,377.281234426,451.564521,397857.700505,13.6781410722,10,
2689,377.310824668,201.611217,827501.536411,4.12824322154,10,
3716,502.161535551,88.072791,2498301.503,12.1456865953,1.0,[M-H]-
2691,378.104733669,634.95441,864522.750904,1.91181012845,10,
2692,378.132776482,124.36164,2707382.34012,7.74731313802,10,
2694,378.203695523,304.641126,187113127.689,9.75068362503,10,
2696,378.235857084,98.54997,13132574.3517,16.8856321464,10,
2697,378.31527893,163.023816,328739.021333,8.86445590657,10,
2698,379.050501915,684.65064,573103.529114,3.78437010499,10,
2699,379.06040153,451.882146,1187595.35299,14.6076700727,10,
2840,395.062977607,530.362809,1534367.90619,3.3389740793,1.0,[M-H]-
2701,379.101315241,183.340881,964146.191239,12.4912431373,10,
2702,379.136363759,555.846135,450369.89325,0.685580601698,10,
3413,463.270050162,284.183244,4079342.47117,14.4711416644,1.0,[M-H]-
2704,379.252216398,96.699642,119134995.869,10.4943843773,10,
2705,379.252762216,217.247712,13122285.864,4.25924528516,10,
2707,379.252711222,186.450573,8148582.31301,8.37958248558,10,
2708,379.252538291,164.751318,8151585.19539,1.95102634446,10,
2709,379.252847724,1790.3919,10165635.6065,0.42942123483,10,
2711,380.037669066,100.575723,1175646.83799,8.63226468799,10,
2712,380.123690296,140.830572,1697072.85542,11.7921475664,10,
2713,380.140979558,103.55142,227218.027497,5.50230438508,10,
4254,592.26957092,99.816018,4779890.74366,8.3404683927,2.0,[M+Cl]-
2718,381.010070056,145.946928,3318140.89117,1.99512833242,10,
2719,381.009015974,192.110889,2615804.99188,11.6825904277,10,
2720,381.053775346,107.404545,327311.433042,11.5924652261,10,
2051,328.078786873,176.767968,26127135.3663,6.63857923471,1.0,[M-H]-
2723,381.18820599,550.088766,80499557.1755,5.54584606871,10,
2727,381.373945292,95.762646,10093614.0807,2.21835618278,1.0,[M-H]-
2728,382.097661926,174.355884,2082337.08365,3.58925344026,10,
2731,382.155890239,148.03812,671095.424689,14.2124757495,10,
2736,382.377388368,95.762646,2445519.18249,2.29490542552,10,
2737,382.609757002,104.002524,204694.022345,9.44890098628,10,
2738,383.081001361,87.288357,821334.153866,8.60940623716,10,
2740,383.138689168,100.752276,2143168.16026,11.3203057599,10,
2741,383.230301853,545.47002,46271721.613,1.9453008638,10,
2742,383.230476199,558.998136,15957038.0769,1.92370515191,10,
2743,383.230376297,504.344256,26428487.3924,2.29282967322,10,
2744,383.284235726,255.16173,1260395.48204,0.620613545612,2.0,[M+Cl]-
2748,384.125947797,809.35824,580498.282484,6.19843102089,2.0,[M+Cl]-
2749,384.118261223,713.51742,1560454.37088,1.803357562,10,
2752,384.154211404,286.110507,7720052.34663,0.301504560529,10,
2753,384.170030929,231.105324,12147564.5282,6.71911950162,10,
2755,384.190606654,475.363776,179121.101198,5.01670328502,10,
2756,384.19493801,114.100026,1157050.69319,12.9803435061,10,
2757,384.276180444,210.025584,3253126.51028,7.34101570287,10,
2759,384.991002484,144.299172,6663344.13471,11.8536882112,10,
2877,399.152521764,796.56174,6523052.9181,5.70000742842,1.0,[M-H]-
2761,385.190804015,91.339521,450067.25582,4.81592922027,10,
2762,385.20982694,612.28278,22619885.5718,0.70129406089,10,
2763,385.209779855,560.3034,7684241.69093,0.614996614686,10,
2764,385.209863885,582.904452,21130393.16,1.04340025581,10,
2765,385.245765546,442.686564,56576230.0218,8.10678479245,10,
3261,443.270677996,459.003972,4579281.72759,11.3464526165,1.0,[M-H]-
2768,385.299823385,252.526332,555699.256532,2.65614147178,10,
2769,385.307670963,467.950977,347109.159927,6.17704604381,10,
2770,385.847001494,116.403552,758924.797832,13.5788604242,10,
2771,386.037540124,596.06484,175413.244624,11.1807070229,10,
2773,386.149216345,499.365222,373797.689749,11.2886943492,10,
2775,386.20505806,638.7477,13766359.9015,0.89001472237,10,
2776,386.249515876,442.890582,10376997.8892,8.93837664467,10,
2777,386.986375002,156.148434,1173886.19607,12.0738968621,10,
2778,387.02647066,776.00958,8366577044.49,1.08319372952,1.0,[M-H]-
2779,387.039494792,85.16628,8890018.01371,6.21777227664,10,
2780,387.089669994,108.132849,218241.612442,3.66685011552,10,
2782,387.145420154,408.512433,4422914.80077,1.83707310838,10,
2783,387.145262477,359.97297,3180570.42219,4.48497933298,10,
2784,387.171341623,605.70147,974330.408515,0.613018905045,10,
3803,516.282704107,283.245852,40641813.5695,4.75744232782,1.0,[M-H]-
2786,387.199948196,123.920733,333083.196261,5.12864274303,10,
2787,387.225352139,528.359262,39895295.367,1.79954043468,10,
2788,387.225274181,543.559146,21953206.5509,1.24355436734,10,
2789,387.2252344,511.168926,11100609.0785,3.81485588329,10,
2790,387.235192573,229.602333,834095.450339,5.44787195349,10,
2791,387.287004625,476.264706,682542.890161,6.60562898473,10,
2792,387.315703714,250.561746,406201.342251,10.571705256,10,
2794,388.192801428,517.371102,1868088.75752,2.65924041435,10,
2797,389.031019423,772.69872,199597177.067,1.06034831566,10,
2798,389.120452257,174.456426,8159973.74984,2.19878807194,10,
2800,389.204751,611.73888,6775214.57197,1.17196895077,10,
2801,389.204775075,580.382406,12378462.3125,1.2489238959,10,
2802,389.21037912,100.44003,1033907.00702,8.71660201014,10,
2803,389.223324545,661.59618,1231157.8891,0.479146106328,10,
2593,368.161705529,445.222182,11786467.6224,0.507917757549,1.0,[M-H]-
2808,390.150875776,476.560092,972537.861706,11.4070987073,10,
2809,390.18712713,424.465995,1262437.15686,13.2705478597,10,
2810,390.181307551,230.72496,1236621.38295,6.65000343693,10,
2811,390.240718618,136.593621,6401044.5249,12.4498086709,10,
2812,390.32321973,197.199318,785334.410545,11.9984180696,10,
2813,390.323286705,127.240803,4525164.12166,8.67625382537,10,
2814,390.914390716,50.8389528,3096088.79773,2.88790216798,10,
2815,390.959711411,137.76831,420316.343976,8.18519289034,10,
2816,391.10176282,561.448518,1899219.07176,3.73986222197,10,
2818,391.326729835,127.166166,998801.304455,10.2000456367,10,
2819,392.066048841,173.738934,41077765.2966,3.83696672143,10,
2825,392.96869853,114.421536,8797386.0928,12.8195948127,2.0,[M+Cl]-
2826,393.056520247,86.863908,1440594.22445,12.7223463365,10,
2827,393.069661563,173.626968,6107802.39016,9.1457268733,10,
2828,393.132551138,101.065026,1666709.76084,12.9069963961,10,
2831,393.374141277,94.468716,2910919.55906,11.4866433355,10,
2832,394.002314832,166.031334,657987.707681,4.90744805444,10,
2834,394.029105364,785.32935,1586291.79484,2.16071925222,10,
2835,394.1985459,398.083683,8988221.05679,2.41662871238,10,
2836,394.263398668,100.44003,6475310.1727,4.46294695911,10,
2837,394.327793944,155.424816,327205.708587,5.99116184099,10,
2839,394.985514573,284.857701,12158180.6289,5.74687566975,10,
2841,395.139111713,104.432046,267635.015661,6.0529718988,10,
4319,607.225638525,100.665414,21476162.5918,5.06716689494,1.0,[M-H]-
2846,395.1935226,530.893674,501864.61467,0.482252933595,10,
2847,395.213660247,285.368013,286209.094291,3.85035619566,10,
2848,395.279894361,100.263408,1036123.27733,8.17743332246,10,
2849,395.389436936,95.362404,8228122.44576,6.8030950667,10,
2850,396.039636094,86.279016,1891690.81004,8.24434392798,10,
2852,396.160745671,576.795951,387021.432317,14.0707528021,10,
2857,396.392764725,95.362404,2048527.74965,14.6615037457,10,
2858,397.023588137,85.565832,3912432.65523,9.7518312865,10,
2859,397.079813881,285.749244,28893482.4279,7.60527784223,10,
2860,397.140246134,473.528391,538281.16549,0.262729912446,10,
2865,397.368660792,100.44003,3144545.22783,4.83565681949,2.0,[M+Cl]-
2867,398.120003916,855.23778,43897167.4406,0.834356859746,10,
2868,398.13179064,107.382792,683374.885181,12.2285823149,10,
2869,398.195190846,481.261227,2617827.71907,5.62638562869,10,
2870,398.327604637,416.280678,288780.116668,1.37218381186,10,
2871,399.039323899,85.454838,14298490.2497,2.49341488394,10,
2875,399.116962186,49.9954395,465810.232696,14.1219442206,10,
3109,427.110176514,108.019656,801485.631794,6.28540909253,1.0,[M-H]-
2878,399.144328809,564.911184,393257.792198,5.80722561742,10,
2879,399.198717463,481.501149,241179.3072,5.21336869609,10,
3781,511.224591661,574.362444,936312.357772,0.597886576157,2.0,[M+Cl]-
2881,399.220718414,96.699642,3311190.00888,7.66530395571,10,
2883,400.042808941,85.767723,857890.65709,12.4536087977,10,
2888,400.199361441,486.429657,912764.454775,2.80907616386,10,
2889,400.220429718,619.99632,4970868.35377,1.18775477661,10,
3395,460.242005849,644.28819,8832298.72304,0.424153012267,1.0,[M+H3CCOOH]-
2892,400.265086212,459.78546,1451080.33668,7.84975035652,10,
2895,401.088247678,104.432046,4167994.6619,4.09461896195,10,
2896,401.111940148,596.558844,288178.975558,0.960232775004,10,
2897,401.120344557,172.256058,12180280.0136,3.24200468536,10,
3687,499.107901623,728.50008,5915349.73797,1.23935559029,1.0,[M-H]-
2900,401.168582799,289.11687,8656664.78844,8.13343229967,10,
2901,401.193651041,124.997898,761506.143497,9.05392567997,10,
2902,401.204592113,604.1313,19530645.8921,13.6911293755,10,
2903,401.223906957,558.520437,2048980.86352,2.46979496069,10,
2904,401.240803769,493.400592,24025932.1789,3.1897830456,10,
2905,401.240882549,507.249252,16423718.9979,0.838055526217,10,
2906,401.231596326,574.919328,1283055.35231,1.15151286808,10,
2907,401.240737749,522.875298,2132655.3218,7.79725299807,10,
3103,426.112772735,106.018914,1097246.83897,2.41040328524,1.0,[M+H3CCOOH]-
2911,402.122519179,283.870872,5277766.02447,3.74974354843,10,
2915,402.172448111,605.43765,539140.335218,0.290848295458,10,
2916,402.249999289,100.775103,2048812.67259,3.92892182826,10,
2917,402.265099958,94.55991,653281.641788,14.228178023,10,
2918,402.359550981,162.700812,1641919.36179,8.90895956059,10,
2919,403.000206906,782.0754,399330089.391,0.403683566567,10,
2920,403.000248351,749.78676,1505697291.76,1.31390271033,1.0,[M-H]-
2923,403.166153504,596.816652,6459494.75176,3.31949950259,2.0,[M+Cl]-
2924,403.172512474,177.183639,8993374.59967,8.78083554208,10,
2925,403.190013959,1956.60081,2336260.2649,3.50055413654,10,
2926,403.199717609,559.842618,2234928.9227,3.07566372913,10,
2927,403.20231493,475.922952,14294663.1322,2.21379665363,10,
2930,403.255305023,551.635143,866536.158924,1.48099725777,10,
2931,403.362890784,163.141248,351545.446398,2.91634792664,10,
2934,404.080551462,693.14112,359999.18858,5.39398207189,10,
2936,404.126414671,530.038374,933660.984582,11.1911167792,10,
2940,404.202402115,560.073198,388183.629064,1.04413598125,10,
2943,404.280763054,94.736406,661643.718184,3.64893293046,10,
2945,405.056358547,86.997018,2926277.97396,9.53084220803,10,
2949,405.240092255,113.566788,159014.146015,6.64762191709,10,
2950,405.287478288,409.62606,1470331.87978,2.39804857888,2.0,[M-H+NH3]-
2951,405.312450509,443.95494,907885.972595,9.12035967773,10,
2952,406.117655832,446.581356,12822466.0679,13.3928013814,10,
2953,406.129830043,553.103559,687143.779168,12.8290789776,10,
2955,406.291119712,409.728564,317343.283166,6.5057375451,10,
3173,434.327728297,94.736406,6115573.83463,7.12088420348,1.0,[M-H]-
2957,406.931825219,156.352674,723555.091002,1.51620725849,10,
2958,407.07989558,618.83064,316026.986442,5.45175239402,10,
2959,407.109016421,113.137404,2518724.02624,11.6426351919,10,
3245,442.231224469,688.7973,11437846.2066,1.79815213371,1.0,[M-H]-
2963,407.172094346,283.162122,3406568.44532,4.93448085518,10,
3076,421.184104159,484.815858,11047551.72,3.98793389644,2.0,[M+Cl]-
3223,439.266745556,405.341937,562967.477404,9.41084548371,1.0,[M-H]-
2966,407.299783631,94.468716,1070166.96788,6.28379183415,10,
2967,407.31734869,113.035026,625488.058724,6.78452052467,10,
2968,408.04614562,87.84678,1685989.79953,13.9519886141,10,
2969,408.083686441,569.169075,491453.200377,1.03307773308,10,
2970,408.111924373,112.766229,463082.863484,6.55350574297,10,
2975,408.196399617,108.360345,508400.135422,0.668846309088,10,
2976,408.25238062,415.172808,94614.8111114,9.03008547817,10,
2977,408.911624591,726.7032,22775605.2283,3.05001087875,10,
2978,409.068468102,202.452462,10183936.7264,11.8775978597,10,
2979,409.092912798,138.329193,4105387.38374,13.9721882118,10,
2980,409.153798956,99.729654,3892091.95289,7.64004965653,10,
2984,409.319429678,402.639414,520904.165816,4.61858980435,10,
2985,409.405140365,95.138526,1123299.14798,12.7944291025,10,
2986,410.195420857,101.087658,4222794.85531,10.1831133235,10,
2987,410.231556206,414.60618,200078.288979,6.61421379887,10,
2988,411.020564093,698.34537,149255.187375,0.315460039975,10,
2989,411.108199171,231.315222,337733113.044,5.62562257888,10,
2991,411.275241674,69.840642,104603797.476,2.46067699732,10,
2992,411.334673993,401.592432,399593.412768,6.77561367869,10,
2994,411.384396326,100.1733,4411340.29578,6.55942701139,10,
2995,412.023617857,104.656419,241854.687235,8.57473766973,10,
2997,412.137856337,108.473355,154876.329231,7.73229210416,10,
2998,412.202249295,505.520616,659083.156352,3.39782844289,10,
2999,412.220686861,652.60308,10360468.728,1.80344245891,10,
3000,412.220659675,698.8248,16066061.8206,2.24687470936,10,
4205,584.286824949,100.79793,1131726.35618,13.8654459284,2.0,[M+Cl]-
3002,412.265244512,466.31106,24082960.9825,3.73815346181,10,
3005,413.15223903,101.11029,3531923.69254,7.78699159964,10,
3007,413.240917436,471.411348,91480876.8936,3.65828002319,10,
3262,443.287952802,321.073902,60486831.1798,8.92150170604,1.0,[M-H]-
3009,413.277112366,284.809494,16000467.716,11.3064959184,10,
3010,414.061599675,171.53808,18426550.8771,5.47554695465,10,
3012,414.107739337,118.938402,2179606.16866,14.7066869706,10,
3379,458.349482435,416.280678,2992143.08924,1.58876206065,1.0,[M-H]-
3015,414.888143209,164.96751,670977.521208,11.8818019602,10,
3016,415.085262277,203.224335,1519465.82489,9.8067878602,10,
3018,415.149211137,101.087658,1195144.27418,0.250170679101,10,
3507,476.215356589,639.93564,4530509.50868,0.535723514684,1.0,[M-H]-
3020,415.195312847,610.19667,2097832.6994,0.885621508701,10,
3021,415.195109412,672.78651,6163328.98326,2.78385046052,10,
3024,416.049498328,112.07541,844994.415936,14.9275183487,1.0,[M-H]-
3027,416.161605988,613.37943,3285437.7315,2.50399802843,10,
3028,416.179213165,709.57053,1088386.07699,3.59234886938,10,
3029,416.196810207,88.386483,1200558.14875,8.00748283112,10,
3030,416.194255071,460.790895,4862760.57641,0.957237518944,10,
3031,416.215556873,608.93904,12827905.9576,5.51014617917,10,
3034,416.375320309,155.267166,5929738.80793,4.64370873241,1.0,[M+H3CCOOH]-
3035,417.085987345,596.315544,175653.269075,7.66332850044,10,
3036,417.128733757,658.76868,11379451.7243,12.7137120174,10,
3907,532.227397184,507.89388,1728967.34954,2.55364319739,1.0,[M-H]-
3042,417.373960026,95.675286,1367917.31538,3.45540705822,10,
3043,417.882048309,132.930174,3275253.35975,14.4695679548,10,
3044,418.042607123,106.10829,612096.796497,7.83608941727,10,
3046,418.120919585,561.144057,988309.046563,4.39070876105,10,
3048,418.214648566,7.9199739,2671196.18409,2.81414686472,10,
3050,418.239507319,490.903332,16917233.2646,2.89027872143,10,
3052,418.264879091,436.835502,397340.779503,10.8435731605,10,
3055,418.974715984,785.67141,30017690.6211,11.9025322261,10,
3058,419.251662301,552.595638,616307.287618,9.37809063235,10,
3060,419.986038969,130.004859,1169486.97131,0.257247779558,10,
3061,420.039421034,106.10829,312767.104171,9.39703268373,10,
3062,420.059149503,546.131685,8576515.20989,1.98559118996,10,
3064,420.175647253,551.564772,4536551.19628,9.83695072024,1.0,[M-H]-
3066,420.243000683,101.290032,1077238.61443,9.14733487158,10,
3067,420.312482013,416.40507,161883.206978,9.11032089687,10,
3068,420.362143331,126.247608,332583.880702,3.40451205758,10,
3071,421.030471519,86.905644,2965259.03065,14.2752457299,10,
3073,421.147057595,573.875136,627848.967916,5.59551626104,10,
3074,421.165685617,326.838162,18334899.5981,10.2927492735,10,
3075,421.175893104,618.07224,170020.958377,4.85902858926,10,
3077,421.194278144,656.646,836536.203106,2.44990268834,10,
3078,421.220935205,790.33386,28195218.0225,11.0910777723,10,
3079,421.982982649,130.004859,677335.544243,11.1428423516,10,
3080,422.178787994,712.98972,924175.282969,1.83169644643,10,
3081,422.181488061,150.0078,947976.974673,11.6960760316,10,
3082,422.18724102,485.183202,2017984.85002,6.55414296001,10,
3319,452.278870864,376.615788,7854275.72605,4.8840843276,1.0,[M-H]-
3085,422.328657176,136.154304,750575.91268,4.96619429954,10,
3839,520.996360287,737.46798,19286818.1032,2.15242460355,2.0,[M+Cl]-
3087,423.17090873,434.309808,6728870.09555,6.37274635285,10,
3088,423.180589719,283.162122,23308101.7793,1.871153787,10,
3089,424.041286572,123.845841,535268.590286,7.48648169792,10,
3090,424.136233832,116.031534,199374.168199,5.35762062974,10,
3092,424.148179677,107.382792,399630.792568,9.06521507536,10,
3094,424.19415285,544.832886,5900536.02994,5.43968997829,10,
3096,424.270891105,428.83119,251323.341931,6.67209130292,10,
3097,424.283913472,410.507679,383904.272483,13.5084313105,10,
3098,425.062999448,294.405384,88904651.1792,5.01207251845,10,
3101,425.251227767,409.678551,109422.424371,8.24500273469,10,
3102,425.861617774,132.762558,3403629.58588,1.75506377402,10,
3105,426.272792423,988.30416,11382236.7232,2.88920286105,10,
3106,426.859535382,132.329853,3029730.59626,0.314157469453,10,
3107,427.032039603,108.360411,1991948.98162,3.49246715679,10,
3108,427.090209785,114.370035,1238879.97287,2.90125194696,10,
3577,485.126808393,449.296812,1137561.58718,1.72615307474,1.0,[M-H]-
3111,427.161445936,122.454528,376008.004775,13.3385407536,10,
3112,427.224630505,445.769838,14755999.5417,7.49207110479,10,
3113,427.292550687,284.496372,6353471.60327,7.41662931838,10,
3115,428.109603342,855.62049,331733.012717,1.21634023451,10,
3116,428.195645796,285.12225,19462721.1477,1.37683725678,10,
3117,428.220761744,445.539054,67605661.2885,9.27436490601,10,
3118,428.221014166,465.452346,21632250.754,10.7764729121,10,
3119,428.254432427,107.995788,209242.143673,3.43394450573,10,
3120,428.301942462,423.240318,718221.699594,1.34025529125,10,
5007,858.460172686,711.68262,2356565.207,2.60333629066,1.0,[M-H]-
3122,429.136618788,561.062076,12946737.6991,12.5765646155,10,
3124,429.15183612,632.40162,148493.341334,2.33842294129,10,
3488,473.215612,544.727106,2313414.33394,2.01369333117,1.0,[M-H]-
3127,429.210713531,602.44038,6017075.15919,1.01053475105,10,
3131,429.2515234,154.77945,6368301.83943,8.43347257112,10,
3132,429.272126974,417.525552,32832322.2138,14.4534207038,10,
3882,528.32345458,437.53725,7171182.31626,3.14081810318,1.0,[M-H]-
3134,429.284161004,94.825644,1711199.68706,12.6442826424,10,
3135,430.065382344,568.84263,191142.606016,13.6219161376,10,
3136,430.128785966,445.42632,9776046.37203,7.59656843084,10,
3137,430.16619352,109.952661,168035.942616,9.08893296784,10,
3140,430.21338084,602.29404,985985.211432,2.00623812206,10,
3141,430.22366983,481.818966,12681773.3301,0.841919020165,10,
3265,444.246746624,528.471234,63079057.1252,1.91085955669,2.0,[M+Cl]-
3143,430.230794247,546.89901,12328642.3856,3.37669219441,10,
3144,430.275387959,438.904569,5923019.7954,12.4759995451,10,
3145,430.296561076,94.736406,2243969.48904,6.30617128923,10,
3146,430.860823702,2021.58747,1867781.26066,7.63633643454,10,
3147,431.167505453,528.94674,527571.619802,8.51239346057,10,
3148,431.172533217,415.909308,356239.19361,3.09877267174,10,
3873,527.263090103,529.44525,4052404.98734,1.05339617471,1.0,[M-H]-
3150,431.225631107,88.049088,6684824.65934,11.5892594935,1.0,[M-H]-
3151,431.251319446,474.991332,51143051.561,14.6167284204,10,
3152,431.287470351,472.109706,4040066.42008,7.02666287563,10,
3153,432.026601635,747.81174,2308584.10008,6.112270039,10,
3154,432.047854202,761.39148,24834186.4061,1.68772339295,10,
3155,432.192159473,490.743612,1936909.45293,9.16528429104,10,
3156,432.21037504,658.34904,14158059.3582,1.2157552489,10,
3157,432.209433933,69.747522,32088354.1652,8.91665695841,10,
3158,432.210391803,606.12216,55667114.6807,2.91819187636,10,
3159,432.22846186,88.275036,938088.394674,4.02790797296,10,
3160,432.240530445,108.041664,416454.626338,3.25410798541,10,
3161,432.291005938,472.055226,840411.009948,4.84037010855,10,
3284,447.086886853,448.550574,5372643.2082,5.04097261482,1.0,[M-H]-
3164,433.100287397,290.660625,3620775.61346,2.26058051199,10,
3166,433.205590928,593.853261,6052202.67377,0.327972191427,10,
3169,433.299139097,96.210726,955857.046357,11.6518297174,10,
3170,433.318670908,401.26356,3342211.47304,3.98665893734,10,
3171,433.320970581,261.173586,2186571.0093,2.62179891558,10,
3172,434.001541152,135.256536,2604013.82969,13.3110481927,10,
3175,434.862023408,1795.00407,7401433.96827,7.87859847957,10,
3176,434.861883285,1828.31868,11341559.611,5.04551322235,10,
3177,434.861844258,1865.48106,14389557.5463,9.67970054395,10,
3180,434.948321239,714.86679,91292803.9995,0.137211449758,10,
3181,435.153014951,227.793108,5553052.20995,1.20894163309,10,
3184,435.317078863,260.968239,560871.062037,8.51045073956,10,
3185,435.335311695,397.32255,979077.285399,5.05271576855,10,
3187,436.043532303,171.212568,998410.714878,1.49648768603,10,
3188,436.07037973,449.115852,3471842.96439,12.4440913904,10,
3189,436.136258538,176.971062,27018311.5271,4.74685180361,10,
3190,436.158520951,464.620968,942727.482719,3.93638575846,10,
3192,436.247152955,404.621928,837044.055011,2.66148280834,10,
3193,436.241880146,460.034583,399757.533145,6.3314556066,10,
3194,436.273902612,100.44003,5947948.44779,7.13270972605,10,
3195,436.337674032,397.26162,190426.548412,3.40593431491,10,
3196,436.906597274,728.57253,37915674.3057,2.77224435363,10,
3198,437.004348219,87.177222,1050506.61325,4.839339816,10,
3199,437.089111753,167.518194,756299.429172,9.28366625263,10,
3201,437.144942374,605.1255,658204.971715,4.41762753421,10,
3203,437.350096267,394.105239,544064.476961,6.37886556718,10,
3204,437.949505776,737.41623,13212135.2484,0.367426823841,10,
3205,437.996101016,135.5784,137728.794189,14.0495300519,10,
3206,438.009499757,714.05166,566920.245376,1.05535716261,10,
3207,438.127043502,229.7076,5267160.1524,11.3679388466,2.0,[M+Cl]-
3208,438.182267395,652.12485,117485.559412,6.97565818869,10,
3315,452.225454237,549.313392,20011768.6947,5.76855813954,1.0,[M-H]-
3211,438.22114806,451.943586,2629424.44365,43.5879184615,10,
3212,438.299362672,411.619422,3169072.61464,3.98630952159,10,
3213,438.904424766,727.91856,10114638.7983,9.02768339948,10,
3214,438.993212601,732.41106,21833858.1679,1.96880827771,10,
3216,439.079062579,152.363532,1164581.14713,12.6969862976,10,
3217,439.113240959,194.25771,1313842.42345,10.4542107769,10,
3219,439.192184695,89.729274,2963006.33774,9.96049589395,10,
3697,500.214325693,490.425486,9208949.30494,2.53485134041,1.0,[M-H]-
3221,439.231548361,646.18668,8090844.2218,2.13838678839,10,
3222,439.257294102,115.335291,4653618.89387,7.9916216757,10,
3224,439.304255984,411.881052,485392.707432,8.08092506563,10,
3225,439.293194385,350.890152,409649168.99,1.12723063637,10,
3855,523.216468331,586.944258,1592871.57265,1.30063151427,2.0,[M+Cl]-
3228,440.251929358,520.851225,5516388.16252,1.32568184057,10,
3230,441.050834808,106.699839,385150.076871,5.67508349134,10,
3232,441.173116181,659.56929,10645750.7545,0.41709605334,10,
3233,441.18677115,433.213125,2880632.75413,3.43966286401,10,
4144,570.326307157,553.041732,29466464.5621,0.954279575363,1.0,[M-H]-
3235,441.266147736,104.83776,622677.777668,5.50157092485,10,
3236,441.272007011,449.977272,25331530.4896,3.46614698516,10,
3237,441.970239057,133.250424,766806.255015,7.50558877787,10,
3238,442.074705169,570.12615,1247994.66503,10.739682035,10,
3239,442.139270621,106.018914,891544.539904,11.0243919282,10,
3240,442.194841905,606.744,1475997.81,2.73071690575,10,
3241,442.194587116,450.203946,998018.029646,10.3614486955,10,
3243,442.231287692,824.71254,938088.359263,2.35497349543,10,
3244,442.231268391,591.378168,14575017.4649,2.37183004625,10,
3246,442.231238838,674.29464,13123259.7518,1.2633219113,10,
3247,442.231273938,626.10414,12641152.6384,0.337005541161,10,
3248,443.05051308,100.353516,53376961.5094,1.67738216427,10,
3249,443.104575431,100.775103,1506038.49381,7.97438680642,10,
3250,443.127854329,574.523508,556324.686329,5.68063129864,10,
3251,443.138100158,159.781182,5674342.71369,10.7418504929,10,
3710,501.21976848,76.429158,40587370.389,1.762626151,1.0,[M-H]-
3253,443.198207141,606.4119,227323.224521,13.4983152746,10,
3255,443.215516088,123.050856,1652045.05099,1.81346093668,10,
3258,443.233503028,433.087686,9390159.33527,4.5902636932,10,
3958,539.234686778,479.294976,2407074.71499,1.25260157737,2.0,[M+Cl]-
3263,443.281315495,118.847544,428035.964869,5.08464919244,10,
3264,444.209649109,69.52851,41902060.5345,4.19927591149,10,
3266,444.255018717,479.613846,2023485.13753,10.0751951185,10,
3267,444.406634756,125.88903,2085276.7592,5.14501134392,10,
3269,445.103902212,473.368515,464817.276415,2.04328932707,10,
3271,445.134790562,159.990747,1844592.21089,13.9124555261,10,
3272,445.241654033,86.997018,3356512.05828,8.70215697693,10,
3273,445.248914166,285.666984,5646599.00392,5.69941276792,10,
3274,445.267724422,105.904722,1325561.07253,1.80523408296,10,
3276,446.079881889,572.095191,637221.970178,1.40229669991,10,
3278,446.146291361,471.509283,173834.304765,6.58536485939,10,
3279,446.189868448,642.67479,1450089.87687,1.1384628298,10,
4143,570.31619109,578.888292,1257171.58763,4.37231757798,1.0,[M-H]-
3281,446.225317448,68.906124,45753177.2001,4.58917659772,10,
3282,446.695057421,690.02484,128949.514391,7.04921863123,10,
3989,544.932157401,781.44678,18763121.419,6.1621393484,2.0,[M+Cl]-
3285,447.134852066,101.356293,776148.545712,11.2554755869,10,
3286,447.209301196,75.668904,380186555.852,3.68974663794,10,
3287,447.225269509,463.837734,34993537.4559,11.2788951783,10,
3288,447.235286211,408.962184,4711743.61466,4.6186293531,10,
3289,447.227136884,68.881158,5566800.73533,0.33912705837,10,
3291,448.136474997,116.031534,417030.296119,10.8067356233,10,
3292,448.149727135,499.583091,414692.021398,1.73274540546,10,
3293,448.212572943,60.541026,158621989.584,2.89908164664,10,
3880,528.234636424,409.62606,286856.175226,6.3010135416,2.0,[M+Cl]-
3296,448.247643723,404.952426,5842510.77605,4.53198817904,10,
3298,449.959352111,735.61356,8355521.01134,7.78303801325,10,
3299,449.996843338,133.166685,108740.755227,0.68552392557,10,
3300,450.18317538,605.53536,334626.02126,4.63637173368,10,
3301,450.19960074,546.443274,7584875.07799,0.968937990598,10,
3302,450.246059609,489.579468,53974755.1943,11.3766905497,10,
3303,450.263048649,378.887724,3214760.24729,0.0228212038995,10,
3304,450.263148499,402.940239,21008361.8147,0.683560495609,10,
3305,450.922264801,728.60712,1286991844.36,1.83421662771,10,
3307,451.185930877,214.543962,2057614.4387,9.62969058776,10,
3311,451.233562118,102.181659,4796419.98009,2.1930415556,10,
3318,452.278741339,401.26356,51380483.3812,3.67938450509,10,
3320,452.278676468,466.366956,159534.173202,0.451646123817,10,
3321,452.30219835,422.831178,1704001.35017,3.0612779196,10,
3322,452.314551356,408.808062,342173.938251,9.03218912944,10,
3323,452.339024954,125.96778,507246.063727,6.07366340757,10,
3325,453.115681252,169.320075,656285.641658,4.73569479731,10,
3326,453.19172034,283.870872,2651426.77228,3.16105448864,10,
3328,453.212673187,491.778342,5309327.98556,14.3532991894,10,
3331,453.272555142,229.920768,2561230.56262,1.52632576313,10,
3332,453.282200822,401.51331,11752630.5702,3.97365032047,10,
3333,453.308337815,284.726868,11763895.299,10.0510293477,10,
3335,454.171673928,567.381618,2204631.23819,3.28038693508,10,
3336,454.267478455,486.087858,34914643.4306,2.73126018423,10,
4357,616.310659455,548.812134,21797439.3078,4.05176695501,1.0,[M-H]-
3338,454.284667553,401.319678,1806275.68847,4.76716362676,10,
3339,454.318135845,418.93068,1341230.35532,1.17020677648,10,
3342,455.121127137,106.926342,442288.055835,14.9364083111,10,
3343,455.203877138,461.58435,1468729.1523,5.2570118947,10,
3344,455.207303498,103.844781,927339.920815,0.939938355879,10,
3345,455.2261356,86.370396,1820205.78059,3.52554413655,10,
3346,455.228623782,475.705524,97618.8729641,1.50628749349,10,
4179,578.310605842,418.518432,585912.343922,3.42177991155,2.0,[M+Cl]-
4379,621.268307618,448.706808,5702732.55155,2.60739404797,2.0,[M+Cl]-
3349,456.236180657,128.205654,339843.316967,5.37287019392,10,
3351,456.283423427,489.579468,18669109.5793,7.41348376484,10,
3937,536.251705336,431.829018,610991.430277,3.04660165182,2.0,[M+Cl]-
3353,456.333795685,417.194676,1781273.11191,1.36734348379,10,
3354,456.344680367,484.815858,2128302.28437,3.45391444315,10,
3355,457.017391341,88.25127,887573.66741,10.9225485991,2.0,[M+Cl]-
3356,457.157418873,100.665414,2062262.38255,10.8498326231,10,
3471,471.209080235,59.7852696,1623259514.97,2.5350124602,1.0,[M-H]-
3360,457.241602676,85.74402,1215197.93653,4.63238637458,10,
3361,457.250747221,629.00961,6525402.05161,2.58551368787,10,
3362,457.303321119,283.870872,102974859.784,5.54976184373,10,
3363,457.317745906,101.422554,1175730.51762,7.15403671686,10,
3365,457.348131788,485.020098,445546.372994,11.7746265322,10,
3367,458.083973438,720.66198,4501864.39998,4.37133106325,10,
3368,458.130079789,712.00608,285358.984116,6.4285520535,10,
3370,458.154012263,109.292772,476430.900392,8.36653649737,1.0,[M-H]-
3373,458.231456643,449.88708,733846.950873,12.0796797703,10,
3374,458.252723386,629.25252,994213.611612,1.59305786553,10,
3376,458.262474773,482.455155,6309704.1898,10.7787842759,10,
3378,458.324019981,497.65671,835927.658389,1.73405506091,10,
3380,459.000147213,124.433688,889962.460873,14.4651220288,10,
3381,459.119443593,179.172816,8640883.76771,7.11810939979,10,
3382,459.139404786,625.76754,7036070.05447,4.66797325061,10,
3383,459.138436591,287.942976,2084101.92928,7.11993422102,10,
3384,459.172532801,650.69352,341921.19967,3.99040709102,10,
3385,459.209328983,60.185994,2101554308.17,1.50800674482,10,
3387,459.351543749,416.280678,764188.027922,3.6639231268,10,
3388,460.112810231,544.741074,2396372.76955,1.56331736229,10,
3586,486.158636847,625.38282,4552782.80076,6.9894592684,1.0,[M-H]-
3390,460.184076388,482.271468,1773628.65735,4.222437859,10,
3393,460.224211571,518.90463,4070369.56733,1.71489915083,10,
3396,460.331035006,51.1515729,3484624.21725,4.85197628826,10,
3397,460.355350616,416.863548,84617.1091722,11.6325930175,10,
3398,461.072944116,174.939891,7022874.08742,8.6892486777,10,
3399,461.120309237,120.543276,4718474.06225,6.88477377744,10,
3400,461.135961976,625.09626,2047944.47503,6.01231657441,10,
4025,551.248191804,441.690258,1649455.72132,2.61116112244,2.0,[M+Cl]-
3404,461.352650032,246.635988,2701086.35237,3.842264831,10,
3406,462.356019055,246.538974,679662.367675,4.41214264399,10,
3407,462.928859644,781.65762,18066723.6978,5.82576255752,10,
3408,463.013269763,46.5419304,3187385.21978,6.98168151302,10,
3409,463.034366379,88.676154,205225.308147,0.895151636491,10,
3410,463.202318755,436.302564,12539868.7507,4.7132910697,10,
3411,463.247154465,441.459819,16945673.2496,11.2830221494,10,
3899,531.220998202,286.491552,8134384.63144,7.29715424326,2.0,[M+Cl]-
3414,463.310266515,53.909256,177878.089425,9.30335603825,10,
3415,463.349301896,246.251676,791887.186678,2.30123400185,10,
3419,464.259309005,284.414376,5174713.50873,6.31481368884,10,
3420,464.278511984,399.004656,5854005.99492,5.95079712746,10,
3421,464.314835035,406.965918,181383.352936,14.6276668374,10,
3994,545.219393772,470.824932,9443429.89314,0.948411835905,1.0,[M-H]-
3423,465.19222066,109.246713,1742308.78706,5.52284157331,10,
3424,465.218641873,536.604492,2705454.07257,2.64584727044,10,
3425,465.235291228,433.379124,33821405.3794,1.28677952157,10,
3426,465.247128234,637.9572,4525963.30937,1.44650207589,10,
3428,465.30324709,1983.50721,857595.079994,2.82751414638,10,
3429,465.932921192,726.7032,32119964.1755,0.833871492637,10,
3430,466.128759922,809.35824,412621.659221,7.72137707506,10,
3431,466.164289152,108.563904,714891.362942,7.18243572152,10,
3432,466.197965887,476.400894,616550.118733,12.1979427515,10,
3433,466.219909214,537.697431,206328.457163,12.2896386707,10,
3434,466.238802876,433.699752,7934230.91415,3.9745340468,10,
4071,558.282259914,397.692036,1368133.07645,8.63932760254,2.0,[M+Cl]-
3436,466.330584056,405.284298,809302.26771,6.40945469314,10,
3438,467.159249297,214.543962,1553389.11996,5.79351882948,10,
3439,467.214672861,480.413208,3438150.73556,7.2890611932,10,
3440,467.224021797,86.997018,1944593.07898,7.73386220126,10,
3442,467.334045897,405.588048,171556.334597,0.250449251372,10,
3571,484.240677654,67.971636,42187764.4154,2.15421805401,1.0,[M-H]-
3965,540.251750508,447.238323,207397.394806,14.5483500893,1.0,[M-H]-
3447,468.220295992,551.475453,7037060.09365,5.9989039597,10,
3448,468.283412832,112.715166,601206.671742,2.8405358624,10,
4107,565.26337049,518.889801,3187589.67481,1.23056915666,2.0,[M+Cl]-
3450,468.319510174,712.45356,6212678.72086,2.31071803521,10,
3451,469.13646346,104.116032,4501025.37828,7.21601545053,10,
3452,469.18241483,593.536644,52757689.7084,4.35670905921,10,
3453,469.193330367,60.408264,865416381.812,2.94138661645,1.0,[M-H]-
3455,469.213793681,607.45092,1002874.91351,2.40102350994,10,
3457,469.36564996,115.174167,323807.052623,13.077048566,10,
3458,470.032728282,774.5475,827396015.227,1.2202066803,10,
3459,470.165712113,88.386483,1155533.70973,6.97039677296,10,
3462,470.214433038,171.852312,3153268.64903,3.24717991199,10,
3464,470.262423132,593.865894,5175461.42217,2.14542615462,10,
3465,470.262317606,552.595707,3695614.42954,2.51627095072,10,
4132,569.25436715,175.938696,13934595.1998,9.32411695779,1.0,[M-H]-
3469,471.200151925,568.842255,287321.29753,1.89563317004,10,
3472,471.227613108,67.971636,26831485.8953,5.3715793566,10,
3473,471.914209577,133.486629,524313.52944,13.6186594235,10,
3474,472.017054436,87.288588,310782.284616,11.343028529,10,
3475,472.158527248,416.074686,1621259.67887,1.89817896274,10,
3477,472.227344445,491.5146,603960.294192,1.86998041179,10,
3479,472.339481246,494.038476,2001888.61715,3.90087169148,10,
3480,472.364788965,413.21256,311397.737909,6.28452036606,10,
3481,473.074133003,760.15248,54062506.4873,4.70920934811,10,
3482,473.140761549,451.836003,852907.147435,4.86042450384,10,
3483,473.154675159,539.854884,1561997.71477,10.3960062588,10,
3486,473.205253621,75.471465,69982348.3556,2.11241830324,10,
3489,473.225429816,60.408264,176090212.952,4.004692759,10,
3491,473.261013889,148.599555,784147.70068,4.41757819614,10,
3492,473.342865892,494.223771,444696.396357,4.34273033511,10,
3493,474.184142251,101.690268,2175704.23436,8.25042964802,10,
3494,474.20317538,583.97826,367473.997743,7.0210535052,10,
3495,474.194025388,126.605904,125085.557229,9.3886284866,10,
3496,474.202842054,158.012952,1176944.7234,9.23123052959,10,
4393,627.275217042,659.69256,4853960.36507,0.357622359234,2.0,[M+Cl]-
3922,534.281271537,401.319678,758173.678019,9.95706379555,1.0,[M-H]-
3500,474.854721416,2.72861484,2710659.83546,9.99346841569,10,
3501,475.170624902,492.575541,688294.611996,11.2599720367,10,
3502,475.240495779,75.44739,260633478.291,3.69933102695,10,
3503,475.240416564,59.875113,463989302.64,1.38819298694,10,
3504,475.267147525,401.648682,22224738.8062,4.56697663307,10,
3506,476.19967469,101.602296,5479768.00776,7.53776397933,10,
3508,476.237012032,614.10891,2725514.45618,8.5055134413,10,
3510,476.251292721,446.806302,14394207.0401,5.65472027768,10,
3512,476.261529675,431.859384,3134961.37622,8.12342184009,10,
3513,476.278294103,463.65396,493756.282153,5.91082361833,10,
3514,476.278647059,397.979922,86765277.6309,5.01083492715,1.0,[M-H]-
3515,477.173129102,617.15652,4005240.83638,0.97667884419,10,
3516,477.202700062,101.356419,751410.535909,5.01267061204,10,
3517,477.210546419,569.148894,2430932.03538,2.77736237703,10,
3519,477.283686053,554.521146,1937476.60864,1.07491653324,10,
3520,477.395020334,99.504024,7261734.8312,8.3153464956,10,
3521,478.102872774,117.925659,212861.460562,6.654124884,10,
3523,478.17638548,617.08002,802604.12942,3.02552194691,10,
3524,478.191917924,86.191968,2114838.87326,3.40440850988,10,
4082,560.29629154,395.066172,1323533.70227,10.4469236135,2.0,[M+Cl]-
3526,478.29455327,368.164041,13674685.4536,6.90520110321,10,
3528,479.008528844,88.56477,900894.429747,9.89137641098,10,
3840,521.027599276,99.484293,31456224.7447,7.11603899101,1.0,[M-H]-
3530,479.948941477,713.79513,4432270.35787,2.88734169645,10,
3531,480.123293535,855.41478,5166860.99144,2.05086613679,1.0,[M-H]-
3532,480.150402173,87.892272,340769.260294,0.923312043808,10,
3533,480.207285532,86.237409,5707450.54151,5.87010256642,10,
3534,480.237772671,157.437564,1374705.71838,12.5378717977,1.0,[M-H]-
3535,480.234500843,700.29468,776338.511383,10.0455218093,10,
3536,480.264105945,100.665414,14969187.0527,6.5079946506,10,
3537,480.311488192,393.421668,9262052.7383,4.44133825649,10,
3540,481.167958556,111.16803,888402.519779,0.553733740586,10,
3541,481.191280493,78.074148,79001673.5476,10.7983281745,10,
3542,481.228542085,575.173518,748176.233408,2.21885849821,10,
3543,481.24417736,105.47241,10740768.0532,9.7975464819,10,
3544,481.243460547,447.870564,2378968.38269,4.14307385222,10,
3545,481.266956349,100.44003,3254725.33359,7.81511798285,10,
3546,481.312899967,459.643722,666486.456005,7.90089252676,10,
3547,481.314321465,393.091914,2559713.00428,1.74832740441,10,
4110,565.52069018,97.947408,68695514.4163,2.83151320268,1.0,[M-H]-
3550,482.095273577,713.83908,1410947.31037,1.85419773657,10,
3552,482.26259905,619.1655,26352372.1891,6.19796860676,10,
3553,482.316341054,394.035048,398572.43941,5.91914184325,10,
3554,482.310321244,677.44122,3106467.41454,4.83170143066,10,
3555,482.349482451,412.879182,1338050.11656,2.24470404328,10,
3556,483.129186843,118.086915,1002280.43361,0.875376184785,10,
3558,483.197921874,530.953866,5346571.96664,4.3673861708,2.0,[M+Cl]-
3560,483.209138108,59.7852696,442176298.315,4.89641912307,10,
3564,484.017080639,86.63802,1299061.21251,9.23182115026,10,
3971,541.205445987,102.944646,7454117.15042,9.33007393082,1.0,[M-H]-
3566,484.181460294,86.794515,1342384.65119,4.79920771714,10,
3567,484.203514533,574.757262,448831.127483,3.84376985185,10,
3569,484.21237852,60.0073308,102620232.54,1.07044782815,10,
4049,554.302562738,103.302678,1685488.27966,3.3628150433,1.0,[M-H]-
3572,484.256753782,428.874444,2574087.64836,10.5337632598,10,
3573,484.364984028,409.958802,2704889.82173,3.32868656501,10,
3574,485.00345797,781.794,399359247.62,1.41335263582,1.0,[M-H]-
3575,485.003480262,752.5797,1084989709.9,2.41063594521,10,
3576,485.041445773,229.196784,1289972.25473,11.9896064691,10,
3783,511.240321,58.5393936,146836417.047,11.8028108672,1.0,[M-H]-
3581,485.243068685,68.258085,6517953.31706,12.1955389559,10,
3585,486.12477593,565.093368,1421680.06655,2.82573885302,10,
3593,487.231342109,467.532972,12886535.6955,2.50911820646,10,
3594,487.240670227,75.357768,410019665.424,2.78898959273,10,
3595,487.306751772,139.8612,4555547.14637,8.49533020144,2.0,[M+Cl]-
3597,487.384092112,409.806246,97242.6197969,12.3829076818,10,
3600,488.204683797,125.96778,2336154.86518,6.06296810022,1.0,[M-H]-
3601,488.197442353,433.633071,3493625.88025,3.92196965759,10,
3603,488.251147787,407.730078,37858910.742,9.16760391339,10,
3607,488.249903453,714.6111,12446059.9818,0.71268504172,10,
3610,489.164353441,571.102644,508591.117122,2.16422524653,10,
3611,489.193467356,515.978628,633803.363793,3.69153639839,10,
3613,489.235913959,284.116698,5811361.43829,11.4139243776,10,
3615,489.278504662,54.4910166,2038756.32274,11.5404709364,10,
3619,490.191739995,86.1048,2388373.43015,4.48026286077,10,
3622,490.28892904,528.840174,1841023.34005,1.78709473053,10,
3623,490.288694281,551.893062,1492817.0908,0.848511186338,10,
3624,490.914530009,736.1526,6535226.57376,3.59306649389,10,
3625,491.071561886,202.383444,1886219.47277,5.4555602574,10,
3796,515.237070909,54.6020652,4576870.63145,1.66840716628,1.0,[M+H3CCOOH]-
3627,491.211193769,711.033,2911097.55445,4.76622158267,10,
3628,491.225996633,533.228244,1620475.67059,3.60447534453,10,
3629,491.273144469,489.89772,2249421.0146,11.5319394806,10,
3630,491.291896816,529.209348,309280.173007,11.6466200432,10,
3814,517.357102628,54.2238126,261918.621536,7.35798812079,1.0,[M-H]-
3632,491.411027193,99.729654,6601577.59656,5.50263724763,10,
3633,492.222643332,595.327038,635106.639833,3.43805265836,10,
3634,492.310051026,391.587855,1468444.61862,0.820796015077,10,
3635,492.346391608,396.706914,2445453.91417,5.02244515356,10,
3636,492.96256845,46.0467465,2724746.38573,4.15649016727,10,
3637,493.023595555,87.98529,614923.515495,12.0653924477,10,
3638,493.170535994,60.497016,186801559.313,1.55724812456,10,
3642,493.21298985,428.083512,2796412.19465,0.579241022565,10,
4401,629.312861614,283.870872,31751925.0877,2.25641503101,1.0,[M-H]-
3645,493.350133639,396.378534,646929.283093,6.38778141481,10,
3646,494.165914382,86.370396,983337.249792,11.3577210407,10,
3647,494.2239498,698.54343,557268.607559,1.82567459021,10,
3649,494.982521255,88.56477,674614.412356,12.9265551205,10,
3650,495.152236995,105.131847,3610894.06066,2.17642106832,10,
3651,495.149373115,199.119774,1468077.90157,9.38139090103,10,
3652,495.192515349,463.085082,1513022.73967,4.03695052691,10,
3654,495.209371414,75.183672,427805335.625,2.09221876804,10,
3658,495.321046421,617.8278,3998943.36261,1.19010535054,10,
3659,495.442267438,99.216033,3735843.18068,6.08737230402,10,
3660,496.155592232,105.70104,701459.502749,8.93776665395,10,
3661,496.181519376,86.41779,3255947.15686,6.43037694184,10,
3662,496.201678512,593.840628,7937587.85529,9.59021328173,10,
3663,496.196978886,436.835502,902407.069204,14.2467316701,10,
3665,496.240820334,67.566516,26600717.0088,7.80160502643,10,
3667,496.307894253,51.4798794,2063705.75548,4.90049993387,10,
3668,496.325456091,620.96286,3844464.06144,0.506300528693,10,
3669,497.038107141,100.665414,114906444.475,1.62145386162,10,
3671,497.204408181,283.870872,19724711.2924,4.41659696744,10,
3675,497.300543305,51.3155082,1558463.8343,5.61440865871,10,
3682,498.23252213,807.17286,5560716.98408,2.85742078099,10,
3683,498.263169708,391.115532,10182224.5527,4.01046187314,10,
3684,498.276925846,685.18668,739749.509965,2.20745227744,10,
3685,498.305034207,50.9796315,883218.086771,1.22868263923,10,
3686,498.304989411,14.8688658,1193435.14794,1.12485564933,10,
3688,499.187007119,573.786261,457400.873153,0.259132185866,10,
3689,499.216222257,621.18018,841890.077429,2.74335584412,10,
3691,499.232963681,284.414376,12760949.7515,1.92613891181,10,
3877,527.334084105,175.82571,16996301.3489,7.54723031414,1.0,[M-H]-
3694,499.300349449,833.58969,451765.193384,1.26251795709,10,
3695,499.37966855,99.305208,47230529.3874,7.9416854423,10,
3698,500.225342093,451.97184,1979562.22223,6.54463358533,10,
3699,500.21943294,621.42924,134149.85597,6.35332742914,10,
4369,618.311426934,604.79376,12884597.8457,2.40274067754,2.0,[M+Cl]-
3702,500.278975757,386.498904,11635876.5359,5.17443564183,10,
3704,500.97762703,744.29934,629924642.312,1.96338580488,10,
3705,500.980046867,133.130604,413336.808309,11.7325999871,10,
3706,501.028613251,123.881805,627069.487351,12.8181630994,10,
3707,501.180673369,578.332029,675115.470293,4.74930536511,10,
3708,501.210860765,584.058528,914488.162113,2.79878821627,10,
3709,501.212608109,434.913948,3529883.30944,11.1556648151,10,
3713,501.251103381,603.87657,277340.222021,0.590538598815,10,
3718,502.22531178,54.0665013,136737.833752,14.2310543393,1.0,[M-H]-
3719,502.231295312,457.545576,15337080.6271,4.28913367391,10,
3720,502.267755635,304.054575,12122160.388,7.49005345181,10,
3721,502.269290329,462.36759,27262255.351,3.42879710289,10,
3723,502.294757692,394.222359,2199357.5752,0.869568686789,10,
3724,502.3250749,472.896846,7777895.83475,11.0334481287,10,
3727,503.154830469,75.558147,41641121.9459,2.06788928287,10,
3728,503.226678524,507.018858,2838997.8243,0.60284887844,10,
3729,503.23551968,62.898768,68565438.9686,2.45325066135,10,
3731,503.247876736,589.991595,28779474.2671,3.2541296358,10,
3732,503.29898184,395.022924,526138.475423,5.34357727382,10,
4230,587.378142211,472.251714,1779568.20443,7.58492167349,1.0,[M-H]-
3735,504.196078601,542.934045,1061532.46856,2.60729596038,10,
3736,504.206892157,806.36376,841792.407161,4.38125889099,10,
3737,504.247132949,555.613614,25203715.9446,0.677945205152,10,
3738,504.260611001,112.194729,382251.990913,9.51458610023,10,
3739,504.268056501,561.366267,3149267.15528,1.52063574706,10,
3740,504.268252835,581.269335,5560199.78096,0.572426934989,10,
3741,504.31027386,390.740544,697362.361896,5.1924205009,10,
3742,504.310220585,457.193523,1514761.68755,6.99237100787,10,
3744,505.022527944,741.2901,20350579.9324,5.43351935348,10,
3747,505.170492177,75.49554,123216761.84,5.06864155006,10,
3749,505.230394986,454.516962,1492047.63151,8.09598779964,10,
3750,505.333563052,18.2785464,1288817.23213,1.652175026,10,
3753,506.165626128,86.057028,1300874.93223,14.9787672651,10,
3754,506.209404692,572.075286,418511.103464,7.77985959922,10,
3755,506.261692415,453.835392,9101436.67047,6.27751187081,10,
3756,506.324497605,454.657314,848554.832035,9.96554333632,10,
3758,506.421994683,125.634288,284682.519655,9.76794179728,10,
3760,507.167199542,75.627024,47635613.6087,0.631381606972,10,
3761,507.211138305,463.90722,469208.467279,5.61707505346,10,
3762,507.227527196,714.80196,10630972.7518,3.86036869393,10,
3765,508.341246839,371.671416,2144115.43179,4.31278736489,10,
3766,508.371763593,647.12982,9425546.56726,11.6581113968,10,
3768,508.706183026,646.42491,6322990.00919,14.5607335219,10,
3775,510.23412368,357.198516,18399983.4253,2.7418260765,10,
3779,511.203955507,75.806916,55056798.9872,1.81326220155,10,
3780,511.203795229,62.676384,78084057.8634,1.94858907404,10,
3782,511.24033682,75.183672,90202545.2843,4.48149100496,2.0,[M+Cl]-
3786,512.214131041,440.44269,1960143.65857,5.02344271267,10,
3787,512.255808277,104.951709,335985.385871,0.743046945158,10,
3789,512.785173858,2053.90314,1122411.16255,1.22779339617,10,
3791,513.219637415,62.898768,97612477.8458,1.52935128646,10,
3792,514.185495802,480.490902,1098616.12187,12.5959624027,10,
3793,514.242437121,570.221505,327986.853439,7.82686635479,10,
3794,514.307612792,507.939741,441664.312498,8.57232667703,10,
3797,515.261760379,446.852316,2148728.49671,3.16642581346,10,
3798,515.278996418,110.848665,2388277.07181,10.5940430049,2.0,[M+Cl]-
3799,515.273825932,435.13758,2872197.83994,5.23907478199,10,
4418,631.879603301,132.68991,1125780.29531,5.55476512343,2.0,[M+Cl]-
3801,516.14132859,101.802534,652454.700323,6.7064020883,10,
3804,516.282353893,111.647343,468047.818868,2.91892402753,10,
3805,516.340530794,472.251714,1926224.5428,3.49467569788,10,
3807,517.134107337,105.154896,1042592.71191,3.84577853916,10,
3899,531.220998202,286.491552,8134384.63144,7.29715424326,1.0,[M-H]-
3811,517.286919133,161.64693,973503.257899,9.15374903516,10,
3813,517.344179608,471.787578,442574.006646,5.0955118844,10,
3815,517.42614452,98.994084,3931357.31165,0.577539736487,10,
3818,518.152835295,88.878144,335311.063634,3.97727745504,10,
3821,518.241760053,339.151914,6972298.19077,7.24400472104,10,
3824,519.169422393,108.063672,2088377.67569,6.47246792958,10,
3826,519.208795427,74.958969,44309484.4102,2.77206412242,10,
3827,519.208713983,58.1385888,71077048.3953,0.870626304111,10,
3828,519.230347919,53.863893,318760.64951,12.946231747,10,
3829,519.303780871,484.999842,966749.633807,11.0883629669,10,
3830,519.372657016,53.609646,88321.8964313,7.74946367528,10,
3831,519.441998568,98.904783,11360771.4765,9.48411266384,10,
4253,592.24162337,437.49744,3886541.78842,5.42244102943,1.0,[M-H]-
3835,520.224321176,466.885596,1534832.08647,2.31843338725,10,
3836,520.262935806,612.40686,6154252.68449,2.12858675268,10,
3837,520.257459892,197.952267,6079006.08317,0.0728059202528,10,
3838,520.386370149,199.209858,673817.568322,11.1467460894,10,
3841,521.055327013,132.810042,758069.622595,10.9685559951,10,
3842,521.108067337,102.944646,5714491.64149,11.3078409543,10,
3844,521.223396695,436.676253,716632.357537,2.04751266022,10,
3846,521.278578363,161.505444,7690553.32086,8.60559080678,10,
3849,522.249560729,232.911102,9847944.37791,1.37123440373,10,
3850,522.254936615,463.69221,1728585.82658,2.90363423021,10,
3851,522.857450028,781.39488,289021.822218,1.91314998893,10,
3852,523.055321227,132.970479,923598.226243,8.83587902238,10,
3853,523.105321162,103.372221,466835.060766,1.70548139615,10,
3856,523.251818265,425.132706,860462.247665,1.5592572085,10,
3858,524.112184551,175.769706,4450071.64581,1.02251583726,10,
3860,524.254594799,467.014965,676124.417745,6.93719183178,10,
3861,524.278828347,383.806428,791770.710087,5.41439924836,10,
3862,524.975325397,114.318534,2521051.66242,13.9444912691,10,
3867,526.272148431,463.139283,401732.890133,5.2756184642,10,
4605,686.388753296,450.203946,6275470.32855,5.95330745412,2.0,[M+Cl]-
3869,526.325301202,468.828216,32097295.1782,5.35985416946,10,
3871,526.853989785,721.23915,9135595.10024,10.1593719922,10,
3872,527.195866459,577.933398,542754.904484,6.12902814484,10,
3874,527.283832034,524.240106,912784.569457,1.76991303938,10,
3875,527.320894352,150.734682,2022757.78735,5.12467933491,1.0,[M-H]-
3876,527.319924927,437.631321,25401217.1789,5.05412881176,10,
3878,527.410770206,98.881776,111662920.506,6.29732507723,10,
3879,528.223725965,102.294483,3928958.13693,2.43899852842,10,
3881,528.320168752,144.542424,7190455.62869,10.7666845441,10,
4196,582.980842995,782.10798,49897117.0457,4.9913120483,1.0,[M-H]-
3885,529.170346805,75.44739,76640453.9216,2.60960372844,10,
3886,529.170092055,59.252499,128143162.417,13.996445658,10,
3887,529.242676254,206.803212,804126.161964,12.1103881596,10,
3888,529.242290149,573.300696,9441752.28646,4.05826046673,10,
3889,529.278474698,426.201684,4349255.05423,5.67460657168,10,
3890,529.290028557,641.28438,505550.683917,3.43810681364,10,
3891,529.308364155,517.582923,1659327.21081,1.32538361057,10,
3897,530.319858664,452.925594,10116869.1689,7.37202645234,10,
3900,531.258094945,567.708384,19154161.5943,1.33287328303,10,
3902,531.880923883,133.967616,397853.247908,7.53482745027,10,
3903,532.168019131,88.386483,450230.70165,8.0336644893,10,
3906,532.216749664,602.10978,814824.316165,0.679397939927,10,
3908,532.22232807,401.677746,570526.252013,11.9406373442,10,
3909,532.261418092,567.843762,5354266.39584,0.894889591461,10,
3911,532.925435608,736.20474,330234355.559,2.88797407602,10,
4413,630.902845942,715.17492,38389848.7009,6.85245810654,2.0,[M+Cl]-
3913,533.181218556,283.870872,10252408.0253,4.12339147628,10,
3914,533.237255546,686.0508,631654.77363,1.54728140112,10,
3915,533.339105005,472.377078,514183.306195,10.8429109049,10,
3920,534.240031147,104.116032,1254593.8691,9.31399127625,10,
3921,534.273226516,165.051456,6889228.21462,7.81490142217,1.0,[M-H]-
4546,661.887631659,727.05846,16236298.8647,1.58286304812,2.0,[M+Cl]-
3928,535.15458879,290.372748,640284986.366,4.70296230336,10,
3930,535.276751828,165.27807,1913515.55486,3.37361340534,10,
3933,536.129819793,599.29566,1629542.63871,8.32487570742,10,
3935,536.166043314,87.219288,1018987.72343,7.52411084894,10,
3939,536.288820932,469.407165,264198.460914,4.12626379404,10,
3940,536.294332412,559.894701,87223.0788441,6.20110611072,10,
4438,634.947225658,732.90561,11678659.5413,3.45644028355,1.0,[M-H]-
3944,537.133291763,599.478402,286065.789953,6.83152641337,10,
4276,598.253142935,598.631172,2694701.90734,5.4699050374,1.0,[M-H]-
3947,537.232197608,559.323768,13814561.2237,9.91835154257,10,
3948,537.32587423,54.4910166,364796.676209,14.2841301309,10,
3952,538.231230314,479.433969,8730659.39328,0.599153044779,10,
3954,538.270353909,103.753158,237112.064342,8.94726513192,10,
3955,538.361633003,316.28778,9925778.46965,9.41583940689,10,
3957,539.211428619,457.263384,673065.639344,4.36884857519,10,
3959,539.284284608,622.35102,6816020.15711,2.01821433677,10,
3960,539.323480064,111.435666,3789871.1896,4.69756279592,10,
3962,540.168867423,617.49228,407403.629807,3.76791664398,10,
3963,540.220643028,680.11131,1426821.7435,7.828253374,10,
3964,540.244644574,463.263159,1447682.74777,11.3440020489,10,
3968,540.30453314,678.35394,907683.966544,0.788124484269,10,
3969,540.367595417,856.44534,439963.261771,1.67052185779,10,
3972,541.299660087,532.844799,9286194.6662,0.845655893693,10,
3973,541.307634283,678.07332,201197.619422,0.983404799206,10,
3974,541.345269012,450.020895,1409186.99163,4.64277685243,10,
3976,542.061516135,781.44678,10326595.5791,1.29740581541,10,
3977,542.208340307,103.1703,1661844.69621,5.07399509562,10,
3978,542.216727783,679.09665,440241.431799,13.1209612257,10,
3979,542.24776661,472.725828,512399.231408,0.136316048328,10,
3980,542.320071262,464.7519,16820834.6853,7.0739622278,10,
3981,543.185057309,298.815636,8233050.90251,8.11324130778,10,
3982,543.202825295,103.236489,373310.251328,0.691299707037,10,
3983,543.242483906,621.08178,798034.930941,3.5403458353,10,
3984,543.240510517,544.142868,551656.648015,6.18535168573,10,
4545,661.357321221,464.552163,939905.853135,0.222256872203,1.0,[M-H]-
3986,543.331154276,572.399262,432467.533143,5.26218794661,10,
3987,543.445481055,55.49151,47237749.857,13.58954383,10,
3988,544.325788906,464.697834,665929.79084,8.68939772952,10,
3990,544.9841203,114.048597,930728.377369,3.29602537636,10,
3991,544.996635136,228.343917,400394.62957,14.7280428405,10,
3992,545.091165744,176.65707,6787912.50678,3.39300568068,1.0,[M-H]-
3993,545.152571105,88.275531,608529.65119,2.44923613981,10,
3995,545.294633646,547.536636,24467141.0286,1.6325772999,10,
3999,546.297948991,547.719528,6175285.31982,2.05228809629,10,
4000,547.288471809,454.019952,3779242.17089,9.59169174532,10,
4484,645.914142596,734.9415,4999143.73581,3.90036435737,1.0,[M-H]-
4004,548.210559862,629.46564,1717809.11552,2.81817431869,10,
4005,548.22246139,504.112596,864404.936449,2.36326491904,10,
4006,548.375807495,707.85582,119377.594993,2.9108014494,10,
4007,548.418031243,191.882388,566515.854951,11.0696627638,10,
4008,548.899500455,728.32746,758499769.567,1.38962955677,10,
4158,573.22021746,855.74154,18543727.4889,1.98329514882,1.0,[M+H3CCOOH]-
4013,550.04944787,856.11453,1106777.35017,5.20359199889,10,
4014,550.192809335,401.842122,319910.715225,14.2702392792,10,
4016,550.234943734,106.222413,709421.793174,2.32798801391,10,
4017,550.336747152,569.332008,228424.210096,0.286794451172,10,
4018,550.44861958,100.084404,1449515.8803,11.7903627738,10,
4019,550.738115962,575.63889,2514543.99793,0.895192815382,10,
4021,551.032808291,776.11548,2969507013.78,13.6268153257,1.0,[M-H]-
4022,551.160658624,560.495994,1062578.52326,5.73795810246,10,
4023,551.238537066,575.822646,1263224.12183,2.6725568397,10,
4024,551.247975447,521.3916,5315513.01517,3.57988158365,10,
4026,551.293792401,446.218335,6428398.33601,3.40243170757,10,
4027,551.29411766,467.501088,3656938.96265,1.46090392729,10,
4028,551.320771376,581.269335,33152204.6168,2.7662324903,10,
4029,551.408943995,95.9421,4083487.96048,1.16106237575,10,
4032,552.207233129,592.694046,494075.436399,3.07322469156,10,
4441,636.284185172,395.164326,1243509.09592,11.1590188902,1.0,[M-H]-
4034,552.250728581,520.47324,1559631.85199,1.1786217167,10,
4036,552.285789812,459.96384,1805785.65719,4.13706223876,10,
4037,552.320054034,501.419112,291701.126418,9.72346610908,10,
4038,552.740498867,620.7474,270746.919632,4.22981292007,10,
4041,553.290019834,460.426074,495763.070757,5.4548961925,10,
4042,553.326036821,103.708542,627550.011352,14.4002368276,10,
4043,553.424778491,96.566343,4991273.2539,7.68598882356,10,
4044,553.520367715,98.483154,5657876.35555,10.4799723708,2.0,[M+Cl]-
4046,554.225994782,534.534384,1878730.53157,0.40988967621,10,
4047,554.224800176,395.209239,239584.590081,4.50346540965,10,
4050,555.077362449,760.74648,42341937.1713,3.2214497464,10,
4051,555.22128437,522.82137,3857570.14356,6.32138909778,10,
4052,555.220934471,102.003024,34970655.922,5.34306427859,10,
4053,555.227812622,283.021863,2350973.04184,2.27245652342,10,
4055,555.351798106,698.1507,14102652.5954,3.32377295105,10,
4056,555.441857972,98.258652,135148032.76,1.51447860703,10,
4392,627.046667695,99.729654,160352111.599,2.43494958172,1.0,[M-H]-
4061,557.136439385,293.147622,73756770.3695,7.85268322714,10,
4062,557.270226239,401.979036,354357.607745,8.14484007287,10,
4063,557.313735325,582.41301,317184.147712,12.7046471637,10,
4065,557.461073934,54.8025162,1515650.87889,7.15762531706,10,
4066,557.969182007,88.589034,332257.436809,3.18287791238,10,
4068,558.03573146,782.42274,3781148.3558,1.30602826228,10,
4070,558.249879806,127.365348,291179.437312,0.734907302705,10,
4073,558.735522905,598.81527,6730431.33054,1.63852286535,10,
4075,559.204444063,855.89142,388408.6693,4.02298817358,10,
4076,559.228551165,112.926159,475731.284282,4.62970941197,10,
4078,559.310958979,608.83914,464093.123135,1.88369115037,10,
4079,559.473508357,97.947408,101400019.023,3.70160333902,10,
4080,559.737026061,598.96353,1652278.45312,0.908231568947,10,
4294,602.259055826,594.997164,722453.326125,3.0944736244,1.0,[M-H]-
4894,790.941014093,780.81888,13490301.8723,8.09337830079,2.0,[M+Cl]-
4085,561.040136565,123.845841,488798.897641,6.65409994037,10,
4895,791.139851881,176.45409,16740429.3715,7.79938530364,1.0,[M-H]-
4087,561.118407974,593.512764,1823686.9323,5.29462878851,10,
4088,561.217737251,631.14354,3645477.52937,2.3446267562,10,
4089,561.489111166,98.258652,205021495.935,4.10479826091,10,
4092,562.30002738,451.156458,1394949.75255,11.2455282227,10,
4095,563.118896737,111.48741,300187.558571,4.47781081446,10,
4222,587.274700583,100.306788,3248323.66233,2.37932339715,1.0,[M+H3CCOOH]-
4098,563.304007822,451.359447,383858.161175,8.18856689656,10,
4101,564.219740467,713.08527,213662.063605,2.29234803203,10,
4105,564.866450117,717.81474,27910107.2549,4.97026163933,10,
4106,565.227144177,630.12354,951794.690147,2.93660202554,10,
4111,565.908417494,726.49083,8690502.79575,3.7643109269,10,
4112,566.275936521,230.786958,7781783.06643,12.0929204823,10,
4113,566.301876595,103.1703,470335.49208,12.9162273457,10,
4114,566.297982272,150.624192,1096565.81193,9.31269432221,10,
4383,624.065148712,781.44678,7815237.81474,0.96738926444,1.0,[M-H]-
4119,567.143644539,88.432347,470085.356349,2.8665309708,10,
4120,567.219360074,713.00298,1300026.45198,2.69961181333,10,
4202,583.440342664,55.782504,5913465.84657,14.7206502988,1.0,[M-H]-
4124,568.010126081,753.5586,162503901.984,10.4860517067,10,
4125,568.241772315,541.455114,2246448.00305,5.27822550729,10,
4126,568.310755573,578.888292,25412231.026,0.643651010834,10,
4129,569.00602066,753.52302,70184758.9407,3.69188522446,10,
4130,569.214188894,229.071108,2542972.57677,6.06157600091,10,
4131,569.237012764,101.690268,2016154.59394,7.56373940842,10,
4133,569.249237198,609.94044,665436.990004,4.97248373108,10,
4134,569.269977906,672.58644,635287.528822,1.12277192618,10,
4135,569.27031331,805.33395,789753.985774,5.14409017179,10,
4136,569.282372769,100.127658,11201610.2082,3.09546890203,10,
4137,569.294874211,499.218234,356148.573345,9.38459784792,10,
4138,569.367535356,662.13318,61017759.5362,1.62713194415,10,
4139,569.461240236,55.0244511,8040405.55242,7.29487982053,10,
4145,570.326321055,625.2966,404859.163821,4.81455052175,10,
4215,585.455473884,54.6020766,403218.816116,12.5008866822,2.0,[M+Cl]-
4152,572.15200846,83.844585,1366894.2291,2.49213077291,10,
4153,572.251334139,679.37634,574479.262405,1.11079589505,10,
4154,572.258413283,473.368578,542221.057794,7.57569641733,10,
4155,572.331578786,553.041732,1396086.65636,4.56618938101,10,
4161,574.244584525,169.692936,2291940.66648,2.22617519681,10,
4162,574.30824339,503.129913,523692.818645,13.9716930325,10,
4255,593.020925585,771.6216,66473614.5254,9.32677180566,1.0,[M-H]-
4165,575.268076381,579.795714,601164.849239,12.3256211852,10,
4167,575.803602155,1982.1222,803320.239196,0.922362620536,10,
4168,575.80333878,2000.96217,972537.181025,14.9516505013,10,
4169,576.267924304,515.005128,2061181.84945,3.26881718507,10,
4170,576.287583245,592.694046,3774742.58076,0.0745179868766,10,
4317,606.342393885,459.981759,1642489.72943,2.172973188,1.0,[M-H]-
4172,576.40668236,578.98182,987531.281978,5.07496368578,10,
4173,577.271562297,514.86459,444630.376077,7.97806083392,10,
4174,577.284684435,606.9312,2634424.88228,2.91917493673,10,
4175,577.290139999,592.786905,651113.907855,0.871354501507,10,
4177,577.424343527,97.814586,8900970.64379,3.28652856687,10,
4178,577.926221536,713.95572,3002348.41987,6.81642211616,10,
4181,579.288631662,507.822609,479297.34816,11.9930084824,10,
4182,579.302046428,462.404523,105994.822291,12.6349488215,10,
4183,579.44088397,97.635756,8969839.84838,4.50130534592,10,
4184,580.072591514,714.29034,721084.283127,6.75977774967,10,
4186,580.312611811,102.003024,4199324.76723,8.52215276582,10,
4187,580.397301496,455.473716,1428886.22429,3.14825075793,10,
4188,581.258767432,576.379137,216005.021598,4.04370964012,10,
4190,581.402152087,455.296326,393404.748995,3.9566457715,10,
4191,581.456534025,97.370286,11653391.0512,7.5343370765,10,
4192,582.290264042,576.613152,2256769.6921,2.66895043296,10,
4194,582.362622973,837.80295,597603.872631,6.18126585478,10,
4195,582.459878678,97.236402,3661111.57952,5.38775803937,10,
4197,582.980815104,746.18748,497807548.622,2.67015430827,10,
4388,625.272765185,100.44003,2734550.95492,6.94269257273,1.0,[M-H]-
4200,583.293056169,576.542712,559222.124065,1.82896369043,10,
4201,583.381908717,452.721087,861235.489708,4.50425884427,10,
4203,583.471975181,97.860144,19286128.7063,0.981193947124,10,
4204,584.247699363,284.496372,18046007.3502,13.9063301586,10,
4206,584.305448999,545.151276,5548139.78972,3.17957171128,10,
4207,584.386360413,419.947881,603467.975284,11.7467900375,10,
4208,584.475081075,97.370286,6568856.28489,6.97283302441,10,
4209,584.866458002,727.6014,18311081.6489,1.35153884122,10,
4211,585.100226058,176.342316,30625597.336,12.8710342092,10,
4214,585.30912976,679.37634,1008885.79297,3.88575097995,10,
4216,585.488312676,97.658838,11131085.9601,0.257032838813,10,
4218,586.299374367,441.329688,2715435.48773,6.15912072704,10,
4219,586.315436217,453.38307,2433540.6755,3.17939935293,10,
4220,586.362180875,206.803212,22097022.6241,5.68153163725,10,
4221,586.491444824,97.860144,3451705.07967,8.28897862532,10,
4602,686.335582443,574.849005,817827.255558,0.913620047214,2.0,[M+Cl]-
4224,587.302177376,441.329688,705122.364145,8.51515820141,10,
4225,587.295188692,617.73804,289706.073675,12.2132702261,10,
4226,587.324628838,586.361154,485258.510018,7.48383010006,10,
4228,587.357390264,560.63001,1279941.01347,2.30825773407,10,
4229,587.359882307,100.44003,10282424.0093,2.3790228452,10,
4232,587.471905893,54.5361408,509147.754904,9.58162457709,10,
4233,587.503797421,97.323888,9382602.67595,9.37040184376,10,
4234,587.690343077,82.751094,756891.744256,7.7173002221,10,
4235,588.005605042,855.23778,450422.081528,12.2088266964,10,
4237,588.381253667,472.502706,494672.884382,7.8054263106,10,
4238,588.507155158,97.635756,2944179.27736,13.7785770569,10,
4239,588.691258296,82.727514,1810275.49642,12.2152824875,10,
4240,589.290747439,101.9148,4626638.24141,4.31222364248,1.0,[M-H]-
4241,589.452213792,409.958802,206811.020815,7.40306288118,10,
4242,589.519719395,97.635756,9259159.13322,1.7867131253,10,
4243,589.781117594,2061.73767,1220939.21309,14.4806694811,10,
4244,590.779812161,2055.66804,1323668.3475,4.02832634191,10,
4494,649.010084945,755.61618,784254368.674,2.8922709613,1.0,[M-H]-
4246,590.968172941,784.69824,6885053.7647,2.23831860764,10,
4247,591.069914208,99.504024,58108589.1819,7.45377408842,10,
4248,591.070010443,81.589392,43252340.6596,4.40584683359,10,
4249,591.117794392,174.681084,8490435.84082,10.2597154555,10,
4251,591.266658191,99.504024,16456289.8119,5.03699848066,10,
4252,591.53639273,97.814586,2390689.48077,1.47111186099,10,
4256,593.08388603,102.652107,394909.451664,1.60795278943,10,
4260,593.308305156,108.974406,4141390.71385,6.29160002434,1.0,[M-H]-
4261,593.55201472,97.635756,2357970.68332,3.66182533844,10,
4583,676.146543749,288.884484,6529867.47594,8.2630305848,1.0,[M-H]-
4263,594.176272908,104.204886,247996.405796,0.925080381347,10,
4264,594.220993557,176.252442,5201786.67667,5.16397144393,10,
4265,594.311768173,108.997287,1049294.19561,9.67230320389,10,
4266,595.135926196,102.315894,2539814.23649,9.75306104242,10,
4267,595.305190274,108.997287,1178058.96369,9.45086575725,10,
4268,595.567096889,97.947408,2744326.49241,8.59354852787,10,
4269,596.3056031,291.628884,12205801.6986,10.3354940269,10,
4270,596.330570279,448.028949,648244.081294,9.27886758687,10,
4271,596.393628879,442.212333,773022.073119,3.54957626343,10,
4272,597.266243243,465.98856,831827.456088,5.91606827192,10,
4273,597.313804312,99.682905,7091134.38738,0.00248691243955,10,
4274,597.429459243,97.502904,3570610.31882,2.25711396453,10,
4275,597.902214044,132.489786,339268.600599,8.95001922332,10,
4277,598.252360364,570.12615,1283389.01526,13.5359886736,10,
4278,598.252676187,511.128858,1964486.96918,3.23039650719,10,
4279,598.321705582,678.23925,1143269.02627,0.247463080858,10,
4642,696.931947199,741.2901,139816645.222,5.57282638915,2.0,[M+Cl]-
4281,599.320500862,430.740576,4649186.918,6.78686769158,10,
4284,600.323760836,430.740576,1457858.80585,3.60092782946,10,
4285,600.337296279,561.858396,1738718.85115,0.966724800597,10,
4286,600.331233455,453.198198,798861.482176,8.72034007012,10,
4287,600.440760863,383.53317,697287.586755,8.61761615194,10,
4289,601.34029922,561.879816,415765.693338,0.785261221232,10,
4290,601.357366999,459.4647,13807279.0287,4.8722638015,10,
4291,601.460696274,97.903776,4076287.21248,10.3734288612,10,
4293,602.153357694,544.727106,5137016.36726,7.77021197687,10,
4602,686.335582443,574.849005,817827.255558,0.913620047214,1.0,[M-H]-
4296,602.339347301,301.27794,5991552.06478,4.22982852522,10,
4299,603.25442898,613.74402,1202107.34795,4.26894045625,10,
4300,603.261436929,289.759503,2896161.36796,13.3269112763,10,
4302,603.32034897,610.19742,456143.603332,5.06153849657,10,
4303,603.354824603,100.44003,8030797.78473,3.05137168063,10,
4305,604.274404399,519.870039,660959.02394,0.549828870397,10,
4306,604.311032148,804.17298,42892691.3633,5.59065546799,10,
4381,623.22039145,100.485918,8571369.41645,3.25734749324,1.0,[M-H]-
4308,605.236594514,669.86496,151994.475021,6.10416333479,10,
4309,605.269724179,594.667908,658278.475017,3.0832487613,10,
4311,605.316372857,578.259,335799.937283,2.01524301271,10,
4312,605.340466815,191.396892,789655.856926,11.994016597,10,
4313,605.45630582,97.436025,1376388.6395,11.7801265487,10,
4315,606.253899311,582.01038,11970620.5923,1.05320914813,10,
4318,607.091791646,176.252442,10884937.1778,14.216320683,10,
4320,607.257213381,582.01038,3517623.69466,3.38981906315,10,
4322,607.274572545,564.480825,291987.590474,2.37210438156,10,
4323,607.305844241,594.181701,216206.167156,4.88579768095,10,
4324,607.345272473,460.105326,476407.726736,4.89711655424,10,
4416,631.418959636,133.611222,857053.563326,0.227671321884,1.0,[M+H3CCOOH]-
4326,607.936697983,719.23836,11754949.9252,3.22627797735,10,
4328,608.252720912,403.299294,223813.776413,8.95854801266,10,
4330,608.259608749,582.014511,591903.266807,1.53964695976,10,
4331,608.269525784,635.01552,698208.073225,5.8324235631,10,
4332,609.227313234,100.575723,1989591.2105,1.6273403697,10,
4334,609.272068149,634.7838,173688.320835,13.0876456186,10,
4420,632.25250001,401.592432,1378073.54811,8.24383062744,2.0,[M-H+NaCl]-
4336,610.357532654,482.589732,3121632.38597,2.74379471143,10,
4337,610.409134847,441.417447,765849.365121,1.15639483197,10,
4340,611.278834096,571.929504,1163112.79677,10.551412005,1.0,[M-H]-
4342,612.047311396,102.181659,1258526.74008,1.35897483377,10,
4343,612.387890959,453.471942,487006.467416,8.79808827138,10,
4344,613.180042928,102.921867,487520.921045,9.5653452357,2.0,[M+Cl]-
4345,613.2363186,697.18506,6382694.7005,5.86913429764,2.0,[M+Cl]-
4346,613.339718991,605.08716,329134.015512,1.09770915292,10,
4347,614.295096354,502.56159,1069502.61887,2.43239569642,10,
4348,614.298550498,584.80521,452329.596181,1.45463468981,10,
4349,614.35258639,463.332078,1053560.75955,5.11866677311,10,
4695,712.90591741,738.4161,103718035.845,1.83407159028,2.0,[M+Cl]-
4351,615.095044661,292.116573,20219728.1853,11.7145954401,10,
4353,615.300183461,532.371246,2516108.79472,3.87931896067,10,
4358,616.32978793,677.6853,248261.801479,3.06434159203,10,
4359,616.331912921,515.978628,8699444.64166,0.81188287549,10,
4360,616.335506273,283.475622,6206842.21298,3.22238993613,10,
4361,616.461749474,54.8927448,718539.189388,9.95187103993,10,
4363,617.314334272,548.994516,6895227.66815,3.69286658672,10,
4365,617.38856131,471.439089,2451669.64958,4.67992646503,1.0,[M-H]-
4367,618.281955456,179.172816,4442669.22413,4.64421759947,10,
4368,618.300156454,591.545148,687637.498939,3.25725541091,10,
4370,618.326803169,490.028034,2021780.94568,0.471537820359,10,
4372,619.331714631,573.875136,448142.869501,9.53515391144,10,
4373,619.977197893,736.64715,1880168.43444,4.31179901032,10,
4374,620.294425072,177.397941,5960021.21955,0.479346769069,10,
4375,620.316946659,459.21831,336125.403404,12.9599412506,10,
4376,620.417168659,104.79309,149691.435611,13.4369709554,10,
4377,620.430736352,236.88261,3080117.06565,1.26598281327,10,
4378,621.077090473,176.971062,3102465.03889,12.7116165216,10,
4380,621.322036734,593.840628,619596.603244,4.43695668324,10,
4382,623.256237898,100.665414,2804571.78086,6.90285439728,10,
4780,742.375249001,687.9852,1934740.04565,3.03525335934,1.0,[M-H]-
4386,624.336871585,583.160889,554964.605904,3.78230398241,10,
4387,624.373482936,575.63889,1766879.35498,2.03556880566,10,
4389,625.376624248,575.963028,529332.356701,6.67267327652,10,
4390,626.265824098,440.042058,1284880.51982,3.95620790019,10,
4391,626.934909613,781.34352,18550888.4029,5.2510352963,10,
4395,628.129686981,130.965546,101081.496913,12.6990019262,10,
4396,628.27850701,659.7003,1360178.67207,3.16608261081,10,
4397,628.310628462,528.459744,2281112.92113,2.42006474479,10,
4399,629.131962348,131.01006,188620.725702,8.31837348847,10,
4400,629.281025952,659.52612,269854.745407,2.21102706132,10,
4402,629.342551396,712.00608,2501432.63837,5.35344470337,10,
4403,629.371606238,469.66311,1284301.41939,9.54698320358,10,
4547,662.01061382,774.75648,42718258.7439,5.09469615366,2.0,[M-H+HCOONa]-
4405,630.045325286,99.504024,25515484.5441,2.82343760914,10,
4406,630.129206454,131.089158,180910.777958,7.71287087016,10,
4407,630.311399964,618.98928,702875.384962,4.81507703653,10,
4409,630.326677699,576.613152,1354884.66965,1.98617270262,10,
4740,728.879945326,735.15222,92855163.4911,3.91452756631,2.0,[M+Cl]-
4414,631.285373193,655.27356,1102502.16153,0.76506972641,10,
4415,631.404153338,444.81996,4249061.08366,8.07894444129,10,
4417,631.806307893,634.8684,779675.927044,2.64433315266,10,
4421,632.269039236,291.000882,17130234.4163,6.06967135677,10,
4422,632.288442077,655.67688,314226.855973,4.97562019332,10,
4423,632.774435847,2033.13108,1858065.11121,12.3309723906,10,
4424,632.7740123,2089.60944,3000454.78081,12.1132291927,10,
4425,632.861431916,727.02084,14771835.6656,7.16027135839,10,
4429,633.122804572,293.461656,27104430.6953,3.84702800807,10,
4431,633.303212998,106.745262,691520.40954,6.09448489815,10,
4434,633.904455994,715.24023,1857318.25926,11.4341433557,10,
4435,634.268642225,398.020914,1209708.94258,12.8729867904,1.0,[M-H]-
4436,634.878032557,132.930174,2888734.16767,5.90425617891,10,
4437,634.900058291,735.8367,10150499.4759,2.16722074202,10,
4656,701.023504621,774.2661,51045058.208,6.17877093329,2.0,[M+Cl]-
4442,636.348556753,621.08178,536596.614664,3.02490818448,10,
4443,636.347123366,492.151464,996090.066732,1.68171153842,10,
4445,636.946394052,732.51669,4233262.95116,6.37043975926,10,
4250,591.245989147,604.4625,825136.240259,1.41566559518,1.0,[M-H]-
4540,659.922747479,133.010784,724719.614982,8.93735464436,1.0,[M+H3CCOOH]-
4448,638.280021944,563.333889,376777.115937,8.07216610598,10,
4449,638.875959138,132.886428,941369.48438,3.54657880238,10,
4450,639.282884245,607.45092,202549.06376,4.40060562586,10,
4451,639.348172842,559.188366,4104490.0912,3.43598043194,10,
4453,640.03924255,783.64746,3265535.36653,4.11463549346,10,
4454,640.25529603,697.92258,526430.642921,8.56355424998,10,
4622,690.326016218,432.705054,4473673.44972,3.18054076178,2.0,[M+Cl]-
4457,640.376300902,641.9598,227662.658788,10.3379032754,10,
4458,640.399818534,105.154896,4034247.56301,0.911629373709,2.0,[M+Cl]-
4459,640.626367963,114.639792,780030.356598,5.74359953435,10,
4460,641.267750368,596.83116,5179712.24087,6.68257928661,2.0,[M+Cl]-
4463,641.363972275,533.126172,547392.45417,5.15549460856,10,
4464,641.403321851,105.47241,1429799.53374,2.39653939984,2.0,[M+Cl]-
4466,642.25154289,533.395485,164120.176865,10.9159293233,10,
4467,642.326511483,475.627824,2972374.31246,7.63012134628,10,
4468,642.322889861,668.87568,314855.032586,4.14625435597,10,
4469,642.363616523,606.94068,817407.623219,3.76441090929,10,
4471,642.908727254,781.794,4231316.89921,6.23393814537,10,
4473,643.28567598,561.448518,763282.185943,1.75330322919,10,
4474,643.329881165,475.263582,1024064.58171,4.25030209942,10,
4476,643.35059168,618.7884,383075.107744,6.46372047992,10,
4478,644.147947953,569.407452,132435.504201,12.244110678,10,
4480,645.121735759,175.938696,4838630.24891,6.81663011656,10,
4481,645.231511391,104.002716,205038.463466,2.91886810443,10,
4482,645.266112149,217.264842,996557.998843,10.697354673,10,
4483,645.348872566,604.1313,310966.266637,4.98752860623,10,
4485,646.508820489,54.7581429,1476037.97278,8.13255925409,10,
4486,646.876705326,728.60712,420859475.604,1.5099636006,10,
4489,648.250195947,614.41278,1086212.4636,2.80484225302,10,
4490,648.249400606,434.949324,1307419.39325,6.09624875637,10,
4491,648.322218429,644.457,187447.564461,4.98118798494,10,
4492,648.462149266,228.16752,2090025.64383,1.40417069105,10,
4495,649.010077817,781.23819,384268679.943,0.844458455641,10,
4496,649.491184705,55.6265709,2031368.01477,11.4012482666,10,
4498,650.013493061,781.13286,68649861.724,0.82889160718,10,
4500,650.21301313,438.17331,508212.987812,1.60902520262,10,
4501,650.316698525,498.890466,782126.326669,2.40047780123,10,
4502,650.313835186,579.469779,319576.418422,4.62878551114,10,
4503,650.782407899,2079.84186,1695819.83416,0.0921017879647,10,
4507,651.275471076,603.62016,1627503.50263,1.79368278983,10,
4508,651.371003892,661.93005,1700481.80491,0.829702854961,10,
4509,652.274460834,533.881008,1677933.33811,0.38313024553,10,
4510,652.27861457,603.54483,494452.192219,2.46093104936,10,
4512,654.273951858,586.861344,295208.293391,8.94089705532,10,
4513,654.314918716,435.648426,18777799.0517,0.91701084946,10,
4514,654.361036095,466.274703,295383.809344,2.25216327121,10,
4806,749.457075767,508.859616,920515.78958,6.57351802665,1.0,[M-H]-
4516,654.395406635,682.04568,886499.91291,2.17833706452,10,
4517,654.420276835,426.858924,192652.309577,6.37583283163,10,
4518,655.041972972,721.00026,1436532.2853,4.34960038361,10,
4521,655.343066615,572.399262,551072.870253,4.25444197411,10,
4524,656.245659535,286.935759,17498349.7973,0.48919151153,10,
4526,656.399624629,712.01958,1366817.92141,2.6910010849,10,
4527,656.923509308,132.930174,800133.918239,6.78476730241,2.0,[M+Cl]-
4581,675.02377297,772.98,60647875.671,8.66574407661,1.0,[M-H]-
4588,681.40794759,151.395162,2760784.52736,4.77508040959,1.0,[M+H3CCOOH]-
4530,657.398080403,105.017898,821212.154172,8.4457926936,10,
4533,658.324817908,548.871228,2579943.18475,3.09086091307,10,
4534,658.321639177,531.867297,665299.473178,2.83302361611,10,
4535,658.362014539,590.72115,790881.304245,2.64366723941,10,
4538,659.283890344,617.08002,921291.764927,1.73155117828,10,
4541,660.226511569,116.633784,575539.542645,1.21392437195,10,
4542,660.28675568,617.08002,248006.604527,8.51097844671,10,
4543,660.373547204,635.97453,155511.171638,14.0154549395,10,
4548,662.442052843,247.896993,909888.05075,1.92927151817,10,
4549,663.49721938,96.386892,1298569.61352,6.94448691477,10,
4763,736.138509101,54.6228882,38104430.6786,11.8425141202,1.0,[M-H]-
4552,664.278397135,581.832396,275491.89309,14.6006519501,10,
4553,664.444320093,105.47241,4477230.07938,5.41810228358,10,
4555,664.984126941,749.75124,350158978.522,3.29528549719,10,
4556,665.290632318,587.75691,228942.459252,6.70756336546,10,
4560,666.380104764,108.951165,1192678.89214,3.28181284732,10,
4561,666.758020376,2027.30196,1276143.21062,9.08874856474,10,
4562,666.75814224,1852.83171,794432.366488,3.2911994684,10,
4564,668.269352485,580.216335,422965.004021,5.88845592967,10,
4565,668.288329654,597.975528,391854.074546,5.66029378925,10,
4566,668.467131891,169.27632,2874068.13763,8.85510694534,10,
4567,668.657657699,113.778912,677094.024385,2.01652287406,10,
4568,669.290000692,518.236422,770960.287225,0.505268955687,2.0,[M+Cl]-
4569,670.258103439,845.38662,1812386.50367,4.97079323237,10,
4745,730.87837036,734.98098,41134935.0086,1.69438849435,1.0,[M+H3CCOOH]-
4571,670.997242685,113.778912,7654663.01565,13.4868519223,10,
4573,671.337655994,731.42625,855097.093234,4.08965784103,10,
4574,671.374378355,652.99299,495185.595793,0.849284935797,10,
4575,672.07643209,85.385208,1882734.42644,13.4727607086,10,
4577,672.970970491,783.0519,8527608.17259,14.9020832776,10,
4578,672.971119677,756.69984,19336071.9269,2.2186383186,10,
4579,674.312545804,643.48728,251242.62369,10.1982114929,10,
4580,674.31609342,524.676432,547405.868647,2.3290926769,10,
4582,676.125057953,101.668605,873762.859274,3.49346472035,10,
4584,679.321726397,644.62794,6188995.17372,9.78327904361,10,
4585,680.338219948,691.8348,2879073.34822,3.66221153783,10,
4589,681.431365385,821.18424,1068264.5716,1.03166860111,10,
4590,681.961475002,744.19272,36601617.0735,3.08493445955,10,
4591,682.354355591,697.14006,470079.941262,4.80802300933,10,
4592,682.445818139,179.341827,2741221.39618,8.34753961263,10,
4593,682.482644641,168.787944,3003761.35472,5.62469224756,10,
4595,683.078457212,176.342316,5099275.91355,6.06843028564,10,
4596,683.485758396,169.320075,1079112.99499,6.7779796446,10,
4597,684.408116901,456.784695,1360728.09204,4.39341555915,10,
4598,684.461629928,180.119946,10229793.4384,4.03432594262,10,
4599,685.169467728,79.809012,44275408.462,8.03191057179,10,
4600,685.42049177,454.198596,3295521.10876,2.19796062132,10,
4603,686.348839638,635.3553,413255.621161,3.6174271463,10,
4604,686.374064462,616.74678,270011.266353,11.7359777544,10,
4606,686.423060285,454.019952,1146411.21122,5.24956888934,10,
4607,686.477233537,179.715942,5814544.69664,4.85307219477,10,
4876,784.788002611,727.97298,13421149.638,4.00694728668,2.0,[M+Cl]-
4610,687.435905098,452.834322,1300558.66636,6.17842341471,10,
4612,687.5418311,96.299892,1702075.77401,5.59653846777,10,
4613,687.803617617,560.898453,822083.818243,4.64728499655,10,
4614,688.305289057,561.202644,584468.464391,0.966522249336,10,
4615,688.368354517,429.817176,282728.736685,5.16842647386,10,
4616,688.425497859,448.301964,524237.087821,5.99363262768,10,
4617,688.43952461,453.676143,229663.794433,2.0322654314,10,
4618,688.500756679,96.4338,1540625.16067,2.7690260527,10,
4619,688.806816517,561.203328,172252.178825,0.185128099004,10,
4620,689.34890066,636.71316,671915.214513,2.97903373263,10,
4621,690.291956188,436.637946,399086.966651,4.17586058324,10,
4623,690.423725687,108.974406,2177874.69337,6.59296599717,10,
4625,691.327877659,663.79221,627986.045367,3.71896564804,10,
4626,691.342486527,509.550492,311236.885036,5.32405697773,10,
4627,691.350267158,461.601024,1391185.37369,0.0310260398708,10,
4629,692.305070216,535.577436,3791536.69044,1.7457090865,10,
4630,692.327116363,603.10368,2148943.40468,4.35635364382,10,
4631,692.331514982,432.121062,278051.383648,1.30742867573,10,
4632,692.558946717,405.50862,338025.165294,10.7236405636,10,
4637,694.483052466,166.296699,2599208.06886,4.45397614443,10,
4638,694.538445912,416.863548,632522.66602,5.94260297291,10,
4639,695.541711449,416.94381,248847.861817,7.2993765601,10,
4640,696.369473196,666.49416,6012101.73956,3.20080755307,10,
4681,710.514212553,165.833568,2076520.5653,9.42644739554,2.0,[M+Cl]-
4644,697.408871197,814.3581,1654667.0397,10.5683888053,10,
4646,697.935364866,741.0441,23431989.3037,0.88279664326,10,
4647,698.182605087,697.81356,162137.677488,2.39388814139,10,
4648,698.312548711,671.24466,1214298.96792,1.71789257209,10,
4651,699.315674996,671.56518,371339.315168,4.44807781081,10,
4652,699.361224387,666.49422,471667.209897,4.92053534212,10,
4653,699.933457985,741.11367,8377535.86329,4.15287925602,10,
4654,700.347788563,197.52207,18576508.4571,7.41113462443,1.0,[M-H]-
4655,700.79949484,724.81671,6035019.54057,4.71134111081,10,
4658,701.428272146,442.960947,406055.587247,1.89422163154,10,
4659,701.532863441,166.253013,604584.455263,2.52665950303,10,
4660,702.528334679,369.038016,882300.79396,5.01692975306,10,
4661,703.011768846,774.495,56673555.1013,5.24730012148,10,
4662,703.286802645,440.082945,2333413.74258,7.24641752132,10,
4663,703.343316341,561.366267,337318.646169,14.8033749876,10,
4664,703.513461277,774.35415,23412009.7856,0.376877624845,10,
4665,704.001044634,778.02708,6786426.81838,8.91043927519,10,
4666,704.366551216,621.96699,334311.523211,0.627730492989,10,
4667,705.327442613,535.786374,211284.964257,13.0327741133,10,
4668,705.519063475,433.281573,271551.949987,7.83877504564,10,
4888,788.070982843,780.62562,3484290.60789,7.40079221496,2.0,[M+Cl]-
4670,706.418567901,135.256536,1839909.04322,11.462728531,10,
4759,734.477404305,173.827806,28636734.4068,2.66405926674,1.0,[M-H]-
4672,706.483093046,159.254247,500420.830129,4.56540700165,10,
4673,707.410384622,535.577436,197314.274641,9.63643756475,10,
4675,708.337046465,428.439936,1361295.4704,6.0801594185,10,
4692,712.492992971,176.567316,21253049.7367,3.88237629694,10,
4682,710.750868551,1968.85056,1502333.25079,0.358373907262,10,
4683,710.750609021,2052.93447,2257205.71293,11.0846978348,10,
4684,711.336701316,510.977208,17263540.7362,0.608470968491,10,
4687,712.295697363,524.567982,780697.885544,5.19275319286,10,
4688,712.339995632,510.977208,6903205.86582,2.06808832943,10,
4689,712.331455521,424.958622,187315.777884,0.034132938599,10,
4690,712.400486331,558.031746,377901.576058,7.83143275323,10,
4691,712.404387714,456.465453,1401459.68094,12.9304166213,10,
4693,712.545539311,96.386892,1680795.30773,4.89016243495,10,
4694,712.844368629,791.07249,125772.134925,12.7880661425,10,
4696,713.34246084,511.208994,1580999.19879,4.58304253571,10,
4697,713.38415165,531.926994,221358.649641,13.927449909,10,
4698,713.474853653,706.17825,153409.907574,4.74182649907,10,
4700,713.909353565,738.36411,18125121.2161,3.85767213187,10,
4701,714.508225476,176.139594,9264124.48708,6.19551536212,10,
4703,715.325396786,463.65396,1807341.65412,1.51662331278,10,
4706,716.363220842,570.865893,213646.320981,3.14126781614,10,
4708,716.950595899,735.99459,7218041.24723,1.14626976349,10,
4709,717.358283297,506.373846,2004547.84435,3.78894084616,10,
4711,718.414774881,441.647328,1958749.75713,0.740373569783,10,
4712,719.417679062,441.329688,657363.446218,7.94751138406,10,
4713,719.535326169,399.333048,2681368.40001,4.08043029599,10,
4714,720.380026303,591.626091,605906.655176,1.78356764015,10,
4715,720.400046964,460.034961,425258.362592,7.90922334829,10,
4716,720.498932599,157.297824,3569765.6795,3.92239756263,10,
4719,721.502431902,157.894815,1542311.97239,4.76481399954,10,
4720,722.041883284,782.60064,2476920.81281,3.62331653118,10,
4721,722.446589182,468.795969,496382.391626,9.60770253091,10,
4722,723.517915241,162.980064,1996287.8508,0.081403777605,10,
4723,724.368669713,615.81606,3304737.56174,2.79272149924,10,
4724,724.530226632,163.023816,11553438.4713,6.03261302177,10,
4727,725.398073565,153.127548,557940.105849,6.00726974531,10,
4728,725.533671715,163.117698,5048413.70813,4.87323944365,10,
4729,726.068969045,98.794902,7402547.69204,4.38113558432,10,
4730,726.216669063,288.66081,605839.650903,2.14492817058,10,
4731,726.311316134,533.987304,462662.372167,2.19365249939,10,
4732,726.383623197,443.86971,4940433.10771,5.67497448931,10,
4733,726.416530666,588.60327,448390.965275,7.95207229579,10,
4734,726.50831599,174.513063,2918654.88823,2.27413386104,10,
4847,767.370242335,711.3582,4139620.41788,2.35438645058,1.0,[M-H]-
4738,727.400591629,563.417646,3079382.30559,0.684153650636,10,
4739,728.403777249,563.353125,1118297.92748,1.0304182653,10,
4741,729.37974096,624.96042,322294.399636,0.525246226906,10,
4742,729.406187824,563.417646,192314.615855,8.43347463977,10,
4961,826.856937001,734.6256,45601316.8684,11.7072131354,2.0,[M+Cl]-
4744,730.317815594,675.17877,708527.399307,3.98214533024,10,
4746,730.878414156,715.57422,8731420.78389,7.10649665361,10,
4748,731.320375111,675.0426,201047.914491,8.56258694776,10,
4749,731.420963722,616.31016,775700.739018,0.78097148265,10,
4751,732.0430367,85.385208,2379589.92733,8.7582015249,10,
4752,732.379772393,623.30847,186455.160608,5.63357302761,10,
4753,732.924394137,732.72798,6371256.37975,2.1174404477,1.0,[M-H]-
4755,733.014251013,781.029,27884080.9781,2.03820591816,10,
4756,733.927750335,731.95482,867845.671303,4.38051742692,10,
4758,734.294609783,555.845748,512886.536895,3.70888700106,10,
4760,734.514871693,155.585949,653078.806859,6.20309706021,10,
4761,734.923970092,732.41106,2628070.78284,5.704129696,10,
4765,736.46008679,42.7311255,448211.023628,13.4333769877,10,
4774,738.508664869,171.31269,60437708.5198,3.6461401838,10,
4768,737.226534928,855.38217,472673.833086,9.44550283716,10,
4772,738.341847955,681.80883,253828.958807,0.47384839843,10,
4773,738.424074901,545.744562,1275118.91094,2.91326331441,10,
4775,739.144456475,53.6378616,793930.618533,9.6995942625,10,
4777,739.572668842,95.429856,767367.387871,13.6552360145,10,
4778,740.524077341,170.998188,30903996.2894,3.68993753151,10,
4781,742.473283076,466.274703,183806.924637,0.420037756784,10,
4782,743.370140004,621.6783,280344.438819,6.69502023877,10,
4784,743.543121804,171.010635,3176544.69205,7.39263562088,10,
4785,744.013873003,774.75648,60494736.8694,2.5854540265,10,
4786,744.333380307,576.28815,1738360.59508,1.72152058527,10,
4789,745.003233729,778.10016,7146221.53544,9.94009671772,10,
4790,745.336225227,576.309264,582759.898904,10.9446236081,10,
4791,745.376204041,845.73066,1961395.82348,1.77606172272,10,
4792,745.504640487,778.10016,2646821.84157,14.2128256431,10,
4794,746.379374001,845.90001,720419.738606,2.35658241431,10,
4796,746.987249495,782.10798,43004951.0201,2.42905829019,10,
4797,746.987313126,751.00872,225178743.352,4.16384884813,1.0,[M-H]-
4798,747.185624225,856.3965,510251.137617,3.77547198872,10,
4799,747.420881735,53.5914402,229023.16222,5.43243427845,10,
4800,747.566496619,427.844316,137856.974798,10.9609578357,10,
4802,748.363869369,553.584441,294456.830149,11.9776424638,10,
4803,748.371261476,426.902067,370677.094257,9.61337373035,10,
4804,748.529719545,153.533493,1476018.7918,4.36854229397,10,
4807,749.532951557,153.372303,649959.448561,11.799132787,10,
4999,849.992010291,721.63749,2994676.74819,0.148783466451,1.0,[M-H]-
4810,752.414136491,545.683356,744275.945172,2.80298684446,10,
4811,752.561233555,160.749306,10950538.1139,6.55123311668,10,
4813,753.200194208,855.89142,676558.345963,6.59539247392,10,
4814,753.329036252,431.735934,762454.123339,4.22980014128,10,
4817,755.243731105,100.44003,4106049.26145,9.61707215147,2.0,[M+Cl]-
4818,755.279821844,100.107225,1859760.5436,5.78996933801,10,
4819,755.314691166,229.071108,5031217.06693,10.0492690889,10,
4820,756.040436244,775.59267,30676254.6951,14.7999923229,10,
4821,756.247164983,100.419717,1667258.17761,7.65121301151,10,
4822,756.369519694,573.784578,1129708.92301,1.0775198819,10,
4823,756.390677218,614.07828,857314.513459,1.72764704616,10,
4824,757.410842261,576.055014,373455.414147,7.31571483504,10,
4825,758.306424665,196.913955,1023946.2933,12.0623836646,10,
4826,758.478131098,163.991442,3540280.18074,6.00566836155,10,
4827,759.372883538,574.757262,890001.782646,6.39351665964,10,
4828,759.47987973,163.90293,1516685.36379,7.91309954701,10,
4829,759.864570625,727.05846,8975525.12562,3.12694744318,10,
4830,760.364034089,533.228244,1928494.07469,13.7504253108,10,
4831,760.477385091,196.444338,797344.951588,10.3168268398,10,
4832,760.49362958,162.150444,7412597.93394,5.65414320962,10,
4833,760.611668501,65.168118,53925402.9226,5.03751412113,10,
4834,761.497189895,162.472446,3401892.21374,7.16981168527,10,
4835,761.582104358,426.466932,406379.324715,7.42983940262,10,
4836,762.344019766,624.8748,590608.057044,3.69714113009,10,
4837,762.509049726,161.324184,10170088.815,4.64410389764,10,
4838,762.585086088,425.840436,132713.66728,4.61037565152,10,
4839,762.961006929,745.9746,133317848.895,1.35708503792,10,
4840,763.346432693,624.56673,198634.003845,5.20042981855,10,
4844,764.545413091,342.750789,1604238.09516,6.55705599151,10,
4845,764.959998946,745.45146,32965256.5911,3.38280453012,10,
4850,769.426322532,526.41201,3200644.56282,2.27142143521,10,
4851,769.639165047,53.5914402,111517.2766,10.2617231236,10,
4854,771.431559813,526.079793,292598.882358,13.9241632129,10,
4855,772.587572557,160.644186,1055973.93971,7.37720714048,10,
4856,774.365401852,608.42835,222135.913746,5.15244699879,10,
4857,774.967033791,778.34022,26713760.581,6.84616892911,10,
4858,775.165848658,176.342316,13052301.2592,3.12890513129,10,
4859,775.970246792,778.10016,5298933.01479,9.30549734751,10,
4861,776.561535924,151.717662,2049594.46019,6.98552060436,10,
4863,778.390324623,584.383083,1059957.97455,2.00024095864,10,
5022,876.912076044,741.78108,32375878.0744,2.96392479441,2.0,[M+Cl]-
4865,779.333712813,297.86952,7361362.10257,6.30756719278,10,
4866,780.242545957,103.25952,1751102.83499,14.7976350052,10,
4867,780.820988159,729.45246,7557857.09329,1.675323918,10,
5004,857.08230098,102.047424,5074049.75043,8.93408623454,1.0,[M-H]-
4870,782.462996352,195.451395,738308.554243,2.14239486753,10,
4871,783.42675125,575.963028,3550326.76493,0.935958360786,10,
4872,784.429896582,575.963028,1385546.61411,4.49581622332,10,
4873,784.478515442,192.545202,1505261.57352,4.44456635967,10,
4874,784.470230108,324.036255,14528335.8193,0.440192514147,10,
4875,784.513964711,326.966874,20993142.7439,1.82749931181,10,
4877,785.015107908,773.92062,52389194.554,0.295882943507,10,
4878,785.473522027,323.6499,6286680.18909,14.2299285698,10,
4924,810.530187223,319.796016,53608739.6365,3.30000700139,1.0,[M+H3CCOOH]-
4882,786.49321995,190.704444,2456863.15686,7.23364864004,10,
4883,786.529908049,328.446402,40282528.4101,2.94217025496,10,
4884,786.530500722,189.293949,1780869.74761,8.19736435226,10,
4887,787.496749191,189.566073,989376.144187,9.34790659372,10,
4889,788.50062817,316.967274,15587968.5644,9.79153212842,10,
4890,788.543848467,329.95746,15150199.3457,2.83905630772,10,
4891,789.61323634,422.910552,145678.285124,11.108714631,10,
4892,790.396516086,629.79459,373848.373017,3.02421527588,10,
4893,790.560292627,330.180252,8300539.14124,2.80264154766,10,
4951,821.003365226,772.3536,43359024.9394,3.96067070876,1.0,[M-H]-
4898,793.389793164,500.092608,2583851.32058,2.61201605125,10,
4899,793.638828916,54.2691096,823028.900068,5.61490606303,10,
5037,892.886146737,739.716,24366643.3116,2.68185926506,1.0,[M-H]-
4905,798.376040712,812.53764,1955872.4802,3.26046444417,10,
4906,798.952579382,738.36411,3911499.47655,2.82029490824,10,
4907,799.378918154,606.45468,1364564.18855,2.26534132856,10,
4908,800.38180172,606.45468,513706.677896,7.13408606649,10,
4909,800.546118778,329.412156,8751339.08573,8.89865455292,10,
4910,802.410904581,518.189052,919118.459014,9.37177763979,10,
4911,803.235801327,290.319882,73703392.4155,9.33959224441,1.0,[M-H]-
4912,804.223059431,53.5450188,191692.403832,6.65206996345,10,
4916,806.216912799,54.1785156,6679982.21481,11.6036248094,10,
4917,806.914348778,781.77738,4119372.99075,2.5179553175,10,
4918,807.113642052,176.027694,5623189.91534,13.9438041323,10,
4919,808.221384974,53.863893,1001985.63904,11.282451007,10,
4920,808.514868858,323.666904,41200899.1303,4.26071788592,10,
4921,809.3130684,511.450362,281984.055209,1.05547613486,10,
4922,809.384719861,478.82133,20721619.7889,1.24921968203,10,
4925,810.882944163,737.68044,47900199.8116,0.634003617177,2.0,[M+Cl]-
4929,812.391398311,716.13657,800496.869732,5.01981147495,10,
4984,836.545762794,316.924908,71625951.4732,3.54037790347,1.0,[M+H3CCOOH]-
5042,895.019108412,758.58336,129132535.548,3.75303118907,1.0,[M-H]-
4934,813.343599869,569.148894,1541187.82358,3.80380111198,10,
4937,814.346943201,568.687494,633838.72999,4.30747035866,10,
4938,814.5156134,312.904632,24582197.096,10.3000412725,10,
4939,814.560700187,323.313156,52056313.9484,9.56566325689,10,
4940,815.017606115,757.30992,28098507.2632,0.983350635359,10,
4942,815.564267936,323.347008,24322516.493,11.1294523895,10,
4943,816.179846116,69.217248,42636032.2959,7.68704762275,10,
4944,816.575328616,323.313156,21435799.241,4.77357466953,10,
4945,816.927023868,735.22467,1402017.36682,1.52098622762,10,
4946,817.386040881,593.432895,1222181.67834,4.1066427119,10,
4947,817.579558023,323.075952,9557989.39339,3.18873277329,10,
4948,817.644790269,420.253302,355850.413747,6.33135972145,10,
4949,818.647733047,420.253302,120333.681616,10.4118530668,10,
4950,820.658092013,53.993772,263992.035703,11.8804959194,10,
4952,821.181555941,544.209993,947616.921984,14.1618702262,10,
4953,822.673884083,53.909256,342566.10325,11.4545039484,10,
4954,824.427944935,680.05134,140302.700382,6.05835746515,10,
4955,825.162280998,80.074953,23098915.8274,5.79561302268,10,
4957,826.016983954,774.75648,43058872.8196,1.79879521083,10,
4959,826.426214274,423.56943,458075.091544,3.84636429075,10,
4963,827.178635038,69.217248,90524376.7684,1.21466110018,10,
4964,827.429353347,423.602817,197279.846235,6.13378474236,10,
4967,828.448880698,587.943888,1132658.25012,0.596321392545,10,
4969,828.990247043,782.10798,24758735.4557,1.81088128686,10,
4971,829.169959445,176.252442,4451164.26193,13.3425224698,10,
4972,829.44350699,606.86373,256899.000989,1.66687431762,10,
4973,829.451940274,588.179835,497405.279993,6.67337429261,10,
4974,829.443316531,626.25042,280192.902672,1.25593967878,10,
4975,830.309954099,475.203027,911401.36364,6.802444548,10,
4976,830.323478663,855.74154,848536.584353,3.70797256671,10,
4977,830.384040873,631.38285,139686.148756,13.6495116626,10,
4979,832.900614262,732.06015,1521741.87779,2.75700460252,10,
4980,833.417621175,688.12308,4206148.13825,6.13998246124,10,
4981,834.003825745,773.30985,28471611.1223,0.26274353649,10,
4985,837.071771801,101.690268,48504214.4162,3.14120087552,10,
4987,839.212232423,287.62974,55732265.8997,11.7818084859,1.0,[M-H]-
4988,839.564481169,313.223238,38151886.8575,3.60624706076,10,
4991,840.575832116,313.403526,47641649.9089,1.85048152322,10,
5073,940.807281466,729.41841,26008107.4965,12.4180533178,2.0,[M+Cl]-
4994,843.654535422,53.5914402,189602.028935,5.00660103861,10,
4996,846.391053576,547.914852,3143683.54573,1.21185866196,10,
4997,846.448610652,711.05706,119030.356789,6.37919076513,10,
4998,847.394463993,547.855512,1501454.87702,3.34121032204,10,
5001,855.398607899,688.08963,140558.258668,2.00092504158,10,
5002,855.459179655,639.2598,5383631.87066,2.59577439534,10,
5003,856.969503088,778.20444,18482435.6853,9.43151926515,10,
5005,857.464593829,639.20199,616549.43116,1.15664039656,10,
5008,858.797797262,725.71563,11657245.5101,1.18370575282,10,
5014,863.391563046,637.57416,578274.660076,2.57505708024,10,
5015,864.394240237,637.48359,244390.199556,2.6050227048,10,
5016,865.347592423,711.68262,1091341.99598,3.74087615553,10,
5017,866.349925131,711.48084,383462.146993,4.67877624767,10,
5018,867.018317184,776.3235,26261553.1664,3.90009747003,10,
5019,868.454127078,655.35477,278265.980623,2.84411118864,10,
5020,869.294134221,98.92779,5794526.29598,5.57650624725,10,
5021,870.074153669,780.40098,2150793.21333,4.40701868289,10,
5024,877.915343805,741.83172,7230431.60355,2.47044563591,10,
5113,976.775373373,729.3657,10492005.3457,1.11110236216,1.0,[M-H]-
5028,880.454457093,631.14354,2398255.12104,2.90702091522,10,
5029,880.55205459,680.85546,338978.48013,4.63034070071,10,
5031,885.250989839,100.462974,1316992.00265,2.79125237205,10,
5032,885.509611576,432.443808,2164374.28547,0.543696987863,10,
5034,887.51530081,432.121062,213597.738827,9.65844877969,10,
5035,892.060158453,102.76467,1814968.67405,13.4138032052,10,
5036,892.490909773,675.64902,2392772.21811,2.07787439632,10,
5039,893.888987207,739.62573,5328654.81228,0.486515578536,10,
5040,894.49609332,675.64902,282116.733318,3.94812671045,10,
5041,894.884988075,739.62591,11410731.7213,0.731034434561,10,
5043,896.414530352,711.96777,327774.275188,5.31369301875,10,
5044,896.48562783,693.09408,1475054.97077,3.20365975973,10,
5045,897.39323811,285.797193,673367.307002,14.3257668304,10,
5046,907.490585871,612.5409,510846.070475,3.62839238212,10,
5047,907.759674937,96.699642,1317507.20075,14.2091167111,10,
5049,910.3822091,671.92218,397088.316906,4.49598404277,10,
5071,938.973013871,778.20444,13801845.5951,4.8997868526,1.0,[M-H]-
5052,910.993234417,753.10224,59177640.2336,10.211346916,2.0,[M+Cl]-
5053,911.384744826,671.93262,174265.233349,2.30038746446,10,
5055,914.14208609,289.091133,3921590.75013,14.1665617083,10,
5056,918.979917213,781.62042,6316285.15504,5.54667818378,10,
5059,924.507322456,673.27764,401018.821567,7.32130722622,10,
5060,924.833960477,734.2038,16076658.3975,5.28199311989,10,
5061,925.476138687,701.59002,1050678.40111,0.94645324865,10,
5062,926.832692716,734.09862,10744648.4633,3.61637187514,10,
5063,927.454899211,597.053901,349992.868506,3.55181908642,10,
5064,927.547910772,401.319678,246396.429949,9.95138571641,10,
5065,928.530842709,178.543566,3297261.76099,14.0237998905,10,
5066,928.877984424,731.4792,1018915.54931,1.58962313641,10,
5067,929.533540612,178.65663,1501965.74045,14.2676620232,10,
5068,930.748559051,96.699642,808330.926004,13.5511054581,10,
5069,930.876516166,731.32077,431553.077383,0.694650967689,10,
5070,938.008539162,113.58504,306506.147194,9.24237345507,10,
5072,940.567269182,170.695698,1223010.26416,13.6481145531,10,
5075,942.941060498,745.3446,24719933.8497,0.551666587049,10,
5076,943.444867276,710.66544,157205.447406,5.10136803306,10,
5077,943.520408769,137.238297,403492.320064,4.62864833177,10,
5079,944.449291432,616.64514,390648.107694,11.6509124773,10,
5080,944.510042769,477.813846,383133.916858,10.27518386,10,
5081,944.653380239,53.909256,246176.847059,9.77668609882,10,
5083,945.451392945,615.97566,169060.309801,6.10669537894,10,
5084,949.532440607,401.648682,226333.584122,10.3539961154,10,
5085,950.498314264,441.733188,242948.625674,10.121347229,10,
5086,950.515015496,176.971062,4121020.81744,8.20474601879,10,
5087,951.517945996,177.510684,2067691.87472,9.68299579704,10,
5088,951.547475727,400.133613,291529.209245,2.31634800403,10,
5089,952.529109686,175.938696,5458040.10553,5.60669160112,2.0,[M+Cl]-
5093,955.578598293,397.035036,280276.001386,12.5816485527,10,
5094,956.436716379,712.03308,607952.024681,1.55900594997,10,
5096,957.004541422,101.044107,5900353.37067,10.4705810914,10,
5097,957.439364415,712.01958,257957.730947,13.127814389,10,
5099,957.593728792,395.373426,213328.850669,9.09096180252,10,
5103,961.475731523,699.95508,2226320.34548,3.37532336703,10,
5104,961.47873812,515.536794,368712.702897,11.1992243237,10,
5105,962.47872088,699.90822,1083727.61172,2.44150883861,10,
5106,963.481158615,700.27233,283553.420149,4.85378585864,10,
5107,967.079855382,100.752276,23915499.3352,4.73817992087,10,
5108,967.465013139,604.7565,493514.862124,9.24671838252,10,
5109,968.081298193,100.61898,14603990.181,11.1909057285,10,
5110,968.467107173,604.85265,229154.952221,4.79085464452,10,
5114,976.888736079,740.90541,4473112.47633,4.1013206612,10,
5116,979.397066767,711.25332,366112.259661,8.73458345838,10,
5117,983.581102708,173.626968,9123153.77575,13.1070814885,10,
5118,984.591328106,173.513808,9034041.36083,14.4327658256,10,
5119,985.595853881,173.199306,4169657.67127,13.4488858853,10,
5120,987.090743657,100.931283,7609122.35163,6.87807364064,10,
5121,988.090802138,101.065026,2418577.73226,13.582420348,10,
5122,989.510521439,517.696986,555399.762883,6.62966891897,10,
5123,990.862841881,738.94344,6133976.36146,2.66828298213,2.0,[M+Cl]-
