peakID,mz,rt,maxMeanIntensity,RSD,bestScore,bestAdduct
402,207.014188106,40.8862392,1472972.47907,4.99416765647,2.0,[M+Cl]-
2,102.054744542,42.4811301,1572636.91804,5.33681093304,10,
152,158.978077149,46.4573724,13416062.4648,9.27538743384,1.0,[M-H]-
4,103.038786833,54.1685058,14416022.2015,2.13076047589,10,
5,104.034115033,48.2387934,5636096.57753,11.2456552415,10,
7,108.900878437,46.4573724,7833470.94156,1.0685608001,10,
8,110.924912607,44.4561252,1148033.8445,4.40466003344,10,
9,111.018697143,78.829902,22043909.5636,1.40353561994,10,
10,111.925731027,44.4561252,123320.592106,14.8899795967,10,
11,112.894896844,46.128495,730163.468533,2.86425893249,10,
12,112.922043384,44.4561252,957174.967245,7.5510887691,10,
13,112.935972516,40.2062508,418077.004773,6.22800905963,1.0,[M-H]-
948,257.066377312,51.3026244,14435490.4503,4.37182217632,1.0,[M-H]-
15,112.984406523,64.72359,49231337.8615,1.6023741446,1.0,[M-H]-
16,114.054879129,56.104509,34549632.2711,2.01616857656,1.0,[M-H]-
17,114.91927392,44.4561252,268981.713218,12.0821666362,10,
18,116.070515079,60.26901,422448871.606,1.12023352631,1.0,[M-H]-
161,160.895975104,165.887385,497927.033792,4.89736727592,1.0,[M-H]-
20,117.018128771,42.031899,1175308.39501,6.00049875261,10,
837,249.091632341,82.807758,28479435.0826,2.13005279237,2.0,[M+Cl]-
23,118.049810292,51.6267798,23141045.2722,10.9760360693,10,
24,118.929737513,47.761002,6340552.98334,5.17148739629,10,
25,118.940791441,38.472489,345711.657301,8.77551472471,10,
26,118.974291346,44.8807245,138394.795861,14.112882876,10,
246,180.065890039,85.925796,3156858842.7,0.90032548446,1.0,[M-H]-
28,120.926700433,47.7744018,2058093.24606,6.77060997964,10,
29,120.953864208,45.437334,746494.316651,7.89085334318,10,
30,122.023560028,80.901138,35031418.1961,1.8960548401,10,
31,122.951029116,45.445125,278316.698339,12.059017775,10,
32,124.940743861,44.3911653,41198.8599339,9.98239745375,10,
33,124.990271131,61.887894,2215839.22402,1.72081954975,10,
34,125.912172068,44.4561252,156323.498076,14.5238885163,10,
200,169.990942806,136.632288,1416877.1088,4.07510706411,1.0,[M-H]-
36,127.000253807,50.1742446,344569879.982,10.3179203531,10,
37,127.909346945,44.7181218,79310.7566964,9.62073092619,10,
39,128.891220116,43.8069972,48225145.2652,8.03384396707,10,
40,128.940706941,40.2062508,236345.346697,2.11799687358,10,
41,128.958573468,49.0615272,17564030.1994,10.6736774281,10,
42,129.003458815,46.4207607,452256.753809,5.56705767059,10,
43,129.892009766,43.8069972,6299022.59605,8.01970241421,10,
44,129.974792995,49.6615818,6520223.87788,2.6180559443,10,
45,130.049884925,71.185848,18486040.1422,1.38047826108,10,
380,203.082168635,316.255914,1357490689.03,12.3946941967,1.0,[M-H]-
47,130.086150571,91.002408,3700154613.58,11.1130969502,1.0,[M-H]-
48,130.888327398,43.8069972,57208273.9672,7.69107070627,10,
435,210.991408592,40.2062508,1424642.41278,3.88166624694,1.0,[M-H]-
51,131.045261773,49.5368688,11659330.9402,10.3751898261,10,
222,173.103791497,51.9044556,328867572.799,2.67963169317,1.0,[M-H]-
55,132.011372197,68.539284,8385623.53329,1.3616007369,10,
56,132.029194471,42.5141082,18695533.0706,3.75540109553,10,
389,205.034657186,41.2186128,139668.704098,13.5725530099,1.0,[M-H]-
466,215.139775688,86.58828,273880019.776,1.83561441608,1.0,[M-H]-
64,134.027055673,59.9492472,1285245.12117,5.31394891893,10,
66,134.893438317,969.41658,30641325.2963,14.744564007,10,
67,134.893540987,936.35508,10325309.8413,11.0827332431,10,
68,134.893442439,997.23594,39257563.7355,7.98440691806,10,
69,134.914868688,38.472489,514430.305725,4.56045823296,10,
70,134.969643807,45.1087062,2035066.77705,3.86608951954,10,
1084,267.073941603,157.27314,1620970283.73,2.56734995212,1.0,[M-H]-
465,215.038196469,689.10534,69470012.4684,5.31132993553,2.0,[M+Cl]-
74,135.88311311,43.8069972,208590.144368,9.35351095457,10,
75,135.920018706,49.1393835,185108.877959,6.53213317853,10,
76,135.970457795,44.9827596,203399.059403,11.7582983737,10,
78,136.879908632,43.8069972,241136.63496,12.3238431201,10,
79,136.931602096,46.1026938,514430.835399,8.06601449796,10,
80,136.939044031,42.5141082,3331981.11926,10.2324379836,10,
81,136.966826063,45.1087062,874119.964613,6.29414463981,10,
82,137.023350136,257.839122,40387795.1402,9.07430923576,10,
250,181.049979651,301.246164,13732321.1233,4.17027117809,1.0,[M-H]-
85,138.920164867,44.4561252,11502111.1034,4.0100347102,10,
87,139.983589514,54.2478138,954499.190824,6.9131752659,10,
88,140.917334456,44.4561252,9026537.23702,3.49953924265,10,
1363,284.776208706,45.445125,3445122.31777,2.7185524227,1.0,[M-H]-
91,142.011386303,48.7008198,3320545.54666,2.53924930432,10,
93,142.914543796,44.4561252,2074216.20566,4.09206193163,10,
95,143.990538511,50.2992018,6040956.71795,6.83597265296,10,
96,144.868941001,43.8069972,10680193.2847,6.3009047298,10,
97,144.911970476,44.782206,135068.674018,10.15144689,10,
98,145.060989314,50.9510658,96090295.6729,7.44729345365,10,
99,145.097497263,47.761002,89345454.8787,4.70689162889,10,
100,145.948781854,49.933806,501932.48087,9.49515865042,10,
101,146.045001758,42.8376138,136178962.107,3.51060237544,10,
489,218.103111108,98.016402,698449852.214,3.31846696889,1.0,[M-H]-
104,146.865935843,43.8069972,10691049.2144,7.17883308471,10,
105,146.960508531,47.0863236,849702.812188,10.9676748268,10,
106,146.982262219,48.4055028,8091185.20022,2.4107394783,10,
176,164.070812973,186.478452,2904817276.36,5.2660503698,1.0,[M-H]-
110,148.042820283,76.69602,261181248.4,1.66245237029,1.0,[M-H]-
112,148.863018041,43.8069972,3404202.28589,6.58440036385,10,
113,148.949103416,45.445125,8379334.13988,5.30743655652,10,
114,148.979349177,48.7008198,2666879.21012,5.00674776768,10,
115,150.055065969,261.983256,304364031.014,7.36593222705,1.0,[M-H]-
116,150.859814648,43.8069972,328732.725982,6.27287652912,10,
117,150.886029148,45.445125,4343133.2537,2.44730854431,10,
118,150.946498386,45.437334,4124949.38039,4.29269346489,10,
1339,283.068856242,114.40785,759016952.361,4.14376625307,1.0,[M-H]-
122,151.926311018,42.3830082,787555.368016,9.37404903086,10,
123,152.001371883,42.5173224,119461.600159,6.04533031623,10,
1714,306.763490676,44.4561252,510121.248975,4.65035008179,1.0,[M-H]-
125,152.935934389,44.1308688,22212436.0396,4.87970701972,10,
126,152.977273584,64.72359,147482.635544,11.4265046173,10,
129,154.061389534,54.4879998,346980761.754,2.22091414833,1.0,[M-H]-
130,154.061206254,84.938358,17407351.1829,6.00556388218,10,
133,154.972852859,64.562769,106813.542123,7.82417677318,10,
135,155.058469198,54.706968,3610122.42017,3.68849584786,10,
137,155.14327399,601.41312,5916492.10649,7.03789936295,10,
138,155.906269563,43.2027612,1461137.60812,11.3933522345,10,
139,155.968003968,39.8459598,43574.8611747,13.7856993139,10,
140,156.027098983,49.980327,18529509.3502,6.99167245663,10,
142,156.930302651,44.1308688,4199426.10778,4.53930596427,10,
144,156.998768275,47.437125,1240112.78552,8.26837283408,10,
145,157.011116754,49.6615818,39744744.1259,2.93979876486,10,
2127,333.167150139,89.660724,11366586.1578,0.716461199107,1.0,[M-H]-
147,157.133669779,108.901506,6615727.93947,5.30197847605,10,
148,158.059069983,62.924616,373457.950285,9.56583141213,10,
1087,267.110472212,68.600472,7904152.92505,2.80952165635,2.0,[M+Cl]-
150,158.846026752,42.8376138,4939769.74082,10.7470585014,10,
151,158.92771603,44.1308688,297739.693492,2.8264581485,10,
153,159.014346178,44.00037,11282474.3653,6.04327007307,10,
154,159.065361382,249.448989,6575637.24972,9.47662291546,10,
156,159.90490592,44.1308688,246069.753709,12.9423363294,10,
637,232.046237388,41.2186128,64668.7856945,12.8353726584,1.0,[M-H]-
1467,291.083957208,77.052258,1653493.08497,6.94094155484,2.0,[M+Cl]-
2667,372.072621894,41.8688562,3430286.42916,8.4968538602,2.0,[M+Cl]-
160,160.841459847,42.8376138,84566647.648,11.0329284944,10,
162,160.914853217,46.785498,1908816.68795,5.79677152111,10,
163,161.00822098,40.8770658,272362.337425,10.1900244483,10,
164,161.980927405,45.1131288,345813.25695,12.2961934745,10,
165,161.993425631,47.4124404,3478986.67538,3.51619592844,10,
166,162.041259164,148.231194,13264699.4758,2.04585154668,10,
167,162.838421734,42.8376138,80326692.5224,10.8657108633,10,
168,162.91192608,46.785498,1283816.23299,7.25618287539,10,
169,162.964868996,44.7835008,21099777.9442,3.10323483199,10,
170,162.995040603,54.3271218,277444.824991,9.8158010587,10,
177,164.90913768,46.7606958,171940.626785,7.66947326696,10,
178,165.018505057,41.2134438,2845648.46733,1.52781731927,10,
180,165.939410611,44.7835008,205432.872266,13.0437700627,2.0,[M+Cl]-
182,166.086537869,627.73254,11263657.3495,3.54822975068,10,
183,166.860161648,45.777633,923918.728956,2.11820248371,10,
184,166.923926059,46.128495,1156405.21507,12.7015412044,10,
185,166.959500403,44.7835008,923093.574751,3.81758918968,10,
187,167.070587317,498.930726,9580056.59803,4.70850763475,10,
188,167.081897239,69.30651,17852991.998,2.42421592593,10,
189,167.93675271,44.7835008,80285.370154,13.8767244556,10,
190,167.94709276,44.7835008,636406.29742,6.21712376598,10,
191,167.996611126,42.5141082,496777.465394,3.82174629356,10,
192,168.027385053,44.7835008,8113210.56009,3.12623634191,10,
193,168.835606331,42.8376138,9877537.51311,3.79642927905,10,
194,168.857217928,45.7696908,973681.26602,2.03105410475,10,
332,196.922656557,39.864495,21278296.5477,3.64537635929,1.0,[M-H]-
196,168.91362453,44.1308688,8143279.37143,3.3734757071,10,
198,169.04333313,168.542022,878490.393355,8.01909498298,10,
199,169.944251711,44.7835008,467220.354163,5.19991936542,10,
201,170.027364183,584.185914,10226137.7169,5.42902095457,10,
202,170.023130176,174.055434,4014911.81619,2.99348507735,10,
204,170.154297876,883.73862,1990715.63545,0.536839553458,10,
205,170.854309888,45.7696908,299259.600247,9.150185378,10,
206,170.910705107,44.1308688,5300874.58442,3.43276087218,10,
207,170.943864643,47.437125,5525760.75115,9.77439243018,10,
2123,333.060207928,42.1912398,110853921.197,3.45175984279,1.0,[M-H]-
211,172.020150441,174.20412,1310258.32759,4.37286239735,10,
1891,318.149939689,222.260076,5024184.99606,13.6786085557,2.0,[M+Cl]-
214,172.141668244,1607.35776,456030.995097,5.03341174444,10,
215,172.141724348,1580.724,613069.128125,11.0680180609,10,
216,172.141707161,1114.57644,590374.407617,7.66421488362,10,
217,172.141664704,1326.7179,386500.358133,5.15480369664,10,
218,172.880101446,42.8376138,1954927.79138,1.70571185965,10,
219,172.907723175,44.1308688,880963.951979,3.70236850821,10,
220,172.940965596,47.437125,1793842.64624,10.2718290421,10,
221,172.990639357,248.993454,16515350.0003,8.55481096394,10,
691,237.080441205,578.349954,9400328.79997,1.03829949227,2.0,[M+Cl]-
224,174.001417464,49.980327,3427410.66783,3.57090639211,10,
228,174.983307752,49.9961595,116833.435709,12.2176472058,10,
230,175.936283452,39.864495,474655.594747,3.4006417275,10,
231,175.995154632,1737.75456,418081.728088,12.3906027295,10,
232,176.009088884,49.0496292,3601560.3923,3.93909509889,10,
234,176.0755721,46.785498,65035.7884331,13.8788780884,10,
776,244.166992811,56.2119063,16577269.2007,3.69324642716,1.0,[M-H]-
236,176.888970451,47.0863236,298727.066154,14.126699964,10,
237,176.98058115,43.4833728,27853458.7598,4.01822388818,10,
347,198.99101041,40.5476358,286319.213551,4.1196094513,2.0,[M-H+NaCl]-
2000,327.067696312,47.0863236,1574443.23241,5.74665993308,1.0,[M-H]-
240,178.012115188,43.4833728,304038.659884,12.4117753104,10,
241,178.036360848,118.550826,2891942.86612,2.40821832699,10,
2136,334.126781021,53.6176107,3535077.642,3.55911196337,2.0,[M+Cl]-
244,179.05874339,133.43184,1421826.72566,8.08266653747,10,
245,180.009429179,43.4833728,97358.5506666,13.7129618991,10,
988,260.023842044,757.3032,71831348.2438,7.81417947199,2.0,[M+Cl]-
249,181.00705251,574.860267,3251302.60279,5.8072798965,10,
252,181.074645919,44.7835008,163028.477385,14.9007335537,10,
254,181.10895358,69.44625,12952157.0726,5.26352632113,10,
257,182.834403617,46.128495,177770.874935,9.07619135156,10,
258,182.935671359,45.1131288,271935.626225,14.9794641591,10,
261,183.0463519,55.7686218,181475.169807,12.777429426,10,
262,183.065803343,67.957212,5199482.78217,0.593712748712,10,
263,183.073048007,86.196858,1582172.77421,5.53171498876,10,
439,211.133616724,839.87082,9230849.66807,12.32212335,1.0,[M-H]-
265,183.833779581,36.6275826,146064.693459,9.97674926051,10,
266,183.876196355,38.8227402,241616.092225,10.5054501054,10,
267,183.924672941,45.0653889,87845.5841257,12.25925289,10,
268,183.960106066,45.445125,205349.075288,10.2489116374,2.0,[M+Cl]-
270,184.831549351,46.128495,192220.722012,14.0173717775,10,
271,184.959658807,47.7744018,7672771.69512,5.93789744795,10,
963,258.047761261,54.8075058,5601016.05218,4.94349624743,1.0,[M-H]-
275,186.037981424,50.2992018,19634039.9129,1.00358287654,10,
277,186.113005003,369.40506,67628663.4731,5.52558505196,1.0,[M-H]-
279,186.917915751,48.0582006,1041406.63071,13.8006539044,10,
280,186.929351307,45.5780205,445630.973642,6.93671503167,10,
281,186.956760287,47.691885,2489427.73657,2.13439672221,10,
282,186.981775902,43.3234674,172209.694806,9.9042663521,10,
1391,286.177567492,114.487392,86685473.037,7.06843669201,1.0,[M-H]-
285,187.108354404,60.874086,62786532.9974,3.12042585005,10,
287,187.978277228,43.4833728,892876.004721,6.92959179675,10,
288,188.045317938,92.744292,7390810.60546,3.54975302497,10,
1966,324.130485568,54.3817758,7419935.98355,2.45550078686,1.0,[M-H]-
290,188.915180192,47.7481608,337101.994122,14.7461667591,10,
291,188.971638829,46.4573724,26535084.7391,5.54723963844,10,
292,189.033390733,92.552418,1261292.52621,3.32778570615,10,
296,190.053805627,142.70868,17731898.0182,6.35889266691,10,
297,190.060664833,54.4075608,200946.366681,8.50494048145,10,
968,258.146467044,71.506962,44888038.4993,3.31467030075,1.0,[M-H]-
299,190.076412385,55.0865766,814327.658251,4.65806473818,10,
300,190.844765881,44.1308688,299949.612046,11.7467909265,10,
301,190.88247235,42.8376138,4075834.76978,2.88220051143,10,
1319,281.989054422,77.016528,2577920.6372,2.57241664937,1.0,[M-H]-
303,190.976375461,43.8069972,491096.984158,5.50224954196,10,
2378,350.156874884,54.1685058,9525730.82585,2.28082808442,1.0,[M+H3CCOOH]-
312,192.087386212,63.495258,5175317.36631,2.58772449008,10,
314,193.022585414,78.77901,55600.5531531,5.27265383504,10,
315,193.074518682,150.55083,1868108.06756,3.99083939293,10,
894,253.093401317,66.025842,106182514.538,2.49722083488,1.0,[M+H3CCOOH]-
318,193.961356389,1722.7065,667040.827519,14.9234027117,10,
2587,366.028578911,47.7353196,342861.157146,9.6393798247,2.0,[M+Cl]-
320,194.103062484,59.262693,5381974.18028,13.0822706158,10,
322,194.988368259,64.72359,11578570.6401,1.04268936175,10,
323,194.988487852,49.3416966,33500606.0844,2.28090190431,10,
868,251.096163016,775.50309,305913796.75,3.76718245922,1.0,[M-H]-
325,195.069226235,757.65528,4608271.65959,12.4595479439,10,
326,195.124673176,80.549412,131274.189289,9.34507800547,10,
1498,293.106930204,813.6906,22471597.6267,3.62164209942,1.0,[M-H]-
328,195.810407617,936.35508,52466201.2671,13.1309438954,10,
329,196.022344199,52.5753738,839037.10663,7.77858702356,10,
330,196.024749383,439.549695,12065781.045,6.33030469985,10,
331,196.879527287,44.821518,196270.333766,6.56668196218,10,
333,196.975379142,39.4950852,4606605.31226,3.56590762367,10,
1292,280.104475471,56.10378,14079779.1092,5.14224671826,2.0,[M+Cl]-
737,241.144691462,720.19236,128596314.125,2.51972130835,1.0,[M-H]-
1534,296.024920796,44.7835008,546513.363196,9.01414405575,1.0,[M-H]-
1246,278.062915508,56.3835798,1647561.8854,7.75334659747,1.0,[M-H]-
339,198.018392815,147.757518,789692.126732,2.21078080643,10,
340,198.074518582,59.9444088,119648080.591,3.1279834575,10,
342,198.089609226,59.625657,4115081.13849,3.43134014369,10,
344,198.876794808,44.7835008,228717.481427,11.8770839972,10,
345,198.918125114,39.864495,402133.68537,5.97712721853,10,
762,243.171462498,312.994404,150852623.134,8.06961428377,1.0,[M-H]-
351,199.955321151,44.7835008,305269.530984,7.38135289523,10,
352,200.005066294,43.989729,269347.445106,12.9244392105,10,
353,199.999589899,68.340624,594892.519655,14.0423443938,10,
354,200.032822887,59.9008338,8149598.25859,4.85518505435,10,
355,200.056120675,482.941866,7454366.67519,8.91527263193,10,
356,200.053816783,51.3026244,14647223.6367,9.92245386781,10,
2041,329.183650158,103.731918,19575430.664,13.1595918977,2.0,[2M-H]-
360,200.128871114,536.411898,9634959.37609,7.68463137905,10,
361,200.911549701,43.1604822,219977.117776,5.91587982807,10,
362,201.017138088,53.1136605,473788.863276,6.15077161769,10,
364,201.057016501,51.6210078,920407.823356,5.13629508843,10,
365,201.087654214,62.733288,14831350.0135,2.36151428253,10,
366,201.135335,64.4022,14162089.5359,3.58625431032,10,
367,201.149216029,832.4895,37993190.6632,12.4774750986,10,
368,201.952490998,44.554434,50921.6495134,12.3509562324,10,
369,202.045000124,186.266376,3135337.08032,5.84960119509,1.0,[M-H]-
371,202.108024502,117.093912,5920175.70866,12.629321781,10,
372,202.828364872,44.1308688,572571.565397,4.6138007697,10,
373,202.930915003,48.4193862,461748.001421,5.69325838215,10,
374,202.995554337,112.13223,1670468.09083,4.39911424586,10,
375,202.987407177,44.1308688,48840585.8436,11.1255327527,10,
377,203.032600437,165.180804,2250172.18502,4.29413279736,10,
378,203.056915068,47.1127488,8904760.377,1.84102774874,10,
379,203.072906039,54.4879998,922532.742153,6.08344384627,10,
381,203.082198931,345.113904,199993745.227,8.98980547296,10,
382,203.103392737,61.24614,46755287.7797,1.60343028404,10,
383,203.123165077,46.3835001,31406.2176569,7.89672050581,10,
1611,300.965061967,1644.53268,1002671.32924,5.02330056771,2.0,[M+Cl]-
385,203.991722489,43.4833728,25243399.8426,5.98098233488,10,
386,204.023898514,48.7008198,347933.082377,10.1499252429,10,
390,205.053924038,790.13688,27006955.8683,8.84441123112,10,
391,205.064850278,82.606386,34960637.2642,0.602882450089,10,
392,205.053991135,46.9622358,2789254.5056,0.501811844034,10,
393,205.839475133,42.8376138,121446.805601,12.5227071249,10,
2980,399.021422801,42.5141082,146367.273688,8.10972741964,2.0,[M+Cl]-
395,205.988987902,43.4833728,10866252.96,6.01337527856,10,
397,206.057437491,47.0601744,88420.1688044,14.2550977146,10,
398,206.08535605,728.0646,14419365.5672,5.37433999983,10,
399,206.822535028,44.00037,361489.518029,5.43922270263,10,
400,206.860141802,42.8376138,1968729.01107,2.44678944013,10,
401,206.908541896,45.437334,615676.409962,6.39496784926,10,
403,207.015133784,530.779992,2400428.06545,4.73224027878,10,
404,207.069335814,784.16964,2681374717.93,4.67648052882,1.0,[M-H]-
405,207.069458269,872.88063,8249569.33297,6.6247295838,10,
406,207.06936399,728.31093,17759333.8629,12.4013167086,10,
407,207.069398462,827.65674,46063768.5375,5.89456266719,10,
408,207.069623395,855.57762,1159661.02486,3.9758883941,10,
409,207.950724154,43.1604822,304716.058769,4.12202496296,10,
410,207.999090308,76.745244,1726575.33228,3.61697239917,10,
412,208.101005114,844.05078,606556262.3,4.35089893074,1.0,[M-H]-
413,208.118845227,59.9008338,32127450.2845,3.99227280291,10,
414,208.819193151,43.6757406,49818.9465417,6.85053581829,10,
415,208.845466846,45.437334,1941098.8688,0.990860407323,10,
416,208.857198313,42.8376138,1321304.28065,6.93457509111,10,
417,208.953631344,46.4085474,200651.526456,5.41986822484,10,
418,208.975883417,39.803991,90411.9661336,5.72359383266,10,
419,209.004276247,50.617695,46906552.639,4.81032538659,10,
420,209.029945923,41.2186128,630236.764603,2.70829530617,10,
422,209.085029129,883.58028,2423857704.66,1.605419239,1.0,[M-H]-
423,209.08499952,848.01888,130584263.092,7.71821033471,10,
424,209.085059035,826.01241,22268591.8094,3.09783107977,10,
902,253.144791341,830.50458,20139576.1669,3.1281575065,1.0,[M-H]-
431,210.842539357,45.437334,2551147.6644,3.26558375539,10,
432,210.854105833,42.8376138,250868.647835,13.3322614316,10,
433,210.895365798,44.3257596,590652.211799,4.98379990512,10,
434,210.900173416,38.8227402,3935732.55945,8.12499089433,10,
436,211.06439856,556.05675,4099296.65094,6.14758098549,10,
437,211.097383251,629.13504,9679871.09306,1.16696217586,10,
440,211.133257659,888.46242,2769773.74546,2.30447696818,10,
441,211.900353257,38.4934992,45480.0888457,5.09325589551,10,
443,211.978811433,49.9961595,451683.274555,11.0897359035,10,
445,212.032949081,56.4245163,1983969.33014,4.0949298385,10,
447,212.970228627,40.7123508,299410.254713,5.77448060958,10,
448,213.007365661,40.8862392,259079.42523,4.08088595369,10,
449,213.033775133,574.882764,3003566.01461,7.46936202169,10,
451,213.076712308,137.894424,8716234.97004,2.32600420358,10,
452,213.076688127,173.954064,5553501.09646,1.52093466873,10,
453,213.085859546,47.761002,22180451.7178,3.18887325066,10,
454,213.124139898,186.186558,43804115.6044,6.42630062111,10,
3119,412.005705142,44.9827596,227408.768009,1.66358207283,2.0,[M+Cl]-
456,213.986550604,48.0081222,206960.537496,3.00302879808,10,
1672,304.065526589,68.92146,2113061.03095,4.0120006696,1.0,[M-H]-
458,214.144649155,671.55456,11137446.7179,3.07013364011,10,
459,214.836819576,45.1131288,228770.620249,7.57895319666,10,
460,214.854663671,45.1087062,177385.723018,8.48783242643,10,
461,214.927216511,42.5141082,1660503.30851,3.57770054835,10,
462,214.970605149,48.4055028,324615.611569,8.30568640163,10,
463,215.001882474,419.746686,1969914.15508,7.44320254087,10,
464,215.032774572,52.5753738,16469388.7945,10.569087109,10,
469,216.033450841,120.717282,23922550.5114,3.66942896913,2.0,[M+Cl]-
470,216.036690948,47.1127488,5805643.43231,2.05650114722,10,
473,216.099071667,52.5395796,4173988.4989,5.7239246531,10,
474,216.859179289,43.4833728,314106.427987,8.62743841841,10,
475,216.909200714,39.8459598,21694196.0356,4.06803609093,10,
477,217.01689703,512.45538,24215809.662,8.73775718482,10,
478,217.016666987,530.023251,4569884.02612,3.391365066,10,
1726,307.103299505,52.8561888,57421270.6864,4.24155736422,1.0,[M-H]-
480,217.03634141,120.717282,1835621.21536,3.86705183446,10,
481,217.11934723,57.9848328,49646094.2418,1.69265414468,10,
482,217.119167185,71.828226,69982304.5138,2.26022772577,10,
483,217.897337123,42.0601332,469669.209248,12.7143975064,10,
485,217.976310569,339.562122,18960056.4251,7.88543719352,2.0,[M+Cl]-
488,218.040071303,86.069886,5080699.4576,1.1139456668,10,
490,218.139559015,69.181164,343390.948749,2.52093428845,10,
491,218.802360954,43.8069972,82712.7175213,12.3305055855,10,
492,218.874423042,46.4573724,1924191.42055,4.03771435993,10,
495,218.982398502,47.7353196,709712.634249,13.2112474952,10,
496,218.994526867,49.2172398,1779985.75742,5.67488134561,10,
497,219.013200933,512.23326,912815.939702,7.09121748283,10,
498,219.069409174,808.09536,215889378.939,7.84318301017,10,
499,219.080645439,81.779352,25848503.7157,4.21921052915,10,
503,220.082774139,56.3835798,9080873.27323,5.13740428324,10,
504,220.072917752,824.82573,6553046.77125,6.63538744477,10,
505,220.101192647,873.24252,7767169.76219,5.40021192906,10,
506,220.101275311,855.65352,3058713.73662,0.750641735083,10,
507,220.119269242,55.0865766,2965013.52504,9.57815934209,10,
508,220.147151851,946.87308,17600976.0309,5.38340741504,10,
509,220.871532964,46.4573724,1900996.11627,4.38675816627,10,
510,220.891522979,38.8227402,222155.796431,10.6705800415,10,
1844,315.985454857,43.1604822,2682858.98638,7.11000625283,1.0,[M-H]-
512,221.029970133,41.2134438,65663.0658727,11.049484915,10,
513,221.048775888,606.17478,11425711.6436,4.29940348316,10,
2054,330.078959724,889.33428,3645155.49889,9.2979729652,2.0,[M+Cl]-
515,221.092976295,247.220226,17895861.0311,13.0733376526,10,
516,221.092950125,212.029944,58394806.1228,2.74018963434,10,
517,221.085141038,854.95575,437084223.657,8.30514785439,10,
518,221.085228405,908.00274,274550943.106,1.34539814418,10,
519,221.106069392,463.456146,2902491.71879,4.46340823879,10,
520,221.110586141,98.300034,547635.284681,12.6549320905,10,
1505,293.176314702,946.93104,279769218.914,6.17625749194,1.0,[M-H]-
523,221.975435512,43.7616273,479442.500159,6.00391022771,10,
524,221.99870477,1675.9665,5840870.9104,13.1241086734,10,
525,221.998795193,1727.79732,542263.27085,11.3173835004,10,
529,222.088497564,854.994,41613587.4254,9.35737783365,10,
2958,397.14533394,60.874086,16132511.3287,4.28048933151,1.0,[M+H3CCOOH]-
531,222.815075736,43.4833728,219275.929392,10.3548179977,10,
532,222.868562584,46.4573724,614664.134318,4.23786690303,10,
533,222.89379855,44.4955158,232774.869857,10.6915902896,10,
534,222.921585975,45.1131288,1063342.46816,2.46899646189,10,
536,223.064612074,700.1379,13893602.0323,2.20384236232,10,
537,223.081643662,908.00274,9819046.00383,6.06848231349,10,
538,223.08202415,893.63535,5174354.27062,2.90107942904,10,
539,223.093613928,369.701652,577338.299993,9.66683580193,10,
540,223.100752744,929.00682,64942688764.3,2.68109329141,1.0,[M-H]-
541,223.120009496,916.64106,6548929.63864,10.426117176,10,
543,223.962526156,43.1604822,166488.786437,12.9693183941,10,
544,223.973341296,76.73226,398027.943647,7.5979773781,10,
547,224.104204054,963.29448,147242799.122,1.95143607008,10,
548,224.129044559,661.78908,3068138.15309,2.63025512047,10,
549,224.141949113,885.7824,1955526.27476,3.31547119595,10,
550,224.165534747,740.47098,102968732.448,11.841794909,10,
551,224.165479809,700.0878,335373885.32,2.11515928848,1.0,[M-H]-
552,224.819665406,45.445125,1030861.95162,4.96493161575,10,
554,224.978581302,50.617695,10498598.1589,3.58732016738,10,
555,224.992744794,1676.08554,8734227.94459,5.56631158845,10,
556,224.992873831,1738.61118,565360.00378,13.0429863783,10,
557,225.043471601,111.806478,16850728.8418,2.53690209254,10,
1888,318.084924214,44.4222027,140062.948132,13.6958212119,2.0,[M+Cl]-
560,225.076774574,479.033988,11281881.1517,5.267469605,10,
3780,473.087184287,50.9510658,2452125.89726,4.60463223582,2.0,[M+Cl]-
562,225.080149554,713.69082,8624261.81899,5.50912621071,1.0,[M-H]-
564,225.099381877,52.8931302,726207472.485,3.66475918881,10,
567,225.907530992,44.4561252,745064.697812,5.25686489628,10,
569,226.048770951,71.506962,26299202.5464,2.49641042609,10,
570,226.075130342,91.55559,30041123.0966,10.2352862302,10,
572,226.816777728,45.7696908,1406271.00343,6.53599764915,10,
573,226.873358642,44.4561252,386781.080688,4.07595004421,10,
574,226.904038031,44.782206,2924388.78747,2.23802616405,10,
575,226.919253891,43.8069972,268796.3575,11.075469675,10,
577,227.014947375,677.53224,4295248.66295,9.02645383067,10,
579,227.067279577,138.095133,7663623.63383,4.77087783381,1.0,[M-H]-
580,227.103677103,128.36256,16780995.8519,6.98621222977,1.0,[M-H]-
581,227.101223458,50.9510658,23863858.9256,5.53055243829,10,
1893,318.167642089,142.70868,27552223.5311,4.10716193549,1.0,[M-H]-
583,227.201636115,1250.31846,142801391.032,2.67508487316,10,
585,227.945293838,45.1131288,104365.862373,6.84362291918,10,
586,227.984006292,44.7835008,1817729.85685,4.58691335676,10,
587,228.036567238,42.8376138,8956457.25666,4.2540183108,10,
2256,343.038027858,71.071254,100421384.143,7.86956622333,1.0,[M-H]-
1416,288.055205963,396.431916,1307262.36357,10.303466418,1.0,[M-H]-
590,228.064264057,92.82033,28864719.2213,2.47944218556,10,
591,228.081156051,125.697852,5324190.72531,4.02988371944,10,
592,228.085378615,59.1462492,8815342.47615,4.91573126495,10,
593,228.160371379,784.491,7321926.79353,13.1374775466,10,
595,228.813952639,45.445125,709700.318924,5.44228578876,10,
2837,385.920730741,42.5141082,713978.72862,7.45114861315,1.0,[M-H]-
597,228.870620868,44.4561252,390873.854746,7.77184841389,10,
599,228.916418506,43.8069972,198025.587755,11.8154316782,10,
600,229.030625878,767.89134,1518237.3243,5.45725921299,10,
601,229.023296649,50.2992018,3838880.23509,3.48559855392,10,
603,229.05387953,808.5747,20221608.3316,0.87499608704,10,
1860,316.18830432,236.549691,18406369.6579,3.10603605319,1.0,[M-H]-
606,229.155842464,179.082255,154167784.46,6.16539743742,1.0,[M-H]-
607,229.155678259,201.536994,171630913.175,1.36506364797,10,
608,229.981939627,47.4247827,180651.981315,9.01054641444,10,
609,229.998518024,43.4833728,2259445.39676,3.22084436795,10,
610,230.012815537,130.726176,109544206.952,2.72047201481,10,
611,230.012854254,148.240431,13049417.0022,6.8608133765,10,
2857,388.035872785,76.376778,8264653.33533,2.08600325183,1.0,[M+H3CCOOH]-
614,230.064653546,50.9510658,4148712.81527,5.45342920273,10,
616,230.159001911,178.787934,18253283.2274,7.70635730229,10,
618,230.811196847,45.445125,153036.487081,8.74388349382,10,
619,230.89065935,44.1308688,141135.402743,8.21126319272,10,
620,230.953451815,45.777633,6140790.1716,2.62142944319,10,
622,231.01904286,1744.64763,232522.033591,11.0216946886,10,
623,231.033270706,677.7933,1523786.50184,5.2628983715,10,
626,231.08433237,46.4573724,152753.15844,10.967794855,10,
627,231.134964494,82.807758,127667600.242,2.35754516237,10,
628,231.134959133,109.91292,103697408.747,4.07798263868,10,
630,231.992178762,519.615114,4959439.21607,10.9876713715,10,
632,232.005172841,76.665735,2360618.11676,9.47102849194,10,
633,232.00866132,148.172196,542522.819674,7.52819156014,10,
634,232.028511601,121.403034,10082789.1919,4.67091175983,10,
635,232.031971799,47.0863236,580581.637819,7.4138248323,10,
2052,330.078997918,868.81176,8226975.02358,6.4047246547,1.0,[M-H]-
640,232.130721012,46.785498,1948291.36051,9.97766860038,10,
643,232.844082063,44.1308688,537612.714425,14.2203505602,10,
644,232.859261961,42.5141082,117266.733181,5.74690463015,10,
648,233.012592239,220.749204,3114908.13339,4.44066755971,10,
650,233.046316825,574.877028,20875673.1642,2.35245439864,10,
652,233.085254955,899.34726,28183258268.7,3.3679288604,1.0,[M-H]-
653,233.078110907,42.4831077,4687900.1958,1.43686881229,10,
656,233.844968363,43.9033047,110380.601353,12.2868371076,10,
657,233.882601939,39.5196354,333268.552207,9.36334684659,10,
658,234.002853007,54.76719,707775.300134,7.81009514225,10,
661,234.098368838,78.88035,5731356.71248,1.19981683308,10,
663,234.848646233,46.7606958,1195063.99023,5.50201170634,10,
665,234.947936954,45.777633,208063.826193,8.36689155781,10,
666,235.075873905,76.412256,24849615.6064,3.18599234015,10,
668,235.081328278,960.19326,24029684.8347,2.16143674,10,
1278,279.127390928,899.22636,1250248543.45,3.38613557941,1.0,[M-H]-
670,235.101047982,1247.10468,20129748.8566,9.10601927095,10,
672,235.12013346,959.06094,58163647.8598,5.96594398041,10,
673,235.121497271,1034.73222,11000796.3246,5.06592280654,10,
674,235.130370748,50.4924948,2895576.65599,2.21092651736,10,
675,235.169913306,961.5633,1106767.75201,3.42686964398,10,
676,235.842092696,44.1308688,169221.171064,5.79665567823,10,
677,235.936389484,45.1087062,450879.823067,5.25623807499,10,
679,236.105169627,946.85682,76085235.0628,6.67461100646,10,
680,236.100425409,50.9680368,137105.071784,14.2789246007,10,
682,236.13250972,1013.73756,54899895.4603,2.22693539375,10,
683,236.112570858,958.88436,24598977.2271,8.864235174,10,
684,236.131886886,997.61793,42248984.8964,1.91472144743,10,
685,236.845820374,46.7606958,1241615.32193,3.54064234588,10,
686,236.856881814,44.7835008,494175.288926,10.208187208,10,
1488,292.896159157,39.5196354,5471119.93502,13.8644918052,1.0,[M-H]-
688,236.902405766,44.7162792,689081.817787,7.59266425243,10,
689,236.932884525,45.1131288,1005343.63992,3.93420135818,10,
692,237.071776724,76.63545,983723.012225,0.988855026851,10,
693,237.0803242,681.00066,20148252.7486,6.09392623491,10,
694,237.088028213,85.296414,32986835.9784,6.59654980057,10,
1761,309.138361971,1038.80916,24168357.083,5.0536010734,1.0,[M-H]-
698,238.025199454,84.545676,11429849.295,2.27774624565,10,
699,238.048856964,120.233658,18105795.3479,12.1919544111,10,
1471,291.108413391,55.768389,2557420.40066,4.81661616877,1.0,[M-H]-
3088,409.13006089,88.399848,58297937.574,13.7402978767,2.0,[M+Cl]-
704,238.120152608,1024.4637,36962702.331,2.99184681355,10,
705,238.932326018,47.7353196,8253090.79601,11.2548099313,10,
706,239.021873141,44.4561252,3150665.72613,5.04777255268,10,
707,239.039934385,54.4879998,2308957.25477,3.43689012091,10,
709,239.092171895,732.12174,1427556.01883,5.85998260316,10,
710,239.09600542,573.626328,15622248.5961,5.0218726619,10,
711,239.096051988,833.01534,11207276.652,7.34498507761,10,
712,239.096032947,772.89135,11462698.6979,5.35009209835,10,
713,239.9233831,44.4561252,844960.416297,4.22270191711,10,
716,240.010655535,48.253869,390179.138262,13.2131240848,10,
717,240.046888966,736.28172,3991891.9518,4.66924217936,10,
718,240.062805236,316.446078,1543418.37175,6.07136624762,1.0,[M-H]-
719,240.085917215,55.3421508,693957.885452,7.78479487012,10,
720,240.100928505,281.549568,2139483.21261,2.7447323057,10,
721,240.131704138,961.38558,2956723.73124,7.79389711968,10,
722,240.171637171,86.825094,1281870.81088,11.3980849491,10,
723,240.794041281,46.1026938,197034.677983,2.70550758314,10,
724,240.929424213,47.437125,2546294.37755,10.9290912374,10,
725,240.969678463,90.847044,14345289.0929,14.8586777803,10,
726,241.002466553,40.5380826,379566.271711,3.97533917,10,
727,241.030796913,789.80682,504065814.912,7.01263457445,10,
728,241.018727703,44.4561252,2556321.5739,5.79293934591,10,
730,241.050334137,736.01508,259350.254914,6.29053495619,10,
731,241.075283527,561.658362,13703605.7176,7.72003200804,10,
733,241.073160011,861.31716,2555555.71634,8.8870377085,10,
734,241.092236333,51.26883,82461099.7928,3.04648488062,10,
735,241.119502965,264.395256,8773572.50878,4.44372756895,10,
736,241.119526195,287.224026,8426840.79431,9.7012947254,10,
738,241.790686458,43.4833728,67724.902553,10.7562783252,10,
739,241.920614036,44.4561252,673687.900722,3.82913777446,10,
740,241.930921445,43.0201875,96066.7866515,11.6158716064,10,
741,241.961120132,45.1131288,1658366.76662,1.43446073455,10,
742,241.983003392,46.7606958,1290430.16324,6.40557320991,10,
744,242.078414911,81.14298,41017053.9172,1.82451679049,1.0,[M-H]-
746,242.101313454,59.262693,4768922.47377,0.989814824921,10,
748,242.176344635,877.67565,45535110.989,2.84117827513,10,
749,242.791227665,46.128495,286378.588851,9.89856280124,10,
782,244.87038811,44.1308688,4881594.18244,6.91139925367,10,
751,242.91922937,47.1127488,3675123.97052,6.45387158501,10,
752,242.944729348,47.0863236,1039907.63442,14.5196534698,10,
753,243.01834942,42.5141082,17176665.4745,4.03758033175,10,
755,243.039093685,51.3089058,2922708.8486,7.28009056749,10,
756,243.046538045,872.74512,345168911.706,3.31628661234,10,
757,243.062310914,102.811908,418939136.806,0.777344128619,1.0,[M-H]-
760,243.154563801,63.174132,6590377.75303,3.87331022034,10,
761,243.171645328,437.862708,84703051.8589,2.05801565696,10,
763,243.171549915,396.206532,517778599.402,0.908742401752,1.0,[M-H]-
765,243.171584802,368.686515,66172887.6499,3.83913357931,10,
768,244.031909567,77.016528,1991103.93096,2.57188268492,10,
769,244.049990371,872.61336,28403589.2444,2.1947629656,10,
770,244.049835446,889.85826,3098524.89243,8.66946013638,10,
771,244.076327445,281.174874,1243551.3559,7.10610048112,10,
772,244.076041341,113.184906,3930086.02385,4.13137758001,10,
1822,314.145532368,51.9044556,3145061.17341,4.0018432783,1.0,[M-H]-
2243,342.119856337,102.452178,28046007.0944,4.23073769,2.0,[M+Cl]-
781,244.810085373,44.4561252,458910.827797,5.44733233512,10,
783,244.87759487,47.1127488,2727086.83724,8.09455600854,10,
784,244.916344799,47.0863236,2431904.42572,6.39427319209,10,
786,245.043411228,872.84442,123350425.507,1.85615132747,10,
787,245.043499807,838.78788,9516201.20017,1.34193741732,10,
789,245.063768909,47.0995362,460475.548348,3.33170454276,10,
790,245.066440138,102.707112,5260917.89719,6.7952082244,10,
791,245.078132864,77.052258,11250099.8474,1.63289822038,10,
1308,281.089657745,279.85815,4093585.08766,2.86716991962,1.0,[M-H]-
793,245.114652314,61.875018,8967236.91426,2.11226033159,10,
794,245.114356435,85.253346,6882823.26512,2.44410023052,10,
796,246.007924877,117.01611,101250214.246,4.44773814684,10,
797,246.008076636,656.36844,6153696.48296,2.79782285796,10,
798,246.007954858,132.04938,12803272.5632,9.98378812836,10,
799,246.0210356,76.534884,9052142.37576,2.27144702812,10,
801,246.074904702,186.554946,91583481.1633,1.30117452192,10,
802,246.109974279,52.8931302,6000497.79277,7.0225062177,10,
803,246.807275086,44.4561252,808255.668349,4.5594734416,10,
804,246.813830534,42.8376138,224619.014227,8.48866247967,10,
805,246.860148068,43.8069972,512057.172976,12.3308265774,10,
806,246.874715425,47.4124404,1928396.58092,8.95594769271,10,
807,246.913610463,46.9622358,327940.330878,5.25003296076,10,
808,246.93868295,44.1308688,285806.307615,12.0305830704,10,
811,247.037261679,51.3026244,8288623.56001,2.69305351633,10,
812,247.047695108,873.39504,756639.936222,5.34999804265,10,
815,247.100755841,994.84032,81556333.6409,14.1431214081,10,
816,247.100971739,962.35236,94360975.2213,12.441815694,10,
2298,345.089456005,146.586906,582677.953654,1.23177857867,1.0,[M-H]-
818,247.868294002,44.1308688,384737.291952,8.62254960385,10,
821,248.033194307,186.234696,10476586.8891,4.10818098581,1.0,[M-H]-
822,248.045381707,46.709775,40827.9329166,5.835721175,10,
823,248.054285014,83.238006,10365312.6931,4.4770811688,10,
824,248.114066821,132.741282,1787824.38416,1.70621175038,10,
1931,321.138301978,1027.15656,309308994.559,3.34969153501,1.0,[M-H]-
826,248.804436173,44.4561252,565195.696281,3.9821858577,10,
827,248.829410258,42.8376138,1140932.40732,9.38199141066,10,
828,248.864768373,44.9827596,935566.372382,4.50766949247,10,
829,248.928653936,46.1026938,472253.946212,6.93130725508,10,
830,248.961223911,48.3798258,10097691.2104,14.3932776098,10,
832,248.989555456,452.298024,13537293.3451,5.79764412,10,
833,249.050727542,45.777633,984530.840928,4.80465636804,10,
3265,427.119699097,186.478452,19387850.3703,1.88838308168,2.0,[2M-H]-
835,249.063135845,324.888408,1822457.59561,4.11677219293,10,
836,249.080567749,741.9261,187797211.535,8.69433092311,1.0,[M-H]-
838,249.116872963,1047.28086,5941447830.62,14.915116588,1.0,[M-H]-
839,249.116819643,1011.34098,2666777773.7,1.60089625342,1.0,[M-H]-
840,249.124780946,519.2661,75560152.4709,5.65617605083,1.0,[M-H]-
841,249.150146927,1091.48688,31647696.3021,7.4424136216,10,
842,249.830110504,42.8376138,273152.976042,13.0765538339,10,
844,249.93285113,43.8069972,102848.131129,10.0263192409,10,
845,249.96416863,64.460634,185908.736256,7.61735054261,10,
2111,332.183475678,131.785362,20339964.4845,8.22398902234,1.0,[M-H]-
851,250.801516232,44.4561252,210518.683241,6.09365043112,10,
852,250.826528057,42.8376138,1425532.83345,6.8397734187,10,
853,250.861698595,46.3096278,536512.755652,8.59334542604,10,
854,250.918410147,44.4561252,463693.957789,9.67483084145,10,
855,250.948987963,44.7835008,1822038.54974,4.32108540105,10,
856,250.97547568,915.85194,2899134.99147,2.55433502979,10,
858,251.05988269,534.913854,2845170.96464,11.3433373382,10,
859,251.078904016,200.149704,22462571.6856,1.56508435951,10,
861,251.096147782,858.0876,125887592.575,8.87980054095,2.0,[M+Cl]-
862,251.095960681,678.99444,65138134.1795,4.6214468004,10,
863,251.096079376,791.92536,94153493.3958,1.06703647664,10,
864,251.096047573,749.96022,415107202.776,6.62344108487,10,
865,251.103950912,84.623718,33684720.7072,3.28491901652,10,
866,251.096086692,809.06598,239570445.049,6.10533612111,10,
867,251.103907695,190.739706,165487436.945,3.2848296321,1.0,[M-H]-
870,251.132530185,1068.07602,13194786119.3,3.64595773029,1.0,[M-H]-
872,251.13262136,1088.30688,1120965382.87,5.59975465623,10,
873,251.133002148,1424.74116,847526.859309,11.2231471475,10,
874,251.903947483,39.0963498,71227.4804264,14.9105119391,10,
876,251.979932411,42.1912398,454775.741437,4.16937811969,10,
1355,284.091132834,131.857926,3398240.98026,4.94053087277,2.0,[M-H+HCOONa]-
1326,282.117987576,86.196858,3507081.95796,4.25380781111,1.0,[M-H]-
881,252.099522565,808.90572,25102170.6871,8.20810908791,10,
882,252.099629949,858.42096,11053630.4318,4.30922034821,10,
2053,330.079237321,64.13901,6179123.48232,2.53407040995,2.0,[M+Cl]-
1361,284.159822732,59.6832309,3245743.31445,2.31271587952,2.0,[M-H+HCOONa]-
887,252.831240683,44.7835008,283680.776497,11.4438671548,10,
888,252.902248724,44.782206,10188642.4775,4.63367750998,10,
890,253.002674169,40.1854455,132290.893932,5.3772336723,10,
891,253.03108411,831.19638,4904163.24098,11.1923621497,10,
892,253.071145414,42.1912398,772032.556961,8.76654315264,10,
893,253.075468992,633.66666,7079350.73703,0.855984752846,2.0,[M+Cl]-
895,253.093445031,886.79154,1307489.58419,3.57699395496,10,
1240,277.177429793,58.8262416,506012.659747,9.54954303278,1.0,[M+H3CCOOH]-
2395,351.08925548,874.63092,6909234.83858,2.5844818917,1.0,[M-H]-
899,253.113937261,86.650977,765639.70394,6.01762376561,10,
900,253.112083597,959.0427,5892226.71391,1.17183523429,10,
901,253.131026077,62.794962,21655562.1287,2.61417683525,10,
904,253.903019053,44.4561252,2504947.70099,4.92586102458,10,
906,253.964811388,42.5141082,184073.363313,6.21624321632,10,
910,254.115231441,793.37952,9246456.83143,1.68197244912,10,
911,254.115278077,818.00898,22089694.5073,6.0953598488,1.0,[M-H]-
913,254.131215249,1068.05724,67244678.4663,2.47421597886,1.0,[M-H]-
915,254.770640862,43.4833728,261052.251167,6.7146898199,10,
917,254.871146022,42.1912398,1601274.82097,3.45578931314,10,
918,254.899503502,44.782206,9403403.00941,4.67980990834,10,
919,254.917908342,46.3096278,83329.8905435,9.1964269571,10,
920,254.949570507,39.3984918,7410869.44139,12.6541666569,10,
921,255.062505462,97.929222,14137664.9058,2.31482918791,10,
3388,435.153068185,686.8407,4610040.9302,3.4610656063,2.0,[M+Cl]-
923,255.107607353,818.00898,9088813.01498,6.65376655551,10,
926,255.107637255,793.29357,3909795.32844,8.24048096223,10,
928,255.233315226,1316.9196,1427741336.42,2.8249652639,1.0,[M-H]-
931,255.93653671,44.1308688,331830.439692,8.77755820027,10,
932,255.946739986,43.1604822,379460.997079,5.55911916282,10,
933,256.050158085,890.18316,3116953.5148,4.01571858645,10,
1590,300.106912478,98.655906,6486936.59651,3.78847152635,1.0,[M-H]-
935,256.077443944,918.39957,896054.830535,12.051272934,10,
936,256.075047566,562.658874,304376.848441,9.21167657291,10,
940,256.767711253,43.8069972,474804.859652,11.9290066465,10,
943,256.903744701,47.7353196,1811399.43921,9.7453395332,10,
945,256.960714903,47.0863236,3660918.04612,7.67343167573,10,
946,257.002632888,46.7606958,196631.082047,10.5687840922,10,
947,257.062143525,939.48594,1334282028.27,7.22877807429,10,
2444,355.039744744,955.4106,12956902.6581,9.09663181998,2.0,[M+Cl]-
950,257.078173613,183.702882,15353267.2221,5.26896308789,1.0,[M-H]-
3001,401.202266066,47.437125,81220.793773,7.13047579826,1.0,[M-H]-
953,257.139806155,846.43188,22058764.3859,7.08605923551,10,
955,257.818978774,1067.658,1069185.75866,2.67840550167,10,
956,257.845193559,38.5670256,131039.161671,9.71641297047,10,
959,258.044578611,337.79991,87065252.2582,8.54015190593,10,
960,258.038935777,42.1912398,32596851.5479,3.52787613944,10,
961,258.044545951,371.007591,11286748.4314,6.77833189101,10,
962,258.044581664,356.90298,18271757.8045,9.27239652343,10,
964,258.083851341,61.513458,74147193.308,2.92094340477,1.0,[M-H]-
965,258.11700018,968.79228,333260403.237,1.99094661546,10,
1184,274.141307403,85.566729,84421317.2424,3.19448473383,1.0,[M-H]-
2352,348.160427377,180.359076,5153582.27637,2.2743056543,2.0,[M+Cl]-
970,258.182731021,72.862776,61934407.5104,3.51688667665,10,
971,258.182559006,88.16214,27813345.565,2.34070449151,10,
972,258.764749516,43.8069972,320065.388889,10.2256081243,10,
973,258.833434072,45.1087062,170923.415217,12.8677033512,10,
975,258.98462847,70.865082,2588143.29583,7.10437577522,10,
977,259.059045266,939.50376,457222294.375,4.31584342623,10,
979,259.079739214,46.785498,5758939.20733,6.16627712224,10,
980,259.076169711,78.238602,738850.801204,1.8297628302,10,
981,259.101212258,1000.99206,16975358662.6,4.31666225118,1.0,[M-H]-
3057,405.199635272,88.421823,19823576.7216,1.69388485229,2.0,[M+Cl]-
984,259.149646644,181.116648,3084999.66398,9.85660708451,10,
985,259.886900449,44.1308688,879801.209188,8.20033334381,10,
987,260.005982326,54.76719,829510.395466,3.89365862594,10,
989,260.023811854,692.24184,6945678.38814,3.16696372774,10,
991,260.057866068,76.315476,302847.26378,10.516278295,10,
992,260.059895085,186.266376,26398624.5543,4.81832626025,10,
996,260.104466203,356.339514,23879154.1145,2.43841772546,10,
997,260.132764893,1042.43196,49442878.9257,3.60000338076,10,
998,260.114077423,347.987418,274360.416313,8.84656153099,10,
1000,260.788299915,44.4561252,686181.263684,4.56830799059,10,
1001,260.848141607,44.1308688,128129.406435,13.1073913376,10,
1002,260.890619115,47.4124404,1657793.18602,4.38924171315,10,
1006,261.080638939,704.1042,56118618.3965,14.0438786361,1.0,[M-H]-
1007,261.076736402,673.04802,1563203.73073,4.48569565366,10,
1008,261.094218607,120.139578,9693393.40526,4.40089380775,10,
1009,261.116946417,1060.21272,8354477196.34,3.51031156781,1.0,[M-H]-
1011,261.12823132,350.955162,27730738.9709,5.1095771383,10,
1012,261.128068103,301.547691,29458545.8469,3.76057729244,10,
1013,261.128200814,324.371088,26845899.3151,3.28705415365,10,
1016,261.883998983,44.1308688,317739.422756,9.91978192587,10,
1017,261.951376855,44.1308688,1566788.14432,3.04192618989,10,
1018,261.95999882,173.888322,728384.012024,10.6692242241,10,
1019,261.963850294,44.7835008,444815.162949,10.0476394084,10,
1021,262.049118344,186.506172,78877496.468,3.74359233428,10,
1022,262.070013009,85.126026,29267662.9495,3.6858715449,2.0,[M+Cl]-
1027,262.849043957,47.451279,584536.506819,9.96305296375,10,
1028,262.88070717,44.1308688,417745.702792,6.18833190609,10,
1029,262.977003568,49.0211958,25506470.1771,3.95984214087,10,
2438,354.083078334,45.1131288,479029.985156,5.07525829847,1.0,[M-H]-
1034,263.094016034,883.72629,976399.294554,14.1037597202,10,
1035,263.096361625,729.7029,51987474.2425,2.96426043048,10,
1036,263.114072889,1096.18824,282983.146197,14.1761815162,10,
1037,263.140586617,414.34044,39410757.0534,3.67690258564,1.0,[M-H]-
1038,263.913619501,43.8069972,167234.280997,9.7591200981,10,
3131,413.047119191,90.68703,1707190.07095,13.1538375993,1.0,[M-H]-
2424,353.06726121,78.013008,1438720.8952,5.67413528803,2.0,[M+Cl]-
1045,264.06834627,44.9827596,64523.1959766,7.31027688756,10,
1046,264.115607193,1060.34016,47470652.4332,1.77188754638,10,
1048,264.143686834,391.071255,3492188.78493,1.85233377445,10,
1049,264.782363726,44.4561252,752649.10692,7.19506524597,10,
1050,264.807246028,42.8376138,963357.246866,7.34118622965,10,
1051,264.868177104,45.445125,260608.752554,8.81451336935,10,
1054,264.964753637,44.4561252,1491579.16103,5.16414726373,10,
1056,265.018232497,827.54685,2519219.90605,1.02804057976,10,
1057,265.028470573,46.128495,361495.799221,8.03982881217,10,
1060,265.058134517,85.90389,6777196.72796,2.18189899631,10,
2438,354.083078334,45.1131288,479029.985156,5.07525829847,2.0,[M+Cl]-
1062,265.119893774,230.461122,28169611.8446,6.45252873989,10,
1064,265.148439419,1145.967,64727432.9733,5.19746785719,10,
1065,265.177552591,60.218952,6653443.09807,4.1443650537,10,
1066,265.929157158,45.1131288,387784.059393,5.52819036274,10,
1068,265.995522802,42.1912398,3264812.77392,7.16174280858,10,
1072,266.075613416,890.4999,2147232.39758,8.34816921413,10,
1074,266.128304378,485.215458,1781799.79984,8.13232724852,10,
1077,266.80491556,44.782206,4673062.81028,4.22974258946,10,
1078,266.865351445,45.445125,308990.755712,7.83428410172,10,
1079,266.918122068,44.4561252,11526136.4171,3.76737510123,10,
1080,266.963889906,48.7008198,8663888.57662,7.5057886379,10,
1082,267.025742355,784.37262,3561589.75123,6.016688853,10,
1083,267.066356384,59.3106402,325769.191138,5.01464122782,10,
1085,267.072766498,42.1912398,243143.582173,14.1331339712,10,
1086,267.09913358,82.096476,47211149.8497,5.72780491219,10,
1088,267.11218099,310.630512,7776415.95294,14.4749161284,10,
1089,267.127424841,926.04408,722071525.859,5.3090148929,10,
1090,267.145865878,162.551886,18048616.366,8.20194963099,10,
1091,267.804990301,43.0006578,97451.1115937,10.5545076216,10,
3129,412.988549869,44.7835008,620729.414328,5.56494862827,2.0,[M-H+HCOOH]-
1093,267.949359332,92.384034,15423161.2907,8.83310881046,10,
1095,267.987961925,67.172805,190631.150429,8.31854396812,10,
1098,268.042301846,50.617695,2319170.66891,7.37061602632,2.0,[M+Cl]-
1100,268.104911338,52.416741,3963439.25364,3.93878485497,10,
1102,268.140916946,59.7076944,279918.058506,8.41250655022,10,
1103,268.143684283,85.645278,591980.896743,10.7523641825,10,
1105,268.802156666,45.1131288,6384182.98323,3.06428076415,10,
1106,268.85174859,42.0601332,2510284.55913,9.0026465231,10,
1107,268.880340791,45.1087062,179560.199357,11.9910164942,10,
2729,376.967173193,50.1742446,814980.634848,8.93038751584,2.0,[M+Cl]-
3233,423.023192648,39.5196354,145580.019196,5.0210636765,2.0,[M+Cl]-
1111,269.026206311,631.57416,8669163.88243,2.06219079324,10,
1112,269.043508669,945.28914,9819720.13404,10.1825034511,10,
1113,269.062509816,960.32256,4930143919.44,1.11118973258,1.0,[M-H]-
1114,269.078628154,157.192482,17866329.4844,4.36110394083,10,
1115,269.088585856,51.5866938,6949746.68379,1.94094846774,10,
1116,269.09149611,134.717772,4134115.33114,5.33223184073,10,
1117,269.112600476,60.26901,7915597.8113,5.28479635238,10,
1118,269.109133812,311.623704,2934000.68479,8.10564250428,10,
1119,269.838503642,42.3542811,98051.4547347,8.22680966381,10,
1121,269.930560898,44.782206,134626.798746,11.9437310293,10,
1122,270.000722671,49.6615818,309234.590562,10.1575943446,10,
1126,270.799224549,45.1131288,3885915.90416,1.49251475418,10,
1127,270.824289974,43.8069972,362839.636613,10.048871763,10,
1128,270.852287186,44.7835008,414769.546259,4.05828350918,10,
1129,270.904828068,43.8069972,1306994.58334,7.04872739719,10,
1131,270.976367001,46.6361136,5969701.26843,3.25805111786,10,
1136,271.0591858,979.51932,248489951.901,2.06174327778,10,
2623,369.055305232,1014.6444,12347575.7905,3.81669105688,2.0,[M+Cl]-
1139,271.082947618,521.670846,4277518.27447,5.09618824855,10,
1140,271.078172488,1029.89691,460141128.389,1.96297523802,10,
1142,271.101071227,955.14504,493525.694774,14.6249879877,10,
1143,271.155594727,669.00084,13264226.3249,6.90934697888,10,
1144,271.905719823,43.8069972,308748.026825,8.8446779882,10,
1145,271.94628823,47.2854918,59156.6448241,13.3370569616,10,
1146,272.045968409,56.8847439,1831433.93259,5.26773011511,10,
1147,272.054786486,42.5141082,892125.550796,5.32213124062,10,
1148,272.057895045,142.430742,196088.168194,10.525077816,10,
1151,272.136884272,66.347088,893655.850001,4.29375844246,10,
1152,272.173569362,63.158154,6633860.78935,4.02439470234,10,
1153,272.796342073,45.1131288,1207156.6958,3.07831396739,10,
1154,272.82144858,44.00037,418328.02626,10.9458701311,10,
1155,272.866787322,43.7372688,578231.661081,11.16465429,10,
1156,272.878063421,48.0840018,544509.130568,11.4030904315,10,
1157,272.902065037,43.8069972,1655877.60028,8.65689327109,10,
1158,272.934795038,47.0799,351571.806409,12.7267433473,10,
1159,272.960422877,45.7696908,1160835.59275,3.49815274343,10,
1160,272.969981217,1647.47526,1375015.28211,2.6416455721,10,
1161,272.996606193,45.1131288,1443301.35656,3.84835055275,10,
1164,273.075067886,1029.6705,166215581.769,2.49037699421,10,
1165,273.071492248,48.4973745,938306.406565,7.44080376552,10,
1167,273.075191919,1047.02178,19620849.8526,4.63577943002,10,
1168,273.101378254,90.192651,20925500.0397,3.33369238888,10,
1169,273.089295854,60.183699,602273.955499,3.82894705595,10,
1170,273.12852201,616.8564,3017445.95389,9.29404682131,10,
1171,273.875111878,42.8376138,229052.769465,10.3252048666,10,
1173,273.977991907,44.4561252,210583.935665,5.27012282876,10,
1174,273.997515063,45.437334,394106.44507,4.99087144494,10,
2293,345.034983692,70.865082,25514972.0391,2.17479294367,2.0,[M+Cl]-
1176,274.021876107,55.5880548,2122611.51149,6.68882328899,10,
1177,274.039673494,307.045038,184145971.028,8.43534366676,10,
1178,274.039915998,829.50438,34768052.8247,3.74454685532,10,
1179,274.039743906,292.414008,36130386.709,6.38132122605,10,
1180,274.039742034,326.91276,35805099.3269,9.61215544792,10,
1183,274.141481824,110.314176,39131070.9425,12.4883270774,10,
1186,274.818570942,43.772133,182913.753972,14.6294021835,10,
1188,274.971973033,40.5476358,409622.708256,5.47962801009,10,
1189,274.993945368,45.1131288,364193.437954,7.29014524307,10,
1190,275.018630671,530.931798,2031832.64722,3.51618444346,10,
3085,409.071331583,47.0863236,552135.694233,7.71541198507,2.0,[M+Cl]-
1194,275.057891242,783.36804,1587496.73877,4.31190903049,10,
1195,275.054639422,763.07676,382160.13022,5.54117027692,10,
1196,275.055945347,275.533092,1526200.66656,7.05352778123,10,
1197,275.057353825,47.0374923,1078103.90849,3.31486819113,10,
1198,275.093122139,693.23022,8281872.41136,3.74777665289,10,
1199,275.093315401,609.41244,4895451.38086,3.40821673561,10,
1201,275.09643591,810.69726,407538800.025,2.04407205461,10,
2680,373.073756025,865.30866,6846504.10308,3.24953321747,1.0,[M-H]-
1203,275.096449355,794.3568,1039704775.08,2.18035243385,10,
1499,293.114886487,163.415196,37751539.4981,3.95060205712,1.0,[M-H]-
1205,275.104398528,420.716442,7194847.42015,4.76663949031,2.0,[M+Cl]-
1206,275.132625025,1060.34016,95178114.3802,4.36471530545,2.0,[M+Cl]-
1207,275.1255529,42.1912398,1725853.83622,4.89045547432,10,
1208,275.123447381,309.368028,2224696.12645,4.31142774612,10,
1211,276.054813685,85.925796,14249492.9673,2.5176196325,10,
1216,276.107207444,63.479148,1424629.65944,3.06848776871,10,
1217,276.109954423,42.8376138,266509.51837,7.60303963162,10,
1218,276.127586606,941.57724,24366479.4619,3.7283199343,10,
1219,276.139257171,69.286524,2367528.70033,6.12925614728,2.0,[M+Cl]-
1221,276.833827688,46.4329458,1610067.57344,4.98272628657,10,
2073,330.985023617,44.6527428,3058555.65403,5.74720520627,1.0,[M-H]-
1223,276.982996239,43.4833728,1302229.94324,6.05273777367,10,
1224,276.992561486,49.980327,34093313.0951,3.48810197288,10,
1225,277.008328829,914.76732,2344693.32534,4.14381375977,10,
1227,277.041724359,76.376778,2404407.69353,6.56729676741,2.0,[M-2H]2-
1750,309.057538636,886.63128,134396976.63,1.99202110116,2.0,[M-H+HCOONa]-
1759,309.109966999,78.559206,32124576.9558,13.2352636444,2.0,[M-H+HCOONa]-
3671,462.174081571,100.254156,92608942.061,5.26807877794,2.0,[M+Cl]-
1235,277.123246266,443.353812,2361806.05286,8.10604616577,2.0,[M+Cl]-
1236,277.111844589,876.7569,518088058.025,1.17486369091,2.0,[M+Cl]-
1238,277.156269721,552.946749,46330698.7409,64.2915983535,10,
2710,375.133447614,606.91476,5870970.17578,6.9113139427,1.0,[M-H]-
1242,278.002197638,76.339272,496523.49662,14.4499487701,10,
1243,278.037659356,76.376778,2619836.27074,5.02399270398,10,
2638,370.079667666,81.841083,3751034.71087,5.26719616787,1.0,[M-H]-
1247,278.060027048,98.27463,673192.832904,9.45222481484,10,
1248,278.090365873,77.9226,2003037.37701,5.46152504613,10,
1249,278.10354001,864.576,590802.813682,12.2311221534,10,
1250,278.115077217,201.887574,16989239.6786,2.55757969136,10,
2670,372.15485411,59.5822068,425816.638771,8.09233925568,2.0,[M+Cl]-
1254,278.159606786,558.93987,14786401.1551,14.1392020729,10,
1255,278.176384967,789.96474,6110829.32582,3.57279158282,10,
1256,278.176664345,715.78248,4374453.96035,4.38577464468,10,
1257,278.759082711,44.4561252,370514.528663,5.20415892816,10,
1258,278.815175984,43.4833728,263330.894538,13.6941185385,10,
1259,278.830925631,46.128495,2057557.62889,5.3124105165,10,
1260,278.883927348,45.1131288,581735.754623,4.22999844015,10,
1261,278.94418378,45.1087062,3619553.39123,3.56990821532,10,
1262,278.950980368,49.0211958,13444274.9221,5.3783396016,10,
1264,278.97697,94.65606,393263.58996,7.84900068352,10,
1265,279.019134046,165.180804,2536155.56504,5.65782427913,10,
1267,279.044115524,44.9827596,437425.394385,6.13056498519,10,
1271,279.084687576,244.471488,1377886.32336,8.41225141932,10,
1272,279.089922466,54.0898881,550616.932237,5.60252758799,10,
1273,279.082715072,78.137634,705176.881392,2.32013892895,10,
1275,279.107613236,817.94394,19399646.4065,2.2614307617,10,
1276,279.116539513,835.00581,12370378.8443,10.275413731,10,
1277,279.118631558,144.082074,893627.925413,2.75923054187,10,
1279,279.116635377,877.06434,6005785.83139,1.4276845054,10,
1280,279.116636823,818.18772,5345802.70177,3.34067563493,10,
2113,332.183369224,161.850942,56115676.3586,6.41405084099,1.0,[M-H]-
1282,279.135469874,124.010226,62937681.6832,4.28068832929,10,
1284,279.164150164,1169.60442,37021035.7525,1.68644951194,10,
1285,279.16415422,1187.98278,33838569.089,6.03471959998,10,
1286,279.193185511,60.26901,14262792.8628,3.11023959118,10,
1287,279.233424047,1311.04188,95998756.7415,11.3317382708,10,
1289,280.014459744,79.619628,1468362.17451,6.85570751362,10,
1298,280.785005148,42.8376138,255818.961057,10.4509421817,10,
1299,280.827997763,46.4329458,967501.470193,7.30627110576,10,
1300,280.88094481,45.1131288,658323.014731,2.03702839913,10,
1301,280.933729228,44.4561252,7435401.06924,4.14119811509,10,
1801,313.042512767,452.331438,58293311.3752,7.02980092295,1.0,[M-H]-
1305,281.060046492,921.52836,18559039.6137,14.2686643625,10,
1306,281.059954849,939.32034,34116393.5555,12.256788204,10,
3799,475.143402111,713.55384,50112506.4818,7.49918526126,1.0,[M-H]-
1311,281.145421694,313.322154,2042813.66486,3.33800765245,10,
1312,281.136529197,47.761002,3265572.36374,5.26675729398,10,
1313,281.142748593,961.17945,3675659.00281,2.27946848798,10,
1314,281.145624946,395.977251,4429826.11157,5.13356527619,1.0,[M-H]-
2762,379.226322627,1337.29212,17989466.9469,6.52464132362,1.0,[M-H]-
1700,305.955815591,76.633572,671349.308006,6.60585759346,1.0,[M+H3CCOOH]-
1317,281.934701512,44.4561252,1819660.91755,1.73941434391,10,
2457,356.006735482,41.544738,6217517.60519,4.65887301305,1.0,[M-H]-
1321,282.036938904,48.0840018,3039813.1295,3.39678317841,2.0,[M+Cl]-
1325,282.084768088,161.516094,4510640.57057,4.4841640691,10,
1329,282.144296773,56.10378,212496.013457,8.24662816532,10,
1331,282.75327835,44.4561252,67768.4672094,14.1365675563,10,
1332,282.77908267,45.445125,2025489.20965,4.87350694207,10,
1334,282.964505307,42.3830082,148534.942833,12.5437379246,10,
1335,282.99959155,783.54726,2215943.35754,4.10159523853,10,
1336,283.012859692,452.331438,2490912.64526,10.1667931445,10,
1337,283.008987913,45.1087062,135983.022689,9.29726254514,10,
1340,283.058676576,53.2108722,17764757.469,4.33165962169,10,
3074,407.221198215,583.510695,760456.609731,3.77884058802,1.0,[M-H]-
1342,283.139476093,64.4022,2875529.55444,7.02501866905,10,
1345,283.26472656,1358.54082,835729946.872,4.08902279843,1.0,[M-H]-
1346,283.908187973,77.336772,1053423.81054,4.82806653014,10,
1347,283.897002331,44.7835008,56037.3738029,14.0844906071,10,
1349,283.946278965,45.1131288,1495507.73566,2.67558376561,10,
1356,284.107585777,53.49207,161375.570925,12.1920923144,10,
1357,284.126187306,582.81666,1365117.44925,8.5928538721,10,
3866,482.162315789,70.503192,2157628.39223,1.55006529285,2.0,[M+Cl]-
1360,284.162021724,186.554946,81967020.7805,8.12373341389,1.0,[M-H]-
1365,284.900316571,43.1604822,135573.543865,10.948394077,10,
1368,285.057470802,764.42484,24434372.309,14.2699020276,10,
1370,285.057244055,795.8655,18194227.2208,7.6548672068,10,
1372,285.094034854,1055.23212,1317024618.24,1.64740896391,1.0,[M-H]-
1373,285.086140696,316.581522,52717055.3493,12.2961480675,10,
2300,345.120322482,1119.93654,1153757575.8,2.33605137356,1.0,[M+H3CCOOH]-
1376,285.107588787,57.0658968,8598275.08102,2.76534294,10,
1377,285.099001853,636.94296,3169567.62683,14.7684503322,10,
1378,285.098832192,845.24154,28230203.556,6.30791833197,10,
1383,285.94336096,44.7835008,950608.469182,4.39548848131,10,
1388,286.097107784,1076.62794,21908677.755,9.88210431144,10,
1389,286.141521751,74.970804,21820986.4626,2.59811509835,10,
1390,286.177854886,422.209338,68395587.3735,5.23743277898,10,
1392,286.177727598,179.118204,44947732.1332,12.5309535501,10,
1393,286.177829121,287.57664,19552831.2302,10.3380860224,10,
2685,373.210042769,390.494952,29370426.5783,3.09659110847,1.0,[M-H]-
2904,392.220202968,442.194474,5530581.2564,2.67811306459,2.0,[M+Cl]-
1396,286.188840458,86.870166,10121554.9163,1.9687021953,10,
1397,286.773410162,45.445125,2355133.57416,4.30782617389,10,
1398,286.829761534,44.7835008,262644.962064,11.5792007472,10,
1399,286.925417914,44.4561252,262996.516735,7.31944044768,10,
1400,286.976047714,45.7696908,3278433.73404,3.13903111198,10,
3027,403.081543283,950.5116,13063444.9371,7.03943161696,2.0,[M+Cl]-
1402,287.060461252,868.50204,3343388.5621,14.1422429472,10,
1403,287.068951905,80.16522,229360.326717,9.96358796259,10,
1404,287.073034411,883.93584,124208224.244,1.86488315856,1.0,[M-H]-
1408,287.086752034,49.3416966,2052806.36933,7.48834126045,10,
1410,287.136839913,73.753098,15566798.0578,3.02127132066,10,
1411,287.136944902,56.703582,6178520.476,5.07720789012,10,
1414,287.74705536,36.4647459,81256.049922,3.78683733943,10,
1415,287.993360291,44.1308688,415180.62036,2.91741703319,10,
1419,288.09255417,138.297102,581085.287524,8.84668110215,10,
1420,288.10594519,46.5724224,229563.202139,11.9961629466,10,
3868,482.198962508,72.4083,1653492.51658,3.18842045637,1.0,[M-H]-
1424,288.156859645,114.082494,27760179.5435,3.97405173216,10,
1425,288.156940242,85.925796,81277058.8509,12.348633664,10,
1427,288.770547882,45.445125,801334.00529,3.30776902246,10,
4607,560.927856674,47.437125,371608.123074,4.92691242843,1.0,[M+H3CCOOH]-
1429,288.879435764,43.4833728,1043876.91549,9.26145377886,10,
1430,288.912920623,45.777633,1212028.22559,5.45966887095,10,
1431,288.937812084,46.1026938,185053.055788,12.8725465541,10,
1432,288.987773909,41.2186128,594475.704715,7.10509883133,10,
1433,289.009318495,44.170764,317044.043817,4.50090104627,10,
2849,387.050693429,783.6888,3816433.61628,7.4738445507,1.0,[M-H]-
2160,336.157206454,190.739706,14410315.4545,10.0665821379,1.0,[M-H]-
1439,289.141345253,72.573048,2883129.16793,1.725236685,10,
1440,289.744189786,36.4049718,76229.5579979,5.77803823871,10,
1443,290.056010269,75.946056,81297351.5308,2.36100282766,10,
1444,290.053884088,47.1996804,121171.759645,13.5158202792,10,
1445,290.063604755,138.236796,3432484.82,3.67291074364,10,
1448,290.090345039,45.9801168,255234.225899,7.52807426735,10,
1753,309.057582106,844.08588,76816065.1584,3.02393813386,2.0,[M+Cl]-
1450,290.115285525,286.872768,30955849.7561,7.16773369122,10,
1452,290.118473757,92.187468,5685506.68025,4.93436007726,10,
1454,290.143637591,1002.5556,121748466.929,8.17884265639,10,
1456,290.799327599,38.5974366,36941.9420708,10.5578874576,10,
1457,290.821439984,42.8376138,431294.300086,6.58870477759,10,
1458,290.876296411,43.4833728,423259.700788,9.50039525555,10,
1459,290.910040251,45.777633,925252.377433,6.82801106201,10,
2933,394.98548774,41.2186128,71388.5672793,14.0037977796,2.0,[M+Cl]-
1463,291.04428905,903.87441,68119694.2063,1.21657527746,10,
1464,291.044021457,959.84358,1212808.5172,11.2856329481,10,
1466,291.070243981,961.24806,1959408.68095,5.31180369311,10,
1469,291.091023003,865.86564,6777173.52537,6.86674213259,10,
1470,291.099142744,156.623142,4037971.60843,2.8722586598,10,
1472,291.102609642,182.63058,3510457.19704,4.00144487613,10,
1473,291.102609033,311.264124,1262279.88162,1.04239828496,10,
1474,291.118710222,288.061314,4360204.52142,10.453850214,10,
1475,291.139096662,564.43449,4794417.66055,5.8395541038,1.0,[M-H]-
1476,291.200707344,1232.25654,13215273.749,5.36211803192,10,
1477,291.200684089,1213.65336,38982195.1276,1.3855048569,10,
1479,292.018029065,76.854504,9276318.66706,6.78687735518,10,
1480,292.011733314,50.617695,2538784.7002,7.12823976143,10,
1484,292.092481299,883.58028,3928929.11882,1.32212453838,10,
1486,292.13087775,322.18878,34070930.7912,8.62419574735,10,
1487,292.808139874,46.4573724,1260127.69199,5.24578227045,10,
1489,292.987744382,48.7407798,762186.243947,7.66737994434,10,
1491,293.055282165,215.347536,12111556.2188,3.59905613111,10,
2887,391.03969377,1004.72934,23996755.6145,11.5554623634,2.0,[M+Cl]-
1495,293.060111871,990.32562,20967781.032,9.5664429965,10,
1496,293.062625177,1023.50868,953444831.947,7.89805842802,10,
1500,293.123972413,59.3106402,16300295.5783,1.80292331369,10,
1501,293.151390433,274.59063,10748836.2875,4.81582331915,10,
1502,293.151427879,360.635796,42176821.1772,2.71215658676,1.0,[M-H]-
1503,293.151336997,228.576582,37223232.5655,12.824863149,10,
1504,293.151386049,304.586994,8185665.45281,3.59384574624,10,
1506,293.176672695,1156.07814,9016808.14009,6.42249922657,10,
1507,293.926182142,45.437334,106865.753066,12.8705068226,10,
1509,294.033725464,98.481921,602720.479858,4.5263366544,10,
1511,294.070466907,53.053119,1064637.25585,5.75434544357,10,
1514,294.110149065,83.601306,13752104.2012,3.68627007626,10,
1517,294.804999415,46.4573724,1704463.12858,5.48618522322,10,
1518,294.843724413,45.9801168,450928.285687,3.89163449842,10,
1519,294.949221775,43.8069972,3054191.74804,6.39002683317,10,
1521,295.05317951,50.617695,5116403.32373,3.2064900491,10,
1522,295.052008466,183.151191,10962514.8497,8.8654338201,10,
1523,295.052124663,215.249454,4318410.95443,7.69113373905,10,
1525,295.077970093,1042.24878,255994506.664,5.25178838866,10,
1526,295.077723009,1020.20772,407043794.856,2.31692690855,10,
1527,295.089594184,49.85562,2874918.13459,9.56664471907,10,
1528,295.094602763,65.408784,769428.689123,1.7031371268,10,
1529,295.112768466,535.476432,2393451.16452,3.33263986773,10,
3426,439.179654439,510.194472,1395361.63895,6.66772556066,1.0,[M-H]-
1531,295.155365397,910.45188,5725008.37232,3.03564661223,10,
1532,295.89990115,43.8069972,181146.809036,10.5995786259,10,
1533,295.941000321,49.369998,113978.094615,13.6848861857,10,
1535,296.045128695,636.66558,2516080.74955,10.1978809014,10,
3940,490.078734329,59.630262,1620691.5451,5.99346699016,1.0,[M-H]-
2460,356.10432718,586.634034,55234805.8539,3.9891991667,1.0,[M+H3CCOOH]-
1541,296.752081885,43.8069972,116576.01102,12.1801167102,10,
1542,296.802100023,46.4573724,898254.353205,5.78292242098,10,
1543,296.9463717,43.8069972,2881035.88225,6.51260576122,10,
1546,297.066943216,489.354594,1667154.59752,0.614166394981,10,
1547,297.068235768,150.016368,109486.793881,10.7134417269,10,
1551,297.153592912,1175.27346,164382459.047,2.04824662612,10,
1552,297.915346708,43.4833728,803366.875213,12.5073913097,10,
1553,297.938958342,188.108304,36659376.6729,6.60016829986,10,
1555,297.987212865,46.6361136,175366.398542,5.20983883366,10,
1556,298.016835062,186.761133,6606303.52881,5.70303760333,10,
1557,298.031894222,51.26883,241443.903872,9.89921403257,10,
3354,433.136102566,186.585762,2243945.4318,2.28334525214,1.0,[M-H]-
1562,298.130088328,770.81586,78557382.0942,5.40108949495,10,
2672,372.189574126,130.388802,33197684.6779,2.27017332263,1.0,[M-H]-
1565,298.753125346,45.7696908,555623.020529,4.56773940342,10,
1566,298.799404312,46.4329458,189715.618327,13.3729850205,10,
1568,298.908300826,44.1308688,1361709.70905,3.84055661472,10,
1569,298.942040914,46.1026938,2929026.2709,6.15542565656,10,
1570,298.978024128,44.4561252,204829.96901,7.98170289315,10,
1571,299.006518405,1674.47508,121309756.71,9.75082869142,10,
1572,299.03259111,53.174202,3627886.72256,1.46683433786,10,
1573,299.051174491,50.617695,3333378.72377,4.3104111106,10,
1574,299.063729877,93.857526,2461276.36824,5.31912355622,10,
1575,299.07091088,316.581522,10253896.1287,10.4519569884,10,
1576,299.059998472,889.84269,1410915.06266,6.15427490041,10,
1577,299.089077125,79.553943,2027326.2819,8.56312352085,10,
1578,299.090974296,1102.66437,713000.130703,3.63925874622,10,
1579,299.123259197,57.709749,6785003.63331,11.7221162833,10,
2365,349.126484465,71.242392,906767.46457,7.20975116424,2.0,[M+Cl]-
1582,299.132464087,1124.11062,7009892.8709,4.56572119712,10,
1585,299.935958918,187.759458,43624137.6605,9.06306988655,10,
1586,300.019755326,47.1127488,244078.54834,4.42339030403,10,
1587,300.010431424,1727.63112,859898.68301,11.5726976152,10,
1588,300.040054713,42.1930908,241384.46004,12.5549155241,10,
1592,300.135944601,592.890102,58073855.9999,4.05653703919,10,
1593,300.156896422,185.30676,23876716.3987,3.76484820053,2.0,[M+Cl]-
1594,300.164856441,1070.02464,4035529.29404,12.1986369149,10,
1595,300.193443402,563.80977,43223762.4166,2.46739626252,10,
3567,451.16130714,425.231322,6562318.93784,5.03338122011,2.0,[M+Cl]-
1597,300.193496896,457.125129,7605269.74746,2.43507404035,10,
2279,344.183487108,243.413484,6854328.10837,4.85729151775,1.0,[M-H]-
1599,300.193431091,331.350624,21718311.2651,3.16457736297,10,
1601,300.193355319,354.933684,11499725.5444,13.8522533805,10,
1602,300.193372308,607.86618,10417990.8101,9.16523315522,1.0,[M-H]-
1603,300.193430433,583.559274,10894728.1441,6.00989424352,10,
1604,300.193304385,313.838094,9284845.25716,13.4327783234,10,
1605,300.19338731,225.916098,33130210.1543,13.4278387122,1.0,[M-H]-
1606,300.750305147,45.777633,1026191.9089,3.26861267054,10,
1607,300.878448471,46.4573724,2208293.70724,4.55331968987,10,
1608,300.905301438,44.1308688,336812.860413,6.14482812339,10,
1609,300.91359612,43.1604822,343541.641915,13.5964807501,10,
1610,300.938869114,46.4329458,952588.718432,4.04082306626,10,
1613,300.991707018,45.445125,4712201.28465,2.41995764626,10,
2297,345.094895152,316.255914,8943678.52914,11.1319699169,1.0,[M-H]-
1617,301.07547592,950.72136,16437330.4109,2.93608837413,10,
1618,301.072968612,916.56804,3450289.1119,7.28453042487,10,
1619,301.092626673,51.1269189,1631887.41522,14.2642946824,10,
1620,301.084915526,79.150674,197575.424505,10.8891205086,10,
1623,301.111615078,913.41873,6681642.59392,1.11031822525,10,
1627,301.1522283,155.321388,15583199.3409,2.38993184852,10,
4216,518.192868691,75.99546,3646203.18852,5.68405520778,2.0,[M+Cl+HCOOH]-
1629,301.152554406,58.943574,5114108.57869,4.09997088989,10,
1630,301.1523164,141.365313,9756990.75966,3.38593204964,10,
2507,359.194502968,223.311942,53134559.7613,2.65918241702,1.0,[M-H]-
1636,302.019575981,41.15802,26217.3137256,5.05490579216,10,
1637,302.055322197,42.6445473,64812.2348501,10.9330109575,10,
1988,326.111321882,307.378524,7604238.34007,11.460538747,1.0,[M+H3CCOOH]-
1639,302.073993231,66.551622,1412055.32067,6.94591813759,10,
1640,302.101863903,52.8561888,16999608.4227,4.42727357652,10,
1642,302.103966355,667.76595,2284631.89829,12.3570046588,10,
1644,302.143666249,1035.09774,16602079.9856,6.60319235984,10,
1645,302.151685376,431.276586,45194639.5596,0.83322197939,10,
1646,302.15166245,452.114625,14310124.9632,3.93503457388,10,
3510,446.2627506,85.33041,9533855.52199,2.90898813812,1.0,[M-H]-
2281,344.183282639,184.313322,3517970.76752,2.227709769,1.0,[M-H]-
2112,332.183363257,109.187976,22033141.8462,14.4667390548,1.0,[M-H]-
1651,302.172652466,236.402616,6071298.21828,5.80036695768,10,
1652,302.747660051,45.777633,734195.889635,7.3349216403,10,
1653,302.768988478,44.4561252,275876.950061,6.25609734254,10,
1654,302.836879268,47.0863236,1900998.08927,9.21463249172,10,
1655,302.859951999,43.8069972,270502.224357,13.3051866136,10,
1656,302.875604654,46.7606958,2060166.49866,5.11529180924,10,
1658,302.9997121,1758.17844,295814.996264,12.8967791989,10,
1659,303.023445082,1000.50624,57317763.5723,3.86406648855,10,
2911,393.151848446,52.5753738,3755268.07006,4.0228928004,2.0,[M+Cl]-
1668,303.164897212,660.52704,777866.642499,10.6781612719,10,
1670,304.034505471,58.9656114,2396484.10466,2.2339178536,10,
1673,304.079221394,261.983256,2595828.63648,9.09529525864,10,
1675,304.13083813,260.954994,9598342.75583,10.8279536798,10,
1676,304.131137802,315.279024,28377455.2474,3.85371624439,10,
1677,304.131085933,281.524746,963836.451333,8.06001907214,10,
1678,304.151857567,111.816684,32978264.4116,3.69834738246,10,
1679,304.152079938,76.215636,66542208.3457,3.24160826159,10,
1680,304.151935771,95.755905,10257696.7217,6.77013567279,10,
1682,304.744792025,45.7696908,252041.928919,4.52844206696,1.0,[M-H]-
1683,304.766179047,44.4561252,570854.964651,4.24625478475,10,
1684,304.833963064,47.0863236,1959331.57209,7.10860501372,10,
1685,304.857041423,43.8069972,282453.455734,9.95178182395,10,
1686,304.872715312,46.6361136,609617.879585,7.74670319452,10,
1687,304.925595464,45.445125,1012213.20148,3.6856599295,10,
1688,304.950966595,45.9801168,73511.2880106,11.2114865829,10,
1690,305.020290222,1000.64703,39134820.094,5.55963044962,10,
2954,397.028634825,50.9850078,2590395.18127,3.29447896584,1.0,[M-H]-
1694,305.047196005,784.05162,23091806.0193,5.93216930975,10,
1696,305.099693352,77.052258,3775671.17395,3.03498394716,10,
1697,305.104373781,930.2379,765384762.378,1.64943402365,10,
1698,305.123802095,917.90766,261766.981941,6.84962051133,10,
1702,306.033634361,76.73226,48026023.2109,1.29084682984,10,
3121,412.113494597,102.403092,890432.016054,2.55721965022,2.0,[M+Cl]-
1707,306.078983991,844.12098,12926684.1255,4.50633431885,10,
1708,306.081529847,64.13901,1700535.3783,4.17817909853,10,
1709,306.103156984,77.016528,363689.129642,2.72384575723,10,
1710,306.113398133,117.01611,9005754.08054,12.109447438,10,
1712,306.171781866,891.46542,330132.71119,12.6185814438,10,
1713,306.171665935,673.04802,13618200.9591,7.87397687536,10,
1715,306.799022671,42.5141082,148022.770643,5.44796171163,10,
1716,306.886425117,45.777633,312605.941958,8.78823316278,10,
1717,306.920589306,47.437125,3112689.46578,14.9813147896,10,
1718,306.94770589,42.8376138,229732.910948,12.6363485242,10,
1719,306.975464785,44.4561252,2868184.64494,3.56052754516,10,
1720,307.028843497,822.72078,12147914.1688,2.60778361826,10,
1722,307.062896069,884.0598,23845199.9119,2.2484846219,10,
1723,307.086421799,536.985234,27548919.3558,4.38703245256,10,
1724,307.086473742,485.390724,20531850.4682,6.83509862179,10,
1725,307.086409657,518.368362,19458794.4165,5.3947374701,10,
1727,307.122150716,916.48458,1428278.7755,10.3501041241,10,
1729,307.944284337,43.8069972,591209.60779,8.30450908841,10,
1730,307.952728526,76.610946,618192.086965,10.2951717461,10,
1731,308.000046905,97.363419,424009.375423,11.708277958,10,
4644,566.095581126,76.63545,466777.33611,6.23032659369,1.0,[M-H]-
1736,308.066500211,882.93804,2435452.58203,0.950450101619,10,
1738,308.136164354,132.353562,719340.415599,5.81205321469,10,
1739,308.138670795,109.74453,4061598.86425,2.71423813224,10,
1740,308.150197573,493.485498,1200395.60542,2.39199726627,10,
1741,308.162269364,79.31112,6767749.41291,1.0989914396,10,
1742,308.760665431,44.4561252,238792.06757,5.15384947072,2.0,[M+Cl]-
1743,308.793215325,45.1087062,165803.285239,9.03258928999,10,
1744,308.86856649,39.172869,483293.573121,8.32892993417,10,
1746,308.962955544,889.83894,185764.698758,12.5543642473,10,
1748,309.015452876,901.82328,18121631.5115,2.13810645324,10,
1749,309.034171903,991.0374,32698259.4008,11.2851919354,10,
1751,309.057427476,772.15824,6282567.53496,4.18300252393,10,
1752,309.057777321,916.53714,2589841.94089,4.32833382535,10,
1754,309.057530667,867.84426,94253118.9359,0.385041087429,10,
1755,309.061514492,52.5753738,4795272.08693,4.01120531365,10,
1756,309.095654277,70.089378,1008364.18302,5.81402553604,1.0,[M-H]-
1758,309.080252126,50.617695,6729086.65797,6.44990953397,10,
2585,365.27791076,60.266016,200112.45486,14.6130128268,1.0,[M-H]-
1765,309.972038719,47.0863236,347938.375046,12.969419173,10,
1766,310.097168553,91.872981,7249013.40435,5.44745891349,10,
1769,310.139449295,57.709749,4129336.84306,2.60959644899,10,
1770,310.17451455,945.7953,10764291.7232,3.19379246511,10,
1771,310.779292224,46.7606958,630666.221575,6.38727683737,10,
1772,310.790149631,44.7835008,182351.383054,8.31932327014,10,
1773,310.835641532,45.445125,75647.4394467,9.2438779846,10,
1774,310.90745202,47.1127488,4419977.26466,3.00238845879,10,
1775,310.96800795,47.1127488,338643.240051,14.1381794465,10,
1778,311.088513451,1068.68502,16483380.1302,1.45304406081,10,
1779,311.117772254,611.22771,6106873.63671,11.4283782412,10,
1780,311.13555009,65.908494,275679.204632,8.69194357078,10,
1781,311.140925037,702.07272,1392737.74777,2.9504162308,10,
1783,311.169417434,1213.58076,496610803.581,1.96231345702,10,
1784,311.296225192,1388.98188,15218946.1786,3.77149211061,10,
1785,311.92870797,43.4833728,206762.951185,12.4535747697,10,
1786,311.985838689,48.0840018,267494.956741,9.6322797401,10,
1787,312.043723019,91.217889,4380483.23176,12.8222594394,10,
1788,312.061659944,44.132079,744676.405774,2.10576407313,10,
1789,312.076660618,875.97702,7601453.24942,1.24300219852,10,
1790,312.076713944,842.07888,12902612.8246,5.4835933938,10,
1791,312.12092004,519.236592,4836469.93641,7.4019153347,10,
1792,312.157279285,609.07098,4478952.51949,3.0411052615,10,
1793,312.16622709,59.630262,12064999.4504,3.28683771897,10,
2945,396.214680577,86.273652,3373214.01055,3.16402752284,1.0,[M-H]-
1796,312.776631504,46.7606958,322976.750019,8.17101819672,10,
1797,312.865747182,47.4124404,2427546.87914,12.761227067,10,
1798,312.924076888,43.4833728,1347319.57732,6.52858131727,10,
1799,312.9576047,46.128495,3353234.30785,2.3069317288,10,
1802,313.070086426,842.14398,36252824.6852,6.059484476,10,
1803,313.100353635,485.923698,2949292.99933,4.69130373297,10,
1804,313.104865781,79.619628,9756757.27577,5.8222295402,10,
1807,313.138914633,74.913675,3308851.80758,10.6228811099,10,
1810,313.159639364,609.07098,459371.407043,7.52669289209,10,
1814,314.035733763,47.437125,518298.971489,5.15539683363,10,
3084,409.05223324,90.435411,3560206.42611,5.199490667,2.0,[M+Cl]-
1816,314.070610201,86.240778,1751062.53799,1.60464744679,10,
1817,314.073254267,916.17999,845782.380044,10.9384379348,10,
1818,314.108599673,79.42176,1190518.09428,4.81802741942,10,
1819,314.105025921,868.81176,12202278.5889,6.4476670188,10,
1820,314.105003557,889.00968,5447729.3997,4.6999194496,10,
1821,314.097916962,50.9850078,1132030.4427,12.5011780239,10,
3867,482.188987447,347.494806,1743378.89685,5.7806541997,2.0,[M+Cl]-
1824,314.209301265,417.796308,86902175.4955,2.65260400026,10,
1825,314.209365211,528.09102,27077747.1686,5.16878830152,1.0,[M-H]-
1826,314.209323525,374.57742,27095798.6701,8.00577681349,1.0,[M-H]-
1827,314.795542359,45.1087062,224064.225157,4.22207750352,10,
1831,315.082124423,43.4833728,640139.874649,5.73594186864,10,
1833,315.112619773,637.77882,3153503.82112,10.7790186424,2.0,[M+Cl]-
1834,315.130316384,607.2264,771442.847518,3.64163064164,10,
1835,315.142099201,60.917142,19857780.0078,6.21052479175,10,
3343,432.210808472,82.807758,48396069.0513,4.31055087198,1.0,[M-H]-
1837,315.168000749,101.404194,13306975.8583,7.029747289,10,
3355,433.205904792,119.642922,3885455.13338,9.12096991349,1.0,[M-H]-
1839,315.168173178,174.027663,33053595.9756,2.68839994972,10,
1842,315.212550339,328.836396,5598298.78518,1.29574410311,10,
1843,315.890061295,43.1604822,789741.988183,12.7442695781,10,
1845,315.993913358,97.191408,453749.742857,13.7776279082,10,
1846,316.071846263,98.940426,5119092.66611,11.3348773005,10,
1847,316.071278969,42.8376138,349840.663803,7.15870007343,10,
1849,316.122917073,799.30578,5015683.31607,7.14613924149,10,
1850,316.137799308,47.1127488,426923.600151,5.30731681,10,
1852,316.167297066,632.30568,17218998.5001,5.54350384167,10,
2141,334.178111015,546.719124,2931205.03029,0.73192902899,1.0,[M-H]-
2063,330.204289546,402.758496,42810060.3855,3.67773344245,1.0,[M-H]-
1856,316.188361018,339.546912,12240908.8,3.45093318004,10,
3032,403.220455768,187.78719,16857284.8784,8.98750446487,1.0,[M-H]-
1858,316.188325293,214.99689,42132306.8746,7.27358689765,10,
1859,316.188324795,355.283886,6707067.38927,13.4957967141,10,
2946,396.673545651,44.4561252,187047.743434,11.8418675809,1.0,[M-H]-
1864,316.79226391,44.7835008,150292.85029,12.5385143246,10,
1868,316.987386162,42.8376138,347567.81005,13.4856848517,10,
1869,317.004343677,45.1087062,1328806.24898,3.59709392803,10,
1870,317.047213866,900.7911,10890391.0976,13.4785121813,10,
1873,317.111253768,42.4831077,181109.076107,4.25970691491,10,
1875,317.126079973,391.05843,16613023.3621,3.35569716169,10,
1878,317.191743262,186.545967,21114866.596,10.295049174,10,
1880,317.183812319,59.3106402,594126.352931,1.32891082782,10,
1881,317.887338669,43.1604822,308434.558396,13.0218066239,10,
1882,317.928646694,89.975844,3334860.56616,10.5010873592,10,
1883,317.937853339,42.5141082,823756.901672,3.72850905118,10,
1884,317.991011287,97.215432,340072.376959,13.0104227982,10,
1887,318.072291688,43.4833728,378555.404699,8.36012462378,10,
1889,318.116873989,46.4329458,83913.1368159,14.6600417925,10,
1890,318.149905785,281.524746,5275914.46742,9.29035008784,10,
1892,318.14981969,311.948742,8138508.40624,10.8306776786,10,
1894,318.810844827,47.1127488,759114.715374,11.3596218539,10,
1895,318.849643418,46.785498,1779018.20004,6.18590544603,10,
1896,318.868479088,39.141696,26323.4874947,9.5686808139,10,
1897,318.905735212,45.4613184,687685.654429,10.8343086662,10,
1898,318.966719734,45.445125,184115.407937,11.4578549737,10,
1902,319.108673399,91.95153,28527924.3382,0.984279355225,10,
1903,319.12232042,970.2441,72576169.1892,8.16347195647,10,
1904,319.171037153,86.155332,11651863.2041,9.83673517196,10,
3793,474.240440068,609.75498,5392682.72312,5.63769799,2.0,[M+Cl]-
1906,319.171207795,142.541733,3794278.17327,5.94385599443,10,
1908,319.934604969,42.5141082,271627.394842,8.94493932514,10,
1909,319.97999407,43.1637018,92336.4262972,3.61002963045,10,
1910,319.995050297,43.4833728,611035.520968,14.3024766608,10,
1914,320.081294621,76.63545,1158425.25966,8.73498621905,10,
3174,417.154240324,456.44853,328226.144504,6.01723492327,2.0,[M+Cl]-
1921,320.80801262,47.0863236,829596.628244,7.83090079291,10,
1922,320.846836604,47.0863236,592774.431914,8.05126447509,10,
1923,320.864116128,46.1155944,170427.576549,9.7882300444,10,
1924,320.936145187,47.761002,7264913.97847,5.18363048518,10,
1925,320.997970048,51.5866938,13024810.9824,10.9083943464,10,
1927,321.034123618,881.33316,55892810.5496,2.04263242191,10,
1928,321.073280435,76.69602,901186.139723,10.6774601816,10,
2782,381.090858555,928.1295,42757853.0016,8.63841788226,1.0,[M-H]-
1932,321.165774015,454.515072,843500.690276,4.19493965279,10,
1933,321.186886115,61.379799,134850.546684,13.07132785,10,
1934,321.907613824,44.4561252,1039529.61532,6.79508548397,10,
1935,321.91972911,44.7835008,67757.619601,7.99000882391,10,
1937,321.95974735,43.4833728,1084375.27227,8.55034739997,10,
1938,322.014406668,49.0615272,642334.641165,6.70573070314,10,
3495,445.093847597,85.925796,3399300.50676,9.08079371042,2.0,[M+Cl]-
1941,322.114231636,53.8491252,6063804.69365,3.12475125235,10,
2591,366.167860317,651.79404,9534212.0711,3.60330967115,1.0,[M-H]-
1944,322.154653982,632.6205,3741629.53983,7.53969516892,10,
1947,322.793906371,43.8069972,162120.581823,7.48711676058,10,
1949,322.861325885,46.1026938,110766.942793,10.3900721179,10,
1953,323.034319237,789.81354,6087899.56571,7.68679427797,10,
1954,323.03601307,43.4833728,162002.783053,11.0205893857,10,
1955,323.049696104,1011.84642,6473248.17037,14.8454451585,10,
1957,323.081030629,85.09491,11862170.79,5.21435409979,10,
1958,323.084694133,63.800142,924330.685325,3.54541559204,10,
1962,323.190521057,1226.0076,7135877.62639,7.84463843277,10,
1963,323.988110828,47.1127488,734292.675854,6.58533379904,10,
3471,443.131754778,85.645278,21299605.3626,3.24570381649,1.0,[M+H3CCOOH]-
1967,324.155022228,61.887894,10254858.3197,3.9659669113,10,
1968,324.763874103,44.7835008,618790.234357,4.16978187423,10,
1969,324.794910809,46.4573724,212614.066291,14.1452206814,10,
1970,324.82421201,45.3148578,168605.406991,9.91522984423,10,
1972,324.92313525,47.437125,2459647.81769,9.36953280131,10,
1973,324.983214723,47.0863236,750309.992146,3.62347480133,10,
1978,325.108251587,123.272745,780878.582965,3.92529386263,10,
1979,325.126065539,52.2223188,2050025.82737,4.37647643711,10,
1980,325.12923119,97.560258,7440618.533,12.0867062316,10,
3238,423.162470699,1247.93832,12309212.3642,0.698542142632,1.0,[M-H]-
1982,325.202883005,1095.2535,26392276.6286,11.167493069,10,
1984,325.954217315,43.1604822,257149.025387,13.1037897443,10,
1986,326.071693612,61.074252,12102147.1912,2.03552964082,10,
1987,326.092317372,67.676892,502264.727991,5.00368731959,10,
1990,326.172389758,318.075822,812615.611313,6.66230177439,10,
5071,620.246938385,491.887452,904208.023725,1.81765306145,2.0,[M+Cl]-
1993,326.848359037,44.7835008,59622.0024964,14.4986583922,10,
1994,326.881424026,47.437125,3827835.79449,2.66393218635,10,
1995,326.942185358,47.2854918,112711.378574,13.8492554592,10,
1997,327.023732153,1032.99378,30227878.2421,3.55125459369,10,
1998,327.031049949,47.1127488,294967.638547,8.91904037384,10,
1999,327.062260587,1070.71326,14179984.8484,3.7717713057,10,
2304,345.178623395,92.585154,144804579.537,2.11964053495,1.0,[M-H]-
2004,327.174149484,59.7851268,1066919.69327,5.91767310251,10,
3073,407.188370226,1247.98362,19775293.6124,1.74487736141,2.0,[M+Cl]-
2009,327.924330686,42.5141082,114656.332365,12.8256420916,10,
3263,427.041512348,186.506172,6677983.4195,1.71400118209,2.0,[M+Cl]-
2944,396.127446685,319.861908,67270291.9148,9.77762361412,2.0,[M+Cl]-
2013,328.113647013,52.5753738,1241993.92619,10.1331687152,10,
2014,328.12622429,81.07218,121792.744692,5.09807876434,10,
2015,328.140277033,59.7851268,3552518.77248,1.89163838757,10,
2016,328.144080699,381.330192,515330.729239,10.5402593654,10,
2017,328.139271033,499.829004,645216.038351,3.06229547851,10,
2018,328.174814814,54.4879998,1394751.03433,7.05709247843,10,
2019,328.225008123,484.682868,18274249.3452,3.52734602388,10,
2020,328.224994969,448.95231,77780203.636,3.09474804666,1.0,[M-H]-
2021,328.225043853,467.116464,21045202.4175,6.84446383062,10,
2023,328.810979677,44.7835008,271228.64447,3.44109950255,10,
2024,328.839779886,47.7353196,1027124.92381,14.1046509677,10,
2025,329.004608571,46.785498,410374.70136,9.19882863055,10,
3351,433.068539839,960.61806,4243503.79513,3.59826869699,2.0,[M+Cl]-
2027,329.020769958,1032.92502,20831928.1558,2.38179952133,10,
2029,329.041301666,52.180827,1844811.85959,6.54014853812,10,
2030,329.047740727,1075.61676,19241421.7183,5.79262396355,10,
2032,329.082085518,374.972562,34007637.7627,8.85745489747,10,
2034,329.085524505,308.583768,2524993.25942,6.10403681056,10,
2035,329.118654852,85.313412,2830516.87146,3.73643346241,10,
2040,329.183795059,143.806884,43645897.8784,6.87276872108,10,
2042,329.183819462,251.20575,11542880.9694,2.95429035265,10,
2044,329.228603713,467.058873,3645266.86821,6.90024547375,10,
2045,329.228575787,484.682868,3064702.87796,1.83692762517,10,
2046,329.871028084,43.1604822,299267.3081,9.8130328631,10,
2047,329.939775001,44.9827596,164501.724259,13.523640292,10,
2048,329.966969148,46.4573724,234109.527177,4.71108532365,10,
2436,354.054130824,71.071254,484792.243732,14.201138283,1.0,[M+H3CCOOH]-
2050,330.05849808,81.022059,136947.720149,5.84037117848,10,
2051,330.069709582,157.27314,11219979.7316,5.22659560214,10,
2056,330.138931052,495.085401,1651502.97072,6.03775371183,10,
2059,330.175077886,1017.9177,13771384.9425,2.65659560306,10,
2060,330.18773399,252.74154,1765145.25688,2.86557681993,10,
2061,330.204087558,313.911876,355726976.876,2.61133112029,10,
2543,362.173141089,543.337764,40615790.8369,12.9918713375,1.0,[M-H]-
2064,330.204242964,375.323184,53402672.0844,3.10143300668,10,
2065,330.204314073,512.992164,6164330.02548,8.01267921654,10,
2066,330.204284613,559.181742,19175408.7779,3.4693523374,10,
2067,330.204235653,351.637968,67651498.6011,1.9551617787,10,
2068,330.204233232,265.088742,33924463.5432,7.44012088651,10,
2069,330.75537322,45.1131288,373034.290838,7.13594055607,10,
2071,330.808166616,44.7835008,191542.471188,9.15863943764,10,
2072,330.965014632,48.4055028,8129979.52857,9.78713597982,10,
2074,331.017757125,1033.16343,3649548.38507,4.83231821198,10,
2075,331.014761511,960.19326,967719.717989,5.82784758011,10,
2076,331.035195348,41.2134438,64503.8602057,10.9059757565,10,
2077,331.062802791,900.73494,266485036.026,13.032859007,10,
2080,331.12032209,1047.34014,138526935.728,14.4069334058,10,
2081,331.120272591,1011.48798,52398053.0827,10.1710426062,10,
2083,331.141962781,418.770192,2918433.51383,5.13473213605,10,
2084,331.141937504,297.475731,6092749.56343,1.24015882163,10,
2085,331.126972449,42.5141082,166592.456378,7.78248106406,10,
2086,331.141937591,257.067876,4222263.45686,13.8702216757,10,
2087,331.162953859,115.384992,16261854.3932,3.43973222987,10,
2088,331.162931668,87.184422,60739877.6752,3.84107573739,10,
2090,331.207621177,314.30103,57230244.7849,2.70725144703,10,
2091,331.207888962,540.92214,9763833.5624,9.10610767166,10,
2093,331.207799837,293.265792,7875858.0844,8.37469293163,10,
2096,331.98883391,43.772133,791974.17866,9.98036039479,10,
2097,332.051679753,43.1604822,1807213.00808,5.8851632398,10,
2100,332.064362281,44.6191656,327148.064083,8.45773012578,10,
4208,517.142171006,41.8688562,697246.019021,7.84180528418,2.0,[M+Cl]-
2102,332.094673615,945.354,8161588.68804,4.03574924905,10,
2103,332.094686363,959.19972,12557514.0755,1.0196194473,10,
2105,332.12610657,472.745958,1275491.52874,7.21000999656,10,
2106,332.129531656,161.11893,1901290.19275,3.80776505103,10,
2107,332.133291086,46.785498,151866.445661,12.3765442593,10,
2108,332.165826988,407.393997,6960402.89404,5.26116845583,10,
2110,332.162937893,423.338292,711214.247808,8.45369705415,10,
2115,332.76713367,45.1087062,116015.904669,8.93981711051,10,
2116,332.82657978,47.1192618,589445.500331,6.16445527832,10,
3310,430.815620255,39.6647388,202605.909152,8.55933788176,1.0,[M-H]-
2121,333.070702062,66.730764,8361343.46099,3.76422592199,1.0,[M-H]-
5089,623.231635498,1068.82812,9053605.27821,2.84818332298,1.0,[M+H3CCOOH]-
2125,333.136208224,1087.97952,27681296.7464,6.22547827617,10,
2263,343.173039058,91.239594,65425584.2111,9.70177463123,2.0,[M-H+HCOOH]-
2128,333.165312166,62.530878,1912973.89391,4.80593103926,10,
2129,333.21501756,89.0301,5538394.43036,2.3236277509,10,
2131,334.019516766,143.39493,1338315.41179,4.38951637645,10,
2134,334.076095217,65.086776,1812144.57211,7.00952246144,10,
2135,334.124019602,545.61762,2517930.00863,2.11914323296,10,
2140,334.178228908,439.367952,6345757.91765,3.66515733263,10,
2142,334.218421777,89.0301,627810.099999,0.778083129573,10,
2143,334.235945163,59.3064102,197740.784015,11.8708214815,10,
2144,334.823986192,47.1127488,688646.431565,6.28433461019,10,
2145,334.880289832,45.6476382,250258.007365,12.6152629804,10,
2147,334.971376044,43.1604822,2520428.81552,9.22386263509,10,
2148,335.030697238,1002.02163,10378796.0388,14.6152699889,10,
2149,335.034720047,51.26883,1689268.44695,6.45229253127,10,
2156,335.136895793,298.459146,8840187.57764,5.22475711652,10,
2157,335.887628289,44.3257596,598515.692265,8.81060394974,10,
2161,336.157411273,295.790592,6796797.79128,7.02734336845,10,
2813,383.23093806,415.088709,19745656.6931,2.47660862995,1.0,[M-H]-
2164,336.251489337,60.26901,8392868.51242,4.09656099332,10,
2165,336.717858427,44.4561252,226358.748593,11.3892759373,10,
2166,336.790632871,46.128495,196752.976813,9.52370503576,10,
2167,336.821341066,47.1127488,237503.688765,8.0556140596,10,
2168,336.834786723,42.1912398,228717.231879,10.5480679745,10,
2169,336.910339718,48.0582006,6403595.62681,5.67923358514,10,
2173,337.001614697,65.688954,2933349.75238,5.18075469095,10,
2174,337.002052288,48.001389,6970621.30816,8.41907091504,10,
2175,337.044957353,87.76935,89673179.0636,2.54677142313,10,
2178,337.064289183,44.4955158,201845.301392,1.93319091291,10,
2179,337.112482849,52.2223188,19924805.4534,3.05423128793,10,
2181,337.162787153,58.671504,10099018.4954,1.48233552406,10,
2183,337.206381624,1259.46672,6579533.14699,3.61509724684,10,
2184,337.236897455,1317.19026,102579352.953,2.68914187178,10,
2186,337.884510292,44.4561252,627084.611147,3.7232992747,10,
2188,337.937735751,43.4833728,1155590.33515,10.4108920409,10,
2191,338.128995676,431.37669,643768.61358,4.01410916946,10,
2193,338.14002667,59.9444088,269930.957338,12.3675901194,10,
2194,338.14956915,163.926813,8298876.90019,4.8748401515,10,
2196,338.167527767,607.5915,3736608.88462,1.03276094673,10,
2197,338.167718999,244.579542,1790389.47422,7.30876141348,10,
2198,338.17052345,81.461604,123720.331165,11.1503288264,10,
2199,338.230737952,60.104376,233266.941063,6.15626982391,10,
2201,338.714829745,44.6527428,208276.664138,10.8743609213,10,
2204,338.963197459,47.4124404,2790254.3104,6.8825366254,10,
2205,339.008232825,790.13688,3981263.19125,5.75226776192,10,
2206,339.03320076,47.437125,563768.542257,9.09906233965,10,
2208,339.069878672,51.5866938,6820003.84845,2.84590006768,10,
2209,339.095079306,60.240987,461199.897676,13.1834819213,10,
2210,339.123888145,75.112512,5337472.55955,1.7201394852,10,
2211,339.142888609,55.9157979,4612296.26581,1.73211321443,10,
2786,381.232490109,1277.68614,5016294.03239,4.77616634846,1.0,[M-H]-
2214,339.23359914,1368.53481,10375375.428,8.05588981586,10,
2216,339.934764252,43.3234674,886600.512759,11.8766380276,10,
2217,340.029937669,42.8376138,1111417.81137,6.55378337234,10,
2218,340.051137861,55.074825,1839019.75085,3.45962415541,10,
2219,340.146851842,55.60737,360680.092103,1.04646740083,10,
2221,340.711502283,44.3909424,81248.0381593,7.18287498646,10,
2222,340.738205515,45.3148578,484611.517166,8.1608159435,10,
2223,340.837027063,45.1131288,202058.65788,8.87182219394,10,
2225,340.98622683,41.7288744,706775.069254,1.2370645694,10,
2227,341.047567917,572.842506,4484066.58713,7.83173831438,10,
2228,341.055043189,82.413462,133100.324311,10.6039951396,10,
3886,485.127885367,551.636268,1276452.46066,4.62298351587,1.0,[M-H]-
2230,341.039779629,102.771924,6108353.35519,1.61602249703,10,
2231,341.083259782,47.1127488,2471513.6032,3.80383606119,10,
2232,341.089478425,61.567002,6624374.12775,7.75545339697,10,
4540,553.17110087,1001.75748,82224879.8665,4.9345502966,1.0,[M-H]-
3996,496.180083269,54.5471559,1136943.5421,3.44260568451,2.0,[M+Cl]-
3624,457.094516943,52.5395796,3044425.78186,3.61588083455,2.0,[M+Cl]-
2237,342.009425578,54.76719,1495312.32956,4.53306584045,10,
2238,342.012483551,69.023361,619011.413974,7.1307864008,10,
2239,342.080483106,43.029384,122492.341219,9.50085821738,10,
2242,342.105841261,627.38292,4049917.56109,1.36213596906,10,
2970,398.197568774,76.69602,1737687.65906,9.95877765179,1.0,[M-H]-
4374,536.206563219,60.538206,1679046.81622,7.2273390517,1.0,[M-H]-
2246,342.167762545,283.513566,4951491.72152,2.9635723513,10,
2247,342.240575123,567.628518,75189006.301,3.4314692257,1.0,[M-H]-
2248,342.240610225,550.151484,20549954.1097,4.91626588348,10,
2249,342.240513574,607.73322,12793440.792,5.47860202658,10,
2250,342.240535024,584.72145,42082370.5258,3.97373246844,10,
2252,342.790349629,44.6048991,112094.948517,12.1269297138,10,
2253,342.855367386,47.7353196,1531611.24113,3.12953192429,10,
2254,342.88485859,46.1420268,171681.927839,11.6269627143,10,
3172,417.091258602,1000.3662,9082614.38821,2.99696470258,1.0,[M-H]-
2262,343.110612401,307.045038,24124207.5083,5.31318722845,10,
2264,343.171516559,283.219953,813226.987091,2.20311067191,10,
2265,343.19932194,150.364416,33612648.6248,12.0997968865,10,
2267,343.199365688,202.934436,31845328.8892,7.58888646528,10,
2271,343.235364128,88.477902,642980.452398,1.70318600771,10,
2272,343.902253124,45.1131288,664299.988684,4.35513781337,10,
2273,343.955283914,44.7835008,320477.208515,6.74918987853,10,
2274,344.110418596,87.184422,4604244.96345,1.30268115543,10,
2276,344.109966664,1031.77464,13474584.702,2.99534484256,10,
2280,344.183265759,110.484858,3634594.1454,3.63682269169,10,
3330,431.252069033,488.73834,13825144.8655,10.9374626352,1.0,[M-H]-
2284,344.2199114,430.678428,131514122.587,3.60608183843,10,
2285,344.219895826,509.497092,76259580.4726,3.50434170756,10,
2286,344.219851008,370.443414,55901787.6558,4.01701256295,10,
2288,344.787584346,44.7174744,273720.755054,4.1355728858,10,
2289,344.891526553,47.7353196,225945.162227,9.99640048717,10,
2290,344.980464277,49.3416966,15138591.3235,2.12986902425,10,
3386,435.065416243,960.32256,1280323.73108,7.24868655333,1.0,[M-H]-
2292,345.017543707,45.7437726,105735.935656,5.15513671913,10,
2294,345.049798557,1054.91526,1625174.95447,3.92001300137,10,
2296,345.076905674,353.663892,41361658.4502,6.14690867893,10,
2301,345.135178374,91.116762,10432793.8639,14.8634821675,10,
2302,345.13504739,745.1271,11621229.4483,4.30118203337,10,
2305,345.178496328,106.957815,31731879.1505,6.01309314815,10,
2306,345.178643197,123.197733,29387597.5371,3.46921198402,10,
2307,345.178600792,252.101205,13430503.6293,14.8149361936,10,
2308,345.178747577,219.69213,49531451.658,1.48876867321,10,
2309,345.187273583,243.640986,459896.289938,4.22525948261,10,
2313,345.899667507,45.445125,214583.052584,9.37509669252,10,
2314,345.952399236,44.782206,234790.775638,5.33188037631,10,
2319,346.10727966,1031.61972,2128102.8757,6.79257138029,10,
2320,346.148766638,46.9556364,63054.8147998,11.0772314645,10,
2321,346.170185985,627.81414,2079323.65068,5.13908917925,10,
3961,492.222791352,439.721592,1062626.1503,3.21133822331,2.0,[M+Cl]-
2324,346.181343838,374.80881,2542921.73085,10.8149607628,10,
2325,346.729585084,45.437334,379880.899808,3.11538349407,10,
2326,346.819511113,46.4573724,238694.648648,11.7495814159,10,
2327,346.850311137,47.761002,215020.728235,9.7204877434,10,
2328,346.871801645,45.7696908,444547.628062,1.57449900289,10,
2329,346.90558505,46.3096278,169537.727752,7.35008948928,10,
4136,508.986776658,49.6615818,2520366.52112,4.92079955051,1.0,[M-H]-
2331,346.962249489,44.6388216,689341.98591,1.60720754514,10,
2334,347.09425445,1047.34014,86454868.3855,12.9498045474,10,
2335,347.094115582,1011.45288,34866497.5849,9.08001995319,10,
2337,347.136862511,376.5573,8448909.0119,7.46904953126,10,
2339,347.139661862,88.714596,6690169.13501,2.11341345717,10,
2341,347.966054678,43.4833728,345842.002996,6.87373768482,10,
2342,347.975026382,42.5141082,229662.824447,2.4690542821,10,
2344,348.01505409,76.412256,706927.901262,4.92927109525,10,
2345,348.029207126,43.4833728,660115.328033,8.93784302107,10,
2346,348.034588966,917.21025,183530.372145,12.8607025694,10,
2347,348.054531862,322.18878,9646841.12377,6.85200730706,10,
2348,348.133991586,608.96988,6474508.25286,5.62098777116,2.0,[M+Cl]-
2349,348.15732196,241.194978,2540816.38877,8.19768835783,10,
3712,465.236427677,505.88529,21306873.0567,2.74820375867,1.0,[M-H]-
2353,348.17712599,439.279566,374574.656686,5.32651177996,10,
2354,348.193737896,646.79004,22557846.2002,3.80336436375,10,
2355,348.193709671,614.79942,5558988.15759,2.63940562989,10,
3476,443.252199015,574.877028,9595107.86368,5.67666906583,1.0,[M-H]-
2357,348.869091684,45.7696908,510397.345547,3.32103942012,10,
2358,348.936779802,48.5753628,367137.525743,12.1186501066,10,
2359,348.967367286,49.3416966,5387985.82294,5.45881144273,10,
2361,349.028033748,917.13072,456816.800338,12.192994012,10,
2362,349.077180838,157.436328,36261411.6723,5.1544975672,10,
2363,349.109797315,1068.45486,192651624.775,1.85955275773,10,
2364,349.109978991,1088.30688,16793820.9173,10.0253352155,10,
2367,349.935417424,42.1912398,623669.168725,3.14299852374,10,
2369,350.012683853,47.0863236,198245.740251,5.74256310774,10,
2370,350.045635572,50.9510658,1547003.03205,5.32800987012,10,
2371,350.049380572,133.3782,75606013.9024,2.07273923647,10,
2372,350.081048098,157.111824,4457288.08903,1.30946393832,10,
2373,350.103820746,42.1912398,185544.111323,13.7070933019,10,
3040,404.161566864,91.303146,2424831.30456,7.20815638461,1.0,[M-H]-
2377,350.151885092,710.7762,3256804.72089,2.07289027575,10,
2380,350.17310531,420.210678,36321129.1756,2.22679545087,10,
2381,350.17302005,382.715664,20805411.5877,2.50804247379,10,
2383,350.185893905,327.9255,5786766.15686,4.81145204115,10,
2387,350.827848934,46.0543059,84368.903698,14.5435566361,10,
2388,350.857755774,44.6527428,104327.774005,6.34871322479,10,
2389,350.925800567,48.7008198,7092233.2553,4.81279947628,10,
2390,350.964184435,49.4394108,1626807.19565,7.51045243663,2.0,[M+Cl]-
4780,581.081562563,960.63732,2275118.3005,1.46253906833,2.0,[M+Cl]-
2394,351.076429779,530.91162,14072004.0506,8.38335810618,10,
2398,351.129760371,53.529882,2976401.1922,5.62205445201,10,
3506,446.169256912,489.793476,1545574.27794,3.19985059464,1.0,[M-H]-
2400,351.176520617,420.36918,6572976.88328,3.14211421901,10,
2402,351.189577233,327.256398,887004.523848,5.46846329587,10,
2403,351.862198205,44.1308688,168372.331728,11.902700843,10,
2404,351.934457116,45.7696908,145640.114935,13.7949659401,10,
2406,352.012264834,47.0863236,266738.001813,10.0625564707,10,
2407,352.065253344,147.19293,115458.084616,3.53519846316,10,
2409,352.152081407,313.322154,35953604.7572,5.85443459321,10,
2411,352.165262459,215.269443,4987186.52865,8.72416794034,10,
1861,316.188203903,163.08444,122280828.473,1.5438501537,1.0,[M-H]-
2415,352.182966171,328.03749,1776127.06224,4.79505885925,10,
2416,352.210008159,60.582528,2894678.51859,5.92603277719,10,
2417,352.764418808,46.128495,270776.468355,4.07217708467,10,
2419,352.803322605,45.7696908,124207.761567,13.1758862035,10,
2420,352.855451854,45.1087062,216757.033077,9.79286255701,10,
2421,352.884214942,48.3798258,2691049.86633,7.44559570601,10,
2423,353.024506214,960.4398,1517616.46534,8.06829449805,10,
2425,353.085829736,52.2223188,7388387.54369,6.83174334486,10,
2426,353.1105816,60.104376,1998233.79132,3.27169616815,10,
2428,353.201271042,1210.48758,16326890.8188,4.26752017285,10,
2429,353.213410411,60.874086,326547.60912,1.10350838152,10,
2430,353.859021082,44.4561252,208710.891745,11.5716718886,10,
2431,353.915509982,43.029384,209403.663166,12.2749326103,10,
2432,353.931406011,46.1026938,79240.8459874,9.36139844712,10,
2433,353.95490306,44.7835008,264220.556766,8.75843229409,10,
2434,354.040496017,960.19326,1886725.3717,3.39776319574,10,
2435,354.046624223,44.7835008,941065.180953,3.78706500517,10,
2437,354.06598989,960.61806,3004062.04405,1.56203902714,10,
2439,354.178993031,87.847404,10490948.2063,3.54030605343,10,
2440,354.761410761,46.128495,172461.633198,14.8690586398,10,
2441,354.881424419,48.3798258,1176529.66639,6.40504589768,10,
2442,354.980501675,138.69366,9472211.9685,5.54948351729,10,
2443,355.041548405,76.955604,754077.174208,0.997071581984,10,
2448,355.089246215,42.1912398,1124472.51625,7.97396575668,10,
2449,355.109077408,378.651522,1232192.87955,4.95253885453,10,
2451,355.199608225,435.188931,7822574.57049,6.74900772486,10,
2452,355.199578174,253.667925,17058038.8868,2.87526307945,10,
2453,355.235922321,283.938642,21353294.7826,8.11856181133,10,
2454,355.856009271,44.5539828,58914.8556764,13.7240982807,10,
2455,355.884530364,43.2027612,252319.537324,11.2979698317,10,
2458,356.02822187,68.942937,2646102.71566,2.45101556303,2.0,[M+Cl]-
2461,356.181470585,59.262693,3750095.74168,4.55734840783,10,
3275,427.2570739,652.22166,6845094.00859,8.94495124487,2.0,[M+Cl]-
2463,356.712225825,45.7696908,213813.570178,8.77150251368,10,
2464,356.812333627,45.4412295,174654.914999,10.9707585842,10,
2465,356.900881174,46.1026938,865644.574618,9.35516382063,10,
2466,356.9370981,44.6527428,249001.913251,3.90298063948,10,
2468,357.02382909,48.0974046,143727.494891,2.41608630719,10,
2469,357.038639809,76.825989,314538.155412,14.0004372725,10,
2472,357.09971102,864.64587,9567666.30775,2.18226131347,10,
2473,357.095968407,46.785498,131355.086578,1.98971228196,10,
2474,357.131305254,78.88035,724983.430459,6.9975187425,10,
3005,401.241453052,542.300988,17793374.0875,6.00142088915,1.0,[M-H]-
3327,431.251764377,314.95278,5555707.80961,12.8945569061,1.0,[M-H]-
2478,358.043784781,75.538113,4395523.47616,4.80799541344,10,
2479,358.057296091,41.8688562,495450.010194,6.63302725117,10,
2481,358.139741694,60.808542,172769.240961,12.6595885336,10,
2482,358.17393373,102.832941,14803404.1623,1.76970637133,10,
2483,358.174251102,73.241136,10027201.4543,0.993772470043,10,
2484,358.173978875,117.239328,7741690.16038,2.98222716205,10,
2485,358.199432493,408.208038,2698365.83838,2.82639043481,10,
2489,358.709552446,45.777633,459937.361705,12.0199734822,10,
2490,358.898082471,46.128495,597629.43583,7.04586485233,10,
2491,358.909610773,42.5141082,157188.952813,12.0601403872,10,
2492,358.99906155,116.03736,2323153.75995,1.94039109047,10,
2493,358.996341993,49.980327,20348846.8729,1.40674377249,10,
2494,359.045188776,75.754254,736234.045234,7.1170757539,10,
2496,359.078889619,586.899138,7670476.96022,6.32292259758,10,
2499,359.094327462,1060.21272,101586355.631,2.56617747566,10,
2500,359.11133095,102.17202,313311.148087,12.0927215049,10,
2502,359.150701889,91.239594,90805618.4539,7.9458610722,10,
2503,359.159790977,607.24866,7546464.74349,2.53553689408,10,
2504,359.173355604,453.079686,3847730.12569,3.9290994841,10,
2506,359.173464952,587.025498,3583607.91253,3.97207290503,10,
2508,359.194421984,160.527264,8234808.05585,3.4094633253,10,
2510,359.868276244,43.8069972,187474.79988,14.9182753341,10,
2511,359.876997622,45.445125,462617.365881,7.39792605493,10,
2512,359.931712961,44.4561252,138649.570746,12.1142388412,10,
2513,360.017732634,71.766054,22322400.6154,1.67585640108,10,
2514,360.040481202,75.639513,583702.187401,8.1917797812,10,
2515,360.072311517,168.542022,94985334.0074,3.87140588272,1.0,[M-H]-
2517,360.072229434,191.205879,21174062.7862,2.99119464959,10,
2520,360.112768853,76.481154,445689.893676,13.3412153404,10,
2524,360.706781322,45.7696908,432243.62279,8.16673300647,10,
2525,360.7626406,44.9827596,138395.887752,10.0410913888,10,
2526,360.796296742,46.7606958,283321.767787,11.6156819481,10,
2527,360.887185709,45.4412295,463506.787381,9.96394476045,10,
2528,360.954624362,49.3416966,11976150.9098,3.70898717867,10,
2530,361.072558129,315.93003,19266738.4538,14.5482231037,10,
2531,361.112001841,59.444175,384188.639285,4.40294716516,10,
2533,361.152757913,412.6218,7797109.77183,1.9958912283,10,
2535,361.196788517,59.625657,89790.4199658,7.27469679991,10,
5439,712.822501136,48.0582006,162107.587129,12.79046096,1.0,[M+H3CCOOH]-
2539,362.082168542,59.3106402,5940625.01084,6.06725112681,10,
2541,362.132154068,80.187522,889932.312448,9.21253529096,10,
2544,362.176435436,410.040702,35404429.4072,3.02569572202,10,
2545,362.176307239,320.040324,5186155.44605,3.53449017111,10,
5482,726.406325735,617.24616,12205050.4238,1.53125461112,1.0,[M-H]-
2547,362.703991731,45.445125,191324.027814,7.0357159388,10,
2548,362.725132676,44.4561252,188569.886394,10.3285419801,10,
2549,362.832306675,46.3712868,174899.557286,6.68303309819,10,
2550,362.847179817,45.777633,370988.551694,4.91912786342,10,
2551,362.884823867,45.445125,628369.309549,4.84169182613,10,
2552,362.913076543,49.0211958,2518969.46598,10.0980507963,10,
2554,363.031982324,45.445125,134090.352489,10.8815277355,10,
2556,363.10580952,77.916834,588522.750952,4.99839217839,10,
2559,363.252487498,1337.24592,44527589.6415,7.43193753286,10,
2561,363.946086622,125.822568,790235.276805,7.5174027217,10,
2562,363.951284375,42.1912398,3265067.36745,4.26554953572,10,
2564,364.156135458,446.459178,735831.067602,12.2780504926,10,
2565,364.161431775,59.630262,6308167.35392,2.79099253323,10,
2566,364.188846081,653.49894,30143702.6628,1.02039833805,10,
2567,364.188894663,458.988822,28407085.3894,4.24028990191,10,
2570,364.843710798,45.777633,454638.90591,7.73876594663,10,
2571,364.898829266,44.7835008,168341.721473,7.51206456594,10,
2572,364.941211299,49.6615818,5334819.31249,7.60053976126,10,
3086,409.085912761,157.27314,6775001.80067,4.05355119457,1.0,[M-H]-
2575,365.07006669,76.63545,2281110.27016,5.80642297452,10,
2577,365.065268767,91.99095,1339838.82668,14.1648174754,10,
2579,365.059491007,784.08978,4614995.33077,7.97363956852,10,
3224,422.169422966,80.838252,1659398.52546,7.18413711025,1.0,[M-H]-
2583,365.241516339,60.0020394,213060.204264,13.0424318845,10,
2584,365.267894886,1358.54634,61603206.0625,6.04636599267,10,
2586,365.913043994,41.8688562,262447.358863,11.4333434375,10,
2592,366.180589106,314.30103,23143428.7082,4.92538849829,10,
2594,366.929434955,46.7606958,1243965.90598,12.8262654309,10,
2595,366.938265294,49.8065064,1869980.00099,11.5466192755,10,
2596,367.012342784,48.0840018,289435.633255,9.09225933557,10,
2598,367.039210764,49.6615818,1131968.63065,12.4748750195,10,
2601,367.111616141,56.5643688,3933560.55934,3.76751806406,10,
2602,367.155109956,110.153844,451487.916035,5.1778658751,10,
2603,367.171324661,652.22166,1800678.87234,5.93447751033,10,
2604,367.210585717,78.88035,303201.16625,8.27840741109,10,
2605,367.358791236,1437.69606,9634451.19987,4.2345543202,10,
2606,367.908375958,46.0583958,127850.734455,13.2066084047,10,
2608,367.999918268,44.4561252,181142.36644,5.78454833657,10,
2610,368.060285907,42.1912398,3127404.68956,5.83596811448,10,
2612,368.110804053,78.100773,991208.976613,6.58498348217,10,
2613,368.208576916,1093.12656,8951156.07386,7.48904515069,10,
2614,368.738270143,46.4573724,173506.17713,14.4321787713,1.0,[M-H]-
2616,368.832048756,45.1087062,245037.469482,6.33247624199,10,
2619,368.979214053,45.1131288,94595.4679521,6.52247130659,10,
2620,368.996021978,260.954994,11234754.4689,10.8653265419,10,
2622,369.050613445,721.75986,6526274.03757,2.25430487504,10,
2625,369.093692244,1055.29212,7710517.67725,1.71218104399,10,
2627,369.12485593,476.530488,647858.975725,7.97893023934,10,
3357,433.21018544,402.635148,4379921.9642,2.94934826906,2.0,[M+Cl]-
2630,369.215013445,305.027412,13584279.3287,4.37064122671,10,
3952,491.190488827,353.313654,545787.622249,2.82712305205,2.0,[M+Cl]-
2632,369.944911385,47.0863236,70586.1381674,7.90331746038,10,
2634,370.022435726,41.5660644,136908.476445,6.59312359802,10,
2635,370.040139344,960.50862,2136301.42903,3.46288192785,10,
2637,370.079611581,94.27488,7350968.79983,4.64257151322,10,
2639,370.071254217,1054.65774,634158.303925,13.8134126276,10,
2640,370.089849829,52.0996212,1234013.01242,14.3641489548,10,
2642,370.10968715,47.0863236,356438.383597,8.15655586442,10,
3850,480.203606669,89.424144,36772065.8667,1.78841696703,2.0,[M+Cl]-
2644,370.735335411,46.4329458,109597.790763,11.9602330553,10,
2645,370.790636202,45.445125,123260.239912,10.5910077953,10,
2646,370.824643505,47.0863236,504348.676695,13.0970849003,10,
2647,370.864040539,46.7606958,761172.901864,6.93643127919,10,
2648,370.883039542,44.1308688,214182.572285,13.194576277,10,
2649,370.916503319,45.777633,1535600.50467,2.28690891973,10,
2650,370.975164282,103.925184,15657419.8068,6.72253053946,10,
2651,370.982758256,49.0615272,214092.237253,14.6479135927,10,
2653,371.094334041,890.4465,68024.3065256,9.57825136995,10,
2654,371.094501751,47.0340252,276476.131373,8.35983695057,10,
2655,371.168052846,96.735774,1252677.53441,4.35607747402,10,
2656,371.180613713,96.415776,2981417.96247,5.88463561114,10,
2657,371.23079946,594.100746,17468672.3106,3.57546884029,10,
2658,371.230834022,386.492178,9346203.98552,8.39259257058,10,
2659,371.230640693,314.013996,12287171.4372,10.0969930291,10,
2661,371.230853437,412.57134,4662351.95174,2.34304785957,10,
2662,371.241992125,282.619443,2467345.60437,7.28485370528,10,
2663,371.267259478,429.53121,3766381.87786,12.6619863163,10,
2664,371.852256992,43.8069972,335138.039045,8.68683770433,10,
4212,518.060409202,42.7061352,202842.960773,10.6558502907,2.0,[M+Cl]-
2668,372.116516029,713.34822,4690251.66985,5.77377107911,10,
2669,372.109245537,42.4485582,175823.310328,12.8913558078,10,
2671,372.174891956,60.502887,1954754.40418,2.64605049617,10,
2674,372.860981813,46.7606958,132162.22663,12.7543285184,10,
2675,372.913555215,45.777633,1296206.86532,1.316276332,10,
2676,372.966215237,44.4561252,261530.428323,7.67826489633,10,
2677,373.0613308,75.400272,3034242.72614,3.89490337721,10,
3324,431.198126927,488.37657,5684591.75227,4.28770301249,1.0,[M-H]-
2688,374.006226177,48.8961186,602547.577383,6.30117723215,10,
2690,374.016101022,50.9850078,1534865.24404,5.70129387228,10,
3737,469.156498742,54.76719,1187181.6701,6.70367537156,2.0,[M+Cl]-
4076,503.219883318,101.328258,743790.256312,9.0515494137,1.0,[M-H]-
2695,374.212765148,579.785142,15566759.6639,1.17116122996,10,
2697,374.209334605,717.22476,109278873.071,4.13033453897,10,
2698,374.222586608,639.93564,2415106.02423,2.53844097653,10,
2699,374.241968856,59.9492472,840151.679136,6.32577523718,10,
2700,374.815435423,38.8227402,349890.35722,4.32887072862,10,
2701,374.927797642,45.378408,178489.332421,9.34427866498,10,
2702,374.963452318,44.1308688,131861.477834,11.4386648139,10,
2703,374.990984403,49.5214263,592907.552017,14.6152688726,10,
2704,374.993093914,1789.11273,8506577.27276,5.36711154083,10,
2705,375.065583857,1004.43342,36727201.2844,7.82323617573,10,
2706,375.089325681,876.43092,8988831.6854,2.1799449779,10,
2708,375.089393807,835.4844,15654639.4996,7.71088836961,10,
2709,375.127277701,59.262693,1331713.49378,2.5091871739,10,
2713,375.17933893,946.74108,11375173.0226,8.56474346302,10,
2714,375.941697403,43.8069972,214178.803071,11.8863670007,10,
2715,375.978879227,45.777633,87330.4962699,12.0257245597,10,
2716,376.038177344,452.39196,4588259.39815,7.0569595279,10,
2717,376.067051359,92.585154,10564467.501,3.60872429764,10,
2718,376.093230209,98.493804,5551120.75843,4.22903638066,10,
2719,376.12502687,53.2725945,455828.262087,8.18457010785,10,
2720,376.157429647,55.7478489,181646.341136,10.8635796865,10,
4315,529.279393445,746.07621,2957364.17175,1.29212689933,2.0,[M+Cl]-
3638,458.243060417,685.85682,2878588.68316,4.98038577069,1.0,[M-H]-
2723,376.704492895,44.5858905,109866.603157,5.26686774198,10,
4533,552.803194544,47.7353196,634208.842226,3.56624736037,1.0,[M-H]-
2725,376.863443117,45.445125,400511.995822,11.8912987767,10,
2726,376.899548177,44.9827596,157197.004227,12.9586046156,10,
2727,376.928491805,49.6615818,4807802.13193,4.66701916383,10,
2728,376.958422346,47.1127488,1303655.61126,12.8345007221,10,
2730,377.03771813,519.583494,7873947.27966,5.40654661353,10,
2732,377.068169249,50.0975133,1379323.89974,8.1138705597,10,
2734,377.104496872,899.7768,13209553.7827,11.8607207206,10,
2735,377.176558788,80.754042,79388.7186433,14.9171699908,10,
2738,377.869462023,44.3257596,292981.823867,10.1072132935,10,
2739,377.976373698,42.5141082,2125459.22156,4.25958508253,10,
2740,378.028635661,44.3257596,161633.268916,14.1568779009,10,
2741,378.078131508,56.6415312,2299891.18976,14.6969277817,10,
2742,378.171518398,76.215636,289287.733028,9.37966923385,10,
4273,524.285095849,625.64367,1555341.60987,6.86779771571,2.0,[M+Cl]-
4051,501.211761093,451.24383,1988054.86991,3.50172061383,2.0,[M+Cl]-
2746,378.701484822,44.4561252,281192.575749,7.68881152699,10,
2747,378.767248601,46.785498,276646.584427,9.98872851319,10,
2748,378.805980028,46.4573724,305384.640132,7.97375591368,10,
2749,378.822763266,45.9801168,128934.742705,14.5697197542,10,
2750,378.860015383,45.445125,547277.993979,7.68628139674,10,
2751,378.895745536,47.1127488,1589941.93679,5.66327302834,10,
2933,394.98548774,41.2186128,71388.5672793,14.0037977796,1.0,[M-H]-
2753,379.004926711,72.14946,3993759.96254,12.6082406596,10,
2755,379.051120466,123.449424,2607499.85965,3.16782254644,10,
2756,379.086207472,76.69602,20110406.9957,3.86621531049,10,
2757,379.11555143,259.219122,3131897.0386,10.4613768889,10,
2758,379.115685043,493.293102,697078.233559,12.456727716,10,
2759,379.176298361,649.85544,1868677.58663,13.5517306569,10,
2760,379.173425552,88.477902,6031623.98842,0.342725549198,10,
2763,379.866603566,44.4561252,396777.318829,1.67324329648,10,
3652,459.872056612,42.7061352,168846.056485,9.90412827283,1.0,[M-H]-
2765,379.95218054,48.7282422,338682.33163,9.26582754241,10,
2767,380.119352848,259.469523,499536.969616,13.4108051517,10,
3987,495.124169616,60.369966,3044261.73239,5.5526479356,1.0,[M-H]-
2769,380.231254818,404.301987,8954932.60928,1.93068527411,10,
2772,380.819562262,46.1420268,192051.567587,10.3861282766,10,
2773,380.89242388,47.4124404,980532.271338,5.11055031831,10,
2774,380.945513663,46.7606958,2536602.86545,3.46579943016,10,
2775,381.036856122,113.836038,9356189.59437,2.60270560014,10,
2777,381.048379964,76.683855,667931.661145,10.3281433231,10,
2778,381.053812296,470.196774,528778.274056,4.02481336005,10,
2779,381.046328946,114.487392,18003816.4871,4.99457290245,10,
2783,381.09077488,962.40138,902212.201956,11.7078734595,10,
2784,381.164173515,81.18903,143556.588177,13.7337191391,10,
2785,381.213022694,60.589014,2487487.65391,3.72800885353,10,
3533,447.271429978,1358.85756,8485626.33832,6.26265617938,2.0,[M+Cl]-
2788,381.863642851,44.4561252,218932.103804,9.50913882969,10,
2789,381.91569771,43.8069972,151216.136894,9.04935030761,10,
2791,382.038991102,114.733872,1295924.90596,10.2111799348,10,
2793,382.118469838,707.83731,1404988.93109,9.74721600743,10,
2794,382.150719063,105.61047,5105309.12012,2.27225492974,10,
2795,382.216579169,60.582528,279661.068916,7.74279644051,10,
2796,382.695639726,44.4561252,171153.240068,12.0265098613,10,
2797,382.723270038,44.7835008,267281.466034,1.96117530115,10,
2798,382.753826215,45.9801168,105962.34034,12.9485793104,10,
2801,382.968285107,1736.18907,236813.425864,14.7988185772,10,
2802,382.995086432,44.7835008,247217.717123,6.85887905467,10,
2804,383.104038799,358.949034,341086.061223,0.52414977886,10,
2805,383.115178888,238.379844,12650580.097,4.69251906425,10,
2806,383.115464692,66.551622,3957861.3183,3.36744628438,10,
2810,383.194138655,87.958014,4495145.5943,2.36600367482,10,
2811,383.203842917,60.104376,263508.71167,3.6663481863,10,
2812,383.228642545,58.99089,775159.58556,8.19670572293,10,
2814,383.230904427,371.99472,36050618.2319,1.6064650818,10,
2815,383.230918938,567.579648,8000081.65729,6.13642482188,10,
2816,383.975157413,44.4561252,144605.996142,8.90355881579,10,
2817,384.077493615,66.347088,609140.595708,4.38950093885,10,
2818,384.105357987,52.7157813,4768994.34914,5.10883920802,10,
2824,384.720401387,44.7835008,529299.355095,4.55849733375,10,
2825,384.840294991,47.0863236,1086535.29213,3.50973977918,10,
2826,384.879931335,46.7730969,548388.755169,12.548220215,10,
2827,384.901454403,47.0863236,414297.308152,14.1211300674,10,
2828,384.931818295,45.6476382,767613.537613,9.16081459984,10,
2829,384.956992896,45.9801168,249299.721128,10.2373707231,10,
2830,385.067949429,1054.91526,5733215.54295,2.1108892263,10,
2831,385.07473581,102.62241,3153931.69506,3.71863306892,10,
2832,385.104443102,75.976206,592128.145015,6.13365093409,10,
2833,385.126953656,60.502887,411950.032578,11.9923206338,10,
2836,385.246652933,560.971443,8999462.71821,8.17665514319,10,
2838,385.933285709,42.7718745,499825.372334,6.10306059536,10,
2839,386.080414407,70.330146,1213751.33097,13.1745408591,10,
2841,386.085819319,176.117634,1003047.18923,2.83756823787,10,
2842,386.176605441,52.2568812,177458.713153,12.7277682464,10,
2843,386.717616945,44.9827596,474895.942175,8.13230518744,10,
2844,386.837732291,47.0863236,1190880.2442,3.76066966715,10,
2845,386.891644133,46.128495,1194121.45185,5.01650039028,10,
2846,386.929139453,45.9801168,829033.073272,5.41794316616,10,
2847,386.963972955,46.4329458,166751.899621,9.64877886188,10,
2848,386.981824775,44.4561252,224338.029629,5.6982409374,10,
3026,403.074847257,186.506172,3106240.98675,2.90775381091,1.0,[M-H]-
2852,387.115874997,53.590596,5455144.5989,5.5479815656,10,
2854,387.189440209,209.466366,9824547.57861,8.1381106365,10,
2855,387.225911605,460.206216,39082582.0554,4.95606456365,10,
2856,387.917463132,42.5141082,228461.391647,12.3703434755,10,
2858,388.067928574,41.5126086,108530.38895,8.81842794713,10,
2859,388.129028199,313.838094,860686.916423,6.6753231851,10,
3637,458.242118199,617.55156,7545140.47294,1.54032708853,1.0,[M-H]-
2863,388.208458271,648.588,2559880.94012,3.70413972621,10,
2864,388.714684679,45.1131288,226274.575723,9.59863038368,10,
2866,388.88866916,46.128495,1031978.74524,4.58150947746,10,
2867,388.924258935,47.7353196,2383646.77826,9.65865782795,10,
2869,389.106785281,52.8561888,8619641.46796,5.35691254071,10,
2870,389.121277811,102.471975,497927.122485,8.43953944426,10,
2871,389.147765446,472.588464,4229874.24266,3.8389321038,10,
2872,389.187382686,277.695378,7595847.37317,10.3744183968,10,
2874,389.21153047,617.9439,495719.32852,6.79230624761,10,
2876,389.990223202,51.26883,1345172.48519,5.81063810041,10,
2877,390.030809345,76.376778,1177812.73433,4.90564892982,10,
2878,390.044520453,44.0965083,140747.366359,8.25409672545,10,
2879,390.057585781,75.675726,2816211.20482,1.38104781923,10,
2880,390.087346328,128.02518,3250388.10811,3.38624636395,10,
2884,390.921013171,47.761002,634749.680483,13.2649589909,10,
2885,390.974453316,47.4124404,3055861.41627,5.44690644864,10,
2886,391.019699913,44.00037,2132147.72389,6.73669138888,10,
2888,391.059203763,75.537999,865669.864802,4.45720036241,10,
2889,391.083246848,163.679472,725488.456024,6.33217816735,10,
2890,391.083697799,50.9510658,4854901.79105,6.24084776712,10,
4074,503.142245349,79.824711,445043.384231,11.4513751976,2.0,[M+Cl]-
4388,537.171230825,764.93334,875973.57904,3.79169967391,2.0,[M+Cl]-
2894,391.209669855,522.940164,15663615.1489,3.71246643355,10,
2895,391.917885679,43.4178054,148897.931404,10.3458565784,10,
2896,391.960328775,50.1742446,159595.337857,13.2128756925,10,
2901,392.066595493,115.988739,1906354.67196,5.62003451032,10,
2902,392.158540156,148.9197,1647565.1923,1.61098158712,10,
2903,392.192812966,61.823214,247224.136171,4.21738324242,10,
2905,392.782739156,46.785498,351819.716932,8.38979386526,10,
2906,392.911585864,47.1127488,1579704.19133,5.63899111224,10,
2909,393.069022727,423.919134,2305910.85016,5.50628052096,10,
2910,393.152602405,84.938358,44679542.4679,3.1632913866,10,
2912,393.192141081,551.983152,16188959.7622,5.62921251422,10,
2913,393.188050663,52.7889,1384528.7552,7.64250600312,10,
3075,407.288659283,60.538206,670383.040073,6.59278080555,2.0,[M+Cl]-
2915,393.687259812,435.388068,495915.164714,7.07561101834,10,
2916,393.845340414,44.4561252,261957.725928,4.37136187824,10,
2917,393.952942213,42.5141082,620161.011092,4.00429436919,10,
2921,394.078690726,43.0006578,107881.233334,14.6892995905,10,
4084,504.17686318,77.336772,1128653.21573,5.80669490636,2.0,[M+Cl]-
2924,394.169898707,58.8262416,2568016.14154,5.17895395398,10,
2926,394.199127735,375.941556,12978999.19,4.32166572998,10,
2927,394.676623178,44.4561252,187964.06653,5.70172257604,10,
2928,394.835465637,45.777633,235420.671507,12.1354840783,10,
2929,394.869163871,47.437125,2287103.56417,3.96288267081,10,
2931,394.961012944,46.7606958,2515575.65056,6.62770691217,10,
2932,394.986345133,156.54819,12795098.3681,10.961528334,10,
2934,395.010689329,44.1308688,188669.072046,3.28680915469,10,
2935,395.04537421,452.67444,680405.014209,3.51813668497,10,
2937,395.063697636,76.73226,5924116.65403,2.59482012887,10,
2938,395.070414525,52.2620328,1826361.83978,9.89221262443,10,
2940,395.24475072,1154.84784,16344776.26,3.99376453811,1.0,[M-H]-
2941,395.84207431,44.4561252,386516.025843,8.04831248403,10,
2942,395.947105415,48.3798258,153675.373747,14.9038300432,10,
2947,396.798721838,45.1131288,106667.624565,13.0761018478,10,
2948,396.827365706,47.7353196,500017.282842,14.0064747356,10,
2949,396.866172542,47.437125,1597535.06507,7.65129562631,10,
2950,396.920507872,46.9112619,1904916.6707,12.2907145303,10,
2951,396.957748464,46.785498,1290812.48946,2.95143937073,10,
2952,396.992536748,47.0863236,193614.179904,14.7589184295,10,
2953,397.009308305,645.4074,1871733.01037,7.75135408645,10,
2956,397.073506043,52.2568812,1843975.64165,6.85031880618,10,
2960,397.246481308,465.553848,8335156.50914,7.47288391432,10,
4751,577.300233699,564.157626,515521.610664,1.49124923636,2.0,[M+Cl]-
2962,397.249890703,1154.5305,474335.508484,5.98733470334,10,
2963,397.839148504,44.6527428,189484.336154,13.3738496013,10,
2964,397.86555624,43.3234674,196046.167613,11.4113727206,10,
2965,397.956403805,46.6361136,71636.0910082,3.49839117226,10,
2966,397.987298679,1716.46128,350377.447721,4.66476933329,10,
2967,398.120820295,52.7889,5622811.30309,5.20107149058,10,
2971,398.217931928,677.7933,2142723.6077,2.50006689035,10,
2972,398.670368637,44.4561252,102290.099665,10.7143276695,10,
2973,398.697371346,45.1131288,304488.90708,12.5364124161,10,
2974,398.719373714,678.18192,880252.454414,4.02212675151,10,
2976,398.855085839,47.0863236,601848.999543,14.8601089941,10,
2977,398.917132027,47.0863236,947687.638265,5.91535422126,10,
2979,399.008040056,44.456571,90014.5440549,9.33412981555,10,
2982,399.105572497,60.403608,1751884.96586,5.60021953663,10,
3300,429.236274031,418.829046,16081479.0867,4.56142943543,1.0,[M-H]-
2985,399.262102007,690.588,8674215.11323,10.3879991274,10,
2986,399.262109915,664.23474,8028188.78911,3.15276618658,10,
2987,399.262214586,495.261702,3696179.52088,9.18790724118,10,
2988,399.262217388,521.204664,3201892.05771,0.956812042913,10,
2990,400.158906379,78.88035,2238499.59571,3.84395295821,10,
2991,400.195364319,72.920508,2605787.88763,1.94108642076,10,
2992,400.230455527,379.900842,1593003.92217,7.09352831142,10,
2994,400.813755813,47.1127488,666234.733118,4.58181329086,10,
2995,400.853270432,46.9622358,754024.921089,11.0720110725,10,
2998,401.092459199,46.1026938,349042.021354,6.42409744976,10,
2999,401.168366892,88.273764,3696240.98037,4.98302572344,2.0,[M+Cl]-
3328,431.251960963,397.589988,8620085.49208,2.91830958519,1.0,[M-H]-
3002,401.20488025,325.047696,16045332.6091,5.94252703153,10,
3003,401.224600423,393.493482,683235.457911,1.00582115946,10,
3794,474.257927153,592.429878,15658589.4917,8.94333487262,1.0,[M-H]-
3006,401.861420544,45.1131288,317918.883581,6.41881998618,10,
3007,401.897183345,42.5141082,560641.965873,5.36389491459,10,
3008,402.038591122,50.9510658,1198396.86984,11.9971588601,10,
3011,402.134730129,78.458628,2295821.15286,6.40197701136,10,
3339,432.160430392,54.2555517,1274241.8677,3.55303940583,1.0,[M-H]-
3013,402.187411963,586.476615,686889.8735,6.86801525461,10,
3014,402.235957821,527.393748,1410412.05746,7.53920606846,1.0,[M-H]-
3511,446.673568335,45.1087062,226901.441914,9.2834221298,1.0,[M-H]-
3016,402.746079134,44.9461035,146547.344747,11.3556453595,10,
4911,596.838793559,46.2578841,161734.6559,5.81442382684,1.0,[M-H]-
3019,402.866894916,46.4573724,518724.039097,7.91448625884,10,
3022,403.001382097,51.5866938,9819618.25326,9.12314054378,10,
3023,403.054215118,46.128495,93379.5425651,11.0061315806,10,
3024,403.081266713,922.1382,14046545.7652,10.3344983113,10,
4007,497.038852807,452.331438,269107.434076,5.02766428837,2.0,[M+Cl]-
3030,403.184201078,41.544738,260692.522366,7.81016321524,10,
3031,403.20296026,510.565344,11364361.9208,3.17333410592,10,
3033,403.220497975,162.561693,10319028.8599,4.93310330989,10,
3034,403.265069603,1411.02096,19175595.9127,2.73602620622,10,
3693,464.023339208,77.052258,3702122.10052,3.01431125077,1.0,[M-H]-
3037,404.118007818,54.0689085,578283.998427,7.56932966757,10,
4059,502.136265118,422.327703,1648720.19782,5.14928349547,1.0,[M-H]-
3041,404.25204575,88.128912,165290.62409,10.0344598125,10,
3043,404.688768719,45.437334,363913.594952,7.39780472187,10,
3044,404.742947912,44.7835008,127664.675674,11.3108793646,10,
3046,404.830514626,45.445125,84312.1403072,9.69584902178,10,
3048,404.898048434,48.0582006,3149931.36167,10.3883897104,10,
3049,404.921527707,45.4574229,59515.6252846,14.922426977,10,
3050,404.956428675,44.3257596,168745.60221,11.4092231933,10,
3051,405.102160393,145.84215,320630.795767,12.3759323296,10,
3052,405.099195299,51.5866938,8283755.13998,4.78282812252,10,
3053,405.117578989,92.187468,8913683.35662,7.54216041601,10,
3058,405.215244126,583.217286,27731144.4156,2.65446684232,10,
3059,405.215173188,719.76612,11906839.9568,3.284165005,10,
3060,405.225232347,643.15272,12928576.0187,2.64170480729,10,
3061,406.048945283,78.88035,516913.904442,6.02639992522,10,
3062,406.199239494,503.615865,1318742.49752,6.17090048904,10,
3064,406.235714695,524.258142,10115500.1915,3.49530568188,10,
3065,406.685610699,45.1131288,108921.726524,6.9308585212,10,
3066,406.827964804,45.445125,148478.756603,3.50742220169,10,
3067,406.927293579,47.4124404,545587.630332,13.5810400942,10,
3068,406.949384824,47.7353196,2145466.95447,9.97234967489,10,
3070,407.161389211,178.822386,75314952.4595,1.7035717229,10,
3072,407.193677878,181.364172,6678597.34504,11.2089291368,10,
3076,408.002186248,93.06219,665050.399588,9.71279111528,10,
3077,408.11313657,65.045094,436773.158294,6.55504323409,10,
3080,408.174185782,58.8810258,930585.436845,2.24247256809,10,
3081,408.197187494,755.27502,9962686.159,3.07086025797,10,
3082,408.198130366,260.593992,1732330.30346,1.54954661806,10,
3083,408.884883182,47.7353196,2314813.46227,5.72088403654,10,
3319,431.112910604,1070.02464,28808525.5118,4.94117695117,2.0,[M-H+NaCl]-
3089,409.14668819,1213.9149,12313058.0394,2.51224169134,10,
3090,409.210308548,484.160328,24312897.9098,3.58786351818,1.0,[M-H]-
3091,409.312095382,1429.96278,10879874.2384,3.47343458941,10,
3093,409.909058561,43.1604822,152291.491502,8.4618352817,10,
3095,410.029595127,41.2186128,170659.700592,14.6122221612,10,
3097,410.177230757,313.838094,1237128.45645,5.11975702289,10,
3099,410.723324573,46.128495,169598.390754,14.3919900651,10,
3102,410.987206784,44.00037,126632.238218,11.2361067008,10,
3103,411.008154528,46.800528,211775.551584,14.1244111152,10,
3104,411.044334867,52.2223188,1946787.29724,9.38088846534,10,
3106,411.088881072,52.416741,1844571.97944,11.1810150435,10,
3107,411.108704294,686.8845,2266557.60429,1.20433298477,10,
3108,411.127932784,348.33756,2851717.06581,2.96909171594,10,
3109,411.124599192,63.479148,1738970.33696,4.68499170715,10,
3110,411.141877969,186.478452,7585940.06126,2.20576706244,10,
3111,411.166084928,253.659996,8351945.5188,5.2241180766,10,
3112,411.262330726,657.7518,7628506.20656,14.7109161606,10,
3113,411.262340007,534.606624,6226753.81929,5.25610207183,10,
3301,429.272755833,574.921008,41286678.2076,2.6145351274,1.0,[M-H]-
3115,411.262303489,557.549892,12847581.0058,2.5871463289,10,
3116,411.262281984,615.51366,3639646.45954,5.18751042438,10,
3117,411.817401254,44.4561252,157041.57751,7.32233943714,10,
3118,411.913611244,45.1131288,89501.1843407,10.5207957715,10,
3120,412.051739335,90.971172,504858.135023,5.41238439928,10,
4356,534.22521212,371.096274,707581.422945,3.06636189083,2.0,[M+Cl]-
3124,412.265912564,574.192494,11393584.8751,3.56104138043,10,
3125,412.773573243,45.445125,137820.463632,8.7065105956,10,
3126,412.895937577,47.0863236,907997.20456,4.40619482121,10,
3127,412.932414708,47.3850468,1106923.26915,7.49940436207,10,
3128,412.968320881,48.7008198,4370682.00641,6.89611936134,10,
3130,413.035989445,42.5141082,341516.45705,8.1684967628,10,
3132,413.103714287,186.506172,1159412.28473,8.32131764874,10,
3133,413.105507783,687.1272,659090.466172,9.04495730903,10,
3134,413.09715577,56.9625252,6173667.40977,2.1382870612,10,
3135,413.152729163,669.11376,9794579.54788,3.00503241518,10,
3136,413.205289808,361.623012,3297942.18584,3.1171966063,10,
3137,413.241632826,491.446302,47219520.5769,2.80664259056,10,
3138,413.241581325,513.857226,28296808.2402,3.03735890595,10,
3139,413.277967649,591.687378,5205864.29402,6.52768521921,10,
3140,413.814501743,44.4561252,63825.4318591,9.05422624406,10,
3144,414.209099975,361.505778,640697.86039,3.87499180623,10,
3145,414.236823301,277.186995,19905082.0294,2.78963252803,10,
3146,414.245631695,513.622005,5322333.47568,2.95923754883,10,
3149,414.671318395,45.437334,175392.170354,2.60804902989,10,
3151,415.051079811,42.5141082,959342.758857,7.19056273599,10,
3903,487.12764037,59.465628,401544.221735,14.3543876541,1.0,[M-H]-
3153,415.139402685,1069.23234,20550188.7254,3.80525673896,10,
3156,415.184731278,425.081562,1264477.07787,11.6304226463,10,
3157,415.195341625,229.06311,2064442.74037,2.6471564618,10,
3158,415.20304608,618.22152,4547318.51639,7.67526428708,10,
3159,415.257075216,369.874776,3057650.28032,8.70060772119,10,
3160,415.257245087,524.633502,59762090.5759,4.23579028937,1.0,[M-H]-
3161,415.257062679,386.492178,340541.508224,11.539709292,10,
3163,416.195011544,451.24383,4591787.13336,2.96503540603,10,
3168,416.955205371,48.7008198,3112025.64853,8.30948553258,10,
3169,416.974675581,44.0662245,198720.950797,9.43159237257,10,
3170,417.014298668,114.034257,1198364.29124,6.61856075151,10,
3171,417.070488327,46.4329458,87283.4547876,9.50496298945,10,
3173,417.112712656,80.331786,148669.024012,5.06206024533,10,
3175,417.160188738,1291.74306,260820328.158,7.70270648093,10,
3177,417.211411478,1301.95002,39599436.2789,0.742591365809,10,
3178,417.236474671,285.466392,35798255.539,3.50082953262,10,
3179,417.236508886,405.8532,31723831.4183,4.34135279742,10,
3180,417.236537813,513.917418,25473151.5361,3.11768608116,10,
3181,417.247942842,91.87134,613638.725382,8.09337597124,10,
3182,417.272551953,86.76174,718351.765729,3.95938754489,10,
3183,417.323209431,1397.08626,9603680.01489,4.10490116922,10,
3184,417.835866874,45.445125,336781.28068,9.92082121701,10,
3185,418.031099658,168.902298,691065.545757,2.71729386061,10,
3336,432.06806002,75.400272,12919828.0481,2.44896104911,1.0,[M-H]-
3187,418.130022011,141.335682,1992831.10659,11.0339208044,10,
3189,418.267409981,87.532656,405767.396451,12.6773918145,10,
3191,419.005971482,49.0615272,4237015.24815,10.2825488464,10,
3192,419.053933891,75.55863,1355568.79588,6.50129271463,10,
3194,419.115284766,51.9044556,6551822.18005,5.92244208278,10,
4206,517.070102566,1026.34392,11248243.7426,4.50562338587,1.0,[M-H]-
3196,419.139965388,59.9008338,2433781.46668,7.49029455158,10,
3198,419.24012538,1316.9196,12423479.1656,2.02525726086,10,
3200,419.917321484,48.4193862,275447.233042,8.97561266337,10,
3201,419.991900842,49.6915032,337412.727606,6.54304471819,10,
3205,420.806220172,45.6476382,99649.4166033,13.9198554366,10,
3207,420.910782858,48.3798258,1826858.80569,4.00703005576,10,
3209,420.956248631,43.808694,63350.8331878,6.06430364714,10,
3211,421.03690699,48.0582006,388338.03802,6.29235779192,10,
3213,421.078858473,85.33041,5045642.30843,5.04839713686,10,
3215,421.166208254,443.534322,10506799.6095,5.00119539195,10,
3216,421.16029635,97.980156,862338.364276,2.06912994743,10,
3217,421.19438848,52.8561888,7324346.1293,4.14675969085,10,
4723,574.246347894,607.09884,795603.752992,3.63680770072,2.0,[M+Cl]-
3219,421.227656616,1244.6658,14624884.8663,4.96501954459,10,
3220,422.055176228,54.4905318,469459.187902,8.0861107649,10,
3221,422.090929949,61.193838,7773498.17295,5.04791473758,10,
3222,422.157747348,184.634196,28709931.6212,8.40645642426,10,
3225,422.188311782,605.87676,2244557.461,3.90534877683,10,
3230,422.80275119,45.7696908,179744.177515,14.6236609487,10,
3232,422.959860116,48.7282422,728551.572344,7.11366163755,10,
3234,423.038322279,721.92834,5221144.78604,4.58224497157,10,
3235,423.07238781,105.949848,335182.370234,9.93165551222,10,
3236,423.087054512,47.2625946,427754.451993,10.6493358477,10,
3237,423.15300905,83.754516,22023767.6395,1.05792339772,10,
3239,423.171719006,536.676606,4330626.70614,0.916317860081,10,
3241,423.995782893,586.576902,7595246.92138,4.79269699221,10,
3242,424.001254748,77.052258,596882.98787,6.22325355971,10,
3243,424.013140015,54.76719,905399.642132,6.45113955327,10,
3244,424.050912981,59.8647678,3060568.46297,4.76966942344,10,
4822,586.190286333,102.771924,1051838.92519,8.34914479929,1.0,[M-H]-
3246,424.156610264,84.038652,4155286.01728,4.15607144114,10,
3247,424.197918662,396.905118,3098961.16237,2.53860807135,2.0,[M+Cl]-
3248,424.738962741,45.7086645,102522.627503,14.4730301357,10,
3249,424.858601529,48.0840018,1358210.80187,4.75870839818,10,
3250,424.920026058,48.0840018,90714.9047892,13.2328228875,10,
3251,425.066304455,186.055716,2673020.87729,5.02004188052,10,
3252,425.082051929,42.5141082,6809865.30635,4.53022644483,10,
3253,425.089525644,80.434239,572738.725281,5.61395026089,10,
3567,451.16130714,425.231322,6562318.93784,5.03338122011,1.0,[M-H]-
3256,425.204954619,85.056825,528258.896118,11.158940587,10,
4017,498.232078537,60.263022,1726020.19658,4.12397042428,1.0,[M-H]-
3260,426.790384629,45.1480182,122624.882197,4.71190085254,10,
3261,426.825949731,46.1026938,129438.781111,1.81147359851,10,
3264,427.042851093,113.545698,871831.886764,13.3585472913,10,
3266,427.123340178,90.48501,29122901.1523,1.90398347065,10,
3267,427.168220058,46.785498,360630.316079,9.00296501491,10,
3268,427.220629487,493.459974,1637662.14432,1.20598239904,10,
3269,427.227209967,566.53554,2103261.37292,6.01892888871,10,
4108,505.24161809,468.295977,198130.628039,2.79224759338,2.0,[M+Cl]-
3272,427.257105633,535.987608,45134746.65,2.67715576667,10,
3273,427.257153504,503.877456,3978088.48646,2.43291001637,10,
3274,427.257067874,434.781774,8194514.09841,14.6709030389,10,
3276,427.256948591,565.112181,4401282.93688,2.57062938536,10,
3277,427.257073994,520.858182,5787729.02199,4.07401867548,10,
3278,427.723948932,553.671507,720136.771385,5.28419585401,10,
3279,427.727874369,566.379327,967348.85221,2.69931559891,10,
3280,427.987853493,49.7015268,463301.727731,4.39810358336,10,
3284,428.250954429,569.036091,1638860.62234,2.52663648925,10,
3285,428.251276817,584.907636,535671.11698,6.54829015464,10,
3286,428.261056094,468.861699,7047239.25947,4.02840060267,10,
3287,428.783917234,46.7730969,213081.153746,6.31989660189,10,
3288,428.823483025,46.0583958,171683.485123,14.8478302557,10,
3290,428.978358153,163.841688,1234344.71045,2.37234434811,2.0,[M+Cl]-
3291,429.013685252,42.1912398,332963.533448,9.11295120974,10,
4244,521.083132935,645.67842,11687313.0107,2.75203417919,1.0,[M+H3CCOOH]-
3294,429.096806186,60.480726,1031226.14666,2.21208810569,10,
4417,539.23540782,650.63076,2864403.85452,3.30157651181,1.0,[M-H]-
3297,429.19962934,167.862396,5262221.93591,13.5375708118,10,
4079,503.24817554,185.595312,20647691.8655,9.04564945096,1.0,[M-H]-
4160,511.261423475,60.538206,823718.973229,9.63298726405,1.0,[M-H]-
3305,430.208508824,52.8746595,2550057.51739,6.0839433375,10,
3306,430.231555289,465.226272,11314782.0905,6.83861101282,10,
3309,430.644087885,44.4561252,84885.0132359,9.10844037029,10,
3311,430.864174943,43.0006578,184303.507809,10.8736594584,10,
3313,430.970529875,49.933806,2027576.52548,10.5066313882,10,
3315,430.976608016,43.1604822,365422.577897,10.6617106153,10,
3316,431.027375635,41.2186128,14108906.3113,4.64274762358,10,
3318,431.038707316,66.873492,329071.316529,10.1701503958,10,
3320,431.141870223,53.174202,588268.56033,9.45261170256,10,
3322,431.179224197,116.976321,5422007.65026,7.73750138299,10,
3323,431.178629499,886.63128,711239.751295,4.66154487563,10,
3326,431.23508102,464.99445,2119967.14056,8.31622802033,10,
3329,431.2518949,343.55133,2951362.21107,1.92208317417,10,
3333,431.708386124,540.832311,3001199.34192,3.76469606236,10,
3334,431.708377841,505.141836,2666791.32559,2.90972659142,10,
3338,432.153167065,106.826898,4581282.74261,1.25546886231,10,
3341,432.191721245,96.483531,195658.745978,11.7424546752,10,
3344,432.210789962,260.954994,38952143.6272,4.98055659591,10,
3345,432.83344893,42.7061352,192387.808517,5.80356495154,10,
3346,432.86112987,43.0006578,180813.749976,8.22446142861,10,
3348,432.973573321,43.8069972,269624.719524,8.96047548954,10,
3349,432.97229824,164.413434,304154.559018,2.12700685889,10,
3352,433.083045932,93.4551,354965.484117,11.0638535913,10,
3353,433.08599846,865.06092,383473.289724,2.88832588277,10,
3356,433.210302271,481.269432,16204460.3829,6.48221943009,10,
3358,433.214297542,260.593992,7246912.92114,9.55313285,10,
5718,867.460164694,489.953226,5812075.30982,3.40004284734,1.0,[M-H]-
3360,433.72797537,489.627858,794169.507609,2.72223378087,10,
3361,433.953220699,43.2579183,97949.3701245,12.4939603055,10,
3363,434.007066252,50.5711821,582854.047076,10.5247113281,10,
3367,434.126876226,51.26883,331211.159336,11.5990369588,10,
3368,434.157546545,83.993478,5887903.515,1.65989203544,10,
3369,434.157426258,187.46706,1621503.06735,10.6433117146,10,
3370,434.151990171,486.823362,887593.863606,2.28394337529,10,
3372,434.205029025,415.313586,7122172.2809,4.7966174638,10,
3697,464.216097606,539.056236,24862108.8389,4.83879580888,1.0,[M-H]-
3375,434.214334061,577.699146,1218989.87831,10.2554153319,10,
3376,434.21460787,550.944132,4234402.9468,6.5044182677,10,
5722,869.476001534,624.96708,3263941.56374,2.54575937504,1.0,[M-H]-
3380,434.80201637,42.3542811,168289.293625,1.12689179443,10,
3381,434.887444086,48.7008198,2945660.84726,3.00229068881,10,
3384,435.031856849,76.63545,573536.997377,10.6548318149,10,
3385,435.052063498,48.001389,222368.234671,7.29100319449,10,
3389,435.237122726,398.363241,7580569.7821,4.59640806376,10,
3390,435.246745482,100.85742,1378800.72342,8.34737153677,10,
3391,435.8908537,48.6518025,137154.264281,12.6718913464,10,
3392,436.130312976,104.09478,3498432.38257,8.97095271164,2.0,[M+Cl]-
3394,436.230814625,99.847596,7736063.6517,8.1566278829,10,
3395,436.231279283,65.045586,240645.993204,5.35005055224,10,
3396,436.241237789,91.87134,709452.245585,13.455865488,10,
3397,436.660774255,44.4561252,229552.043848,8.77611840973,10,
3398,436.818613173,45.445125,275490.498256,3.93720925796,10,
3661,460.889903106,49.6615818,670381.452838,9.93433856422,1.0,[M+H3CCOOH]-
3400,436.873899067,44.782206,101045.214816,11.9292810153,10,
3402,436.940276249,48.714531,1635094.24616,2.23692849656,10,
4121,507.05010827,47.451279,123016.931534,9.56205966957,1.0,[M-H]-
3404,437.046925526,51.6038508,2405472.07166,3.93442851789,10,
3405,437.124447942,123.920664,908477.928644,1.77512306872,10,
4349,533.206033294,52.1782512,736085.129783,9.81445953864,1.0,[M-H]-
3408,437.181848218,582.478314,4714496.53099,1.52669332108,10,
3409,437.186693974,51.94428,1948679.24602,5.67745578794,10,
3978,494.299711363,631.92228,34957926.5621,2.28612481131,1.0,[M-H]-
3413,437.825915921,44.4561252,144505.761049,11.105684192,10,
3414,438.028649069,55.4490336,945121.842007,7.05070983123,10,
3416,438.097861256,46.709775,82390.9446519,0.735956682636,10,
3421,438.244946276,632.27214,172868.871124,4.25971952155,10,
3422,438.657524163,44.4561252,286853.19933,6.88152558695,10,
3423,438.778161527,45.906303,82189.9358399,11.6338974362,10,
3424,439.062868807,47.5109043,242547.564931,4.26269723787,10,
4570,555.222206219,524.980386,5589310.46095,2.20234813242,2.0,[M+Cl]-
3429,439.23196431,217.69995,10859963.7896,6.68892311777,10,
3430,439.293511175,720.98532,197572691.781,4.49100335121,1.0,[M-H]-
3431,439.293538852,699.80052,41653665.6724,1.37606941503,10,
3432,439.82291513,44.6191656,101028.917403,7.94118948444,10,
3433,439.987127588,55.127373,361541.992022,3.75179611027,10,
4915,597.18236897,403.106124,8825798.65056,3.06581325314,1.0,[M-H]-
3435,440.138641679,435.484248,1220775.63963,14.1411028167,10,
3439,440.654710515,44.6527428,180170.956391,4.33507977711,10,
3440,440.749952231,672.90072,7340155.14055,1.94139025632,1.0,[M-H]-
3441,440.832008093,48.7008198,348053.796997,7.03838852806,10,
3443,440.95496025,452.273484,6620539.69493,5.28213577493,10,
3444,440.999412852,50.2992018,7140862.17639,4.36779627098,10,
3445,441.018580703,1786.36512,211556.021693,13.8994354486,10,
3447,441.058415922,114.092916,7154087.51923,3.5826505796,10,
3448,441.097382898,1059.83802,14446208.2654,3.63625769154,10,
3451,441.184072482,46.785498,331970.973633,12.2625754169,10,
3452,441.204163661,1294.09506,5371085.77269,2.69419322017,10,
3453,441.710932659,540.823356,1128638.02761,4.22807888313,10,
3455,442.07559807,168.7992,2475605.02142,1.95951089529,10,
3456,442.097141693,77.226924,220598.003178,13.491981381,10,
3458,442.217769548,96.352695,199510.435304,9.40399437723,10,
3459,442.231742027,390.473664,14288666.0193,6.76636201708,10,
3460,442.231774097,357.956238,28597676.0156,3.6424265015,10,
3461,442.231604323,306.84633,13792001.5447,8.26196896248,10,
3462,442.23172878,267.646923,14970061.6571,10.1845316346,10,
4094,504.714199222,46.7606958,174477.874208,14.1363120368,1.0,[M-H]-
3465,442.799046844,46.6361136,368312.693446,10.0870173495,10,
3467,442.961119696,43.1604822,608640.032118,9.90499004379,10,
3468,443.038917292,42.8376138,275959.137187,9.4563052209,10,
3470,443.078819844,51.9391182,1525600.67394,9.3593781007,10,
3472,443.128343891,42.8376138,328789.836655,6.63802751007,10,
3473,443.194766458,599.288022,11213711.051,2.54236816619,10,
3474,443.21581347,628.78578,3508132.77437,6.09809616993,1.0,[M-H]-
4647,566.261898942,537.330504,1587679.40399,4.89090717991,2.0,[M+Cl]-
3477,443.288524183,590.32791,20439685.6189,5.30069394762,10,
3478,443.96191476,49.6615818,638060.360701,5.57175372944,10,
3479,444.028451456,56.1846273,327347.289376,7.72107077783,10,
3486,444.247285045,325.85877,80689959.597,4.94105531424,10,
3487,444.247963177,545.269728,4492992.82897,2.79497852026,10,
3488,444.292075845,590.036244,4453656.10976,3.28642592747,10,
3489,444.676566122,44.9827596,391819.147154,5.89931762954,10,
3490,444.796642058,46.785498,590600.483024,3.29336244056,10,
3492,444.887952588,45.445125,218587.973224,9.06455443147,10,
3493,444.916358447,49.3416966,3074571.64829,6.5827905627,10,
3494,445.080766435,50.011992,707435.018691,6.47157536197,10,
3803,475.205256221,106.826898,15714161.0644,6.91883319943,1.0,[M-H]-
4405,538.250742614,474.637533,1081778.01035,2.81937642833,2.0,[M+Cl]-
3499,445.246721686,707.62266,12712440.896,1.9293715943,10,
3501,445.267798731,510.983529,3529819.93534,5.90806933884,10,
3502,445.279258154,60.161664,230132.38242,4.99367569759,10,
3504,446.066636201,94.176264,7269523.81338,2.96709112619,10,
3508,446.225852308,925.88682,159950619.948,1.18558866836,10,
3509,446.226517862,307.710918,26776231.8456,12.2149525559,10,
3512,446.6955662,399.965436,3646883.87502,0.488369895342,10,
3513,446.754852609,47.0863236,269776.958597,10.2280087911,10,
3514,446.847469766,45.777633,453997.615233,3.2874865923,10,
3517,446.944619987,49.980327,3258137.68916,9.05845774141,10,
3518,446.95272249,43.4833728,158450.262395,13.8007731084,10,
3520,447.054462615,156.787824,4874895.69778,1.4327033986,10,
3521,447.073875483,76.376778,956979.131206,5.42882116262,10,
3522,447.08913455,96.968358,1070489.25181,8.59251761966,2.0,[M+Cl]-
3523,447.086744218,1068.17322,7364296.19515,9.21230039812,10,
3525,447.197155326,399.965436,1547811.70016,2.57962847671,10,
3527,447.210193099,963.25266,2850206.90216,5.90530632556,10,
3765,471.258138101,412.967064,34795455.0221,4.02255793419,1.0,[M+H3CCOOH]-
3530,447.23005759,81.825906,149404.376248,5.21423027547,10,
3531,447.262124981,315.006351,608313.267779,4.58745179741,10,
3532,447.266397639,85.440756,1812893.50016,4.65724412679,10,
3534,447.739795686,671.36082,601424.995538,2.07016114344,10,
3535,447.991219249,43.4501721,75942.8367131,11.9745179455,10,
3538,448.107876456,77.052258,218794.632829,14.1569622983,10,
3539,448.142940259,51.9044556,286339.820025,3.60223244781,10,
3540,448.751790634,46.6361136,68970.3608456,1.9535490687,10,
3541,448.842312262,47.0863236,557404.81219,13.3981752402,10,
3542,448.902959879,49.3416966,2885813.19005,6.64130071035,10,
3543,448.932666323,46.4573724,296537.825837,5.20569126019,10,
3544,449.042680338,960.16929,6200360.09508,3.044247543,10,
3548,449.108574952,786.94662,709786.996772,0.496763030441,1.0,[M-H]-
3550,449.217162038,686.4063,966056.96706,6.25881837502,10,
3551,449.262973223,72.21978,1060538.52699,7.0798093237,10,
4200,516.010977864,50.2367232,327831.129783,6.44565078951,2.0,[M+Cl]-
3557,450.160200793,79.940508,342744.99417,11.4603700036,10,
3558,450.200415287,374.459556,6297169.01507,5.46665882933,10,
3559,450.266237464,71.862993,126592.442983,4.61759341115,10,
3560,450.317244754,59.3106402,674488.668789,6.51241996839,10,
3562,450.703897247,490.489083,3270589.51601,2.32822570692,10,
3563,450.741408597,46.4573724,234364.112813,3.17593517167,10,
3565,451.040106146,960.50862,2417871.68256,3.09406979027,10,
3566,451.088959382,59.9444088,470059.64124,12.1620238422,10,
3570,451.987043468,43.1637018,131622.790212,6.23765599242,10,
3571,452.0931599,51.7285101,1089000.12803,3.9208098181,10,
4799,583.299776703,91.55559,2687165.28998,5.05904090005,1.0,[M-H]-
3574,452.635554479,44.782206,183402.77743,6.56347917542,10,
3576,452.828420106,47.0863236,852999.04495,7.21010729352,10,
3577,452.866840058,46.3910715,370724.989089,5.59910246242,10,
3578,452.996335493,42.052434,128575.894032,2.92698414321,10,
5030,615.109851855,41.2186128,428718.6738,8.81691311054,1.0,[M-H]-
3581,453.1608422,886.47006,1632155.06843,3.515560506,10,
3583,453.309184634,789.49062,3536483.8805,0.321922636037,10,
3584,453.801557871,44.782206,223574.415842,6.09867427791,10,
3585,453.974260317,40.8862392,65536.2196113,11.91706401,1.0,[M-H]-
3587,454.152987919,62.20914,8398076.31476,3.65527966333,1.0,[M-H]-
3588,454.179732323,60.263022,1110707.57129,4.09834693249,10,
3591,454.26830344,557.793246,27650900.8189,3.62869232974,10,
3592,454.268339722,664.63482,26979204.8113,1.56739829976,10,
3593,454.268291511,516.80373,9318636.14916,1.85546977933,10,
3596,454.879909966,46.4329458,457674.868449,11.592412596,10,
3598,454.936347973,43.1637018,97207.1698782,14.3998970176,10,
3599,455.015171869,50.9510658,6110016.14044,8.47607131252,10,
3601,455.044917149,477.335811,1092033.41284,6.13441047192,10,
3607,455.271690994,664.74333,6179116.13945,3.2694840523,10,
3608,455.798354743,44.4561252,155074.048161,9.85031496235,10,
3609,455.852435283,44.0656194,122653.153573,10.5612734996,10,
3610,456.111579561,55.3421508,406092.275145,9.0753268939,10,
3611,456.18762937,91.55559,1794552.36589,11.2138076814,10,
3613,456.209141878,464.326698,285435.702419,2.62030047909,10,
3614,456.21018952,920.13576,11264455.9839,4.93505507716,10,
3616,456.247625755,474.717972,51483836.1097,2.33636833615,10,
3617,456.27227369,665.30754,659882.867775,3.44738188748,10,
3618,456.284001689,448.26057,10795013.747,3.22780225252,10,
3619,456.28405838,432.672867,2941153.07655,2.377661477,10,
3620,456.65633563,45.1087062,252516.462861,5.93252389707,10,
3622,456.931206786,45.437334,157165.937512,8.47924861386,10,
3623,456.996118996,1677.18828,40598444.8777,6.35571475284,10,
3626,457.21297217,917.99193,726111.9177,9.71342513473,10,
3627,457.242714831,199.50741,9249927.14807,14.7904269971,10,
3628,457.250338683,631.95516,16478748.8401,2.21521058112,10,
3630,457.250279474,655.6758,6578419.22979,1.59153462432,10,
3631,457.304324033,696.75702,26435324.4442,5.50022309244,10,
3633,457.977832471,50.2373958,804229.70222,11.6223061357,10,
3634,458.050457273,168.8835,3119612.53041,4.92494995933,10,
3635,458.097275951,98.789508,379570.416534,9.50764731017,10,
3639,458.250880325,474.008718,988807.871775,1.82213749823,10,
3641,458.653619124,45.1131288,620733.337257,4.6807397369,10,
3642,458.773095604,46.793013,295245.926168,7.54427387241,10,
3643,458.812431959,46.6361136,310842.108997,7.69828975974,10,
3644,458.961593317,47.0863236,234318.830973,8.93326430331,10,
3645,459.031522078,88.809741,883659.405175,7.01888918507,10,
3646,459.109493916,85.95939,29641423.2236,2.52049042885,10,
3647,459.166414315,470.172816,2819005.63535,4.51281780956,10,
3649,459.210088804,967.0995,53012320.0474,2.92641912554,10,
3650,459.24509864,63.436017,128405.147915,14.6455319021,10,
3651,459.328061329,1465.1718,79356258.7021,3.75605816992,10,
3654,460.110601851,54.1685058,412823.679801,14.8134737446,10,
3655,460.185209189,433.024878,1503785.35916,5.82466752472,10,
3656,460.242451863,256.050171,12675027.7499,6.69018129303,10,
3657,460.331288044,1436.77986,90584057.4987,14.8909055745,10,
3659,460.770536773,47.0863236,486768.728941,4.19053923658,10,
3660,460.826111566,46.1026938,184176.15133,11.2534197479,10,
3662,460.96068102,51.26883,1700114.51989,11.7963709033,10,
3663,461.089780609,76.376778,4571706.0108,5.21107861602,10,
3665,461.24181733,765.09048,295537783.386,2.52976862892,1.0,[M-H]-
3666,461.241797574,566.111307,10370697.5444,3.80838921527,10,
3667,461.263142699,73.049934,196493.242322,12.951828513,10,
3674,462.257585195,103.362984,468841.90066,4.91106296202,10,
3675,462.331287641,60.662763,284228.642871,9.62110940731,10,
3676,462.647811358,45.1131288,422455.406117,6.14409182659,10,
3677,462.701634517,44.7835008,92189.1842232,4.41065156124,10,
3679,462.82266803,46.128495,234802.786062,9.99453383008,10,
3680,462.857516824,47.7353196,1367788.15594,9.11593673402,10,
3681,462.895421842,47.4124404,588430.659795,8.95504895051,10,
3682,462.918777238,50.2992018,2276773.07368,8.27318364208,10,
3684,463.037096177,113.871564,1985188.77842,5.74001744062,10,
3689,463.202026172,706.40148,16061851.6343,11.9353443536,10,
3690,463.257383038,735.41562,1631492.99555,4.46418517976,10,
3691,463.257416724,707.9217,3306070.90768,4.55734265395,10,
3694,464.077120686,166.088196,180782.15937,6.67559760128,10,
3696,464.195974057,626.058,852052.371169,2.83378476198,10,
3699,464.240971095,85.881984,4248733.61519,7.76428580966,10,
3701,464.644607453,45.3148578,161871.016556,9.19545695708,10,
3703,464.90825038,46.7606958,539077.322318,7.27423883534,10,
3704,464.945104518,46.785498,285240.873625,8.72473882962,10,
3706,465.01709623,960.41559,1629113.79827,6.19434080842,10,
3708,465.113519261,85.21122,1154557.99539,3.18977596644,10,
3714,466.108804999,52.5574767,2283164.50247,7.57348880518,10,
3718,466.843411984,47.1127488,691499.714065,10.4710428509,10,
3719,466.905118681,47.0863236,236662.087047,7.89067486053,10,
3721,467.014188509,50.2565112,399295.818589,7.04033624739,10,
3722,467.17610616,52.2223188,1243112.16574,8.36382761297,10,
3724,467.201530147,59.7851268,307711.272507,2.07426566634,10,
3725,467.965683971,42.7718745,105091.273011,8.15063711747,10,
3729,468.247837939,542.899122,7310729.86835,3.61899083034,10,
3732,468.801986611,47.2854918,697266.898345,8.40776174162,10,
3733,468.840808095,47.4124404,791429.177162,8.33559703375,10,
3735,469.030846922,51.5866938,3834653.42184,7.4004138389,10,
3736,469.134578172,886.6764,1671121.0938,4.60458221091,10,
3742,469.776105449,44.6527428,113279.538072,3.53691605533,10,
3743,470.02556501,49.85562,394525.495366,8.98677768596,10,
3746,470.134197891,84.667776,790517.246009,2.4602567126,10,
3747,470.178482502,60.538206,1954080.30706,3.01886820821,10,
3748,470.179931513,309.171834,2159120.40443,10.7145584464,10,
3750,470.225827787,966.89724,45569412.9825,3.9953563163,10,
3751,470.262845729,412.915068,5884636.54108,5.2394077927,10,
3752,470.29936967,687.09282,15694641.1915,2.88197258682,10,
3980,494.723747827,46.1420268,152889.058732,4.01401408856,1.0,[M+H3CCOOH]-
3755,470.733195632,45.3760959,76324.0344191,12.3991226095,10,
3756,470.799232064,47.4124404,778647.542976,8.81976684865,10,
3758,470.927283655,48.0582006,1372065.37794,5.20153823229,10,
3760,470.989006578,50.9510658,8352212.53616,9.60709048733,10,
3761,471.03489054,43.0949331,130173.816528,9.78406572455,10,
3762,471.109971492,52.5395796,2572777.67718,7.15851308048,10,
3764,471.209762359,979.90326,4662682218.98,2.79070769814,10,
3766,471.267875501,1313.00574,11634146.6715,3.60032065388,10,
3767,471.899512327,42.8409426,82055.5385409,5.54156510378,10,
3770,472.253411809,177.123684,3040113.34061,3.98723532768,10,
3772,472.278662523,458.145714,21982561.4842,6.85991266219,10,
3774,472.630060291,45.3148578,156986.634622,9.69197828823,10,
3775,472.729905217,45.4775118,66906.5871966,13.0442746568,10,
3777,472.90668642,45.562575,69350.0784244,4.24235832024,10,
3778,472.947358671,50.2992018,5688782.5364,7.49468419722,10,
4414,539.097391571,52.2223188,990317.693835,9.90575124887,2.0,[M+Cl]-
3783,473.200678673,784.05162,4663146.40237,4.26646128606,10,
3785,473.277748613,789.9855,17783186.1251,13.2773243209,10,
3786,473.274408328,1312.52412,419219.350267,4.47494770601,10,
3787,473.40102375,1499.7906,132966076.66,8.10987824868,1.0,[M-H]-
3789,474.095313205,70.93365,371779.44348,5.06020516308,10,
3790,474.187234723,99.934782,477708.838639,5.19653647712,10,
3792,474.221602982,378.464916,5592371.3363,9.43963346064,10,
3797,474.627201741,45.378408,417346.303307,3.19358196809,10,
3798,475.072185401,42.4831077,215540.761889,12.3127939034,10,
3800,475.171173009,98.415165,617328.884722,8.0524619045,10,
3801,475.187808687,143.051316,1010576.43226,13.9738857722,10,
3802,475.206429764,592.788792,4226294.24677,4.92581433596,10,
4370,535.23851547,1385.04462,848423134.926,8.64805544105,1.0,[M+H3CCOOH]-
3805,475.794661096,45.437334,174264.661719,10.2092427324,10,
3806,475.943418768,42.0601332,640333.681713,9.20609629162,10,
3810,476.198132679,59.9492472,762785.723601,7.82729410484,10,
3813,476.209603032,592.719882,898816.593445,4.13314360497,10,
3814,476.624322831,45.445125,523512.699897,3.86010528033,10,
3815,476.744409036,47.4124404,154478.546519,10.6521314221,10,
3816,476.839517606,47.0863236,216351.957816,11.6130687367,10,
3817,476.872717243,47.761002,1677035.02592,4.04793694184,10,
3818,476.945294799,41.8361235,118320.672728,11.4513359667,10,
3819,476.983565513,42.9349185,153557.028452,13.709211878,10,
3820,477.065489098,76.534884,2180348.53234,4.17116916796,10,
3824,477.212070962,377.132523,2508213.86486,4.7005316891,10,
3825,477.232005062,883.73862,2016428.40284,3.78161422448,10,
3826,477.257231256,99.209466,965058.614853,10.818714449,10,
3827,477.272944644,712.6611,268360.891553,2.54541154937,10,
3828,477.689688093,63.115944,1254229.1843,8.8825362418,10,
3829,477.930007188,49.2820212,131759.194927,9.0181888712,10,
3830,478.192036201,918.3294,1587202.54435,4.78130513826,10,
3977,494.240032304,601.51212,19739731.7516,3.17411989223,1.0,[M-H]-
3834,478.801243225,45.445125,71999.3106678,4.92465289059,10,
3835,478.831040493,47.761002,1117727.74753,11.5272714516,10,
3836,478.869528446,47.7353196,1191233.32224,1.48015901369,10,
3837,478.924343005,47.1127488,798624.385359,4.31049226555,10,
3839,479.031903393,51.26883,2018403.52147,7.75347778921,10,
3840,479.061293846,76.534884,342708.173598,13.2275745509,10,
3841,479.087687556,76.376778,403650.025738,8.70297132361,10,
3842,479.176018341,920.73294,58749724.9042,3.7018218877,10,
3844,479.192527371,560.64939,2433550.52624,5.20061740197,10,
3846,479.194608223,917.1171,96203.699898,9.96294492904,10,
3847,479.299875506,584.907636,3518824.6369,5.46325896358,10,
3848,480.130296228,77.495256,465225.131437,2.37510152167,10,
3849,480.151243011,60.589014,974604.635394,7.73437837835,10,
3851,480.235243665,655.21494,1770673.69157,2.40698792986,1.0,[M-H]-
3852,480.618926941,45.445125,110870.555007,10.170815866,10,
3853,480.762071574,45.5463816,74326.5106182,10.0098601488,10,
3854,480.828120975,47.761002,795602.853157,6.16107053683,10,
3855,480.883745526,47.2854918,380754.529009,11.5638700522,10,
3857,480.956104165,48.3798258,1117918.88155,9.26936264639,10,
3858,480.975673223,45.6476382,210027.688086,12.048351026,10,
3859,481.088083075,85.449186,2262337.1379,3.7762197358,10,
3861,481.170819186,935.02851,78572537.8945,8.32883570744,10,
3862,481.189206721,628.57362,1954442.23289,6.55366841309,10,
3864,481.213849055,657.22848,3915192.65645,3.25537883839,10,
3865,482.078117791,56.7467538,135341.063169,14.8919636102,10,
3869,482.698401645,45.3760959,100365.77299,7.02948865307,10,
3870,482.738976257,39.4950852,249019.154732,13.4705404655,10,
3871,482.75835411,45.445125,47769.776632,10.5818506286,10,
3872,482.817322801,47.444202,534328.692615,9.25637674173,10,
3873,483.230374494,60.263022,115962.087825,13.7419416437,10,
3874,483.688630392,535.476432,4714615.92755,3.02165654706,10,
3875,483.88755117,42.5141082,338450.701192,5.59300488623,10,
3876,484.041755351,50.8106166,539099.740378,14.8463439763,10,
3879,484.290313119,408.346788,5143097.79372,10.1652293108,10,
3881,484.694997919,45.5463816,100340.228607,13.6851318548,10,
3882,484.814997406,47.4124404,626699.235673,10.621076066,10,
3883,484.870834222,47.0863236,455278.291745,7.82500132223,10,
3885,484.962377039,44.4561252,134529.212165,14.385611993,10,
3888,485.225608669,1009.6434,14380981.392,2.47799159955,10,
3889,485.283117906,478.319106,566288.007788,5.29975368264,10,
3890,485.274158545,499.633842,14022758.8951,2.93549462527,10,
3892,485.939287561,45.4775118,61108.1572013,6.19993594777,10,
3894,486.15544059,60.50613,273516.430264,9.13699211362,10,
3896,486.237218272,578.314626,4518867.66408,4.14255034115,10,
3897,486.653125503,46.0543059,108975.180818,14.4609150609,10,
3900,486.963153978,50.9510658,5231039.08936,7.27812141534,10,
3901,486.993451404,47.4124404,427279.566201,3.27881505302,10,
3906,487.232217441,581.125254,12653130.2371,3.32050903956,10,
3907,487.232373384,428.530617,6054521.45149,7.83086735506,10,
3908,487.241365274,1041.23262,4026578.00589,7.02342288036,10,
3909,487.260931806,705.86892,9002481.98896,2.99615630754,10,
3910,487.272943715,132.957276,815805.034237,5.47867292292,10,
3912,487.351012083,312.57975,1005221.0722,10.3246792697,10,
3916,488.205134149,1150.27176,2482309.34407,3.71856350613,10,
5803,977.508145473,612.15936,3885256.6347,7.58949824642,1.0,[M-H]-
3918,488.252144396,753.45537,35272728.2233,4.58669335645,10,
3921,488.830932643,45.437334,244541.628214,8.82550778364,10,
3922,488.859785902,48.0582006,1196013.95341,10.6926132556,10,
3923,488.898564943,48.0840018,1002461.04418,4.00366599988,10,
3924,488.953312822,47.4124404,684503.509344,6.69955356844,10,
3925,488.974156433,42.5141082,1197448.02827,5.63572478634,10,
3926,488.988514004,48.1906074,276445.038253,10.8598868044,10,
3927,489.056299742,644.74509,844855.959153,6.15697703501,10,
3928,489.061561512,50.9510658,3322058.27432,5.21525422163,10,
3929,489.18197794,52.8746595,1179283.5607,8.57943972092,10,
3930,489.204301716,104.09478,1666259.59773,6.80026826337,10,
3931,489.232252428,886.79154,625886.399553,4.98524671847,10,
4603,560.277174351,609.9519,1710992.65856,5.59731581718,2.0,[M+Cl]-
3934,489.273252661,597.259638,6771301.55924,3.73659342739,10,
3935,489.272947298,668.20296,4812390.99563,3.20964868088,10,
3936,489.273171472,640.62576,10309594.5469,2.34011618192,10,
4518,551.176821952,899.4639,27732861.6533,3.59929633234,1.0,[M-H]-
3942,490.18132521,473.770284,2572351.62919,8.84234801828,10,
3943,490.227951601,118.616508,2309939.98351,1.01816807965,10,
3944,490.758393037,581.506644,2000053.97572,5.49527503864,10,
3946,490.776572374,739.25355,1695865.41328,4.9855072219,10,
3948,490.887958931,48.0582006,1004332.41334,10.9410741481,10,
3950,491.049948893,42.448152,472852.715541,6.88186677068,10,
3951,491.074732116,47.0863236,177719.505612,13.2273536911,10,
4555,554.283154833,927.00666,26963210.4653,4.51641360958,1.0,[M-H]-
3954,491.237699531,626.01978,6071797.29648,4.94338217116,10,
3955,491.252415716,555.471636,11719563.6285,3.57391230304,10,
3957,491.920928972,42.1252728,243766.575656,10.3028376074,10,
3958,492.010034796,42.1256865,207707.209437,4.1997382454,10,
3962,492.240497809,626.2842,636932.259039,6.0808992719,10,
3963,492.247365666,812.87844,2973397.75042,6.37340843936,1.0,[M-H]-
3964,492.598298274,45.445125,216794.759047,6.874080305,10,
3965,492.687939601,46.4573724,51743.3050442,14.1305928481,10,
3967,492.846491761,48.0582006,1363204.55401,3.82990999371,10,
3969,492.940340222,47.437125,666744.246437,8.02776918947,10,
3970,493.041699386,76.73226,624850.640701,5.68460288311,10,
3971,493.176365415,784.02372,5344714.88339,6.34705082053,10,
3972,493.243065505,729.02217,1279500.79624,7.56403577127,10,
3973,494.080767658,651.65412,9123554.36879,8.90270422544,10,
3974,494.1664123,918.0648,1507863.73459,7.37036200647,10,
3975,494.195453758,980.59278,313949813.939,1.99947033028,10,
3976,494.200016388,87.375798,3587744.39752,4.92207353042,10,
3979,494.685135932,46.4573724,122921.206631,12.4148969136,1.0,[M-H]-
3981,494.777973469,45.445125,135101.750889,7.23610449751,10,
3984,494.899552096,47.4124404,598677.115343,7.91948179123,10,
3986,495.049381156,52.1530272,1254922.10094,5.07965580459,10,
3988,495.150103202,921.04584,54323305.3642,13.8924595808,10,
3989,495.193806585,478.117332,2064418.01876,3.21679947412,10,
3990,495.210031217,998.3604,279913662.527,6.30761937733,1.0,[M-H]-
4230,519.348989887,1437.11052,18699642.6358,1.97923976112,1.0,[M+H3CCOOH]-
3994,495.756233276,544.339878,2524851.87816,2.66004642744,10,
3995,496.126029662,60.585771,631183.720242,8.51018735444,10,
4001,496.315330119,757.29288,19907844.2685,1.94463115682,10,
4002,496.616698812,44.7835008,157783.415613,14.3341714705,10,
4003,496.737373758,45.7099122,59884.9627466,8.72042905918,10,
4004,496.830397135,45.1131288,73378.1580004,9.79502569573,10,
5279,658.978238775,49.2172398,193788.731612,13.5628492531,1.0,[M-H]-
4008,497.083638374,60.263022,363430.782662,7.04949652566,10,
4009,497.146302653,98.612562,458642.756003,10.6322743345,10,
4010,497.182319586,54.4484526,148051.008174,13.995552013,10,
4011,497.205577982,737.65188,2036482.42967,7.225303337,10,
4012,497.237569643,158.16831,14645389.5674,8.33189118563,10,
4016,498.051840913,55.0865766,408121.551185,10.089807594,10,
4018,498.241169929,157.887981,3283190.30298,9.14505578666,10,
4021,498.9291961,48.3798258,199781.276925,14.0796827456,10,
4022,498.958693722,49.2794682,1210176.61832,7.96628423661,10,
4023,499.016987384,48.7008198,185549.59158,12.7757702962,10,
4025,499.132030859,99.675477,1380053.1381,3.38978088102,10,
4026,499.143576427,857.09268,4488664.9882,12.6409573459,10,
4027,499.232522662,558.183702,2998108.76567,4.91390005306,10,
4031,499.326359822,367.327554,1149303.21028,1.48312096434,10,
4032,499.732547342,451.19745,742115.196737,4.89554929316,10,
4033,499.745790618,459.339198,2318624.83391,1.74449817659,10,
4035,500.128096221,738.9975,2017678.63614,7.44321873008,10,
4036,500.216405794,595.47978,9334481.04186,3.21570082927,10,
4037,500.212663441,73.638252,8966454.91551,3.16730814399,10,
4038,500.234702935,450.932016,367739.250486,6.78935256956,10,
4040,500.249549525,349.39218,1626156.59172,9.54835550551,10,
4042,500.285079084,347.71611,1102568.63459,5.23327886812,10,
4044,500.669191016,45.875166,82922.4823699,7.66211212804,10,
4046,500.916992499,48.7008198,2992224.64749,5.25717601207,10,
4047,500.979119869,51.2003934,2705234.61144,13.6759353818,10,
4048,501.027958151,72.034374,7599871.0278,3.72604293199,10,
4049,501.118812347,51.9391182,2549006.97707,9.97929138515,10,
5006,611.14484538,40.8862392,296784.738376,7.93578698406,2.0,[M+Cl]-
4053,501.219877867,595.47978,2446259.40115,2.08236799536,10,
4054,501.257257627,1066.8849,6808409.9417,4.06848562672,10,
4055,501.252363711,75.946056,2519566.29127,2.9803030114,10,
4056,501.920263257,48.7008198,200333.086632,2.55598666582,10,
4057,502.029879697,72.192144,2935994.32216,5.602189737,10,
4058,502.082613689,42.5141082,619769.32657,8.24830336453,10,
4060,502.216045552,101.21328,4116027.74864,5.52664728465,10,
4061,502.232142203,556.404108,11034832.5223,4.6933538953,10,
4062,502.228070505,134.236686,989032.54493,7.49445518627,10,
4064,502.756238268,46.6361136,311062.102196,6.65342703383,10,
4065,502.875488589,48.7008198,2165542.30539,4.41193043192,10,
4067,502.937258799,51.26883,1549474.4718,7.97171302379,10,
4068,502.969071348,48.3926643,882589.70463,5.05844636478,10,
4069,503.001895689,448.605552,350479.012915,9.79186849712,10,
4071,503.072801158,645.3378,22852834.4098,3.15988892641,10,
4072,503.08762006,316.052583,1320247.42862,5.55965226978,10,
4073,503.102001923,59.7050184,518769.746339,13.5199034729,10,
4075,503.153126473,938.30139,31216585.9449,3.3377452492,10,
4080,503.248329315,302.284134,50905994.3776,6.05699774592,10,
4083,504.09409149,60.538206,2546719.70278,5.99781748595,10,
4085,504.187217486,960.07614,11867082.5996,14.366618008,1.0,[M-H]-
4086,504.247761519,503.519973,25290354.4522,3.47245171125,10,
4087,504.251542405,185.586912,4442066.66716,4.69776277598,10,
4088,504.251892098,301.846872,9941099.43151,14.9946102257,10,
4089,504.268546764,319.861908,14530571.3094,6.53893521029,10,
4091,504.283106249,687.50466,1473162.91954,10.4328554457,10,
4092,504.295585634,494.863992,91045.1906012,4.70494106118,10,
4095,504.732318602,39.4950852,302323.969458,8.34867534469,10,
4097,504.806279666,45.445125,259997.375816,8.3273578613,10,
4098,504.873134394,48.3798258,927922.635083,6.36304018954,10,
4099,504.928428755,48.0582006,600812.517513,7.56677349156,10,
4100,504.952016,42.5141082,419220.863843,7.72768343717,10,
4101,505.036327815,50.8808412,1721900.83925,3.1034493523,10,
4103,505.141619185,316.175136,2104693.14594,6.4789503922,10,
4104,505.171191685,966.89724,147545278.827,2.87154000946,2.0,[M+Cl]-
4105,505.181482033,77.090883,213139.081733,12.2323896114,10,
4107,505.23149107,588.965916,542594.421912,6.56640052283,10,
4109,505.263154395,930.10572,205390556.199,2.02091910244,10,
4110,505.267011517,1068.38052,13145146.4599,3.01837021177,10,
4112,506.053355761,59.547945,1999988.25521,5.23023472722,10,
4114,506.16695348,90.055284,921517.736465,13.3803336796,10,
4404,538.241214471,1066.29012,12355416.2524,12.7658630849,1.0,[M-H]-
4119,506.861485502,48.7008198,878898.134053,14.962809517,10,
4120,506.921235604,48.253869,125257.84283,3.89162825742,10,
4123,507.082283387,76.394517,816193.44171,4.46168765578,10,
4127,508.083892581,76.534884,255365.153347,11.9890919756,10,
4129,508.165978725,90.169014,581366.038267,8.87534480972,10,
4130,508.253514718,301.418766,2080050.49463,6.00496522908,10,
4131,508.26317532,98.569218,503718.799067,11.7375867401,10,
4132,508.323021581,393.592056,210553.094664,9.62333008465,10,
4665,568.496119513,1456.20654,38365290.9797,14.480225953,1.0,[M+H3CCOOH]-
4134,508.700180884,46.4573724,142666.242634,13.5929606973,10,
4137,509.171451692,46.6361136,100271.26259,3.67718683923,10,
4138,509.189659998,188.889558,1139402.11709,12.3666681809,10,
4139,509.207318906,950.0301,55540170.0166,6.07369817977,10,
4143,509.753439445,570.410388,6775089.73539,1.94312167603,10,
4144,510.213494511,862.55466,1219071.48975,11.3965565156,10,
4147,510.294446752,655.56144,28176523.0088,1.66545368199,10,
4148,510.697707954,46.4329458,149745.138805,10.8977215953,10,
4149,510.724856695,409.309188,932570.317933,2.84053712588,10,
4150,510.756326542,570.605541,1143012.8098,2.31103261972,10,
4151,510.753626292,45.437334,94841.1480875,3.91457922851,10,
4154,510.824913344,46.0583958,190783.29152,7.86337245947,10,
4155,510.945364651,49.3416966,3731734.95445,4.29476440349,10,
4156,510.970993727,43.8078456,251140.853535,3.03669806538,10,
4158,511.241211179,1058.07576,13341353.243,5.84209128434,1.0,[M-H]-
4163,511.760180274,44.6527428,105059.651924,8.68225606766,10,
4164,512.091546273,81.241056,513413.507337,11.96660824,10,
4165,512.17244659,70.410876,399890.480965,3.52423375298,10,
4167,512.215881421,721.85694,1591489.47092,5.51977335133,10,
4169,512.274084784,522.553128,3457973.07056,2.55660725309,10,
4173,512.838686942,46.128495,171540.715692,12.4876697758,10,
4175,513.018224417,42.0601332,248376.244437,8.24590909084,10,
4176,513.031979493,49.4718015,370219.71183,8.5909786687,10,
4177,513.116466147,1071.15873,5188660.20369,5.39972247091,10,
4178,513.214967524,439.633704,3488205.76113,3.24150916166,10,
4179,513.256900898,1065.77784,87835516.6497,5.15037040549,1.0,[M-H]-
4181,513.292163831,799.4544,1371318.1206,4.69321918038,10,
4182,514.07135864,75.617178,799339.202139,9.64373241256,10,
4183,514.186144582,91.95153,438834.603111,13.4129854936,10,
4184,514.205273877,85.925796,37326356.5153,3.538563683,10,
4185,514.223254079,899.34726,12866397.9396,0.399889335615,10,
4186,514.253362961,483.131565,638432.819329,8.05765666708,10,
4188,514.264135189,225.213984,4979195.53052,8.44161871672,10,
4189,514.260734303,634.10547,791271.594363,1.42566779581,10,
4190,514.271441648,666.09378,15219985.4935,5.72305895145,10,
4192,514.835309931,46.4573724,206069.695519,14.0373146087,10,
4194,514.932255763,49.6615818,2406492.39903,11.4475306396,10,
4195,514.990647106,49.0211958,315024.004049,14.4580828277,10,
4197,515.222093458,53.8491252,410729.641525,3.71444755266,10,
4198,515.235917799,973.60908,68965264.7202,11.3718297278,10,
5011,612.050873574,75.61029,499562.982233,6.58796554464,2.0,[M+Cl]-
4203,516.612087558,45.437334,371426.724458,5.9346240801,10,
4204,516.890656819,49.0211958,2433416.60603,4.50861762772,10,
4351,533.279594969,943.58064,17128210.9482,6.59844146971,1.0,[M-H]-
4213,518.06183082,168.850509,731645.303089,3.48640985373,10,
4215,518.145669058,41.2186128,94551.6104018,13.7162891184,10,
4218,518.241789607,809.93976,3142560.30337,2.46018171881,10,
4219,518.24086678,96.13146,265984.009998,5.8926137153,10,
4222,518.72933339,46.785498,318757.232888,8.32437123334,10,
4229,519.349106188,1459.85244,34316781.6313,3.20890544187,10,
4231,520.069103147,60.157404,3328818.46319,6.0323464863,10,
4232,520.12087104,79.940508,71890.2387705,10.9065587515,10,
4233,520.19407191,894.00954,3646658.22837,14.617427633,10,
4235,520.26353353,127.840605,3710977.56303,5.61372881399,10,
4236,520.352393223,1436.7147,7059983.78668,1.28400360576,10,
4238,520.688657222,47.1127488,76589.8310763,11.7414828118,10,
4241,520.816580472,47.0863236,513159.265032,7.70021859428,10,
4242,520.936104376,48.8752245,289678.582353,12.6980812779,10,
4243,521.028733555,664.74126,11726709.7467,5.19406713365,1.0,[M-H]-
4245,521.09818866,76.412256,3469287.72273,4.85890935335,10,
4248,521.296830974,720.9321,7316891.26324,2.22522889641,10,
4255,522.332159351,52.2223188,262136.388418,8.81338788957,10,
4792,582.511835443,1466.1663,22949800.4583,12.5948537212,1.0,[M+H3CCOOH]-
4257,522.603252538,45.437334,144996.929447,13.238441566,10,
4259,522.904830922,45.9801168,127584.780071,12.5167047993,10,
4260,523.002744633,50.2992018,2587376.10733,4.56768683227,10,
4265,523.181569797,1010.29608,8890987.93156,1.78630059891,10,
4266,523.233251666,375.97578,338795.625062,2.26946147217,10,
4270,524.057837416,645.04743,2611667.68171,4.73583280765,10,
4274,524.310159198,710.7762,32359043.8913,5.68211961531,10,
4275,524.961015945,49.980327,4771001.90878,5.29568077433,10,
4863,591.071024856,645.47199,291909.169787,9.81145495417,2.0,[M+Cl]-
4280,525.341737919,644.42178,9365871.8875,7.67704233985,10,
4283,526.197548762,93.186408,47277137.7723,1.91135496177,10,
4284,526.227477029,157.27314,1659121.40252,5.9216163834,10,
4286,526.326002582,642.12936,13725097.5096,2.46023339468,10,
4287,526.325825296,680.02398,18245302.6884,2.6693265513,10,
4289,526.756370092,430.22265,1400157.50162,4.11828177474,10,
5018,612.909572593,49.933806,1022882.48285,13.9831491057,1.0,[M-H]-
4293,527.132072491,959.0427,5735967.7849,3.72228313793,1.0,[M-H]-
4294,527.132385341,316.772202,1418186.36094,6.90989125797,10,
4295,527.152767594,965.53674,38531383.8646,2.56829624893,10,
4296,527.200400487,92.744292,7388383.99857,1.57534531082,10,
4298,527.257916064,430.22265,731563.125333,0.340662804791,10,
4299,527.321157774,730.58418,12867035.2742,3.9786556814,10,
4300,527.321131526,853.27242,9329500.58215,13.905266004,10,
4303,528.13560923,958.8642,1067831.63054,1.20091469519,10,
4304,528.165487031,959.61741,1003990.1995,8.0511182635,10,
4306,528.324285995,853.3473,2388526.20452,7.4034092838,10,
4307,528.758342706,47.1127488,462743.303785,10.0605372015,10,
4308,528.8510174,46.1002113,277285.984108,10.4273529977,10,
4310,528.995796253,41.4808962,208831.099644,8.3568319204,10,
4311,529.005732254,49.6915032,643043.777835,6.01168228009,10,
4313,529.24284855,620.88981,14472074.5571,5.75430766816,10,
4314,529.275132552,82.096476,13598785.8544,5.6327262056,10,
4316,529.323297287,890.67378,626180.17497,3.3591161302,10,
4317,529.327104076,730.12896,558868.826024,2.58301032603,10,
4318,529.944642012,48.7008198,157691.124636,3.65194990499,10,
4319,530.048615522,76.056654,2264298.26154,2.63643947474,10,
4320,530.182981136,86.698386,35417243.6085,2.00565761162,10,
4321,530.299374436,809.93976,18536798.2826,3.48149097124,10,
4322,530.317136314,1037.22123,1530213.57075,6.42335408829,10,
4556,554.480222251,1446.2829,3247686.3191,10.4532858302,1.0,[M+H3CCOOH]-
4325,530.845268338,47.437125,667875.951545,6.9596139412,10,
4328,531.046283206,49.9191522,353046.858044,7.28862965556,10,
4329,531.167258278,999.48804,12303077.3059,4.92753865533,10,
4331,531.194695854,69.8856,4762913.49105,6.71047539889,10,
4332,531.207637754,1010.33532,21079160.7128,5.77017135398,10,
4333,531.230311103,876.3426,609819.584967,2.74230491633,10,
4334,531.258552604,637.58268,35507268.1118,2.04267504458,10,
4335,531.267197482,494.428029,137799.944103,7.54698759417,10,
4338,532.045636063,76.63545,402697.643112,11.2733239484,10,
4339,532.129970079,959.80992,3063117.9365,5.6121893976,10,
4342,532.228113092,674.50818,1781376.08756,3.26029985759,10,
4343,532.586166218,45.1131288,267285.359125,14.6929511294,10,
4344,532.745504192,46.6984047,144052.271241,11.6746491545,10,
4350,533.223405247,1057.59192,10157380.1227,3.50615371796,1.0,[M-H]-
4354,534.188313494,104.416404,398421.229768,4.39158553916,10,
4355,534.213933775,96.230406,180845.42036,10.5545311923,10,
4357,534.273437256,887.4357,2429401.16062,4.19026122271,10,
4358,534.459789273,1317.06312,922535.673508,3.63148909775,10,
4359,534.583388349,45.445125,382768.033801,10.0829932015,10,
4361,534.832136488,47.2854918,539121.520574,13.0913581572,10,
4362,534.892474306,46.785498,121615.639654,14.0159217702,10,
4365,535.183239092,98.914893,303330.756414,14.2881796437,10,
4366,535.202413939,899.4639,34526587.0077,6.24431112163,10,
4640,565.264199613,541.92303,4165043.0558,2.44876971398,1.0,[M-H]-
4368,535.22290782,1012.08348,13817029.6541,10.8092890759,10,
4371,535.276656415,887.91828,644754.020579,4.18028114344,10,
4372,535.297939835,580.924446,497814.482754,3.61341224247,10,
4375,536.210774921,104.548662,2273560.46859,12.1285796161,10,
4378,536.240576073,1348.80888,151826698.259,7.38471198874,10,
4379,536.240897259,1248.6612,38616196.255,14.3010610482,10,
4908,596.527508254,1478.1288,68571650.5727,11.621620851,1.0,[M+H3CCOOH]-
4382,536.790370839,47.4124404,527471.434629,8.30970829168,10,
4385,537.01868,50.8978122,2032594.50914,10.9660084896,10,
4390,537.197448208,1011.6561,4007652.38034,4.18766383901,10,
4392,537.214881698,454.361268,1107108.19249,5.05198099559,10,
4393,537.232852976,489.696294,4230929.90679,5.46685925745,2.0,[M+Cl]-
4394,537.232760445,341.594154,8966361.21397,8.66773340174,10,
4395,537.232162813,918.75024,180767.180672,3.73105253941,10,
4397,537.305597558,532.655484,3737071.40565,2.57008483659,10,
4400,538.16587735,60.218952,361067.747893,13.6464113634,10,
4401,538.194475248,186.506172,1613216.07144,6.11883488976,10,
4402,538.209047747,556.404108,339915.990165,5.33388952364,10,
4406,538.325929122,725.00058,7593025.102,3.82776823193,10,
4407,538.485556136,1455.3177,426524.587809,3.7533675629,10,
4411,538.915310997,47.7353196,441495.929388,11.5206713027,10,
5173,634.034381755,50.2373958,118246.028749,11.8317799236,2.0,[M+Cl]-
4416,539.140554163,54.8075058,234486.23391,6.48935131355,10,
4418,539.266805878,947.30037,6049515.37544,5.38394363548,10,
4419,539.284904353,517.877472,8251295.5608,2.70499273666,10,
4420,539.332573206,498.060624,4612440.07662,5.77605267193,10,
4422,540.305467042,512.283216,2688189.95943,1.8594079268,10,
4424,540.777639983,667.20324,37600540.348,2.1221459518,10,
4426,540.87374216,47.6851851,647514.301933,13.9360344334,10,
4428,541.088509657,569.971134,1099782.16364,5.97555110526,10,
4429,541.112652263,85.070835,1408740.13698,6.21430298989,10,
4433,541.279095807,667.43928,20782446.737,1.68415988591,10,
4434,541.300550734,602.74152,9809229.84273,4.39871575604,1.0,[M-H]-
4435,541.749113627,429.523512,348436.430293,1.41150930968,10,
4439,542.206948738,72.541008,414770.352434,7.94789899673,10,
4441,542.233483475,840.28248,821113.376614,4.51025619832,10,
4442,542.259422744,432.424434,1688390.57333,3.98445433528,10,
4443,542.273806752,659.24184,198546.002471,10.9541451934,10,
4444,542.295812926,298.765818,1308720.8015,4.54945970141,10,
4445,542.29601882,522.594306,556797.163845,7.1241281609,10,
4446,542.320955451,651.22206,13273894.5988,2.13515900061,10,
4447,542.435736753,1447.1448,849275.527733,10.9191369197,10,
4449,542.736278672,47.0340252,125088.18861,9.70242847866,10,
4450,542.77396066,47.2854918,374207.804956,11.5107468532,10,
4451,542.893495707,49.6615818,963219.212733,5.97298971814,10,
4452,543.093505321,76.215636,300212.845451,10.3298451398,10,
4453,543.207031556,112.457094,1214725.26088,5.70302706569,10,
4455,543.316235693,493.54866,18032911.3803,4.9251722857,10,
4456,544.140448279,959.49444,915920.658602,14.0932260708,10,
4457,544.186436954,93.554934,1247411.02824,6.75127343138,10,
4458,544.248819885,764.75766,3189930.52713,3.81198145744,10,
4459,544.261275059,845.57481,3635771.29123,2.97662333425,10,
4461,544.372855969,394.000656,1402676.06659,11.0879832795,10,
4463,544.612113528,46.128495,54492.0676621,10.2205700694,10,
4464,544.826170263,46.6361136,214852.077048,8.96619096105,10,
4465,544.860802799,47.761002,996527.39588,4.50850361579,10,
4466,544.921934333,50.6498694,1405765.98409,9.25823368735,10,
4467,544.952394618,46.4329458,138301.385882,9.61402325309,10,
4468,544.979616769,49.9699671,413972.057135,7.58120929284,10,
4469,545.220219327,726.01572,11166174.2398,2.33717629944,10,
4471,545.282683871,513.70209,576835.818974,4.87569379728,10,
4472,545.295496797,362.491536,16953185.5966,7.81856933601,10,
4475,546.198211889,591.35205,1035289.6241,1.69425471369,10,
4476,546.226936019,1060.16328,12298495.6954,1.75116685528,10,
4478,546.242692683,106.937574,1931788.29633,2.85575861819,10,
4479,546.254324857,283.01301,7890816.41192,10.8188724785,1.0,[M-H]-
4480,546.251530742,707.00322,3952654.07805,1.87125650035,10,
4481,546.298850251,362.491536,4377823.38593,7.44775987613,10,
4484,546.788879891,45.4775118,137377.950874,5.29091495682,10,
4485,546.819020355,47.7353196,665429.255742,9.93141708817,10,
4487,546.880396469,49.9179735,845395.227818,12.1858353676,10,
4489,547.020514631,50.2992018,968470.678796,4.17638930714,10,
4490,547.136452045,60.218952,735865.78002,10.033037373,10,
4492,547.295679412,992.83848,8857848.39686,3.65176551177,10,
4493,547.289871156,649.92828,2666664.12584,2.51543842363,10,
4494,548.185412832,1009.9575,4745415.74406,8.65728836781,10,
4495,548.210728566,102.362832,20003463.3077,3.34558543008,10,
4496,548.223210864,448.699938,3596712.61292,8.11889820338,10,
4497,548.223260099,554.860566,1426855.83839,5.1686970576,10,
4498,548.274278598,484.41852,2608121.60666,5.5191596051,1.0,[M-H]-
4499,548.560194708,45.445125,109339.605767,13.550593127,10,
4500,548.712408925,102.747579,10432845.3286,2.32878999796,10,
4504,549.197190601,1057.39059,8978755.29796,4.60206575808,1.0,[M-H]-
4505,549.210013013,507.211992,1223007.28706,7.88894364336,2.0,[M+Cl]-
4506,550.119890151,76.63545,1091539.05698,6.49829860937,10,
4507,550.213606465,507.042492,271907.937926,7.99840470513,10,
4508,550.245910535,448.450824,530905.758101,5.49378799644,10,
4509,550.521644649,1486.78218,2363600.66271,13.1855093228,1.0,[M-H]-
4510,550.557442821,45.445125,186329.423104,13.6054607089,10,
4511,550.738554139,807.58332,5246840.26539,2.5432909119,10,
4512,550.805851899,47.7353196,565284.879754,5.05391620248,10,
4513,550.964211252,42.1912398,806289.117447,3.44382261988,10,
4514,550.978354951,40.4861322,290342.128511,11.2875339156,10,
4515,551.111299729,958.56924,2957396.6059,3.97986195166,10,
4517,551.161085035,319.20165,1947472.979,6.29003834683,10,
4521,551.224461247,960.24798,8066524.58722,1.97924549372,10,
4522,551.248593048,411.585786,11657187.9103,8.47487851882,10,
4523,551.248758224,496.056678,2334426.94148,3.94772832573,10,
4524,551.321197618,670.68042,57900639.9806,1.65310014162,10,
4526,552.182024458,60.263022,1296058.01004,8.97207009559,10,
4527,552.207942921,733.24818,766428.288231,6.8190037381,10,
4531,552.5011198,1465.50354,1433999.72294,11.0682790727,10,
4535,552.930742165,48.3798258,623216.038437,2.62516789584,10,
4536,552.99270047,50.9510658,3964500.13411,10.6673319164,10,
4537,553.05399739,76.854504,587359.791705,8.35004626845,10,
4538,553.119489209,42.5141082,426312.104664,8.33765718055,10,
4539,553.155376067,83.438778,6921134.18003,3.26810573765,10,
5023,614.21782616,1358.53464,58452581.4524,7.35827839381,1.0,[M-H]-
4543,553.194559112,1080.92601,12176922.6908,7.03505156823,10,
4544,553.194950616,1119.72288,19798434.2677,4.29027304951,10,
4545,553.220777186,959.80992,3137233.97032,3.33508558005,10,
4546,553.263355809,997.23594,30370548.2228,3.6709742859,10,
4547,553.504343012,1465.83468,507733.533073,13.1661761426,10,
4548,554.048118094,1026.19056,2265398.11121,6.72334090551,10,
5255,652.091969556,40.2242589,150461.294969,9.83097241731,1.0,[M-H]-
4550,554.158753371,83.72328,1764437.20569,2.38035589207,10,
5022,614.179256325,186.055716,1285019.19164,3.20148906659,1.0,[M-H]-
4554,554.2641964,620.8548,953267.043738,6.40207145196,10,
4557,554.575258372,44.5852431,115659.378183,7.33473713379,10,
4558,554.640297852,46.4329458,52730.1397044,11.2313759985,10,
4561,554.889277671,48.0582006,1167401.71207,6.77730714115,10,
4563,554.950665257,50.617695,3880329.65176,5.42744604714,10,
4564,554.980830137,47.0340252,87495.3339841,6.26166518647,10,
4567,555.168612369,960.54909,3478130.5206,5.06630067254,10,
4571,555.352427173,651.26772,21369151.0644,1.60962592681,10,
4575,556.451747403,1457.39886,692614.111141,5.90434625467,10,
4578,556.908987626,50.331003,1335140.1188,11.760299403,10,
4579,556.940684401,47.4124404,206593.289722,14.8372082964,10,
4583,557.200395683,1053.57624,3585606.44135,5.92530805667,10,
4584,557.252838649,61.833336,629889.400053,6.70417394504,10,
4586,557.331747782,827.47386,4099389.10205,6.68079944999,1.0,[M-H]-
4587,557.358278174,651.30291,1111370.71256,3.52164616231,10,
4588,557.754668538,451.35957,432596.576295,2.68065536971,10,
4593,558.597023052,45.1131288,182630.918202,4.63022777557,10,
4594,558.736054994,701.15202,11425547.2731,3.74259122762,10,
4595,558.908273079,49.980327,232549.663455,14.0435554303,10,
4597,559.197082556,1053.52533,1129534.47599,4.6647531417,10,
4598,559.219076205,765.17892,10863021.3894,3.43135944325,10,
5150,630.299542854,156.628566,9320146.54877,4.48743979527,1.0,[M-H]-
4602,560.246628307,101.045424,354354.622384,6.97158648704,10,
4608,561.03552067,51.1464852,1214455.37077,3.31683032278,10,
4610,561.152139397,60.538206,1369520.97291,6.19981078681,10,
4612,561.196196589,161.778918,566820.031608,7.34769372984,10,
5272,655.356515445,1068.82812,2952390.34649,5.18849732023,2.0,[M+Cl]-
4614,562.00043662,76.534884,422185.418579,11.0356701049,10,
4618,562.206330469,89.739402,4645584.42351,14.3917339104,10,
4619,562.249002079,83.09277,2939457.53912,2.02291411092,10,
4622,562.710342495,46.3712868,98810.5964167,9.4671593905,10,
4624,562.958829206,48.3798258,491367.965897,5.36460853599,10,
4626,563.193166847,1060.31064,6002277.51898,1.74288046241,10,
4627,563.50586462,1337.24592,701461.266265,7.35225330337,10,
4630,564.744575044,459.856326,193986.882703,4.80727107325,10,
4631,564.790203489,48.0582006,200450.487322,11.0266305912,10,
4633,564.917798533,48.3798258,733499.411796,10.5304241067,10,
5569,777.16308921,41.2186128,6083934.19817,5.70685761083,1.0,[M-H]-
4636,565.117639218,631.6584,222955.691234,6.30382501747,10,
4637,565.176989999,131.899035,2692522.31658,4.10481488979,10,
4639,565.227643126,367.411884,2675559.08331,2.04551236311,10,
4641,565.294476706,852.94488,7274406.43671,2.82090407534,10,
5464,720.380050934,422.522721,749016.815505,10.9415060543,2.0,[M+Cl]-
4643,565.44070919,1567.78911,15882127.0378,14.3036537834,10,
4854,590.480646672,1447.64193,3034522.08381,12.253997484,1.0,[M+H3CCOOH]-
4649,566.875518237,48.0582006,380769.018128,6.80196707798,10,
4650,566.951884234,40.5476358,489727.713376,10.7962301073,10,
4651,567.008398124,51.3026244,1667275.60021,13.3035770705,10,
4652,567.079394342,713.77566,10556400.6304,10.2498838047,10,
4654,567.186374373,85.925796,1688699.43839,3.20067518192,10,
5126,628.233774273,1375.8636,26793551.7121,6.09949358326,1.0,[M-H]-
4656,567.278865394,1009.76217,7295166.6154,3.31914910731,10,
4661,568.157404612,60.161664,392600.413715,5.67605384405,10,
4662,568.242790421,487.852494,4071890.0111,2.49043508946,10,
4663,568.311495357,552.624984,32719986.1926,4.09178708116,10,
4664,568.326264569,91.534332,392546.724266,8.89225747876,10,
4666,568.656847525,46.0543059,91463.9480766,9.34996726096,10,
4669,568.966158247,50.9510658,3171857.98653,6.83767648978,10,
4670,569.106505218,51.2003934,1355514.37746,4.75979229906,10,
5445,715.293093086,672.58296,2152241.74779,3.36582761842,2.0,[M+Cl]-
4675,569.367992752,669.11706,127419826.209,3.99293516536,10,
4677,570.142640236,186.266376,3299307.41241,4.94172599912,10,
4679,570.290669428,388.856802,4444408.30455,3.35133887037,10,
4681,570.327073658,403.768428,8564071.66712,6.89651540132,10,
5319,668.304660245,498.580092,680282.433273,3.85630571815,1.0,[M-H]-
4894,594.511936435,1467.72732,3660101.65745,14.8851944666,1.0,[M+H3CCOOH]-
4685,570.863452089,48.3798258,1109093.22499,9.25275663621,10,
4686,570.901609088,48.4055028,531952.926357,6.50615240028,10,
4688,570.956569857,47.7744018,285555.789239,9.99235742928,10,
4689,571.065651039,50.9510658,2057242.77426,5.95342039766,10,
4690,571.110428793,61.24614,306104.64884,10.4020471733,10,
4692,571.185499345,52.5230754,451624.404401,6.48017070348,10,
4694,571.310388219,1065.24996,18950041.0774,5.93922930222,10,
4699,572.201027138,1057.04748,2113726.63743,7.63014756236,10,
4700,572.252333716,367.120599,994459.655788,4.28719730343,10,
4701,572.250465341,314.626902,1133008.7094,3.83111089012,10,
4702,572.285281526,602.54508,3217783.29639,3.39731858327,10,
5400,696.370281256,686.36682,7866589.8748,3.35537204782,1.0,[M-H]-
4704,572.306401259,343.794396,3663147.8408,5.56601657196,10,
4706,572.462967659,1466.49816,647476.180309,12.367947282,10,
4708,572.546916881,44.8025094,99639.8764502,9.67212428808,10,
4709,572.573686751,45.1131288,110287.860213,14.3925978945,1.0,[M-H]-
4710,572.798285367,593.232582,1645807.97188,3.57375228167,10,
4712,572.950564518,48.554034,157446.258745,13.3011419594,10,
4715,573.169528566,883.73862,1681035.15058,3.01420947801,10,
4717,573.324425106,52.7347398,174708.328935,8.83292961992,10,
4720,573.788086969,484.109187,668574.587855,2.49271995395,10,
4721,573.924671413,40.6508472,57818.4941633,7.51942752029,10,
4724,574.285334631,103.773774,10520567.4107,4.12591241319,10,
4725,574.383347878,313.322154,949509.684061,5.71505402352,10,
4726,574.461896006,1455.65472,442751.761694,14.4828913203,10,
4728,574.57121651,45.1131288,418529.056853,8.03465175366,10,
4729,574.695278073,47.1127488,88166.8444658,13.9625994996,10,
4733,575.288402943,442.546464,4392480.7396,1.56684142644,10,
4735,575.285037042,539.851764,18514889.8707,2.47152688893,10,
4737,576.042468836,76.394517,369839.170032,10.1600065499,10,
4740,576.568298922,45.445125,590646.168011,7.4156862214,10,
4741,576.689171442,46.4573724,147508.3249,13.2409332702,10,
4743,576.903418873,48.0582006,365962.251696,6.70667194254,10,
4744,576.938776061,48.4193862,167175.15691,14.6284108155,10,
4748,577.236617496,83.754516,3323346.53335,3.25944110734,10,
4749,577.263334776,1000.99206,39130290.3527,10.2941768091,10,
5201,640.307384551,312.529182,6398678.3339,2.78509340843,1.0,[M-H]-
4753,578.129378283,60.582528,359692.592472,5.01892931153,10,
4754,578.181138377,89.504343,3190797.47828,2.88685734814,10,
4755,578.240141175,83.63802,649399.374361,6.12195226184,10,
4758,578.357281598,607.35882,274730.224876,3.09569780867,10,
4759,578.516606322,1471.96356,1769206.14983,10.4581809524,10,
4762,578.740860491,45.7126356,88859.3994161,8.5000177257,10,
4763,578.776099394,46.5351618,177564.998897,11.9819855596,10,
4764,578.806190009,48.4055028,359525.031921,6.51151509001,10,
4766,579.008805628,51.4637472,434033.848853,8.08413419694,10,
4767,579.240894238,961.72146,1642215.08749,8.5485170253,10,
4768,579.278639697,450.674442,657086.089618,6.87220743269,10,
4769,579.298972594,428.833074,318525.879498,3.07780514638,10,
4770,579.352697806,642.68304,1472753.59267,5.57478260853,10,
4771,580.088141653,960.54909,1957807.98915,6.68873718044,10,
4773,580.190402781,1044.87684,11474221.283,5.89771245076,10,
4774,580.238406123,142.430742,618249.463265,6.12792240731,10,
4775,580.300382005,734.1717,4301002.54707,7.27507104323,10,
4776,580.347768112,687.54768,1437729.6178,8.80941595791,10,
4777,580.451896202,1457.06586,476519.232687,9.1909975143,10,
4782,581.186598946,89.536764,12314351.14,2.42553270553,10,
4783,581.201383614,764.92647,905128.091449,1.7655798708,10,
4784,581.294908179,1060.6554,14728772.7037,2.37521021901,10,
4787,582.206483541,1091.94858,3959775.03516,6.71640149358,10,
5507,742.376185689,441.75834,3072326.73564,2.91377098015,2.0,[M+Cl]-
4789,582.290923974,492.08148,12936148.5514,3.4160525366,10,
4791,582.327199395,593.132268,4843208.85617,0.788862519468,10,
4796,582.982099072,51.3057651,1479475.92686,10.4668488289,10,
4800,583.358897184,572.149128,3393371.91334,2.16731009568,10,
4803,584.187016027,411.127014,4597600.96881,3.18188738081,10,
4804,584.269950394,158.818692,3317836.39852,2.90695956346,10,
4805,584.30663014,450.21498,4468794.70692,1.80503295608,1.0,[M-H]-
4809,584.721778294,46.785498,155256.395599,0.87278192732,10,
4810,584.758695703,46.5351618,185061.987919,13.7653545178,10,
4814,585.080072024,51.5866938,2438711.67948,7.07133166813,10,
4816,585.185626771,959.35782,2117959.59552,3.42847371888,10,
4818,585.3099653,450.116292,1282885.74961,5.43674438314,10,
4819,585.327010285,531.086094,5740659.09625,2.50378758088,10,
4820,586.083058198,51.3089058,267467.610159,7.579099991,10,
4821,586.180757806,85.81863,1670003.58671,4.83552607428,10,
4823,586.264644951,606.84096,20646597.2948,2.32129170304,1.0,[M-H]-
4824,586.265858194,1066.81986,1901358.93566,10.7820612673,10,
4827,586.837551058,48.7008198,521011.145897,10.7482259166,10,
4830,587.039764468,51.3026244,1437960.37339,6.11163558431,10,
4832,587.171337725,1057.99191,3304730.80347,3.99288520546,10,
4833,587.184699536,924.82092,17715023.7945,8.46559810778,10,
4835,587.325698457,550.248894,912490.087178,1.92354802306,10,
4838,588.111096109,100.384656,240420.574068,11.4379280032,10,
4839,588.22864464,112.251534,464016.897387,7.68245273309,10,
4841,588.494317736,1488.81489,4249169.29996,12.3041812157,10,
4842,588.770613433,45.9801168,103428.391113,3.3941535373,10,
4843,588.865813712,48.8321115,474501.482449,8.86781769878,10,
4844,588.925340467,48.7008198,131999.756602,13.5599642019,10,
4845,588.961022973,49.0211958,211194.340639,9.65109811073,10,
4846,588.97479224,645.3378,7975767.25158,4.72557312223,10,
4848,589.215150394,721.0008,650164.404089,2.52069575514,10,
4850,589.976119278,645.0939,2060488.52998,5.15659794772,10,
4851,590.058084676,76.412256,1151599.11193,1.47583212642,10,
4852,590.074114773,41.9646867,82402.8721656,14.9550454415,10,
4853,590.279419458,97.572267,428307.432898,9.29088457473,10,
4855,590.545191523,45.1131288,414799.907483,5.6763636783,10,
4856,590.813658159,742.758,3424267.73019,4.02250252162,10,
4857,590.990370534,49.980327,740821.764781,6.86635862062,10,
4858,591.07074045,954.1242,21518192.56,5.41719104652,1.0,[M-H]-
4859,591.070861416,813.87396,64207103.6979,2.98042475699,1.0,[M-H]-
4860,591.071032531,852.94488,175929919.484,9.16285031005,1.0,[M-H]-
4862,591.070862305,791.8398,57953368.9806,7.06966816692,1.0,[M-H]-
4864,591.071107636,452.331438,338964.851707,7.54370684293,10,
4867,591.745164177,92.552418,5545689.93415,3.66970078833,10,
4874,592.242957539,672.63195,2768852.66052,5.00568393494,10,
4876,592.250496182,432.322638,200328.735331,9.57132768974,10,
4877,592.259921565,150.215196,6107066.4669,1.05658634213,10,
5259,652.590436833,1536.33408,18427641.0204,13.9204372941,1.0,[M+H3CCOOH]-
4880,592.748158203,92.506161,1123292.49857,7.01093867371,10,
4881,592.948646033,49.6615818,1661369.99051,5.19565845848,10,
4882,593.069682748,853.04115,32951900.8023,8.15076678855,10,
4883,593.114793626,157.558602,827272.44246,6.59084285407,10,
4886,593.264686881,60.26901,449689.737956,13.2204199434,10,
4887,593.263283722,150.699552,1555426.47185,2.28258544921,10,
4889,593.324884762,855.90735,1418780.49971,2.83363900722,10,
4891,594.197940905,905.61156,3232684.63976,10.4724179819,10,
4893,594.312322177,827.29287,2090120.94105,6.55841444433,10,
4896,594.753630006,458.537766,477294.834182,3.19743730199,10,
4900,595.489684422,1478.1288,1463614.83314,11.1288874454,10,
4902,595.778221131,586.314936,1603563.3835,1.8657526496,10,
4903,596.229275871,625.07724,811754.363291,1.76095603919,10,
4904,596.279697901,586.588452,951444.075183,1.94130129654,10,
4906,596.343097179,553.973358,1383460.2559,4.39411328111,10,
5080,622.358585423,567.628518,4240157.61772,4.46148570566,1.0,[M-H]-
4912,596.90658724,48.5753628,132151.234316,8.94307324864,10,
4913,596.935850458,49.6010208,953249.042251,13.9556063632,10,
4914,596.994465146,49.3416966,178577.607582,13.9082456629,10,
4916,597.185582811,960.75444,8551830.99163,5.85819459967,10,
4917,597.240942312,65.045094,393364.215336,10.2431431376,10,
4918,597.338190388,455.155326,1761564.58734,5.8222869001,10,
4922,598.253607405,529.712709,8251305.50953,3.27379375079,10,
4923,598.253514095,634.74702,2734837.16669,1.24436785612,10,
4924,598.305458247,359.014098,629677.684733,2.26621055863,10,
4925,598.499075711,1489.60896,1825303.78033,12.4783560531,10,
4928,598.617712865,45.777633,69483.4007269,11.905957284,10,
4931,599.007776321,70.786422,2640200.23712,13.4313155959,10,
4933,599.25709296,529.137126,2637770.34409,1.92655887332,10,
4934,599.258430143,86.555298,476080.838537,11.9293138119,10,
5216,643.309984447,91.319016,1875635.24904,7.34149615778,1.0,[M-H]-
4936,600.051290982,42.1912398,375783.978859,11.7560768493,10,
4937,600.263925613,159.79644,1136138.67383,1.23763848748,10,
4938,600.278515078,91.477794,379496.438285,10.4811442891,10,
4939,600.505438472,1477.79808,1175692.48036,13.5353318961,10,
4940,600.514494212,1504.77696,17886258.8423,14.287009983,10,
4941,600.73331395,46.9622358,193010.721255,7.27387632791,10,
4942,600.852847819,49.0211958,650897.937442,13.6005094224,10,
4945,601.121435928,85.449186,1820816.675,1.32256351737,10,
4946,601.194356945,51.781743,329192.276822,5.65213806954,10,
4947,601.35844954,735.20358,10433038.8372,5.07804374663,10,
4949,602.170991814,592.290381,2188722.85194,11.0064310375,10,
4950,602.259670888,503.255844,1671874.24124,8.2694873969,10,
4951,602.280601396,74.714838,1085470.56429,5.00017953785,10,
4952,602.29602793,704.78082,28971450.0381,6.66515839761,10,
5335,674.319457502,347.76534,662710.851671,9.40041895366,1.0,[M-H]-
4954,602.361678706,735.22416,3248649.66117,9.63351980292,10,
5042,616.734824887,91.319016,5452160.83088,2.79103420483,2.0,[M+Cl]-
4958,602.785018671,46.4329458,96238.6935347,11.0407514286,10,
4959,602.819923808,47.3613084,284192.142564,14.9707099956,10,
4960,602.809135115,593.064516,558474.896674,2.31540123053,10,
4962,602.940847957,49.3416966,207767.697362,12.8718441072,10,
4963,603.220378328,631.51206,703742.451693,1.80396295809,10,
4968,604.296548421,382.004022,15757947.9871,7.73980565929,10,
4969,604.311786364,554.362236,54588105.7683,6.4374357989,10,
4970,604.769723249,740.54148,2828745.32971,4.58825363926,10,
4971,604.778895919,47.0863236,310441.777325,13.9932289555,10,
4972,604.816912484,47.437125,318835.645954,11.2029899942,10,
4973,605.006255997,50.617695,711139.950752,3.5836981726,10,
4975,605.271782468,1058.58777,3498753.61678,2.15105472895,10,
5586,790.349876868,63.639504,1323266.21712,1.04325313055,2.0,[M+Cl]-
4977,605.315048385,554.436018,17252823.1679,5.84267514726,10,
4978,606.035742617,76.854504,904389.100702,3.75487838541,10,
5356,680.339005954,513.006984,2962710.04754,3.35768181379,1.0,[M-H]-
4981,606.318681335,554.820843,3176438.26775,1.22799547517,10,
4982,606.519388596,45.445125,242658.703424,5.21821636211,10,
4983,606.964194311,49.980327,1946607.54445,6.53430231562,10,
4985,607.967153488,49.6815543,207684.733365,6.39171159657,10,
4987,608.356468385,1436.05458,371986.393373,14.9037899835,10,
4989,608.707224822,39.141696,107418.614137,2.94120977988,10,
4990,608.922784672,49.6615818,1629933.23087,5.2421290385,10,
4991,609.088508444,157.195194,1320901.49799,3.40219098609,1.0,[M-H]-
4992,609.24001477,60.560367,323118.264331,9.66264946386,10,
4993,609.277287716,919.16658,554733.346874,9.91966426982,10,
4994,609.301325089,184.313322,24963350.703,6.974612698,10,
4995,610.128533835,76.63545,778483.313125,6.6597906466,10,
4997,610.296847002,304.627626,1493011.22583,8.39924247609,10,
4998,610.35837121,782.57139,3106540.13846,3.75721563573,10,
4999,610.358437687,506.507115,1482009.08805,5.92636491606,10,
4532,552.554783015,45.445125,136021.28838,8.25231217284,1.0,[M-H]-
5001,610.641891343,46.1026938,88749.1093832,7.81217915166,10,
5002,610.722890839,92.902524,1029342.94995,10.7870704837,10,
5003,610.723397368,47.3576532,136660.354267,8.81562592848,10,
5004,610.881388996,49.369998,521970.750004,8.93316510332,10,
5007,611.224338438,1003.47684,17609809.2207,2.82876151994,10,
5008,611.360961591,782.43123,802825.568595,2.64449585076,10,
5009,611.36130718,612.8505,112985.698855,7.75383525752,10,
5010,611.546487387,1488.27186,7735850.36209,14.8659023364,10,
5012,612.185703137,86.240778,3129521.74449,3.81879483179,10,
5014,612.599010909,46.2807204,102006.485223,5.62838511816,10,
5017,612.847862321,47.7353196,426283.948501,5.02206020351,10,
5019,613.049243594,49.9961595,136934.094437,10.1751707617,10,
5020,613.236827647,135.82668,11625442.3315,11.2010954681,10,
5021,613.296721892,464.57271,6867463.60005,4.90575748718,10,
5024,614.3170836,415.55046,5624480.27375,5.92275365576,10,
5191,638.538274847,1472.72274,3065866.52376,14.0437966042,1.0,[M+H3CCOOH]-
5026,614.530075809,1519.52193,4080400.62656,12.7634518416,10,
5027,614.715502792,47.4247827,103273.086376,9.96577920243,10,
5028,614.807038756,47.5464864,321548.69458,14.0317416714,10,
5029,615.007561035,49.6915032,320617.182743,14.3819586754,10,
5480,725.300284816,86.510478,2163206.98099,6.97181676534,1.0,[M-H]-
5032,615.301021147,456.755094,2131857.72621,9.23473385586,10,
5033,615.301104337,512.531436,815596.529188,1.3245360712,10,
5035,616.028589491,42.1912398,133202.714418,6.1183412573,10,
5036,616.201617341,452.314731,680001.184066,11.4603173725,1.0,[M-H]-
5037,616.283645243,144.770448,4008645.83488,2.54184465598,10,
5159,631.330665843,776.1753,645924.023473,4.27311547136,1.0,[M-H]-
5039,616.332781584,567.280506,16912109.395,4.68747847473,10,
5040,616.587442324,45.9559773,109372.04249,10.9027771819,10,
5041,616.708388329,47.0374923,98122.1728221,9.12544783501,10,
5043,616.80313321,47.3576532,236499.203481,10.5273125776,10,
5045,616.865650127,49.6615818,322120.87597,10.2204597558,10,
5046,617.099133139,85.611168,1193287.98131,7.81356376139,10,
5047,617.146246365,157.27314,689014.435991,2.43169463614,10,
5048,617.16806105,51.94428,668228.069347,11.9178986383,10,
5049,617.23598019,91.239594,3103182.54266,3.73013687386,10,
5050,617.280865602,734.03724,2037325.37242,14.4594645095,10,
5053,617.35337212,606.16503,1107679.72492,6.79300719487,10,
5054,617.737693019,91.319016,1174250.50297,8.65369781946,10,
5055,618.209490785,60.538206,678022.218356,9.32485912357,10,
5056,618.290643675,461.959854,194797.325269,10.1519759474,10,
5058,618.330280338,654.46887,39068.5183517,14.9619821973,10,
5059,618.478804604,1422.42891,3707714.09802,13.4003073707,10,
5060,618.546264967,45.906303,98753.9230644,14.7361292578,10,
5062,618.793746856,47.7353196,415759.609936,7.13127602119,10,
5063,619.078748189,76.63545,559543.276702,5.15889453229,10,
5064,619.126065548,51.3089058,105001.151986,10.6354515198,10,
5066,619.212053204,60.188178,222302.973044,14.1584158614,10,
5067,619.231421916,765.06306,888700.17607,0.767574396311,10,
5069,619.41532577,1501.92306,1073743.9807,13.137336338,10,
5070,620.169839175,60.104376,255802.04251,10.9289879148,10,
5072,620.270192269,685.82718,6114713.81483,10.3803323272,2.0,[M+Cl]-
5073,620.724725257,45.437334,71161.539738,9.16226514754,10,
5075,620.846390759,47.0340252,158983.496944,8.63062228363,10,
5076,620.917656824,48.0582006,200793.949596,13.6645051244,10,
5077,620.979742655,50.617695,1994640.68512,3.1196152689,10,
5078,621.273305731,356.74968,322277.606979,3.91064614901,10,
5079,622.241091534,606.71589,691101.865156,1.56037903445,10,
5081,622.371736286,1446.42462,917880.741958,14.1076360297,10,
5310,666.385142868,714.0321,4451388.7553,4.17111342632,1.0,[M-H]-
5085,622.913686342,48.3798258,78512.7652824,9.59301194685,10,
5086,622.937874728,49.980327,1955651.0358,6.87613308033,10,
5087,623.059404335,52.2223188,210210.378661,13.0166009701,10,
5088,623.184374571,1001.30472,21622857.3395,2.39478136799,10,
5090,623.244674774,205.588608,1736901.91141,7.39128896701,10,
5091,623.280984568,119.972292,1395019.29873,4.5488529964,10,
5092,623.361831779,567.646671,1422503.62308,2.56395914207,10,
5457,718.339203842,360.785466,296111.403052,3.71774085542,2.0,[M+Cl]-
5095,624.619722758,46.128495,131045.19384,13.6373552721,10,
5097,624.937890416,49.980327,225821.267184,9.98551343721,10,
5198,639.21665738,1060.28112,6424721.18087,3.13623054619,1.0,[M-H]-
5370,685.255834516,1403.32728,34404016.0036,9.11033999312,1.0,[M+H3CCOOH]-
5100,625.296729503,515.922,18628169.0315,8.79803649234,10,
5101,625.377661159,678.25392,859660.652433,3.28604622119,10,
5102,625.462394382,1547.09316,3173585.57974,14.2335379422,10,
5103,625.562295889,1504.77696,9444483.5703,14.7753632711,10,
5104,626.105753784,76.63545,403712.601911,8.85796093169,10,
5106,626.465794005,1546.28004,1438890.4133,6.80731769237,10,
5107,626.487327663,45.5740494,107894.390564,6.388171361,10,
5248,650.574597855,1516.47834,7330597.65287,14.8044104902,1.0,[M+H3CCOOH]-
5111,626.830700902,47.0863236,100071.937906,12.8239967284,10,
5112,626.863540264,48.0582006,392417.308121,7.42404523052,10,
5474,722.081251219,854.18844,4325596.72084,3.61863554095,2.0,[M+Cl]-
5117,627.275924733,262.670628,10480973.7139,5.61542750458,10,
5119,627.348870987,427.073268,1981531.60227,5.68699300185,10,
5120,628.026865314,76.315476,532061.544945,2.09850456838,10,
5121,628.049092188,852.94488,39998488.3986,8.95090695191,10,
5124,628.048943609,791.21286,10019721.3551,6.8624211583,10,
5125,628.153686715,165.802683,974207.356821,8.74541289021,10,
5128,628.311817824,767.7519,3568930.62866,2.94625000669,10,
5130,628.732633358,47.2854918,100638.181065,10.2413759462,10,
5131,628.822254479,48.0582006,507643.013464,6.52776003084,10,
5133,628.883606658,49.9497396,565492.574261,14.1281577637,10,
5138,629.266761861,65.730156,632652.652912,2.17755464545,10,
5139,629.291749057,373.531776,3249794.63315,2.12881735862,10,
5140,629.316111348,437.62281,322249.538031,2.95673454359,10,
5141,629.314206269,868.96602,13029759.0952,3.90261245947,10,
5142,629.336769469,92.127123,568636.273692,10.6774263799,10,
5143,629.426021326,417.673662,523310.118666,10.2635201365,10,
5144,629.549258746,1536.33408,6072960.55072,12.3110853092,10,
5148,630.286760176,125.668302,2453421.14213,2.73355333817,10,
5152,630.478844116,1424.79438,739231.226655,5.86243777613,10,
5154,630.770285193,675.37815,715770.354804,7.41624697073,10,
5160,631.332328201,548.857764,686231.720228,3.2051052412,10,
5162,632.306528316,595.291716,34824666.2647,4.78421223601,10,
5163,632.458277221,1410.8664,1621583.71703,13.380997942,10,
5164,632.494513886,1430.11854,3292193.0886,11.2264180527,10,
5165,632.562217717,45.777633,69961.8985449,13.9413408693,10,
5166,632.81032652,48.0582006,302545.834995,6.89277960551,10,
5167,633.123636831,157.519812,1915477.13507,4.51996871546,10,
5168,633.286565231,294.254274,785271.659503,3.35494158215,10,
5170,633.326970806,763.04964,15502389.2981,4.47197939425,10,
5171,633.363218516,752.5665,221689.532229,12.752766809,10,
5172,633.461498607,1411.02096,581517.780653,14.3702130308,10,
5174,634.185114085,60.218952,745820.463622,5.47458349239,10,
5175,634.473869661,1415.5188,8131005.76038,14.5373728985,10,
5176,634.648277395,46.4329458,161047.684137,9.7840056001,10,
5178,635.054416483,76.71414,319565.379125,5.85685399904,10,
5299,663.276291003,468.332454,2027303.1546,5.61596937942,1.0,[M-H]-
5181,636.320615849,438.979818,754541.720928,1.88205336598,1.0,[M-H]-
5182,636.34936234,508.109214,877156.399235,2.2667318628,10,
5183,636.387638277,1456.20654,11415651.3743,14.1707655928,10,
5185,636.64382074,46.4573724,169899.290224,6.77445348927,10,
5186,636.892065864,48.3798258,574466.449909,4.69853148751,10,
5187,636.953657452,50.617695,1891258.29996,3.87355330202,10,
5188,637.184005047,85.296414,174026.081424,11.4737568199,10,
5190,638.118986067,85.778664,1117100.15253,4.78612676354,10,
5192,638.730033882,46.9434258,116390.789323,6.88750574732,10,
5193,638.851112696,48.3798258,423824.703357,10.0566908843,10,
5195,638.912468789,50.2992018,956652.447436,8.00731046491,10,
5196,639.052072984,50.3387778,604902.280886,9.09554752717,10,
5197,639.149547003,76.215636,105857.131469,14.9473597701,10,
5199,639.329657399,585.574083,1530264.66173,8.17532648682,10,
5200,640.259242749,454.361268,2035960.83611,7.2488083297,10,
5202,640.349226086,616.8564,1142630.96879,4.10604113095,10,
5203,640.369352532,746.81892,7613437.32565,2.27040699243,10,
5204,640.729301096,92.941062,882924.599401,3.60161412983,10,
5206,641.36421933,345.161517,1299927.82434,14.7014726984,10,
5209,642.327456417,648.83208,2280459.94379,4.00143110625,10,
5210,642.360395656,384.005106,605410.083007,2.00826218203,10,
5212,642.837594972,48.0582006,550686.06153,7.91948399678,10,
5213,643.201095271,1059.89736,3241976.83894,5.58585902042,10,
5214,643.265553372,248.49042,1744198.84886,8.45739647529,10,
5218,643.343723262,377.234892,5801977.9324,4.06358112213,10,
5220,644.676185537,46.7606958,198504.938289,10.8061465163,10,
5222,645.275321588,145.806684,1380226.27192,3.43591889567,10,
5224,645.350196537,377.258436,296006.656183,5.76689801539,10,
5225,646.473982486,1418.07741,1384040.61957,12.3631493128,10,
5227,646.794101145,48.0582006,264957.872012,12.7477934974,10,
5228,646.884764617,48.1906764,109934.177196,11.6671073265,10,
5229,646.954128323,50.331003,149999.114205,14.6454587323,10,
5230,647.342719157,542.153982,351862.848728,2.38455133221,1.0,[M-H]-
5231,648.249705961,538.710738,1337305.2902,1.23814187611,10,
5232,648.273336107,82.971174,2876121.64528,1.77285031035,10,
5233,648.410553514,664.85682,2896275.44205,7.86348330915,10,
5234,648.489599162,1423.12026,6285926.69988,13.8308063053,10,
5235,648.879363019,48.3798258,272603.906777,6.68820363444,10,
5236,648.931968603,41.7381336,164680.243492,4.08427155067,10,
5237,649.177544475,1057.37658,2117060.97692,4.86401517069,10,
5238,649.296483935,327.283656,864266.802895,4.58980407389,10,
5239,649.367120863,835.16745,1060024.25986,4.66447153755,10,
5240,649.443745786,1530.13653,703248.23301,14.417292199,10,
5241,649.463114107,1545.88086,2675569.32648,14.0353522087,10,
5242,650.160701382,60.0282981,249639.096257,5.60593054835,10,
5243,650.299766358,570.495702,466358.978093,2.74122526877,10,
5244,650.330387507,741.37698,2274188.85792,7.57554070866,10,
5245,650.403372536,1466.49816,6465652.61163,13.3747756198,10,
5246,650.509739019,1546.28004,1356871.34611,10.200001527,10,
5459,718.466011109,1516.30467,2192091.11675,9.74935818546,2.0,[M+Cl]-
5249,650.781001908,48.0297948,256577.388347,11.060428481,10,
5250,650.907813879,49.0354125,582784.651065,13.1062836272,10,
5251,651.371647462,669.33582,2759838.94529,4.54231620009,10,
5252,651.535159269,1515.14022,1001034.65892,14.3255178071,10,
5253,651.578149176,1516.47834,2888240.25256,13.1146249652,10,
5254,651.968750846,49.85562,148571.507967,9.54945391745,10,
5256,652.2752328,665.13873,3727326.20088,1.87749087861,10,
5258,652.527050486,1515.14022,625210.99892,7.81204108195,10,
5260,652.618753505,46.7606958,113013.10577,7.71861394231,10,
5261,652.746276661,46.7806119,155159.63151,11.5292275825,10,
5262,652.866441948,48.7282422,650855.732785,5.11895406999,10,
5263,653.069681739,50.987643,970377.190177,2.4199613772,10,
5264,653.2782403,665.19723,1264905.91979,3.53293691924,10,
5622,809.385994686,689.14878,18228670.3053,4.02718120345,2.0,[M+Cl]-
5266,654.384470473,725.67696,8085949.29815,4.41973721847,10,
5267,654.561784473,1548.63084,5859160.13921,12.8014667927,10,
5268,654.705470066,47.1127488,190921.041275,13.6106005927,10,
5270,654.92009041,48.001389,74525.0724802,4.21294873917,10,
5271,655.115436683,157.519812,1331358.52575,4.21604752312,1.0,[M+H3CCOOH]-
5274,657.166744463,41.15802,57059.846906,9.34315648959,10,
5275,657.359340611,397.568286,3087171.42433,6.92772785266,10,
5280,659.091793525,960.4398,708046.40166,7.34037739588,10,
5281,659.17430838,1060.1637,1066992.06068,6.41659549987,10,
5282,659.287602151,91.240662,1684249.08586,4.29356139825,10,
5283,660.490026231,1427.07408,644396.319095,9.2165763832,10,
5284,660.809560628,48.3926643,305343.851481,9.85984709527,10,
5285,660.901813098,49.0211958,78794.6466601,11.9526870041,10,
5286,660.936433963,49.0615272,507599.825545,10.1233917951,10,
5287,660.970806324,50.9510658,189462.328456,4.90237554764,10,
5288,661.333348897,576.580008,11474920.8369,2.5403035538,10,
5289,661.36258682,428.701788,460716.390933,3.78156886943,10,
5290,661.415738825,314.027037,911399.988301,9.88376166365,10,
5291,662.164628642,85.881984,1538205.07249,9.51834995933,10,
5292,662.328654718,560.921502,5977765.57946,3.2443967673,10,
5294,662.338786294,494.395461,685086.729571,5.36678985413,10,
5295,662.365299811,628.1649,1187509.76785,4.19702254751,10,
5296,662.505427334,1431.7488,2354291.25711,12.9752851104,10,
5297,662.895169582,48.7008198,418303.836757,10.6206807612,10,
5574,780.168220738,40.8862392,126167.66001,2.31146407133,1.0,[M-H]-
5302,664.418951064,1477.79808,18876132.8188,12.1153250903,10,
5303,664.854522706,48.2034459,169533.890386,9.31844916207,10,
5304,664.923613802,49.5368688,470976.914752,9.79356492357,10,
5305,665.113800618,114.733872,716848.035413,6.4004823126,10,
5306,665.291880689,515.198571,719815.726795,3.62791004938,10,
5307,665.328384426,488.73834,2812276.17666,1.59554124231,10,
5309,665.982084431,50.4924948,185756.11575,9.48184676931,10,
5312,666.606058588,1553.37798,3734798.77279,11.8047353368,10,
5313,666.725622245,47.0863236,170670.954797,11.6884421248,10,
5314,666.881926216,49.0211958,681107.674492,4.71402978862,10,
5315,666.974958946,49.0211958,85568.4089322,3.31596127595,10,
5317,668.270400221,486.097722,1466594.46335,2.99374075229,10,
5318,668.277671648,92.309979,577674.638616,11.3715593802,10,
5320,668.364425967,529.91256,2334970.10426,4.58986108627,10,
5322,668.840573738,48.609195,383891.602928,14.4467247441,10,
5324,668.90300052,50.7217803,197819.560688,13.3011973038,10,
5325,669.042523583,51.1464852,998268.340879,2.37678748747,10,
5326,670.258728957,134.577786,2776716.71879,4.7683708247,10,
5327,670.379979428,732.81192,207385.374244,8.23235349662,10,
5329,671.088950143,157.436328,1018851.32462,7.09364474592,10,
5330,671.317727238,521.899422,773939.201454,3.72525611712,10,
5601,799.192859303,85.95939,2167871.5448,3.61770087321,2.0,[M+Cl]-
5332,672.827888232,49.0615272,241042.983496,10.247263449,10,
5333,672.994430343,50.155665,225022.182993,7.44347531611,10,
5334,673.333217302,590.838336,1856582.60455,11.3556463283,10,
5336,674.793698895,47.7353196,127077.36463,14.8411780647,10,
5337,674.952286636,49.6615818,648174.591529,6.23520231525,10,
5338,675.334212592,340.676427,371371.365045,3.74035197098,10,
5339,675.348776748,565.547526,6170480.14816,3.58379051103,10,
5340,676.266881698,92.384034,1174930.77084,6.35974758945,10,
5575,780.340293257,90.654408,480934.743522,13.1364312007,2.0,[M+Cl]-
5343,676.752491325,47.437125,212005.921303,14.2890176327,10,
5344,676.767452219,92.384034,740809.436811,11.2093098473,10,
5345,676.787291006,47.4124404,174466.312914,1.0723632946,10,
5346,676.910348956,49.3416966,580842.758049,9.82503681935,10,
5347,677.29169705,362.750682,2235595.34989,3.90917485363,10,
5348,677.805535812,502.988862,755104.325792,4.42698577442,10,
5349,678.139221694,85.755276,502195.79739,5.44241179544,10,
5350,678.238573664,457.10298,364461.963858,9.57172252103,10,
5416,702.605651036,1548.6381,1338952.90028,11.2447088452,1.0,[M+H3CCOOH]-
5352,678.749063696,47.4124404,280194.169437,7.51673562443,10,
5354,679.60930567,1547.58489,3390439.6724,14.677057204,10,
5357,680.834344784,47.6093682,165743.465063,13.307202135,10,
5360,681.272754584,758.65656,1677546.19551,4.3854599217,10,
5361,681.341931059,512.992164,976822.611174,1.38972251042,10,
5362,681.432190861,641.52636,2010347.19968,6.67855957809,10,
5363,682.700740996,47.0799,114261.376315,5.88963764764,10,
5364,682.735898393,47.1257748,117632.689887,5.88741951856,10,
5365,682.855725785,49.3416966,461920.46546,7.95883209917,10,
5366,682.89403373,49.6765425,207350.55546,14.8221007101,10,
5367,684.853794838,49.0211958,220153.330539,7.25357423155,10,
5368,685.015210979,50.9902782,396131.106193,5.83795005482,10,
5369,685.234953481,477.759336,3257873.23313,1.51795683542,10,
5371,685.336665379,557.490378,379080.59023,3.7774738049,10,
5509,745.377131332,559.367448,2896272.50685,2.70883169631,1.0,[M-H]-
5374,686.374919515,588.60363,1076498.15648,2.70484883557,10,
5375,686.389708825,814.7115,4111154.37326,1.3457258961,10,
5376,686.655481884,46.800528,74550.8596302,7.63894485294,10,
5378,686.900309296,40.688916,74804.8682679,13.8649357164,10,
5379,687.380028462,781.91874,2490609.43486,3.50924052799,10,
5381,688.172526619,86.116926,1419289.1891,12.284639168,10,
5382,688.39233345,383.7834,389104.906186,2.4816353516,10,
5384,688.967405151,50.020782,652239.780653,12.0968559342,10,
5385,689.349455173,401.421513,1282921.26356,3.07315102489,10,
5386,689.447644581,430.678428,184355.823053,14.2555784992,10,
5387,690.32655489,799.41246,2925741.71143,5.60056839837,10,
5388,690.353335062,401.719494,371400.599479,4.21570550295,10,
5389,690.434592226,1490.12046,664652.807,11.42935469,10,
5390,690.769820699,47.2854918,170569.150895,9.58938621754,10,
5391,690.925780963,49.980327,691274.312584,12.1498419873,10,
5392,691.243775332,60.538206,283274.837924,12.0797880681,10,
5393,692.306764087,712.40094,6759879.46149,1.01876962864,10,
5394,692.327702061,472.412322,2845961.97655,6.54226850324,10,
5395,692.450249082,1504.77696,6396275.70398,13.7904191824,10,
5396,692.884657416,49.5368688,342108.747927,2.88072919062,10,
5398,693.675750098,40.857105,76985.1422187,7.21770467538,10,
5399,694.355166517,674.70348,661479.554051,2.15700595474,10,
5401,696.406845064,574.49574,12164549.7416,2.03130334196,10,
5402,696.87146538,49.6815543,440559.385543,4.27535450856,10,
5403,697.411357863,574.273863,4097669.05998,1.76504669534,10,
5404,698.252667596,84.70053,4417183.42399,3.87297461803,10,
5405,698.313035219,307.480464,2951610.86201,5.2313552456,10,
5406,698.349508813,132.615651,876293.147927,4.09947332646,10,
5408,698.964061142,49.5368688,166817.372016,4.45027411876,10,
5410,699.257621122,84.667776,1023864.51265,7.54457227826,10,
5411,699.323815246,612.45714,2333693.94118,1.42226641921,10,
5412,699.344883948,486.097722,371365.669418,0.963809834959,10,
5413,700.283541178,561.339168,265238.474809,2.12698477298,10,
5414,700.427140363,836.80452,892852.394964,4.39800231107,10,
5415,700.796995689,47.7353196,225143.709549,6.09668998722,10,
5417,702.755856875,47.6723439,169717.939853,9.85516674883,10,
5418,702.982923403,50.5866075,608066.218093,9.68344130912,10,
5419,703.365025905,413.058375,2232865.83731,6.90152681607,10,
5421,704.327518285,890.73678,1977982.12515,1.55734587014,10,
5422,704.368047429,413.005278,748560.573531,5.34724352272,10,
5424,705.323280731,600.38028,1981130.86781,4.33469230295,10,
5425,705.331071775,890.3835,570228.967743,1.60938440553,10,
5426,705.384729865,756.04986,3837218.35973,0.487190006377,10,
5427,706.466126608,1518.80778,1603116.57656,7.24028074944,10,
5428,707.262766393,81.508158,754079.660558,3.78716848606,10,
5429,707.302318651,373.421112,660094.870706,2.56982441433,10,
5430,708.864910745,48.5312067,174479.764382,14.6263752378,10,
5431,709.846263112,40.922748,31267.4020306,11.4787121987,10,
5432,710.699479941,47.3973891,117603.763443,6.18618164459,10,
5433,710.887469858,50.2367232,310228.089794,14.0796110061,10,
5434,711.283747944,67.63578,462953.209499,12.3106669299,10,
5435,711.337643264,717.55926,29200134.2078,2.57818959807,10,
5436,711.543356207,1490.0895,832860.033845,6.45076776691,10,
5437,712.296711359,621.20712,1092940.79079,4.28489458118,10,
5440,712.847080026,49.980327,130216.689213,8.54320422981,10,
5443,714.383237,91.60368,582090.08393,6.35192041146,10,
5626,811.238487698,42.1912398,675234.456624,8.21835037671,1.0,[M-H]-
5446,715.347636689,404.202774,1652176.26602,2.51809927235,10,
5447,715.379978019,818.12595,7229005.64947,8.29661324498,10,
5449,716.289503526,497.872074,472795.109044,3.14852107497,10,
5450,716.331269853,820.3668,691985.651786,1.83309190364,10,
5451,716.364073105,718.09968,1811507.29256,3.75642408407,10,
5452,716.360254947,270.991794,1580985.53464,5.02674339055,10,
5453,716.772559904,47.9952216,168879.674948,4.99644680021,10,
5455,717.261797111,85.628223,1422574.88643,9.63922849997,10,
5458,718.37607665,280.103172,2229762.35719,10.0421667572,10,
5460,718.768555698,48.0582006,200393.513621,6.86583494609,10,
5462,718.983593771,813.71838,11783844.1483,3.05401553772,10,
5463,718.983731647,852.80406,15189565.9663,3.30668145262,10,
5465,720.481661698,1536.53136,5109448.71677,13.789777219,10,
5467,721.053689467,50.617695,282682.472608,13.0762031387,10,
5564,775.06699724,883.58028,21688806.192,2.81356738418,2.0,[M+Cl]-
5469,721.079721601,869.46468,11767287.3366,4.54632740947,10,
5470,721.079840268,854.1186,9532965.56985,3.42510970944,10,
5472,722.081281106,869.53269,5587486.37472,6.91054943258,10,
5473,722.08105107,882.1542,13615418.2341,10.9798125831,10,
5698,853.407889822,478.279488,243045.993702,6.79462120597,2.0,[M+Cl]-
5476,722.81343732,48.4055028,123155.539968,12.1793075412,10,
5477,723.009472818,50.4782364,239286.707038,8.03810371669,10,
5478,723.308744991,560.994528,469579.758481,3.09077621638,2.0,[M+Cl]-
5479,723.432113247,652.1343,363931.87453,9.66858890159,10,
5481,726.28265886,87.498786,4678608.00592,3.59561593352,10,
5483,726.800162544,48.253869,235165.738638,4.00731128804,10,
5484,727.339595165,359.931678,574487.637184,8.8488023036,10,
5594,795.475409383,663.0375,686055.470898,5.18459575539,1.0,[M-H]-
5488,728.368512859,561.845067,682154.045328,6.5456284401,10,
5491,729.414486647,617.24616,154930.697711,4.37533064962,10,
5492,730.360744852,91.579635,474897.217044,6.45844604551,10,
5493,731.458277582,1317.19026,29524572.1756,8.58077828512,10,
5497,734.743540671,47.7353196,106886.398262,12.4737885312,10,
5498,734.869402115,48.6719235,286046.398668,11.8544958356,10,
5499,735.328911659,533.05206,147839.22287,5.3137086413,10,
5500,736.828944549,48.4055028,183178.10457,10.4137425917,10,
5502,737.028156894,50.4275454,348003.955148,14.9735351621,10,
5503,737.422015934,790.63086,5403107.38748,3.04332162738,10,
5504,738.343430625,251.458206,799519.39958,3.13543370423,10,
5506,741.417302301,502.736355,600447.929619,3.20015814249,10,
5508,744.334279106,488.6394,3122646.20601,1.11750453631,10,
5511,746.790826405,278.80914,16230926.6101,1.91837959113,10,
5512,747.270114293,65.908494,2064925.53203,3.95873619646,10,
5514,747.292353835,278.80914,11359413.3028,2.87327739149,10,
5515,747.79373351,278.45877,4940984.09696,2.05489262145,10,
5517,748.387671846,617.24616,849979.89302,3.86931005247,10,
5518,748.885775087,49.3416966,261580.049446,10.3331451271,10,
5519,749.086712807,51.26883,325941.108081,6.73306889307,10,
5520,749.350342248,434.7777,113091.518861,13.8762360881,10,
5521,749.414060148,853.79526,1353891.84108,4.95669183176,10,
5522,751.412526193,771.45342,2885477.27174,3.09489923542,10,
5524,753.41700879,523.633812,873428.168366,1.939731461,10,
5525,753.798292996,280.557756,4358830.19407,1.77212120673,10,
5526,753.8402688,659.57694,720225.500584,2.85222551313,10,
5528,754.801377535,280.208136,1393897.25753,4.20915545058,10,
5529,755.127303531,41.8706976,47699.8734884,9.33366334544,10,
5530,756.370338675,749.17644,3131975.70174,6.43000232634,10,
5531,756.391892826,548.232036,1158645.08102,6.12128248933,10,
5532,757.394993354,547.915686,412785.960973,9.34223782643,10,
5533,757.41153425,631.31127,426689.064298,7.28240684639,10,
5534,757.473611231,1337.29212,15569919.628,8.19369947662,10,
5682,839.468629324,1358.52063,1570285.04592,12.4523719789,2.0,[M+Cl]-
5537,759.984550756,519.387864,858473.454347,8.92131933765,10,
5538,760.31849833,520.164804,527188.056046,5.30572000798,10,
5539,760.36532845,706.59414,3026184.08895,2.18176848622,10,
5541,760.87248655,49.2794682,114088.563661,11.4032031595,10,
5542,763.415883145,893.2167,285225.149959,10.8394864055,10,
5543,766.326237365,629.52354,1135641.49889,3.59836708587,10,
5544,766.35207316,507.694332,911924.174669,6.3861078595,2.0,[M+Cl]-
5545,766.412291851,456.716964,1687651.29824,1.01705519652,10,
5546,767.018688243,50.882778,244837.084658,1.91282677129,10,
5548,767.256040188,982.2192,63746991.8342,2.34142629215,10,
5549,767.355209407,507.557616,286967.174813,12.1020134309,10,
5550,767.371235938,528.035937,3129144.67796,1.57310541603,10,
5553,767.468877729,665.6472,2448192.03838,1.8624979017,10,
5555,768.251579279,71.766054,2640949.25208,3.14047541976,10,
5559,769.412015979,748.94982,2139624.14602,4.53238144295,10,
5560,772.929767656,49.6615818,212297.081795,10.7806551449,10,
5561,773.364423436,550.195482,1215140.57955,2.85923757802,10,
5562,773.422047099,673.81164,1121655.63911,4.19968269602,10,
5563,774.392343385,537.712596,7789289.27519,2.74989569028,10,
5565,775.395668172,537.712596,3101492.34165,3.37162880756,10,
5567,776.381486569,423.835962,467468.096057,4.18583968774,10,
5568,777.065034677,883.5978,12690972.9523,5.28223898948,10,
5571,779.064131573,917.27454,811269.472956,8.91811010066,10,
5573,779.396542965,552.782946,3622574.5296,2.24272593655,10,
5576,780.399583845,552.972486,1512731.34484,4.66361120725,10,
5577,783.216953225,85.925796,5227177.33566,1.76952944224,10,
5578,783.246818474,359.507526,294067.499367,3.54399623711,10,
5579,783.427551339,778.86381,6037893.81122,1.56075875185,10,
5582,785.360688725,447.800832,1507653.39784,3.04359834452,10,
5583,786.36354868,448.450824,595701.411124,3.08243754211,10,
5584,787.424853692,941.70282,57916492.2497,4.13784132195,10,
5585,788.381192562,435.144918,389417.097389,3.29222868928,10,
5587,792.828309661,48.5753628,118623.161203,9.85871737002,10,
5588,793.378314535,894.02256,932254.03998,3.16677583183,10,
5589,793.390968832,853.4733,3103569.3192,3.32472452436,10,
5590,793.459870859,614.08554,2624701.26857,1.39173153869,10,
5591,794.39449095,853.20558,1382201.33819,8.93780476579,10,
5593,795.370210837,558.408336,526636.085576,2.972180983,2.0,[M+Cl]-
5595,797.443364409,677.75127,2149343.32238,2.99508710807,10,
5596,798.377156474,412.6218,11715823.2402,1.43559652839,1.0,[M-H]-
5597,798.41727497,802.53468,1332538.93741,2.80634925096,10,
5598,798.410586161,919.86405,3082396.48849,11.5466774687,10,
5600,799.148209314,789.20808,14017511.7991,2.51503488222,1.0,[M-H]-
5602,799.337574015,324.290121,2108178.3595,7.38372700985,10,
5604,799.434093995,607.53618,969415.686683,0.773287906814,10,
5605,800.195182555,86.196858,636089.235906,12.864194371,10,
5606,800.332512746,110.84367,719381.562104,5.202280389,10,
5607,800.382744038,412.486878,1121873.91326,1.62581641799,10,
5608,802.376263006,501.597624,99620.7971864,6.06858609125,10,
5609,802.412729863,740.3925,833701.442439,3.20480387695,10,
5611,803.33460816,1450.33866,42635252.4159,7.66860934421,10,
5615,805.371833765,366.501414,3558756.8713,2.38632069572,10,
5616,806.37485678,366.711702,1313689.29605,3.87136875506,10,
5617,807.393643554,918.99228,3287863.87099,9.7761968888,10,
5618,808.336250529,520.277982,794044.675322,6.53324751979,10,
5620,808.67056788,520.277982,876786.66848,3.16133333809,10,
5621,808.803077321,48.5753628,120626.567457,9.96342184953,10,
5623,810.326130099,90.971172,602576.908209,11.1216634607,10,
5625,810.401011396,45.1131288,130524.597377,9.14840270903,10,
5627,811.392169477,689.10534,2241402.44774,1.53866812824,10,
5628,811.763259296,76.73226,1273303.79489,5.07126601439,10,
5630,812.331168549,63.495258,170126.157711,14.0766816629,10,
5632,812.397492839,45.2752314,115652.905137,14.5358902316,10,
5633,813.164059183,854.00592,5054093.08,2.57552187724,10,
5634,813.344652612,632.48814,3950931.71781,1.30658957655,10,
5635,813.351688554,263.358876,1373070.95664,3.07527851732,10,
5638,814.39828183,413.312298,394383.72715,4.03174792053,10,
5639,814.433796633,600.03252,2937352.48378,2.28185514158,10,
5640,815.162987351,853.93068,1397762.33606,6.14113872221,10,
5641,815.350326516,1068.68502,3980849.96247,5.30909830895,10,
5642,816.180852229,952.4217,12379061.8448,2.97007120702,10,
5644,817.378148377,907.63158,43706978.7677,11.2898134645,10,
5645,817.387159462,726.69756,1971769.97534,3.60508324304,10,
5646,818.325389026,650.79075,574542.795478,6.90717192613,10,
5647,818.331599545,385.497861,476477.998206,2.50345233553,10,
5649,818.382297072,399.967908,353995.102089,10.2304093369,10,
5650,818.88610455,651.89253,1154589.92254,4.46362361367,10,
5653,821.270468541,42.1912398,744630.848125,10.0895687397,10,
5654,821.441011516,419.783316,182688.192072,2.13536581716,10,
5656,823.27886483,731.40108,3435454.36557,2.96723914357,10,
5657,823.425053487,991.57824,42071399.2363,5.95640842385,10,
5658,823.78068331,731.40108,2572590.8957,4.17623113438,10,
5659,824.281366009,731.27436,1364387.10131,3.56491687463,10,
5660,824.378770939,45.4412295,142745.810724,5.62166130947,10,
5662,825.218622069,157.597392,352443.5532,5.19862004245,10,
5663,825.334211753,1066.25712,2060014.23744,6.86946430036,10,
5664,826.374902131,45.437334,181110.444184,3.23877905849,2.0,[M+Cl]-
5665,827.465154837,627.648,738678.707906,5.35383097302,10,
5667,828.449550144,645.4074,1240633.8237,0.72572703337,10,
5668,829.4084753,504.130302,1475578.69126,4.37875377036,10,
5670,830.368626163,45.4412295,116575.576139,10.5752336063,10,
5671,830.411185068,504.045228,615016.388546,5.1805561911,10,
5672,831.207694617,813.34638,2167943.0872,5.59951336904,10,
5674,833.418589418,659.82642,7109498.48892,3.340440981,10,
5675,834.111215575,790.54575,2142634.28367,5.55949201969,10,
5681,839.407414984,668.44602,832996.889287,6.38409279897,10,
5684,842.342863913,353.59617,7885657.11689,2.81695198523,10,
5688,844.348887916,353.528904,896414.639602,2.67313273914,10,
5689,845.303552721,1060.28112,834000.382072,14.4534352661,10,
5690,845.386221711,963.65826,976535.272209,13.9369153999,10,
5692,846.392263838,850.47765,4699908.14795,3.81205875293,10,
5694,848.218288383,42.5141082,90883.2533774,14.3526482761,10,
5695,848.40034918,380.261298,409471.544991,1.81073514148,10,
5696,851.482106266,1358.54634,2141408.96402,5.12482610463,10,
5697,853.361336307,567.563262,470508.676846,2.45067878661,10,
5699,854.451001105,549.307698,1030878.39586,6.97101721379,10,
5700,855.460089505,679.5072,8266418.19495,3.38762482775,10,
5701,855.460161484,566.111307,2459021.8294,3.59987066404,10,
5702,856.455534087,553.369398,598196.660554,5.07112813686,10,
5703,856.462919895,566.18604,1114098.19042,4.79608821002,10,
5706,858.461063857,730.90479,1245678.12154,3.2732383538,10,
5707,860.320314447,45.437334,104351.840687,0.581923450576,10,
5708,861.139973829,959.37618,5697759.14316,4.45489048233,10,
5709,861.440992334,1009.04781,3046177.72218,6.93614747797,10,
5711,862.441671879,1009.14048,1301460.67608,3.28419301712,10,
5713,863.392524326,541.391892,1355907.06931,2.34304328754,10,
5714,864.139553499,959.06094,1386206.38599,12.0236972463,10,
5715,867.002713384,882.9732,5426534.9422,10.2996862233,10,
5716,867.003024817,854.00592,1110314.04035,3.55382746549,10,
5717,867.355143244,531.309936,722372.483892,2.89350953655,10,
5719,868.418792751,343.052916,654989.221208,6.78978135346,10,
5721,869.466350418,489.780078,693249.629723,3.99748193192,10,
5724,871.425485395,998.28546,7796224.11075,5.28009578549,10,
5725,871.481426859,625.00026,383279.027868,3.27194656814,10,
5726,871.519095377,1068.91782,20758402.54,5.80581859794,10,
5727,872.426805867,998.29965,4063160.96141,9.39593601711,10,
5729,873.470674796,458.844342,607398.794049,4.36258476244,10,
5731,874.332640017,118.312989,2285910.86557,3.91747335573,10,
5732,875.336044099,118.655352,886005.212149,1.68966494356,10,
5733,877.125666131,783.54726,1305666.00145,3.82377555857,10,
5734,877.28523695,428.388312,7030959.70334,5.61958509751,10,
5735,878.288548018,428.73957,2737659.00325,5.9312898924,10,
5736,879.290810329,428.701788,880773.943642,4.16989077977,10,
5737,879.346558523,960.7893,1823959.49695,3.22811107007,10,
5738,879.594372875,721.1898,244074.509162,1.92470669114,10,
5740,881.344875021,960.76509,1574175.96488,10.5394483957,10,
5742,881.503505181,1066.19262,15727292.4852,4.82827317935,10,
5743,882.460907276,664.40814,310688.344101,5.35316207399,10,
5746,883.502368847,1066.09182,4131455.26891,4.92580756643,10,
5748,884.42935348,540.433242,829864.442012,3.96615118139,10,
5749,885.253847294,951.9267,1516019.7608,4.18486340696,10,
5750,885.439974531,1009.28376,2755780.33609,8.15107061098,10,
5751,886.441189326,1009.75512,1381480.45842,6.09160561699,10,
5752,886.44809621,662.01492,512887.565154,5.23640044393,10,
5753,889.442351852,489.793476,388532.21775,8.42295220671,10,
5754,891.300871086,456.06072,3462896.77328,1.31146126712,10,
5755,891.34706086,963.72366,742369.978455,13.3512590459,10,
5756,891.488113571,1064.5203,6240637.09675,11.2360334398,10,
5758,892.348697255,963.76782,298784.449419,11.434950882,10,
5759,892.491808738,603.81852,2088962.95311,1.97419627447,10,
5761,893.381938289,513.236859,330486.305199,8.39865158285,10,
5764,896.486581416,671.63247,1700771.93722,2.13082133463,2.0,[M+Cl]-
5765,897.111814474,40.8770658,215205.873545,10.2620441952,1.0,[M-H]-
5766,897.489804512,671.69451,775049.414582,2.74912208823,10,
5768,901.472841009,1061.28492,3843945.10675,10.2325043099,10,
5770,902.331553859,826.43616,741722.110139,7.70481719448,10,
5771,902.414926549,490.680378,551295.731109,1.23879680731,10,
5774,907.430315936,436.892094,332720.823826,5.60917986083,10,
5775,912.419884166,417.612186,720372.176051,1.77814625956,10,
5776,914.088839702,40.8862392,85994.1920572,12.8476618846,2.0,[M+Cl]-
5777,915.085249465,40.8862392,57622.06316,11.9761763159,10,
5779,919.236854364,41.2186128,97672.7314565,12.2267274053,10,
5780,922.502499142,609.41244,3153446.65617,3.92443558412,10,
5782,923.505534291,609.60762,1546157.99769,3.51671289706,10,
5784,925.308531986,960.88842,932509.082752,14.3991499906,10,
5785,925.477234353,481.764528,969950.803772,3.98914794808,10,
5786,926.480151538,481.87947,462526.52257,4.06075036085,10,
5787,932.471828137,408.731619,713235.001285,2.95695160642,10,
5788,941.409574785,322.524534,1012809.3913,3.45483756282,10,
5789,946.506419819,929.63046,46165934.6019,6.44917034247,10,
5791,948.301903819,85.543017,289727.58362,8.22852947294,10,
5792,949.182910844,882.7749,9358858.22263,6.29327592479,10,
5795,951.46064329,929.66085,18763812.7024,1.96091587921,10,
5797,961.18295093,886.18398,1323024.77257,3.3755143694,10,
5799,963.482543339,655.75116,869233.903888,1.21420728848,10,
5800,967.466071875,751.30524,746055.275543,6.35885097085,10,
5801,975.528897661,705.5679,1456144.82608,7.6974718845,10,
5802,976.531797301,705.52806,704929.763666,9.85610556147,10,
5806,980.257419008,86.196858,517610.692837,5.7758376589,10,
5807,992.461440211,692.24184,2117849.39636,3.19454250515,10,
5808,999.49001257,612.40188,441836.428443,2.6747603908,10,
