peakID,mz,rt,maxMeanIntensity,RSD,bestScore,bestAdduct
1,102.091761971,249.640158,81145155.2801,2.5495950709,10,
198,166.086197174,139.818426,2976745852.48,8.15964592273,1.0,[M+H]+
3,103.087047146,41.4318768,56921058.0605,2.55416321618,10,
127,150.0582595,57.6972636,356397275.766,1.5337676223,1.0,[M+H]+
6,104.107366144,44.9113752,1518360678.9,12.4865099914,10,
7,104.992739315,37.338876,93298280.2231,4.87067079774,10,
9,106.950858762,36.6317835,2530814.47712,9.31130117946,10,
966,262.031533339,32.4999918,3692130.10424,4.29172604633,1.0,[M+NH4]+
11,109.026352781,42.0633852,337267.468504,12.9220551132,10,
805,246.1811486,41.8038918,26710907.4972,3.00978392623,1.0,[M+NH4]+
13,111.089672837,36.389241,10935861.0415,4.40562988154,10,
14,112.03728609,37.335504,3091813.27895,5.64597260534,10,
778,244.0925394,61.851756,64128270.434,0.762651736952,1.0,[M+H]+
16,112.087199642,45.8618838,31947575.8763,2.79229005464,1.0,[M+NH4]+
787,245.07659061,77.179014,79475722.046,1.79733057483,1.0,[M+H]+
19,114.0349904,77.193174,222259.01247,10.0200281394,10,
20,114.893113057,35.7758331,11626110.838,3.9839876389,10,
21,115.024339622,32.224554,6715071.31841,12.8112569973,10,
22,115.036870591,41.4318768,27932166.9873,0.962946067006,10,
23,116.001462756,1164.25008,23252918.7309,12.2586988983,10,
567,222.189122895,42.8519424,16240753.7897,116.809060971,1.0,[M+NH4]+
25,116.986270457,32.4999918,12799817.0361,10.1659735301,10,
26,117.102474522,45.8618838,55527740.9512,2.15458970975,10,
438,205.097052068,250.291158,766784695.388,3.63341260858,1.0,[M+H]+
295,182.081043609,64.691634,1830849162.32,0.730694224861,1.0,[M+H]+
29,118.086475679,44.9113752,597112467.371,1.65977002789,1.0,[M+H]+
30,119.035413613,117.94779,3184833.85455,14.3075184222,10,
32,119.073181485,139.828827,3235544.57659,11.5501916732,10,
34,120.00349291,36.389241,6504530.07411,2.4827039515,10,
36,120.956804463,29.5173732,222103.776214,6.44398040519,10,
37,121.064947343,110.904222,39909422.333,6.20611159704,1.0,[M+H]+
39,122.924747425,37.0233792,13595800.4608,4.47600751421,10,
41,123.055403178,142.239246,760101745.261,11.8917545852,10,
42,124.039415954,60.259128,25121930.8694,2.68926160723,10,
43,124.073468072,248.933508,3161467.83289,14.7766420184,10,
1410,292.197762111,40.485129,54370483.0657,0.930648226692,1.0,[M+NH4]+
46,125.068714085,41.1162582,37830421.0967,1.50774741623,10,
47,127.000961153,32.5466796,404807.350866,12.1990056113,10,
48,129.1023392,64.691634,46306272.2305,1.38025946391,1.0,[M+NH4]+
49,130.050067183,31.2104988,11913192.7265,7.53806313169,10,
50,130.097621528,39.226125,14137932.5594,1.7664652044,10,
51,131.034034961,31.216119,139782.351513,10.8427760573,10,
55,132.101911568,68.477022,2921168748.5,12.4690609066,1.0,[M+H]+
56,132.889688928,33.1476282,118188.349699,6.98796990103,10,
57,133.049405194,55.8007923,2145716.18587,1.61885841627,10,
58,133.099180997,68.462394,10330441.8349,11.7342853983,10,
60,133.968137176,32.5466796,180375.893695,13.0072619853,10,
61,134.027027136,51.602133,7807063.85629,6.22346284241,10,
62,134.044905875,31.2626778,8248089.0941,4.46346748885,10,
65,134.999834067,34.7132328,16709000.8909,10.2510705081,10,
66,134.996459911,1674.69726,148083116.778,12.326144145,10,
67,134.996538092,1748.1132,18854132.8917,0.973345612072,10,
68,134.996522167,1781.05548,15103490.9747,2.55850742476,10,
71,135.977224185,36.706866,4091213.80343,5.3352996419,10,
72,136.014125565,85.34304,22268320.0236,4.10255160159,10,
74,136.075716427,448.62552,42174299.7937,6.27370720492,1.0,[M+H]+
75,136.930534632,29.5798062,415893.829714,8.59533492303,10,
1066,269.087754142,117.94779,369489060.039,6.43044540496,1.0,[M+H]+
1704,311.145937094,149.995914,14921531.728,3.72845716799,1.0,[M+NH4]+
1067,269.087799137,134.534862,47066369.955,4.11560813569,2.0,[M+Na]+
79,137.059591315,64.691634,10638266.8099,1.02403874667,10,
873,252.976916276,29.5427628,2190881.01705,3.75486423246,2.0,[M+Na]+
82,137.998360665,32.5466796,436474.641172,13.6052092779,10,
84,138.052616457,41.7476322,27195843.3914,3.00008182681,10,
86,138.906609461,34.503438,4022475.58302,4.12506414674,10,
88,139.055848042,41.91543,1394711.3275,4.77566895477,10,
89,139.084113772,45.5441268,6322026.98069,4.17777249491,10,
90,139.914709711,37.698939,2617599.62627,3.2562624085,10,
1353,289.088073382,32.1791358,658312.334917,7.42351504605,1.0,[M+H]+
94,140.903652637,34.4572584,2737779.75517,5.14036056686,10,
95,141.016465993,32.5466796,550431.864166,7.59966187735,10,
96,141.042448065,41.1162582,7517502.62987,4.81189883483,10,
98,142.047549982,38.283255,7157717.59616,6.50978290274,10,
100,142.900771903,34.4572584,415612.255224,6.11514437074,10,
1046,267.167556686,250.616658,5695478.79039,10.546920501,1.0,[M+H]+
1014,265.111554485,188.611362,84344315.4933,14.9266919779,2.0,[M+Na]+
103,144.044565176,249.965526,2321073.60389,0.498017803803,10,
105,144.10190529,1132.75722,568199.188048,9.61368486378,10,
106,144.101968882,1237.35276,632991.526164,14.0485656716,10,
107,144.101915657,1777.12938,414912.435791,11.3596582365,10,
108,144.101958145,1329.75852,540465.536795,12.8487788139,10,
109,145.016506709,32.3368719,211130.865229,10.9502880426,10,
115,147.076437956,39.226125,38005622.007,1.03416434795,10,
116,147.941879464,32.224554,160989.800136,5.0997874926,10,
118,148.936928914,34.4015589,765602.87759,44.7488341814,10,
119,149.012299149,32.5215903,19567213.0462,1.67779286216,10,
1293,285.082645282,85.04808,247240063.399,1.0359907365,1.0,[M+H]+
121,149.018567004,40.5305478,4714977.45048,2.33983603839,10,
123,149.99285252,37.6537728,15837404.3537,3.48553308749,10,
124,150.013868996,36.1249122,7333541.72499,2.53376475232,10,
125,150.029771044,83.808744,2323652.87975,8.09194624824,10,
126,150.058252414,71.38332,57050311.2289,2.80333978802,10,
128,150.077307338,66.940452,7916676.00004,3.20705835964,10,
129,150.900235633,33.1951818,254002.637193,8.17503652766,10,
3353,426.021420063,35.7955668,193390.771524,14.0862361408,1.0,[M+NH4]+
131,150.976843706,37.6537728,11037500.7997,1.6077041835,2.0,[M+Na]+
132,151.023239749,84.04665,1856660.61141,9.27213756666,10,
133,151.045302542,32.4999918,10425132.6914,8.36359567322,10,
134,151.084305427,36.0704922,160173.880314,11.1746212281,10,
135,151.951099607,37.3836912,1622187.18065,10.5430382122,10,
136,152.056572109,120.87978,2255740.06565,6.07115546958,2.0,[M+Na]+
137,152.070543411,201.517386,175530273.219,2.94974816979,1.0,[M+NH4]+
138,152.897342475,33.1459986,158776.749714,9.65743471856,10,
139,152.933251135,33.1459986,126807.802086,7.04519561384,10,
141,153.052053592,77.246658,328172.212942,7.03289449651,10,
142,153.057332243,57.686883,835731.703956,4.02539730274,10,
147,154.02459687,85.04808,16495177.5553,5.49829193232,10,
856,251.142277699,985.6293,55012335.6199,13.0559027021,1.0,[M+NH4]+
151,154.880508987,34.7818626,1755132.85082,4.42372224473,10,
152,154.932078756,30.6159288,152639.69037,10.882524443,10,
153,156.008924588,32.5466796,586631.858083,8.6133401835,10,
1167,276.01289926,33.1476282,392673.371303,11.579560222,2.0,[M+K]+
156,156.877645762,34.8056514,1151788.95237,7.9118039165,10,
157,156.934200651,33.5011959,651775.037564,11.5762439798,10,
158,156.965336604,31.53726,258466.585178,10.548234719,10,
1108,272.152436092,1005.43026,28905910.7109,10.6426902278,1.0,[M+NH4]+
248,175.119005707,39.226125,1143257350.5,1.58456630578,1.0,[M+H]+
163,158.874928204,34.503438,172896.030781,10.5363521193,10,
164,158.931269052,33.471372,173284.995057,8.97281160767,10,
166,158.996625934,32.5215903,6751418.89403,14.1238414332,10,
903,255.097220725,60.259128,140344845.64,1.03908545668,2.0,[M+K]+
169,159.960641015,32.224554,197638.139749,7.58295090618,10,
253,176.012486036,42.1862355,19515198.6416,114.857250743,2.0,[M+K]+
172,160.841250662,35.836338,188705.750214,3.41347798435,10,
173,160.964368499,33.4738788,493201.34276,3.76027012636,10,
174,161.02966106,32.4999918,20014086.4428,8.67125952508,10,
938,259.099780025,990.294,31865756.3317,3.05952157657,1.0,[M+H]+
937,259.099742381,896.06628,283781793.054,10.5650334495,1.0,[M+H]+
177,161.957539653,32.2308852,127097.502447,4.28822422708,10,
178,162.063873324,39.077685,1991501.70959,4.41252649721,10,
179,162.112460309,40.8003888,175578337.688,2.48223615,10,
946,260.0271377,36.0704922,12257855.6841,1.9429799852,1.0,[M+NH4]+
182,163.041972933,84.057714,2629486.37614,12.1600139799,10,
512,216.19583696,951.67524,19450365.7991,13.9908827791,1.0,[M+NH4]+
185,163.148055345,1016.91936,40593008.0682,2.65620014295,10,
1785,316.097313424,1190.83188,12728536.8767,9.97556157049,2.0,[M+K]+
187,164.029414483,37.698939,15776870.7351,1.15731602765,10,
188,164.056560155,112.04403,6463512.66941,7.0315987335,1.0,[M+NH4]+
190,164.948172264,35.4753168,2879599.9086,4.9708515591,10,
191,164.992553602,40.652187,3250164.32757,4.01046089831,10,
192,165.051113792,31.9044288,151298.969858,10.0108371097,10,
194,165.163767885,1050.8208,29461273.9387,12.721749988,10,
1228,280.157618965,1282.75566,131630899.26,13.368938608,1.0,[M+NH4]+
196,165.966758658,37.9686228,5900552.21708,2.24650188772,10,
199,166.086254387,158.113281,475787552.704,3.23922428851,10,
202,167.007940485,126.627762,213989.926586,8.18991680613,10,
203,167.033828067,28.817505,305117.381783,2.45011608787,10,
1308,286.113281134,52.242249,2821921.91111,3.52462155922,1.0,[M+H]+
205,168.014675144,75.625926,666414.663984,8.31026361142,10,
206,168.027444411,32.5466796,2282603.90915,6.02497648986,10,
208,168.092690804,139.818426,9377062.05797,11.6600723436,10,
209,168.099515399,41.9031291,5460116.51535,2.26376247564,10,
210,168.910791493,32.8763778,151814.267796,9.84739754352,10,
211,168.946059695,33.1951818,217634.716275,3.8944291504,10,
212,168.97753833,1465.32846,9413167.81722,4.3450244853,1.0,[M+H]+
213,169.058448641,38.283255,47789872.7329,1.29404710372,10,
214,169.09491567,35.429493,37799846.4273,8.56464811068,10,
429,204.140167579,43.0125078,1646601.8887,6.64198942211,1.0,[M+NH4]+
885,253.981568899,31.53726,503843.369027,8.28357703516,2.0,[M+Na]+
1503,298.124928967,32.3454372,135502.047526,14.2006218431,1.0,[M+NH4]+
220,171.045933192,33.0989796,491893.531363,8.12338120982,10,
222,171.095467734,62.802006,11721161.3272,10.1237176296,10,
223,172.000772409,31.53726,174371.929294,14.7104472354,10,
224,172.006199349,103.569462,2486709.694,0.928318690809,10,
225,172.851707961,35.1294648,1443204.12786,5.91706359859,10,
226,172.942883532,30.9416778,1052273.06352,7.24915281485,10,
227,172.985512188,34.3965474,7358280.76738,199.820107467,10,
228,173.021007798,31.216119,720431.59729,6.93499621816,10,
350,191.091264965,122.550576,4607923.03125,3.16505186973,1.0,[M+H]+
230,173.172871633,1037.79288,13297321.8149,8.63459752758,10,
231,174.007737866,33.5640354,91139.6272417,14.2135816579,10,
233,174.036029404,57.377016,1164047.07185,2.2662751182,10,
235,174.054975763,29.2084308,24617.7301045,4.60954367917,10,
498,214.068479597,53.843001,11166404.2227,1.59200725022,2.0,[M+Na]+
238,174.849178878,35.1063648,263976.789403,7.20190534627,10,
239,174.870837382,33.471372,324138.908217,4.31693810921,10,
240,174.886447432,29.1412398,3144586.89106,2.36040779237,10,
241,174.980203205,33.3258156,676495.821671,3.54976815685,10,
242,175.001632413,72.620646,178010.67115,10.4803161002,10,
243,175.045392881,32.4999918,27088792.6,1.72503851384,10,
245,175.09312272,33.5211768,948243.76764,4.70309423786,1.0,[M+H]+
246,175.107938546,50.6419896,26873567.0567,4.21226334462,10,
247,175.118868025,139.85262,14169392.6933,10.7684972923,10,
250,175.188569162,1147.04484,14702460.8309,2.21473351188,10,
1368,289.979338672,32.0417823,566885.447553,5.32620188506,2.0,[M+Na]+
254,176.022908734,1670.65788,417130344.071,10.4913287718,1.0,[M+NH4]+
1857,320.145387481,30.6159288,102737.309309,13.4441199372,1.0,[M+H]+
2685,374.152083218,40.5415122,2390525.53629,2.5618557673,2.0,[M+Na]+
2013,331.208136498,63.117264,728763.153096,7.00656914217,2.0,[M+K]+
261,176.989195652,58.0618242,599615.695133,4.84807433782,10,
262,177.006926747,54.861906,94150804.2947,2.30649498175,10,
263,177.024691967,36.706866,11087409.4186,3.27487896738,10,
1195,278.141908447,1190.62542,455697898.57,4.04878487158,1.0,[M+NH4]+
265,177.072212719,32.2308852,546150.273085,6.45568657637,10,
266,177.124899645,1060.97244,8888797.85512,5.16243856274,10,
267,177.134526483,40.485129,6965837.13594,6.1450442203,10,
268,177.142668843,41.1363384,359078.466327,10.9126119096,10,
1681,309.96774978,32.1791358,201451.896197,10.0781431095,1.0,[M+NH4]+
270,178.006557232,41.7476322,535597.970123,14.0935208375,10,
272,178.058669756,41.1162582,100365638.653,1.85525650981,2.0,[M+K]+
273,178.099333698,1011.85116,7363432.11439,2.50937450718,10,
274,178.865079062,33.471372,121299.748236,7.55495622893,10,
276,179.025043194,32.5466796,719753.178981,8.03171173134,10,
277,179.090307345,38.9569338,22747765.9615,0.851587872348,10,
278,179.140553875,1147.25544,43371067.5537,0.855520492799,10,
280,180.003320509,38.013687,10802816.01,1.59170354259,10,
281,180.015727009,1669.97184,7213293.41432,5.597281146,10,
283,180.104983279,61.21614,136630.214427,10.1746394825,10,
284,180.174608591,1141.40784,16661692.0459,2.7970432208,10,
285,180.883268811,35.7955668,182666.9041,13.1625595672,10,
286,180.929980485,39.7784685,322982.706868,13.2265870378,10,
287,180.96643853,40.8003888,1144574.22422,2.07229747443,10,
288,181.049477854,1440.81684,64410346.47,13.5465098659,10,
2217,343.120387395,32.8222488,69657.2706588,5.08278076352,2.0,[M+K]+
650,230.138559666,113.70804,54417534.1389,1.33870440487,1.0,[M+NH4]+
293,181.961613591,37.3612836,1808099.49867,7.77066805095,10,
296,182.114936673,469.270521,968857.43988,5.44490526258,10,
297,182.190404287,837.59166,20647659.8297,5.20015841651,10,
298,182.961811754,33.1476282,121817.918393,12.8121100705,10,
299,182.981888763,126.61092,379812.563592,1.06469534488,10,
300,183.043710312,32.496501,85356.830521,11.9424803265,10,
301,183.061686151,32.1791358,1010805.16955,4.35112918483,10,
303,183.110477391,36.4135827,2687236.88732,4.82736501664,10,
1504,298.168066648,1050.8208,106877372.902,12.5804360959,1.0,[M+NH4]+
305,184.045577897,32.2308852,598369.608652,13.0207798835,10,
307,184.094453419,40.485129,37536831.0404,2.5654601769,10,
547,220.117782013,73.928028,270918374.304,1.11800435435,1.0,[M+H]+
2306,348.125375362,39.2207538,4108603.2629,5.37917195436,1.0,[M+NH4]+
312,185.068865936,36.389241,11942389.1713,1.62522118709,10,
1266,283.097182351,1190.86764,103795730.812,6.68528568708,1.0,[M+H]+
315,186.038593905,111.572466,252827.023553,5.11056139117,10,
1454,294.975000922,31.216119,2163108.07579,5.80611865758,2.0,[M+Na]+
317,186.971499062,32.5466796,581345.527829,11.4178642127,1.0,[M+NH4]+
318,186.995453186,37.6537728,140239035.513,4.00992009245,10,
320,187.094068119,302.700444,5447256.93363,12.4249283322,10,
323,188.055395957,30.9416778,293057.852227,10.0582935609,10,
326,188.070509272,276.683745,174996783.348,4.88597234882,1.0,[M+H]+
327,188.068163527,158.230386,27490796.6402,5.5733402196,10,
328,188.076938924,32.199153,464778.161979,8.82962182553,10,
330,188.991532372,31.53726,2116579.91081,3.39817803148,10,
331,189.00447655,32.4999918,543449.947307,10.7784757092,10,
433,204.992816644,83.722284,6549006.19782,6.94449002434,2.0,[M+K]+
333,189.05226337,122.867796,35625516.4546,2.7362687025,10,
1343,288.191441079,86.319144,43364847.9361,1.17397228126,1.0,[M+H]+
446,206.211373737,1085.53434,27023970.5878,14.3972309278,1.0,[M+NH4]+
340,189.969978569,37.332132,621523.783466,4.93971809113,10,
341,190.022252106,84.075828,174357.990482,3.8769448059,10,
342,190.055570067,122.706873,2290458.64703,6.05485833176,10,
345,190.844694714,33.4738788,150348.86655,9.43864346542,10,
347,191.040382304,37.6537728,82001419.4502,1.21180110663,1.0,[M+H]+
349,191.076810756,35.750985,81781961.4049,1.56437765199,10,
353,192.039543148,69.993234,6327346.84868,3.17900574307,10,
1788,316.161291507,108.302544,10326277.4226,3.44637353424,1.0,[M+H]+
358,192.195865814,920.92296,3147578.9323,14.8152393815,10,
1107,272.152370941,887.29902,7987651.53751,12.32663138,2.0,[M+K]+
360,192.195857295,1005.48606,18167437.0044,11.2615709361,10,
361,192.881484128,33.2017692,330065.057212,4.29771063085,10,
362,192.955489329,33.4738788,224979.296614,6.7465788442,10,
363,192.990523563,33.4738788,164110.785803,13.5066096294,10,
365,193.936019941,35.6030748,343828.84506,8.83755725603,10,
1301,285.967570124,36.7294008,2683616.10944,6.35036711869,2.0,[M+K]+
370,194.87858061,33.471372,349432.26419,5.8369140522,10,
372,195.97739362,38.283255,3567734.76651,2.6147156565,10,
374,196.09684153,235.132404,8187434.28296,2.70861679458,1.0,[M+NH4]+
375,196.86515567,34.455012,1539699.2745,3.68811282663,10,
2052,333.14038123,30.8913801,74853.9681807,12.2532849262,1.0,[M+NH4]+
378,197.012132482,126.302346,139907.772793,6.74270765669,10,
1182,277.076646065,49.6126683,5416162.51088,2.54451050728,2.0,[M+Na]+
383,197.150883183,1005.43026,4652122.39439,2.24583996289,10,
384,197.151143558,921.75246,447870.845759,11.5800725393,10,
385,197.991872731,31.53726,2326675.24035,10.0426920849,1.0,[M+H]+
388,198.104307621,38.9121378,17700025.8454,1.52374474157,10,
390,198.862432252,34.455012,1646330.82882,5.1058665356,10,
391,198.915348565,33.7991172,1245495.04258,2.44846944438,10,
392,198.955778105,126.987108,428970.728971,6.19091805158,10,
393,198.974386103,38.9121378,2897822.69179,4.24403870689,10,
1375,290.170700927,107.959644,38353372.0968,1.6366126018,1.0,[M+NH4]+
1787,316.115620258,1220.35632,2570167.41767,4.32881470287,2.0,[M+Na]+
400,200.072535405,42.8122341,30348553.4471,21.9815794386,10,
401,200.200868094,1282.53396,26097483.856,2.580540817,10,
1149,274.844840964,34.1279892,576491.804788,7.22743067845,2.0,[M+K]+
405,201.063905614,39.5970228,551167.900959,11.685199328,10,
406,201.077117634,45.0808278,1063824.38603,12.3202586394,10,
830,248.148922356,63.473712,15965127.9234,2.20506861661,1.0,[M+NH4]+
542,219.133805885,75.559008,255895971.184,11.4106811887,1.0,[M+H]+
413,202.909685398,33.7991172,207801.820486,9.96584101465,10,
414,202.96933713,37.9686228,109975358.987,4.01024370025,10,
1852,319.973986951,34.9600728,206280.648288,13.4317182647,2.0,[M+Na]+
417,203.052591817,39.077685,38467436.8536,0.362552438019,10,
418,203.102518705,47.8242864,10548463.6079,1.80909676339,10,
420,203.11379474,43.962387,2640049.01817,3.03680712088,10,
421,203.138941386,70.062768,70862058.5874,1.86632729238,10,
422,203.140594457,1190.54388,12799611.5327,4.72690768159,10,
1874,321.199251141,48.0875022,4187664.50159,3.68301127386,2.0,[M+Na]+
428,204.122879971,62.843334,108188457.198,1.98649924796,10,
430,204.142237445,81.772284,8148757.1108,4.55799043944,10,
431,204.927681942,37.338876,14636293.632,6.56985456312,10,
432,204.969041061,30.893637,1811880.92781,3.01875832792,10,
2482,360.099402653,33.1951818,125766.281465,11.9492904356,2.0,[M+K]+
437,205.081956413,31.216119,3861194.90555,7.57188248942,10,
440,205.122206787,49.3946475,43330746.3785,4.24573805208,10,
441,206.015672272,57.422826,2027783.33762,7.81856086582,10,
445,206.132099422,65.943957,360438.119454,14.4989372745,10,
447,206.211467262,1071.05352,6233855.72217,11.2684561261,10,
448,206.822493426,33.471372,223402.734788,11.5728942907,10,
449,206.894041597,35.429493,1181668.01172,6.71923708994,10,
450,206.92578883,37.335504,2131493.82571,7.78858639368,10,
451,207.014306853,37.9686228,47667001.192,0.772319339457,10,
452,207.050764704,36.1154412,31018067.8202,2.3108650933,10,
454,207.206640583,44.9113752,169305584.895,1.27857871051,10,
457,208.111306536,72.95814,3011907.11348,2.9303820563,10,
2205,342.92345935,33.1951818,397457.516927,4.05374911963,1.0,[M+NH4]+
461,208.891046715,35.429493,697823.118661,8.97714402807,10,
464,209.055804449,54.6677346,574115.452804,7.79832523512,10,
465,209.12845987,282.75237,37463897.7911,1.69361390916,10,
466,209.149440466,123.431604,2717198.20019,5.77261461292,10,
467,209.933508318,33.3258156,65086.1189133,12.3192037119,10,
470,210.017108891,39.8752815,855248.951508,5.34681925151,10,
472,210.087330334,40.1702496,16543139.8301,9.17694652194,10,
603,226.083991327,312.87081,6054795.92859,8.01034064266,2.0,[M+K]+
1311,286.150650485,54.1174503,3800731.93086,1.95255285663,2.0,[M+Na]+
476,210.993573685,32.8704306,167485.135068,8.96640344579,10,
477,211.051242046,32.4999918,539881.105081,7.76929212054,10,
3260,416.267186611,1431.7077,6968932.19322,0.566418087769,1.0,[M+NH4]+
481,211.105146076,86.670714,11430694.0412,14.3633320965,10,
485,212.007457687,31.53726,3186573.13505,7.20997423664,10,
486,212.076996832,33.1459986,98023.1916661,14.3382749635,10,
802,246.144585744,78.808398,85031995.8746,1.20656681467,1.0,[M+NH4]+
489,212.839195495,34.4572584,1746467.39778,1.76107259472,10,
490,212.853053812,33.1476282,96491.6324306,12.4046028661,10,
491,212.991442114,31.723317,621950.596341,7.77915810248,10,
492,213.042447753,560.68563,1219996.11485,5.4850925158,10,
496,214.006502293,34.1764368,5150523.91044,3.60576161596,10,
500,214.836384555,34.4572584,1825136.1072,4.51910478331,10,
502,215.022079638,57.377016,789807.824198,6.87417390206,10,
504,215.04107408,34.1279892,824482.123554,3.7975610459,10,
505,215.048272647,71.704692,239153.77557,12.7310118568,10,
507,215.080841154,29.5173732,6588341.48399,3.69550513464,10,
514,216.890614273,33.7991172,678207.761639,6.76045797013,10,
510,216.080071357,82.922328,17696755.906,9.72911357227,10,
511,216.151483089,1220.7174,1805196.2922,3.78841502028,10,
2745,378.896914812,34.455012,1620139.65775,5.40519676285,1.0,[M+H]+
515,216.922890593,35.750985,2702927.68876,10.750637338,10,
516,217.006088861,37.6537728,3324514.67342,4.42022300934,10,
517,217.038961184,33.848427,403487.486394,7.94328194958,10,
3046,399.087913683,44.5951272,1123654.21178,8.9865226095,2.0,[M+K]+
519,217.068099487,49.363503,39274256.4475,0.758243397781,10,
520,217.081846797,30.9416778,160371.811666,11.4947174779,10,
521,217.120496279,34.1279892,79706.9454969,5.96010889877,10,
523,217.165817572,113.70804,10518808.3088,4.03371359934,10,
1607,304.186284036,65.320758,31319445.4989,0.749609636739,1.0,[M+H]+
525,217.968925788,33.5211768,635154.054193,8.46568606204,10,
526,218.004476985,33.5211768,125542.996521,11.5315067619,10,
527,218.024607464,58.2085221,617409.296785,12.4393776997,10,
528,218.033799398,32.4999918,21109861.8058,7.45281011844,10,
529,218.042428637,38.283255,12486323.2626,2.82490753223,10,
531,218.087253927,45.8618838,13949923.3203,2.79672592241,10,
534,218.186372015,469.27278,3620813.28408,3.05279818446,10,
535,218.211390897,1050.4788,42504384.756,12.6930012029,10,
536,218.91994513,35.750985,806784.123412,9.86603771211,10,
537,218.984546765,30.9416778,1218829.48939,1.58734055103,10,
540,219.097530137,31.53726,1173214.78658,6.86841699187,10,
544,220.043064601,42.6953856,1352719.63676,7.67333382241,1.0,[M+NH4]+
545,220.066749625,32.173752,4056503.17402,3.90712879587,10,
549,220.90973585,35.1063648,4968805.31142,5.13202776018,10,
550,220.957901205,32.1791358,367749.050844,5.1896106604,10,
4756,604.156231775,64.417704,1611074.25988,3.5125064466,1.0,[M+NH4]+
553,221.095196648,60.760047,6429898.72689,6.61364593462,10,
1717,312.131656905,111.710298,2128707.72894,5.11400898812,1.0,[M+H]+
558,221.151020101,970.2873,5094133.2297,2.57889172707,10,
559,221.18590728,43.0125078,355276884.045,2.18530320765,10,
560,221.917832497,37.5048126,299653.444429,9.01000187206,10,
562,222.034990475,64.86558,8731012.5148,2.39909264899,10,
1986,330.059456596,141.088302,7715255.80905,10.8521386827,2.0,[M+Na]+
1783,316.055206065,46.1792508,3477530.84322,2.87268998729,2.0,[M+Na]+
2417,356.127992434,41.161182,638128.190987,8.71120430537,1.0,[M+NH4]+
568,222.868004632,35.429493,1708584.07529,8.98220104932,10,
3140,406.793393231,33.471372,108656.020219,10.5399052297,1.0,[M+H]+
570,222.90678472,35.1063648,3134389.07758,6.08631667417,10,
571,222.959753323,33.848427,2762589.06252,1.42274176877,10,
572,222.988159572,38.283255,15199009.219,1.28526311476,10,
573,223.02452896,37.338876,6401674.18381,2.42230926683,10,
574,223.096423919,1189.75128,46265594.2188,8.24012702733,10,
575,223.107630327,159.046932,36273885.056,10.533250456,10,
576,223.107616999,188.686146,9061341.50942,2.87401775972,10,
577,223.166710072,1050.8208,23872834.7828,10.923547392,10,
578,223.166646514,1154.22066,13042973.354,2.41874058331,2.0,[M+Na]+
579,223.946507569,35.4753168,431864.016932,7.1649628871,10,
580,224.026284889,57.4394028,1693066.05643,5.18918415121,10,
581,224.017202928,31.9100172,143531.519149,7.49127890511,10,
582,224.05604736,45.5441268,2750202.03705,5.37949538328,10,
583,224.091635313,208.348512,2135208.4468,10.7086328831,10,
584,224.136881328,61.21614,451948.611108,9.89101170254,10,
585,224.175668247,500.677026,13675497.6578,5.8507697823,10,
3359,426.674745296,33.5211768,188319.975293,8.41651744225,2.0,[M+Na]+
588,224.865113614,35.429493,1162011.24165,10.4451880449,10,
589,224.922011059,34.511526,284654.389882,12.609500914,10,
590,224.956936988,33.848427,1239971.2107,4.03206870695,10,
2104,337.014068357,32.4999918,265190.257963,10.0926762904,2.0,[M+K]+
592,225.008892404,32.224554,926029.981578,4.97566841964,10,
1280,284.100258437,63.45336,8205861.69434,2.76947317894,1.0,[M+NH4]+
594,225.099892805,430.540626,2877908.2454,5.46404887558,10,
595,225.131984471,48.1089123,7912320.92967,1.00364168728,10,
598,225.99086392,39.9003078,794104.579122,3.84275788297,10,
599,226.009816179,32.224554,177353.886293,6.39233001056,10,
2156,340.080607953,29.1743898,68667.4231615,10.5008062632,2.0,[M+H+NaCl]+
604,226.079390801,57.7425762,488813.310816,6.77025548541,10,
1814,317.181655896,90.261648,28735504.2813,1.18013588508,1.0,[M+NH4]+
607,226.180088149,726.68796,10562923.511,6.60587281451,1.0,[M+H]+
609,226.951576037,36.0704922,4669333.72789,12.8423504761,10,
612,227.041096187,33.4738788,1158175.06102,4.04613133516,10,
614,227.079055348,86.815836,9386911.48894,14.4087503839,10,
615,227.079067713,277.490412,14806183.0882,7.03154344899,10,
616,227.084933776,292.894302,1127385.24669,5.69517041892,10,
618,227.11378587,40.1702496,238092051.132,2.42329893054,10,
619,227.986939326,31.8076014,1909877.77742,80.2680857709,10,
623,228.119621743,33.1459986,224350.683148,12.4566659272,10,
624,228.12650859,1013.52978,1406347.60353,3.05245411718,10,
625,228.145736507,947.40276,3774955.61776,2.85834071317,10,
626,228.662614065,408.631287,2364197.01137,11.3990022143,10,
627,228.813197604,34.7818626,712387.792855,5.84606948533,10,
631,229.038411505,33.528513,496527.576029,5.13076663552,10,
1954,328.126587409,121.871664,3486809.28049,3.36145076962,1.0,[M+H]+
633,229.061615787,61.577838,941077.884705,3.55330179215,10,
635,229.118223771,97.062216,7624254.80611,1.05128426954,10,
2032,332.253917519,105.107358,436230.757746,10.410831542,2.0,[M+K]+
637,229.154467674,788.8227,13923039.4585,9.36090260617,10,
639,229.154488192,46.8352878,7911855.20327,1.30087622566,10,
640,230.018055499,31.268259,3226057.65976,5.24040898247,10,
643,230.050534342,122.759472,259184.604952,3.84246971145,10,
644,230.059327182,220.108398,3076203.30652,11.6112178184,10,
645,230.069758628,68.021574,123768897.275,1.70668042267,10,
1639,306.165617508,84.04665,22828175.9268,11.3979840503,1.0,[M+NH4]+
1425,293.154110238,68.79327,1719281.00575,5.27229029829,1.0,[M+H]+
2476,359.240003206,1425.67752,8518534.085,8.76297800692,2.0,[M+K]+
652,230.247769183,1446.95598,26695672.5563,9.94885091958,10,
653,230.810416026,34.7818626,804507.69723,2.54055221632,10,
654,230.867207537,33.8018802,594574.83618,4.55083520173,10,
655,230.938516595,35.750985,15069358.9513,3.02708679062,10,
659,231.170270206,179.677008,152964261.657,9.55073207077,1.0,[M+H]+
660,231.170202577,150.339054,62571247.2428,11.7338719657,1.0,[M+H]+
662,231.979845631,30.893637,2136719.01191,4.29078344528,10,
663,232.027238859,99.081654,8893470.14226,2.06018026416,1.0,[M+H]+
665,232.097723841,947.67582,9135274.46059,14.3485042613,2.0,[M+Na]+
667,232.15423566,174.157818,182532690.137,4.55974204782,1.0,[M+NH4]+
668,232.1542457,194.417598,61197250.4627,1.74741600112,10,
669,232.173477912,150.291186,6835175.53688,13.2785800587,10,
671,232.807697078,34.503438,279249.469486,2.76820975126,10,
672,232.829542895,33.2017692,201519.303058,6.70381945337,10,
673,232.864268795,33.848427,402010.231117,4.1193363443,10,
674,232.896805382,35.7955668,4077018.0007,10.9135147954,10,
676,233.035847102,32.1791358,543564.610711,4.78436285321,10,
1388,291.085637615,57.377016,8539123.24979,2.0468763188,1.0,[M+H]+
854,251.077247548,95.184684,721345.773898,2.03131559517,1.0,[M+H]+
680,233.078406105,255.213414,69685667.1926,14.7830777812,10,
681,233.084136432,708.51258,34016094.355,13.7367485557,10,
683,233.084047202,723.31299,15517262.8136,0.976490187277,10,
684,233.139614285,560.68563,3936068.93034,4.35433468824,10,
687,233.168871273,128.48466,289139.233913,3.32828558117,10,
689,233.967011031,41.4269988,173596.154256,11.3512366126,10,
693,234.06078267,29.5485897,12167.0618707,12.7482727224,10,
694,234.152650739,82.597464,9113498.90723,1.11840198594,10,
695,234.826610609,33.471372,293384.588959,7.28454091539,10,
696,234.894025634,35.750985,1431781.02093,11.7855545058,10,
697,234.986513637,33.5211768,536459.772289,4.38005056847,10,
698,235.049189261,57.1024512,517444.159855,5.31140373563,10,
700,235.07303389,741.9576,1573531.37719,4.93996503969,10,
702,235.092366114,31.216119,5707561.51535,7.43183203233,10,
704,235.905114955,33.471372,449758.61318,6.94175183555,10,
705,236.022847505,47.131506,3298268.945,3.64380221944,10,
706,236.064612077,32.4494775,862416.885165,5.22175824911,10,
708,236.074117736,70.421694,3978033.34075,3.34710575199,10,
1215,279.158948704,1439.85462,134849506.196,3.14794965088,1.0,[M+NH4]+
711,236.149073611,49.363503,21213692.5505,11.2457339317,10,
713,236.883661376,35.429493,6681458.15428,4.74820155401,10,
714,236.95038714,32.5466796,209932.805973,11.2320193421,10,
715,236.986513315,32.5466796,1146418.58184,6.73048386249,10,
716,237.024521073,36.8169879,726259.757235,7.87729868025,10,
717,237.144649377,36.0704922,37068534.2953,3.08455721717,10,
718,237.14430808,139.687368,25434505.8191,4.62372701132,10,
719,237.196046944,987.43086,17370302.854,6.77210279086,10,
720,237.946137315,29.5173732,81795.2381603,10.9970568628,10,
721,237.97063773,34.1854014,179337.296682,3.20839717961,10,
723,238.01747994,32.8222488,498166.346677,6.37738936491,10,
724,238.038515525,126.563394,231143.350532,12.2913898381,10,
726,238.067089654,46.1792508,19571620.2945,9.317791003,10,
727,238.093722355,57.399921,887332.526023,7.66193323782,10,
728,238.14796914,36.1249122,3580524.00376,2.01552836262,10,
729,238.154572371,66.26589,757124.62322,8.87807839485,10,
730,238.841900547,35.750985,1098105.36939,6.16192731603,10,
731,238.880776386,35.429493,4669360.22501,5.90338250415,10,
732,238.983734514,32.5466796,736960.046726,6.18720710321,10,
733,239.018302789,31.53726,4554769.0502,4.8231833087,10,
734,239.050024667,49.3876674,1000909.76279,6.99666831462,10,
736,239.13631006,65.047578,10899000.1788,1.70053525721,10,
738,239.940684645,33.8018802,87317.0592757,14.9725576135,10,
739,240.063005075,88.636212,763129.934013,5.00789616679,10,
740,240.12030723,85.66776,2414923.57858,5.23929944081,10,
741,240.839149586,35.4753168,746704.334515,3.98449918075,10,
742,240.907142511,32.8704306,308804.035581,13.7708088092,10,
743,240.934521106,33.8018802,870723.81467,2.70459611586,10,
744,240.967185339,36.389241,27352390.1252,6.93945681816,10,
745,240.986640256,32.2277196,2103010.22742,7.15215869863,10,
746,241.008358709,38.9569338,1740550.46678,6.39215582171,10,
2260,345.213051695,131.035308,11457625.9436,8.47589274222,1.0,[M+NH4]+
1147,274.186989658,47.1785766,16374002.4117,2.31043876321,1.0,[M+NH4]+
749,241.157898502,1109.35443,2638437.45563,8.70127584491,10,
2317,349.153285703,66.897528,4178927.73496,5.19237263552,1.0,[M+NH4]+
755,242.078651442,52.5622512,21517219.6139,0.815851198419,10,
756,242.075041672,34.1764368,120932.056453,14.6679628886,10,
757,242.141821985,1083.46764,281179936.499,2.90628694135,1.0,[M+NH4]+
758,242.1475385,41.283063,369516.001785,11.5785841875,10,
761,242.629175117,57.6972636,475789.356139,5.76546343569,10,
2935,390.95746746,36.389241,1815254.63706,10.8267406952,2.0,[M+K]+
764,243.020028743,32.5466796,2092724.42556,11.0533616171,10,
2504,361.119325505,45.2276328,2700100.8204,3.572229119,1.0,[M+H]+
1376,290.170714536,74.25153,7151095.82307,1.70998315175,1.0,[M+NH4]+
769,243.133763589,75.221274,15685203.1503,1.75173504891,10,
770,243.183226461,45.5441268,52333795.4731,1.60960659378,10,
771,243.96666873,32.8222488,237528.576582,7.36973567888,10,
773,244.033694598,31.268259,1603492.45134,10.3684559306,10,
777,244.066863464,32.2308852,559642.882731,6.63448081945,10,
1267,283.12613238,83.722284,4625754.05904,14.686542832,2.0,[M+Na]+
1147,274.186989658,47.1785766,16374002.4117,2.31043876321,1.0,[M+H]+
782,244.787224543,34.7818626,229104.012892,7.81562587027,10,
784,244.982213761,32.8222488,644133.423423,6.72825802915,10,
785,245.017696656,31.857867,1548091.57028,3.15855670789,10,
789,245.084099245,763.2849,11871583.0802,1.41509018716,10,
2721,377.145465952,740.10918,19708158.2824,3.17090409514,2.0,[M+Na]+
791,245.185877134,392.183466,52945419.1019,5.95108827032,1.0,[M+H]+
2973,393.306647787,45.8618838,1451180.38931,2.38029636964,1.0,[M+NH4]+
793,245.185899636,343.870338,290746220.219,10.1169920308,1.0,[M+H]+
794,245.185938404,311.791314,32027998.2364,11.6843619568,1.0,[M+NH4]+
795,245.185757043,250.941408,53202320.4192,11.8467824788,10,
796,245.197129097,430.171992,32309056.8845,14.6122860963,10,
797,246.02862651,32.1791358,1579936.25558,4.12777743912,10,
798,246.047929183,32.1791358,255916.989996,4.32468392498,10,
1931,326.147315452,85.993764,18902464.9258,0.896293996548,1.0,[M+NH4]+
800,246.094764927,39.912021,1827347.03444,3.08150480282,10,
801,246.144587682,96.701016,8872417.23895,2.43894317218,10,
804,246.181288874,313.229694,12950278.002,3.44418921415,10,
808,246.188604835,365.617902,5482640.22689,2.72707875649,10,
810,246.784337038,34.8336723,277181.637872,4.79811687816,10,
811,246.91242012,36.0704922,20650287.8013,2.23836399614,10,
813,246.985034301,29.2084308,50150.8498204,12.9169018265,10,
2550,364.918624471,34.455012,1060240.50024,7.14623020072,2.0,[M+K]+
817,247.080700915,77.179014,840258.236258,3.78281996591,10,
1858,320.181273849,57.377016,73716598.4661,0.821815647878,1.0,[M+NH4]+
820,247.09740374,1109.37744,7338219.35223,3.96663916837,10,
2509,361.207895607,168.969078,45812016.687,12.0213010483,2.0,[M+Na]+
823,247.201359694,50.3762469,183141.294321,10.0442874682,10,
825,248.026161237,57.422826,42399266.1689,2.58462326738,1.0,[M+NH4]+
826,248.064018698,89.993292,874425.198217,5.79541370481,10,
829,248.08027398,67.84515,57012185.3377,3.62973009148,10,
831,248.208063937,40.5305478,377200.934518,6.22730467815,10,
832,248.870685181,36.0704922,2682194.3654,7.37663385768,10,
837,249.053669064,111.815157,391067.06674,2.64213967009,10,
839,249.055695428,1012.70946,697096.185125,10.9742617141,2.0,[M+K]+
841,249.082438287,42.743079,3509336.02584,3.40563279247,10,
842,249.095724417,39.855753,175433782.82,1.34657883981,10,
843,249.93625197,35.16153,132739.717614,14.0957927657,10,
847,250.079528665,77.986902,1035316.80821,4.65709171112,10,
3360,426.892556465,36.7519356,5231995.6625,1.78368382152,1.0,[M+H]+
849,250.907655222,35.750985,347492.707713,8.75518964842,10,
855,251.138879557,502.392174,23422501.7017,2.23546980753,1.0,[M+H]+
857,251.16028157,35.7955668,30142340.4577,1.88962245958,10,
858,251.20049432,1551.58968,440168.371609,12.7128401767,10,
859,251.200233797,1669.83177,386415.667949,10.9785608703,10,
860,251.20050421,1747.3644,465417.694644,10.3345655946,10,
861,251.213523662,44.2787508,893296.949452,9.07513915521,10,
862,251.634365203,57.422826,3605767.54036,6.04399758572,1.0,[M+H]+
863,251.894595096,35.1525648,150032.421366,9.89499646559,10,
865,252.019011931,57.5588352,870906.9775,5.62091645098,10,
866,252.0540655,126.603483,138966.115954,11.0881745204,10,
867,252.095242088,46.0317018,2686071.5913,2.25086299934,10,
868,252.136493336,57.6972636,664213.507628,9.34926526746,10,
871,252.857518912,35.7732759,3774548.88281,3.14981691444,10,
872,252.963993209,32.224554,1474460.86812,1.25196952957,10,
874,253.038197865,126.952056,89619.7441278,10.3476468043,10,
875,253.093213945,238.510164,633813.099913,7.67040356159,10,
877,253.118018657,143.651802,70461255.9475,8.84244367338,10,
881,253.157872207,1102.75026,74761552.257,3.93564173735,1.0,[M+NH4]+
882,253.157931327,1127.49618,83083197.6469,2.50847836845,1.0,[M+NH4]+
883,253.175499119,256.233534,7835078.6973,3.33829530435,10,
884,253.921227929,29.5427628,106802.93242,11.8304728961,10,
887,254.0305159,57.0575058,8692004.83616,2.92700753047,10,
888,254.084767293,45.5441268,2504501.78301,9.42598238136,10,
889,254.089920306,98.804172,1539548.70001,4.45205280865,10,
891,254.141888476,1145.74332,134452686.788,9.0284749409,1.0,[M+H]+
893,254.186167897,429.761316,12813215.6825,6.0583844222,10,
894,254.247653649,1457.2338,15688168.3408,14.0910807124,10,
895,254.815874396,35.750985,613133.122754,7.87902367444,10,
2424,356.795359717,34.7818626,313115.429691,11.494587547,2.0,[M+Na]+
897,254.961184049,32.4999918,591373.926872,5.00862563747,10,
4124,507.031622088,36.8729478,294265.177333,4.12086396688,2.0,[M+Na]+
904,255.144874325,47.131506,14795651.0225,1.98511524031,10,
905,255.170186611,742.24878,7061381.70153,3.00245643999,10,
906,255.173676087,1208.57952,5562103.33497,6.39266204012,10,
907,256.01547284,33.1459986,169579.924347,12.0094443859,10,
908,256.046619019,45.5441268,6020177.06431,2.29701224508,10,
910,256.094425356,85.696086,2489392.51081,0.780918128762,10,
2100,336.310489557,1465.32846,159363241.742,1.25848294947,1.0,[M+NH4]+
912,256.299620447,1462.2642,20596870.5028,6.36840786124,10,
913,256.813106328,35.750985,479697.463103,6.90305385874,10,
2191,341.861073075,34.8294402,85827.3449534,14.5913327997,2.0,[M+Na]+
916,256.955710684,32.8704306,378733.243445,10.656635191,10,
917,257.081470687,1037.76486,90162766.9927,13.304946235,10,
919,257.128321535,1197.36093,45171411.861,1.75641139297,10,
2661,372.926110701,29.2083912,119497.330701,13.4653308969,1.0,[M+NH4]+
924,257.999345865,40.8003888,1123069.7953,8.71582543133,10,
925,258.036756042,32.224554,307798.095873,10.0742415187,10,
926,258.054084446,88.292874,4812060.88391,11.028915493,10,
928,258.110033604,39.855753,131771702.988,1.72069000097,10,
930,258.278911731,1472.3847,56992420.6251,1.74624163378,10,
931,258.818063064,34.1764368,665395.964719,4.25109958296,10,
3695,456.791640325,33.85665,106964.852141,7.99057792534,1.0,[M+H]+
933,258.953323672,33.1476282,100056.196537,12.2238384972,10,
934,258.997736271,32.224554,11523922.854,5.92324065845,10,
935,259.064114891,36.1154412,1357622.88612,10.8080220736,1.0,[M+NH4]+
936,259.070519995,1134.26694,922752.97003,7.97549613905,10,
939,259.09239118,30.9416778,351301.155505,11.9409865635,10,
940,259.099780509,865.88868,33554151.6313,12.180214489,10,
941,259.099739135,915.1209,71002032.3758,6.57326887796,10,
943,259.212739771,615.6705,9827821.26288,2.19226586767,10,
944,259.965059914,35.921691,850247.083875,5.37723461378,10,
947,260.046833024,32.5466796,597520.122144,2.38692330111,10,
948,260.058693593,283.203816,8323927.21018,14.901311626,10,
950,260.091925061,32.5466796,230853.93078,10.7534685775,10,
951,260.160235077,75.221274,73655105.8571,1.28890368682,10,
952,260.185460257,604.60446,11552473.5995,2.8563480083,10,
953,260.196600262,897.48102,2624884.34353,8.67593138389,10,
954,260.815246749,34.1854014,101436.585301,8.77155724693,10,
955,260.868149095,33.848427,241090.104096,6.54550853629,10,
956,260.92796626,36.706866,32374320.3597,5.37875359144,10,
959,261.052331523,1189.6116,9894165.6584,6.37959379875,10,
960,261.056228972,31.216119,1119753.28275,6.88204500177,10,
961,261.090205158,167.510523,2999122.4421,9.52583202299,10,
2097,336.191600233,400.509612,4238781.08611,6.81000956849,1.0,[M+NH4]+
964,261.191827214,923.43324,1313384.91809,4.16058983574,10,
965,262.006467227,38.1226236,2071073.14486,7.28266904639,10,
968,262.06865052,39.855753,1874667.84251,4.03433726364,10,
969,262.090897859,92.29665,90047.5040903,13.1862247405,10,
4088,502.298270586,293.83593,1288097.61519,9.97915613369,1.0,[M+NH4]+
972,262.118486431,241.648524,11851791.5703,3.88896838649,10,
973,262.128296177,51.602133,15730365.1514,2.21894034978,10,
974,262.118825891,1190.62542,36897336.4665,5.01820022961,10,
975,262.118921769,951.11454,4145291.96094,14.5454003792,10,
976,262.175819522,67.213404,23769363.6391,0.686224323317,10,
977,262.618957082,57.377016,1581234.00099,6.68596906682,1.0,[M+NH4]+
978,262.886276155,36.389241,13026965.3446,3.49951972221,10,
980,262.991950963,32.224554,366163.614428,3.58874454141,10,
982,263.070058959,139.787091,7227164.20308,3.32547036872,10,
983,263.095971865,666.83634,8949264.60381,4.84092756166,10,
986,263.120219671,57.4394028,313943.780436,7.78316485176,10,
987,263.138663167,854.2788,18200962.2557,8.27923368875,10,
1231,280.24813613,1410.62664,139797446.85,8.47895942017,1.0,[M+NH4]+
992,263.997172992,32.8763778,357083.26219,9.21030476088,10,
994,264.037827859,89.914782,2434307.56181,7.88930411949,10,
3420,431.086105661,35.3786289,114337.329663,8.95242207619,2.0,[M+K]+
997,264.071310435,64.103082,36173181.6013,1.90842595,10,
1000,264.153142154,250.616658,1878584.60533,6.92655724627,10,
1002,264.781351902,33.471372,218710.391996,5.15930153905,10,
1005,264.935899848,35.750985,347071.21416,12.2396097035,10,
1008,265.019299088,417.22005,15992800.8725,9.99695082033,10,
1010,265.048560609,87.951528,1029265.11233,2.85528429799,10,
1011,265.052634614,57.4394028,1253648.71574,5.78857590561,10,
1013,265.0696491,39.855753,74193483.5563,1.78061871012,10,
1015,265.129348494,519.992043,2863469.41762,11.5966216277,10,
1016,265.154572861,336.060066,15777868.8673,9.14186401757,10,
2544,364.189790668,364.249338,22740088.9267,8.3666589396,1.0,[M+NH4]+
1018,265.212009597,43.0591758,1956646.69649,5.05074295155,10,
1259,282.278821617,1472.4042,530386941.585,11.180697001,1.0,[M+H]+
1021,265.948120504,33.471372,503416.918789,4.82344361812,10,
1022,265.994643482,32.8461528,247212.49773,7.80272623647,10,
1942,327.067160203,77.179014,6117599.89255,3.25502000069,1.0,[M+NH4]+
2736,378.144607231,61.078356,1510403.99176,4.85299692745,1.0,[M+NH4]+
1025,266.087118458,139.251816,4697801.03916,13.6785840676,10,
1029,266.189444856,46.1792508,1036457.2448,11.2853982724,10,
1030,266.649469688,60.941706,1093388.98378,4.84623297291,10,
1031,266.778579241,33.4738788,299772.526958,6.09230176929,10,
1032,266.842038659,36.1249122,747831.931909,11.681222607,10,
1035,267.006815769,35.429493,779725.886215,4.72071940242,10,
1036,267.037504961,103.80675,772835.620513,3.50071218989,10,
1037,267.049712278,32.1764439,241037.730483,4.68859180436,10,
1039,267.107828371,236.884836,10261667.7498,5.40464470721,10,
1040,267.133721876,174.505824,20004125.1211,10.9851137958,1.0,[M+NH4]+
1041,267.133689072,129.007536,29502978.603,7.24723482961,10,
2451,358.206947709,369.381561,1133284.11337,2.79133161131,1.0,[M+NH4]+
1044,267.171777411,1430.72916,119650550.669,10.0884329193,10,
3381,428.286700541,282.685938,36067616.9322,11.606183892,1.0,[M+NH4]+
1048,267.195303937,1389.17916,290886.697471,3.55947440287,10,
1049,267.94509034,33.1984755,151941.828958,9.75555052809,10,
1050,267.964141717,31.2393984,1079774.94721,2.79960612133,10,
1051,267.997268072,31.5838038,3960307.22476,6.72517320625,10,
1052,268.02802069,40.9840071,540410.016896,14.8491932481,10,
1054,268.126593105,43.0358418,8722483.98597,0.984750762708,10,
1055,268.15765493,1207.572,16501690.5431,7.92247343479,1.0,[M+NH4]+
2787,381.862854666,33.4738788,271201.296572,7.75067549345,1.0,[M+NH4]+
1060,268.899900723,34.455012,132034.421991,6.56272211527,10,
1061,268.941398631,32.2308852,574765.828684,3.7538852768,10,
1062,268.998352237,37.9686228,101676886.515,6.10279602961,10,
1063,269.021764796,858.2964,37346935.7969,11.8770208558,10,
1064,269.063404644,58.3263828,532659.905297,7.45998708649,10,
1072,269.152602127,1037.79288,63756632.023,1.84708699266,1.0,[M+NH4]+
1073,269.152689058,1075.63056,18356171.8209,14.6652336009,10,
1074,269.160352276,117.498984,49040423.9937,8.25239271837,10,
1077,269.925977716,30.280674,1288899.16905,5.17756934128,10,
1080,270.031055435,32.5466796,929636.188938,9.90300014956,10,
1304,286.05652525,1080.65244,64232462.0429,10.9382232539,2.0,[M+K]+
1084,270.136902823,727.9371,3069499.60362,12.1596676764,2.0,[M+K]+
2160,340.163215384,797.31366,6682230.45819,9.58240579266,1.0,[M+H]+
1088,270.173104488,1296.80688,32186577.0275,7.23509093131,10,
1089,270.278941279,1447.28382,71682710.5462,1.08342661069,10,
1090,270.315193487,1468.82832,26939543.5137,13.1634176459,10,
1091,270.797818531,34.455012,1279343.25805,2.16701944206,10,
1092,270.938383441,32.224554,143728.484588,13.84944559,10,
1093,271.00539918,57.377016,381103.167912,12.5508254862,10,
2791,382.01375177,31.5838038,437894.586623,5.16728479518,2.0,[M+K]+
2081,335.109996173,247.355658,3831631.6753,6.16970519888,1.0,[M+NH4]+
1099,271.108354055,110.047224,1978856.02621,7.23418269136,10,
1101,271.176487964,1296.31344,3520715.83136,6.02575005809,10,
1102,271.965403069,34.1279892,1644063.74971,5.46098652495,10,
1103,272.002515301,57.377016,1095533.33952,4.89673893478,10,
1104,271.992186445,31.588767,552009.892993,8.66559310936,10,
2908,389.218139938,637.0908,17838120.2824,10.730361311,1.0,[M+H]+
1110,272.258178584,1451.57346,44347938.0921,1.47011650458,10,
1111,272.285729955,1447.28382,951065.432514,4.19437597608,10,
3514,438.852394191,34.455012,749615.080126,2.94476548471,2.0,[M+Na]+
1113,272.826222064,35.6993208,350263.954722,7.69621116675,10,
1114,272.847919882,34.1279892,443731.037309,7.53210220025,10,
1115,272.914955534,37.0233792,12234491.5437,7.14495298158,10,
1116,273.013309765,32.224554,8012789.23162,3.94546579599,10,
1117,273.043204497,37.9686228,7201611.8148,2.99275258422,10,
1118,273.055390991,1037.79762,86574864.0665,14.0435715174,1.0,[M+H]+
1119,273.079699267,36.706866,5626606.85627,1.89129138611,10,
1123,273.129158015,68.490732,47156794.7829,3.8033687143,10,
1125,273.136202574,985.6293,2848934.23666,3.7683825435,10,
1126,273.141715337,55.837905,11548076.1816,165.177774798,10,
1127,273.14213059,35.6993208,3855162.59828,5.87994381018,10,
1129,273.17937065,1440.18048,1364170.20819,6.55451069538,10,
1130,273.22821947,791.08083,3221700.01101,3.44570057604,10,
1131,273.848618281,33.85665,57257.2045671,10.7574332771,10,
1132,273.906164114,29.1743898,965443.375401,1.75457445748,10,
1781,316.001269782,1669.0626,101272938.167,4.53354468972,1.0,[M+H]+
1134,273.980551986,36.706866,1266616.09308,6.54358432215,10,
1136,274.026065305,33.1459986,1199477.86629,7.40958394227,10,
1142,274.113189219,68.337312,13707325.8986,4.87551519931,10,
1143,274.150648359,74.761206,172466.575512,4.36329360968,10,
2070,334.196858246,82.145658,17659588.0745,11.1921739529,1.0,[M+H]+
1145,274.17591111,169.605306,8985379.08452,2.85804970692,10,
1146,274.175882129,195.955146,16670852.9348,2.41480743987,10,
2876,387.882726696,34.1279892,96155.2790354,6.74224923745,1.0,[M+NH4]+
1150,274.873394059,36.389241,521857.681008,14.5878145114,10,
1151,274.901365768,33.1476282,185450.412564,11.4295778266,10,
1152,274.913043346,36.706866,1539471.6723,3.28561396428,1.0,[M+NH4]+
1153,274.974847643,1781.0091,4757738.36933,10.4561957444,10,
1154,275.07110293,1146.34989,46687227.7129,2.42230364885,10,
1387,291.074320296,142.880994,8193517.77061,5.6488399826,2.0,[M+K]+
2924,390.197908775,127.279794,19918700.6544,3.51472642337,1.0,[M+NH4]+
1157,275.128463273,1296.65118,23090239.9029,7.14866840802,1.0,[M+H]+
1871,321.122388098,69.427524,15039021.7384,7.92902825653,1.0,[M+H]+
1160,275.159702773,64.062378,5661664.77196,1.90732259365,10,
1161,275.190829706,99.467949,436792.085163,4.28491983018,10,
1412,292.284274402,1462.0881,56397206.1735,1.69519543532,1.0,[M+NH4]+
1164,275.277256034,1430.72916,6671579.70096,11.452810393,10,
4711,594.854768914,36.733947,239486.715554,6.02124232103,1.0,[M+H]+
1166,275.970447815,40.7961252,388514.351936,8.91163122048,10,
1168,276.047341617,32.2308852,3472492.93528,2.77401544187,10,
1169,276.102867991,1096.71924,38953182.5943,14.951711974,10,
1170,276.103001322,1121.55726,18553936.2113,1.99771211211,1.0,[M+NH4]+
1171,276.103913924,37.6537728,599528.132406,8.21341090166,10,
1172,276.113258751,128.312163,138838.125561,6.58136162855,10,
1174,276.134025468,245.367906,10453639.6458,2.99662481835,10,
1176,276.789384605,34.1298852,195612.657503,9.68073832383,10,
1177,276.842151689,33.85665,272464.352782,4.90788297008,10,
1179,277.008292895,32.224554,5706597.6408,3.12723218597,10,
1180,277.043799761,32.4999918,3543527.39616,2.28496623546,10,
1181,277.043425416,52.238751,4972757.08732,4.18447473918,10,
1184,277.117775787,376.427352,3736640.38121,4.61345478625,10,
1185,277.139214055,31.216119,1288717.68164,7.19173859921,10,
1186,277.977091361,32.5466796,368634.98527,13.930366663,10,
1187,278.06466056,92.29665,546105.19203,6.30996333323,10,
2708,375.182638627,1121.71989,9334330.73043,1.45885488575,1.0,[M+NH4]+
1191,278.102372538,124.106856,548686.57356,3.27727154671,10,
1192,278.124493394,116.33142,27341436.566,4.39765283561,10,
1193,278.123642358,31.2393984,326110.637787,8.54108331531,10,
1194,278.152981855,51.9221262,3061680.08934,7.01454710939,1.0,[M+H]+
1196,278.142048019,1214.35263,138114503.204,7.77182335727,1.0,[M+NH4]+
1197,278.142061297,1229.35272,21061584.9071,2.55086047305,10,
3883,476.189999748,74.861814,428844.293772,8.47830399722,2.0,[M+Na]+
1199,278.245163137,1465.32846,10144580.3123,5.83226130828,10,
1200,278.247696451,1432.16706,4618215.42473,10.4692198714,10,
1201,278.868372218,34.8294402,1054423.19141,5.54418459959,10,
1202,278.899207378,37.0233792,8230350.73715,5.86484035584,10,
1203,278.995628472,33.4738788,182748.405995,10.3187786644,10,
1204,279.013640516,32.4999918,436033.260883,11.9884227457,10,
2023,332.082626481,417.22005,5089844.50221,11.1769582252,1.0,[M+NH4]+
2718,377.040368002,1035.13962,33566290.3408,12.7444521702,1.0,[M+H]+
1207,279.056754874,33.471372,145213.255603,12.0958004219,10,
1208,279.063615101,1062.3819,36580888.4281,3.96660401472,10,
1209,279.068291543,57.3081759,805023.725365,13.5028470769,10,
1210,279.1005909,58.7207772,23996810.1815,2.61753481444,1.0,[M+NH4]+
2883,388.218671978,75.407328,9198500.71539,1.33961275978,1.0,[M+NH4]+
1214,279.145666636,1214.59794,16387186.3494,6.23546439111,10,
1216,279.170035001,608.94276,197640808.487,11.7380163293,1.0,[M+H]+
1217,279.173613609,1252.06566,8154128.5688,3.3705328396,10,
1219,279.186279271,691.51002,3163185.91111,3.19677293729,10,
1220,280.050672679,60.892167,74695158.3899,54.8138637498,10,
1221,280.073752796,33.1951818,170457.058578,7.34402790735,10,
1223,280.091939993,39.5408892,312829146.395,1.52733747107,10,
1947,327.177257934,149.915526,1540824.72753,4.27091575189,1.0,[M+NH4]+
1227,280.13876982,51.602133,19607718.2445,1.02619011992,10,
1232,280.263186387,1465.15425,26173461.6764,10.1443736544,10,
1233,280.826575668,35.16153,451573.743451,7.68327793623,10,
1234,280.861591494,35.6110203,2111885.61253,68.6568088099,10,
1235,280.897057485,36.7008798,706192.621956,8.31993398676,10,
1237,280.994884114,32.496501,441773.201092,6.68039026418,10,
2343,351.12228161,65.320758,54060970.3917,2.95459917856,1.0,[M+NH4]+
2747,379.05608747,1141.6953,31948773.2323,4.01756307981,2.0,[M+K]+
1242,281.113083019,94.327524,3504334.12888,1.77131156311,1.0,[M+NH4]+
1243,281.152644081,70.702014,9573435.81883,1.73411331629,10,
2437,357.187708986,117.638382,17322538.1533,9.56377597693,2.0,[M+Na]+
1245,281.149265403,93.988794,50638925.3817,1.36084648482,10,
2161,340.178833759,1236.7551,19173046.8541,12.3484756752,1.0,[M+NH4]+
1249,281.905102403,34.9600728,139636.345937,10.7579935251,10,
1250,281.996917921,33.7991172,492058.244502,3.62229813844,10,
3015,397.170906913,40.485129,2441262.36087,5.85448320515,1.0,[M+NH4]+
1254,282.096271748,39.585558,3534517.882,3.38209811566,10,
1257,282.162919977,517.516014,1351026.21076,3.12096269352,10,
1258,282.155765317,70.689018,956357.278261,7.0494950585,10,
1261,282.915546806,34.1279892,1833312.7093,3.46227505254,10,
1264,283.037508098,1020.13083,6702896.04421,13.9580488016,10,
1265,283.051680796,61.851756,7060301.37694,1.33414939615,10,
1268,283.141611908,250.822209,7291920.94733,10.4877772395,10,
1271,283.174934248,511.96479,14160042.5294,13.2683878488,1.0,[M+NH4]+
1273,283.902451744,34.7818626,90045.18245,11.1326510023,10,
1274,283.941590588,30.226359,952242.442035,2.52832729805,10,
2405,355.082585771,37.6537728,7032985.60891,4.06491712014,1.0,[M+NH4]+
1277,284.046585265,32.224554,3307522.49843,8.3961494827,10,
1278,284.069199529,1066.71138,5247120.48171,13.660448136,10,
1282,284.136930517,40.7961252,5314097.423,4.685334283,10,
1285,284.294597619,1454.88156,96752901.7054,1.57183483966,1.0,[M+H]+
1286,284.294550457,1480.48698,51292197.0893,8.89877962059,1.0,[M+H]+
1288,284.96526677,33.1476282,238010.455372,7.51979274452,10,
1289,284.993195012,37.0679388,5262192.23667,3.01237138636,10,
1291,285.047559314,32.224554,829151.504797,9.45933856441,10,
1292,285.072358569,1063.86141,234425.711209,9.61188290389,10,
1294,285.093031906,1190.8752,4697115.79675,7.90977746845,10,
1295,285.203418084,1436.1828,186908819.257,4.1053642371,10,
1299,285.334157574,1474.84374,17116129.3976,1.40058718656,10,
1300,285.923384426,32.224554,86651.3492474,12.7888688272,10,
1303,286.043903019,32.224554,898227.911177,12.6700375766,10,
1305,286.066460427,1065.2037,259610.943951,10.7091422171,10,
1306,286.078308412,33.4738788,219205.811378,5.35074002785,10,
1309,286.116469965,1282.75566,3904968.9663,2.4094831957,10,
1310,286.150642443,78.495054,3155068.50571,1.52860300043,10,
1312,286.175823034,140.13543,57167596.8524,6.56158026436,1.0,[M+H]+
4575,571.381359529,716.35548,63419706.0178,6.3678565902,1.0,[M+H]+
5174,771.424364514,845.86086,1615370.40263,9.8098422726,2.0,[M+K]+
1317,286.771811036,34.503438,743688.889843,3.79074695209,10,
1318,286.930581352,37.6537728,30625224.2732,0.617872291719,10,
1320,287.02185382,30.2367468,198082.634398,3.86968211374,10,
2248,345.053239635,1086.19335,5367722.81478,3.26749802924,2.0,[M+Na]+
1322,287.087398472,250.616658,7962565.34386,2.70906582647,10,
1323,287.082290052,110.01072,1991536.89703,5.21286680606,1.0,[M+NH4]+
1324,287.121050228,41.59881,451159.186422,5.38424070399,10,
1325,287.171402013,1085.48238,5717014.03261,5.65578126181,10,
1326,287.199571075,1296.7692,14531158.8477,3.85744983499,10,
2581,367.200816145,249.640158,10083233.9872,2.01381936966,2.0,[M+Na]+
1328,287.937852957,32.1355329,796960.530899,93.1221583122,10,
1330,287.979251173,57.2393358,269669.950108,11.3156746602,10,
1331,287.998299119,33.7991172,46353.0632999,12.3252564292,10,
1332,288.018591499,57.366651,345253.611356,9.36732922147,10,
1335,288.041643576,32.8222488,4635287.89872,5.74228152304,10,
1336,288.054973838,39.5408892,9669064.88999,2.0309111271,10,
1337,288.10283447,1152.84498,49117683.2672,5.54178279886,10,
1338,288.104158078,32.224554,728494.394657,8.65145051937,10,
2254,345.186677531,68.477022,32478104.3145,6.72621053732,1.0,[M+H]+
1341,288.191647399,326.98932,11799011.3124,5.91538955401,10,
4873,629.361708727,397.505286,1676090.66814,4.18311942284,2.0,[M+K]+
1344,288.191584669,344.576832,15544605.6642,1.36770755532,10,
1345,288.191631597,373.477296,34030055.6588,1.07673187773,10,
3586,444.298350559,1444.40646,1337243.64403,3.28096931858,2.0,[M+K]+
1350,289.017212043,37.9686228,6256507.12783,3.24495870682,1.0,[M+NH4]+
1351,289.061982398,32.224554,4647268.2607,5.03928960428,10,
1355,289.09467148,525.336306,8692395.81299,9.82224149715,10,
3964,487.160851009,35.1063648,589316.789771,7.28040688738,2.0,[M+Na]+
1360,289.196958342,48.4294143,941881.576543,5.80181207585,10,
1363,289.880124217,29.1743898,551196.714229,3.01689593706,10,
1364,289.905059392,37.338876,412737.824305,11.5715020176,1.0,[M+H]+
1365,289.936438086,34.1764368,611655.30282,9.32785897458,10,
1366,289.954435613,37.0233792,1785907.19507,41.6673769946,10,
1369,290.054585445,53.1985152,279949.354042,13.854006277,10,
1370,290.099722017,1152.837,17937717.085,5.42044089306,10,
1372,290.118637311,1210.992,21810575.0868,14.0631549964,1.0,[M+NH4]+
2420,356.157832265,121.413795,8113448.58639,2.34783445017,2.0,[M+K]+
1377,290.170708256,52.8822576,13654804.2586,3.81507784613,10,
1378,290.232293797,1452.23232,9514064.45351,2.09226659828,1.0,[M+NH4]+
2365,352.277178418,1428.03984,3879524.17325,12.335901822,2.0,[M+Na]+
1380,290.766208784,34.4572584,592656.305509,6.19584674047,10,
1382,290.821784414,33.5211768,198532.09498,7.61531548717,10,
1383,290.879173063,33.1459986,230565.698334,10.5285787935,10,
1384,290.894215293,35.429493,706884.23507,8.0213896093,10,
1389,291.083345182,128.339322,3085575.924,2.75077892681,10,
1390,291.102369824,1296.91164,12673771.0849,8.36521181996,10,
1391,291.142266913,64.08273,1608656.63443,6.52442335759,10,
1392,291.174013362,58.646289,2821979.09532,67.2411708752,10,
2218,343.135820515,85.66776,11220331.7624,1.68593221598,2.0,[M+K]+
2637,371.228668771,247.682424,14179487.2665,7.43167011002,2.0,[M+Na]+
2595,368.300409137,1427.94756,105007481.854,11.15185869,1.0,[M+NH4]+
1398,291.866427361,33.3344025,162217.90173,6.47364389167,10,
1400,291.957430811,32.5466796,504438.247168,7.96110087859,10,
1402,292.012033603,28.364868,32604.1744404,9.01650727067,10,
1403,292.060899079,32.1791358,157227.485828,9.94966867439,10,
3185,410.115381905,117.69768,2652055.63042,1.68058383005,2.0,[M+Na]+
2093,336.158277404,224.853144,6294829.20455,4.75175418945,1.0,[M+H]+
1407,292.132204266,69.74502,2180927.96314,11.4856089978,10,
1408,292.145018924,92.318466,1251417.28557,3.01203626494,1.0,[M+H]+
3819,468.804923445,34.503438,201111.67235,9.96407805599,1.0,[M+H]+
1414,292.785098207,33.471372,490085.263923,7.25470902148,10,
1415,292.912141742,32.8704306,466935.569471,8.66635449688,10,
1416,292.935626606,36.9704433,498567.942726,9.33104314913,10,
1417,292.944209242,34.8294402,708841.634155,5.15893277694,10,
1418,292.985289938,1764.27381,3096524.94416,7.81775807414,10,
1419,292.997070037,32.8704306,83137.7408958,11.1626850688,10,
1422,293.082212471,57.7199199,901280.9237,4.35369143186,10,
2126,338.107939572,30.411558,59692.4575457,9.62581615022,1.0,[M+NH4]+
1426,293.161094196,1217.71632,2171962.91052,6.12481004067,10,
1427,293.201311711,40.2150558,6166603.26491,1.36391793164,10,
1428,293.218029942,75.911082,258747.34012,13.3682233821,10,
1430,293.863497859,33.471372,243143.198781,11.9117068685,10,
1431,293.879124999,36.389241,372351.541997,13.0547069644,10,
1432,293.910214995,36.389241,287890.800422,7.84127668714,10,
1433,293.935473863,29.5427628,363396.776525,2.77550938904,10,
1437,294.061706402,1131.53775,7637320.44504,4.06238489558,10,
1438,294.082750431,35.429493,360916.760763,13.1369809075,10,
1440,294.118243206,42.2445966,1804168.69007,3.94773968088,10,
3135,406.171727706,117.174978,8003494.45399,7.31072520288,1.0,[M+NH4]+
1442,294.153315021,46.1792508,10206366.5459,7.56980098582,10,
1443,294.165686694,59.800587,139773.413646,13.8166470612,10,
1444,294.201812977,74.202453,2327667.13527,3.64135980352,10,
1446,294.206148703,1428.41019,16059625.6688,4.03226973338,10,
1449,294.835581523,28.817505,1104185.63287,3.51078396255,10,
1450,294.842341453,35.1063648,1493951.76203,4.58237738523,10,
2642,371.908055282,37.338876,211393.145388,13.5501564211,1.0,[M+NH4]+
1452,294.909508395,33.1459986,340467.18209,7.71733514674,10,
1453,294.919839716,29.3420013,87460.6846407,4.54861553842,10,
1457,295.074165943,1233.78942,2159902.65991,1.44797530157,10,
1459,295.09381152,45.5441268,1615749.56023,9.31107445729,10,
1460,295.128593383,123.874416,48519727.0678,1.38807251091,10,
1461,295.128507655,139.183926,6761669.1997,3.23295964311,10,
1462,295.124897043,45.5441268,2003797.8092,3.37743714902,10,
1464,295.148085567,158.691084,2067917.0892,2.7533322124,10,
1465,295.165073696,172.4118,36904022.0824,2.9737530898,10,
1466,295.165178245,304.513452,32148035.1858,12.7724796955,10,
1467,295.168427096,1190.62542,60859705.1603,4.80427349843,10,
1470,295.959691691,31.53726,648533.499009,8.33450859662,10,
2541,364.073960478,35.1063648,198321.7463,10.6296464742,1.0,[M+H]+
1473,296.069092486,1102.75026,5399087.85003,7.67201442336,10,
1474,296.132013432,123.874416,7350523.29424,3.41370573011,10,
1475,296.152503963,930.26202,17659441.7142,4.88243902367,10,
2991,395.2327339,951.67524,2204974.53206,6.11704032166,1.0,[M+H]+
1480,296.234673607,1472.6307,4467957.56441,12.7866324016,10,
1481,296.779448465,33.5211768,112311.64734,10.7060795552,10,
1482,296.800660752,35.429493,256895.389753,13.0016964017,10,
1483,296.836246131,31.8888444,726879.397561,100.146436331,10,
1484,296.894305486,34.1279892,1758238.32093,9.39015457327,10,
2995,395.967386384,31.53726,633845.39025,3.6533710776,1.0,[M+H]+
1486,297.032155278,1097.03073,8382008.82243,11.3880536097,10,
1489,297.053141272,1170.77352,479509727.518,1.74049498233,2.0,[M+Na]+
1490,297.053228697,1198.97658,46874637.918,4.78840336238,10,
1492,297.16418774,1190.62542,2474825.28431,2.40995229342,10,
1495,297.974754701,33.4738788,301101.437812,7.24536432001,10,
1498,298.089190276,67.84515,1732486.96133,3.25433126849,10,
1499,298.08861517,32.1791358,581955.428912,9.92732428783,10,
1500,298.096670401,591.760008,76933442.4244,2.505921498,1.0,[M+H]+
2635,371.194618241,1296.531,2225567.50446,3.08457289816,1.0,[M+NH4]+
1506,298.273859942,1451.62854,15434503.8927,5.5177580162,10,
1507,298.836642342,35.1063648,512609.62082,4.5195487266,10,
1509,298.945986064,33.471372,2561121.34403,5.51908516789,10,
1510,298.977001676,31.5838038,1002389.35995,8.7817672295,10,
1511,299.008902949,37.9686228,10332860.1049,4.35693222889,10,
4832,619.117152449,1191.19122,10273888.3496,4.85025608776,2.0,[M+Na]+
1516,299.104503968,33.1476282,171680.412223,9.89246886084,10,
1517,299.106372635,1297.14414,4926530.51274,8.80715502976,1.0,[M+H]+
2084,335.164824853,1428.77868,33003229.7517,6.33352111951,2.0,[M+Na]+
1520,299.257921801,1438.87191,11516370.65,8.38984146422,1.0,[M+NH4]+
1522,299.349937879,1478.54922,33051243.799,6.31508629224,10,
1523,299.89031654,34.1298852,139102.078789,9.59852044191,10,
4399,547.032634754,31.53726,153782.340943,4.07084267852,1.0,[M+NH4]+
1525,300.024195659,32.1791358,11605237.5867,3.59810878042,10,
1526,300.074634064,1190.55144,15329745.1391,4.05890207262,10,
1530,300.943100985,33.1459986,1059305.86229,5.10173433559,10,
1532,301.008371449,32.224554,1439751.84173,9.01904299461,10,
1534,301.073262569,32.224554,228789.373961,10.497152296,10,
1538,301.10791252,952.05402,7166624.64126,10.9152170499,10,
1542,301.14294385,68.477022,24733612.0675,6.60508903284,10,
1543,301.154422425,587.106165,1062132.8832,9.52308061647,10,
1815,317.185160659,1454.41104,17651062.7876,6.92568861212,2.0,[M+K]+
1548,302.009950476,138.174432,10009494.8533,3.98919165812,10,
3395,429.220555941,52.242249,435095.901556,5.04341918701,1.0,[M+NH4]+
1551,302.080836643,250.291158,4521892.53817,7.4435093483,10,
1553,302.110795119,107.620404,454575.531854,0.820563623027,10,
1556,302.145590249,61.851756,5649194.18673,2.65499279204,10,
1557,302.170769348,138.415986,17498010.6765,5.7681414918,10,
1559,302.159839949,68.79327,257034.741446,13.9008744842,10,
2474,359.228688901,551.57112,22430322.0089,5.78582488605,2.0,[M+Na]+
1562,302.207214678,186.658476,18703958.2018,4.10242930105,10,
2277,346.233571107,320.822088,31867950.9979,7.48664686647,1.0,[M+H]+
2712,375.223726737,338.924442,21072352.3155,13.1123076445,1.0,[M+H]+
4611,577.301348131,420.703986,3937393.9647,8.16116992512,1.0,[M+NH4]+
1566,302.207345428,273.298908,6590972.39702,4.11038520933,10,
1567,302.207247778,170.166081,17372770.6815,2.92311990468,10,
1568,302.207137367,204.48924,17377087.1612,11.9864681587,10,
1569,302.207207619,368.138724,15754964.3647,10.0607143176,10,
1571,302.245107844,1464.83082,13792983.4953,13.1227348783,10,
1572,302.745695093,34.511526,259461.500025,9.2186997192,10,
1573,302.904511007,37.6537728,7803988.48831,3.36352826542,10,
1574,302.976170854,32.99619,694707.314138,12.3428623797,10,
1575,302.982730958,867.22554,3745179.94354,14.7937192845,2.0,[M+Na]+
1590,304.004808487,32.5535178,209879.093753,4.71456038099,10,
1577,303.024630791,1080.65244,76798437.2275,8.82083899568,10,
1578,303.064949734,250.291158,24748399.0975,1.98269027958,10,
1579,303.06785016,31.5838038,472349.333445,9.98045224976,10,
1580,303.090283719,36.314409,245741.852665,11.2115694018,10,
1582,303.12908301,75.286662,116179.959965,11.767040291,10,
1583,303.165974227,95.680896,27909267.3623,7.63819475083,10,
1585,303.238840184,250.941408,5489469.89307,7.85121681603,10,
1586,303.238958733,343.415298,4926832.8988,12.1024093208,10,
4772,606.324439551,565.789692,44255858.8998,5.20436218533,1.0,[M+H]+
1588,303.913242247,34.1854014,516553.496248,4.89328529584,10,
3316,421.068198546,38.9674002,5301687.27053,5.10313930269,2.0,[M+Na]+
1594,304.092366432,36.67119,2662010.9009,123.433410922,10,
1595,304.113606661,77.179014,2682082.3226,2.66418432024,10,
1597,304.134682822,94.051056,354123.736274,8.51335588277,10,
1598,304.139320832,1295.12412,74493420.6373,13.9617593136,10,
1599,304.139420405,1318.79082,78516784.5221,11.5051989895,10,
1600,304.150027564,49.2227022,4793515.4657,4.36305732756,10,
1601,304.165417925,385.717098,42937838.7974,13.9501996226,10,
1602,304.165429188,410.836992,8887804.59319,1.78607148557,10,
3690,456.281487679,565.062054,23693652.5431,4.66791684272,1.0,[M+NH4]+
1604,304.18639534,123.201918,34835999.8097,1.07334039833,10,
1605,304.186366769,108.643158,20310648.6629,14.0202354631,10,
1609,304.299556344,1451.01339,42778448.9731,1.18200608141,10,
1610,304.66891906,566.373762,885280.136579,4.86762722314,10,
1611,304.742960834,34.7818626,418418.091173,7.34676426931,10,
1613,304.909982976,35.429493,1285700.42265,7.8863594878,10,
1614,304.991107569,38.283255,2169500.06342,3.24708411147,10,
1617,305.072832047,1062.2193,7454675.01521,10.9064566969,10,
1620,305.127615053,1430.3172,68276383.3936,9.29920077856,10,
1621,305.12938291,1136.4897,7208244.8536,2.43162386047,10,
1624,305.251878303,1447.48932,5138608.71916,0.650376535317,10,
1626,305.287777366,1437.24585,9046417.98047,9.04147064319,10,
1627,305.910573177,34.455012,210007.349557,7.82360217855,10,
1628,305.928274027,37.338876,1348553.69825,5.28481651344,10,
1629,306.051311675,32.1791358,255447.334152,12.2324800541,10,
1630,306.067973198,858.61674,2150666.70442,14.9562834118,1.0,[M+NH4]+
1631,306.067690608,33.1459986,64839.4465573,3.3690936236,10,
1632,306.079068879,57.7425762,821469.667185,9.0558211114,10,
1635,306.130304701,1275.50595,6830961.80217,5.12562421163,10,
1636,306.144581507,200.416884,9478457.19938,12.8524161841,10,
1638,306.165646053,56.738376,40474487.3832,7.3203383177,10,
1640,306.160706841,137.01906,7548808.99962,11.4723185398,10,
1641,306.213386227,40.8003888,2682214.42778,7.50889617756,10,
1644,306.689242103,506.688693,2515092.67342,4.48809857713,1.0,[M+H]+
1645,306.740284479,34.7818626,211543.831188,10.9298077417,10,
1646,306.868220505,35.484654,1265374.03113,4.93687660575,10,
1901,324.059070576,50.823078,1926251.2653,2.37452139529,1.0,[M+NH4]+
1652,307.062970885,57.422826,7962454.67836,4.05915465942,10,
1654,307.11352244,139.818426,12079556.7105,9.6466870046,10,
1656,307.222407046,51.602133,11134763.517,1.35497155136,10,
1905,324.274251259,1421.00784,231217013.377,7.82394379779,1.0,[M+NH4]+
1658,307.23965075,43.6453698,3824310.56119,3.36887049317,10,
2497,360.931540125,34.4572584,294485.871484,14.0823129592,2.0,[M+K]+
1661,308.04715019,57.6972636,2806394.8491,5.33286627732,10,
1664,308.090832698,29.8783578,79640.5569547,7.36845111088,10,
1666,308.128594702,1296.65118,2139615.5957,3.02579231703,10,
1671,308.882720832,35.1570474,155491.988949,11.7609694164,10,
1673,308.95473286,35.9960916,1191236.61088,10.3973901782,10,
1675,309.10407685,44.9113752,11002156.05,1.8517476928,10,
3158,408.212764509,484.889538,1064334.80146,11.4469961855,1.0,[M+NH4]+
1677,309.191885308,502.392174,150181822.546,5.44837532415,10,
1678,309.191936193,525.133356,31839602.4054,12.2157233223,10,
1680,309.92656466,33.1951818,255564.308963,2.60605687677,10,
1682,310.002965905,32.4999918,314008.204115,5.53394113674,10,
3196,411.148457068,41.0644344,3997209.0373,4.53970003566,1.0,[M+NH4]+
2683,374.129613909,30.9416778,532709.94755,5.12463007369,1.0,[M+H]+
1685,310.128271465,195.046956,26160514.4669,4.34853854642,10,
1686,310.139439806,185.801064,5355014.51321,9.51485338058,10,
3643,450.20127147,59.0417898,3907096.68998,0.674809757282,2.0,[M+Na]+
1689,310.214149638,1452.10356,12516896.4704,2.86494720326,10,
1690,310.234736731,1428.25659,4126722.64734,14.894415088,10,
1692,310.310228171,1487.41062,16615569.0221,2.92286741463,1.0,[M+H]+
1693,310.812875822,32.0506563,774555.379006,9.79293998217,10,
2962,393.014440583,1060.97244,6941123.98645,1.63717181747,2.0,[M+Na]+
1697,311.048444677,1211.34129,5307166.12233,6.3723390381,10,
1698,311.061159285,417.22005,4109981.05997,13.6234343985,10,
1702,311.123364555,58.9781388,40710271.2529,2.25942141526,1.0,[M+NH4]+
1703,311.141463004,1452.61806,1257966.81375,2.68472471421,10,
1706,311.176962821,86.058786,1034941.93957,3.31800074266,10,
1708,311.255361516,1464.83082,30612220.6991,5.05466507918,10,
1710,311.835691422,33.4738788,84812.118595,14.2514969967,10,
1714,312.103015651,1218.2574,56205256.8307,5.05531249157,10,
1715,312.110766575,69.536703,12309231.2173,7.87585563966,10,
1716,312.131511108,126.61092,3285058.1843,10.5545603671,10,
1719,312.782759002,34.1298852,242674.440195,9.37178096477,10,
1720,312.810233794,32.0842518,441264.801685,87.2674597316,10,
1722,312.921643118,31.588767,244649.516926,10.7792326633,10,
1725,313.021369048,1013.25063,538409.058356,9.1075655151,10,
1726,313.066032384,1263.40068,11302161.2837,2.3720589997,10,
1727,313.06611227,1207.07037,3350975.02143,1.77464933647,10,
1730,313.084454414,1321.52904,26167500.2613,3.48332355896,2.0,[M+Na]+
1731,313.098919583,1013.02986,1280680.96046,3.1200196683,10,
1732,313.10451665,45.5441268,850176.760664,9.35333291417,10,
2873,387.182693208,1196.079,1728644.75788,14.8119433338,1.0,[M+H]+
3255,416.177073442,82.423038,1974723.99052,5.92364292929,1.0,[M+NH4]+
1736,313.149980415,91.010292,1283851.54561,4.03719857348,1.0,[M+H]+
1737,313.175357701,64.691634,58897581.2671,1.92721212039,10,
1738,313.168466799,252.974289,2874086.69181,12.0178625397,10,
1740,313.224727452,1427.48244,1318911.9463,10.0370794704,10,
1741,313.273473001,1438.21356,16196713.9674,4.93049890244,10,
1742,313.66638698,315.391956,3422827.85042,3.13325687877,1.0,[M+H]+
1743,313.957305267,33.2017692,89762.2624633,10.7099739356,10,
1744,313.998839586,37.9686228,10558165.9603,2.93417684935,10,
1747,314.063328984,67.84515,5894175.13129,1.98242973203,10,
3029,398.141242963,263.527686,3289821.42389,9.44001510632,1.0,[M+H]+
1750,314.118663643,1253.45904,12047904.9147,2.0164678045,1.0,[M+NH4]+
1752,314.17808023,1090.06686,3195814.34665,7.59316053278,10,
1756,314.232303389,1170.4446,26034658.1696,6.85394599561,10,
1758,314.810657013,35.1063648,312272.891115,6.97269818131,10,
1759,314.832561791,33.7991172,272687.57689,10.3487222773,10,
1761,314.899785793,35.8054044,1722553.56387,11.1047717379,10,
1763,314.938568006,36.0704922,1083332.86825,10.4128222182,10,
1764,314.954378758,31.5838038,1057602.33072,10.191085221,10,
1765,314.98280249,37.9686228,9988998.00691,3.77827085643,10,
3215,413.01725619,1131.44088,4504907.85011,8.89682471888,2.0,[M+K]+
1768,315.052663033,33.1459986,688822.842853,8.97578366902,10,
1769,315.044795183,49.044249,689141.058966,3.60168558684,10,
1773,315.090563173,42.864936,352445.468087,13.236661053,10,
1774,315.096743979,933.4659,1976278.21773,7.75966399985,1.0,[M+H]+
1775,315.135473294,1428.13092,19595455.8069,6.11942711916,10,
1776,315.171783651,281.42406,2215798.38053,3.5750401076,10,
1778,315.252705877,1476.58158,34859511.7258,1.06814842398,1.0,[M+H]+
1779,315.917448178,27.1056489,15364.3564482,13.1796624607,10,
1782,316.036816317,32.224554,514210.290385,9.98646486712,10,
1784,316.07301723,32.224554,5899865.34807,2.08808562752,10,
1786,316.11563958,1253.80986,4594099.46995,7.23227222079,10,
1789,316.171573188,45.8854182,2024242.91864,5.22649978804,10,
1790,316.194026989,1419.28392,10352395.0055,5.78339985287,1.0,[M+NH4]+
3230,414.234603091,322.9557,18173928.2977,13.5489770046,2.0,[M+Na]+
1792,316.22292899,507.357414,13322193.8165,4.70360647541,10,
4142,509.281250527,412.305504,640255.104604,4.91153704255,1.0,[M+NH4]+
1795,316.331957696,1472.4042,4707479.44918,10.1541178192,10,
1796,316.776948808,34.153161,257314.461216,5.87158479255,10,
1797,316.817436142,28.020117,114532.747882,5.6224580725,2.0,[M+Na]+
1798,316.82979334,33.8018802,449616.214105,5.3111520259,10,
1799,316.863633699,33.85665,232831.441354,10.0865073829,10,
1800,316.882292622,33.471372,205640.821877,7.06303870456,10,
1801,317.022902393,35.750985,642861.311566,6.47451539453,10,
1804,317.083231654,31.8016854,1497084.87639,10.4009290434,10,
1805,317.101763528,74.886516,8985344.36871,3.76034778384,10,
1806,317.11015781,124.210536,2480573.19544,3.6431907481,10,
1812,317.181681283,105.240402,15154987.2451,3.17659944185,10,
1816,317.183876479,677.28504,3473181.20092,8.30111315317,10,
1818,317.960893535,33.1459986,408981.041252,7.78937112223,10,
1819,318.021979464,42.425808,1180388.47266,8.7476674318,10,
1820,318.034800898,32.1791358,3114056.03841,2.87275425483,10,
1821,318.085883258,73.966698,1486584.37144,5.24905640202,10,
1822,318.113666651,124.583238,330034.032683,6.93086898096,10,
1826,318.155012956,1417.74348,177598859.017,11.6652132351,10,
1828,318.181085349,586.978818,10704888.574,11.8023917068,10,
1829,318.181089826,535.491678,56776014.9997,11.6270983384,1.0,[M+NH4]+
1830,318.181112868,651.2106,12637859.0892,4.49170759555,10,
1832,318.202254902,280.349184,8850553.5218,3.10670009128,10,
1833,318.202329625,353.276598,11767882.5854,11.6878251001,10,
1834,318.202067871,372.129846,5660116.60633,1.08926349037,10,
1835,318.21907909,1464.97974,10479380.1591,14.9461131287,10,
1837,318.886920124,35.5884981,3228752.28199,8.82108448748,10,
1839,319.014065552,1097.46228,12480278.3744,11.9433658748,10,
1844,319.097399449,1154.46378,10204304.4013,2.0726574163,10,
1845,319.140059565,336.77709,9947094.66762,3.35859789685,1.0,[M+H]+
1846,319.139966589,233.02302,6570423.41956,2.72685363035,10,
1847,319.15361434,68.477022,24472041.3436,8.21560615624,10,
1848,319.168720044,419.385936,3670383.96748,4.46281334468,1.0,[M+H]+
1849,319.18290254,1454.41104,1039666.92717,2.29748857358,10,
1853,320.070617104,32.8704306,512734.955632,8.14525167694,10,
1856,320.137781181,91.644042,694476.441155,6.15935684114,10,
1859,320.181365351,125.227296,5867547.50743,5.04351877049,10,
1862,320.84509513,35.750985,1156595.46982,4.5901388847,10,
1863,320.884068775,35.750985,2220266.86233,5.9108255518,10,
1864,320.94344212,944.54178,1035949.65136,7.10022052639,10,
1865,320.958894228,32.5466796,262296.762413,10.3129213109,10,
1866,321.008865608,31.857867,467099.726942,8.33825278618,10,
1873,321.149088835,1419.28392,9875648.71845,9.30961262426,10,
1876,321.274570574,1410.29388,58332278.1006,10.5394810587,10,
1879,322.12580798,69.17766,2556123.30167,12.1817758842,10,
1880,322.139414221,103.88253,490772.891545,0.579143798906,10,
1881,322.176075483,415.23162,3673868.68867,12.8475320791,10,
1882,322.202935809,48.4060098,373467.11046,6.70433156747,10,
1885,322.243472064,1438.53918,3256628.11464,1.65108271719,10,
1889,322.842264165,35.750985,826806.816552,5.02122888429,10,
1892,323.034321516,32.5215903,84597.1617697,14.3270044827,10,
1893,323.050289477,1190.91213,19753332.3624,8.57358562294,10,
1896,323.091141283,139.818426,11899006.9725,4.78008260262,10,
1897,323.108444707,64.103082,19174722.1348,4.81038755468,10,
1903,324.09206597,51.4402545,228538.56464,79.1355793967,10,
1906,324.285456103,45.2276328,3589481.72281,2.90884325732,1.0,[M+NH4]+
1908,324.808682641,34.9600728,60541.6025229,3.7873295948,10,
1911,325.010644755,32.2308852,1019087.31233,4.50410854039,10,
1913,325.043934589,41.5873155,243946.928511,4.21256714498,10,
1914,325.109737526,68.477022,1803856.14739,12.2653554678,10,
1918,325.190129202,858.03444,11752901.1635,4.822152004,10,
1919,325.224896159,1430.72916,55274167.8147,8.71217886154,10,
1921,325.270867434,1478.8758,25528807.0193,3.10803042148,10,
1924,325.886765005,34.455012,44895.2467887,6.60414686357,10,
1925,325.940679068,33.471372,80896.5600511,14.3091407462,10,
1926,326.011711343,32.2308852,408767.683556,7.61850179926,10,
1927,326.02455313,32.496501,501353.187315,3.35553103472,10,
1928,326.05603076,43.6453698,4278238.56372,7.30469831943,10,
1930,326.123114674,77.179014,17220397.5543,4.48071328095,10,
1932,326.143389006,39.1743075,5060470.77848,1.56854835824,10,
3736,460.255248178,642.8331,6319094.46315,7.78486847167,1.0,[M+NH4]+
1936,326.274447535,1477.7316,4844429.40107,3.32931660184,10,
1937,326.377733946,1471.7427,89720977.6452,1.55570900978,10,
1938,326.733774767,33.5211768,400704.00238,7.50866426757,10,
1941,327.06011571,1275.36102,927832.488731,5.95433121411,10,
1944,327.094474975,140.156106,1233221.67092,6.42989909155,10,
1946,327.158292377,48.0842718,342503.088437,11.046758453,10,
1948,327.205909721,1013.78076,6471183.40157,1.74189918258,10,
1950,327.954022398,32.8222488,303487.769355,9.16788752327,10,
1956,328.126617573,85.34304,2743629.41257,2.54270281008,10,
1957,328.138822141,195.00576,55169931.6068,3.29194608355,10,
1959,328.178805153,1254.85164,2023747.35273,0.90349129827,10,
1960,328.295594926,1428.78936,6059213.53683,7.61895207208,10,
1961,328.295560983,1411.83528,4801288.0078,9.72515807436,10,
1962,328.73034942,33.4738788,161558.036928,5.08066534361,10,
1963,328.756742873,34.455012,342885.832155,6.42493870674,10,
1964,328.787483708,35.1063648,277223.488458,4.5388054885,10,
1965,328.811186112,28.020117,50796.5632092,6.00534054027,10,
1967,328.915508722,36.389241,5879758.30813,1.70223612753,10,
1968,328.954138127,36.4430292,1513560.16819,4.13491640558,10,
1969,328.970160136,31.588767,1026414.64682,5.53888628471,10,
1970,328.998387305,40.1702496,1157542.69883,10.8348093125,10,
3365,427.035378647,1297.66032,5576612.85482,12.0290514869,1.0,[M+H]+
1976,329.06825755,32.5500987,1939376.51801,5.71641612216,10,
1977,329.079262986,1086.5112,8163259.33482,5.28791128458,10,
1979,329.137996844,179.677008,1187952.56356,6.43637189966,10,
1980,329.1928663,49.4206572,3283150.28214,0.951697936527,10,
1981,329.226470446,475.13622,11052507.2639,5.57105831496,10,
1982,329.242444832,1467.25122,11714462.4591,5.38208044812,10,
1983,329.335480971,1447.28382,3776384.60944,1.45137222758,10,
1984,329.924100025,33.848427,336387.426521,7.19142037261,10,
3754,462.031104623,37.9686228,1167681.05398,10.1945632766,1.0,[M+H]+
3198,411.182466033,1196.35146,107518092.549,3.03254664321,2.0,[M+Na]+
1990,330.153673637,40.2150558,904365.947632,9.65371210337,10,
1991,330.209606831,1428.77868,38752692.2193,5.28113581408,10,
1992,330.238521912,435.32475,13596892.6868,2.5341107692,10,
2518,362.210620679,459.182175,7509956.69705,6.01079960402,1.0,[M+H]+
1994,330.238626704,415.419696,42980989.8996,2.31446449164,1.0,[M+H]+
3108,403.316315636,1422.10476,5196234.80803,10.289381049,1.0,[M+NH4]+
1996,330.245612041,1467.25122,2332329.13029,2.51028272358,10,
1997,330.753833202,34.455012,624195.969974,2.65353902335,10,
1998,330.807575431,33.848427,360038.204075,4.33607415475,10,
2000,330.87381725,36.1154412,1151737.90813,11.3500333154,10,
2001,330.956633019,38.023518,3112177.96205,6.74287502948,10,
2002,331.01413425,1131.39948,50741401.1402,8.34572497538,10,
2006,331.08831422,1190.83188,15647867.8719,5.80456818826,10,
2007,331.095794238,331.73484,2450467.38999,13.4464313952,10,
2009,331.129462141,249.45393,2296293.49868,6.04991283972,10,
2011,331.166770143,1449.65334,8370135.76766,0.686604584468,10,
2012,331.21318361,1428.59592,6662229.54962,4.9228985742,10,
3950,485.260267362,65.047578,1071558.56097,5.03243732675,2.0,[M+Na]+
2016,331.920981364,34.1298852,204937.236032,7.98144990213,10,
2018,332.014044293,31.9044288,160458.056908,6.39334551427,10,
2019,332.050272016,32.1791358,2268143.35991,6.00077163762,10,
2020,332.049851159,1662.66864,8631698.3464,7.08987235268,10,
2021,332.059041372,1297.32378,2800155.73888,5.40781325755,10,
2024,332.148830216,45.5441268,2294828.36757,4.61380340321,10,
2026,332.176341285,603.04974,2258173.46612,4.94383496719,10,
2027,332.189003309,1217.85984,12103406.5718,1.5866039894,10,
2028,332.201501912,193.966059,1198467.86231,9.09075504634,10,
2029,332.217795179,232.317408,24081686.8281,4.14644113285,10,
2030,332.217803256,524.423472,34604968.1622,2.34276026027,1.0,[M+NH4]+
2031,332.217658094,254.219676,148880948.809,11.1697732766,10,
2035,332.69233973,671.00463,1874531.80043,6.19498474776,10,
2039,332.871047874,35.921691,439340.070311,12.9118388464,10,
3497,436.99687235,33.5011959,276315.857682,10.2418520333,1.0,[M+NH4]+
2043,333.030443609,1212.02766,14330949.3691,6.37014496994,10,
2044,333.030080273,1233.62229,4211609.72629,3.72180663509,10,
2045,333.033860068,38.6477274,4900053.08993,3.03931525694,10,
2047,333.088636205,35.4753168,2010458.5804,2.00461342711,10,
2048,333.104051037,1281.98208,6111345.60545,2.62815183566,10,
2050,333.124253408,1145.27394,13122411.9819,2.37507623435,10,
3920,481.191446089,1454.57601,4791167.62537,3.27347271232,2.0,[M+K]+
2055,333.176725231,65.635872,20960424.6112,1.82395487609,10,
2056,333.204677945,46.4967498,554678.379686,8.1836565225,10,
2058,333.221248805,206.294412,3466781.08658,13.3720053368,10,
2060,333.22139161,524.124174,5962563.81339,10.5999480185,10,
2061,333.87839584,29.530068,64822.2250891,6.04922337565,10,
2062,333.897604333,35.6030748,224635.091673,6.60114072045,10,
2064,334.023594383,32.8222488,942802.321282,4.75517072812,10,
2066,334.099322895,1145.979,23629175.3927,1.56862880765,10,
2067,334.17587506,509.840406,30795441.4079,10.1999215659,10,
2068,334.196913235,99.486432,14211919.5248,5.35107133834,10,
2069,334.196847616,121.209408,33100470.1921,8.19662155409,10,
2887,388.316537266,1463.25591,21223948.3085,2.26524355031,2.0,[M+K]+
3837,470.801794227,34.455012,217731.539153,10.6612532262,1.0,[M+H]+
2073,334.801596775,33.848427,315702.488533,7.0595656871,10,
2074,335.01679977,32.5535178,548249.259136,6.05420083891,10,
2075,335.027447091,1211.33676,5949425.70987,4.81681547786,10,
2076,335.02999132,1061.32596,2576173.27788,0.823332537548,10,
2078,335.073655295,31.216119,52257806.9675,6.51766738418,10,
2079,335.083869969,50.3227572,18797191.4455,1.27890404563,1.0,[M+NH4]+
2082,335.10951114,35.4260112,180098.592892,13.7494019244,10,
2083,335.145073039,65.36208,7770710.95105,3.3540185736,10,
2085,335.23678233,69.78507,100807.227029,9.22053320467,10,
2086,335.935664553,33.1951818,372284.305788,9.9426848898,10,
2088,336.020787214,32.5466796,263972.288642,4.42812124896,10,
2090,336.047725228,33.4738788,320785.327614,6.8123096852,10,
2095,336.191543098,598.81017,26663768.0094,10.5530573844,1.0,[M+NH4]+
2098,336.223981235,39.855753,2947184.36498,2.33518628085,10,
2101,336.325372356,1458.18486,1063646.24064,4.93355858261,10,
4978,666.955695409,37.338876,800931.539672,8.76787383021,2.0,[M+K]+
2105,337.021454612,1027.47006,1150369.69909,4.60446596707,10,
2108,337.037973033,417.04962,5370254.23663,12.7173945714,10,
2109,337.045524964,1137.78036,3074774.92734,3.02090913095,10,
2111,337.115561479,49.360899,235714.612064,11.3531883897,10,
2112,337.117759856,69.74502,3519789.4001,6.29433680763,10,
2113,337.140860895,1134.32091,5696724.55605,3.04056375019,10,
2114,337.211986855,28.817505,263117.349859,6.65517482617,10,
2117,337.227464489,39.9003078,296096.971909,7.20590292739,10,
2119,337.306906227,1508.09262,4968342.98134,4.93953895813,10,
2120,337.329585907,1458.19974,282140.052963,10.6673719773,10,
2122,337.989866936,37.6537728,1075220.4762,9.34098550637,10,
2123,338.030369546,1190.94906,18891104.5137,1.56025162864,10,
2124,338.050548031,39.855753,5296841.6123,3.29170007084,10,
2127,338.117607976,33.1476282,254060.27243,9.05713787509,10,
2128,338.153542849,45.5441268,1659125.66733,7.25279970796,10,
2129,338.155223723,235.191444,271536.9199,7.68262647072,10,
2130,338.18197517,65.635872,6197609.82199,1.74675090727,10,
3026,397.398684379,1503.65262,6323018.11861,13.556039351,1.0,[M+NH4]+
4443,552.932489626,35.5884981,451654.151807,14.0158733777,2.0,[M+K]+
3595,445.169710188,67.206213,878616.352044,8.58421467556,1.0,[M+NH4]+
2139,339.062606633,81.947202,308049.148521,7.89281073329,10,
2140,339.086043156,64.389606,12838613.7194,4.22370595728,10,
2141,339.101203261,44.2787508,1044185.92972,5.7367880612,10,
2143,339.13738145,45.2276328,1375169.67833,5.29474223488,10,
2144,339.150085664,41.4318768,490435.908036,12.5058678382,10,
2145,339.184376918,587.189766,7622425.78977,3.70191197501,10,
2146,339.205930601,1028.84301,6296356.84615,5.91059406385,10,
2147,339.205864396,1044.76842,4676063.41845,9.42217703824,10,
2148,339.248701794,49.363503,8030404.41017,4.00538911701,10,
2150,339.686031572,587.32971,2815973.93579,7.32800014568,10,
2152,339.879934597,33.5211768,239319.034402,7.07846842592,10,
2153,340.014407013,41.7476322,3885825.5957,4.27252032773,10,
2157,340.126671313,139.183926,6140421.02902,5.7776536939,10,
2158,340.15004009,65.047578,4220086.44125,14.3587646232,10,
1827,318.180996324,609.15324,21674882.4562,3.43007126996,1.0,[M+NH4]+
2163,340.184067402,140.13543,4370991.45652,6.74278158674,10,
2165,340.282183022,1434.2277,16387881.8575,12.0136787076,10,
2166,340.331896686,1472.70636,73435608.0527,7.93118472884,10,
2167,340.71089154,33.5211768,238768.095263,7.77138777472,10,
3511,438.759684976,35.1063648,338408.662082,12.7115549332,1.0,[M+H]+
2169,340.821551076,34.4572584,127708.086546,13.6722625129,10,
2170,340.874470566,33.85665,733589.986365,2.79460952885,10,
2174,341.020761312,250.616658,3725910.96652,7.32515613033,10,
2175,341.030847028,37.6537728,5464660.27401,2.30014010076,10,
2177,341.059621065,31.9100172,772512.648001,6.26149816084,10,
2178,341.067334088,36.389241,5473087.72206,3.50044381363,10,
2180,341.104332453,46.348953,2643968.87111,3.50063680004,10,
2181,341.1220771,405.29826,2158237.82149,8.26117098073,10,
2182,341.129123816,138.56775,1490362.2663,8.87878077896,10,
2185,341.221564027,1135.8279,25734221.6588,7.2561043726,10,
2186,341.245071308,1478.54922,26174365.7631,14.8069049513,10,
2188,341.279699804,1062.2193,3389268.78401,9.12076110574,10,
2189,341.316464541,1472.4042,6292242.32226,12.4540355267,10,
3095,403.018961591,38.283255,294798.628442,9.47322208494,1.0,[M+NH4]+
2194,342.043988469,31.857867,435179.770438,11.9651968904,10,
2195,342.060491148,60.76011,3723720.33282,1.22113382152,10,
2197,342.101597362,34.8094557,436691.751826,7.30995680831,10,
2198,342.248485963,1478.0562,5339328.83882,2.66271813331,10,
2199,342.26375152,1025.15808,6490615.45121,12.7345888464,10,
4032,495.426530564,1454.50569,519678.515145,14.580683946,1.0,[M+NH4]+
2202,342.347607998,1480.25277,5898232.80416,13.9642508995,10,
3871,474.763566464,33.9836868,143882.219226,13.5462450698,2.0,[M+Na]+
2207,342.958636486,33.5211768,316157.22757,7.23826977023,10,
2209,343.006206797,33.2017692,106425.630553,14.6388866454,10,
2210,343.011331389,1069.11156,1683352.84991,13.1889635791,10,
2211,343.044562824,77.179014,8824805.01824,2.49031256133,10,
2212,343.045455166,129.25125,201201.739284,7.78506333885,10,
2213,343.061861414,59.0027124,820432.884122,59.2599117776,10,
2215,343.083878176,32.224554,3761947.95512,2.40509120567,10,
2219,343.127369286,69.929769,235920.500364,12.3952388863,10,
2220,343.153624157,1443.92547,934279.165516,3.00495187743,10,
2221,343.200692637,1460.17044,19944324.8389,6.09312976636,2.0,[M+Na]+
3083,401.348444272,1416.27435,13058624.8436,11.7977804742,1.0,[M+H]+
2224,343.986166052,947.48367,1239792.72548,14.1178499179,2.0,[M+K]+
2225,344.022674077,32.224554,289758.774585,4.70745731413,10,
2230,344.119519217,662.61654,2357345.37967,13.5918621375,10,
2231,344.13624719,71.359683,11650802.5358,205.805915076,10,
2232,344.142641233,40.4111595,337871.48446,6.71962423487,10,
2233,344.181376368,224.978388,2072658.61817,9.08687160457,10,
2234,344.202692244,68.477022,11996437.4314,9.31096991477,1.0,[M+NH4]+
2236,344.225267615,1435.5708,49593736.96,1.54942671232,10,
2237,344.227657121,604.60446,39373161.8123,12.1322087281,1.0,[M+H]+
2238,344.254194396,568.243566,49888439.632,8.2399363499,1.0,[M+H]+
2239,344.301516437,1047.70395,723488.190876,7.76632030668,10,
2240,344.301794479,1062.82152,239882.961325,10.3716430954,10,
3604,446.67152608,34.1298852,179030.033654,9.56639664561,2.0,[M+Na]+
2242,344.889517067,36.4348158,3590345.52116,3.69204829183,10,
2244,345.010197465,39.5408892,7778458.57369,2.25042111627,10,
2246,345.017926793,31.9044288,345892.402039,8.12432984614,10,
2247,345.045082778,32.1791358,368237.707573,6.29838649876,10,
2250,345.100519822,42.6953856,656500.770212,1.14192727301,10,
2714,376.171083314,76.842522,1264231.39594,3.82193356203,1.0,[M+NH4]+
2253,345.144429613,179.677008,1378330.6237,10.1463989955,10,
2256,345.213068545,238.934922,16407562.8908,3.47730875888,10,
2257,345.213041258,151.390446,23779949.3948,3.58139361754,10,
2258,345.213141106,384.28473,18652851.058,0.803272327715,10,
2259,345.216252962,1467.25122,14199707.5343,7.88198154022,2.0,[M+Na]+
2261,345.224186141,65.950902,1553998.83357,7.57968142898,1.0,[M+NH4]+
2262,345.24912326,65.976774,1447455.89397,3.16894664312,10,
4342,539.318766184,547.343184,4216309.17911,2.18267099388,1.0,[M+H]+
2265,345.898098113,34.1298852,453166.029928,3.2502162545,10,
2266,345.905602074,37.0679388,86938.3310587,2.55125848359,10,
2267,345.967786901,37.9686228,1690965.61185,5.93885661619,10,
2269,346.030256192,31.857867,719034.578381,7.7179780387,10,
2270,346.05462452,74.25153,8012967.61133,2.83792862296,10,
2271,346.059815498,35.8054044,89752.0339487,7.94009065338,10,
2272,346.123849268,1234.86696,3443411.98959,14.7814767968,10,
2274,346.196934679,83.398278,4142113.63072,1.37985128992,10,
2275,346.233473019,391.47099,87137410.4969,10.1762602267,1.0,[M+NH4]+
2276,346.233522244,486.040962,49290317.1278,5.36030430115,10,
2278,346.233558562,427.674594,5561218.01627,11.7109563116,10,
2279,346.233472374,365.621187,9105314.29097,12.5230785881,10,
2280,346.244558989,86.319144,6936305.96211,3.92933024988,10,
3896,478.265704138,641.06616,7778397.63783,9.31552955779,1.0,[M+NH4]+
2282,346.244774964,374.274498,415062.851929,5.92671298238,10,
2283,346.67711002,202.0161,76085303.4764,7.5288244811,10,
2284,346.727902991,34.455012,359779.533873,11.6669416628,10,
2287,346.886706742,36.3841362,1473172.79111,7.72675270067,10,
2289,346.9881545,1131.05958,31237401.0003,7.49352873972,10,
2291,347.037512511,77.504142,70999.5304012,12.8099391723,10,
2293,347.103308023,249.314532,6174238.04025,2.94568599019,10,
2294,347.161617443,1423.01187,13550343.0197,12.4619612009,10,
2295,347.192189348,92.29665,30845244.6381,2.85416821385,10,
2296,347.192354805,165.033816,47263852.3619,10.5584979318,10,
2297,347.207601361,1198.18677,6636185.59109,7.21187941464,10,
2302,347.30552181,1459.49208,525539.52825,6.2864295804,10,
2303,347.895065105,34.1764368,332768.455204,8.68922353494,10,
2304,347.948808947,33.6611529,418441.936995,4.13068107349,10,
2305,348.07940292,38.6426796,7571901.80606,7.44509928994,10,
2307,348.133338643,98.944968,6873967.86654,4.29635088562,10,
2308,348.195001718,403.93614,6509034.46363,5.2986405348,1.0,[M+NH4]+
2310,348.318791999,1482.16569,1493016.43047,2.36850659949,10,
2311,348.725012527,34.455012,237737.790682,9.83146932333,10,
2313,348.7807989,34.1279892,403257.796783,7.21478362566,10,
3118,404.946880885,1130.13126,1821836.64305,10.5199445975,2.0,[M+K]+
2316,349.048845275,77.531832,252949.86046,7.79859975186,10,
2318,349.15044875,320.051634,6124494.16393,2.50332292502,10,
2319,349.150600692,286.519563,5076954.45872,11.0208420724,10,
2320,349.152764523,1270.81404,243712.299079,10.8957054907,10,
5060,714.356468762,675.43998,674881.759036,3.95018299469,1.0,[M+NH4]+
2323,349.945750042,33.5211768,168170.888144,14.6660123131,10,
2324,350.001295234,32.8222488,663922.475775,7.45597304255,10,
2997,396.042137021,56.799027,645138.635379,6.91397036177,1.0,[M+H]+
2326,350.031209484,40.485129,1957371.49426,8.65468284158,10,
2327,350.166182256,39.5408892,482197.170219,12.6717208013,10,
2328,350.174074415,406.03425,7604715.14234,12.1585940065,10,
2329,350.18392802,1435.20606,7269462.61223,3.47316349301,10,
2330,350.207300086,672.25866,15116449.9197,2.76648856196,10,
4052,498.27085361,573.674274,1675441.6345,6.63631553669,2.0,[M+K]+
2332,350.326141044,1468.50732,18574671.8837,6.62000400986,1.0,[M+NH4]+
2333,350.684592793,100.10877,815753.721942,0.531587885882,10,
2336,350.811203218,35.1339474,70945.442821,14.9904497803,10,
2338,350.956176751,33.3365706,157002.998853,13.4453802834,10,
2339,351.001489734,37.9686228,21003357.5362,6.38667035685,10,
2340,351.003862218,1028.54412,2656648.85811,10.9499566791,10,
2341,351.024821412,858.6489,3800686.99873,3.62697219559,10,
2574,367.056277616,1071.32328,19011610.1248,4.57989505289,2.0,[M+K]+
2345,351.163549019,68.161146,5891470.19882,3.90418790744,10,
2906,389.207475993,561.045756,9038829.37664,3.29796492543,2.0,[M+Na]+
2347,351.205781459,1069.49292,45983476.771,7.51437336164,10,
2348,351.239049421,1132.75722,4430180.37233,6.23979539855,10,
2349,351.931973139,30.2367468,97719.9036115,6.27367235653,10,
2350,351.986933418,45.2763228,1347887.61112,5.40417433325,10,
2352,352.009686015,56.7273924,1377006.16631,2.95232015842,10,
2353,352.033837005,32.6844642,283012.845891,8.69668784707,10,
2355,352.06282281,100.513542,88092071.5527,1.83430270346,10,
2356,352.100246026,30.893637,533097.447801,12.3674772688,10,
2357,352.116932662,30.9416778,133259.004839,13.6139646467,10,
2359,352.165372074,765.67764,3262561.63428,9.93128136683,10,
2360,352.186598001,332.331648,15594140.4111,10.7345186533,10,
2361,352.186531246,380.35449,23239541.5408,10.8981193495,10,
3522,439.252537337,513.030528,3399612.90344,2.88591579086,1.0,[M+NH4]+
2363,352.189643078,71.38332,314308.212272,13.4175269231,10,
2367,352.801199316,34.7818626,443573.485968,7.41194343981,10,
3483,435.937133107,31.53726,181210.116832,8.46965825464,2.0,[M+Na]+
2601,368.969766178,1026.99507,4282352.83365,3.90195956808,2.0,[M+K]+
2371,353.011985292,417.04962,16153039.4355,10.7151845658,10,
2373,353.127575326,1446.40437,2874132.87819,4.63989830246,10,
2379,353.221413568,1145.32734,1365031387.37,0.958254553503,10,
2380,353.967448667,34.1298852,87728.023812,12.4785657045,10,
2381,354.056051713,41.4318768,1724910.62257,5.28055137994,10,
2382,354.058434825,100.315848,7232836.14367,4.64125928211,10,
2384,354.09449651,32.8491264,117357.229589,3.07752893269,10,
2385,354.125174353,1079.59851,27860750.3383,8.78897417717,10,
2386,354.130588962,45.5441268,1191920.48117,3.27306760181,10,
2387,354.150777804,139.569318,403197.006611,14.7375041367,10,
2388,354.165706057,250.101699,12772711.2141,2.74678308286,10,
2389,354.176798578,57.377016,21284092.6294,2.22629763927,10,
2392,354.225294358,1196.87535,17659861.9907,2.13595165626,1.0,[M+NH4]+
2393,354.284626181,1425.21726,15390426.8282,2.80634205984,1.0,[M+NH4]+
2394,354.798297538,34.7818626,626017.351543,8.19705310039,10,
2396,354.918104424,37.0233792,5365751.61312,8.58259488048,10,
2397,354.941258131,1713.47466,4097673.81307,13.3877371901,10,
2398,354.941296693,1764.29574,8116741.11771,9.55852339456,10,
2399,354.941306854,1748.04201,3420802.83643,6.8572729033,10,
2400,354.941276948,1782.00561,2499782.33081,12.1095076987,10,
2401,354.993088294,1027.50159,1574679.27073,6.04422114474,10,
2402,355.011048082,1136.67111,2327716.26677,7.53530214634,10,
2403,355.008699282,417.04674,1955451.8269,10.7033977033,10,
2404,355.046923805,37.9686228,6563475.88606,6.73658342945,10,
2406,355.081646505,609.40185,2766796.67941,12.0023812474,10,
3229,414.196457392,63.180786,3949421.216,4.06569096582,1.0,[M+H]+
2408,355.145945483,1296.98652,8537770.42831,13.2571252428,10,
2411,355.217308271,1197.01512,4984091.10813,8.37456332514,10,
3350,425.843753256,33.1476282,82218.2406801,14.1382474004,2.0,[M+K]+
2414,355.921648029,36.6317835,159207.978505,9.80386069976,10,
2416,355.985947093,39.0940134,800947.668253,71.9285772409,10,
2419,356.157872799,139.818426,12447280.662,12.5222811575,10,
3197,411.169965928,132.064509,725795.184372,11.8204994801,2.0,[M+K]+
2423,356.756496906,34.8379044,105876.17441,11.0874041186,10,
2426,356.904411776,33.5211768,1085319.17793,4.13313995845,10,
2428,357.004676311,37.6537728,5829333.03445,3.04295733002,10,
2429,357.036653886,32.224554,773580.576382,2.34402616052,10,
2432,357.090155916,57.6972636,682111.987605,3.70244469966,10,
2433,357.125702575,31.9100172,452594.674163,11.4295946475,1.0,[M+H]+
4041,497.16506872,1454.55168,2438422.63918,1.94345440247,2.0,[M+Na]+
2438,357.238102762,1134.42684,25900761.3761,3.34310366355,10,
2440,357.249379847,221.67573,39766465.2163,10.5722411888,10,
2441,357.260880032,1448.46789,12032632.8846,4.02565260525,10,
2442,357.983057616,33.1951818,885641.026615,3.36038584661,10,
2443,358.033375316,36.706866,944861.900979,8.47695621897,10,
2444,358.05910102,32.1791358,512220.198116,8.42103073533,10,
2445,358.075444115,34.8294402,174063.562004,7.53223867414,10,
2446,358.099294968,1191.27342,16959401.0094,7.54621410148,10,
2447,358.116246956,56.4406653,3528729.66625,2.51058322031,10,
2450,358.205888125,39.9003078,676312.746536,6.91328514856,10,
2454,358.269811292,686.45814,17200496.7705,7.18688277957,10,
2455,358.255666128,1457.27052,693076.259245,11.1196941633,10,
2456,358.701538586,68.79327,2013427.98204,5.3266556336,10,
2457,358.845933922,34.1854014,433721.661459,7.74448595828,10,
3773,463.952915462,33.5011959,116576.794055,11.3308949674,1.0,[M+NH4]+
2526,362.921330933,33.848427,973951.664704,7.89948832581,10,
2460,358.985463338,1069.15773,1683968.77498,11.8103096784,10,
2461,359.0373643,57.422826,1390530.18312,6.42736625794,10,
2463,359.061151883,32.1791358,1664005.1414,4.50884634848,10,
2465,359.099289041,69.78507,576763.165378,5.77130766617,10,
2467,359.139952093,1282.19664,3434459.58143,12.5143861627,10,
2468,359.153776864,40.8565194,4411940.106,3.1292212406,10,
2469,359.166892779,85.01865,11015802.5903,1.28520624655,10,
3427,431.249932623,381.069222,12274482.6294,5.22121498289,1.0,[M+H]+
2472,359.228667149,529.060308,55788521.9222,9.20218853001,1.0,[M+H]+
2473,359.228603681,257.929428,86294358.2405,11.935448626,1.0,[M+H]+
2477,359.244565732,1440.74358,7227593.10837,1.99723141246,10,
2715,376.378120423,1515.5211,17496360.2353,0.921756643704,1.0,[M+NH4]+
2480,359.979930817,33.1476282,382128.803256,5.59387892205,10,
2481,360.045447249,32.2018449,678124.845296,3.9902846942,10,
2483,360.114971361,1282.10886,7189205.68772,10.3089520826,10,
2484,360.122735612,38.6426796,510682.364978,13.7964893943,10,
2485,360.140045307,70.632234,2700528.45335,1.90430985046,10,
2486,360.149221951,41.4318768,2198227.62558,5.21058450543,10,
2487,360.18380109,72.786306,22535633.0194,32.6705151249,10,
2488,360.212673334,166.90065,1545704.58551,2.80115322894,10,
2490,360.232417217,138.135903,3308118.03648,10.0621087533,10,
2493,360.260239019,606.97242,9128781.19379,4.06376759439,10,
4000,490.277121105,796.7196,1673328.3689,8.07195121006,2.0,[M+K]+
2496,360.872355742,34.781007,489493.181437,9.13582345732,10,
2498,360.977309469,36.0704922,270318.627996,6.69628456864,10,
2499,361.002673685,37.9911549,1408861.74419,7.5484242927,10,
2500,361.047070377,32.4999918,287977.054534,14.7200941614,10,
2501,361.068383369,29.738814,35808.5725733,11.1175099999,10,
2502,361.094361705,38.6527752,5378748.75771,0.881561896231,10,
2506,361.186995256,418.661178,3493209.06321,7.44390616678,10,
2508,361.18207778,68.477022,4021310.41651,4.27815023133,10,
2726,377.300775817,1503.40479,10545565.6147,12.5431193941,2.0,[M+K]+
2512,361.984985164,1466.28984,20118023.1213,12.8722680758,10,
3733,460.053702048,127.541598,396959.99759,2.07881179823,1.0,[M+H]+
2514,362.085704117,143.35137,12156940.1041,1.99609016013,10,
2515,362.094944834,39.226125,36737167.2345,2.66797143965,10,
2516,362.114932264,35.429493,864115.957256,5.95766865759,1.0,[M+NH4]+
2517,362.129682057,51.782316,1321972.18526,5.57665924397,10,
2519,362.275829883,85.66776,1205490.4318,2.86984559692,10,
2520,362.330009553,1503.17496,895809.817087,10.7073022751,10,
2521,362.701508794,34.3202067,166361.003828,11.1206410931,10,
2522,362.757668764,34.1279892,83574.32425,12.2617364223,10,
4876,630.854341375,36.0704922,216492.519105,8.07731786746,2.0,[M+K]+
2524,362.860041013,36.706866,325020.260062,14.1100800207,10,
2528,363.015363501,29.8783578,1342178.61612,5.60170179786,10,
2529,363.041838126,32.5466796,158415.439466,9.69878445778,10,
2530,363.044614819,57.4394028,234098.427761,13.2069576594,10,
2534,363.143128975,60.125454,289038.958095,10.1009112603,10,
2536,363.196187509,1440.74358,25338391.2126,4.1676219801,2.0,[M+Na]+
2766,380.336582138,1468.21236,74511472.9812,0.962515143931,1.0,[M+NH4]+
2538,363.924017079,33.848427,349119.53835,3.13962769026,10,
2546,364.706223826,420.469302,629070.626959,5.20760640433,10,
2548,364.755042304,34.1279892,160774.952386,4.57770740506,10,
2549,364.82711117,35.429493,640060.933918,6.32198191638,10,
2552,365.10530138,40.8003888,10506903.2743,3.63642144299,10,
2553,365.135926435,1444.33572,6489586.53743,2.63452216435,10,
4420,549.174314466,39.226125,1720442.93046,3.04714955172,2.0,[M+Na]+
2555,365.154977732,1435.53168,17306120.7756,1.5206560242,1.0,[M+H]+
2557,365.300665022,1420.58394,40864504.5909,4.97151789614,10,
2558,365.888276396,33.1951818,269373.425048,5.42056382978,10,
2559,366.008663717,38.7076044,1304023.01671,50.0749154669,10,
3508,438.143560914,77.829894,4134691.57663,3.48093675807,1.0,[M+H]+
2561,366.178367768,35.1063648,169795.239453,13.3741055617,10,
2562,366.202328001,425.903556,21452643.4341,4.68836437971,1.0,[M+H]+
2563,366.202254699,682.74516,23243061.6163,10.6135584123,10,
3831,470.261127185,547.136118,6395532.89875,5.79066320376,2.0,[M+Na]+
2566,366.276652153,1479.10689,3312280.67313,4.9859540661,10,
5220,812.337948377,68.79327,497760.633194,9.92105418341,2.0,[M+K]+
2568,366.719120442,33.5211768,406511.013503,4.32131785175,10,
2569,366.752033139,33.8292651,70516.0820663,12.7736106547,10,
2570,366.909118386,29.8783578,2106405.74505,3.03428242618,10,
2578,367.150008118,314.311818,9068861.30798,10.6689663421,10,
2579,367.161045253,265.418352,3697952.50949,10.8093621795,10,
2580,367.161135358,291.386304,1523634.86335,7.05069002879,10,
2584,367.8853481,33.2017692,292458.766444,8.46832350584,10,
2585,367.937816146,32.8491264,289400.014471,11.5083727795,10,
2591,368.181551939,674.02986,3870185.06169,9.62757956369,1.0,[M+NH4]+
2593,368.228973708,204.202818,10423474.5957,4.18907435229,1.0,[M+NH4]+
3792,465.260927003,1463.08434,9033000.49388,3.70692556497,2.0,[M+K]+
2596,368.363329295,1487.09646,4512839.65682,5.60287234917,10,
2598,368.774881997,35.1063648,269571.179292,10.2074302348,10,
2599,368.933834204,37.6537728,13969555.4925,1.57051447656,10,
2600,368.964258412,34.1298852,301821.399258,11.3099163736,10,
2603,369.078954212,61.231167,1895229.20679,12.4150946419,10,
3634,449.058040956,117.722388,1144388.55866,5.35304967354,1.0,[M+H]+
2607,369.135317146,67.84515,916581.845812,7.51658045315,10,
2608,369.219080433,392.096796,1215451.11517,10.8829719944,10,
2609,369.25274996,1296.47022,139712466.511,5.32312149761,10,
2611,369.297223461,1481.8248,33511152.99,3.86445329632,10,
2612,369.837742985,27.9534948,30653.8059018,8.23897167417,10,
2613,369.935117575,32.8222488,203246.803504,13.9659144793,10,
2614,369.966223514,29.5798062,64096.4203494,10.6628451134,10,
2615,369.996574365,31.857867,600653.407511,6.78528268492,10,
2617,370.073995647,31.2626778,1958237.62035,9.53055586704,10,
2619,370.132345153,41.1162582,1981357.50315,2.8368014766,10,
2621,370.208252038,180.383634,30046498.9428,5.79535462354,10,
2623,370.713099738,33.471372,181826.943423,9.54938338723,10,
2624,370.772325584,34.8294402,400699.123363,9.87752358718,10,
2625,370.828162928,33.9836868,765006.134978,2.90769836691,10,
2627,370.938780138,30.620517,62498.3300116,10.6437682223,10,
2628,370.967034454,1027.4394,2139435.64304,9.1413399987,10,
2629,370.980972819,31.9044288,207372.682909,11.5046945289,10,
2630,370.986304272,1180.18686,2945585.36199,13.8323115009,10,
2631,371.006490487,1130.41938,943537.862786,9.06123577982,10,
2632,371.088958042,45.2276328,322348.361614,10.4931418183,10,
3318,421.159275199,65.972052,1228041.51731,4.01085513625,2.0,[M+Na]+
2638,371.228780046,358.078602,15675633.664,6.89972114792,10,
2639,371.253967768,1185.99492,18365104.291,7.16792886531,10,
2644,371.978629331,36.1154412,226625.508259,10.1158910123,10,
2645,372.068911354,30.620517,82970.6824657,13.0073895427,10,
2650,372.321729995,1420.58394,11941748.0472,14.6306289861,10,
2651,372.321744071,1285.53324,7962155.01127,5.77667335116,10,
2652,372.330359788,1444.37109,3850851.12211,1.68160934147,10,
2653,372.721661535,616.64952,2864702.82234,9.08937078066,10,
2656,372.791800117,33.660147,111664.437824,8.91439485007,10,
2660,372.897757691,35.429493,702645.261991,2.75622570429,10,
2662,372.950702113,35.1063648,893066.775791,4.77962515472,10,
2663,372.978722259,37.819572,2577513.33873,3.04635662603,10,
2664,373.020459844,31.9044288,464658.978888,5.37702376956,10,
2665,373.044750012,35.429493,417954.179884,5.76410418222,10,
2666,373.075888127,57.04713,1450059.61926,6.45201694962,10,
2667,373.103318212,32.1791358,199148.474753,8.92100635625,10,
2668,373.109199272,417.04962,1478470.19138,14.0600417367,10,
2670,373.17141126,49.7314542,198396.406715,8.06737322777,10,
2671,373.244349785,596.90058,12899103.3643,3.85312777637,10,
2672,373.244554856,460.875324,9207155.56698,1.5237931148,10,
2673,373.244558926,338.56809,7149178.07909,2.59155644607,10,
2675,373.280793574,385.35648,4830171.0969,4.52050583238,10,
2676,373.305722755,1476.43236,22553448.486,1.94997740188,10,
2677,373.676920727,478.753536,5185815.35783,4.09445395185,10,
2678,373.897596166,30.411558,99563.6643219,4.10083159727,10,
2680,374.060037954,57.2479014,506183.128919,5.54980918811,10,
2682,374.129982833,766.5093,2431071.93734,6.19626851443,10,
2686,374.184181338,72.696024,354517.515222,3.52417326916,2.0,[M+Na]+
2687,374.203092386,98.06103,37689491.7585,2.30252214033,10,
2688,374.198270813,582.950514,10757979.1432,2.74377146188,10,
2689,374.213427903,45.4953129,1645661.64205,7.124872205,10,
2690,374.22849053,358.44558,1821522.21053,2.23088282406,10,
2691,374.275523298,374.937261,1429075.38265,11.3827051063,10,
2694,374.788654019,33.8018802,219339.834986,5.79389761826,10,
2696,374.876544928,33.4962744,442228.076818,5.29213423564,10,
2697,374.910371079,34.8294402,448660.474122,14.3839859122,10,
2698,374.932449559,32.224554,313344.430092,8.60112647075,10,
2699,374.947357314,35.1525648,459468.455936,5.38478760933,10,
2700,375.000781349,33.5211768,234592.695339,9.64880564044,10,
2701,375.055674979,49.4118318,894614.058598,3.84452577852,10,
2703,375.078482989,29.5173732,72262.2453478,5.92022936259,10,
2704,375.07109557,77.352954,399324.027801,9.28894366922,10,
2706,375.144084555,1454.08242,512784.786633,5.55264234761,10,
2707,375.182374505,1098.30804,50293264.58,5.80851097417,10,
3150,407.188430468,462.867861,1174943.73299,4.38909751092,1.0,[M+H]+
2710,375.202575366,639.06066,4470497.60911,2.80736010854,10,
2713,376.178783697,1444.40646,72211745.706,10.9994171052,1.0,[M+NH4]+
2717,376.84557207,35.1063648,988425.755379,6.0230225618,10,
2719,377.040577031,1061.76228,7573288.65573,4.77831127142,10,
2720,377.095022735,45.2276328,2711272.38543,0.905220511162,10,
2722,377.158724634,1170.40392,1316500.01969,12.113128577,10,
2723,377.179185555,1098.0972,17316272.7888,4.15307831333,10,
2725,377.238803981,63.433008,497494.215497,14.7704510389,10,
2727,377.336906499,1465.32846,94657458.6339,5.79372598314,10,
2729,378.029216821,33.1459986,119082.803601,12.5438903883,10,
2730,378.047983337,30.565491,186374.674512,5.10298196084,10,
2731,378.068972271,38.9121378,22632114.8345,3.0862521354,10,
2732,378.072321017,1126.94265,1698643.87627,7.23950784805,10,
2733,378.080366106,69.74502,6628318.0582,1.82196200039,10,
2734,378.089267143,35.429493,335858.322996,9.47447019721,10,
2737,378.218283506,533.00238,2609661.75354,4.58359876526,10,
2739,378.238636824,816.8385,26073693.9475,8.3161717965,10,
2740,378.238605478,733.27602,5385347.08659,2.95518680454,10,
2741,378.238785003,836.72436,5524444.72104,1.9056921088,10,
2743,378.803778922,35.429493,500799.171852,11.0029633398,10,
2744,378.842860893,35.1525648,1073006.5212,8.88086994843,10,
2746,379.037930118,33.4738788,1634827.78352,6.65412332245,10,
2749,379.090723566,44.9706528,194021.092342,8.58406835602,10,
2986,395.087488509,1296.65118,24899129.1765,13.9519959948,2.0,[M+K]+
2751,379.136380522,369.274092,5869609.09019,5.80275665156,10,
2753,379.197127247,459.185799,5242941.33962,3.31181512889,10,
2756,379.723837993,547.084092,1531633.25954,6.37885654211,10,
2757,379.989789933,31.53726,1244402.09486,4.9594500299,10,
2758,380.019960054,40.8003888,5704684.36569,4.29777397577,10,
2759,380.095077167,39.6518523,2933744.92615,10.5981130959,10,
2760,380.116148209,57.377016,510236.36264,4.89346265422,10,
2761,380.139633818,369.770253,976159.105278,10.5958899342,10,
2762,380.145030186,54.4819476,264055.941647,4.30745247102,10,
2764,380.187786469,39.5970228,719033.005594,9.5046832365,10,
2765,380.217768287,592.238514,6246251.52017,11.7520443008,10,
2767,380.697856965,33.4738788,178878.528442,12.7445801721,10,
2768,380.800855929,35.429493,553194.53713,7.14390369942,10,
3591,444.924539819,34.1279892,523138.869082,12.8994098416,1.0,[M+NH4]+
2771,380.948616551,33.4738788,1686345.77747,4.26073323947,10,
2772,381.000170343,77.661276,209841.408277,9.84957700236,10,
2773,380.991431787,31.3971513,200859.307015,6.22314300066,10,
2775,381.027287677,1280.74506,4300633.52381,10.4631342547,10,
2776,381.030072804,31.588767,350701.082865,8.30927721224,10,
2777,381.079254787,40.485129,13145655.1442,2.08975690679,10,
2778,381.109646862,1444.0788,8257599.44643,5.58570578347,10,
2782,381.210687678,138.674283,4050018.16447,3.67678849218,10,
3024,397.271316186,1487.41062,9574569.48225,4.76979439594,2.0,[M+K]+
2784,381.306599058,47.506404,435718.706061,3.03552175308,10,
2789,381.932323119,35.484654,124442.783805,10.2637538202,10,
2790,381.978373016,40.8003888,855215.292507,11.1760014956,10,
2793,382.107547,39.226125,1221680.13462,4.65646238367,10,
2794,382.156710355,1296.47022,8780565.93368,8.89146539591,10,
2797,382.244725469,360.271092,7205816.8671,7.07162650976,10,
2801,382.853644251,34.8379044,268130.060647,11.8619124134,10,
2802,382.887416062,36.0704922,1003966.94802,14.1856078608,10,
2805,382.957916733,30.6159288,301204.350572,14.3592703486,10,
2806,382.999420979,32.4999918,916568.948117,5.37894699773,10,
2811,383.140739998,1297.14414,3896278.7919,8.98976243298,10,
2815,383.213518753,45.8618838,660107.129088,5.67146261654,10,
2816,383.301530713,1203.88332,8701135.01525,1.68730745756,10,
2817,383.69119813,68.09136,1600427.32606,1.44165889071,10,
2820,383.958876059,57.366651,251164.351263,9.31437677697,10,
2821,383.976246341,31.5838038,320129.036882,8.21196234269,10,
2823,384.047511154,32.224554,365637.86988,13.5411483583,10,
2825,384.065065339,40.6709505,983712.876052,9.63817801137,10,
2826,384.10943263,36.706866,788194.484903,5.98357706487,10,
2828,384.191761936,67.900053,469796.957572,7.31984745346,10,
2829,384.691708369,33.5211768,365442.08176,6.62275685389,10,
2830,384.716016972,446.040768,4399760.58056,6.33406353387,10,
2832,384.907105522,37.6470012,4015811.04588,0.584229081062,10,
2833,384.949992631,34.5890556,943226.28576,116.854976919,10,
2834,384.944064268,1061.81526,1803568.93621,9.56799084816,10,
2835,384.943840059,1026.591,1665045.39857,10.2317930435,10,
4385,545.220198823,84.04665,831335.498264,3.40577237466,1.0,[M+NH4]+
2837,385.128583737,50.002005,5014206.88926,2.7223702815,10,
2838,385.128618185,181.926006,11084050.5165,3.52563424566,10,
2842,385.219272329,556.457814,2816717.40083,4.10378962735,10,
2844,385.244415761,379.064568,14368989.9595,8.91784551242,1.0,[M+NH4]+
2845,385.244445784,327.601008,31453226.5158,12.7865403199,1.0,[M+NH4]+
2846,385.255388192,248.933508,14322133.0559,1.58064044372,10,
2847,385.255515376,225.674766,19881778.4099,14.186913185,10,
3940,483.898219171,29.738814,136604.941152,7.24693459926,1.0,[M+H]+
2852,386.15979351,86.111685,354110.972665,7.58301430199,10,
2854,386.19564202,65.689002,874406.970218,9.90714884336,10,
2856,386.263696887,1472.46048,6349663.3313,9.20575385803,10,
2858,386.373733963,1479.17934,2575886.64602,0.490091011035,10,
2861,386.74600692,35.1063648,162852.046925,9.8638229628,10,
2862,386.802464704,34.1764368,247900.052184,11.1825326195,10,
2864,386.913400507,35.429493,755862.138173,6.54709671877,10,
2865,386.941320298,1026.52446,905517.979644,14.2485869809,10,
2866,386.994573197,38.283255,3774374.64024,4.54036129617,10,
2867,387.016765319,1299.924,11290958.863,12.5665843758,10,
2868,387.060848536,35.4524049,748342.395465,5.35991063933,10,
2870,387.135607594,1081.24878,12127233.3785,5.78658315235,10,
2871,387.135714344,1122.68106,433404.735157,4.66601139164,10,
2872,387.170197776,38.5975062,1361515.98835,0.774245105136,10,
2879,388.143748613,45.2276328,1340622.36369,3.89416403468,10,
3751,461.254926232,53.523132,889804.86936,7.67916703088,1.0,[M+NH4]+
2882,388.220911912,743.2374,1908309.11099,7.51868337663,10,
2884,388.218709314,192.118266,16028188.4609,13.6710614409,10,
2885,388.253892969,685.05438,37776224.4569,3.9365300049,10,
2886,388.291759004,416.046966,1693545.13511,5.74127253954,10,
2888,388.705904464,561.045756,22856701.0923,2.92880410259,10,
2891,388.799583144,34.455012,292844.651326,6.15301858314,10,
3962,486.903689132,35.750985,914939.955041,1.58473777361,1.0,[M+H]+
2894,388.925757857,35.429493,1547052.69647,4.76990506426,10,
2895,388.962726612,35.1525648,1164389.64536,6.7223656588,10,
2896,388.997614912,35.1525648,303100.214895,12.1472630843,10,
2897,389.053325449,57.2393358,2504585.96662,2.58001175838,10,
4827,618.193183326,1282.53396,1377210.12792,7.5864849013,1.0,[M+NH4]+
2900,389.133147116,1435.40799,2425617.68406,1.02924375894,10,
3518,439.137565671,73.318572,745549.726013,3.6769219794,2.0,[M+Na]+
2903,389.198281823,1210.34232,9446288.91339,2.15145314547,10,
2904,389.19814425,1197.99762,9188252.50532,6.46321716033,10,
2905,389.202820237,159.019056,6647118.00688,9.46478927721,1.0,[M+H]+
2907,389.213933424,44.3083158,1230134.143,3.48885577055,10,
2909,389.218174968,679.56333,9055397.89921,2.43331166261,10,
2910,389.239299166,423.603492,28125512.8123,1.90284511505,10,
2913,389.239011277,48.2623308,7745253.2552,1.5259380771,10,
2915,389.708135946,696.56022,2159943.77476,6.18085346154,10,
2916,389.708842546,560.557758,2184171.41172,2.15930802928,10,
2917,389.872383271,30.287379,68726.7617859,20.9377482935,10,
2918,389.879358223,33.9923196,78537.4838208,11.1963244245,10,
2920,390.037626717,57.377016,1062649.12642,7.19429893787,10,
2926,390.241770084,1090.44408,2527013.87015,1.1153175065,10,
2928,390.70976307,34.1764368,367224.606264,9.87346199572,10,
2930,390.796816936,34.455012,102955.993059,12.5559776144,10,
2931,390.818111326,33.4975278,156446.821314,4.25259550145,10,
2932,390.829635081,35.750985,469483.48009,7.01857882889,10,
2936,390.969607732,1130.40942,1337307.64316,6.1757819674,10,
2937,390.97801493,33.848427,376363.544165,14.7324817254,10,
2938,390.992241659,38.5975062,4476477.29773,3.60978407709,10,
2939,391.031061053,49.4773308,321373.486368,7.76138777842,10,
2940,391.047441906,34.7818626,333407.396191,9.41137420908,10,
2941,391.050871989,57.377016,295136.41574,12.7811250195,10,
2942,391.093299862,139.886814,4771749.16584,8.37214991787,10,
2943,391.091866563,1428.68994,1423790.78827,4.67142965353,10,
2944,391.161054579,447.919122,2782272.72463,10.1354081715,10,
2945,391.200700906,217.802349,9005345.3652,5.60586105475,10,
2947,391.231092314,56.0991348,755698.099597,6.16904562709,10,
2948,391.352484974,1468.18632,11802373.2453,1.82844257319,10,
2950,392.043207935,31.857867,135110.555618,4.72915612427,10,
2951,392.100517698,96.701016,3040008.60133,2.51789439508,10,
2952,392.1473694,1465.47096,14864527.7001,2.80860170301,10,
3641,449.33692741,1506.95568,159182641.542,13.3912187505,1.0,[M+NH4]+
2954,392.287326482,1540.30386,4241187.51917,8.92103336847,10,
2955,392.287216946,1576.77174,5067738.70238,11.216114687,10,
2956,392.287383822,1765.0296,4855725.08965,6.96882404921,10,
2957,392.706768272,34.1764368,141922.542172,8.2191357538,10,
2959,392.793487906,29.0190618,190470.034011,6.97940123566,10,
4472,556.795434369,36.0704922,115822.479009,12.4163321813,1.0,[M+NH4]+
2961,392.989427653,38.5975062,1754012.6172,4.2351656564,10,
2963,393.020184249,31.9044288,322003.65795,10.8045879227,10,
5082,725.172984502,32.669187,106861.661833,5.78015009209,1.0,[M+H]+
2965,393.071950175,1207.38795,4275915.32155,10.5127423281,10,
5237,830.277097594,31.216119,166042.972413,12.5599371014,1.0,[M+NH4]+
3173,409.110301544,56.4078858,57725709.8579,4.03047575073,2.0,[M+K]+
2970,393.210414717,250.037112,2761116.9132,5.38201850575,10,
2971,393.222700079,505.235538,17283206.6368,13.3277541706,10,
2972,393.252358375,1289.60727,556164.617233,85.1578866164,10,
2975,394.005796668,33.1459986,113343.233394,13.1864285271,10,
2976,394.042981224,38.9121378,4010559.31614,4.08353760394,10,
2977,394.171665729,111.390468,2079802.11282,4.04101650536,10,
3189,410.186610569,685.07244,16590802.0673,13.4719442564,2.0,[M+K]+
2979,394.233570213,413.771988,4561575.08902,14.3046517462,10,
2980,394.352333629,1471.76406,22961627.438,1.04625231406,10,
2981,394.78958706,28.817505,34983.2384395,13.3485958646,10,
2982,394.816772072,35.192976,827482.781634,7.95214363937,10,
2984,394.944689425,36.389241,4308056.57391,3.14973902649,10,
4067,501.031130481,690.34848,6736402.41785,14.6736831574,2.0,[M+K]+
2987,395.138044799,87.289341,2945749.94223,2.82324658904,10,
2988,395.165937246,64.550448,18031220.042,4.70209654454,10,
2990,395.184524935,64.062378,1924244.71032,3.49144094453,10,
2992,395.232133724,930.61314,806337.351114,1.29217481823,10,
2993,395.322549155,45.8618838,2436370.84415,2.26250192627,10,
3881,475.328904366,1454.26884,585725.682436,3.05208079237,1.0,[M+H]+
2996,395.998075562,39.1804815,1644228.57528,13.6567293371,10,
2999,396.093355436,57.422826,754323.119979,5.84523037693,10,
3003,396.250751925,1435.20606,6638914.60313,6.39022941523,10,
3005,396.869741853,34.7818626,789926.705411,11.7495929226,10,
3007,396.924577903,33.471372,881541.650053,5.44832119703,10,
3009,397.039157355,1191.46692,5530393.60283,4.07647518875,10,
3012,397.076758239,57.5683332,364716.928056,8.60170950706,10,
3014,397.110616539,139.818426,1337953.91518,7.82062838831,10,
3016,397.184431218,138.866178,11618776.4015,12.1593227939,10,
3018,397.184921083,528.727296,6332505.50402,6.56697530678,10,
3585,444.255816002,65.950902,2901851.27131,5.45381232885,1.0,[M+NH4]+
3020,397.219838296,500.643252,842926.840618,4.20982091876,10,
3021,397.234437109,1423.55832,9115545.98239,12.5290691192,10,
3022,397.247590585,1045.88628,36910106.3307,10.1225632992,10,
3023,397.247658116,1069.0878,2538930.59486,9.53180192407,10,
3027,397.838368726,33.5211768,183551.854258,2.94850369441,10,
3028,398.08127019,39.226125,1000466.74931,6.29052864429,10,
3030,398.228217645,64.732836,1087286.17165,6.31866014077,10,
3031,398.239730308,663.62784,8482080.73261,5.78650035211,10,
3032,398.228900261,1459.3422,1387213.01134,3.45146845181,10,
3036,398.669140289,33.5211768,187365.854743,9.26492657787,10,
3038,398.811089394,28.7547456,121082.317166,6.13522652985,10,
3039,398.832890858,33.848427,312953.834413,10.7563787198,10,
3041,398.976998278,32.3654385,939071.087466,9.76868357771,10,
3042,399.026036411,35.750985,328761.105086,14.9332351791,10,
3043,399.047854461,32.2308852,164574.77936,9.73892900853,10,
3045,399.062904325,38.5975062,17859596.5509,5.24949538148,10,
3047,399.08229044,117.653214,1054472.49889,7.1316277713,10,
3593,445.145122394,64.37676,7120814.20676,4.99348750889,1.0,[M+H]+
3569,443.286197151,570.628242,6887942.43822,7.28087152836,1.0,[M+H]+
3052,399.260114577,523.409934,8656773.71736,4.12895114361,10,
3053,399.260231757,472.907772,2590001.85334,4.32734019417,10,
3718,458.347076448,1472.87595,16324283.5463,1.22220926856,1.0,[M+NH4]+
3709,457.411192369,1461.5709,2272839.28866,4.55074409332,1.0,[M+H]+
3056,399.72689953,567.904266,988929.506845,3.41631219876,10,
3058,399.890311491,32.8704306,194540.391763,11.7360994933,10,
3059,399.931802142,33.8251536,72993.6625703,12.7914767468,10,
3061,400.191654138,1454.26884,2316247.1319,4.84748684592,10,
3885,476.30658993,817.19166,33105164.1914,5.88493198557,1.0,[M+NH4]+
3064,400.666210478,33.7991172,173310.962072,10.4289997852,10,
3482,435.855774713,28.020117,16367.0002381,13.4029538977,1.0,[M+NH4]+
3068,400.890424289,35.750985,2116714.39587,9.86512115085,10,
3070,401.076591134,35.429493,957695.144305,2.59280754403,10,
3072,401.122089889,679.39602,3408545.30261,10.2189530082,10,
3074,401.159699419,1459.8171,430174.10164,3.03274864616,10,
3075,401.171591055,717.06648,576251.938976,4.08995813385,10,
3076,401.191202477,73.592394,766905.127909,4.73374985587,10,
3079,401.239342442,361.9839,6877237.1689,2.89043207108,10,
3081,401.275840816,703.5918,6385475.68289,2.97455263667,10,
3082,401.27581815,737.14812,7599844.8685,5.41008194109,10,
3087,402.106825796,40.485129,544674.150025,3.05901934189,10,
3089,402.244059199,331.37109,1388112.44113,2.88629109039,10,
3091,402.689312677,34.455012,163604.979083,14.4341839394,10,
3093,402.887204208,35.8054044,1555957.4423,10.1863151776,10,
3094,402.914616338,33.7991172,174038.617095,5.08205510152,10,
3097,403.056299868,1191.71853,15266453.0756,6.09237231993,10,
3101,403.143892844,38.5915074,719174.014256,10.6347139775,10,
3102,403.213609687,1296.47769,1923808.97344,3.67225807192,10,
3103,403.218710732,351.081576,6251780.42062,12.1183716755,10,
3104,403.233187282,1459.84806,1875459.97844,3.49579210012,10,
3105,403.254873909,595.46307,15993342.5445,4.17986595303,10,
3106,403.254929196,430.336311,5429796.44621,11.6988080138,10,
3107,403.254911298,502.078656,11003258.7407,1.28972893753,10,
3109,403.856727571,34.1298852,167072.497639,8.52629599146,10,
3111,404.120633149,45.1542303,881058.080969,6.01939799164,10,
3113,404.257343694,1420.68228,4703238.4249,2.31832927194,10,
3115,404.741718094,34.1279892,138922.053682,10.0565209997,10,
3116,404.845384723,36.0704922,1329124.92793,2.78855286289,10,
3117,404.874063727,29.2083912,129585.788955,7.69919079637,10,
3119,404.97355777,36.7519356,5801433.30342,4.49216616696,10,
3120,405.031053859,57.399921,1265036.46359,3.14073681345,10,
4849,624.151769224,1282.104,1330062.85566,7.41500599936,1.0,[M+NH4]+
3122,405.107236822,1435.476,1412267.49218,4.49109899989,10,
3125,405.197883702,30.620517,265543.807236,9.84351403282,10,
3126,405.210723165,1278.08022,3107359.30767,14.3676934041,10,
3487,436.242713836,494.956734,3009139.19793,3.63629937093,1.0,[M+NH4]+
3129,405.853461778,34.1298852,160173.069651,13.0630680402,10,
3130,405.908194892,33.7991172,95418.5889876,14.6670274835,10,
3132,406.015068811,57.377016,474317.175762,5.28835681761,10,
3133,406.043250873,41.4318768,445743.91627,13.9424494983,10,
3139,406.738415789,33.85665,275159.984854,7.01367446375,10,
3141,406.84265633,35.750985,253245.181425,5.11639028996,10,
3142,406.89704889,35.429493,429330.088516,5.24222146248,10,
3143,406.931618239,36.706866,3015050.01071,10.9508944838,10,
4154,510.994417526,1129.79124,1025120.3466,14.5184818113,1.0,[M+NH4]+
3145,406.958431015,31.9044288,157138.0232,7.83603829094,10,
4191,517.151680586,35.1282879,255875.934492,8.12870784648,1.0,[M+H]+
3151,407.205398854,56.760606,551187.270415,6.71922883942,10,
3152,407.228561457,587.886402,30384876.2643,10.9685052315,10,
3153,407.228662852,777.66174,10099402.0558,11.4833474787,10,
3154,407.238731097,670.8288,12821107.0129,8.14546286136,10,
3155,407.683846174,561.128448,1739433.02621,6.09303968366,10,
3156,407.959533312,33.1459986,221807.288719,8.22717206106,10,
3157,408.123686714,41.161182,797744.199217,6.38264349641,10,
3160,408.249195785,520.90404,8069312.04723,7.19197732021,10,
3161,408.242337793,671.25993,2350622.4168,6.18582499657,10,
3981,488.741576925,34.055838,180139.658413,12.3862823797,1.0,[M+NH4]+
3163,408.735333694,33.848427,191909.600555,6.82851510234,10,
3164,408.767787876,28.817505,176531.156933,7.90677740407,10,
3165,408.861687509,34.511526,123941.175014,13.6340119424,10,
3168,408.988306311,1032.23526,7655151.79466,3.26717019637,10,
3169,408.988467883,1060.27254,2334957.54422,2.53752508094,10,
3171,409.045899402,1207.75851,3441055.0748,4.63845730836,10,
3172,409.055066192,36.1154412,408355.270661,8.41225659364,10,
3174,409.110227869,78.163179,10860401.5339,7.97933423061,10,
4201,518.335487254,1442.91744,3285441.10335,3.31665467244,1.0,[M+NH4]+
3180,409.829596158,28.817505,81799.6290595,9.92603730516,10,
3181,409.926372794,32.173752,153489.985613,3.27501298537,10,
4650,585.982398797,31.0526211,219378.77203,10.0994188421,1.0,[M+H]+
3183,410.009693665,31.9100172,306937.675263,12.8256446154,10,
3186,410.138292127,43.8883584,768381.775276,5.70843932129,10,
3190,410.76236953,31.4019309,85777.733443,79.3561468264,10,
3191,410.84659146,34.8294402,344093.442711,7.71924951347,10,
3192,410.918557396,36.706866,7153711.2742,1.91771806127,10,
3194,411.039335262,39.27093,2703014.46967,4.94444722713,10,
3195,411.143592663,65.320758,8977617.54766,2.9062582664,10,
3199,411.200232228,962.49642,6199554.48922,4.25647234245,10,
3200,411.223716872,472.22658,21035798.76,6.79830014674,1.0,[M+NH4]+
3201,411.245252667,1466.42946,5980635.73624,4.53375727302,10,
3202,411.975634454,37.6537728,833928.829878,10.7848882883,10,
3203,411.996742052,37.5048126,733694.642199,3.19500291951,10,
3204,412.019271785,57.0575058,1707978.83919,4.63877898713,10,
3206,412.1162726,38.6426796,1758542.81305,13.4551691834,10,
3207,412.171783313,45.2276328,658794.137509,11.7210087575,10,
3208,412.171029969,139.818426,3178754.80849,6.87338447008,10,
3212,412.810706879,34.1279892,371704.503036,5.32051309218,10,
4398,546.985190312,35.281941,176130.533868,8.86064055282,2.0,[M+K]+
3216,413.084488415,139.501548,3231100.74171,8.26003328146,10,
3217,413.10009206,38.1341946,1085245.83213,6.01842493227,10,
3218,413.141492251,303.060828,2496529.05501,13.0219780302,10,
3219,413.144693664,40.2150558,1078331.74012,6.55156367625,10,
3220,413.155068535,139.818426,4569685.63397,7.35115184885,10,
3396,429.239817021,1506.95568,212578594.483,13.7223288241,2.0,[M+K]+
3431,431.286231908,585.972192,38865497.288,9.49774539777,1.0,[M+H]+
3224,413.27580551,478.380036,1997750.9914,5.05314725342,10,
3225,414.067279232,31.9044288,214474.579537,11.0720394803,10,
4069,501.150064086,76.530636,377590.325031,3.46711034843,1.0,[M+H]+
3233,414.320621365,1469.7942,7265145.51897,2.61116052781,10,
3235,414.785406728,28.7547456,281700.944777,3.10362792235,10,
3238,414.953124481,54.1602558,1995508.00381,3.8523923811,10,
3239,414.954191822,32.021562,246009.706373,6.3655979584,10,
3240,415.000413003,36.2570766,513120.238519,11.6702317222,10,
3241,415.061893821,44.5951272,375747.695644,10.710396599,10,
3242,415.076826848,85.252809,658294.454579,13.0486493887,10,
4704,594.165471142,1426.52148,7495377.08422,13.6722568172,2.0,[M+Na]+
3882,476.185932488,39.077685,1884354.2723,7.10328388493,1.0,[M+NH4]+
3247,415.218634715,313.5882,1742596.17526,3.38431212995,10,
3248,415.254861469,504.487962,25202628.2013,3.05037029344,10,
3249,415.254942167,478.753536,46042744.3559,8.80863423591,1.0,[M+NH4]+
3250,415.281590043,1471.7427,52510353.6157,3.98857365138,10,
3251,415.324324654,1469.5002,1754009.12528,4.77073868216,10,
3252,416.02655715,32.1791358,154643.763566,14.9732608814,10,
3253,416.036402684,70.088898,334639.372778,14.7300979083,10,
3254,416.052103456,31.5312498,117278.129203,5.69913390625,10,
3256,416.19472805,816.8292,2923625.29187,9.95288045572,10,
3257,416.250118522,219.070266,24400382.8307,10.477637684,10,
3259,416.260153703,391.244517,365355.200483,14.5361442678,10,
3262,416.322986696,1116.25626,4379687.2088,10.7020720228,10,
3263,416.347918753,1434.87942,5228238.63508,3.31507935179,10,
3264,416.804429265,34.1298852,310435.38504,8.60046426926,10,
3265,416.860117212,33.6638151,336707.941304,14.053253923,10,
3266,417.0148526,35.7758331,255846.450108,5.53567327385,10,
3268,417.145358065,717.06648,1493040.11639,6.09597748131,10,
3269,417.183840801,53.3871054,258113.011053,10.6366783335,10,
3922,481.251011756,645.72996,1584484.65122,10.1767822139,1.0,[M+NH4]+
3271,417.208704421,69.447669,19330067.8469,6.96119086118,10,
3272,417.262488108,68.428191,9405237.71387,4.41796835792,10,
3273,417.270503967,513.030528,40575006.0326,2.96580182358,1.0,[M+NH4]+
3274,418.015306944,44.5951272,3692822.33473,4.66227728646,2.0,[M+Na]+
3275,418.043129309,127.720308,117065.677711,1.63730087485,10,
3276,418.066308151,31.857867,445938.168538,10.1480050453,10,
3277,418.177515103,45.2276328,707981.345619,7.65634050549,10,
3278,418.203611366,61.280934,592027.800323,11.5123147568,10,
3279,418.218956611,721.69266,14656473.693,2.52193770428,10,
3282,418.697596428,56.478156,459049.073746,12.2555378279,10,
3285,418.988890083,37.6537728,12370542.265,1.62579394554,10,
3287,419.06126923,31.8811479,239550.13993,5.98993022799,10,
3288,419.122902002,1441.06944,897777.17941,11.9893686898,10,
4284,530.203162422,35.1525648,199559.288034,14.6347583365,2.0,[M+Na]+
3290,419.152504979,44.2787508,637556.964551,7.95959411774,10,
3293,419.249767059,227.41527,27196702.4528,10.8305297302,10,
3294,419.24986955,362.086344,23132359.369,1.05539926398,10,
3295,419.249713697,202.841961,16857320.1052,11.2342485222,10,
3296,419.276281027,1469.47194,14505008.1741,2.09224759967,10,
3297,419.315087767,1527.64296,176229351.765,1.21172207026,1.0,[M+H]+
3298,419.959654342,31.3738794,179752.704892,8.20880410611,10,
3299,419.988625765,32.224554,174900.616838,6.46066433132,10,
4156,511.06819262,40.1680023,1827537.52626,8.08695087637,1.0,[M+H]+
3301,420.13839728,127.996395,155004.482401,8.74094016935,10,
3302,420.175867302,64.37676,1528109.68531,2.47672820965,10,
3304,420.253578911,494.784813,3858791.79689,3.90017762008,2.0,[M+Na]+
3306,420.404254205,1519.82946,28817061.4101,2.23153534653,1.0,[M+NH4]+
3307,420.744754952,730.01835,3678807.54763,4.38449466448,10,
3308,420.788893068,35.1063648,235996.32014,3.60714631493,10,
3310,420.858396347,36.0704922,202596.477097,13.4670107375,10,
3311,420.878824079,34.1284461,339638.989623,14.4570923067,10,
3312,420.921113756,1130.67942,635147.267394,12.3785315526,10,
3313,420.947328044,37.0233792,8909742.12951,6.15361282876,10,
3314,421.006406305,85.383243,716243.588153,5.14135640766,10,
3315,421.045808526,1281.59166,8802285.32906,10.6953648813,10,
3317,421.121167093,44.3271846,6795562.81078,1.6419086213,10,
3319,421.36316186,1468.0323,13077194.4538,4.34631383152,10,
3321,421.882402707,34.152213,108389.50878,8.55954247927,10,
3322,422.017631503,41.793432,629965.6716,9.30703487958,10,
3324,422.785961019,35.1063648,341234.905085,9.76003612626,10,
3325,422.87700662,34.1854014,452868.906162,8.65509491838,10,
3328,423.050050129,31.9044288,161383.941145,11.5477049197,10,
3329,423.07020212,37.0679388,991203.981386,1.72959785162,10,
3330,423.082342155,64.126674,1379826.79186,2.48992473756,10,
3331,423.162534341,462.713706,3504082.06046,9.69604600021,10,
3332,423.162040725,137.538168,586112.569925,2.38183674041,10,
3334,423.207312137,39.855753,1651034.44918,13.3639864295,10,
4182,515.032821861,31.9044288,344598.363665,6.31364699433,1.0,[M+NH4]+
3336,423.971075868,36.389241,337609.839864,8.98126327793,10,
3337,424.096761518,41.1162582,360606.387481,11.5858460653,10,
3339,424.654486814,34.455012,59804.5100217,10.7261602493,10,
3340,424.677767585,33.471372,169676.720178,9.27475387834,10,
3341,424.836339295,34.6195605,217703.519601,9.20320763385,10,
3342,424.873883788,34.511526,228588.008943,10.1673077992,10,
4330,537.021217939,37.6763559,377757.438979,13.2419452029,1.0,[M+NH4]+
3344,424.96158714,33.8004987,75540.0187139,13.7927466543,10,
3345,425.002544007,31.5342549,177659.251881,4.77876015512,10,
3346,425.165874572,63.180786,683832.057221,11.9168468698,10,
3347,425.184695548,525.910308,4213903.71383,4.72916323414,10,
3349,425.803428824,28.7978778,25013.8739402,10.5759110938,10,
4738,599.954611877,29.5427628,61175.1894639,11.1905655,2.0,[M+K]+
3352,425.987463934,31.9044288,141012.935723,7.77111230213,10,
3354,426.058463735,32.224554,280724.553558,6.65510056358,10,
3355,426.110197886,84.342276,2075610.53765,3.21705146096,10,
3356,426.112335433,43.962387,697976.556637,10.6096241335,10,
3357,426.133708647,41.2277292,1031301.54372,7.84453023385,10,
3361,426.931355382,37.338876,2209139.97299,7.31718324919,10,
3362,426.958852551,33.9891585,68460.9569566,11.044188787,10,
3367,427.067545335,1428.77868,2582733.99883,14.6520080674,10,
4638,584.158746308,30.893637,470980.46637,9.80738924377,1.0,[M+H]+
3369,427.097727071,1132.16238,854437.726573,12.9022516545,10,
3370,427.115671685,35.484654,125433.95104,10.203103798,10,
3371,427.157198015,404.790048,641221.566002,7.09238174886,10,
3372,427.25170365,82.0974,134246.093532,9.73347214846,10,
3373,427.291505287,630.48048,4435587.60483,5.34063684206,10,
3374,427.970808779,37.9686228,339192.410056,14.596396248,10,
3375,427.995620179,57.1024512,1408270.05058,5.17829843534,10,
3376,428.020046214,31.8525018,191206.448135,2.21564967571,10,
3380,428.148959085,139.818426,5737699.46925,4.05636052137,10,
3382,428.671788477,33.5211768,95912.9328614,14.3753487656,10,
3383,428.735303525,567.559068,3559096.2573,4.11364610839,10,
3384,428.730897676,34.8294402,287279.131036,4.81240026225,10,
3387,428.991316586,1130.7201,4106231.91627,3.73957400807,10,
3389,429.058424029,139.818426,2647040.00378,7.74886269197,10,
3390,429.075827544,31.588767,281322.263578,12.9924175126,10,
4511,563.205170587,1436.91192,3271661.25091,6.4863026456,1.0,[M+NH4]+
3393,429.136788699,140.453046,11276753.537,4.32163717014,10,
3397,429.281234945,249.314532,2350296.79793,6.50774121916,10,
3399,429.741462045,598.839384,1609425.60267,9.82109182588,10,
3400,429.741525683,754.8396,4078058.27468,9.33538459189,10,
3401,429.737533764,575.261538,1905315.73489,10.1471633549,10,
3402,430.082066536,38.9121378,2322606.21422,8.12670494568,10,
3405,430.13972521,140.453046,2065588.58299,2.96510493921,10,
3407,430.274668741,447.178386,7187287.84536,3.62289442603,10,
3408,430.388968021,1491.39558,19287515.2178,3.22474867533,10,
3409,430.697608963,33.85665,80914.6264465,6.22394497277,10,
3411,430.740479751,822.87552,3722063.39308,4.59967411614,10,
4273,528.716973643,28.4085102,55091.7718085,10.3885796271,1.0,[M+H]+
3414,430.817752555,35.429493,295470.879849,10.5472678885,10,
3415,430.837704458,33.5211768,225128.615444,6.6705756335,10,
3416,430.856573443,35.1063648,274961.487617,11.3161564714,10,
3417,430.979565326,32.496501,176328.288679,12.5263128564,10,
3418,431.027553354,31.3971513,184648.269193,10.6048017978,10,
3419,431.09044473,59.2616202,218308.235885,12.2961480402,10,
3421,431.126350153,1426.84572,974664.073106,11.2539492127,10,
3425,431.212975917,128.320542,2520645.16785,3.06794827367,10,
3426,431.213132159,143.32881,2909131.51705,13.1656464264,10,
3428,431.260137055,118.948464,3161269.28917,8.72556949778,10,
3429,431.260409971,140.205066,2805784.56278,6.0112713244,10,
3430,431.269841405,91.791348,1349521.03714,10.545189732,10,
3432,431.973509382,42.0591228,114615.36772,10.0386305763,10,
3433,432.058315542,31.857867,797605.580339,5.54502152809,10,
3434,432.111183221,40.9807854,414941.279603,5.97426140081,10,
3435,432.221762003,39.3808215,2526337.403,8.34373450179,10,
3437,432.245098721,437.510388,3094700.44254,14.0020271614,10,
3439,432.280240016,754.8396,35970629.2123,2.44335576449,1.0,[M+NH4]+
3440,432.732234447,656.56392,2107613.31677,7.07760866367,10,
3443,433.004629114,37.9686228,12514929.8689,6.66555756675,10,
3444,433.03739391,1418.72448,634933.847572,6.54276112389,10,
3446,433.076123081,1429.0146,1234443.39293,4.48418150833,10,
3451,433.276589157,86.364822,820182.447146,4.51587649922,10,
3453,433.302187676,1423.72704,4917610.21293,5.7824261847,10,
3454,433.670622789,65.047578,1687964.74248,9.78942925619,10,
3455,433.721872997,565.062054,4043743.02033,3.64904944927,10,
3456,433.721898706,515.85555,4246586.04309,2.75738406969,10,
3457,433.969174157,32.2308852,226376.755629,9.57138811481,10,
3459,434.15270304,45.2276328,647469.909795,10.3130725214,10,
3460,434.166699603,80.29908,5236533.27252,2.29539138243,10,
3461,434.172020125,65.306274,868064.957286,12.5676542117,10,
3462,434.166794777,138.717015,1959658.56116,10.3000898864,10,
3463,434.192043298,63.897192,340326.415392,14.3885118163,10,
4295,531.288199291,61.851756,16795735.6873,1.26934680886,1.0,[M+NH4]+
3465,434.224263332,202.006848,33618891.9341,12.8706576423,10,
3467,434.259280897,1432.68498,3407196.39131,12.3402034491,10,
3468,434.804462271,34.7818626,303875.530143,13.6335841963,10,
3469,434.865491309,34.4572584,194692.984073,10.3998717775,10,
3470,434.915282943,1067.56191,33210.9450271,11.9836439468,10,
3472,435.083869983,39.226125,11684104.2101,4.64640128305,10,
3473,435.147711391,34.9436859,331897.710726,3.87992959087,10,
3474,435.159234523,61.577838,377076.575685,3.00661456731,10,
3475,435.223754034,469.27278,11847546.3776,2.56705441789,10,
4016,492.240704473,88.966098,2744456.6929,5.64830837618,2.0,[M+Na]+
4604,576.302238043,493.517373,577043.700792,4.27135910171,2.0,[M+Na]+
3478,435.250332785,1469.6472,23400065.1417,3.19162485172,10,
3479,435.257449595,586.12902,4264674.94446,5.32400229129,10,
3480,435.378861511,1471.1001,4692041.76443,2.41558527867,10,
3481,435.74144072,494.929674,10884399.1443,1.61675955429,10,
3485,436.218655118,375.707856,7684223.71217,8.72535329486,10,
3488,436.247758298,666.47388,14863873.0953,4.51668612141,10,
3489,436.253764453,1469.23425,5812401.68025,3.04412063874,10,
3491,436.762267538,35.1063648,207395.642039,7.18317161298,10,
3492,436.801970513,34.8294402,488287.653604,6.07407437189,10,
3494,436.92127723,37.338876,6580819.40795,4.50303965531,10,
3495,436.944305514,1696.83456,2810728.99381,9.40713447843,10,
3498,437.056952491,57.377016,534656.540229,7.33788936831,10,
3500,437.20625298,1451.1123,4735270.29084,8.26762675613,10,
3502,437.254070222,1445.85408,846295.696284,7.72768694167,10,
3504,437.313761268,1461.20751,10476320.6132,1.3828251088,10,
3505,437.856567215,34.1764368,75248.6811641,14.5449642482,10,
3506,437.971717806,31.5838038,207202.169898,10.2465729617,10,
3507,437.997142848,128.069058,388330.215005,9.30127327596,10,
3509,438.244435695,449.261112,2023288.61071,1.88803501012,10,
3510,438.378597411,1474.60029,21344361.6028,0.552506539131,10,
3513,438.814458101,34.8294402,156535.552657,8.3758765463,10,
3520,439.149973209,1428.6876,2317897.84493,4.36849538461,10,
3521,439.165199648,39.5408892,1541899.46839,3.27150416691,10,
3523,439.258434164,1236.70095,2095237.01798,13.0373048879,10,
3524,439.853390084,34.1764368,76524.4795955,12.388566145,10,
3525,439.907869928,33.4975278,91124.3113522,6.91480261926,10,
3526,439.945278407,36.6317835,563667.558046,8.24992757913,10,
3527,440.031019572,41.6732211,2012940.41963,2.64645975128,10,
3528,440.147188086,43.181079,438983.991395,9.07162251524,10,
3529,440.267373526,1434.2277,7696750.90745,1.42081517738,1.0,[M+NH4]+
3530,440.652815784,33.5211768,160069.351307,8.71608380585,10,
3533,440.903925362,33.4738788,348759.688723,8.71914701985,10,
3535,440.966548614,37.0780188,378453.703052,7.23867773586,10,
3536,441.047891214,38.4599058,1508801.23163,6.09273995036,10,
3537,441.069738632,690.38982,3483736.23901,14.7681991894,10,
3538,441.158800043,120.422976,536362.552387,5.54684315339,10,
3539,441.18025833,786.11184,20357156.2527,2.14570087493,10,
4139,509.159963777,61.534518,3033588.99097,4.69050989042,2.0,[M+K]+
3542,441.245353299,160.53294,11201720.9636,3.8231964744,10,
3544,441.306865014,788.88042,223829620.444,4.97132518433,1.0,[M+H]+
3545,441.659298536,65.320758,1318992.09519,11.1450124603,10,
4499,561.768454969,741.2586,4448782.19138,8.78360127415,2.0,[M+K]+
3548,442.03606525,32.1791358,855773.969132,6.25685526867,10,
3549,442.087871487,84.795897,2465730.67102,3.69335241902,10,
3550,442.239220526,742.18332,1947109.32425,3.83060142129,10,
3552,442.310602402,759.55482,10853252.3026,14.7351531235,10,
3554,442.325357349,1503.34296,1190643.91739,5.01358621072,10,
3555,442.336979033,1519.50234,22138473.2831,1.34048166232,10,
3557,442.705201043,33.4738788,101867.011703,9.48421481286,10,
3558,442.741236096,741.71838,480986.118779,10.1151312967,10,
3559,442.763561668,749.09862,11954203.2177,6.10814223271,10,
3561,442.935003344,34.6433493,198237.717263,9.31444995876,10,
3562,443.037584687,32.224554,336405.009902,7.23733942011,10,
3563,443.042380994,1071.67818,3379043.45377,13.5006290572,10,
3564,443.071654173,84.745908,1284537.13769,2.93549818825,10,
3565,443.069244472,1035.15024,2259113.27997,3.30562681402,10,
3566,443.136584294,1441.01544,1109574.10315,7.16114883046,10,
3567,443.193095617,1467.3045,3860005.40593,7.37889012423,10,
3568,443.265133005,749.09862,5283977.13624,7.18679900523,10,
3570,443.286350436,711.3753,8450327.37546,14.4536877737,10,
3730,459.263427844,667.19298,17117285.117,5.71007209212,2.0,[M+K]+
3573,443.30509076,1434.30792,1295115.68796,6.51916381961,10,
3574,443.970933389,57.377016,366957.799307,7.5163195231,10,
3575,444.033933093,31.8525018,212122.195542,2.22835236196,10,
3576,444.076058411,127.8831,267400.610282,11.0235093671,10,
3577,444.098198091,38.9674002,5420312.4823,4.55575187536,10,
3579,444.161095607,64.236084,3585973.67489,1.38197293795,10,
4326,536.307727515,252.246792,2304949.88878,5.56924660121,1.0,[M+H]+
4196,517.297999359,212.78814,3553663.23576,14.1650918545,1.0,[M+NH4]+
3582,444.245237215,311.062578,16628881.6963,2.86555388,10,
3583,444.245214111,346.425123,12219509.3335,7.72194675566,10,
3584,444.244632156,48.1335528,368343.046339,2.92015460206,10,
3587,444.331315029,1463.05518,3665417.65854,3.34798898006,10,
3589,444.833638463,35.429493,730318.814954,7.81704997632,10,
3594,445.141808864,31.8525018,98768.0450593,10.5150674673,10,
3596,445.189439113,39.5408892,4787514.52122,4.63602147617,10,
4594,574.298414611,628.38504,2612913.78893,13.053710571,1.0,[M+H]+
3599,445.247819584,538.938252,8182607.90963,14.2288267422,10,
3600,445.265479052,586.644492,1474160.0318,5.93009186975,10,
3603,446.260452039,69.427524,13102352.9379,0.674871594037,10,
3605,446.733873796,28.7547456,102765.342296,11.7292457532,10,
3606,446.884084159,34.8294402,629409.002145,6.50943033991,10,
3607,446.921749974,34.4073765,469880.462794,3.91893500596,10,
3608,446.974673873,33.85665,313168.683241,9.60274916846,10,
3609,447.053301658,1428.92016,1690718.88558,11.2324833368,10,
3610,447.091823475,1435.0938,1220422.97566,1.90477355583,10,
3612,447.131143179,133.369656,4642412.28572,7.33701812723,10,
3613,447.24480358,448.765818,1875477.64549,4.33840285675,10,
3614,447.264409348,272.442831,5414858.41705,5.17095682448,10,
3615,447.281186526,496.740042,2499013.80139,7.67763564613,10,
5276,894.503962269,655.25322,439013.319044,3.54073865594,1.0,[M+NH4]+
3620,448.134642325,133.056234,790534.201635,14.4045966008,10,
3621,448.179329383,38.6426796,1539383.1051,6.22889351084,10,
4641,584.303908934,470.933049,11140020.0071,4.07209551878,1.0,[M+NH4]+
3624,448.239912533,245.367906,10012435.6535,11.4937539861,10,
3626,448.276032285,64.062378,8643690.37163,1.71187661921,10,
3627,448.668536539,34.1298852,181520.419651,9.52800374912,10,
3628,448.722055305,33.848427,126906.842975,9.20663566238,10,
3629,448.827115613,35.429493,250637.163991,7.48252882187,10,
3630,448.842886579,34.9600728,138164.186372,9.29849943148,10,
3632,448.975022879,35.9093211,6164749.90151,133.891073932,10,
3633,449.050346887,1429.10382,780476.543516,13.3637930684,10,
3635,449.06440977,31.9044288,335865.929843,12.6974498999,10,
3638,449.239248491,382.497108,14232402.8353,11.4715651173,10,
3639,449.23926626,596.909694,26599124.0164,3.28429294433,10,
3642,450.094754441,39.5970228,792426.359573,7.3929974247,10,
3645,450.364663951,45.5441268,2186282.10915,2.57319314791,1.0,[M+NH4]+
3646,450.718872906,34.1279892,93500.2639797,6.2325534647,10,
3648,450.936802502,37.6537728,12183098.0476,2.67602568435,10,
3649,450.973067025,1027.51305,632234.642388,7.67388451211,10,
3650,450.973158263,1061.71953,529000.595018,3.58290413336,10,
3652,451.076041,38.3058459,2558786.11104,8.24724117502,10,
3653,451.2319147,586.322076,5093008.44011,8.45291759957,10,
3654,451.367937136,45.5925528,389625.22573,6.6320464899,10,
3655,451.830907148,28.0391928,26581.7880931,13.8004287871,10,
3659,452.717134107,492.468222,5411339.14886,5.09253395932,10,
3660,452.775245285,35.1063648,426695.594347,6.95708000372,10,
3662,452.894550837,37.335504,2262166.82235,4.09555694907,10,
3663,452.904287073,35.1327705,494004.969133,12.0582082658,10,
3665,452.970432493,33.4738788,166453.859227,14.6238081407,10,
3670,454.203686118,39.226125,6861838.67166,3.41211702056,10,
3672,454.733270741,35.4277521,155919.496914,11.9743235187,10,
3675,454.882808023,33.7991172,354534.280824,5.40713377192,10,
3678,455.010432318,31.53726,1286791.72985,8.6983835384,10,
3679,455.047840904,35.429493,158686.500587,12.2250507508,10,
3680,455.102805857,39.5408892,1886397.87331,7.86919696792,10,
3681,455.099092109,1296.4515,2078537.65554,10.9178369366,10,
3683,455.138682632,39.3921906,1062211.47994,12.8246537282,10,
3684,455.224946286,425.903556,3024892.40807,9.79083283789,10,
3685,455.226935124,513.342618,4789636.12888,10.9642962247,2.0,[M+K]+
4572,571.246973222,46.8140058,1666494.35,3.30345445483,1.0,[M+NH4]+
4168,512.308022733,711.40188,39307804.9444,2.94385959846,1.0,[M+H]+
3691,456.281529526,814.90974,6894712.43927,7.33938301077,10,
3692,456.627028675,33.4738788,76917.679223,9.99515750923,10,
3693,456.701317762,610.55382,2305005.34545,6.43922938716,10,
3694,456.730063874,35.104011,63952.7517346,14.1458843322,10,
3697,456.913391079,35.1525648,520603.010108,11.7527339719,10,
3698,456.935114011,33.1459986,241198.266341,11.8737983828,10,
3702,457.181288253,66.75819,379456.625116,10.6369094078,10,
3705,457.285190443,712.79709,5041132.63369,2.38283548304,10,
5099,737.351309911,1451.17818,2169765.34622,4.3857114969,2.0,[M+Na]+
3707,457.301689334,105.433068,171348.320178,10.0686022957,10,
3708,457.321635598,408.835554,2946286.83126,8.26403943003,10,
3710,457.793879947,33.4975278,99158.4105944,12.5101515491,10,
3711,458.012932418,53.1985152,1996456.75608,5.17426548194,10,
3712,458.100089109,38.283255,201404.716222,14.4071434034,10,
3713,458.23963301,747.47958,18271779.3019,7.56876663721,10,
3714,458.260694373,456.385266,37352676.0681,6.65989664972,1.0,[M+NH4]+
3716,458.285787383,565.056429,635189.046916,4.09832857385,10,
3719,458.624217978,33.7991172,86600.4091935,12.5725400196,10,
3720,458.660021434,64.691634,1655614.21642,4.26806761334,10,
3721,458.946238151,35.7462618,248844.148612,7.13020113981,10,
3722,459.072758535,39.0887175,3864429.65259,2.23261479784,10,
3724,459.211048187,64.103082,781509.71654,5.38725050099,10,
3726,459.242114624,75.94941,112520.830467,13.0270534237,10,
3728,459.263426905,699.45174,6617795.91482,12.5436834501,10,
3729,459.255826031,147.498984,12106747.3046,8.11491108956,10,
3731,459.307763198,1474.49022,33567423.5285,2.41609030815,10,
3732,459.317448417,755.685,25057606.6732,3.68714691546,1.0,[M+H]+
3734,460.072424079,38.9674002,3553208.39581,3.50889128917,10,
4140,509.191363045,64.361508,931036.770618,6.1427551966,1.0,[M+NH4]+
4706,594.255804075,743.58666,1536364.05063,6.1668204029,2.0,[M+K]+
3738,460.27614056,196.506966,3198933.15589,11.1320122183,10,
3740,460.293582787,1434.55368,7374402.88224,1.50630349059,1.0,[M+NH4]+
3742,460.806781903,35.429493,628787.644563,9.21236706068,10,
3744,460.89996978,34.7818626,1023594.08132,8.24000821969,10,
3746,461.06895526,1435.42032,1864053.09174,2.03983440024,10,
3747,461.12244847,64.37676,2764114.9458,4.14268799147,10,
3748,461.163556081,39.585558,2555124.07474,3.27774187962,10,
3752,461.29833366,1434.9588,1397317.49456,4.92895374001,10,
3753,461.430775824,1519.79736,18976122.345,12.1005066935,10,
3756,462.255551335,199.501431,7475171.19702,2.91611506761,10,
5280,924.514548263,664.02834,606332.560426,0.373646505035,1.0,[M+NH4]+
3760,462.858805803,35.1063648,480794.860526,11.210431931,10,
3762,462.932126669,36.1154412,1607794.62246,6.17458256136,10,
3763,463.112771949,62.212086,687119.113023,5.87874750629,10,
3764,463.254806664,580.6407,9165698.56717,12.988022409,10,
3765,463.254770987,854.4843,254874394.349,3.35120665125,1.0,[M+H]+
3767,463.258132077,648.1299,5091300.42932,4.18003413936,1.0,[M+H]+
3768,463.254813558,878.1732,44894281.8563,13.9085405758,10,
3771,463.328657653,1469.47194,6511313.69252,1.69174360278,10,
3772,463.811798949,33.8018802,95678.5834147,12.4973146558,10,
3774,463.989593687,37.5048126,1321472.72938,8.53922108621,10,
3776,464.153371005,38.3384022,640312.476873,14.30958647,10,
3780,464.430575545,1524.0525,28235328.714,3.29560729916,1.0,[M+NH4]+
3781,464.642406588,34.1764368,158784.997156,11.1462922217,10,
3782,464.696942946,33.848427,104263.185499,9.95574315647,10,
4719,596.897047832,29.8783578,411541.009175,4.45238817134,1.0,[M+NH4]+
3787,465.032546497,117.638382,1020620.88543,0.458752144584,10,
3788,465.042003719,31.9100172,129407.499135,14.937505948,10,
3789,465.092466588,38.5975062,4899483.00894,4.13809555993,10,
3794,465.270568157,768.29466,3472199.89961,14.6281517296,10,
3795,465.92579264,30.5907099,898963.41081,4.83935885953,10,
3796,466.156565361,82.423038,792561.02439,10.7859088007,2.0,[M+Na]+
3797,466.229089236,165.40725,778460.125576,13.1627201437,10,
3928,482.216962129,67.213404,35475094.4276,2.05197257832,2.0,[M+K]+
3799,466.229508881,528.35067,21767076.1594,3.9504377772,1.0,[M+NH4]+
3800,466.648931838,64.86558,1093888.32587,13.4832629384,10,
3802,466.849551408,35.7955668,289228.508116,14.7015102314,10,
3804,467.022473813,32.1791358,145258.702383,8.98144003189,10,
3807,467.188739652,540.068676,3392499.21145,9.07921906018,10,
3808,467.181306485,1440.94338,1660705.22813,5.37326777669,10,
4581,572.340282824,490.317774,20816866.0783,5.30084623733,1.0,[M+NH4]+
3812,467.74563796,386.797974,1919737.06586,5.53118220165,10,
3814,468.052423235,38.3384022,174078.21868,12.9163180366,10,
3816,468.26441033,292.846779,1061854.67316,8.95373615477,10,
3817,468.266785933,1472.46048,874966.818065,13.7432138716,10,
3818,468.749245007,35.1525648,171828.090564,14.3118252429,10,
3820,468.87783483,35.750985,1557110.81643,4.85154053114,10,
3823,469.063762055,35.429493,248510.527965,10.0215517771,10,
3824,469.139664199,1435.5708,3894873.99972,2.30084501899,10,
3827,470.152924848,67.07382,6851799.56,2.44733731521,10,
3828,470.146631825,44.4483288,298974.351341,12.4474350601,10,
3829,470.177531583,39.226125,1963984.80116,7.01607967385,10,
3830,470.194679616,69.467814,581878.985184,6.00009818092,10,
4271,528.350456845,537.925068,489777.891865,2.52393724728,1.0,[M+H]+
3833,470.333507732,584.539422,7131186.61185,1.39462156008,10,
3834,470.389373905,1523.90832,8498011.59403,2.13413028079,10,
3835,470.746345649,35.1294648,89485.7650114,9.87176993352,10,
3838,470.835967346,35.7955668,993502.985314,12.2688320259,10,
4624,580.919356346,30.4011189,229287.215103,5.71704680103,2.0,[M+Na]+
3843,471.076913209,39.535752,541792.912064,5.40444236116,10,
3844,471.073446525,1297.10604,3244831.33905,1.68667917322,10,
3845,471.097933751,1428.84942,1663817.24059,4.10294758627,10,
3847,471.264665474,547.60074,1375904.38098,9.14420528014,10,
3849,472.028068501,57.1187868,415257.96368,11.855847864,10,
3850,472.214842624,94.508121,1142565.2557,3.03570644359,10,
3851,472.276284857,378.92547,4062467.71632,9.23853532509,10,
3852,472.313017168,741.82602,17778327.9416,12.5624145802,10,
3853,472.312854809,780.48987,4332887.68709,7.12188598513,10,
3855,472.833002475,35.7955668,750035.062892,3.82162467354,10,
3856,472.871653808,35.750985,160121.765705,7.78343239754,10,
3861,473.198738702,85.993764,3369928.07714,2.68952337805,10,
3862,473.227672904,65.689002,843668.275641,11.206090349,10,
3863,473.271823953,370.703832,24686672.9018,1.74587449903,10,
3864,473.280167713,101.818902,757026.302421,1.70184043166,10,
3865,474.128604328,35.750985,142984.346033,5.70202977707,10,
3866,474.186394672,57.366651,379822.644542,10.3695486755,10,
3868,474.27509325,370.450569,5421214.98395,2.59210457695,10,
3869,474.291758805,59.3429586,339329.090737,2.60420981853,10,
3870,474.309299765,1440.18048,4436166.00223,3.42092803191,1.0,[M+NH4]+
3872,474.822462211,35.750985,420609.864798,11.936016493,10,
3873,474.850968955,33.848427,97982.6246193,12.2608089269,10,
3874,474.919719444,36.1154412,619699.462827,14.2558225686,10,
3875,475.017607657,1061.81238,2457923.81503,1.29099136719,2.0,[M+Na]+
3878,475.18631085,790.61616,736985.423024,8.33601453409,10,
3879,475.291506459,935.24424,5106477.78737,7.90705952772,10,
3880,475.29143436,914.44926,2888362.14358,6.68761460819,10,
3884,476.294544679,886.79508,4517921.98864,10.9302856363,10,
3886,476.847346869,33.8018802,111456.140256,6.73968021945,10,
3887,476.87507193,35.1063648,779895.043263,6.51910825848,10,
3889,477.219869174,613.7511,3644937.75324,10.7359462236,10,
3891,477.368242197,1527.36162,244392896.123,2.11267902563,10,
3892,477.957151314,31.216119,258966.032398,6.46574795981,10,
3893,477.997869974,41.0395908,623378.89248,12.5536380223,10,
3894,478.138044978,40.485129,1224862.63715,5.63930437133,10,
3899,478.409582791,1513.87104,3348136.36506,2.4413028231,1.0,[M+NH4]+
3900,478.619004158,34.1854014,79000.0480826,14.0581431831,10,
3903,478.90613832,36.389241,2677696.16051,3.53142485658,10,
3905,479.135916118,786.03882,6629929.23257,6.29778172867,10,
3906,479.186658789,75.221274,2414688.97522,3.07303609446,10,
3907,479.224041298,329.546574,3050445.86599,6.53349076129,10,
4954,654.105070686,29.9371962,69330.147991,12.3794849614,1.0,[M+NH4]+
3915,480.864708174,36.0704922,1013739.26551,6.24190349,10,
3916,480.903100869,36.389241,951752.248619,4.65045582917,10,
3917,480.992754609,36.4430292,316427.629703,9.83784810973,10,
3919,481.103105606,690.34848,2725054.70649,14.4440266136,10,
3923,481.246063303,456.385266,579089.401944,4.17760674142,10,
3927,482.19503582,1454.08242,975707.778661,5.71207957837,10,
3929,482.248357193,720.6204,16281520.4559,3.40744105358,10,
3930,482.404971008,1476.99297,20365477.97,7.10978093795,1.0,[M+NH4]+
3935,483.130438309,30.9416778,175613.847041,12.8232569709,10,
3936,483.145393024,39.3064722,3429233.20801,5.23132389068,10,
3937,483.155348238,1441.14318,2546011.5928,4.3180968627,10,
3938,483.178429397,1434.63366,721702.599216,6.6522593023,10,
3941,484.15117036,64.550448,609743.859487,7.93037870387,10,
3942,484.216821679,143.799345,1754567.91731,4.72970008124,10,
5110,742.938257654,1083.59676,6177695.82159,8.06900963595,1.0,[M+NH4]+
3946,485.039001226,35.4524049,233238.27029,5.57828175169,10,
3948,485.113378299,1435.57116,2129628.60182,1.91248481721,10,
3952,485.33918769,1545.76548,924302.920817,12.8314801131,10,
3954,485.701943617,538.229358,4044995.64675,2.51462232563,10,
3959,486.809352363,36.0704922,436027.638104,11.3928879514,10,
3961,486.856729379,29.8963608,455898.292782,3.29155449527,10,
3963,486.976569111,37.0679388,3353109.41128,3.83771448489,10,
3966,487.214550886,82.7484,1758643.33086,3.07098407169,10,
3968,487.287279145,482.024865,11846420.185,3.54861614685,10,
3969,487.297265201,69.232806,381300.983431,10.4170091999,10,
3971,488.005854987,57.377016,573438.098137,13.5795176505,10,
3973,488.231954208,1083.92304,63041683.0925,10.6214519252,10,
3974,488.250370863,595.836834,5296751.62962,4.81745092776,10,
3975,488.282192331,99.97296,5099250.69972,2.38502221198,10,
3976,488.307224562,97.512708,5647439.0568,5.69171818675,10,
3977,488.307649291,224.284272,9833423.47469,14.1995038914,10,
3978,488.324468045,1446.95598,1005184.2828,3.78829758438,10,
3979,488.357776178,1465.96908,6035809.16703,3.26683132369,1.0,[M+NH4]+
3980,488.686494548,34.7818626,69469.7587193,3.41170197596,10,
3982,488.806360233,36.0704922,318638.230879,11.8470241485,10,
3984,488.934552955,36.706866,2281059.32309,9.83130609092,10,
3986,489.170352242,858.2964,232791.680962,8.36640047795,1.0,[M+NH4]+
3987,489.245222727,592.979844,11827651.3301,8.37134102115,10,
3988,489.266347711,72.312024,6810698.01985,1.82407067768,10,
3989,489.274309234,796.89522,11432890.4886,4.98617177234,10,
3991,489.318391029,1470.32574,20056323.6596,2.2275655494,10,
3992,489.364647281,343.518348,682507.782298,2.32424972159,10,
3993,489.775873553,796.95144,5868684.48198,8.22764302028,10,
3994,490.040450334,30.6159288,39884.3939584,7.19573447145,10,
3995,490.125845466,40.8284541,351909.546274,5.69466685719,10,
3997,490.265984022,840.13968,38729456.0057,4.95390793933,1.0,[M+H]+
5291,979.520509968,667.05204,1361180.0884,8.2251838465,1.0,[M+H]+
4657,586.319382233,631.92696,4278884.42018,6.17384310491,1.0,[M+H]+
4001,490.307308318,1447.22343,939093.397111,1.47983905754,10,
4002,490.765435111,666.90354,23321234.2008,3.98937472011,10,
4003,490.963517016,37.3836912,1487963.61439,6.3048997403,10,
4004,491.201415098,57.6972636,252723.132694,13.1649393765,10,
4006,491.274423203,68.469708,305106.109842,6.84330698537,10,
4007,491.266967877,666.8604,6898572.02336,3.10728926427,10,
4735,599.267226199,722.37444,1249165.08703,10.5940791857,2.0,[M+K]+
4009,491.286274669,682.94436,12325116.2351,2.53760230763,10,
4010,491.286500667,625.75662,5418319.13345,4.90807645965,10,
4011,491.4300119,1527.18726,902841.451326,6.88101600985,10,
4013,491.811680508,29.2084308,87250.4186322,5.14396813783,10,
4015,492.227163386,585.4245,223524.198863,3.90934657562,10,
4729,598.355815095,567.429384,1314447.33205,3.3947794476,1.0,[M+NH4]+
4018,492.440789446,1571.35848,5693166.96782,2.55285483915,10,
4149,510.487687079,1529.95893,2909448.90064,9.90584623606,1.0,[M+H]+
4020,492.921689888,36.8124417,3782280.72398,4.4170245226,10,
4021,493.06451352,1296.65025,4827362.84379,10.9029988753,10,
4022,493.251063482,685.77666,2592819.64755,11.8175177262,10,
4147,510.287718518,1075.63056,23387433.6562,3.6927510599,1.0,[M+NH4]+
4029,495.020689148,1130.47008,862617.228151,9.36475246329,10,
4030,495.092201828,40.8455442,1029012.58435,2.47386853873,10,
4031,495.238401389,1440.49122,888774.901704,4.6433557851,10,
4033,495.937688412,37.6812744,242405.865425,14.6983515709,10,
4035,496.811073352,34.1854014,313629.388557,10.4837948175,10,
4039,497.002892176,36.3841362,382195.861126,11.1540057217,10,
4040,497.039578509,38.6200929,2487889.87972,5.83075517225,10,
4045,497.316348815,677.95212,14940304.2018,2.31410668751,10,
4046,497.740516896,779.99658,9180939.17547,9.71899899048,10,
4047,497.769297854,573.855045,3287213.21039,2.43584646079,10,
4048,498.002436672,42.3792576,142555.37301,11.2187153963,10,
4049,498.121326364,58.6894542,512776.245604,7.36857109361,10,
4050,498.168491419,1454.28486,452722.355508,4.73401728345,10,
4053,498.3285326,847.27524,13517992.9854,5.68614508801,10,
4054,498.317264379,676.88184,1663842.97542,14.584527843,10,
4056,499.129118598,1440.94338,1242570.20735,3.68692623003,10,
4059,499.360034761,1497.89757,1558726.84508,4.0006182725,10,
4060,500.154827458,43.497579,201197.37624,12.2358597977,10,
4061,500.214597462,1475.40858,8864448.64717,7.31758120458,10,
4062,500.271384765,290.73681,1923798.0203,3.8887787434,10,
4066,500.992062244,37.6537728,5532673.22822,2.69198254376,10,
4068,501.102249021,63.732006,569745.544449,14.3829571054,10,
4070,501.176309033,35.1063648,470233.353279,14.4630495602,10,
4073,501.245459893,569.435658,3221428.45422,3.56672083004,10,
4075,501.258491106,69.619521,269173.977285,5.23327381034,10,
4076,501.275607892,290.232816,287283.780279,6.13596483462,10,
4077,501.339408516,321.987984,1524402.07236,5.0683448159,10,
4078,501.759008087,456.74877,1611927.14909,3.2784992418,10,
4081,502.134039024,75.554076,574075.323224,7.14197548378,10,
4083,502.22536434,55.44501,6690947.26741,1.88183799753,10,
4085,502.247595664,447.424035,389962.152134,9.13217513777,10,
4087,502.257853602,666.83634,419976.926515,5.2630276994,10,
4089,502.373441296,1475.62422,18165467.4524,1.64155100395,1.0,[M+NH4]+
4090,502.791738323,34.9667859,119759.469762,9.1198539156,10,
4092,502.832394017,29.5485897,344262.241343,3.11985732401,10,
4093,502.95039534,37.338876,5254893.59738,3.9389172794,10,
4094,503.070997044,38.9121378,2062530.58707,5.36813841502,10,
4095,503.112123964,1013.28804,821105.003882,6.12749581274,10,
4101,503.355301532,855.28377,950787.876107,7.59376592328,10,
4103,504.096583125,31.5838038,379780.803174,8.59053477363,10,
4512,563.233970528,1083.53088,11818651.8326,14.5562404856,1.0,[M+NH4]+
4105,504.220257171,412.329378,603011.230217,8.05792466243,10,
4106,504.24511055,568.20585,8584900.63906,10.9157087951,10,
4107,504.26686333,57.5588352,316855.255493,8.52840333839,10,
4108,504.31976129,1436.8347,5126852.25685,2.38292702313,10,
4111,504.880846732,34.311315,183916.767815,13.2224138916,10,
4113,505.073474421,37.0233792,446962.743314,8.01246368435,10,
4115,505.26141859,242.664282,21684905.162,11.1110514174,10,
4116,505.323984927,1437.03618,895454.146834,4.49059255029,10,
4118,506.260901512,610.62237,10874639.5443,8.79155681779,10,
4119,506.260956343,500.992635,16600530.5129,3.13539356832,10,
4120,506.31809494,82.449192,85008.2257515,11.5979601673,10,
4121,506.840179979,34.6433493,149727.796627,8.45090566157,10,
4122,506.937515808,37.6537728,2550187.2888,10.5505888621,10,
4123,506.995445445,37.338876,623041.175258,4.94561017188,10,
4126,507.264005129,610.69092,2507464.56587,3.76768913536,10,
4127,507.276785644,1163.9256,103586843.761,3.98244757796,10,
4128,507.284652543,853.10316,983084.034444,8.47491187401,10,
4130,507.786982408,29.2083912,154598.154658,5.44535710474,10,
4131,508.251973217,322.158648,511030.294258,7.60327618959,10,
4132,508.276647735,707.67777,3375754.91412,6.09595549754,10,
4133,508.280206345,1147.60986,14465110.0196,14.0097964492,10,
4134,508.456785582,1527.6891,20885986.4077,3.57972419955,10,
4135,508.849734951,28.9695588,54610.3299787,12.1447790276,10,
5106,740.88753321,37.0233792,298119.716749,4.71847331505,2.0,[M+K]+
4137,509.016474087,39.226125,1616693.07732,6.04167072127,10,
4138,509.034793194,37.5048126,530161.545587,11.1169844664,10,
4145,509.783683796,28.820175,32730.6986501,14.4023241698,10,
4146,510.266880748,246.697164,2825913.59634,6.61547105115,10,
4148,510.428242257,1431.77514,1764751.23062,12.4964502185,10,
4150,510.733774447,34.4803482,143831.105262,13.6220039375,10,
4158,511.214895498,607.75434,2850678.61086,9.80237957773,2.0,[M+K]+
4159,511.227693494,141.406674,2711277.06403,5.15159159738,10,
780,244.137648736,1083.46764,11343031.3069,14.0353636122,1.0,[M+H]+
4161,511.347050227,343.518348,220218.805929,3.93127384356,10,
4163,511.766853092,608.45184,9227212.55982,4.61979960592,10,
4164,512.0860658,38.5975062,1022861.64364,8.86988606469,10,
4165,512.183097856,78.144144,97394.6787988,14.2702687359,10,
4167,512.303395179,1141.34658,8133610.95991,5.38263162591,10,
4169,512.742592306,28.364868,38940.1296063,9.58573146206,10,
4170,512.7696749,608.7996,1505827.65633,5.76971796257,10,
4171,512.786224228,34.479225,228214.56877,12.1166261481,10,
4172,512.796988558,923.09736,2076462.16279,13.2857753467,10,
4173,512.84063914,33.85665,138788.660075,10.7231785743,10,
4177,513.370288167,1572.18,8996938.15039,14.1881398496,10,
4178,514.047966987,31.5605319,234446.046978,1.53298979917,10,
4179,514.250352349,65.334177,1071714.0826,6.60448036055,10,
4180,514.302459714,907.30008,4309771.78371,4.8931638366,10,
4181,515.00808876,37.9686228,4622836.15027,5.17893843839,10,
4183,515.186448161,1475.89377,113610933.744,9.60184477732,10,
4185,516.130494695,44.3271846,267430.771465,11.5263701505,10,
4186,516.188680309,1475.78418,40898290.4395,11.433473491,10,
4187,516.218674775,64.691634,19890831.0518,3.89832637379,10,
4188,516.27773084,171.03012,4633758.40812,12.7498731288,10,
4189,516.966166713,37.6537728,8137862.78326,1.58834863638,10,
4190,517.086992789,39.226125,3749201.93476,6.86196244688,10,
4194,517.224999442,83.07327,1369100.86765,1.6121861492,10,
4195,517.28893269,721.81374,1745633.05382,2.94768640865,10,
4199,518.228166407,83.412429,241709.330443,4.42954613579,10,
4202,518.765467924,35.1063648,138301.48579,11.4336432526,10,
4204,518.964185496,37.335504,383126.345059,8.12791200589,10,
4205,519.027540434,1435.57104,581688.251886,9.38492116603,10,
4206,519.045040211,38.9121378,2365871.97722,7.78574376568,10,
4207,519.086136936,1013.42382,1008608.12007,2.60267231735,10,
4208,519.166354956,39.855753,4573973.99458,5.09471894459,10,
4209,519.157903671,59.0417898,238554.508614,11.6234619085,10,
4212,520.132418107,65.635872,6287481.24922,4.14957652653,10,
4214,520.248606675,466.384092,312345.35718,3.83884680537,10,
4216,520.332802393,873.1302,25134839.9966,2.89196529906,1.0,[M+NH4]+
4218,520.85556146,34.511526,345930.432256,7.56298756561,10,
4219,520.882640695,37.0679388,878025.436224,10.3262882944,10,
4220,521.010380506,37.8386994,1119071.54402,5.48849013486,10,
4221,521.024893045,1435.53168,424745.655502,14.0608211617,10,
4222,521.135851739,65.677206,1137556.65643,2.76582776862,10,
4223,521.132586129,39.2234394,714506.893207,3.75447367022,10,
4226,521.235596641,319.86963,3697385.88014,11.4806495504,1.0,[M+H]+
4228,521.307782701,856.00854,1040803.4583,5.00187009676,10,
4607,576.475047202,1550.45262,4951176.7338,10.8606510772,2.0,[M+K]+
4232,522.911401273,37.6018758,2208658.94911,8.58486839587,10,
4237,523.261982955,65.950902,2641542.08467,5.22632719242,10,
4239,523.761814675,29.0190618,92299.4620578,9.19899018357,10,
4240,523.999579792,36.4430292,157135.121281,14.3669397559,10,
4243,524.503603165,1539.23757,1448317.93652,10.2658118779,1.0,[M+NH4]+
4244,524.823906272,29.1412398,62176.7187074,4.22398435714,10,
4245,524.869414077,37.3612836,1471060.05644,2.63131216201,10,
4247,524.989935195,39.27093,758398.397628,14.5014367334,10,
4249,525.129897207,39.5632236,694054.188767,10.6806705291,10,
4250,525.24910433,1436.65551,1761494.15648,2.79588176212,10,
4252,525.75923891,28.7978778,22218.7545927,14.6216236176,10,
4254,526.136970684,61.556178,473256.152673,5.59679147929,10,
4255,526.156584876,1067.59413,56269.554151,12.9239713695,10,
4256,526.187863431,1084.89924,77319505.6293,10.940687192,10,
4257,526.230527018,1037.90094,5577673.70182,1.73816080237,10,
4258,526.2915718,873.08046,1428883.77462,10.1352217729,10,
4259,526.323627754,704.81214,3996061.50456,6.12266821507,10,
4260,526.799350646,29.2083912,11270.3819255,13.8260048142,10,
4261,526.836926106,35.16153,264983.280549,11.9295149887,10,
4263,527.131184523,1289.40834,2278553.13709,3.05330989096,10,
4264,527.268214214,1296.71019,2178651.92127,2.95501786552,10,
4265,527.355205846,679.78992,9840464.30367,6.6526585902,10,
4266,528.160862357,78.331869,175852.214324,14.7575033845,10,
4267,528.180941376,39.5408892,2234247.38693,5.90159816105,10,
4269,528.339282441,744.65526,12550621.5126,9.88163208024,10,
4270,528.339243961,688.22052,14416542.2189,4.28669995331,10,
4272,528.535125466,1458.51234,449515.36165,4.43930015798,10,
4275,528.769811548,425.789862,1593061.36106,2.3033856924,10,
4276,528.79447468,35.429493,234174.759105,10.5110111756,10,
4277,528.834211375,35.429493,311097.354911,10.0350598311,10,
4278,528.888116158,34.7371767,270343.064096,3.69249424152,10,
4280,529.334476246,970.4031,1901144.92469,4.73655284113,1.0,[M+H]+
4281,529.334526701,810.97812,10443294.9271,3.19135106544,1.0,[M+NH4]+
4283,530.131864748,40.1702496,1258976.64405,6.70901989588,10,
4285,530.220165378,81.741882,534108.616055,8.67941824895,10,
4287,530.333337016,1041.8772,2809032.78763,12.7627597779,10,
4288,530.791449182,35.429493,277921.11233,13.3901867466,10,
4289,530.884364244,35.1063648,262808.831281,13.2414161067,10,
4290,530.938913293,33.8018802,69569.8976969,14.8983985302,10,
4291,530.982061241,37.9686228,6664852.94063,7.6587256029,10,
4292,531.00234008,37.338876,411618.169164,11.6698247006,10,
4294,531.276861564,1188.59886,4362214.55843,6.18186885632,10,
4297,532.223216364,54.0936708,4870950.06403,6.82942516355,10,
4298,532.294832397,829.03542,575128.700136,4.10850388074,10,
4518,564.358947515,924.15024,17507811.0322,3.3370253469,1.0,[M+NH4]+
4301,532.384092109,1468.12239,6495072.89469,7.3757151043,1.0,[M+NH4]+
4305,533.079647969,38.1452145,1785763.54234,4.36365868317,10,
4306,533.173624608,73.268148,231561.59443,3.56287210618,10,
4309,533.27186291,679.73064,37507090.2754,2.83822566193,10,
4310,533.292913974,180.586848,4091273.88258,13.625394657,10,
4312,533.761949089,626.70876,1054123.42488,7.48717848175,10,
4314,534.25445905,1419.28392,3960698.38986,1.51258984664,10,
4315,534.735089018,28.364868,28968.4391202,14.8022854545,10,
4316,534.898181288,37.338876,1998442.99996,3.30843349407,10,
4318,535.020157186,38.6527752,1345555.37004,14.4881678398,10,
4319,535.029964501,1034.82,2380375.70222,6.57552760609,10,
4320,535.140429313,39.855753,3819452.17285,5.07861418239,10,
4754,603.467986935,29.5173732,36952.2073227,9.22104818863,2.0,[M+K]+
4325,536.182466875,30.9416778,559384.898336,11.9574396955,10,
4327,536.736802555,35.16153,83914.7691311,1.08362061026,10,
4328,536.830287956,34.7091558,258615.035472,4.80591003667,10,
4331,537.12667137,1429.10382,927591.769213,5.26909415241,10,
4334,537.194760794,38.9569338,1783913.11765,6.14710848585,1.0,[M+NH4]+
4336,538.319129446,1205.78856,1022815.2561,10.0832856414,10,
4337,538.519145926,1549.64832,4524508.97554,3.88395092593,10,
4339,539.024685412,38.283255,1430623.41091,6.57798641925,10,
4341,539.201887841,64.429368,829659.232481,8.85302657691,10,
4343,539.339307379,1296.47022,7725105.99943,3.81384443325,10,
4717,596.57221804,1550.49276,5415588.88159,11.2161504107,1.0,[M+H]+
4345,539.696855838,70.102698,1875301.03529,9.09193559903,10,
4346,540.068776397,716.49198,1966624.98389,10.0760632578,10,
4347,540.068869482,694.32984,1280115.14504,8.70449419905,10,
4349,540.18958269,43.6926822,205405.133327,3.47078780109,10,
4351,540.245361029,702.37284,7570285.58211,8.532445168,10,
4352,540.279919355,1433.72505,916407.81783,8.8216447948,10,
4353,540.33926386,809.19204,10032050.0741,10.2856146444,10,
4355,540.797198605,28.81884,17227.5609562,14.5329927095,10,
4356,540.912199582,35.266752,170911.084436,14.175164449,10,
4357,541.04693788,1060.70766,429977.58693,14.1031547307,10,
4360,541.298125452,520.159062,9128276.40939,4.10389051487,10,
4361,542.076380163,39.27093,1529780.96935,1.2179581384,10,
4362,542.161776201,1084.8843,56194502.4379,2.25069681988,10,
4363,542.300545826,520.172739,2180526.27326,4.77799901027,10,
4364,542.31863475,519.439176,2392128.91411,3.91912027514,10,
4365,542.791052662,741.11328,44557417.6837,4.02807266412,10,
4367,542.848113543,35.2217355,105677.117808,12.4066444966,10,
4368,542.903945098,35.1525648,374736.557993,9.16095358309,10,
4369,543.292449258,740.90358,22794392.4834,3.91060506016,10,
4370,543.313742831,634.83036,9033241.17145,10.6055840216,10,
4371,543.365393339,1517.8332,9044053.82489,12.7967635532,10,
4372,543.793801078,740.89296,7963886.24392,5.83971621026,10,
4373,544.154787895,39.5408892,1409529.54133,7.49251497764,10,
4374,544.272361028,400.146126,956412.056586,6.70801435633,10,
4375,544.294629953,1296.7692,5515504.36482,2.70064752247,10,
4377,544.334185676,703.4586,12300546.8447,7.26604745049,10,
4378,544.329422924,1085.15712,1705526.39254,4.53097441983,10,
4379,544.345557493,346.260696,1540594.0793,2.79051176561,10,
4380,544.768701885,35.6030748,102667.450261,9.52792649582,10,
4381,544.806989941,35.750985,341285.194765,9.72367617174,10,
4384,544.935157015,36.389241,673392.972422,6.90071216768,10,
4386,545.267737849,88.30647,3119508.08789,2.95418487803,10,
4980,667.340809203,485.843838,3209300.58279,8.57333869709,2.0,[M+K]+
5055,713.270679537,64.37676,2527693.16933,4.02466566848,2.0,[M+K]+
4392,546.399896465,1478.21271,19461877.7332,0.427974281856,10,
4394,546.76553197,35.6030748,166281.523131,12.1987639473,10,
4397,546.955809309,38.283255,5217634.25123,8.67510892165,10,
4400,547.095483388,38.4489426,2555651.96312,4.41013597019,10,
4401,547.184316478,69.78507,5800022.82243,5.66417214714,10,
5056,713.350316381,806.09448,16606750.1871,6.91994937388,1.0,[M+NH4]+
4403,547.272136063,434.923878,700575.11487,7.68963174372,10,
4404,547.278016948,975.7872,818724.995206,7.90523442528,10,
4405,547.308813027,316.84119,4703554.7903,11.5866082825,10,
4800,611.355200605,1481.00244,32871223.075,4.19713468253,2.0,[M+Na]+
4407,547.403059618,1478.5272,6515256.2485,3.26603136609,10,
4408,547.686072576,69.810906,2763534.61709,5.70003338151,10,
4409,548.186975235,70.075983,876946.107162,14.5056004285,10,
4410,548.292577119,369.196152,1042140.66503,4.74418889353,10,
4411,548.345981965,1439.10498,3169931.36383,3.61450044551,1.0,[M+NH4]+
4413,548.503366606,1520.59536,31919963.4223,3.20965984212,1.0,[M+NH4]+
4414,548.752733817,33.528513,83755.9836883,13.9873064191,10,
4416,548.890535055,35.8054044,281403.658668,14.1369432663,10,
4417,548.913915808,37.9686228,2851596.55684,5.8571496225,10,
4419,549.053298042,38.283255,2592877.35001,8.68119300627,10,
4422,549.270651793,224.45286,1189674.42439,3.59760689979,10,
4423,549.303040545,688.61784,2526908.84248,10.162608808,10,
4424,550.187961059,1166.05347,53107877.8695,5.24106889614,10,
4426,550.233842332,52.8822576,7848088.0427,1.17039459024,1.0,[M+NH4]+
4428,550.287264693,476.217636,1869785.20205,8.05812419178,10,
4604,576.302238043,493.517373,577043.700792,4.27135910171,1.0,[M+H]+
4471,556.766138002,34.1298852,90148.2666703,5.53507047775,1.0,[M+NH4]+
4434,551.142740493,1435.9353,1088939.22653,2.72112479341,10,
4435,551.191211,1166.82978,12136777.6069,5.51487273186,10,
4438,551.354961996,1477.95126,5869173.51032,2.69089580567,10,
4439,552.334973492,1207.16268,1039051.99919,4.4633403268,10,
4440,552.483039865,1531.31886,13537230.5275,5.34784630911,1.0,[M+NH4]+
4441,552.752030933,939.54036,3784992.48473,10.7301938636,10,
4445,553.163644246,94.666278,113635.111803,14.4304484694,10,
4446,553.169004556,38.9121378,902342.166468,8.98589650329,10,
4447,553.291242876,1439.85462,1483401.82888,8.93127296038,10,
4449,553.334447916,730.65258,77071446.609,2.05599511518,1.0,[M+H]+
4450,554.316720276,1468.84209,3278686.60267,2.96330849472,10,
4452,554.769713397,34.1809191,127475.119493,14.0159944162,10,
4455,554.962874096,36.4348158,746893.231235,12.1687375074,10,
4567,571.117148596,1147.2297,54106350.5085,1.36447401021,2.0,[M+K]+
4457,555.143328752,1170.4056,46110801.3076,2.91705456029,10,
4458,555.164142838,1135.17114,47765.3374861,13.435530144,10,
4459,555.183627094,1419.70818,7006183.06062,14.3353568349,10,
4460,555.240161731,668.25762,1763131.05902,6.00613295017,10,
4463,556.117683131,1064.69058,346302.310717,6.54280602971,10,
4464,556.137770004,30.280674,333139.46566,5.88552725625,10,
4465,556.172192915,139.818426,5069292.62251,5.47441450603,10,
4466,556.276558634,654.54042,956489.762977,8.25421632233,10,
4468,556.365898635,1296.80688,25691469.6057,3.34285832525,10,
4469,556.362825974,139.501548,1547081.4709,7.57090045215,10,
4470,556.435675607,29.1743898,21721.0068161,9.98807258958,10,
4473,557.021114741,1029.13764,833698.449675,7.05510488634,10,
4474,557.101708614,1070.04036,7639314.3842,4.33097458767,10,
4477,557.235362117,526.763631,4286095.2733,4.87729784819,10,
4478,557.243749104,439.625352,812486.898664,6.30917093058,10,
4479,557.290034169,1207.42635,331557.072955,4.06244321517,1.0,[M+NH4]+
4480,557.365658689,691.06302,16370335.7483,3.40644902277,10,
4482,558.264266905,1137.72372,16408576.2899,11.3129298864,10,
4486,559.308735457,277.849926,3721359.10747,5.66457810269,10,
4487,559.345035038,934.167,568292.097254,8.14416184924,10,
4491,560.233192419,1190.8752,3825864.92199,1.75099668678,10,
4492,560.260756535,1138.12956,6871518.61167,10.5815668529,10,
4494,560.749233952,796.00464,8094539.23499,8.13306182478,10,
4497,561.321262663,1296.80688,9142381.3168,7.11553557903,10,
4498,561.5042823,1549.64832,948012.193463,11.6820739683,10,
4885,632.312210143,119.24379,10395351.0637,7.08528118319,1.0,[M+NH4]+
4503,562.290157276,651.87186,1222571.31109,12.9879935501,10,
4505,562.319189109,1195.49292,2421333.33655,3.50139099345,10,
4506,562.361690946,1445.64444,1813157.55838,2.66782946351,10,
4510,563.069169447,38.5975062,3347479.42888,7.08330266183,10,
4513,563.286035457,131.132178,350008.947244,10.0635927847,10,
4515,564.197767559,1454.08242,436313.04179,6.15390160741,10,
4516,564.249438044,66.897528,9726224.11531,2.6259373985,10,
4517,564.335570833,68.586126,276917.007916,14.1760819249,10,
4520,565.027443201,38.2087248,1724333.84657,4.93681419003,10,
4522,565.203158026,1436.1828,489182.359808,1.74605670523,10,
4523,565.224309682,1296.80688,4378935.21071,2.66969241647,10,
4525,566.045338038,43.8883584,251775.979462,10.9166486309,10,
4528,566.31808217,788.41776,2106638.62691,12.8432487947,10,
4529,566.550082895,1576.53426,1153359.19933,9.20187980888,10,
4533,567.116637627,1435.40859,599258.603616,11.1080211562,10,
4535,567.189929615,99.97296,2677624.54989,5.18464840908,10,
4537,567.277220196,541.507428,2359966.78059,8.64080215816,10,
4539,567.329043965,1478.22294,34864630.555,3.68321284835,10,
4540,567.798613205,580.450632,3833489.21691,2.81500098527,10,
4541,568.176271153,1135.66731,558439.956021,5.47662402884,10,
4545,568.332453244,1478.22294,11095060.451,4.1161156698,10,
4546,568.540970571,1529.60688,3991455.60466,6.79408296702,10,
4547,568.812582277,36.0704922,237475.835842,10.9726659245,10,
4548,568.851171543,36.389241,424600.708359,10.8397621501,10,
4549,568.907144769,35.921691,412903.041577,13.296855903,10,
4552,569.204760234,67.529142,29993797.6285,3.2573395776,10,
4553,569.266969591,70.102698,3261895.96758,3.97890119429,10,
4559,570.207976597,67.213404,6707694.24963,5.0307008232,10,
4560,570.235855599,1188.67932,2774779.91282,10.7679959645,10,
4561,570.255903233,482.606724,3079984.88923,12.4489647087,10,
4562,570.324542719,565.315626,27964844.3449,6.62849310322,10,
4563,570.744385616,34.3202067,115652.134928,14.9084029516,10,
4564,570.810512167,36.0951462,219882.128813,9.85492133937,10,
4565,570.901700592,36.4348158,247234.356584,3.12559259516,10,
4573,571.30562689,1285.87776,1153175.57436,9.63863606147,10,
4578,572.234278841,1461.69183,64701735.7409,2.3537697754,10,
4582,572.339937356,373.189476,2275286.08469,7.86085979225,10,
4584,572.493938587,1461.69183,654332.718827,8.44636537504,10,
4585,572.896227432,36.556701,423021.614725,14.6127214208,10,
4587,573.113774626,1147.69656,11386739.5806,3.6827751697,10,
4588,573.235948716,1461.61794,28746339.1873,3.99546831104,10,
4589,573.263766935,1207.17558,393777.354661,8.24486360551,1.0,[M+NH4]+
4595,574.298186376,754.13424,1141243.48223,4.34433470962,10,
4597,574.811552223,639.4224,2099705.3762,3.00410779469,10,
4598,574.924859588,37.045659,1354729.35476,9.52227092539,10,
4689,592.225374939,1133.1759,5244724.84202,3.90964323396,1.0,[M+NH4]+
4602,575.801076849,493.089057,1059363.01145,4.94164077837,10,
4603,576.298427754,78.155394,11716326.6808,1.88485806151,10,
4605,576.334702488,1282.61718,5292989.86325,7.19910118027,10,
4606,576.410142252,1471.42146,5006212.75774,6.55230718741,1.0,[M+NH4]+
4612,577.295073691,1296.80688,10414196.7844,6.3218382927,1.0,[M+NH4]+
4614,577.298004039,554.258808,10706939.0199,6.36444651774,10,
4615,578.152275432,139.818426,1844679.27077,9.01847993531,10,
4618,578.303142293,78.155394,499267.15148,4.35301360648,10,
4619,578.841897108,36.1154412,333107.287222,3.53797281958,10,
4621,578.934895562,36.4120284,381774.524088,8.17144295443,10,
4622,579.250330409,63.117264,3081409.02203,4.60016987023,10,
4623,580.225389221,1125.57096,931838.811097,4.3060727249,10,
4625,581.365848724,695.50449,1280866.03266,6.33326820494,10,
4628,582.293019491,1282.44348,480556.392204,3.47518997644,10,
4629,582.5566413,1539.7164,1974150.72901,11.0623050412,10,
4630,582.82789877,36.1822446,218119.512419,10.1433378507,10,
4632,583.174743746,1263.62418,3251801.88306,13.1657525585,10,
4636,583.30236078,1436.26068,3481042.07699,6.27835705048,10,
4640,584.303841783,420.703986,2312426.39575,13.0011378173,10,
4642,584.305755515,1436.26167,898684.88721,7.22830864844,10,
4643,584.340248899,621.852,3998057.56543,10.4852034889,10,
4644,584.340075711,596.286183,2636223.66599,8.46582317151,10,
4645,584.953110023,37.338876,1960259.84293,2.94036044716,10,
4646,585.178545193,67.529142,131724401.828,4.03040040468,10,
4649,585.375788534,1509.53748,3555357.0102,13.513451826,10,
4652,586.19996717,376.78074,4166029.26952,5.47305488109,10,
4654,586.283058973,119.166951,1399644.83701,4.44681125245,10,
4655,586.297837724,635.28564,2010129.79256,2.34556338892,10,
4656,586.319528028,429.077862,3850004.90725,9.58407493474,10,
4658,586.91169799,36.8729478,1056105.80537,7.83854936831,10,
4659,587.113674331,77.193174,217899.401667,11.7589572563,10,
4662,587.279425508,1286.0913,1310758.35609,9.40048277242,1.0,[M+NH4]+
4663,587.285562343,118.893168,335384.678966,1.89207460067,10,
4664,587.322764461,428.872938,1061400.5093,10.0913560317,10,
4665,587.339719207,532.299912,4540235.57199,5.91163480612,10,
4666,587.391187468,1521.11838,7582886.40831,4.47566043231,10,
4667,588.121940419,1127.6868,744155.709736,9.36381579453,10,
4669,588.277602301,641.74626,17362944.2794,4.64612913134,2.0,[M+K]+
4670,588.313858973,883.40484,1131531.90958,3.20608415153,10,
5189,781.40862885,557.06787,3311122.71601,7.47660934966,1.0,[M+NH4]+
4673,589.202377978,1297.16004,2231056.99253,4.55550888227,10,
4675,589.319069776,605.53026,2077412.29742,7.88677270388,10,
4676,589.370714826,866.6583,2242112.82913,5.34550014968,10,
4677,589.38758158,1447.28382,1407246.44451,5.03474463592,10,
4678,589.563578019,1454.61438,105888.638816,10.7228062354,10,
4679,590.241352128,84.223557,205785.462135,6.46512149005,10,
4680,590.533225688,1519.60725,28725264.8963,5.47482764294,10,
4681,590.898384514,37.0679388,1289765.9621,4.16024423959,10,
4682,591.018751687,39.1743075,633534.191747,6.25690136847,10,
4684,591.200905168,1281.76128,1166673.82959,11.8370959708,10,
4687,591.428504272,1481.16822,6352872.78039,1.42250753362,1.0,[M+NH4]+
4692,592.325037417,851.51736,4872222.7821,5.11591926799,10,
4693,592.316835742,837.45,1041398.85325,7.8504141896,10,
4694,592.372358457,1441.43289,2332485.51543,2.48193481432,1.0,[M+NH4]+
4695,592.826491899,851.57661,3168211.00791,8.94442617974,10,
4697,593.003488828,29.8783578,715419.501905,7.93322996056,10,
4698,593.163444438,1461.84636,17673403.742,6.86812397651,10,
4700,593.327601161,851.37174,1158152.64097,3.12328036332,10,
4703,594.127821355,139.818426,2176468.80152,3.78016212703,10,
4707,594.272669216,113.375652,3966601.10569,3.38704089811,10,
4709,594.78881151,34.4073765,137950.617128,7.2163327138,10,
4710,594.820850865,35.429493,149358.559186,5.37992880726,10,
4713,595.174667316,1270.70907,693930.497829,8.61871265466,10,
4714,595.268000738,53.2030008,895805.216984,4.61637932036,10,
4718,596.874246678,34.9436859,134985.249838,7.74944403055,10,
4896,635.136205968,117.821226,1036721.69672,5.80475682838,2.0,[M+Na]+
4721,597.153864035,1049.54376,2169035.4064,5.09849560166,10,
4722,597.263820233,1282.61718,2040823.69157,4.69920968584,10,
4724,597.575702119,1550.15598,2092722.63281,12.695919229,10,
4726,598.18796442,1191.27342,7960227.1668,5.56144675859,10,
4727,598.224611239,1297.10604,6050578.17373,2.05937742601,10,
4730,598.3670645,584.50833,4255831.39372,4.12151097144,10,
4731,598.968738801,37.708776,2497801.27317,5.02589168379,10,
4732,599.089971178,38.9345358,1244812.76063,6.9613373034,10,
4733,599.195233212,368.20872,8200070.25605,7.17917463535,10,
4734,599.227177546,1297.16004,1674371.30872,3.19179668633,10,
4736,599.267159642,409.641396,954408.462626,6.82742335911,10,
4737,599.370348942,585.161394,1309465.29433,3.13802726281,10,
4739,600.221336624,1297.24824,1394062.57058,7.0909114137,10,
4740,600.266222818,682.74516,1755229.12441,4.63862847547,10,
4741,600.311265169,1279.10886,1062462.59069,6.33143124367,10,
4742,600.335204192,353.401998,1247641.72436,4.61678654467,10,
4743,600.92704825,37.3836912,1780131.12085,2.99231567351,10,
4744,601.16900236,39.5383206,795782.055805,2.78404041169,10,
4745,601.506108381,1472.70636,309642.246426,8.61471135507,10,
4747,601.860706106,1177.3521,10611389.1237,9.55245218363,10,
4748,602.063916652,31.53726,257361.714241,14.357263565,10,
4749,602.350619076,538.660746,1581837.58918,5.81758363868,10,
4750,602.765666383,35.4524049,127649.790235,10.9858812622,10,
4752,603.179743807,1296.8229,15602712.3309,3.91008284952,10,
4753,603.371175717,816.48498,4292832.74316,5.48551860722,10,
4755,603.847141883,29.8783578,59711.4728023,9.17478842699,10,
4758,604.272541772,500.643252,1095837.30854,7.38398380665,10,
4759,604.308604218,773.5557,5929332.86224,12.1670006011,10,
4761,604.81683093,35.1063648,136932.710322,13.6566704358,10,
4762,604.913895525,37.6537728,684741.700092,8.1644491832,10,
4763,605.053379474,38.150325,329244.79879,14.7892157268,10,
4764,605.087430661,30.280674,55700.5407607,12.9402555422,10,
4766,605.273075003,1445.31648,1929923.31019,7.35079964576,2.0,[M+Na]+
4767,605.267876528,482.747127,803945.422357,3.32809418547,10,
4769,606.264279741,1193.13636,14457673.0596,5.73344135499,1.0,[M+NH4]+
4770,606.280800813,856.86843,3785489.24566,6.33345816158,10,
4771,606.309532628,336.418332,5847702.05976,4.0265437236,10,
4773,606.782171108,856.35576,2298899.90195,11.1307504979,10,
4774,606.806859084,29.1412398,34969.0233311,14.8545029524,10,
4776,607.174675074,1282.27614,4283697.95978,9.14021443116,10,
4780,607.303842076,48.0154812,139880.014394,7.71558113449,10,
4782,608.088568623,29.9422518,27831.5492888,7.69138998598,10,
4786,608.26731893,502.039962,12140789.9495,2.80431344368,10,
4787,608.280725599,565.062054,2777536.38088,7.48124262336,10,
4789,608.385145678,970.16304,10088020.6606,5.27647892441,1.0,[M+NH4]+
4790,609.264212279,1193.13636,1649891.16719,7.94813503957,10,
4792,609.360338984,724.83618,3021252.56977,4.72006888412,10,
4794,610.110624898,992.19198,16831373.484,5.6540304175,1.0,[M+NH4]+
4795,610.110244705,1137.28503,9013720.33571,10.2923464384,10,
4796,610.330284349,375.320976,1697985.60537,8.73518275156,10,
4797,610.796319918,35.429493,167926.707499,12.9385042787,10,
4798,611.241464058,53.0405043,260501.21227,14.6177096962,10,
4799,611.314360011,137.911668,27265857.052,11.2610031843,1.0,[M+NH4]+
4801,611.929740313,30.6159288,74959.1705132,11.3024247859,10,
4806,612.371347925,889.79406,1654180.49334,13.9384708025,10,
4807,612.794022592,35.6030748,200321.769729,5.83093575239,10,
4808,612.8866221,35.104011,116748.91312,6.58295291727,10,
4809,613.178986593,30.893637,38774.7756527,13.1102084906,10,
4810,613.30118554,1441.50576,882700.425382,0.516855272796,10,
4811,613.340369999,970.22517,1997983.43946,9.62763408797,10,
4812,613.932765757,29.5798062,372764.190377,6.51215286421,10,
4813,614.161895245,1191.19122,4702008.62807,9.04087493193,10,
4815,614.942467541,37.9911549,2118920.00585,7.14846346724,10,
4816,615.309576597,442.012122,4621602.18496,8.14054662537,10,
4818,616.067063605,900.66036,2314647.39762,14.7304922173,10,
4819,616.067250804,933.45762,2209890.47115,6.80137075905,10,
4820,616.329911802,385.004985,3054507.92084,10.3954294041,10,
4821,616.330400028,468.938592,2550347.37201,5.53551169101,10,
4823,617.142323921,39.5408892,405986.62304,14.9851591488,10,
4824,617.20599111,63.41727,790735.897067,6.8640843848,10,
4825,617.333311615,385.195278,803566.058332,11.3907793404,10,
4828,618.296301241,110.353284,4633074.29552,6.31597178033,1.0,[M+NH4]+
4829,618.324395571,874.92948,6456722.26863,10.9024801614,10,
4830,618.345478142,582.595902,6943795.39825,5.69168743159,10,
4831,618.877728586,32.6653935,239744.474969,23.946518948,10,
4834,619.158660552,118.02069,442746.854723,7.19071880792,10,
4835,619.196474359,1282.10601,343072.253625,3.92978066984,10,
4838,620.161826472,117.498984,75105.4298841,7.37058321985,10,
4839,620.269007179,816.75096,694618.042048,12.8480752474,10,
4840,620.280336082,714.80913,968532.789853,7.15284121952,10,
4841,620.324885163,482.054964,9725048.8305,8.37196319504,1.0,[M+NH4]+
4843,621.328118122,482.744166,2516790.63555,5.44136874791,10,
4844,622.781422685,29.1743898,92756.7875663,9.61872790716,10,
4845,623.148543787,1282.10886,4986275.1074,8.23481719943,10,
4846,623.382909954,1070.0193,1826891.27531,10.3823295705,10,
4847,623.382669222,1097.9736,3600365.73352,11.8341943511,10,
4850,624.371289003,598.134384,6452802.4041,5.26045454995,10,
4851,624.371249134,688.9155,3078217.29369,5.08859197283,10,
4852,624.407488714,784.4061,1776817.09398,2.36562061244,10,
4853,625.145755261,1281.97929,1153181.63892,5.02440304341,10,
4854,625.257698832,155.239854,1024428.44113,8.54393641069,10,
4855,625.27842521,57.7591572,1458229.10158,3.62033250917,10,
4857,625.329984337,252.574284,4017162.61806,8.20036808645,10,
4859,626.280698083,57.6972636,297472.217251,13.7997529019,10,
4861,626.350831774,334.908216,3228465.98097,5.20988022549,10,
4862,626.937937231,36.389241,315034.245658,8.8745883974,10,
4863,627.041497263,1029.3228,843717.549624,7.1631095999,10,
4864,627.041722439,1061.51556,436752.046131,10.3962778533,10,
4866,627.328703137,1438.89606,2253355.80241,7.46571927336,10,
4868,628.860993478,35.4260112,137095.109737,6.38016019115,10,
4869,628.895681718,36.389241,420124.726189,9.86059758312,10,
4870,629.09858571,38.4629715,712933.150284,12.9639932684,10,
4871,629.288750361,209.991528,7135642.20104,5.28266760222,10,
4878,631.039848115,933.45762,16859632.3585,2.75380057157,10,
4880,631.05776936,38.0739408,1079703.08104,5.75109725106,10,
4883,631.417593719,1524.41784,7574737.596,4.9960402615,10,
4884,632.299232771,94.689594,2287788.7961,1.3887741997,10,
4886,632.307588237,331.73484,772558.5181,6.80229263166,10,
4888,633.302224767,94.314414,605011.628633,8.42315307102,10,
4890,633.356447321,168.903186,2082533.18928,6.76535590534,10,
4891,634.319435999,630.0219,10903682.0027,9.95047242424,10,
4892,634.452146971,1483.79358,17859614.0482,0.395293793977,10,
4893,634.840992252,36.1154412,331150.382066,10.2000035876,10,
4901,636.294370769,101.499753,1347936.25228,3.73104733273,10,
4902,636.350304547,1028.60241,56668.9394143,10.3739883247,10,
4903,636.39871576,1443.42516,1852657.06063,1.82489443525,1.0,[M+NH4]+
4904,636.800248324,35.750985,137101.451419,14.778535376,10,
4905,636.893246319,35.7955668,150060.947223,3.02821849619,10,
4906,637.000634321,38.023518,362924.783788,11.4212663296,10,
4907,637.293687337,447.039912,2076561.5912,2.50817806032,10,
4909,638.333537716,419.49165,470785.448791,5.29826578712,10,
4910,638.361884013,503.440158,736527.647649,7.78839365609,10,
4911,638.755764637,28.820175,53599.0468338,12.5281964592,10,
4912,639.039158334,1130.7201,1341273.36459,5.05619457797,10,
4914,639.294149408,57.499119,727872.983149,13.6767930909,10,
4916,640.881812892,35.9935356,203618.985747,12.1590957675,10,
4917,641.220319421,1434.75624,2466606.40507,3.32625681112,10,
4918,641.365416693,1473.71628,6235827.57581,7.73158911515,10,
4919,641.38662777,658.53624,1854865.88379,11.8166915622,10,
5172,770.78431333,29.2083912,17646.5069819,12.4504676514,2.0,[M+K]+
4921,642.381951901,846.07524,6475601.3296,6.90524855368,10,
4922,642.911652722,36.7519356,593853.043137,10.5394521372,10,
4923,643.015665514,1060.33914,350467.359961,7.7998724444,10,
4924,643.015883294,1028.32728,629947.28549,6.8323925132,10,
4926,643.710901902,28.4321868,28604.0042209,9.04875551833,10,
4927,644.18657032,63.425139,470327.784438,8.67027094752,10,
5153,759.765519589,28.7547456,20362.536988,13.8514596817,1.0,[M+NH4]+
4930,644.869936555,36.389241,459738.951377,10.3764416824,10,
4931,645.072001354,38.283255,996493.165301,12.8689640417,10,
4932,645.356436168,339.281574,4130461.4943,7.43342069055,10,
4934,647.125560673,1278.33336,731892.028795,3.83802850985,10,
4936,647.312893867,65.184105,906853.249789,9.06899264738,10,
4937,649.088478203,1062.114,310718.026165,10.9569260635,10,
4938,649.121847388,1278.68922,333608.81997,2.60161738639,10,
4939,649.270116691,138.615066,3314200.04873,6.22918027789,10,
4940,649.29905079,1447.28382,2565907.42214,3.69827379489,10,
4941,650.211209239,1455.62124,8006191.52823,9.54295828562,10,
4942,650.499543477,29.5427628,18816.1889785,14.9334413262,10,
4943,650.81510217,36.1154412,174782.145275,10.5416052845,10,
4945,650.981791775,37.3579116,450497.48526,12.8453697411,10,
4947,651.136859448,900.93027,13975703.1671,10.4768948807,10,
4951,652.411246512,1012.21002,5588264.28551,12.8770495387,1.0,[M+NH4]+
4952,652.939871786,37.0233792,536123.566452,14.0353638015,10,
4953,653.434051127,1046.45874,172593.761511,5.8835160603,10,
4955,654.898895329,36.556701,308578.456678,11.6362046197,10,
4956,655.267828539,57.7199199,1140376.72809,9.16030719042,10,
4957,655.381351169,1483.30608,29264757.2453,5.06003608855,10,
4958,655.790586991,29.1412398,21338.127047,9.74954468183,10,
4960,656.397367459,813.16266,3910050.54156,4.95972998897,10,
4962,657.107163113,1262.34678,748058.155995,14.9772741268,10,
4965,659.372101527,367.852236,1939194.99841,8.21432004746,10,
4966,660.375457118,367.852236,585683.592628,5.67737763274,10,
4967,661.045690371,38.283255,581394.217623,13.7915279856,10,
4968,663.290326123,65.565912,1196980.76522,6.08275809778,10,
4970,663.34576895,603.21462,11383521.7737,4.74343454496,10,
4971,664.115886081,75.152739,880254.439912,3.27005359452,10,
4972,664.340967675,572.94894,5254375.50362,11.8313609503,2.0,[M+Na]+
5072,721.506356888,1489.91322,153291543.909,5.09218861994,1.0,[M+NH4]+
4975,664.997899654,37.698939,480282.35025,8.94277028177,10,
4976,665.272673923,1447.6827,2033864.91203,9.35664827078,10,
4977,666.301442894,50.962257,1689319.58535,2.62751135055,10,
4981,668.397337041,789.86082,3839434.15398,5.48229640076,10,
4982,668.913890037,37.0679388,588440.468872,12.7365965984,10,
4983,670.376843318,540.068676,1958950.6912,11.1044659997,10,
4984,671.354988632,1441.14318,1061560.37991,5.97400012115,10,
4985,671.380063731,539.710068,678646.089068,3.40548327318,10,
4989,675.751781409,53.3827056,1778357.68102,4.0700710881,10,
4990,676.16620536,30.2367468,24324.8260606,13.2588837774,10,
4991,677.320791883,118.518633,1077808.87778,10.2652616439,10,
4992,677.347134722,293.614572,282718.183677,0.196003714732,10,
5089,729.377286044,586.83801,1638500.43179,7.70948695012,2.0,[M+Na]+
4997,679.444988012,1296.48516,763564.273964,7.61205797809,10,
4998,679.481618951,1486.42536,5906399.0982,1.24940214067,10,
4999,680.425034336,1445.42286,1212629.6345,3.59966684317,10,
5000,680.447810318,1296.1476,214881.620685,11.8418987385,10,
5001,680.479974438,1489.35486,31419742.3187,4.68982748117,1.0,[M+NH4]+
5002,681.34355257,1135.788,589056.932586,13.1569650748,10,
5004,682.351450408,527.377866,3080883.03189,5.3901944531,10,
5005,682.929584352,37.3836912,794308.720605,11.1028037834,10,
5006,683.285398083,863.37882,1004989.0213,7.05240973308,10,
5007,683.340917031,1136.07708,224212.365211,5.74027817602,10,
5009,683.444759785,690.34848,1481436.09862,6.26866008577,10,
5011,686.852870971,35.7732759,135258.015514,13.8243605081,10,
5012,687.247581715,465.999795,2797949.44826,5.69230365145,10,
5013,688.35082475,587.682834,1023333.33204,2.25083631191,10,
5014,688.402673807,939.41268,3152420.45554,9.75766467595,10,
5015,688.87498263,37.3612836,335335.65132,10.3784237578,10,
5016,689.224381553,30.0613599,18965.0995396,10.3416319281,10,
5017,693.324985725,1449.58392,2860071.78818,2.79081229902,2.0,[M+Na]+
5018,694.319009449,796.16274,3696029.48878,3.65798925412,10,
5019,694.328504655,1449.13332,891118.717163,1.35524397775,10,
5021,695.913220623,30.2587104,141369.195104,7.89185018094,10,
5023,696.367406391,743.46666,629056.818064,8.44498842306,1.0,[M+NH4]+
5024,696.944818131,37.708776,813346.398361,5.53605680771,10,
5027,698.295055305,64.49574,620782.051397,14.9912920659,10,
5028,698.382770493,749.81634,7104464.95922,1.65271701071,10,
5030,698.455620207,841.58406,2962157.84907,13.2860619736,10,
5031,698.903890893,37.5792927,459550.018472,12.6230602838,10,
5034,699.407504677,1486.19328,24187684.238,4.36818143613,10,
5036,700.265027847,63.747882,2294501.35399,5.20791714849,10,
5037,700.272693777,139.886814,332697.497729,12.6379746472,10,
5038,700.325739644,257.705703,1624726.82083,9.68497047441,10,
5039,700.361818249,100.105158,566262.565083,2.78187363205,10,
5040,700.410934282,1485.78186,9793187.97817,3.9541018665,10,
5042,701.336201022,652.67754,2132844.14339,8.63838457261,10,
5045,707.361557138,1445.13093,655767.014946,1.73449568575,10,
5050,710.302034091,1449.9123,670221.036066,6.47501743982,10,
5232,826.884698337,29.5845252,73758.6585815,11.6468039849,1.0,[M+NH4]+
5052,712.857128198,36.1154412,214629.412459,8.61406501024,10,
5053,712.919344189,37.6763559,425537.62698,14.2953819119,10,
5054,712.952565875,29.5845252,229059.381748,10.7378084981,10,
5062,716.845341274,29.5845252,135090.965674,12.2399364437,10,
5063,717.214779678,1430.40408,2142814.6941,9.51144629103,10,
5064,717.366421552,1051.85316,5817226.49872,7.46550692819,10,
5065,717.360054854,373.876134,826044.617977,8.97150272271,10,
5066,717.454101386,1518.83283,4731489.6077,7.04911937705,10,
5067,717.90772892,29.2084308,53935.2130169,11.6881620536,10,
5159,763.198783249,31.53726,116871.986609,4.35710779932,1.0,[M+H]+
5071,720.938566239,29.530068,16122.017841,8.84647325993,10,
5073,721.505958373,1474.06626,51656815.8585,3.2645937479,10,
5074,722.331316144,240.289914,559258.802392,0.718651090027,10,
5076,723.335615432,1445.7153,2402634.39331,4.41584918518,10,
5077,723.510961472,1489.35333,23290928.2796,4.97062658318,10,
5080,724.450751717,1447.16208,601590.549381,6.89859544971,10,
5081,724.914624696,36.8124417,243936.632042,12.1681610567,10,
5083,726.381778357,974.32116,2357549.98997,5.47041199682,10,
5084,726.872917599,36.4430292,271429.7518,9.28401128065,10,
5085,728.296159545,65.950902,2123867.02926,3.90880753052,10,
5086,728.397341271,976.61703,1519706.44541,4.1869086696,10,
5087,728.418665483,672.9369,14007053.8143,10.4415031901,1.0,[M+NH4]+
5088,729.299463305,66.016536,539610.462208,11.92254058,10,
5091,729.395828877,1449.65334,517599.72237,4.44537358911,10,
5094,730.424387302,672.97272,1294361.77951,11.2103990394,10,
5095,730.923095463,29.5427628,88924.0917749,8.79730373382,10,
5096,733.881742208,29.5173732,151465.659311,5.37158287957,10,
5100,737.365361989,1488.92346,541866.099181,3.18612559068,10,
5101,737.774755314,29.2083912,82379.8623519,14.0386884457,10,
5102,738.83743726,29.1743898,45963.8982291,10.545977018,10,
5104,739.434613448,907.17234,4612774.16051,8.69193638151,10,
5105,740.834015009,28.9695588,11620.3976735,11.3823044752,10,
5108,741.939099493,1083.27162,17636193.4989,3.69329763591,1.0,[M+NH4]+
5109,742.438311914,1083.92304,14308197.1458,9.84189733799,1.0,[M+NH4]+
5111,743.236040393,90.247782,643936.910141,3.57394863464,10,
5112,743.384901733,1083.4542,1835717.43094,12.1475050083,10,
5113,743.437344807,1083.78048,3401729.20184,6.38759972467,10,
5114,743.433637052,1488.08046,19884589.2369,6.89107268308,10,
5115,743.914681997,1083.27162,9353281.2807,6.84471111822,1.0,[M+NH4]+
5116,744.388329374,427.37031,2968106.11285,4.90253170884,10,
5117,744.415699542,1083.26022,6420471.39979,10.8323940218,1.0,[M+NH4]+
5118,744.915543189,1083.46764,4803320.86241,9.57838935872,1.0,[M+NH4]+
5119,745.332083964,1083.59676,9455072.66001,3.13902184197,10,
5120,745.383753386,511.571856,418554.732943,1.84070343797,10,
5121,745.39147314,427.731948,1156089.23328,9.46180243635,10,
5122,746.392723083,1083.62406,5258201.744,4.512209261,10,
5125,748.423488737,789.91968,2017463.19511,4.74185837506,10,
5126,748.803293412,233.375142,9350209.40251,6.70709987813,10,
5127,749.304928686,233.375142,6312626.42117,3.19347136623,10,
5128,749.806328871,233.375142,2794237.97358,1.44821203573,10,
5131,750.599823983,1504.04904,967403.393461,13.6289778582,10,
5133,751.902241384,1083.27162,14446731.942,5.65240237548,10,
5135,752.90241591,1083.27162,8286034.29036,6.84815593439,10,
5137,753.424849805,868.22478,1140693.86569,8.33965746125,10,
5138,754.328633693,1451.57346,600847.894859,1.71286604291,10,
5139,754.379220304,1084.24866,8248631.51644,10.1291420386,10,
5140,754.811039787,29.1412398,56017.9414656,6.5512292706,10,
5142,755.379956639,1083.52035,5366118.74772,2.3021496133,10,
5143,755.746223865,28.7978778,15320.3083913,13.8937896117,10,
5144,755.811240846,237.099978,3112061.90621,3.2449751368,10,
5145,756.276363301,54.4833852,9791627.28645,12.286500575,10,
5146,756.312777015,235.689888,2190450.69428,2.28895710215,10,
5147,756.857323473,1083.68862,3805740.12016,14.4600242664,10,
5148,757.279117228,54.48051,2680690.71235,4.47193043558,10,
5149,757.31642478,232.881528,2239571.35792,7.86593849073,10,
5150,758.382816568,848.56266,1871627.73233,2.7951473088,10,
5151,758.403962117,567.781998,956835.579812,3.6817940638,10,
5152,758.703631521,28.817505,32700.0464942,7.94633194425,10,
5154,761.245805038,84.158808,2740938.62188,3.65567627459,10,
5155,762.21506611,31.5838038,244013.597376,11.1197242821,10,
5157,762.37741159,784.04388,2378443.91011,6.42074352257,10,
5166,767.361716451,1447.42239,1559723.9732,2.02395027179,10,
5167,767.779680876,234.992868,1632354.01383,7.14142247702,10,
5168,767.823332335,1084.43685,2754775.94148,6.61239037055,10,
5169,768.349642692,54.9864558,208325.995155,12.3031069894,10,
5170,769.383478927,549.798462,1911582.31476,2.08169642736,10,
5175,771.609650035,1509.86562,506821.876574,8.50908399171,10,
5176,771.891809427,1037.57208,1761293.55875,5.20579752318,10,
5177,772.392579083,1037.76486,2663326.16148,9.79519090985,10,
5178,772.489031979,1490.38674,487861.089466,8.30740892861,10,
5179,775.285004326,1037.79762,2658596.27438,4.21431501984,1.0,[M+NH4]+
5180,775.308592601,1084.30593,3689437.0915,14.975068772,10,
5181,775.739523788,28.817505,14836.7688768,3.721606545,10,
5182,777.437761787,1149.20856,18077961.0164,3.19583412533,10,
5183,777.939310643,1164.20544,31816947.403,12.4705232485,10,
5184,777.939237776,1149.38664,9394503.10332,12.2895025297,10,
5185,778.947159375,37.9686228,250228.309814,10.6165514959,10,
5186,780.415150397,1164.20382,14261651.4501,14.90958196,10,
5188,781.377382454,1453.5582,1494561.9435,3.57429859946,10,
5190,781.855387529,1037.1081,1333857.79122,5.56136076174,10,
5191,782.356611922,1037.0454,928038.180897,3.45295508594,10,
5192,783.335575292,1447.6827,1342679.21267,6.10131019117,10,
5193,784.338544709,1447.55139,436892.599116,7.02380098042,10,
5194,784.332794289,1037.13522,850680.814228,3.41174163737,10,
5195,785.439895327,893.53227,3608686.06735,1.14523351109,10,
5196,787.902290264,1164.20544,24089105.7641,12.2537600433,10,
5197,787.902368208,1148.77842,6343913.02383,8.85929673542,10,
5199,791.380461456,1164.53007,7902846.04083,8.33458924553,10,
5201,792.36123932,48.1105275,973010.348894,4.57465032239,10,
5203,797.487756509,731.10756,563258.768067,1.86331204215,10,
5204,798.354486815,1453.25307,450125.766131,4.46984793107,10,
5205,799.155512202,1041.31035,28669076.3139,11.4195136137,10,
5206,799.368036476,1164.22542,10196871.7305,12.2057760499,10,
5207,799.455520784,759.03672,2477161.91406,5.38315542307,10,
5208,800.389483184,386.43786,9942332.86357,4.85725368394,10,
5212,802.344293151,84.68046,578261.744744,2.21198405445,10,
5215,808.27751814,1166.50332,8869942.07638,1.25550127284,10,
5216,808.387181207,323.811132,823176.295555,7.58824179282,10,
5217,808.831370672,1164.20544,4277993.75395,6.93595934994,10,
5218,811.38803702,1449.3243,808862.426105,1.04941592855,10,
5219,811.397914547,767.9373,13266057.6595,9.60747398067,10,
5222,814.339053103,47.4965598,119097.532854,11.4823825771,10,
5223,814.405086448,392.898228,2916485.11167,5.57913744607,10,
5224,815.356459071,686.49222,2972194.27253,7.58071619664,10,
5225,816.445667365,643.24164,3279406.31659,8.29448722303,10,
5226,817.122850678,31.216119,232152.556267,8.75995289189,10,
5283,939.981692237,29.8783578,62112.9122056,14.5622329025,2.0,[M+Na]+
5230,823.159556395,1034.92428,6632521.92696,1.23303363711,10,
5231,825.43783863,1190.17254,3903224.20187,3.83113396695,10,
5235,829.20670053,1170.77352,9979124.78194,4.49121780987,10,
5238,830.387623678,526.198242,721863.183917,4.01310627966,10,
5239,830.46177357,706.8462,850213.876593,8.87163402916,10,
5240,831.420275808,510.865728,715001.49273,11.0010281144,10,
5242,833.240090391,28.7978778,128732.20458,14.4792115213,10,
5243,833.804622351,846.21444,1316498.98584,3.67448720308,10,
5244,833.834208659,29.8783578,24470.8991546,12.3797727703,10,
5245,837.302770865,52.242249,4860631.71399,3.02313477426,10,
5249,844.355718351,313.5882,5980370.37102,9.88043823306,10,
5251,845.35902278,313.338081,2327660.1977,6.12851315622,10,
5257,852.768631171,29.1412398,37388.2482662,6.38124241023,10,
5259,857.47208933,755.1012,2851407.91295,12.3655155504,10,
5265,876.344792837,89.77761,2048621.63889,0.719440989451,10,
5267,877.300875592,1296.91164,2230415.72456,2.62614844628,10,
5268,877.348047274,89.960334,786476.102232,3.90621159096,10,
5270,878.349234997,90.11145,168011.091701,7.70612017696,10,
5271,883.399014917,1192.7631,1167552.61512,3.14125798998,10,
5272,884.519689516,748.91184,1958398.18314,2.09971666747,10,
5273,887.856447188,80.816208,137519.94359,12.829163724,10,
5274,893.093829319,1218.89556,6189706.70419,7.87411509503,10,
5275,894.277346352,1297.44216,652046.568111,4.16878672003,10,
5277,896.324065097,414.884436,3257930.64416,3.99072250062,10,
5278,910.339455464,453.410106,1707126.20242,4.31687294565,10,
5279,911.067179643,1219.15017,7598772.97911,9.52160858441,10,
5281,929.164924963,1252.41264,19633535.8047,11.6089877372,10,
5284,940.249082494,1451.9028,443991.773437,4.80716544266,10,
5288,963.869511941,29.5173732,92443.6053275,12.3275646734,10,
5290,968.824144318,29.2083912,35377.6296938,10.6088947762,10,
5292,979.843029415,29.5173732,48653.5548961,12.0744531997,10,
5295,982.572275281,1083.59676,5739865.82224,12.0570916604,10,
