peakID,mz,rt,maxMeanIntensity,RSD,bestScore,bestAdduct
135,146.044511571,779.40474,1946550052.69,9.00431150826,1.0,[M-H]-
2,103.002133205,93.826866,22570266.9093,2.90040907636,2.0,[M+Cl]-
482,218.036893054,123.88578,1119383.30641,5.97020066387,1.0,[M-H]-
198,161.9123608,51.3536451,2827139.45213,13.5459930889,1.0,[M-H]-
6,104.033766279,682.48242,154269051.996,3.47207894113,10,
7,104.041868008,242.290983,20257982.8285,12.9070537676,10,
9,108.011032035,590.966133,3454650.72237,3.96494884381,10,
939,275.103223825,166.920933,108290880.936,8.46766315241,2.0,[M+Cl]-
11,108.900485752,146.71944,34382275.9687,13.5639420614,10,
12,108.981454229,41.5211883,2765416.00249,14.5401432298,10,
13,110.023206406,105.662364,81821449.8464,3.81142487169,10,
168,154.060951551,956.60199,192999956.795,1.82378575129,1.0,[M-H]-
15,110.974236659,49.3159119,36162439.0071,11.7259611596,10,
651,243.061581768,105.51369,3367801293.78,2.2348380329,1.0,[M-H]-
17,111.018469311,64.660752,126361239.284,5.21633885264,2.0,[M+Cl]-
18,112.01552042,64.660752,626692.522277,14.1223979388,10,
20,113.022907222,414.912372,32854534.9494,14.1742769619,10,
77,131.044782523,693.73191,183200228.187,10.4873803603,1.0,[M-H]-
264,175.071270371,721.10109,164416837.476,11.9167085623,1.0,[M-H]-
23,114.029422559,133.68177,2887092.22386,1.2161524288,10,
24,114.054593222,508.359099,274304661.382,7.93380206896,2.0,[M+Cl]-
25,115.013431658,67.98609,944657.882417,4.59402928079,10,
26,115.038568494,61.849755,47498783.8406,6.36961961907,10,
28,115.057932639,508.359099,17007499.2395,9.2864013823,1.0,[M-H]-
29,115.074940582,56.0547438,23396713.5493,6.14723909104,10,
386,203.081565768,282.911856,1457433656.22,9.98084003255,1.0,[M-H]-
444,212.05880672,440.165751,22173145.0908,14.4435081395,2.0,[M+Cl]-
1448,347.072577056,103.799019,10488847.173,7.07151877543,2.0,[M+Cl]-
35,117.067283641,440.388879,5043051.81279,4.71896719298,10,
36,118.049502763,609.75885,293898772.816,11.0936940045,10,
37,118.049535265,765.1611,31733444.7152,6.12194121684,10,
38,118.049513652,645.65565,72662182.7699,10.0877145874,2.0,[M-2H]2-
279,180.065399614,432.885249,3134320286.24,6.26500052191,1.0,[M-H]-
42,120.080435189,302.659044,145173.480326,10.8220503264,10,
43,121.028004775,68.418663,604466403.935,7.68141597085,10,
44,122.023302843,181.240167,133421236.251,10.250470641,1.0,[M-H]-
45,122.031351375,68.573853,46322387.9242,7.42542993646,10,
46,122.892679437,48.880863,3175599.75688,9.28307583714,1.0,[M-H]-
47,123.0346684,68.418663,1264224.9375,5.72505685629,10,
48,123.900653863,507.638037,23252226.151,7.62132413964,10,
49,124.005919075,446.041551,193669675.663,14.5134336684,10,
784,256.093591128,567.860865,5229068.68693,5.74969764128,1.0,[M-H]-
51,124.050177219,486.53691,1291118.87434,4.36103133681,10,
52,124.050227328,510.30636,406968.782403,9.57428191081,10,
53,124.989909963,166.609749,14426851.6463,6.11358450151,10,
54,124.989901382,46.2028485,106084860.807,3.22597558449,10,
55,125.041782998,567.394224,23064251.6689,5.39332459014,10,
56,125.070526999,169.175541,7274958.25525,8.43357253103,10,
232,169.990530726,91.606329,3285714.35733,11.6005510468,1.0,[M-H]-
59,126.029501486,143.248581,4621210.68424,12.4347650423,10,
61,126.951401867,43.800372,251260.919662,13.8326303179,10,
62,126.999872927,307.63161,27252752.6347,3.75801759911,10,
63,127.038608177,71.252589,25111791.0843,3.15290752505,10,
131,145.060485471,673.26858,2783059210.24,3.87027028408,1.0,[M-H]-
65,128.008765722,111.960774,2267134.8104,1.7629346857,10,
71,129.054225731,54.8029404,84101774.6826,3.71872606187,10,
248,173.09204373,568.185609,40807342.8223,9.86335251477,1.0,[M-H]-
73,129.101908461,413.165934,16541579.7133,9.72583800744,10,
74,130.049597047,585.168438,52433469.3231,9.99585574995,10,
75,130.085893893,351.878313,1933322543.05,7.76823738118,10,
76,130.085896343,316.310451,5279832014.43,9.49705669198,10,
78,131.044806528,719.64906,52537825.9173,9.47758587282,10,
79,131.044797107,760.13406,28532926.1447,5.31197721728,1.0,[M-H]-
489,219.097961817,570.952347,190145361.71,10.8156539325,1.0,[M-H]-
400,205.082156778,635.27331,256422708.254,8.01402224045,1.0,[M-H]-
1025,285.081333503,77.34978,2063236.69539,2.69303686764,2.0,[M+Cl]-
84,131.081235844,1250.59839,58247805.2296,5.80011898711,10,
250,173.103204204,1156.4055,2512064438.88,3.84559697228,1.0,[M-H]-
87,132.028876556,896.13144,14672292.3828,14.912234449,10,
89,132.06526676,797.54841,3329015.41628,5.23083613524,10,
91,133.049200493,102.533337,54058604.9798,14.5396534384,10,
92,133.990269162,57.3036087,135763888.193,2.3899225973,10,
93,134.026718033,431.790135,6236286.18791,8.21720278085,10,
1485,356.103034332,56.4124338,30451807.197,6.33368038129,1.0,[M+H3CCOOH]-
96,135.028504664,645.80745,12888719.3188,12.2503043684,10,
97,135.028544181,554.773476,115176789.103,14.0696906022,10,
538,227.064232623,673.11183,33918992.7187,12.1410501754,2.0,[M+Cl]-
99,135.029790094,107.386059,40002235.4744,10.2324025181,1.0,[M-H]-
100,135.029764766,167.698569,274516576.761,2.82171042221,10,
102,135.064883438,99.087276,4134512.2745,2.98140159806,10,
465,216.032930638,123.970191,171490267.315,5.86258896858,2.0,[M+Cl]-
105,137.042434798,452.324898,408061.186486,7.75596336862,10,
213,165.076973422,73.773759,15622043.5002,0.940640488038,1.0,[M-H]-
1852,441.209066066,42.5867619,34301095.3628,10.8174652849,2.0,[2M-H]-
583,234.097740142,137.494242,30441566.8461,4.91195018517,1.0,[M-H]-
445,212.055673941,167.380998,1465593.91278,14.0745427834,1.0,[M-H]-
455,214.047768817,760.32243,1040879348.25,0.957832156638,1.0,[M-H]-
111,140.033892146,105.669507,30666384.5352,3.08207223883,10,
374,202.082399124,808.23225,77704113.5521,5.43736316479,1.0,[M-H]-
113,140.974579327,154.535049,42127001.0549,6.04701974796,10,
238,171.022221359,73.452561,596285.109644,9.62506994697,1.0,[M-H]-
115,141.015473876,519.691254,15631263892.6,4.05995513868,1.0,[M-H]-
116,141.065555795,422.552697,14963210.9268,5.66099265927,10,
387,203.102830763,503.661447,278552892.072,10.3312597653,1.0,[M-H]-
122,142.971676865,155.051415,41901225.2074,6.95538769234,10,
125,143.106374122,44.4603723,38879420.9951,7.41368002469,10,
310,187.107681066,482.29707,129537308.398,14.5668398746,1.0,[M-H]-
772,254.967213434,468.790161,654594772.549,7.94759521228,1.0,[M-H]-
263,175.071292801,630.71991,107633293.2,11.5740738276,1.0,[M-H]-
321,189.087075911,569.971542,48069043.2078,11.0410452094,1.0,[M-H]-
130,145.06053644,696.31344,915143295.114,7.10733064485,10,
132,145.085738576,120.159606,14253771.7667,13.5268780088,10,
631,241.08567267,1256.277,17719103.3213,5.61455136995,2.0,[M+Cl]-
134,146.044581949,811.17531,87398758.8298,11.4167046661,10,
136,146.057724698,673.58232,19265888.2235,4.63294874163,2.0,[M+Cl]-
137,146.080950921,435.026334,7248787.18327,3.23995292469,10,
494,220.118356915,718.37985,38459984.4572,5.97620410202,1.0,[M-H]-
142,147.047803964,779.40474,109929160.726,9.23702940347,1.0,[M-H]-
1292,318.099658644,282.106551,13397806.522,7.38748388442,2.0,[M+Cl]-
145,147.084421156,602.51388,124469.607153,12.8489742436,10,
146,148.039178484,482.971176,2182715.15977,12.8368694958,10,
147,148.039130895,510.813756,551599.298272,11.8140617496,2.0,[M+Cl]-
148,148.042455621,380.191575,236211716.903,14.2521003892,10,
545,228.048180472,779.20845,6782557.10342,9.76662555853,2.0,[M+Cl]-
151,149.911680488,51.3536451,1723022.25964,12.277110274,10,
153,150.054715231,44.3246118,203492107.484,3.30477755041,10,
552,229.047811743,145.426512,45773669.2933,1.71598514834,2.0,[M+Cl]-
1013,283.068050351,483.898125,398838773.564,3.32224996999,1.0,[M-H]-
156,151.059924073,235.854456,38162746.5522,3.73021008773,10,
633,241.092410063,259.084116,14640606.0501,4.69845910014,2.0,[M+Cl]-
160,152.985017964,60.746844,1848432.29473,4.47588324139,10,
423,209.065976861,609.84288,4190601.8522,8.6675035369,1.0,[M-H]-
162,152.994589331,760.32243,6965253.87285,3.47340899505,10,
1377,333.05888367,878.37795,1293695697.53,6.16018352233,2.0,[M+Cl]-
164,153.029289763,237.142212,20168060.8048,5.91663838211,10,
166,154.01673053,453.8931,6861120.88269,7.64419379388,10,
1279,316.116223683,811.15047,681233838.512,4.15737680835,1.0,[M-H]-
169,154.060963601,1155.10395,409223172.831,5.55758813711,1.0,[M-H]-
469,216.098303224,750.46203,75795534.1036,8.64125950396,1.0,[M-H]-
171,154.097327282,111.454446,667729.245975,8.93997031917,10,
174,156.011147105,168.002994,601921.483533,4.73895683596,10,
175,156.012544092,453.881238,234966.438615,14.6925032306,10,
176,156.026583704,646.12638,12684691.4989,12.9037652063,10,
178,156.121033639,420.244389,972051.571994,3.89781571767,10,
180,157.035431844,133.68177,60525752.3711,2.62334248543,10,
181,157.09700097,60.746844,1153497.52809,7.58451533843,10,
368,201.123473415,409.842453,335616879.686,11.8520955764,1.0,[M-H]-
369,201.123507363,326.154027,546816951.902,14.0288456393,1.0,[M-H]-
185,158.080937539,172.287093,11159383.9224,6.4489662373,10,
855,262.129451681,578.625045,1821091.47007,7.95303482791,1.0,[M+H3CCOOH]-
188,159.028594517,67.321719,18494514.126,9.62178407431,10,
189,159.076413431,540.720348,1219844.00382,1.01834269027,1.0,[M-H]-
191,159.101422588,89.589726,23384563.4146,4.80448970887,10,
192,160.060343765,819.64362,23545130.3944,13.6495148145,10,
193,160.840670019,168.860553,84042307.6872,14.3414817178,10,
194,160.997409352,240.760353,15386439.7488,9.39943036514,2.0,[M+Cl]-
195,161.055557722,785.26314,39012298.7231,6.84055854596,10,
324,191.066321099,698.41269,121163483.393,13.4076616396,1.0,[M-H]-
197,161.055613343,635.6556,28741742.4067,9.28320872783,10,
199,162.058951637,635.59767,1534348.08055,6.12393290298,10,
352,199.027087562,241.736418,3585282.61192,10.226003548,1.0,[M-H]-
202,163.024910588,67.98609,557293.3949,6.46028765414,10,
523,225.098595231,956.75922,5562363609.52,5.25652414009,1.0,[M-H]-
813,258.964250458,72.080598,1794214.46278,14.3853169122,1.0,[M-H]-
206,164.001130507,80.86716,22312979.979,3.09181766944,10,
207,164.037520767,702.11424,14212152.7856,7.90302014844,10,
209,164.056600192,113.551896,2696139.17692,12.1194753009,10,
211,164.081706346,109.578612,5256455.66174,10.2052265499,10,
1387,336.121403957,55.0797978,2066902.93501,13.999682162,2.0,[M+Cl]-
216,165.930866737,885.7161,257963.088826,8.15817436927,10,
217,166.016738898,71.884023,2392571.03099,4.00286789773,10,
218,166.027940965,413.960439,11614685.6893,7.37160395926,10,
221,167.000766456,46.9284678,13100892.9284,6.92900036594,10,
222,167.85034206,71.918583,6189134.82543,10.5692980639,10,
224,168.032501833,646.53468,797793.801046,11.792736531,10,
225,168.040362205,158.315739,5450616.94447,1.95351187691,10,
226,168.03245167,137.969736,1937776.61442,12.1167744477,10,
1279,316.116223683,811.15047,681233838.512,4.15737680835,1.0,[M+H3CCOOH]-
228,168.076631373,810.95418,45669261.668,10.7879350154,10,
230,169.043657871,158.313318,268213.900634,5.16423597094,10,
786,256.878352222,71.568336,418969.452609,7.18676466022,1.0,[M-H]-
747,252.093167395,85.798377,1572859.86409,5.64347920424,1.0,[M-H]-
295,184.027327264,589.940964,8616973.04175,6.19009134372,2.0,[M+Cl]-
235,170.038215383,96.037161,3138154.17452,14.6973610784,10,
900,269.087400512,425.683911,85991367.6727,12.2881498732,2.0,[M+Cl]-
237,170.832076571,144.264858,18849099.564,4.53836158404,10,
239,171.041852281,97.395204,859283.114498,8.91630098168,10,
240,171.10148395,59.8567638,50451402.5891,7.82545014401,10,
242,172.019819006,85.016508,446755.881971,11.6778189592,10,
243,172.023893134,64.0395,17962063.1939,9.88283265706,10,
244,172.052353317,160.269546,432226.973807,10.2134739162,10,
381,202.11887977,111.166287,12219226.5011,2.4759934538,1.0,[M-H]-
246,172.991543348,118.51359,6519211.58957,3.12523716542,10,
247,173.001367723,169.721676,32373629.1509,12.6664555729,10,
249,173.091915355,413.165934,156821271.625,10.1094052354,10,
1244,309.128378962,493.504443,1543584.44111,3.3662242751,1.0,[M-H]-
252,173.117077664,71.252589,128155570.73,11.6132281166,10,
254,174.03961957,778.10718,14202164.2446,8.86155635447,1.0,[M-H]-
255,174.04933877,160.26681,75605.6719628,2.78266539646,10,
256,174.087331277,724.85619,4478136.27063,8.56607263489,10,
257,174.095319002,413.187789,11147056.2853,10.4867762078,10,
260,175.046157486,649.16631,1118261.94988,9.76829044121,10,
261,175.071298213,605.72958,16161256.6764,14.9640583108,10,
266,176.091700285,430.06608,18737730.5843,6.02105922446,10,
330,194.926424267,885.71016,1094780406.58,7.78383416919,1.0,[M-H]-
268,178.086266072,159.024645,25566891.2655,2.68177618171,10,
270,178.9430854,60.283269,683243.691348,7.35088156089,10,
271,178.961972818,885.7161,10770716.4404,1.56860790564,10,
272,179.054953982,687.2862,55834116.4444,3.11760089727,1.0,[M-H]-
273,179.08964358,159.709359,2731517.87303,9.5431157926,10,
274,179.092672985,71.445837,1781520.70697,2.2708863009,10,
276,180.032671882,494.591646,1944420.58066,6.71200032312,10,
277,180.058356753,414.93165,7859694.05989,6.64993589598,10,
754,252.883645209,71.568336,7407523.6572,9.84728646046,1.0,[M-H]-
946,276.017924188,47.3422869,1211079.35655,4.67099520643,1.0,[M-H]-
282,181.052921485,67.360224,1587854.17817,9.67840209088,10,
284,181.979422083,181.625601,1632771.80782,9.24984848457,10,
285,182.03093636,393.609972,3438209.19989,12.0898168907,10,
286,182.044746418,46.8739755,10370795.2056,10.9563048085,10,
287,182.06414717,83.048256,103810.680349,1.26924330998,10,
688,246.054967341,641.79435,2176340.91917,5.54298532877,2.0,[M+Cl]-
667,244.129876409,562.134213,88489589.4761,9.57548823928,1.0,[M-H]-
292,183.048058559,46.6163466,711752.716593,13.3603904764,10,
1400,338.119817194,88.844868,2627211.54265,14.4496119751,2.0,[M+Cl]-
294,183.998989083,98.460669,780755.967815,3.92433233121,10,
296,184.057943748,519.005202,24004446.6882,8.04019593428,10,
379,202.082397518,776.8437,74327039.812,13.416628686,1.0,[M-H]-
299,184.096818151,112.466472,2309953.66951,13.5222250871,10,
300,184.16957283,61.849755,14970819.3214,14.5443380016,10,
302,185.011411938,67.827981,4477835.28706,1.04672607947,10,
303,185.020967297,451.495515,21624206.0971,5.36668557274,10,
304,185.055739929,144.799878,5597566.24075,11.2851336364,10,
1283,317.020477662,589.962543,263289.038495,9.91306902189,1.0,[M-H]-
917,272.086176538,682.45704,17351403.7454,14.3279738583,1.0,[M-H]-
684,245.983680164,51.944061,3449405.02959,5.2844822881,1.0,[M-H]-
308,187.001773704,145.928559,1038611.96313,5.490002546,10,
1535,367.171502783,418.248786,142843467.324,5.18399420051,2.0,[M+Cl]-
311,187.119052735,1142.81121,17624047.5932,2.71320800879,10,
312,187.132827735,62.904132,26938637.6543,9.77683926659,10,
314,188.066664174,834.12729,24643311.9639,6.96759824516,1.0,[M-H]-
315,188.066705612,645.0177,5782143.52239,13.1017990586,10,
317,188.961570288,879.95226,132015.740123,8.87716014451,10,
318,188.961641146,894.75666,181498.92125,11.9624309829,10,
319,189.033298746,238.703364,27522798.1093,12.9014484174,10,
320,189.070066176,683.13834,1688390.3633,13.1939444226,10,
322,190.964443938,45.4002522,3992007.4162,8.89192143211,10,
323,191.018720463,116.363499,55653275.8985,12.4693885235,10,
325,192.051641765,69.046032,12599418.021,11.3114254107,10,
326,192.086678387,175.433874,5185853.20474,7.42305974676,1.0,[M-H]-
327,193.052915059,43.2437736,18999466.2542,6.97468511273,10,
328,193.122282951,43.62123,5104022.76475,7.22365671786,10,
329,193.909699523,51.366765,1442348.52623,12.5973117189,10,
331,195.053570506,654.76707,216953.129621,7.15139721359,10,
332,195.086440317,97.986117,7187935.04756,6.50264350116,10,
333,195.087838497,741.53208,2884275.25537,1.52254814935,10,
334,195.08772794,759.36612,2725065.83417,2.18455930072,10,
335,195.138045015,41.0354013,13086049.0866,7.62427372776,10,
452,213.915772661,51.3536451,2517233.91689,13.9436210481,1.0,[M-H]-
337,195.930581482,885.54975,2938713.77454,3.40507955259,10,
1371,332.128366177,451.335327,2973621.11722,5.41553543454,1.0,[M-H]-
339,196.058137272,511.348566,47011034.6581,8.34025849874,10,
340,196.089773947,97.930461,406165.312791,11.9484229359,10,
341,196.144658735,484.112574,648862.207564,5.40198480423,10,
342,196.929885717,885.71016,17148323.4621,7.35446038746,1.0,[M-H]-
343,197.041597813,85.163694,1475944.82279,5.38635660199,10,
612,239.030277286,100.826526,3124456.66749,13.6419903247,1.0,[M-H]-
346,197.153528733,39.6603912,41558720.4686,3.17078244776,10,
348,198.05283249,797.65572,688856.304237,3.81707305189,10,
349,198.069700515,55.2820518,2066819.56957,9.86026360675,10,
350,198.073829913,456.454848,9444767.94047,10.0378556335,10,
351,198.918019442,885.71016,1968591.80634,8.25427465413,1.0,[M-H]-
353,199.032741901,510.394146,2939553.40435,5.0516310308,10,
537,227.066619589,72.671766,61296986.7063,3.71784128366,1.0,[M-H]-
355,199.069164759,589.8516,22176445.9858,13.1028044445,10,
356,199.900766756,51.1970214,877530.738188,10.5818088381,10,
357,199.96837766,481.654701,1357200.69559,2.40536764068,10,
358,200.001210334,168.476247,855245.349267,9.51157976049,10,
359,200.001357899,68.887791,2792461.92347,5.91698969364,10,
1333,327.045963132,608.64141,3498043.07754,13.9280055417,2.0,[M+Cl]-
361,200.055402428,105.51369,75430947.0225,3.30277019626,10,
708,247.129514763,81.025911,1567961.86319,3.69092578323,1.0,[M-H]-
364,201.016745286,241.420662,8290728.28845,4.77179567983,10,
365,201.037079098,306.534768,1048971.50933,6.91135072219,10,
366,201.036995969,511.58673,90615.0743264,12.57096943,10,
370,201.134761821,1156.36581,38122245.6604,2.03398545953,10,
371,201.148634367,56.0547438,37634833.2502,7.30349419838,10,
372,202.025184746,1963.8399,2933711.55339,7.89986015172,10,
373,202.025083764,1909.57104,2614914.47362,7.85464201472,10,
836,260.124893469,632.02629,8349063.95321,9.09669184973,1.0,[M-H]-
377,202.08242362,676.8957,25258494.0005,11.9649368338,10,
1149,300.915495714,483.494349,3054266.92857,10.6451850822,1.0,[M-H]-
384,203.048573609,169.01631,64078513.0417,8.32405550637,10,
389,203.122235474,111.772212,780959.319296,2.4706019513,10,
392,204.079241512,283.333626,7994713.47602,13.5611013195,10,
395,204.123338606,840.71586,3731404.72528,6.94797475498,10,
396,204.12323617,56.0547438,658242.609769,13.2199535279,10,
397,204.919529658,885.7833,271003.554817,14.1260728056,10,
399,205.064392678,510.779706,29109020.3736,10.6668780614,10,
403,206.102529717,113.683572,1768836.08325,1.59194062437,10,
648,243.01747985,650.36934,995708021.434,9.06337945568,1.0,[M-H]-
405,207.011046778,41.5211883,19295625.8196,7.0980133406,10,
1447,347.058182911,568.468692,353194.131859,6.03750864596,2.0,[M+Cl]-
407,207.050220404,689.3778,25089099.6295,8.57480057303,10,
408,207.060195605,510.619458,1099908.62402,12.0317816115,10,
588,235.100085577,36.2284224,42182138310.5,1.23863280798,1.0,[M-H]-
410,207.113084523,231.437748,11987412.5701,2.13081319423,10,
411,208.02775147,124.500366,1818280.48988,1.31800693666,10,
414,208.100328994,42.8980083,2588357176.73,3.56558100412,10,
415,208.93381257,645.9744,42113197.506,14.9001987485,10,
416,208.933828208,504.798378,3320732.01002,5.54100598932,10,
417,208.933813901,784.61934,39058105.5413,10.6575928167,10,
418,208.933786638,876.95391,45228015.3375,8.29785671307,10,
419,209.065864834,673.11189,3743504.48732,11.1978162759,10,
421,209.065873425,537.514047,27334606.6449,2.29294656058,10,
422,209.066103985,852.90201,511881.514527,4.03500481308,10,
424,209.065917466,628.7133,4628364.90787,4.51073509507,10,
425,209.065804014,60.396516,2402905.99404,9.9436174432,10,
429,210.062581182,137.175072,632111.40937,10.0420515462,10,
431,210.930913226,663.27675,18478949.9841,12.0849729047,10,
432,210.930952976,590.279265,9809160.59143,12.9051868558,10,
433,210.930801234,876.95391,18233623.1364,7.66946349396,10,
434,210.930997334,505.442928,1263422.27517,5.71897270255,10,
435,211.000380356,432.572193,10891971.6842,14.4883735629,10,
436,211.000652935,498.594483,756405.111585,3.4690987501,10,
438,211.071653159,138.921042,5013400.01669,1.89627260502,1.0,[M-H]-
441,211.099506418,43.2097638,8714900.03008,12.5621030184,10,
442,211.119318105,228.552975,1450739.11113,6.04103794058,10,
1031,286.106048618,906.75198,3406546.35799,3.71156272143,1.0,[M-H]-
447,212.099958457,60.283269,3674306.05144,14.0032774059,10,
448,213.006674244,440.547003,21449537.5411,2.43074029343,10,
449,213.045439772,630.55692,110335.384835,5.70694485097,10,
450,213.054994462,32.068464,184731.577827,5.27875541122,10,
451,213.098572029,509.34405,112869.086922,3.92820754506,10,
453,214.010164475,440.631816,901905.312517,10.8764759941,10,
456,214.047957227,458.018709,20657017.8671,9.10116742453,10,
457,214.119116503,85.622913,4807653.31801,1.82052612755,1.0,[M-H]-
458,214.831965766,976.33542,5450976.05415,8.97396717991,10,
459,214.832006068,1110.69408,1359586.13541,6.92352527292,10,
460,214.879133971,48.8978589,7707221.70525,12.2931015876,1.0,[M-H]-
461,215.03206548,502.334304,2582051.38085,3.85464291219,10,
462,215.043242409,590.008635,1706212.64474,14.1619594021,2.0,[M+Cl]-
464,215.114324585,756.10758,416827.438895,7.09842191668,10,
466,216.055435867,165.362076,613568.709882,13.7964140892,10,
467,216.070119657,541.03947,186921.06147,3.23401445166,10,
694,246.10905539,700.1664,15361118.5482,10.8463295234,1.0,[M-H]-
470,216.098531825,577.66236,434361.086447,14.6978151163,10,
471,216.134672909,1171.93521,45845164.2136,6.54256908051,2.0,[M+Cl]-
472,216.134680396,86.868042,1118104.33952,7.10224796505,10,
474,217.016553516,39.4168839,7130139.3496,13.3663549207,10,
1801,429.103798864,760.32243,17494144.7452,11.5861439733,1.0,[M-H]-
477,217.118523575,60.433284,3696894.84565,3.5260734493,10,
478,217.118736542,1000.71303,9830960.58146,7.58382203163,10,
764,254.070662636,95.610819,1823694.60233,6.51363944779,1.0,[M-H]-
483,218.07752804,747.2025,49129603.8603,9.03472364865,10,
485,218.139073515,578.950233,696700.608205,8.65884558176,10,
487,219.044811701,397.790232,2234912.97126,8.83786707972,10,
740,251.103271462,457.416342,7921397.96228,4.92505922908,2.0,[M-H+HCOONa]-
492,220.096617753,47.8006092,1107791.69076,12.7451269423,10,
493,220.101152659,457.442946,336902.890722,8.75292506334,10,
495,220.766047871,71.884023,12236709.5711,5.41315601263,2.0,[M-H+KCl]-
496,221.048064837,41.1098796,3320933.622,12.678041649,10,
497,221.059428681,699.19554,738644.453015,12.214100495,10,
499,221.103795548,41.7300018,6232397.09508,13.3838092886,10,
501,221.139960361,67.514742,1915602.96761,5.19756478566,10,
1116,295.12140517,40.9010064,127670275.839,6.87590754283,1.0,[M-H]-
504,222.133809495,414.988602,309949235.292,7.58405444741,10,
301,184.821800811,71.568336,4127318.91051,1.70207592649,1.0,[M-H]-
506,222.873496916,51.0403992,5076523.79247,9.1114625826,10,
507,223.019136216,519.853152,3316295842.43,3.73314941405,1.0,[M-H]-
509,223.085353836,81.025911,1153296.45465,10.851535912,10,
510,223.081787742,62.674134,3113893.46938,3.87120944981,10,
511,223.100067725,37.1583573,59705737081.6,1.95348003924,10,
512,223.107926993,117.712662,1276039.20816,3.70441936127,10,
516,224.120637881,42.4313256,16928780.8596,6.74123192091,10,
518,224.87037929,51.2103837,4676812.69074,8.0972677281,10,
1242,309.100974583,56.7246801,100173112.573,2.96625699281,1.0,[M-H]-
522,225.08183949,81.186024,312274.818483,13.4698929632,10,
524,225.11502785,42.1415052,15149323.7666,6.13534073924,10,
1028,285.181544505,47.331051,82909650.0574,2.61559705993,1.0,[M+H3CCOOH]-
1002,281.247937734,40.4151483,241863665.022,3.05439155873,1.0,[M-H]-
527,226.011554764,468.291015,6307748.77203,5.19784695375,10,
1424,342.110022608,511.18863,856528.368428,11.2942044611,2.0,[M+Cl]-
530,226.074519865,315.116712,51029044.7134,5.10289360223,10,
531,226.099085851,37.0237794,245669230.59,1.50634609411,2.0,[M+Cl]-
533,226.760180422,71.884023,4982278.07227,4.35718837923,1.0,[M-H]-
534,226.869009808,51.1970214,2197492.66449,11.592718993,10,
535,227.012148729,107.027412,6386729.41484,13.0212760954,10,
539,227.064310933,688.64166,9408041.44507,12.4291370572,10,
540,227.064262032,710.29518,2571273.17588,13.5504123924,10,
634,241.112378559,537.465609,1378397.72354,7.84602609905,1.0,[M-H]-
543,227.969239777,73.137807,637161.925502,13.8945572337,10,
544,228.044182767,373.716486,2026161.47259,12.5883125438,10,
546,228.044091591,479.267742,263541.230256,3.47144745789,10,
548,228.063642364,744.75303,2453309.07411,3.81460329956,10,
549,228.0631509,677.69034,2882884.36203,13.2296102355,10,
551,228.084601892,455.216667,504316.584187,10.9620196765,10,
1061,289.151504228,228.407064,20540541.3977,4.21403393651,1.0,[M-H]-
555,230.060820898,174.474945,15725168.1491,3.65172690115,10,
556,230.075327935,1256.37984,2906286.90134,7.83503940068,10,
557,230.114017543,500.559459,45809226.9021,7.30389206482,10,
558,230.114100563,585.182076,74516557.8646,7.18741929912,10,
1194,304.187685009,1453.85328,5271046.53548,7.35706316941,1.0,[M-H]-
562,232.028035407,196.748193,22271906.3792,6.02532177939,10,
563,232.09330487,672.02889,23398463.2257,13.2896481283,10,
1021,284.098400866,686.61981,17494145.8477,8.1018013599,2.0,[M+Cl]-
1219,306.130383634,645.9744,30785276.3214,11.1532383271,1.0,[M-H]-
951,276.119771776,720.45549,20397944.7009,14.7405679606,1.0,[M-H]-
568,232.093366633,768.05745,66934780.9425,8.38292227366,10,
569,232.11831902,501.058209,435872.222952,14.109437293,10,
570,232.12983438,1030.11636,30871336.2796,10.5573752075,10,
571,232.974291378,28.4018949,40141574.8194,8.9826889215,1.0,[M-H]-
573,233.077334325,878.22009,9643525.63687,10.898440427,10,
574,233.077313876,235.222575,8472844.42747,2.2701800218,1.0,[M-H]-
578,233.113693311,540.530406,52068526.3801,3.87428120752,10,
579,234.023602792,93.866322,1014199.4182,8.32450535075,10,
581,234.079831946,509.256126,857899.76611,13.6694959959,10,
582,234.079955632,59.0226624,7317855.59219,3.73722844753,10,
585,235.063976596,40.5908259,101265212.216,3.03229193056,10,
587,235.108201879,309.448443,96739439.0939,13.5606894992,10,
876,265.180450091,43.5221358,36808986.7803,5.87960551377,1.0,[M-H]-
591,235.952984347,875.68053,11695088.582,13.2740088334,10,
592,235.953019625,784.43907,12243195.0621,6.18509981406,10,
593,235.95315985,590.030214,6081552.05339,3.64814022822,10,
594,235.953038149,504.951048,590532.04636,11.2239789885,10,
595,235.953044266,810.91437,12671569.3174,5.83002696801,10,
596,236.076972246,671.70042,100963010.008,11.0195755182,10,
603,237.087551598,542.445639,8270497.68802,3.6079514063,10,
1074,291.126513068,39.5176842,8679439.84904,9.24162698612,1.0,[M-H]-
608,238.048245659,489.48789,717063.499774,6.07698299099,10,
609,238.067349938,631.04394,416746.612244,12.3127989747,10,
610,238.099224409,36.2283648,193956861.035,1.18453235441,10,
614,239.089104864,696.47919,790190.597991,9.76738958224,10,
616,239.16455459,44.147568,8430103.95332,9.42405486539,10,
762,253.888355551,51.5235792,3588477.30862,3.52366823164,2.0,[M+Cl]-
619,239.991465142,181.625928,340948.811625,6.06862528404,10,
620,240.045314846,489.401844,184886.233199,13.6350123492,10,
621,240.045936277,43.488,25389918.6291,5.40576093001,10,
624,240.093024502,112.466472,1090673.7552,12.4424106724,10,
625,240.901422697,51.0403992,62554724.5227,11.6444644959,10,
626,241.011475485,560.665776,18353953.4848,0.898789960978,10,
1266,313.076335456,167.069856,2326866.22932,12.5628680415,1.0,[M-H]-
791,257.061322853,36.8687871,1042122577.82,1.99042945677,1.0,[M-H]-
630,241.037952428,284.7669,6097365.59541,11.7021605423,10,
632,241.082286587,62.940708,62301095.4706,3.50352365189,1.0,[M-H]-
635,241.143865073,39.6603912,38542917.0372,5.34795125395,10,
637,241.898306685,51.3536451,122447465.686,10.0957166521,10,
639,242.03345379,38.5206438,20007407.7902,8.9022819244,10,
640,242.07786234,592.587711,6397410.22957,13.4094051595,10,
643,242.079617502,114.028572,1757694.78757,8.33551070827,10,
645,242.150526966,1156.15134,8209547.85209,8.17032109979,10,
646,242.175582674,60.433284,99630927.871,14.8359501347,10,
647,242.898857433,51.3536451,1877192.89214,13.0652001072,10,
649,243.026974518,38.2437942,100189136.274,4.71722095271,2.0,[M+Cl]-
652,243.061709835,237.048501,196461039.041,4.17173346419,10,
653,243.07299497,752.74143,1928816.95305,6.3691373646,10,
1468,351.132101348,279.473757,57357690.6875,14.3747274569,2.0,[M+Cl]-
658,244.059034284,105.651129,21137849.8026,3.91354411396,10,
659,244.058801861,456.145461,407463.916074,4.47000884481,10,
660,244.058633872,43.2097638,5757119.9834,4.81427633586,10,
661,244.065013075,236.998686,19100361.1022,6.46584122916,10,
662,244.057075646,83.46066,359524.28858,11.2365418402,10,
663,244.075657987,393.829731,9796218.09838,13.0308870339,10,
664,244.07657171,114.306516,373684.899243,9.43856111037,10,
666,244.100666359,41.5005852,19052451.5759,9.06559161185,10,
1764,416.160703312,543.890757,767687.251651,7.21284072733,2.0,[M+Cl]-
669,244.129799861,501.628368,71321755.9157,8.67638504599,10,
670,244.166279555,900.14802,23643309.4473,7.32715948504,10,
1283,317.020477662,589.962543,263289.038495,9.91306902189,2.0,[M+Cl]-
673,245.042296498,38.1090939,31843010.2256,3.66475874058,10,
674,245.065718663,105.662364,39412174.7733,2.88897979552,1.0,[M-H]-
675,245.05976038,81.805563,9319080.82938,13.419217774,10,
677,245.088713891,746.74308,16868201.9858,6.77606289489,10,
678,245.113831071,718.0125,13090442.5312,12.0727954547,1.0,[M-H]-
680,245.133019439,421.790526,9858440.93051,7.01156675765,10,
683,245.894147006,51.1970214,76404372.7443,7.93124358933,10,
685,246.007165999,45.7135563,86770883.8801,13.9539603557,2.0,[M+Cl]-
690,246.074187378,278.691135,27428132.9461,11.1212036385,10,
691,246.080785279,117.712662,6858441.4393,6.39752226251,10,
692,246.116078249,41.0892147,14401431.0818,5.97409589736,10,
1066,290.135490538,663.57576,4648103.57057,3.52884180345,1.0,[M-H]-
695,246.145510979,971.28021,7687133.43955,3.89439669795,10,
696,246.145519419,1077.14802,5330854.60109,9.7097994912,10,
1214,306.087452242,416.024736,6245147.17251,3.88792993886,1.0,[M-H]-
701,247.063711418,39.8615814,7193590.12208,10.6570689485,10,
702,247.058433298,507.314799,420017.396455,13.587941506,10,
703,247.093174331,833.8017,10743145.1643,14.1176710547,10,
705,247.093125886,486.895404,1872843.26344,3.11302921145,2.0,[M+Cl]-
706,247.111547504,171.663975,56251075.2779,13.3634465152,1.0,[M-H]-
712,248.023154703,188.606247,2042783.48799,4.1125619167,10,
713,248.011566563,45.7131861,749200.593998,14.7489235436,10,
715,248.079437771,62.000832,178826389.853,10.18502901,1.0,[M-H]-
716,248.095610535,55.5947379,35281647.4664,3.52907117473,10,
717,248.11338116,108.785283,29072887.2814,1.87969819028,10,
1557,373.0621863,44.7735579,22032549.6676,6.27697534181,1.0,[M-H]-
720,249.048756668,277.835436,3422115.40548,5.85988865813,10,
721,249.062407796,74.088576,6169415.8032,9.42643550909,10,
723,249.091779706,834.37758,464699.942731,7.8947254677,10,
724,249.091047256,335.374842,23989724.4504,13.5828541967,2.0,[M+Cl]-
725,249.082729568,62.037666,5089836.22588,7.1384270105,10,
726,249.097568416,495.302883,8195749.4261,3.14188927441,10,
729,249.185294585,41.2110678,1015299809.23,3.38958989546,10,
2148,508.2028786,40.7252136,24173803.3126,9.59736528386,1.0,[M-H]-
736,251.078101755,116.093565,151336603.415,11.0272517162,10,
1450,347.091137307,352.587372,730038.694444,13.9355487824,2.0,[M+Cl]-
741,251.131466365,35.6084283,8277727810.96,0.985718808942,10,
744,251.889547676,51.5235792,5146904.3573,4.05989879047,10,
746,252.090584956,509.094627,1497670.19071,9.25267348397,10,
750,252.11181504,86.951508,631828.917846,10.0334141146,10,
753,252.89060161,51.5592066,618351.050817,9.02706757667,10,
755,252.914315871,892.90635,338371009.744,11.5113261903,10,
756,252.94134156,148.809519,3701337.73404,5.33475077556,10,
757,253.083059074,116.180994,837112.482719,11.9643128445,10,
893,268.130154884,39.3501489,53427855.7636,1.67920322932,1.0,[M-H]-
1258,311.222332138,43.5887508,46276080.5536,8.18113651552,1.0,[M-H]-
765,254.094235356,40.071897,7606089.53184,10.6507873496,10,
767,254.130885714,35.4534309,36186642.8054,8.075518884,2.0,[M+Cl]-
774,255.132285623,455.377791,3225914.69964,8.04157592888,10,
775,255.880940001,71.765856,610981.426992,4.79959501457,10,
777,255.926766724,51.6670281,1235306.2991,14.6217791995,10,
779,256.058809584,350.232606,202838061.466,6.35561617622,10,
780,256.05875135,280.765404,812411014.391,2.58419389269,10,
781,256.067083601,507.8001,811180.875852,7.04086434006,10,
783,256.093514018,110.524473,10665113.5415,7.42253907647,10,
785,256.129933153,796.09059,6268753.53858,5.05113329991,10,
789,257.033267196,537.436533,487535.323812,10.5102833937,10,
793,257.075038215,721.6062,1428559.60039,13.7861036458,10,
794,257.088863139,132.885054,1624237.17512,2.80152896053,10,
795,257.096626759,110.849037,834182.345939,7.35252073863,10,
799,258.043594524,41.1904029,163428376.989,2.09551515613,10,
800,258.05381751,159.947658,1717844.13511,2.29072451685,10,
801,258.055041958,115.513104,4720699.03121,1.78041252687,10,
1541,368.161000699,282.106551,21442091.9505,13.3980416304,1.0,[M-H]-
805,258.070371382,693.06468,4443830.71107,11.1677193917,10,
1274,315.140747116,440.466978,1415083.17133,11.5019839101,1.0,[M-H]-
807,258.109143728,499.251099,737197.198797,7.91339517699,10,
808,258.116210304,40.9010064,2275031437.21,2.1427540115,10,
809,258.145476017,452.324898,84383311.5955,13.03796508,10,
1804,429.174638193,482.829708,420114.458054,12.5511357427,2.0,[M+Cl]-
811,258.18194394,799.26243,26814912.1203,4.50030588318,10,
812,258.181965641,834.52788,3160196.36684,5.51018123095,10,
814,258.963527192,469.773792,3218736.5967,1.57045392499,10,
815,259.012499771,424.93554,19772967.418,2.44571753119,10,
818,259.067568995,107.496033,665605.198984,3.21343309849,10,
820,259.075779409,169.095516,1105215.65629,0.731486324125,10,
821,259.096302674,166.997229,37065832.4178,3.40632955879,10,
823,259.093256546,91.489344,5357138.82751,4.56504877018,1.0,[M-H]-
824,259.104606941,304.927884,121260.53425,13.2993348655,10,
826,259.140893879,985.26255,13820166.2126,5.69946553003,10,
828,259.129543592,661.99317,9055513.98625,10.1104270058,10,
829,259.129587676,640.49079,20120042.9757,9.76605599968,10,
834,260.103541476,419.208726,5596277.28779,6.8269282452,10,
835,260.124873862,545.180559,9144229.62034,5.5230028585,10,
837,260.124948807,577.649061,18007983.352,8.22856261042,10,
838,260.136212274,937.09749,5611853.33454,4.34562302847,10,
840,261.026383808,47.372817,1807847.1064,1.99079707912,10,
843,261.10700988,324.566601,7826937.11699,14.2318431144,10,
846,262.059728869,150.534471,19848898.1381,5.56961803698,10,
847,262.069248571,432.183993,39704242.956,14.1854664032,10,
848,262.086386558,502.361391,7712045.79109,6.09028297979,10,
849,262.086424045,454.55712,9467934.88039,10.1705337015,10,
850,262.104018604,782.15364,63909562.3803,11.3030929628,10,
1302,319.162039265,654.60651,407020.836561,13.1302913018,1.0,[M-H]-
852,262.104083111,681.1899,13302404.9445,7.93273318797,10,
853,262.095188667,59.4558966,2794102.96987,4.85860564085,10,
854,262.104067665,704.38938,24132000.474,3.77670917869,10,
856,262.129658009,685.6641,321804.404089,8.0997966821,10,
857,262.147578825,40.4689011,11984045.7452,10.5647041356,10,
858,262.727803545,72.041394,1175204.76387,14.3575490886,10,
863,263.107419227,782.09523,5737534.39601,4.89919217393,1.0,[M-H]-
862,263.106826184,558.218928,1185275.22967,9.37224416451,10,
864,264.036280282,181.486146,1251919.88719,12.7125144642,10,
865,264.047144605,73.1442,1720000.11135,2.9373655588,2.0,[M+Cl]-
1107,294.155556394,591.222891,5142531.27531,1.71286927696,1.0,[M-H]-
868,264.97691131,882.06075,330034.128761,7.86204358713,10,
869,265.040744277,72.986763,6620625.49433,2.74568587679,2.0,[M+Cl]-
874,265.132211949,170.110035,102265739.982,9.22680671359,2.0,[M+Cl]-
875,265.155328855,483.541566,2113386.02614,2.59076267592,10,
1328,326.110173338,99.250041,60486873.972,2.88338106345,1.0,[M+H3CCOOH]-
878,266.091197333,653.367,817159.099261,13.9177221934,10,
880,267.045786688,36.7597833,112044052.664,3.42277479165,10,
881,267.0731373,375.814038,189810250.834,11.7456840424,10,
884,267.10952177,607.68063,32761676.041,5.60749991677,10,
886,267.126599711,39.1742811,509243700.486,3.50370296057,2.0,[M+Cl]-
887,267.145955655,673.42551,11996301.4388,14.380294604,10,
888,267.145987966,645.36966,19313534.3161,5.50016809498,10,
891,268.077524187,41.6556459,37771994.2508,4.75935090026,10,
892,268.112900964,607.84125,3746831.32196,4.25080865368,10,
894,268.199382428,43.800372,4338057.42432,1.79118292118,10,
1037,287.053238278,39.8155158,14953024.9096,9.1852925878,1.0,[M-H]-
898,269.061406598,36.8484258,1817004990.8,2.21620252462,10,
901,269.098773691,113.869392,506065.297355,8.62974135693,10,
1451,347.135862655,481.975578,1016003.95864,4.33706384505,2.0,[M+Cl]-
903,269.105951661,42.5867619,108115087.724,6.67342185378,10,
904,269.122347048,39.3501489,16633339.5016,9.19139905095,10,
907,270.074801563,140.091594,14020773.6749,0.934884591906,10,
909,271.051444273,235.221027,9411980.80123,9.96088491422,10,
911,271.078121541,139.198638,1245042.0776,1.31308859577,10,
913,271.165570281,170.885106,17992985.6404,13.2230678447,10,
914,271.227482655,43.5221358,16102467.1622,7.04585309175,10,
916,272.080637411,35.9386056,40948812.5472,2.10137587517,10,
918,272.109577509,456.21675,138222.753889,7.34369694356,10,
919,272.161198114,415.23099,23628026.8658,6.02384096504,10,
920,272.172652824,822.41298,4709024.53471,5.07998096718,10,
921,273.037958816,791.73441,9807336.03808,3.60187799936,10,
923,273.072781696,97.312038,403670.796291,9.19372148875,10,
925,273.120213432,751.75224,37690636.1731,5.97748599115,10,
926,273.145421544,694.03104,1208832.16545,5.33729282068,10,
1797,428.176851848,1078.08921,9518236.78105,8.45769649967,1.0,[M+H3CCOOH]-
928,273.156631651,1164.6717,26959499.7512,10.2756406954,10,
930,274.03862583,40.2807618,141710176.609,3.57237771653,10,
932,274.104156853,878.22009,114591795.715,7.19740395521,1.0,[M-H]-
933,274.111476908,51.0403992,84989165.4567,10.424875687,10,
934,274.140714976,1106.10081,20007073.9705,4.21243003883,10,
1539,368.145902841,492.035142,1106953.45686,4.86584328842,2.0,[M+Cl]-
938,275.042385173,791.83014,97051.5351821,14.8041118967,10,
940,275.099889271,732.36528,3555868.07771,9.33083066202,10,
942,275.122643251,340.516332,1528238.3599,10.4905257858,10,
943,275.139539082,561.58035,56192.2664491,11.8654312017,10,
945,275.201018686,41.6556459,24538521.4696,7.72456226859,10,
1484,356.027144378,433.77084,5334130.71769,6.27457909527,2.0,[M+Cl]-
949,276.109929391,632.72502,4508413.66407,5.89023860886,10,
952,276.126947468,42.5867619,44876300.9388,9.5993977503,10,
1877,447.1665144,622.69941,1088760.07893,3.91466761952,2.0,[M+Cl]-
954,276.138480056,765.15648,1546491.8505,3.91434990802,10,
1111,295.030332453,91.172844,3671910.14401,14.7403083849,1.0,[M-H]-
957,277.073139505,415.227726,9227120.20035,7.34878709864,10,
958,277.091436048,39.2281581,60864563.6056,4.53531141544,10,
959,277.094245596,91.301757,2858296.19819,4.88486236621,10,
1335,327.09630832,383.870784,1085810.77853,7.74911809991,2.0,[M+Cl]-
963,277.115656259,85.174572,1714083.48318,6.18043207478,10,
965,277.119048931,407.845197,6693945.35386,14.604662536,10,
966,277.123228436,651.67818,5617517.90875,11.0467528905,10,
967,277.21659619,40.7252136,1269000466.44,3.36924523929,10,
968,278.000131549,682.16349,33445141.3135,11.1543343902,10,
969,278.054510472,229.779159,106015735.045,2.0845709175,10,
972,278.098986804,757.25937,11829008.3251,5.53161560445,10,
975,278.965470995,91.608828,1047316.56702,14.5169093505,10,
977,279.056263049,62.789133,4647631.12394,2.77829721584,10,
980,279.109590943,613.81485,2641270.77652,2.46886446901,10,
981,279.108358025,588.434562,1705773.03843,13.483211203,10,
982,279.11937298,457.474902,6716358.66634,10.4351221398,10,
985,280.031084702,97.827987,565519.074295,13.9488783174,10,
986,280.048672583,169.32768,3854394.71752,12.7236979187,10,
988,280.059705506,62.674134,241947.326281,13.0521897654,10,
989,280.085235227,509.341269,203303.417977,6.99522654768,10,
990,280.109919616,39.6934068,6416406.04454,9.23288361402,10,
995,281.022040607,68.26005,3829031.22477,10.9585197119,10,
997,281.052548253,615.89418,1898513.55128,4.25297964124,10,
1207,305.098736444,117.838371,13810050.959,4.77225386524,1.0,[M+H3CCOOH]-
1000,281.0887848,86.58987,25170879.2279,11.7205919397,10,
1001,281.107460073,511.689954,6416758.37327,5.1975003142,10,
1124,296.085232951,31.7158275,845863.693943,8.80552138204,1.0,[M-H]-
1006,282.083929818,285.055827,19584704.7272,9.09009059614,10,
1008,282.897894784,885.7833,153324.853861,2.86875147898,10,
1009,283.040601247,39.6603912,20226731.8914,6.34121040038,10,
1011,283.077919365,350.232606,44064914.999,3.5079342129,10,
1012,283.077826282,280.099065,275367874.128,7.01618943357,10,
1016,283.121684368,42.4519986,7308303.35155,9.35298087324,10,
1018,283.9894547,779.10792,400816.96304,10.4684747451,10,
1022,284.11354571,32.7348192,4302526.16244,10.6601356112,10,
1023,284.13618319,722.90289,2312904.87332,4.09995631776,10,
1026,285.085411977,481.333137,21616715.6513,4.90514385565,10,
1027,285.092687546,35.3186034,543629834.672,1.94243427449,10,
1029,286.08873293,481.171827,2168418.69912,4.63496821278,10,
1032,286.140560441,682.96095,20066840.0291,14.8893159005,10,
1033,286.176832807,352.587372,21903066.4649,9.96141851303,10,
1034,286.188134622,675.46989,7246179.35274,3.21344293385,10,
1036,286.999686618,93.203424,270743.8555,9.76260974888,10,
1038,287.058933021,68.141298,1060712.29503,6.66938212395,10,
1039,287.070478379,148.617669,3345571.14728,7.27173419183,10,
1040,287.068046822,512.320947,7120769.47133,10.542866001,10,
1043,287.135817714,671.54304,13713729.1227,8.72462992211,10,
1044,287.135916453,559.688034,18205244.7611,6.59645874744,10,
1045,287.147203241,904.17618,12215450.6181,5.38026676607,10,
1046,288.021115301,508.036476,2241967.03411,4.63331388157,10,
1048,288.139303309,617.27943,385638.80004,12.3251185119,10,
1049,288.139406683,559.757706,1974882.17359,10.2279316014,10,
1050,288.156090473,53.2348263,107241633.203,13.0766921162,10,
1051,288.156036395,419.208726,33355904.4673,4.68880188381,10,
1052,288.985630166,282.214662,18855923.5406,2.37183335696,10,
1053,289.005003839,92.641596,674610.389683,9.58640008624,10,
1054,289.020628669,508.036476,151849.319616,7.0912531735,10,
1267,313.104007197,559.148097,46409531.8052,1.61264530172,1.0,[M+H3CCOOH]-
1056,289.063724188,511.889925,218142.281399,11.5080757416,10,
1057,289.059226634,458.420718,279791.679468,4.88460894947,10,
1059,289.115205586,825.41268,30647481.3507,10.821086669,10,
1060,289.141166574,559.757706,137550.901167,9.74330140247,10,
1062,289.147584081,34.002159,4261264.66851,8.34243552763,10,
1064,290.114290998,347.342343,28919620.3516,8.40264209815,10,
1065,290.114354397,330.594624,19883144.4488,13.2651748807,10,
1067,290.142628811,41.6556459,168160142.095,5.93886246401,10,
1742,411.126688672,559.199229,1640161.31944,5.48868775022,2.0,[M+Cl]-
1070,291.056935261,263.074746,25937792.5293,1.54480433115,10,
1071,291.0693162,535.96176,3255144.37572,11.8240655073,10,
1072,291.09028078,40.7252136,103899526.459,3.51198626347,10,
1073,291.110761743,169.102476,902054.736149,13.3426217713,10,
1077,291.159616011,42.1415052,21640128.365,6.76507413699,10,
1078,292.01600952,765.1611,7885956.64633,12.1038339865,10,
1080,292.103521451,488.258781,41130088.933,6.13733815779,10,
1081,292.097099612,506.334669,1851040.85507,10.306502563,10,
1082,292.097097597,591.591516,912776.791989,11.3938009819,10,
1635,387.163102039,707.5089,2993631.26841,4.63560178448,1.0,[M-H]-
1085,292.143092472,84.846066,745774.856526,3.94538274385,10,
1086,292.166437168,609.43935,5493091.96749,6.85080607164,10,
1087,292.199986108,42.3094086,4089194.43983,13.8985929957,10,
1285,317.098745852,85.481196,5713029.44155,8.89960983048,1.0,[M+H3CCOOH]-
1089,293.065611312,132.809703,2814862.35584,11.6470312904,10,
1091,293.102537735,52.6291149,1207372.37716,10.7809175178,10,
1092,293.114093372,611.36703,13387070.3878,11.1134114302,10,
1705,401.167436248,546.937398,1028229.53465,6.27534790654,2.0,[M+Cl]-
1096,294.022157182,505.123935,290498.733837,12.8652323562,10,
1099,294.069087041,811.15047,1141916.26857,9.59506248974,10,
1100,294.082777858,94.500633,64121845.2724,1.97817817023,10,
1101,294.084182824,737.9415,1123977.5311,3.93323773478,10,
1102,294.109480882,40.7790243,27002931.683,14.194136821,10,
1104,294.119341264,509.005851,374847.146126,5.67518000897,10,
1106,294.119281999,357.445386,2432083.83893,11.5259735444,10,
1108,294.155415982,758.72376,1816491.47876,3.02260765935,10,
1110,294.994505483,68.418663,2810753.39228,6.5430277986,10,
1115,295.076725833,35.4534309,177409263.074,1.5327385112,10,
1117,295.12256389,137.496912,827304.979472,8.35346663668,10,
1120,296.054705362,85.685892,1351960.86236,7.19287784829,10,
1121,296.073177405,234.789954,8974106.42191,4.55459169785,10,
1125,296.08729794,94.457682,1161102.48824,3.55909682564,10,
1126,296.099664845,126.422055,28333815.3857,13.2262202812,10,
1128,296.136179276,904.98915,14660856.3268,2.55802363319,10,
1130,297.065882044,68.26005,2775208.11764,12.4307706511,10,
1132,297.066805527,91.331157,975938.158158,6.9475559336,10,
1135,297.139964036,905.17518,1766213.97771,2.11511731887,10,
1136,297.242946113,42.74226,37963118.3648,6.78689434434,10,
1137,297.585398158,31.9976838,141727.110699,10.9119954682,10,
1138,297.93737613,51.5104593,467315.964848,9.42799717057,10,
1579,375.949644433,445.810899,1546177.87429,6.28737685589,2.0,[M+Cl]-
1141,299.006037858,2027.28906,99656624.8269,11.5179301025,10,
1142,299.070058614,283.357161,26684408.8937,14.2448330002,10,
1143,299.131735191,33.4574355,22758724.4195,3.02616107345,2.0,[M+Cl]-
1144,300.083330288,284.500308,3225177.39421,6.34041185347,10,
1278,316.075437519,343.054773,2802255.16633,10.8279770012,1.0,[M-H]-
1146,300.156196815,494.097612,9294940.13396,1.62275421019,10,
1147,300.192519805,301.719117,19805614.4776,12.7377883174,10,
1150,301.032818209,896.7099,18537006.5132,3.21655761023,10,
1520,365.070951138,484.058622,9314253.25723,4.77972503652,2.0,[M+Cl]-
1153,301.151524026,583.208583,40018557.2146,6.73090413982,1.0,[M-H]-
1155,301.216710413,40.4151483,58302739.6902,4.02622231789,10,
1156,302.000079479,779.38698,553518.79657,11.7338905541,10,
1157,302.064321208,633.16308,2303940.48222,10.0352244989,10,
1159,302.069897912,32.660757,1099322.89245,13.838529488,10,
1160,302.099046601,229.83393,45933921.0957,10.3139582905,10,
1161,302.110362069,783.49434,3631095.66476,7.80661431971,10,
1162,302.107199374,62.998236,2766030.68499,3.01112682951,2.0,[M+Cl]-
1163,302.122286609,718.35705,1124361.94454,10.2643079525,10,
1164,302.150745932,161.432448,70902439.4916,14.5777856731,10,
1165,302.146745646,1054.46763,65392944.9048,6.07778533538,10,
1166,302.142543752,41.5211883,13318327.8183,6.28034945199,10,
1167,302.220273583,40.448289,11522831.7015,4.39830786934,10,
1168,302.68212429,71.761212,2757997.60582,4.89999573712,10,
1170,303.022466051,33.976179,31683414.6841,2.5218727951,10,
1171,303.049629416,168.009498,1966848675.04,4.59133134721,10,
1172,303.065351957,117.521241,92010006.443,3.82558158169,10,
1173,303.067720975,633.16308,122462.864251,13.6046415783,10,
1175,303.078438577,482.508708,382217.063035,11.083607726,10,
1176,303.090566356,67.671177,713093.499503,8.63109119999,10,
1877,447.1665144,622.69941,1088760.07893,3.91466761952,1.0,[M-H]-
1180,303.130673009,755.84169,74393377.1422,1.07574602885,1.0,[M-H]-
1182,303.886177663,51.750174,702036.09922,9.83355504212,10,
1183,304.033888297,531.847152,897973.399178,10.0545128377,10,
1188,304.088455398,627.51138,123258.694918,6.87374258528,10,
1190,304.129957669,300.922002,14369607.0557,10.7995056579,10,
2341,562.225969956,539.975271,1796549.33374,9.57347857885,1.0,[M-H]-
1192,304.1510621,478.90179,8125282.35097,6.95120695625,10,
1193,304.158217308,41.5005852,7662738.60403,14.1652630782,10,
1196,304.679947631,71.761212,3882500.10738,6.84247288732,10,
1626,382.988355829,693.70878,6985414.82483,9.36974401315,2.0,[M+Cl]-
1198,305.017691887,381.173742,8082768.3803,12.0082251571,10,
1200,305.019477346,33.869556,19840164.9708,12.1909683328,10,
1204,305.064281563,702.12642,10732167.7604,10.3156084631,10,
1416,341.06552494,116.886807,1711714.68716,5.97686637114,1.0,[M-H]-
1206,305.081667638,32.068464,775581.491567,2.2913702137,10,
1208,305.11003947,771.33669,41668563.6335,6.52514702479,1.0,[M-H]-
1209,305.133369005,300.922002,2229089.66759,10.007360339,10,
1935,459.118483339,104.73432,12323684.6945,13.4947631494,2.0,[M+Cl]-
1215,306.082696196,91.489344,1894317.55822,5.80524016011,10,
1216,306.085092015,10.6179768,149651.101842,11.9484642312,10,
1217,306.10130802,66.03111,22141232.4219,4.27183819083,10,
1218,306.112568433,538.146942,872541.217254,4.69999670259,10,
1221,306.993172209,72.199017,57431112.8891,6.84438972209,10,
1222,307.023993418,86.115003,2851396.56779,2.02879506625,10,
1227,307.085146976,41.5211883,237191197.295,4.26866207934,10,
1228,307.102107985,956.91648,42168002.3205,9.14371149216,10,
1229,307.114568643,848.64945,8232606.0443,3.44668746968,10,
1230,307.133079608,118.47324,9669179.95435,2.28050498852,1.0,[M-H]-
1232,307.150763191,942.70104,671556.171399,8.74873695089,10,
1234,308.073283372,117.956049,11230048.0417,2.92171152202,10,
1236,308.161343093,732.71616,2273930.16482,4.92970518999,10,
1237,308.675770797,71.884023,1234358.87815,5.58037837601,10,
1239,309.056330186,39.0192261,192183910.132,7.19660008989,10,
1243,309.100071199,167.857734,1018043.27711,14.4940836784,10,
1245,309.130229888,454.649589,381027.03474,2.68839198,10,
1524,365.269033489,43.1086995,5419344.78681,14.4854214186,1.0,[M-H]-
1249,310.673964674,71.686566,182199.441794,9.57342664345,10,
1250,310.901936799,590.008635,5504567.01359,1.48581249817,10,
1251,310.901879596,1077.14802,47988711.0838,6.94943127543,10,
1252,310.995929426,72.356769,558873.911483,8.11920925635,10,
1254,311.061830869,92.915148,1331772.85862,11.3482841914,10,
1256,311.079810209,166.920933,8558956.36026,7.82289414177,10,
1257,311.164925045,414.670914,729532.1194,12.3166702716,10,
1259,312.058396617,69.201981,408479.740058,11.0302604129,10,
1260,312.075516157,39.1742811,6832114.46316,10.9016303339,10,
1763,416.143587297,460.085133,7901136.3672,4.87702485542,2.0,[M+Cl]-
1262,312.120057668,53.8256826,10577591.3935,12.8216993409,10,
1666,392.837936273,886.03959,1612755.88342,6.01119654212,2.0,[M+Cl]-
1265,313.068979207,39.0731004,29807129.365,14.1380462812,10,
1421,341.191586662,1255.73706,3217149.97824,9.80104438836,1.0,[M-H]-
1269,314.099383349,122.837691,814399.575973,13.7055151464,10,
1271,314.118602814,695.99088,804748.810731,14.7446475696,10,
1273,315.117189131,540.211908,11763785.3171,4.40204815264,10,
1275,315.915254286,1980.55572,1852021.38308,11.2945185017,10,
1276,316.043717473,853.38492,1883699.14658,1.86383787463,10,
1642,388.197070981,53.2717098,3225603.75385,4.24786243639,1.0,[M-H]-
1282,316.158481388,81.955389,36567634.5662,14.305432312,10,
1284,317.061981778,105.779349,8210688.96605,4.60857002069,10,
1287,317.125074017,409.049583,7512941.98644,13.9657775552,10,
1288,317.146248689,778.93293,4420434.93924,7.78221926086,1.0,[M-H]-
1289,317.146384752,195.951096,547203.108981,8.59043689615,10,
1290,318.091590708,540.720348,653118.183073,5.97953224654,10,
1294,318.130199954,88.776582,324313.552288,10.5509517071,10,
1295,318.166654618,458.720562,86214810.7564,2.18469696763,10,
1296,319.026629861,674.08878,136500984.199,12.5333408817,10,
1297,319.043305399,895.63113,9727200.97844,10.1474979378,10,
1298,319.063161674,1256.27733,54576524.8401,10.1409902646,10,
1299,319.090575729,811.1991,1501346.89112,12.8598520794,2.0,[M+Cl]-
1300,319.090850222,541.965705,2758250.5337,7.86092809754,10,
1303,319.170188845,458.70657,11939084.8115,9.13292878726,10,
1304,320.010704486,781.24359,26789561.6426,6.11417392983,10,
1306,320.116832376,509.662116,129719.020609,8.19897901607,10,
1307,320.996512258,513.55293,14754697.0693,5.74127422311,10,
1310,321.129891636,422.639241,8339533.70261,7.40536666451,10,
1311,321.130045932,840.66417,42907437.6055,9.44216396505,10,
1312,321.137135539,36.2284224,81113121.7521,2.78836291361,10,
1313,322.088736303,91.172844,916345.790219,10.0181933644,10,
1315,323.014682807,560.340153,1598403.69306,11.1772639821,10,
1316,323.018714921,96.869319,955220.106623,5.46255065774,10,
2108,499.215549981,589.371393,5521299.31219,5.80096799501,1.0,[M-H]-
1319,324.022468089,144.666999,4319852.14933,8.93040620581,10,
1320,325.020806114,660.06867,2238579.89711,11.6482313672,10,
1321,325.057084571,68.298246,876169.704655,6.32747711538,10,
1322,325.095940887,88.168734,67521134.2769,3.9746700629,1.0,[M-H]-
1323,325.095722715,102.863394,44094062.8361,4.79293502919,10,
1324,325.095812407,68.418663,160845133.455,9.37110716828,10,
1327,325.213009857,453.620016,347630.895925,6.77308508767,10,
1330,326.208140939,315.79236,33264896.4325,12.3047647978,10,
1331,327.022428577,33.4574355,5390294.65929,3.81994252335,10,
1332,327.018137979,93.59184,842172.826438,2.36344407927,10,
1334,327.056913293,42.4313256,4340899.26606,4.09299602615,10,
1337,327.995422965,650.36934,2217797.94332,11.8836597208,10,
1338,328.027081877,774.97632,4554924.27225,14.467495242,10,
1339,328.053082384,106.137252,1909716.45998,6.23421652969,10,
1340,328.045018999,388.120131,1953692.19131,8.55689286789,10,
1341,328.044982374,333.473985,6661067.27125,11.7113285737,10,
1343,328.091218345,225.70866,1199944.60606,1.24294796867,10,
1344,328.106719304,412.078737,69020025.1383,2.39725642191,10,
1345,328.106741772,424.897905,81681164.046,5.87681479306,1.0,[M-H]-
1346,328.106879218,398.992137,18505320.3502,11.8518718188,10,
1347,329.019334409,33.0453138,2723934.07514,11.716886627,10,
1349,329.08476127,98.776416,6211923.50761,2.63017585347,2.0,[M+Cl]-
1350,329.099207333,120.080814,610760.243124,11.7393223664,10,
1792,427.159193155,461.429142,1590327.98477,5.94130798245,1.0,[M-H]-
1352,329.182820048,553.263252,1676071.85188,0.939927904647,10,
1353,330.041374576,779.24745,400379.661453,7.45794600812,10,
1354,330.068623884,171.041046,39446469.9253,5.02274377043,10,
1355,330.088547183,98.659434,481830.009115,8.01603829734,10,
1356,330.090019195,673.24716,1190003.78887,11.6256193896,10,
1358,330.174149527,74.521056,24533771.9922,14.2055861623,10,
1359,330.8917211,887.48277,60847923.7552,8.19178130544,10,
1360,330.918704051,148.304058,15194764.7949,2.64089927524,10,
1361,331.034969884,168.164994,1080719.01879,10.5265026115,10,
1362,331.033502765,482.725944,619216.111118,4.8840032049,10,
1363,331.07779764,105.201945,158874923.937,12.1534860848,10,
1670,393.162444659,725.48217,4079509.88601,9.56403085691,1.0,[M-H]-
1365,331.162072868,635.21526,26443630.1862,4.86187022,10,
1366,331.176830527,628.76592,937838.141024,6.05904483124,10,
1564,374.130028338,701.97705,385794.298818,8.97214732829,1.0,[M-H]-
1372,332.161613408,112.34244,1122997.64898,5.33333251971,10,
1373,332.872125766,886.84173,1384499.36447,4.77785534457,10,
1375,333.021955169,148.630224,548966.89668,7.10776912911,10,
1741,411.019599722,654.12528,5204087.44719,14.3354347585,2.0,[M+Cl]-
1380,334.125581704,902.25012,6079751.39261,2.91203406955,10,
1381,334.161884437,509.959764,103367.771479,7.03784900374,10,
1748,412.998992069,785.30226,2062180.19447,8.53015251907,2.0,[M+Cl]-
1384,335.120662809,901.71843,209827.077505,11.2018564791,10,
1388,336.213771313,417.017178,298621.845296,14.7249815235,10,
1827,434.947277602,461.505618,25978102.8729,8.06141515644,1.0,[M-H]-
1390,336.970650972,476.303859,22453346.0695,11.3676619659,10,
1391,337.03432382,69.359229,2017280.85994,4.66564388757,10,
1392,337.044092977,105.201945,8337669.09108,13.267458801,10,
1393,337.044028465,489.074787,16385618.2765,1.70640279706,10,
1394,337.077472567,661.51137,10954450.3846,9.37600715414,10,
1395,337.125017685,790.11486,1039866.14327,4.2381344049,10,
1396,337.204872276,41.688918,4705615.01783,11.7397269825,10,
1399,338.097115277,567.927087,172519.88684,11.7259827367,10,
1401,338.135417776,428.17242,5585495.5766,9.06227987134,10,
1690,398.265435251,57.3036087,981632892.947,2.31943002435,1.0,[M+H3CCOOH]-
1403,339.049893229,109.735917,14638021.0679,9.36692183878,10,
1404,339.082468017,661.67148,189372.073445,13.7202152679,10,
1701,401.086645781,698.89737,18718874.5968,11.9843870127,1.0,[M-H]-
1406,339.107217765,304.605201,618147.364509,8.32530904054,10,
1411,340.124380109,427.039599,3785911.37882,2.69581883134,10,
1412,340.124133837,161.731791,2757304.27679,11.0282855184,10,
1413,340.124420057,411.44679,3828904.44134,4.09680469815,10,
1415,341.046024005,40.9010064,19068806.4608,6.94655591228,10,
1418,341.083954248,77.37879,3200570.75324,3.5243136864,10,
1702,401.129557355,715.15257,51295746.0436,3.94647231717,1.0,[M+H3CCOOH]-
1423,342.090079534,771.35568,97238.8455939,13.6357776172,10,
1425,342.12785282,544.572702,2290319.31725,4.48126215281,10,
1426,343.036840926,1311.32658,304087013.781,5.77257632241,10,
1429,343.125007527,750.02106,2081862.96125,1.41200670724,10,
1430,343.171829171,315.74433,6988920.2964,13.2099829123,10,
1994,474.219711633,431.946573,8643457.56149,12.6864140917,2.0,[M+Cl]-
1432,343.975789712,343.198134,980597.47751,13.1253811858,10,
1433,344.039948684,532.779243,1408503.72794,6.38527822449,10,
1434,344.109566589,678.0087,5757397.48873,13.5190150518,10,
1435,344.132505728,578.625045,1192719.69385,14.2734222024,10,
1437,345.043769575,68.273142,1107490.03092,8.21312459482,10,
1438,345.075659728,45.9363,27422824.8223,7.60556117562,10,
1440,346.079337877,46.0927374,3439056.78645,5.75645537326,10,
1441,346.080679592,493.341951,912872.642833,10.8603878963,10,
1442,346.109840015,118.45116,442963.793067,8.89296220654,10,
1443,346.124925923,235.380822,6544416.17512,10.6355531194,10,
1444,346.161140346,434.241087,5210816.64662,8.71964105003,10,
1445,346.181496231,618.003,1635489.69127,3.73920913394,10,
1790,426.99280197,484.058622,4198697.74713,5.40886015524,2.0,[M+Cl]-
1452,347.135584537,407.777544,4997841.29898,12.8046578095,10,
1454,347.87787748,907.37736,3992988.232,12.7333772804,10,
1455,348.064984735,519.230913,12594922.6258,2.46167369603,10,
1457,349.037364941,721.10109,8459148.74862,6.36831983387,10,
1458,349.080375633,458.101473,2164364.48925,1.47653032768,10,
1459,349.1037282,70.937214,8105950.83703,5.3999425159,10,
1460,349.901868898,894.3822,3147960.46039,7.44645617429,10,
1461,350.083770811,458.05584,267830.570619,7.36190934332,10,
1463,350.138797331,673.56102,1170260.61928,11.6984769719,10,
1464,350.171812528,373.232427,2534714.5018,10.8456587492,10,
1838,439.258731842,416.972718,598527.721155,14.7459303333,2.0,[M+Cl]-
1467,351.033429938,630.66768,305262.823562,11.7184669704,10,
1947,461.268679601,47.0608206,1552666.98671,5.20740170152,1.0,[M-H]-
1470,351.220368949,41.5211883,68982189.5219,12.5909348401,10,
1471,351.982565221,765.41406,776125.261458,9.43208458986,10,
1472,352.147082167,228.868974,7544382.68626,6.00933140354,10,
1473,352.92907254,2027.28906,39912747.3754,9.94177938052,10,
1474,352.944333184,468.911409,1514284256.47,6.41972082564,10,
1475,353.119744324,781.30026,1283782.38128,7.82868769676,10,
1477,354.031346643,433.927527,79591940.8913,9.63706353326,10,
1796,428.098221848,456.540378,472707.394364,6.57716895938,1.0,[M-H]-
1479,354.10520065,100.196595,1724923.06733,13.0607951221,10,
1481,355.077752338,108.324177,1405995.81225,14.757931646,10,
1482,355.271365962,512.140311,213282.984324,9.31053123763,10,
1909,454.099390677,460.640712,8029997.92887,14.3177899044,1.0,[M-H]-
1489,356.964662317,2031.09684,3085085.86533,13.8906123669,10,
1490,356.982607802,162.726984,1389347.07962,9.10400916145,10,
1491,357.034680268,779.36595,3143179.14836,12.8927994148,10,
1493,357.109055956,501.885804,2937791.16139,9.75530451048,10,
1496,358.112563678,502.202184,561863.943057,7.27788423431,10,
1497,358.117412117,379.983957,9891652.01911,5.18043199088,10,
1498,358.173028883,775.83516,2112506.55602,4.8455210378,10,
1802,429.162041294,55.4662038,2323474.55288,13.1938247052,1.0,[M-H]-
1500,359.132491948,932.25558,2716373.84441,6.15994318271,10,
1882,447.224325778,301.081311,17412384.6337,11.8319487676,1.0,[M-H]-
1502,359.954970235,590.65116,754464.218167,11.1026486078,10,
1503,359.973369941,145.134888,924233.225561,12.1491930951,10,
1504,360.063533714,456.818049,348732.413042,13.0707702192,10,
1505,360.071084443,485.342436,46975649.0061,2.64102284421,10,
1506,360.129539378,431.946573,364660232.176,5.47625440103,10,
1507,360.1299176,452.473692,11728484.7194,9.25823745022,10,
1509,361.068294425,512.520294,749132.581159,10.1760458736,10,
1820,433.182317274,105.02757,3707828.56098,9.76953745383,1.0,[M-H]-
1513,362.076127832,485.285676,779906.886475,1.47639934891,10,
1514,362.092120435,88.805799,501073.478936,5.74958966565,10,
1516,363.133439199,564.587454,378587.112403,6.45783386043,10,
1517,363.137171333,431.807868,960568.107085,7.04586350603,10,
1518,363.134082778,498.569874,902121.911039,13.3834447419,10,
1519,364.091625518,445.955532,5568371.1523,14.7480870807,10,
1521,365.135134087,595.862136,832024.3857,7.91623138147,10,
1522,365.145087863,64.351932,1507124.32215,7.31983470663,10,
1523,365.146160266,500.2329,2410990.71168,6.41636533908,10,
1671,394.12828166,425.430921,17987312.6486,9.93668537494,1.0,[M-H]-
1527,366.12616297,756.15966,3818026.62209,1.27366773298,10,
1528,366.134596603,830.30262,184585.553233,6.36331871963,10,
1530,366.214251368,451.115334,3489506.90224,7.87350828748,10,
1929,458.048207095,485.182179,4736891.73625,9.13287418822,1.0,[M-H]-
1532,367.104721974,424.237107,397895661.357,14.8306408224,2.0,[M+Cl]-
1533,367.124428388,82.93596,744458.519255,4.13514205344,10,
1534,367.129662337,756.13362,301831.265051,9.74963175214,10,
1536,367.885258346,944.31774,3455590.95908,13.2670197918,10,
1538,368.138875909,731.67192,130953.289769,11.5830644444,10,
1543,368.882196754,900.2124,1087391.12125,12.7245140062,10,
1544,368.882377741,942.04626,2026392.75358,14.7782060749,10,
1546,369.187412383,419.358339,2133947.0306,5.38520924317,10,
1548,370.100021932,97.037427,8997078.83292,7.72586104154,10,
1549,370.128489808,118.71441,4278539.32562,1.8672054109,10,
1550,370.138184594,89.792736,1134248.73426,5.7289627626,10,
1551,370.190920363,419.358339,278099.553397,13.7669785049,10,
1552,371.007969741,93.275094,499834.48822,9.30633287149,10,
1555,372.07142169,880.78539,13523684.7887,9.5436438879,10,
1556,372.090763864,511.606656,85494.624469,7.97755127541,10,
1558,373.10355884,145.737654,1410017.91143,11.0340748165,10,
1559,373.124815334,108.011367,5557325.23122,4.75971371964,10,
1560,373.12802622,137.618766,1191462.79854,2.98736009946,10,
1561,373.183291659,491.455002,389148.899319,6.24127347352,10,
1562,374.07883202,476.865336,531357.246327,10.1610151785,10,
1563,374.106423268,487.618155,2483680.45688,9.97061608286,10,
1565,374.167552512,417.454599,331171.118025,10.5679891164,10,
1566,374.21203913,450.693141,3012505.51133,11.872394542,10,
1568,375.089275672,325.524624,4067353.88029,11.4582312173,10,
1569,375.089203226,653.92356,1368614.52146,14.6353724059,10,
1570,375.100494733,1156.24776,2813495.14071,4.0862306681,10,
1571,375.104174545,103.68204,3646783.81949,3.06164311903,10,
1573,375.130828117,142.89129,2202303.41454,14.3611144763,10,
1574,375.160816993,477.268686,4121003.74458,12.2109449823,10,
1575,375.160641379,459.891942,4444679.69996,2.59318196546,10,
1576,375.160818813,503.173962,1958135.17092,13.7361628383,10,
1577,375.214139098,450.712908,405944.282707,13.2592512577,10,
1580,376.036737885,51.8363151,115107867.264,6.96910245952,1.0,[M-H]-
1581,376.066093765,626.80032,3404800.60681,1.96252258323,10,
1582,376.101146923,839.98992,3250690.8779,7.12143282351,10,
1583,376.129269123,606.5508,1465408.20895,3.88365433203,10,
1584,376.147000428,808.18533,5357874.71823,11.1264890709,10,
1585,376.147094221,857.97312,5042580.94258,5.24365049516,10,
1588,376.306622951,81.138396,705155.924733,14.9607665834,10,
1592,377.085427603,667.8648,16115338.9244,14.5406162731,10,
1594,377.132771706,606.63816,127208.440756,5.04917937129,10,
1595,377.149514513,486.895404,240348.773781,6.967523138,10,
1596,377.167638427,624.56304,1255773.5219,8.61195391023,10,
1600,378.103811151,604.34694,4106352.65654,2.56265571238,10,
1603,379.033623162,60.596766,14236939.3043,1.62984232761,10,
1679,397.040362947,1256.27733,12446639.4571,7.885793793,1.0,[M-H]-
1605,379.049880817,402.31725,202828.988696,12.9185930915,10,
1607,379.1001643,106.761435,10549267.8951,11.0482208872,10,
1608,379.100862233,750.27828,2491641.77473,13.474597733,10,
1609,379.129201618,743.48718,282624.702528,14.4993671879,10,
1610,380.036926853,60.753264,1879940.34698,4.54392266961,10,
1611,380.17979964,512.386059,478141.323379,6.44759900062,10,
1612,380.239756594,415.469856,2536278.38085,6.37853749623,10,
1613,381.045020656,483.371232,67473797.8787,4.11837408957,10,
1615,381.112903247,31.0795818,192401.046229,5.97444256912,10,
1616,381.175218495,512.297934,987516.055508,6.14918093579,10,
1617,381.187329487,410.22762,69782666.0166,8.37751758572,10,
1618,381.187459902,326.46984,6341473.98094,12.6266408749,10,
1619,381.187464675,428.265318,2691227.29279,14.1814479072,10,
1620,381.223936764,718.51962,262520.211005,10.600020799,10,
1621,382.01265984,2062.43016,1290842.5112,8.47550338101,10,
1624,382.135049119,808.05318,743344.82603,4.29708442644,10,
1628,383.064760801,422.734554,3357806.96789,14.8957159934,10,
1632,386.154206903,538.940286,2585613.14767,3.1057094533,10,
1633,387.025566653,519.627456,6766385273.23,3.95419831332,1.0,[M-H]-
1634,387.151987436,1012.80561,19495618.3657,14.5027513718,10,
1636,387.188411211,590.327823,6244841.15614,11.7967909916,10,
2146,508.037484187,760.3236,955872.255356,10.1991176414,2.0,[M+Cl]-
1639,388.160828205,51.366765,3269881.0133,13.9764407652,10,
1640,388.166698089,707.38395,362207.775788,11.7643058359,10,
1641,388.183461818,568.228284,19387414.3322,8.97037339433,10,
2139,506.209508349,811.62504,1586204.15135,4.25993717767,1.0,[M-H]-
1646,389.166835934,882.82506,1350720.1278,13.1061028422,10,
1647,389.176176316,476.062506,3508640.83086,12.6192496638,10,
1651,390.063878289,750.32202,1085192.36928,11.793371186,10,
1652,390.100349593,1171.45044,3230076.43721,9.7369110309,10,
1653,390.144872202,579.92211,93476.8178205,14.5239621428,10,
1654,390.162594665,811.22394,10754146.8935,10.7125197648,10,
1655,390.162701664,721.28508,6325551.04287,14.5072934062,10,
1656,390.188314154,487.529157,1447932.22086,10.5868145038,10,
1657,391.084368514,721.12872,934206.299643,5.0145797091,10,
1658,391.08473593,630.66768,422913.524261,9.04752584189,10,
1659,391.146972138,977.60772,7670153.13311,4.65803010239,10,
1660,391.183297227,701.51508,876997.229158,10.5794101221,10,
1661,392.06539339,115.039167,5511777.5931,2.59348278918,10,
1662,392.142078091,825.33045,16324142.2162,5.07097949366,10,
1664,392.157079861,509.166849,1680820.15715,8.71991824968,10,
1665,392.167163011,695.02269,5701955.49431,14.7499687042,10,
1667,393.045625037,435.026334,2738441.62398,11.5609258837,10,
1668,393.144610026,542.285454,284865.705077,13.600345982,10,
1672,394.903552061,1824.60678,1785366.18714,2.71857708387,10,
1673,394.903485979,1861.93536,2655728.27483,13.2978332008,10,
1674,394.965286664,71.884023,1334068.90965,10.9185982007,10,
1675,396.114128212,814.77366,48921083.9288,4.42452197839,10,
1676,396.126346764,542.572566,11534169.1433,12.0716849883,10,
1677,397.003790871,675.76302,37588377.5149,10.924905935,10,
1678,397.002398713,45.5880954,296932.726592,9.51715298632,10,
1680,397.087222754,283.248804,3633443.87389,8.6929443947,10,
1681,397.107791214,31.751469,263040.979494,8.1942673171,10,
1682,397.107531517,9.97848,197480.77431,9.83786055859,10,
1684,397.119282929,540.211908,2682735.2858,6.05916188787,10,
1685,397.146053465,922.96437,3244589.05258,6.76791521994,10,
1686,397.145968565,868.74696,11109406.6202,2.46718987951,10,
1687,398.119142443,811.3797,18332384.1351,5.44837816482,10,
1688,398.130351328,826.47339,655102.781105,7.25600868749,10,
1691,398.892413463,481.294263,6204494.41844,13.9029789497,10,
1692,399.063976638,957.25047,46380727.3906,4.69913998857,10,
1693,399.057138572,481.865838,984784.837257,13.0979314442,10,
1697,400.219647362,560.732322,474603.926225,4.13832754233,10,
1698,400.244584368,439.516842,4621901.2575,11.9100395631,10,
1700,401.075053238,424.076799,3284535.18064,6.48757089569,10,
1703,401.140857286,701.47587,1526085.02536,10.7690748336,10,
1704,401.155788323,103.292376,1861554.57589,10.0959463564,10,
1706,401.301550624,92.598711,1552514.01294,9.75384825273,10,
1707,402.116579045,435.40725,5789827.32472,13.0384456532,10,
1709,402.999461304,532.316517,44750489.571,8.86534222235,10,
1710,402.999443964,514.177983,26993338.9962,5.55832661676,10,
1711,403.070345854,263.591652,7485703.51731,13.4012300989,10,
1712,403.100981198,83.048256,440802.518556,7.8089781872,10,
1715,403.182151563,882.98499,730060.558832,7.41995419685,10,
1716,404.079268536,652.68324,1215689.85098,14.3231945627,10,
1870,446.151123378,714.80733,8357956.50321,13.2106324409,1.0,[M-H]-
1719,404.156939844,475.220991,5400977.93921,5.48312129385,10,
1720,404.178302839,835.10346,5826805.4533,5.18873759213,10,
1721,405.021112765,424.296426,511247.04701,5.88806554386,10,
1722,405.099267387,647.72223,1137982.98724,10.2255351541,10,
2329,558.167093552,933.67968,36918880.1351,2.97779250397,2.0,[M+Cl]-
1727,406.119849122,750.14967,1196060.04349,9.64848513188,10,
1728,406.139837915,638.20455,415689.559596,7.6514731024,10,
1729,407.054794264,106.285983,3301191.97298,5.49277837194,10,
1731,407.177873474,688.89345,5328175.14788,6.76956821899,10,
1453,347.21560299,1156.24776,110397933.927,5.54557181795,1.0,[M-H]-
1733,408.135952303,513.083061,2060689.31326,13.6220573788,10,
1734,408.144601406,421.447464,1308396.42732,2.52184474671,10,
1735,408.161893583,754.38204,12634262.6337,3.8986054873,10,
1791,427.014436944,721.58562,5482264.02306,12.946177953,1.0,[M-H]-
1737,409.040067894,433.543704,1633711.51105,8.52789742725,10,
1738,409.172518399,557.728929,205883.686771,6.64503185877,10,
1739,409.172286752,434.295363,5589638.06896,13.8424988815,10,
1740,410.002283136,460.278324,4117046.0506,9.7063972584,10,
1744,412.130109346,559.107972,189765.594981,14.4882250964,10,
1746,412.238346682,85.491069,454935.366527,9.37707423717,10,
1749,413.155329722,558.96249,339754.405669,6.53480883657,10,
1750,413.240009713,300.602631,28362712.2609,10.0294174999,10,
1751,413.998824716,785.46378,302547.323051,9.94041671143,10,
1752,414.087363176,281.613165,24588676.2157,6.42104925148,10,
1753,414.093229831,811.01724,2602988.72807,7.55199974325,10,
1755,414.260622943,57.9651846,1583154.93971,4.2585710942,10,
1756,415.061776681,877.74579,5618730.60404,4.27663119877,10,
1757,415.135026014,104.73426,3284947.75128,2.44619491728,2.0,[M+Cl]-
1758,415.18325258,80.383533,1098360.7172,5.53759684923,10,
1759,415.194367102,600.30981,8528323.15786,6.03216211811,10,
1760,415.194277378,553.263054,429709.487963,5.58954384492,10,
1761,415.29228107,512.849592,1677848.59217,8.21961536693,10,
1766,417.147188777,460.008717,1141449.70183,5.93270254024,10,
1767,417.150831599,103.643145,24059815.5731,5.50502039287,10,
1768,417.199267463,665.52774,274102.925572,7.4508235664,10,
1862,444.146813053,589.481574,27472915.7209,12.4330011459,1.0,[M-H]-
1770,418.154249817,103.780959,4428736.59461,9.19703725336,10,
1771,418.183006182,850.33311,4139377.31643,8.10067529338,10,
1772,418.193729906,417.379713,857154.831806,14.8030988713,10,
2099,496.985293094,609.27987,994781.373953,12.0256854482,2.0,[M+Cl]-
1774,419.174198196,71.686566,1197507.44121,7.47044417631,10,
1775,420.173274444,489.508986,982400.161492,8.54261657509,10,
1776,421.075027026,869.06046,466047.701236,4.85405881049,10,
1777,421.19358357,637.22562,932379.399891,3.05079898962,10,
1778,421.220132989,749.64342,12519352.1912,11.1870307093,10,
2189,519.942739986,468.008421,2943276.96735,8.79397746474,1.0,[M-H]-
1780,422.075863448,145.455054,3551428.17815,10.1205881984,10,
1781,422.213966996,325.794903,24142570.5646,3.17925387047,10,
1991,473.243054041,57.3036087,117632599.4,5.27358730706,2.0,[M+Cl]-
2200,523.119244296,477.701145,420124.049332,14.9777803543,1.0,[M-H]-
1788,426.161559735,900.57273,2994617.53536,3.720099092,10,
1789,426.187344014,56.404068,619822.656487,14.9161146653,10,
1793,427.255648341,302.023044,18788338.0037,11.5139491665,10,
2052,488.249775544,77.546052,12110994.2421,5.14632259568,1.0,[M+H3CCOOH]-
1803,429.17344881,788.37303,3305652.15014,7.06449835683,10,
1806,429.209019079,537.859746,1037741.81821,6.87730993111,10,
1807,430.059942442,811.11225,1606186.58353,6.80869767234,10,
1809,430.067664012,519.075405,16008271.1114,4.852458852,10,
1812,431.151429345,1078.0104,6649756.91668,11.1712433689,10,
1813,431.167955598,603.92547,541439.687067,5.53562676678,10,
1814,431.176800393,38.1090939,16589931.0117,13.6478485688,10,
1815,432.209444533,546.158055,15535962.1799,5.63756731326,10,
1816,432.209403652,641.79441,31090275.1466,7.01379851756,10,
1817,432.227742925,42.5532426,17010065.9002,12.9604177642,10,
1818,433.15060095,600.30981,226548.820712,6.83063888334,10,
1819,433.168338854,759.36807,2316730.95094,5.86818999145,10,
1822,433.208970884,304.712496,1640221.64193,14.7810056707,10,
1823,434.165435759,71.574744,606434.273348,5.95032487656,10,
1824,434.196838133,784.55577,358634.404703,11.1964955994,10,
1825,434.215056304,641.84472,872519.843572,3.45835313592,10,
1888,448.284384999,46.6515546,1138177.743,13.9507946694,1.0,[M-H]-
1828,434.947308306,475.152774,26154026.1357,9.31945365326,10,
1829,435.227287052,133.365348,1239663.61616,4.053156612,10,
1830,436.069039594,783.23136,328000.291249,10.1450545131,10,
1831,437.171412713,785.5857,363042.520611,13.4160241587,10,
1832,438.179955993,77.721654,1791551.9755,2.29488729326,10,
1833,438.211844069,131.533845,3064661.01262,3.87223092368,2.0,[M+Cl]-
1834,438.252483238,69.516411,4704912.47989,4.42126240226,10,
1835,439.039603651,45.0869373,5786803.82041,4.75383065127,10,
1836,439.156394086,794.0358,39463759.7949,3.18659464303,10,
1837,439.192767054,343.044741,22342504.0049,9.25435544836,10,
1839,440.00987167,833.81391,489739.238533,13.4317349705,10,
1840,440.009642055,683.10372,425814.877191,7.47913342178,10,
1846,441.08247868,170.188989,1732419.78233,11.8682760309,10,
1847,441.118203893,726.15756,395218.263483,9.42763045717,10,
1849,441.162162034,639.21372,64158.551661,6.72680771433,10,
1850,441.196578806,512.685261,1876357.56726,10.2611203895,10,
1853,442.074003334,485.633865,618145.083799,6.27083287059,10,
1854,442.159323688,249.786492,22535055.557,9.90388040041,10,
1855,442.193123853,41.4123258,7959861.17861,13.382510709,10,
1856,442.199167587,512.237022,222226.962532,5.78639903972,10,
1858,443.136744227,79.316934,822153.959825,2.24518565447,10,
1859,443.224814799,42.5532426,56235540.73,14.9254008819,2.0,[M+Cl]-
1860,443.865623386,858.97338,480752.787131,7.8659992631,10,
1861,443.86590573,940.41936,2188691.92029,3.99192252561,10,
1864,444.224563096,300.74718,190154.583969,13.227654973,10,
1865,444.863181418,899.8884,2644016.46687,11.9202403354,10,
1866,445.112636294,481.333137,190566.027159,11.6163849605,10,
1867,445.156947218,760.95111,953129.61411,8.09815863833,10,
2325,555.237066466,105.612297,5389050.96692,2.51897898009,1.0,[M-H]-
1871,446.188963319,620.96796,874155.396332,1.99231397888,10,
1872,446.224337391,41.9660178,32058222.4457,9.38212203647,10,
2094,496.200416251,493.407606,655463.043864,5.62469715823,2.0,[M+Cl]-
1875,446.261647127,966.63546,1979045.1934,3.8971015026,10,
1876,447.057456708,458.579967,265439.184835,11.2613689081,10,
1879,447.166135644,671.0913,938959.703747,14.6532798859,10,
1880,447.173116074,940.7379,1776702.21207,5.46221268806,10,
1881,447.208329736,36.6934272,719800523.368,3.70943884697,10,
2281,544.967989422,760.32126,1317102.8413,12.5820656974,2.0,[M+Cl]-
1885,448.169592949,622.92606,152534.102939,4.61900002577,10,
1889,449.178220909,564.86334,858050.498906,13.9981906442,10,
1891,449.243293246,133.582566,893157.245675,12.8337729563,10,
1892,450.183831712,866.45274,1310406.93389,8.10779093053,10,
1893,450.198940853,452.7822,6279435.98022,7.48751801219,2.0,[M+Cl]-
1894,450.235497285,708.17946,424714.323766,6.11093249877,10,
1895,450.271394559,46.9637979,520642.202372,5.90178699444,10,
1896,450.921156455,468.911409,1408855688.42,6.66016442534,10,
1897,451.161012704,81.025911,2044268.45272,7.10610895256,10,
2485,619.337459349,64.351932,4061539.84173,9.83846993331,2.0,[M+Cl]-
1902,452.135405636,832.74954,14203020.7877,9.63248143856,10,
2399,586.327362263,60.082764,5420567.03962,2.63566925725,2.0,[M+Cl]-
2221,526.385306795,57.6158601,1775647.19733,11.7298611882,1.0,[M-H]-
1913,455.042912161,47.4987834,5564652.13431,4.93768852673,10,
1914,455.191061469,93.502938,2413980.0303,2.74676862697,10,
1915,455.22474769,42.1210794,78349586.8425,5.85465566319,10,
1916,455.295251161,59.962848,1975401.31678,6.22421687625,10,
1918,456.149792161,722.90334,107081.245618,11.5994597123,10,
2219,526.250374723,40.4151483,7939763.23125,4.45591425028,1.0,[M-H]-
1920,456.227793445,41.9992866,17056234.8615,6.82229871903,10,
1921,456.24601593,543.21393,10444572.0723,6.79209029232,10,
1922,456.282174891,812.90292,1900237.07181,4.91622532626,10,
1923,457.170625703,175.957338,2322882.28289,6.18613023612,10,
2117,501.219063541,38.419341,36035928.269,10.8292338563,1.0,[M-H]-
1925,457.24038201,41.8313754,155946745.736,7.91373851892,10,
1926,457.240503287,485.606784,2004925.97089,5.88859741375,10,
2045,487.251758606,543.171558,2255107.26741,8.00678670999,1.0,[M-H]-
1928,457.248251146,165.052872,6684015.9555,12.8467778002,10,
1930,458.188783926,42.2428722,4034020.00997,12.1925194398,10,
1931,458.19998627,542.689941,319589.258002,13.2122992637,10,
1933,458.224382961,40.9010064,181341939.857,6.11126823937,10,
1936,459.166724848,176.592054,513538.833287,9.19380739196,10,
1939,460.179242343,889.5618,5352204.49209,6.40127529326,10,
2287,546.252589026,596.519499,1018799.59434,9.83673179064,1.0,[M-H]-
1943,460.284263118,46.6867626,226109.294589,10.3562415811,10,
1944,461.16224636,700.51605,1506175.33812,3.63516734255,10,
1948,462.165693485,700.54182,211459.047227,3.40112106066,10,
1949,463.112453641,695.04624,104156.491095,14.0772463948,10,
1950,463.178216633,513.17043,1461957.90847,14.599540405,10,
1951,465.202776916,705.08958,434604.830517,12.1734514882,10,
1953,465.230390393,131.691516,609638.846739,1.68884516249,10,
1955,467.176979661,37.003365,34208258.2782,5.29062437684,10,
1968,469.240179713,41.3455263,189009045.023,9.38821745642,10,
1957,468.156772124,512.99883,1308961.17794,12.957029908,10,
1959,468.209443323,536.249055,1318076.51583,7.51314275794,10,
1960,468.220618358,753.51324,365091.523556,5.82535163848,10,
2098,496.294420733,95.409792,2841998.60763,3.21679399527,1.0,[M-H]-
1963,468.282089872,367.088031,18645992.0594,12.2857277499,10,
2601,680.324870505,57.6158601,2816864.49946,3.01776197349,2.0,[M+Cl]-
1966,469.181334639,493.341951,5342456.95182,3.32224441987,10,
1970,469.269408283,414.160446,1014839.23029,8.49111051679,10,
1974,470.20005314,743.63427,1159752.24235,6.41588495407,10,
1979,471.19893374,497.330436,250148.080337,6.35401059262,10,
1987,473.161867623,692.76441,13192356.6201,12.4989231732,10,
2446,602.222706021,714.64752,235910.413672,13.264864192,1.0,[M-H]-
1996,474.255534761,41.5005852,5821483.7911,10.3505119496,10,
2185,518.286402693,58.5532917,4308411.30615,2.94265868007,1.0,[M-H]-
1999,475.215241044,726.7662,14672539.6004,2.45615794648,10,
2005,477.194556411,743.64048,13308536.5905,6.3610219744,10,
2006,477.2464041,59.543892,442103.147212,14.3135505681,10,
2007,478.198106,743.4996,2391800.58157,3.41098371766,10,
2008,478.323854003,417.454599,1077521.78324,10.6786707392,10,
2009,479.12285285,540.211908,1474355.49652,4.07575180745,10,
2010,479.1897026,582.555276,759392.544774,4.82434125842,10,
2011,479.210125638,491.378952,737595.383608,12.0640902229,10,
2013,480.190422359,70.18311,8926551.60317,4.81012071531,10,
2014,480.192434662,582.734949,109714.858833,12.436271485,10,
2015,480.194180361,489.159774,119286.683657,7.85688375647,10,
2016,480.257171997,639.53982,609293.222678,5.49277399624,10,
2017,481.169389063,36.7801446,35997367.5981,8.01011870192,10,
2018,481.240166548,41.6556459,42646756.9533,6.72392028147,10,
2019,481.275262079,32.8164426,698085.693347,13.5102350337,10,
2020,482.206033844,69.831099,7421555.30274,1.5837920819,10,
2245,534.218806742,40.2807618,14020551.1164,10.7903592027,2.0,[M+Cl]-
2031,484.301972853,56.6421582,751800.789931,7.17136079943,10,
2032,485.002448148,531.012249,41785076.1192,7.01413825581,10,
2035,485.271473239,41.312256,6855924.7714,8.26434972366,10,
2036,486.233927204,64.351932,3342397.80855,5.28267675953,10,
2037,486.255772703,40.9010064,16565546.2549,3.16114661831,10,
2038,486.256179356,433.435608,10929330.5408,9.73691797864,10,
2040,487.177468173,675.94416,89035356.4168,8.26278039526,10,
2041,487.177711779,713.57157,17072133.1842,9.00151087184,10,
2042,487.189672198,823.12992,108111.650431,4.34451688456,10,
2043,487.23037715,344.304612,8296003.80747,11.358837241,10,
2047,487.32371493,455.812224,71603.9491485,13.9556040796,10,
2053,488.248983654,738.87426,5417360.92003,0.24682856285,10,
2319,553.190888498,33.005586,1748896.80097,7.31665073195,2.0,[M+Cl]-
2059,489.218989254,39.3295368,8807594.61397,4.15186196221,10,
2061,489.237836728,40.8802707,4157365.50857,10.667063458,10,
2062,489.276529802,33.0254499,6250991.62369,5.16151704017,10,
2064,490.13897734,539.589456,1820544.35372,4.90840120312,10,
2065,490.138769561,513.13263,877527.827863,13.6935873236,10,
2067,490.21302661,490.223274,228081.832759,9.90986041876,10,
2068,490.226123431,685.0419,3279167.64138,7.00342174374,1.0,[M-H]-
2070,491.189279595,576.019506,177822.101443,11.5095388387,10,
2073,491.224113302,41.6556459,24799335.8318,8.06864254526,10,
2074,491.224108619,78.832725,2257232.88439,4.72127661512,10,
2079,492.21365326,772.61088,865341.284762,10.8040246782,10,
2081,492.237977799,59.2160466,568848.669169,14.0353108205,10,
2084,493.240235184,41.1904029,113501121.999,7.77824870104,10,
2085,494.127739649,1041.86514,855369.362567,10.3035653121,10,
2394,584.304273338,432.102885,3935610.43272,1.16805912198,2.0,[M+Cl]-
2090,495.191331184,310.216317,881911.2916,12.7942171936,10,
2091,495.208267007,35.6084283,207475419.398,3.82930354478,10,
2092,495.227072424,40.071897,15401695.6304,7.39877796541,10,
2267,538.250474743,40.2807618,15129914.9417,6.86984397938,1.0,[M-H]-
2102,497.297659003,95.49459,628741.758818,12.180809694,10,
2105,498.273590239,281.169369,46028552.8208,14.7564478369,10,
2107,499.203340667,38.628408,18170536.2927,8.04004499191,10,
2109,500.175446956,442.216056,1067692.83923,11.9430662958,10,
2504,627.201306832,608.90358,774988.472399,9.14785358683,2.0,[M+Cl]-
2111,500.210691006,793.87437,17362056.5908,7.07283952453,10,
2113,500.24707203,539.575974,858177.721598,9.70705779909,10,
2114,500.288959028,57.3036087,1870498.16592,8.05357926993,10,
2115,501.146338939,104.814744,1551020.6473,8.2610199227,10,
2121,502.133800821,475.062678,2079243.31458,5.1323793784,10,
2122,502.160497976,51.4029639,3380475.07993,14.4830707558,10,
2123,502.250752724,40.9010064,11123695.9051,14.9451453491,10,
2124,502.270741899,540.340338,658872.664197,12.3775446304,10,
2125,503.137394077,475.426872,306233.397029,12.9895079299,10,
2126,503.153574421,36.7265616,19252914.805,8.36374991948,10,
2127,503.172584698,682.81818,2539861.98648,13.3873067816,10,
2128,503.228875483,559.290486,344937.362616,8.8699640091,10,
2129,503.234600827,38.3989098,32792206.1174,7.43310615556,10,
2130,503.230005995,716.76264,1781132.70601,9.10656279218,10,
2131,503.246769661,706.04259,2504059.31315,4.28927699117,10,
2132,504.213346809,542.318712,723825.098297,2.61500227443,10,
2133,504.250074925,705.7272,588793.327228,3.36259046345,10,
2134,505.169432893,36.2486661,62776430.8105,5.08149364051,10,
2135,505.204884855,504.311379,8684641.17203,5.22275005264,10,
2557,649.344401932,73.655586,1879782.48186,5.61585094576,1.0,[M-H]-
2597,674.074602669,48.7165149,307870.900058,10.6278188806,2.0,[M+Cl]-
2138,506.18276883,41.3787966,3196007.60417,7.87027337618,10,
2143,507.187206564,614.05752,246675.497911,7.24242789998,10,
2144,507.229952098,799.671,217108.699048,1.61272429255,10,
2145,507.255800397,41.0022528,7349989.82225,4.57846886191,10,
2147,508.154143822,74.245887,909490.913602,10.2452785762,2.0,[M+Cl]-
2149,508.208387989,784.9806,730802.317751,13.4271097463,10,
2151,508.334215937,416.268282,3006109.94622,8.74680082148,10,
2152,509.337602095,416.19834,637162.333761,7.467753474,10,
2153,509.812171762,939.4269,2381967.6894,9.53462479691,10,
2154,509.812047026,902.19678,1663573.77445,8.26301254449,10,
2512,629.326015775,507.552798,666756.13089,5.69083205829,1.0,[M-H]-
2160,511.202861351,38.6207772,32443452.8491,7.60178657292,10,
2163,511.239258249,35.1433131,44214206.0337,6.27078434542,2.0,[M+Cl]-
2165,512.070303875,519.075405,13654639.637,3.24014934844,10,
2171,514.120847387,460.68723,1111968.51607,11.125742245,10,
2258,536.234742319,40.4151483,19813201.9459,13.4439989117,2.0,[M-H+NaCl]-
2173,514.262421208,636.51618,436075.303368,8.06952722226,10,
2174,514.298984882,699.84216,248449.138313,1.97998757066,10,
2175,514.323638727,64.973316,944437294.138,2.65417052932,10,
2176,515.257754945,889.5618,1570831.24835,7.75298693594,10,
2178,516.204250853,541.933068,286118.031703,10.6135089364,10,
2180,517.168994444,36.040284,37888259.294,3.87600043919,10,
2181,517.2008219,871.00932,815945.923903,6.58525469138,10,
2183,518.186183419,757.76457,11181229.662,10.9021031504,10,
2184,518.260192068,112.042176,258360.203637,14.444184362,10,
2187,519.207270208,34.8002922,20795103.5347,7.63224471287,10,
2188,519.2897639,58.4047179,1086980.78311,4.20626823602,10,
2190,520.225494392,748.06944,78489.4310794,10.6092739792,10,
2191,521.026737942,43.5562716,17501011.491,10.1485650309,10,
2192,521.200781314,35.6286708,29839097.9535,11.1763135533,10,
2345,563.299926391,105.495255,17026704.4679,2.01937823831,1.0,[M-H]-
2255,536.164919193,44.4603723,6225478.74969,5.5140545294,1.0,[M-H]-
2196,522.159057197,946.22097,4361402.18878,5.60073789876,10,
2197,522.223857238,763.50282,132793.148345,6.85745229657,10,
2203,523.197313828,512.849592,591793.068352,8.73896756512,10,
2204,523.214952367,616.95132,152990.660061,10.0620768183,10,
2205,523.215057895,535.45362,3241335.15081,7.42057439914,10,
2206,523.225231651,1078.0104,4035201.37108,5.04327053329,10,
2207,523.238953248,33.935952,5245630.84761,7.08532111418,10,
2265,537.284511061,118.155987,1429306.37951,5.95238616356,1.0,[M-H]-
2209,524.055602957,49.4729085,67556074.1156,9.44270581078,10,
2210,524.163959776,946.49562,128540.115568,5.73483136898,10,
2211,524.217858367,535.933434,588414.943315,5.57397487878,10,
2212,525.057119094,49.4729085,17256878.2188,9.42740671986,10,
2213,525.073855912,513.033492,838010.936065,14.8937051423,10,
2214,525.18062001,40.071897,5478799.29589,14.3184275354,10,
2215,525.303509328,316.419852,4144124.4634,10.7556014575,10,
2217,526.196144,989.98059,20563421.9749,6.57235997837,10,
2220,526.262511923,817.72398,1996906.7492,5.97604537701,10,
2223,527.197978938,39.6397224,14901326.8567,11.1860140032,10,
2224,527.221397559,868.10844,500348.508782,5.79016970078,10,
2225,527.332956145,105.779349,3257532.24418,10.2604595646,10,
2227,527.388671136,57.578913,413670.324969,7.20254803299,10,
2228,528.229568473,41.3787966,5602526.96075,14.5714335137,10,
2229,528.27822444,542.893446,1587275.61276,9.37677426107,10,
2230,528.37596525,539.748393,1171151.23045,11.6976587116,10,
2231,529.169179692,35.5399743,46973748.6561,6.78601463981,10,
2232,531.08177556,105.552522,1533798.47654,5.74272144126,10,
2233,531.216481483,870.20808,1074688.6252,6.41916475952,10,
2234,531.254303343,69.516411,148938319.506,1.590896245,10,
2235,531.277738834,441.410568,3242080.1262,14.0123625577,10,
2236,532.215799477,574.386009,344050.511972,10.4374486475,10,
2238,532.26025773,478.858464,1648971.85706,9.19803157861,10,
2239,532.281368875,577.486125,527428.709594,4.29041252666,10,
2240,532.924231439,474.521031,17076152.7026,11.1248038948,10,
2241,532.924202043,462.058326,16536036.8122,8.29286024773,1.0,[M-H]-
2242,533.183023601,698.89737,4116123.01915,5.32097736016,10,
2244,533.984905249,2083.92702,1329425.18761,14.4563240397,10,
2246,534.241828982,836.9859,166054.355037,6.89693252178,10,
2248,535.218684734,629.79792,381454.281719,7.20156028829,10,
2249,535.219179188,831.30366,269757.863736,6.17800367803,10,
2250,535.236413785,804.37722,2476644.8062,5.58749556419,10,
2251,535.251296137,440.464461,1656430.71937,13.3779127288,10,
2254,536.138269921,896.8146,2183383.4991,11.1402423021,10,
2566,654.261680728,707.36514,592161.735359,1.79720778061,1.0,[M-H]-
2257,536.220439237,814.91115,2072757.30484,4.65575329565,10,
2259,536.261450517,69.673533,504443.226699,2.07163158625,10,
2261,537.148964962,44.4603723,12194491.8685,10.1279357314,10,
2263,537.230795707,485.181123,3392232.1018,5.84038958049,10,
2268,538.248856399,541.998342,1451977.66581,1.7901815566,10,
2269,538.344900704,413.960124,3943823.04765,9.67411021998,10,
2270,540.218526317,598.092915,911679.185166,2.8706945076,10,
2271,540.401146792,56.7359229,2599659.80827,14.2187373577,1.0,[M-H]-
2272,540.986162532,72.036504,1217964.42293,11.277818046,10,
2273,541.298442234,425.607558,9906049.82569,6.97782010378,10,
2274,542.236440076,456.335799,1842294.67334,3.37056979299,10,
2275,542.294085059,986.7798,2860017.47487,6.17141681522,10,
2277,542.984347207,71.884023,1398680.45808,12.7936769851,10,
2278,543.241752332,590.647446,881441.225185,6.72963708357,10,
2364,569.460006279,32.8164426,1495566.18102,8.78761992536,1.0,[M-H]-
2282,545.033927018,458.6202,162897.835659,14.6086280299,10,
2283,545.220338557,647.52168,165420.395673,5.54106973584,10,
2284,545.231640462,544.136871,261170.853816,10.3035570243,10,
2285,545.256908258,602.77881,202104.581482,11.159421916,10,
2286,546.149468302,44.3039364,2734393.98343,7.22001592221,10,
2288,546.277722179,733.6338,175673.62898,12.995155919,10,
2289,547.1983364,634.93881,284331.428032,11.6257323859,10,
2290,547.213749139,433.198248,9545911.66479,3.72415771844,10,
2292,548.209401577,591.293469,2720384.1027,9.26986018952,10,
2295,549.123928782,825.7701,261566.955007,7.77305144327,10,
2300,550.200652962,32.8366842,1151847.22511,12.6915184164,2.0,[M+Cl]-
2301,550.213348886,434.317047,8237284.28961,7.80969597726,10,
2302,550.225996241,580.249608,83206.6899344,14.6817154886,10,
2304,550.736771816,505.449063,3471778.27378,4.54495576382,10,
2518,633.034355859,519.627456,2655754214.45,4.44440217084,2.0,[M+Cl]-
2307,551.216994959,435.070092,2066595.98426,7.96944500806,10,
2308,551.246369058,411.423252,8178552.33575,13.3021112547,10,
2309,551.299961315,118.133538,671506.719716,12.1117634728,10,
2314,552.970802745,2100.11658,732182.058556,10.5527432377,10,
2315,552.970533783,2026.9713,1771022.58017,7.95020583354,10,
2317,553.15379892,919.96227,5767322.43157,13.1517464055,10,
2318,553.169074029,34.28655,5365987.58702,14.3106342049,10,
2320,553.221770309,685.21761,2332746.50752,6.50894072744,10,
2321,553.897971393,468.598722,5846446.57953,8.83156293639,10,
2323,554.219591143,872.955,540860.006569,4.24815908716,10,
2324,555.220154856,442.523883,2019676.91132,13.0723956529,10,
2326,557.230448589,629.58249,232374.315316,12.2699316636,10,
2327,557.230849378,605.14236,183892.721935,4.54917911712,10,
2328,558.14618447,888.92445,1524707.74775,4.85046126097,10,
2330,558.296036022,99.0921,928843.106347,7.09261678544,10,
2331,558.734231245,555.441129,6228234.80786,5.32666872991,10,
2333,559.17069293,907.70268,7365628.05535,5.23263335527,10,
2334,559.235767879,555.623121,3645205.55459,4.74337099769,10,
2335,559.247540883,777.67404,1603333.49944,11.5674361008,10,
2336,559.735870529,555.526362,1504721.67122,3.86152813384,10,
2338,560.231357668,843.18552,109431.21867,5.51248813357,10,
2535,643.12900863,540.371157,424820.81246,11.5173951312,2.0,[M+Cl]-
2340,561.216318589,577.187484,1383139.34931,3.4895758204,10,
2342,562.352469051,57.2666508,15901369.3755,7.59543434667,10,
2344,563.246861022,597.012999,471493.363729,9.35132749647,10,
2496,624.360710068,64.351932,8155083.07178,6.39419877816,1.0,[M-H]-
2347,564.226816945,903.47943,3055057.55964,2.44002159109,10,
2350,565.230185012,903.49914,630916.26061,4.91434686773,10,
2351,565.261970495,434.766363,14919984.0437,4.70473985792,10,
2352,565.36085772,64.351932,666783.16511,13.1792692761,10,
2555,649.008675689,529.34922,33454638.4413,11.436746687,2.0,[M+Cl]-
2355,567.005443729,514.866411,29469501.5344,9.89505623628,10,
2358,567.375560086,63.101817,25708109.924,8.02929908745,10,
2359,568.246495514,673.8726,960782.5635,5.84778309362,10,
2361,569.24725342,581.265834,308463.438148,7.88924212329,10,
2362,569.268389533,645.0177,1431093.19057,12.2548099991,10,
2363,569.381470023,63.294456,1373968.95738,10.7909347799,10,
2365,570.325070692,450.210897,16177226.3268,4.29300717701,2.0,[M+Cl]-
2366,570.332479821,63.31068,479353.357956,9.88981115465,10,
2367,571.308809929,705.41496,161866.812178,10.7296508873,10,
2369,572.311115295,98.880153,523240.688674,8.97353050806,10,
2371,573.148572373,44.4256068,493807.538549,8.42311074381,10,
2372,573.21879455,811.15047,38340329.3459,7.8966113099,10,
2373,573.263307209,763.69104,4764503.46606,6.52282314585,10,
2375,573.364809283,66.85254,133634323.924,4.17493704515,10,
2380,575.249811381,805.75416,165231.121152,11.7561465143,10,
2459,605.289757786,511.838676,1156096.99087,8.73372325861,1.0,[M-H]-
2384,577.198143801,739.53585,1108959.74675,3.37730391168,10,
2385,577.258113398,657.1212,1090845.20745,6.13707726642,1.0,[M-H]-
2386,578.193332625,669.75846,389222.835346,14.1464766035,10,
2387,578.24225854,742.68135,1462988.173,8.16229169329,10,
2388,580.188037593,42.6617562,9134116.38667,7.5361630431,1.0,[M-H]-
2389,581.348337123,1156.11165,18106006.3467,7.93420455295,10,
2391,582.979014811,512.719746,506695.185209,13.8804947663,10,
2392,584.022535965,51.366765,29938016.8408,7.28328381114,10,
2393,584.230012995,896.66232,258298.13429,10.3140745562,10,
2395,584.304338038,641.74398,1022148.9478,5.32923033488,10,
2397,585.203655103,64.664298,3054071.75877,6.4738317527,2.0,[M+Cl]-
2398,586.298702742,297.53931,336875.973339,4.9471000062,10,
2400,586.999150244,878.06616,377428.194858,6.49193962504,10,
2401,587.058722945,45.6234219,6612661.81526,4.12507245946,10,
2402,587.158858316,609.43935,1489389.53107,9.87153300266,10,
2404,587.273315471,54.4528026,11388180.2913,10.1828652587,10,
2405,587.329336093,59.8498479,1567644.24471,6.6605051555,10,
2406,587.348174584,56.7246801,3729366.69167,3.06630789855,10,
2407,587.380492274,61.650504,878594.719955,2.51761614519,10,
2408,588.059983009,45.7797948,1891403.97512,6.78765393097,10,
2410,588.26318877,579.439662,1902530.52292,6.67955946749,10,
2411,588.265816951,92.555196,577471.048139,5.15102587737,10,
2414,589.258210763,810.2757,1120730.19181,3.60861944723,10,
2415,589.289336909,61.223448,20307391.2475,4.10349388835,10,
2416,589.325947345,62.356089,5085590.39001,4.33097329069,10,
2417,589.982387488,458.300952,110232.320722,5.28368788061,10,
2418,590.278722571,638.04156,7149469.35644,6.20890809748,10,
2421,591.068414511,40.9010064,44361281.7872,5.13136350418,10,
2422,591.237855949,945.73281,4735525.74631,5.5308425375,10,
2425,592.240214877,640.97985,469325.867164,6.07429142299,10,
2427,592.258006536,731.36529,13095948.8465,6.46880349528,10,
2428,593.177532685,280.363164,3725580.92379,12.8943331883,10,
2430,593.271824308,300.442188,435517.878452,8.23403638132,2.0,[M+Cl]-
2431,594.074020218,519.075405,11126001.4983,4.93978290109,10,
2432,594.237468603,838.12464,625430.929076,9.62638522196,10,
2433,595.268648018,684.21591,695140.833891,14.5905307121,10,
2434,596.351951047,608.64141,2166992.19448,4.51641694941,10,
2436,597.422627506,65.129502,5190216.77173,12.4140153255,10,
2437,598.248774538,458.434209,192611.62715,8.33103316398,10,
2438,600.110581528,475.109874,511344.30386,11.0570870132,10,
2439,600.335640495,481.011834,1022968.11324,4.46645264511,10,
2498,624.433501511,76.917807,316093138.272,2.77136784917,1.0,[M+H3CCOOH]-
2441,600.957326086,92.915088,377310.689424,6.49659340807,10,
2442,601.219548886,714.50574,1066394.36871,7.08414366179,10,
2579,663.273968223,540.848646,2293601.06504,6.38373621986,1.0,[M-H]-
2444,601.338550704,481.173144,241050.191556,12.7423945124,10,
2448,602.950859092,72.00219,627009.732872,10.6709388831,10,
2449,603.273776292,759.67956,9722999.17507,6.63234846211,10,
2450,603.342609161,64.817061,3824353.23725,4.88337044159,10,
2452,603.411604508,57.3036087,755135.729797,13.9604803214,10,
2454,604.294475744,602.12172,7252963.56818,3.24115763431,10,
2455,604.30950943,754.54347,4377315.93578,2.29416735024,10,
2458,605.268246954,548.58798,262968.24569,6.27396433476,10,
2462,605.321639221,62.048502,1065447.67203,6.33707678957,10,
2463,605.395202329,77.42904,975432.33487,3.39543284077,10,
2464,606.252233129,531.528126,17135638.461,7.22290879023,10,
2465,606.292758867,511.372455,237160.114255,9.90603851711,10,
2466,606.29996076,602.184,372350.862666,5.1932568582,10,
2468,607.272461543,480.351456,656268.17796,3.37548383029,10,
2470,608.275246964,480.351456,145367.588482,6.18474629627,10,
2471,608.271473341,755.83752,139463.715573,14.1687347423,10,
2473,609.299811844,835.10328,8747729.50538,11.3272195759,10,
2474,611.365356567,66.067434,10412866.0285,6.9405750003,10,
2475,612.097451654,460.909566,1243533.84532,5.14167801898,10,
2476,612.335551137,543.248073,703858.927029,8.49537117281,10,
2480,614.293479464,400.889607,420341.34116,12.3143335705,10,
2482,615.310347716,722.23203,762724.584372,5.05645897154,10,
2600,678.451383961,57.9282339,841123.310975,3.70942872379,1.0,[M-H]-
2484,618.24796087,922.80606,127028.705959,5.81617063065,10,
2486,620.268125828,136.951926,1915070.82677,5.55629330905,10,
2487,621.230427679,725.80884,4017748.76016,5.02596540092,10,
2488,621.945197692,760.32126,833519.983755,13.8872967497,10,
2489,622.047810091,511.982124,513872.352783,10.5747610366,10,
2491,622.515293223,57.578913,870883.743615,12.8078749555,10,
2492,623.242587928,699.54408,1030478.81477,12.743771996,10,
2493,623.438240449,63.603018,1547116.46724,13.6283139736,10,
2494,624.144703756,857.63436,1339461.84645,7.60336591033,10,
2495,624.245115977,699.5184,240675.779405,11.5306049123,10,
2497,624.371798039,477.979986,307257.280125,5.14366194991,10,
2499,625.25720155,851.42493,989480.455689,6.49271458444,10,
2502,625.454174965,62.986626,2772306.94007,14.4576129012,10,
2506,627.274023596,663.44472,8122552.40997,6.90436149484,10,
2507,627.408039387,78.17517,163246277.469,4.56158259053,10,
2510,629.264694392,947.19465,1815703.93442,5.20522800603,10,
2514,630.284756507,781.73736,3257928.72193,7.16863060409,10,
2517,632.304452606,510.635532,5981420.11968,0.349977409692,10,
2519,633.283934114,704.41341,527627.614112,4.50562862648,10,
2521,634.286595063,704.51496,105945.966761,14.5817679909,10,
2524,636.295236593,684.4632,1052431.39794,4.93562508267,10,
2525,637.348217768,66.539979,1698450.87126,5.31551367126,10,
2526,638.278902458,589.053981,1975286.57995,5.09489071822,10,
2527,639.261529383,578.737335,524018.270298,8.66917120077,10,
2529,639.346523855,457.941348,2507484.48843,5.510432152,10,
2530,640.269015025,873.27006,519514.286805,7.85275537173,10,
2532,641.361795942,447.885081,248204.212148,10.5082091918,10,
2533,642.272083735,791.25678,637921.26378,7.3364919829,10,
2534,642.346535791,578.625045,784547.942583,6.8525165367,10,
2536,643.341795542,561.808653,1030362.09162,6.22743429138,10,
2537,644.14602449,484.859991,275247.999235,10.9348958359,10,
2543,646.336647469,73.648695,229326566.97,5.56066167252,10,
2539,644.467128379,57.6607335,15060813.1157,13.1306584695,10,
2541,645.387768278,64.088055,2094800.95054,14.3843931174,10,
2542,646.323448669,707.44554,209913.089186,9.32467510283,10,
2577,660.363174832,1078.12362,1807905.2363,2.80907684604,2.0,[M+Cl]-
2545,646.874996048,468.911409,541703985.397,7.19104539721,10,
2546,647.02554846,45.5880954,3247154.13134,8.81553958879,10,
2549,648.026312436,45.4666788,993135.685071,7.12825963044,10,
2550,648.259272915,985.42518,14785030.47,5.65837871367,10,
2551,648.320806543,627.94917,1224220.60248,4.14498080628,10,
2553,648.352905051,57.3036087,7718120.58222,2.56037789549,10,
2561,650.419964976,57.6686598,1500575.4828,6.80606916216,10,
2563,651.874838421,468.725133,6912685.1064,9.37796671516,10,
2564,652.870228042,468.98727,4378359.55851,10.0381871929,10,
2565,654.064583389,48.311184,7688340.31831,13.0725046097,10,
2567,654.313331108,297.53931,538517.282072,13.5809120025,10,
2570,656.244853107,137.494242,6843017.06136,9.60465088477,10,
2572,657.357166553,533.39088,2781033.18309,2.63435299449,10,
2573,658.242005252,137.618766,2017281.73206,5.21676570781,10,
2574,658.323381613,438.885162,5250925.43077,14.6259445876,10,
2575,659.27532107,923.88486,3166631.25306,3.78744720053,10,
2578,662.335894483,546.432408,358802.162514,9.38477729885,10,
2581,664.982805562,512.719746,470927.264857,4.97243714378,10,
2582,666.058802904,32.8164426,19570838.8977,3.76319176831,10,
2624,696.491704393,77.860485,3473303.46363,1.59464586279,1.0,[M-H]-
2586,668.062981498,32.5254366,2233546.63191,4.52545872211,10,
2670,740.492209184,91.448265,48973274.599,9.78755622874,1.0,[M-H]-
2604,684.184115513,43.5221358,7115054.35697,10.1074852342,2.0,[M+Cl]-
2589,670.256723778,835.51416,2386861.74979,8.71080267092,10,
2590,670.994702349,72.041394,687759.820722,2.95409033273,10,
2592,671.336435114,732.01854,568446.051439,7.8404209125,10,
2593,671.373037524,629.47182,294649.992809,11.7710777749,10,
2594,671.3729093,496.008486,328256.570677,10.3416792384,10,
2596,673.075957024,48.8447244,714047.081125,2.9680133933,10,
2598,674.311307035,627.8409,338001.635511,7.73884470735,10,
2599,675.321594439,925.08618,491901.081977,11.8329828685,10,
2603,682.348201042,77.113944,1508889.69797,11.8124813983,10,
2605,685.166721185,43.8347574,11271327.7183,5.38038293308,10,
2606,686.168990019,44.21412,3743204.71502,8.27792701934,10,
2607,686.449268449,71.884023,5406477.25743,3.29785963833,10,
2608,687.306451746,835.5918,1193067.25027,4.54838672021,10,
2609,689.080135693,512.849592,615499.421474,8.94098299742,10,
2610,689.347069358,619.83738,570023.210773,3.20399383977,10,
2612,692.304353437,448.78092,1953247.81932,1.97343516502,10,
2613,692.329000598,670.42812,223335.693461,4.0202068031,10,
2614,692.32564955,439.200966,4221781.47476,12.0736546867,10,
2615,693.328937149,438.918168,1367938.8537,11.6890769975,10,
2616,694.168621003,43.3660128,2745819.33121,11.4590005207,10,
2617,695.336910008,850.16496,945239.555419,4.6043690486,10,
2619,696.184715593,43.2097638,4765071.58118,8.61002341994,10,
2620,696.294239662,831.37668,5654263.92658,7.47753811925,10,
2621,696.368347319,617.93295,555661.980335,2.93986263273,10,
2622,696.404742772,848.74548,1917076.911,1.31589283585,10,
2752,814.19240267,42.1415052,12554370.0511,4.66038911344,1.0,[M-H]-
2628,698.087557807,475.062678,306209.558797,14.5515647001,10,
2629,698.169387698,44.3357904,1935960.04205,10.2052438922,10,
2630,698.272966979,899.57802,214053.221948,13.1449190084,10,
2631,698.28751226,696.98274,737685.347463,10.5796653138,10,
2632,698.311006116,682.48242,4537862.46915,11.2709603578,10,
2633,700.415323257,63.843,1902844.64333,4.09679638227,10,
2634,700.916721122,63.603018,1718271.92363,13.5234360491,10,
2635,701.321292897,840.57402,213868.610946,4.54418072792,10,
2636,703.363044537,590.966133,1963537.36293,9.23894260032,10,
2637,704.050899951,512.320947,410923.92135,12.6633504022,1.0,[M-H]-
2638,704.325381717,437.304618,6359058.16028,13.2865628813,10,
2639,706.408842897,74.521056,651031.85061,4.77596534871,10,
2640,712.293961253,448.135002,421869.78458,11.0571938994,10,
2641,713.280257413,873.92718,267581.417475,3.81077802499,10,
2642,713.473158258,91.448265,95188106.7616,8.34283977421,10,
2644,715.037432246,519.627456,1988561110.81,4.39149059215,2.0,[M+Cl]-
2647,716.358071895,744.60987,682187.202439,9.49171615511,10,
2650,717.067199201,45.0869373,2781736.34019,4.50514614671,10,
2652,717.428838002,76.152432,398936.157454,9.80549961909,10,
2655,718.285222099,59.2160466,596319.011971,11.0394705068,10,
2656,727.399271275,492.852768,945924.525879,5.18618458577,10,
2657,728.402204829,492.754128,327239.386975,0.952652525398,10,
2708,771.566710602,65.132928,11912022.9943,7.37037413055,1.0,[M-H]-
2662,732.580078501,37.9336074,11993204.5327,12.9547610033,10,
2740,806.21498948,32.3481987,1563544.67075,5.08870828483,1.0,[M-H]-
2666,737.51778009,89.446776,26852348.0061,1.82060893101,10,
2668,738.340833957,691.77582,979775.227293,10.2787347634,10,
2672,742.324453004,752.59935,1014813.97783,2.28176649934,10,
2674,743.283914751,949.66239,1955884.44466,4.64840488878,10,
2675,743.368531969,599.762082,189578.384134,12.657435535,10,
2777,842.828864333,468.911409,170968485.889,8.84093422452,1.0,[M-H]-
2784,847.829861414,468.805461,5318506.55199,6.80883557477,2.0,[M+Cl]-
2688,756.039156049,519.783207,73156139.4137,5.5229234432,10,
2692,758.319567079,797.27388,625740.72067,3.67807239183,10,
2693,758.43762334,65.289054,3114023.71566,2.50229582811,10,
2695,759.321854413,797.14602,154350.952733,2.46457366944,10,
2697,760.610867781,37.6234863,12702324.5456,14.9769038688,10,
2698,761.43695662,65.337609,7050956.96094,4.28219975244,10,
2699,762.342124193,604.15824,402609.098556,7.68566280535,10,
2701,763.344263893,604.34694,121107.34238,8.88851945338,10,
2702,767.368963392,715.77414,2198659.40665,5.47407058699,10,
2703,768.333448296,942.26262,192551.945597,3.59999708777,10,
2704,768.371628274,715.79874,734641.91652,13.6841357596,10,
2706,769.347171273,691.56702,104605.975478,13.0513781582,10,
2709,772.334873927,779.56218,1198703.49944,3.99800125719,10,
2711,777.431691363,65.914359,12010121.3172,4.65690176974,10,
2712,777.518548721,64.853514,3869223.88955,0.937768469181,10,
2713,778.435023051,66.067434,4982390.36653,5.3808101095,10,
2714,781.507396492,91.806216,46680715.7491,2.42908486726,10,
2717,784.274891485,760.28736,1841178.9754,10.8142225043,10,
2719,785.013139814,523.221858,29789739.5823,7.60370149865,10,
2722,786.528305657,73.577442,3291168.67986,14.3472159675,1.0,[M-H]-
2723,789.521674821,78.293526,964216.600716,14.9703422311,10,
2724,790.394366228,616.22238,309829.220984,4.71175748459,10,
2725,791.353612848,825.08592,478003.467107,8.32638147465,10,
2726,793.261098978,878.6937,4272257.21207,9.21437831956,10,
2803,879.54533078,519.783081,59156580.2312,9.26556642455,1.0,[M-H]-
2732,798.374859139,856.16148,4764143.08279,3.96551478725,10,
2734,799.334318997,611.77488,90942.8575106,14.4593203365,10,
2736,799.376744111,555.027516,211853.958804,4.14077426535,10,
2742,808.050631979,460.594194,330104.995386,12.9101140876,10,
2744,809.383398362,374.03961,6195704.28568,12.1536574524,10,
2745,810.386658135,373.877799,2775985.71601,14.3845677533,10,
2748,812.390331628,744.12321,1392020.05499,3.99950771784,10,
2751,813.546943535,71.726148,1854734.98626,13.1575509253,10,
2753,814.5595622,72.317436,6540796.23294,14.3907972034,10,
2754,815.176356359,39.970584,73915529.6556,3.83752233399,10,
2755,815.56333558,72.63231,2906031.7013,13.5259941925,10,
2757,816.573328177,72.407676,2381252.3208,12.8230922173,10,
2759,817.576899268,72.086826,761258.197021,14.7129511648,10,
2760,823.276131882,502.85094,836751.725901,6.93086070757,10,
2761,823.777563479,502.85094,599963.948768,11.0520370347,10,
2762,825.160287483,39.8285658,10549453.1926,9.35717041994,10,
2763,826.193419675,41.3455263,22453453.354,4.21438943704,10,
2789,850.601686211,112.860873,5895218.84031,4.6476612635,1.0,[M+H3CCOOH]-
2766,829.405077094,697.62852,514546.98429,12.0626145557,10,
2767,830.321681691,811.15047,7898435.00487,10.7332642735,1.0,[M-H]-
2769,831.369406614,62.000832,1205603.42407,8.5498464889,10,
2770,833.415783651,680.56011,2204527.85846,7.35497420844,10,
2771,835.356368673,793.42338,214444.943998,7.38286539635,10,
2837,961.046278891,519.783081,337473041.582,5.190626021,2.0,[M+Cl]-
2773,838.543852484,519.783207,54469248.1035,5.86152864007,10,
2775,842.340655035,742.66404,7961757.198,6.42256288278,10,
2806,884.65035996,77.231862,3291641.81277,5.75300550479,1.0,[M-H]-
2808,890.515796809,76.16175,3011863.59045,3.41011521078,1.0,[M-H]-
2826,940.805686664,468.866022,84367193.3928,8.94928275358,2.0,[M+Cl]-
2788,850.191315076,41.0685498,5272001.72628,13.6906207335,10,
2791,853.576691131,112.975452,2505730.93293,5.58061813649,10,
2795,863.390009378,628.27617,596876.836821,11.786411982,10,
2835,949.019689738,522.132681,29729596.5393,10.0586894058,2.0,[M+Cl]-
2797,869.550511773,1156.4055,4333225.62678,7.63666828021,10,
2809,890.604047271,77.37879,1706106.84836,6.43459884721,2.0,[M+Cl]-
2801,877.163514045,171.142773,10545518.6398,6.08878778288,10,
2802,879.043495572,519.558207,592907099.197,5.31591422167,10,
2810,891.519200542,75.838542,1262261.23588,4.45828748083,10,
2814,892.81682597,468.709707,9722246.2022,12.2025749611,10,
2816,893.490931735,647.2026,723629.926066,9.374469801,10,
2818,898.295659353,892.01604,210797.173632,8.35836867992,10,
2836,959.788440755,468.462876,5090469.32288,8.57286691578,2.0,[M+Cl]-
2820,910.531089472,93.275094,323672.979409,12.7840794456,10,
2822,920.044773935,519.697596,118142240.053,4.96331472752,10,
2824,921.047791848,519.675078,25361121.1688,6.50093352484,10,
2825,926.476074421,715.10868,131490.950038,4.8057660606,10,
2838,961.474148055,714.02283,1647197.68198,4.12972899979,10,
2845,991.294245263,468.709707,2926132.93608,12.5047593165,10,
2847,992.456902764,660.00438,546072.109656,7.65827113559,10,
