peakID,mz,rt,maxMeanIntensity,RSD,bestScore,bestAdduct
189,146.044053393,616.61433,1370750502.62,1.54148958231,1.0,[M-H]-
2,103.001835209,92.986554,10716110.754,2.86489483795,1.0,[M-H]-
3,103.038248129,121.968414,22862172.1692,2.7298769197,10,
4,104.03343306,568.572645,131876166.395,2.03022179893,1.0,[M-H]-
5,104.04156739,237.724137,20861512.1394,2.5501538139,10,
6,104.949613306,92.046114,649274.403291,2.87870384303,10,
7,105.017494099,422.764206,13103646.6075,3.48937731453,10,
9,108.010649717,507.621642,3189242.77458,1.38373584695,10,
196,146.865033516,144.192351,129519953.744,4.37335412259,2.0,[2M-H]-
11,108.91801445,152.322372,3682542.11518,4.05203229116,10,
12,110.022861624,105.629943,74233461.8616,2.21972671111,10,
13,110.070550046,761.52726,34994365.4691,4.44325667872,10,
14,110.897238947,144.294918,101348099.617,8.62756937028,2.0,[M+Cl]-
15,110.956112373,49.6525749,736536.834843,5.93830320384,10,
16,110.97386598,49.2016128,40158497.4085,2.85184578318,1.0,[M-H]-
1085,243.060841492,105.629943,2957222296.85,2.2325461133,1.0,[M-H]-
18,111.018140521,64.849983,110617828.9,3.8559814651,10,
499,187.107066212,390.786012,402316970.759,1.53051283169,1.0,[M-H]-
21,113.020178737,91.720059,5421061.31063,3.91605217473,10,
104,131.044364984,575.674686,179234959.072,1.16499013011,1.0,[M-H]-
23,113.070250685,450.230241,66149.893688,11.6890113071,10,
409,175.070699968,592.127916,111614292.518,1.86844335745,1.0,[M-H]-
25,114.029061371,133.54626,2419815.19998,5.24982032979,1.0,[M-H]-
26,114.054217788,452.846817,265021369.072,2.80671920061,1.0,[M-H]-
27,115.013095957,68.32011,750511.5835,9.93766001974,10,
28,115.038210364,61.738899,39647218.1561,1.82077278914,10,
29,115.074589762,56.4008349,25974138.9703,10.8582649852,10,
283,159.075779855,547.39326,264224312.183,3.8755006423,1.0,[M-H]-
640,203.080912321,282.58083,891920414.721,1.44282267492,1.0,[M-H]-
32,116.060861101,452.753592,307271.057861,7.32441766456,10,
705,212.058160504,403.771308,10519237.7858,8.41840772482,2.0,[M+Cl]-
34,116.089241461,547.504356,326788.259573,8.91460097602,10,
183,145.059996308,561.231567,2000014819.67,2.54986127546,1.0,[M-H]-
2125,310.114631768,122.764653,2431497.00374,3.39245159148,2.0,[M+Cl]-
37,117.053858734,101.404986,20668419.6124,4.25995551891,10,
40,118.04916182,620.67462,21917167.6387,1.75133593707,2.0,[M+Cl]-
41,118.049125233,544.675065,78830919.4097,1.76743960412,10,
42,118.049128791,520.338111,291638908.362,2.62732273899,1.0,[M-H]-
44,119.034681593,120.837426,4185783.56328,1.36394414801,10,
448,180.064836694,396.168975,2101014837.88,1.67054617062,1.0,[M-H]-
47,119.945179217,462.310632,761378.707082,4.28939963608,10,
49,122.022904019,179.861451,130336677.626,2.2916057263,10,
1122,245.064945451,105.601221,34040715.6833,1.50193999091,1.0,[M-H]-
51,122.070543513,390.77112,603791.314137,2.14608650318,10,
52,122.89228344,48.1071096,6313752.89595,13.5679026014,1.0,[M-H]-
54,123.900270136,142.44966,24882592.2399,5.67168004886,2.0,[M+Cl]-
55,123.900256686,419.511042,47096912.3355,5.36067603087,10,
56,123.900281803,117.258441,19228401.3858,14.1502622029,10,
57,123.900182319,280.936086,66796807.9399,7.43974646204,10,
58,123.900238415,338.569803,51967657.3885,11.8969011789,10,
59,123.900246498,309.921777,83014002.7342,7.43820620767,10,
60,123.96912329,62.986662,432293.506529,10.0634046683,10,
61,124.005533075,408.702876,107914005.027,9.24108717316,1.0,[M-H]-
62,124.989543698,163.483905,14630246.0861,3.45708985513,10,
63,124.98949647,45.1308768,43786813.8283,2.07326930933,10,
65,125.041371967,504.077604,14444765.7859,1.33019355441,10,
962,234.075378651,166.696578,6524357.5726,4.1281598089,2.0,[M+Cl]-
164,140.974147723,151.651317,41251579.7146,1.98293469795,1.0,[M-H]-
68,125.992844297,45.2880003,685318.943276,10.7688646697,10,
847,224.048607598,142.401684,3841297.67165,5.29934929557,2.0,[M-H+HCOONa]-
70,126.934084793,54.5249151,1222261.43273,3.13184998904,10,
1157,247.009962609,44.8173168,3039861.13124,4.52148405151,2.0,[M+Cl]-
72,127.038257461,70.54935,23508523.8647,3.11031369134,10,
515,189.086385167,543.399387,135281618.959,4.08193975349,1.0,[M-H]-
75,128.008333328,109.540797,4009619.48577,1.928160234,10,
77,128.033473879,419.511042,162156000.06,2.19784834403,10,
378,172.096232662,125.895948,124594727.014,1.23695909382,1.0,[M-H]-
1382,260.916915035,145.846707,2316346.78886,4.55852192368,2.0,[M+Cl]-
83,128.890347711,161.262795,27845390.9682,8.9058284887,10,
1176,248.022216,54.5451399,3106388.9725,2.83668061571,1.0,[M-H]-
85,128.994164833,91.351092,2666232.20301,2.91869140749,10,
86,129.010897638,167.496909,1275632.7734,7.88121080962,10,
855,225.042159708,57.0257034,36177002.7629,2.87835231976,2.0,[M+Cl]-
388,173.091374924,387.290343,131512691.893,2.09692021975,1.0,[M-H]-
389,173.091378588,488.087061,32775338.2278,1.39210457505,1.0,[M-H]-
854,225.018152885,297.428991,1210645.56729,3.21922919359,2.0,[M+Cl]-
94,130.037552755,419.813724,314618.651301,10.6510618152,10,
95,130.049157317,504.539703,45109428.3533,2.37849479582,10,
1710,283.076926737,280.622712,131589389.675,4.35199794714,2.0,[M+Cl]-
98,130.085482015,310.190724,3765592513.48,4.80366019914,10,
893,228.062907027,338.569803,15952158.4225,3.93189019406,1.0,[M-H]-
102,130.887456368,161.423286,32584203.2323,14.6139242759,10,
103,131.044382673,648.1506,26214896.2985,6.04218233846,10,
105,131.044376258,593.864946,83547167.2529,3.02455035809,10,
107,131.069540981,76.654326,75305807.2619,1.49732205855,10,
392,173.102634995,896.66598,3075664037.32,4.81866752894,1.0,[M-H]-
110,131.080753893,944.94894,74712118.6651,3.28556879374,10,
112,131.888189262,163.035798,3265990.06627,10.6729871417,10,
115,132.02834169,648.10815,77665749.2252,3.93095111976,10,
116,132.028429855,681.22374,17069742.0808,6.42729391364,10,
117,132.028461446,457.366683,1606773.87431,2.85885853789,10,
118,132.028405716,631.71078,67873606.5103,5.34902259411,10,
119,132.039772438,535.881276,421010.745339,4.97922616273,10,
120,132.047479462,488.437158,196585.454744,13.4139436181,10,
121,132.064835464,534.746967,4503836.81994,1.75224840178,10,
122,132.064868024,640.35636,3183652.09503,5.71976273777,10,
124,132.866025546,378.35565,35811510.6228,7.96548331897,10,
125,132.866067321,141.194373,71280447.7174,9.96314940049,1.0,[M-H]-
126,132.866013234,360.166851,37959001.3629,5.35966756519,10,
127,132.865971297,280.936086,87936630.0605,14.5393495767,10,
128,132.866099302,460.571433,7665908.21901,6.07892368469,10,
129,132.866025063,60.168096,45579938.7728,6.70903211797,10,
130,132.86590516,309.40554,80053483.3387,10.7964878844,10,
131,132.866042132,419.492892,15359707.0145,3.27818073738,10,
133,133.04880335,100.776618,39511416.5754,6.22116054076,10,
134,133.068203326,640.47054,113191.906264,1.42787141994,10,
135,133.989854031,56.7334272,171206421.819,1.95883665915,10,
136,134.005145177,54.1958718,445080.923458,7.31750699665,10,
2180,314.090330561,399.787428,6390590.67146,1.12212148085,2.0,[M+Cl]-
839,223.11846905,169.318854,26278534.5446,4.8625108477,1.0,[M-H]-
2364,326.109220231,99.653757,44831828.2453,3.03635377459,1.0,[M+H3CCOOH]-
140,134.045422438,85.389321,74821256.7506,1.86315796091,1.0,[M-H]-
141,134.045340545,57.3579279,44651098.6495,4.76091626674,10,
142,134.881793968,160.740444,2196116.16828,9.10381035392,10,
143,135.029371664,107.816124,30550998.924,1.57653661746,10,
1468,267.072190975,169.408869,9309160274.23,2.84958938074,1.0,[M-H]-
146,135.064488177,98.734929,3761999.93718,2.57734103587,1.0,[M-H]-
147,135.919175841,460.845213,178407.016712,10.3495972884,10,
150,135.994115562,56.7382896,662630.577143,3.60747914662,10,
151,136.031498811,456.321648,580735.200778,4.96323525309,10,
152,136.075030974,124.058502,2168711.10163,1.52378359478,10,
1489,268.924391263,70.995531,348436.564758,14.378971369,1.0,[M-H]-
154,137.08151241,73.68183,5476143.59796,2.37357123959,10,
155,137.994518424,91.720059,2432247.64324,4.96665734173,10,
156,138.037215183,99.03243,540919.718001,8.21472743584,10,
157,138.873641472,71.131554,4514109.62069,2.35776909478,10,
158,139.982670873,167.53926,18084601.1377,4.2872491312,10,
159,140.010031919,614.09292,5079786.12669,0.699594170121,10,
160,140.033457485,105.601221,28609847.1925,1.74862721963,10,
626,202.081753297,645.23796,67011579.5503,3.25374291605,1.0,[M-H]-
162,140.106277396,383.012643,196083.101235,8.34966953242,10,
163,140.870764369,70.837599,1324618.10787,5.33998215794,10,
165,140.966762097,55.5280728,425246.550306,9.16645834667,10,
1803,290.061910949,73.050645,3164944.94668,3.59171044964,1.0,[M-H]-
167,141.01500634,475.845114,14101900608.3,2.73564182321,1.0,[M-H]-
169,141.065115276,391.104762,6669272.84553,2.81008123708,10,
641,203.10212011,445.934067,88219508.0235,2.18422624808,1.0,[M-H]-
173,142.105021049,446.387367,197917.171972,14.5478253255,10,
175,143.117169154,324.495624,6152120.603,12.5462933592,10,
1804,290.117192342,350.499411,862223.492593,6.86436679501,2.0,[M+Cl]-
2414,329.921346515,145.301904,3851897.8877,7.02302023153,2.0,[M+Cl]-
178,145.012929169,559.96428,11263898.4751,3.93693953079,10,
526,191.065679276,571.971168,104537989.154,3.87119779495,1.0,[M-H]-
180,145.060064244,585.271587,131573381.906,3.07249848717,10,
408,175.070687436,527.416737,74334484.8137,3.88185604361,1.0,[M-H]-
1448,265.11174795,65.339511,5462709.09296,5.70148763932,2.0,[M+Cl]-
1049,241.084842528,947.56662,15517313.1042,4.80890718968,2.0,[M+Cl]-
186,145.990027179,188.154042,1078096.62992,3.81550092035,10,
2899,365.14518308,416.6178,5000920.44156,1.91161314346,2.0,[2M-H]-
188,146.044089253,648.10815,64177708.3104,3.5356999276,10,
190,146.044191855,681.624,10212641.4245,2.30145874511,10,
191,146.057214613,561.231567,13908989.4941,2.02480970171,10,
2038,304.074685324,488.685456,1267439.37733,3.27575047758,2.0,[M+Cl+HCOOH]-
788,218.101838946,331.609464,1414273543.53,1.03673995806,1.0,[M-H]-
810,220.117670351,595.234596,32771828.8376,4.04678517212,1.0,[M+H3CCOOH]-
2368,326.144312564,400.581858,3274795.43333,4.69112015481,2.0,[M+Cl]-
197,146.964274042,462.438576,1729707.22518,6.3608879031,10,
198,146.96413361,51.2425941,147345363.151,3.09126329808,1.0,[M-H]-
199,146.995844773,91.827153,758767.147315,12.8277042397,10,
201,147.043340559,280.936086,110734090.874,3.51601695264,10,
202,147.065878327,515.605212,59922117.2798,3.84911961743,10,
206,147.083862119,513.007128,76667.9007289,9.21062973074,10,
207,148.041981357,360.166851,190796671.702,2.6090130396,1.0,[M-H]-
889,228.04756335,616.71444,6103137.27609,4.41104087983,2.0,[M+Cl]-
210,148.86208366,163.933188,11224698.1171,10.5045176913,10,
211,148.968406261,51.0837246,1523425.83592,5.73322933203,10,
212,149.043790927,337.622991,3207866.39224,11.7447113255,10,
213,149.043717187,353.426874,2149073.35684,6.15928688206,10,
214,149.91126239,50.9282208,649176.741573,13.913578276,10,
840,223.118517169,42.0060306,272733610.697,1.95831607422,2.0,[M-H+NH3]-
216,150.858842764,163.620318,1080750.0484,14.1740976548,10,
217,151.024429799,144.984033,165399392.794,3.01006693679,10,
1708,283.067069148,431.510823,144054540.307,2.35406871479,2.0,[M+Cl]-
219,151.059490811,233.643291,28940471.9812,6.68377929169,10,
220,151.059514573,257.684622,19260028.5229,1.22212047771,10,
221,152.00046256,58.610034,732379.94052,11.3281906885,10,
223,152.081217167,94.895838,2270799.76387,1.22866291955,10,
224,152.849724171,70.978239,2014529.83087,4.58793456949,10,
225,152.881940726,142.091706,3411729.37608,4.81387267948,10,
226,152.937767336,112.856754,743348.695958,2.40726280201,10,
227,152.99408309,358.245495,10745996.7392,3.05440571362,10,
228,152.99411957,648.26694,2607293.57081,1.64171916884,10,
1124,245.041899714,508.775793,461359730.448,2.56591663561,1.0,[M-H]-
1120,245.042066547,237.015606,24824245.3825,8.94796960315,1.0,[M-H]-
232,154.01622597,414.687882,3945475.01068,4.26416441574,10,
233,154.060450396,947.11524,106465841.339,4.44559270482,10,
234,154.060408042,761.52714,188528423.77,1.73561058604,10,
235,154.060483851,695.79252,1421875924.08,8.20158759189,10,
236,154.060454269,895.533,586238571.69,5.73980915835,1.0,[M-H]-
237,154.06801159,506.340213,2535248.2699,1.54267706069,10,
752,216.097513744,608.62767,60575767.4046,2.30045944422,1.0,[M-H]-
239,154.847615791,70.996029,2489411.36374,2.6737337696,10,
240,154.932142934,2071.99044,4470538.41156,14.9590616741,10,
241,154.988804674,56.7285648,676290.697759,2.19766019855,10,
246,155.117201134,385.866789,17112407.8296,1.01769728854,10,
248,155.945342184,461.056824,1326595.5087,11.9371151045,10,
249,156.010680563,165.889386,1002085.39847,9.6765630013,10,
923,230.11327345,544.675065,38188389.9639,3.24995667974,1.0,[M-H]-
2212,316.083149822,617.15511,2142502.87358,4.40221525182,2.0,[M+Cl]-
253,156.120528518,385.910928,1210094.04191,13.117267263,10,
254,156.844825559,70.837599,630309.857204,2.68951088411,10,
404,174.935669212,676.68888,609722318.06,1.65365588258,1.0,[M-H]-
256,156.961715445,52.033083,1320005.15014,4.9182983295,10,
1273,254.966414308,437.048979,539555346.901,4.10293706637,1.0,[M-H]-
258,157.010105192,91.118289,3267349.09786,4.070393584,10,
512,189.044283372,272.017695,17594529.7174,14.0625200199,1.0,[M-H]-
260,157.015646172,498.968262,1655546.43223,5.01701480349,10,
261,157.023708151,395.222823,8562997.81436,4.13230367722,10,
262,157.034960846,133.543365,50350607.4726,1.38590903831,10,
263,157.042555914,506.441976,271738.990459,11.7343830925,10,
264,157.096458688,61.103292,1005469.08491,3.08340200389,10,
618,201.122848518,383.163312,261570955.931,0.30316151457,1.0,[M-H]-
619,201.12283617,320.392965,407834754.588,1.74888809951,1.0,[M-H]-
267,157.906546477,142.57785,8576620.90189,6.45206683849,10,
270,158.027143936,394.93062,261210.088364,8.70398387147,10,
273,158.11693296,499.971489,1456084.18038,2.28340189718,10,
276,158.929301229,676.87371,357610.014023,12.0107571964,10,
1115,245.004767235,69.095424,7349624.62569,3.71680126184,1.0,[M-H]-
279,158.992903564,437.269107,47866101.8813,3.09367755663,10,
280,159.026084552,290.128437,4791202.36756,9.65056244304,10,
1276,255.037494527,65.807946,1320180.12032,3.65365607161,2.0,[M+Cl]-
1048,241.081536982,63.464079,49620698.4581,2.82595163229,1.0,[M-H]-
1716,283.190197124,55.477578,8031053.51204,3.71953460091,1.0,[M-H]-
285,159.100871314,58.8961983,13574240.5277,4.43835585883,10,
287,160.023434326,616.87233,12219618.3337,5.21151567924,10,
288,160.059850707,639.75813,17154469.4766,3.9108359833,1.0,[M-H]-
289,160.920264434,71.470095,1552629.87362,1.05875302441,1.0,[M-H]-
291,160.996963304,236.133708,27923443.7841,2.19170937384,10,
292,161.055105242,632.54349,22356805.9143,1.81648245511,1.0,[M-H]-
293,161.054979154,562.199028,37158592.3623,3.98375916515,2.0,[M+Cl]-
653,205.063729207,450.259212,26992692.2527,0.852225560159,1.0,[M-H]-
295,162.00588014,142.139679,240577.120584,9.63341852801,10,
296,162.010011334,460.109466,335595.145164,4.3486222619,10,
297,162.040470721,120.855981,61111975.8531,0.793915333683,10,
298,162.052085085,632.82264,66457.4956698,13.4253664574,10,
299,162.058389673,529.818363,891369.043801,1.91192647674,10,
300,162.0655101,453.105006,976399.842146,3.31097819712,10,
302,162.938249097,461.115645,595222.859462,6.42137433333,10,
303,162.938100975,51.4000371,59457053.138,1.93788662624,1.0,[M-H]-
304,162.976294744,422.272017,189899.837022,6.01580954755,10,
305,162.994041396,236.292891,10522767.79,13.5790649867,10,
308,163.059464508,62.986662,254760.072943,8.79519808957,10,
859,225.097796619,761.3697,4513432507.02,2.97998381971,1.0,[M-H]-
310,163.83774094,43.5672786,1292825.24945,3.92774480152,10,
311,163.894798776,70.837599,2373295.47107,3.39125719692,10,
312,164.000614917,79.222914,12075884.0501,1.02779272159,10,
314,164.056146273,114.160458,2339224.72319,3.60172048342,10,
315,164.069901741,280.858833,2135367112.18,1.76838805745,10,
316,164.069971302,307.781034,373177436.773,8.5873107524,10,
1299,256.092750886,110.646417,8919728.33386,2.71182511029,1.0,[M-H]-
320,164.942243721,51.402213,535182.899591,7.16485457319,10,
1008,238.029740748,544.970646,919668.761996,4.48264650911,1.0,[M-H]-
2147,311.139037637,73.996827,6217391.96647,3.17341837036,1.0,[M+H3CCOOH]-
1099,244.038567359,142.051983,16523876.7239,1.61346405426,2.0,[M+Cl]-
326,166.016328415,71.153961,2725029.43512,2.65573267965,10,
327,166.020956402,618.94029,59307485.6763,13.4099782072,10,
1992,302.095650061,384.70959,3147100.26839,1.90151608169,1.0,[M-H]-
329,166.020981461,2052.73833,153226631.119,14.4633490627,10,
330,166.025956512,504.729225,51993.3816467,8.80254791673,10,
331,166.994394747,557.690265,97902.7994746,9.33910361805,10,
2209,316.077230141,498.877998,32717922.3552,2.98524413938,1.0,[M-H]-
813,221.003120588,68.298759,989709.529189,3.77353874422,2.0,[M+Cl]-
334,167.03084127,85.381902,317767.080029,10.9365082422,10,
335,167.849854542,71.131554,4765336.95375,4.8529007948,10,
336,167.977877598,83.762436,156995.635134,4.50363202095,10,
338,168.039815378,158.708865,4858335.49595,1.97510324713,10,
339,168.031962739,138.299022,2262964.92368,2.44504991629,10,
2213,316.115235074,648.26694,583453655.863,6.21464518611,1.0,[M+H3CCOOH]-
1106,244.074896876,369.594234,7481001.6094,1.92758810627,1.0,[M-H]-
345,168.97685166,64.389534,591259.64049,10.6163492232,10,
346,169.00550651,144.934056,1298638.23916,11.5977179394,10,
347,169.007044981,498.968262,1207077.9836,2.3072797141,10,
348,169.022571144,68.948478,1469158.86923,3.84356795412,10,
837,223.084322101,81.069801,1716092.32983,3.37095814339,1.0,[M-H]-
350,169.10456462,55.4860596,228629.885898,4.18946023232,10,
352,169.972266796,69.095424,856863.625939,6.29946834746,10,
353,169.990022742,91.434471,3647704.38204,1.22268964592,10,
355,170.041777969,506.795004,69479508.1071,2.18386891754,10,
356,170.037704464,96.530934,3655371.56334,3.4882706739,10,
357,170.055357039,330.214128,689888.718823,4.99621588048,10,
729,214.064102288,393.021933,19200894.5593,1.95976617071,1.0,[M-H]-
359,170.091842526,619.15722,3117738.40026,6.78929269661,10,
360,170.153273608,66.120195,5101094.49397,3.18777244791,10,
361,171.002526625,158.79156,898266.668124,6.68172891002,10,
362,171.002534746,145.772703,1235658.5638,10.1458704085,10,
363,171.013379091,251.931654,12425645.5477,4.01352397653,10,
364,171.021730538,73.68183,910093.328143,5.43646971264,10,
554,195.085887861,97.467,6444611.51342,0.468318551531,1.0,[M+H3CCOOH]-
367,171.075849834,452.656644,7564457.70519,6.67884282376,10,
368,171.100902717,59.5416024,45306465.1538,1.65454390943,10,
3122,383.13677147,57.2019288,2708514.36171,1.09885101309,2.0,[M+Cl]-
370,171.148605098,297.85617,3049615.53599,4.65600049294,10,
742,215.138694229,242.431641,186489365.569,11.9738549604,1.0,[M-H]-
372,171.148609669,281.874984,3402277.57978,7.7182930102,10,
1008,238.029740748,544.970646,919668.761996,4.48264650911,2.0,[M+Cl]-
559,196.059965665,415.959072,25624795.6339,12.7317047815,1.0,[M+H3CCOOH]-
377,172.019338551,85.87488,779333.397507,4.92005500409,10,
379,172.107480871,112.561113,6710134.70342,1.34802720198,10,
755,216.133902354,902.23152,54688866.9747,5.42019830133,1.0,[M-H]-
382,172.984121191,272.816688,12029962.7984,3.51630522804,10,
383,172.989752709,71.769111,796092.438419,4.72407394301,10,
2374,327.027621727,168.474066,35407084.9331,3.84002949741,2.0,[M+Cl]-
2395,328.105104996,506.89542,371783.6668,4.8454504463,1.0,[M+H3CCOOH]-
386,173.028970011,91.351092,1653154.05714,6.2957402068,10,
390,173.080204469,98.072334,81397113.7015,3.5927652918,10,
393,173.10261848,945.79482,124474636.636,6.53306906527,10,
395,173.116594402,70.197855,110077545.64,2.4123877878,10,
396,174.004226069,167.631768,1048870.3245,2.46646958073,10,
397,174.021388429,124.377642,4037147.54075,2.30552324482,10,
398,174.086762252,593.207679,5556344.62745,1.62654939494,10,
403,174.105855701,896.50752,195203943.67,2.72423295922,10,
761,217.001575611,1516.65741,6184164697.66,11.8754409626,1.0,[M-H]-
406,174.99661103,167.448996,748689.836755,12.4740690232,10,
2071,306.129469624,535.732644,10121476.6777,5.05120104159,1.0,[M-H]-
410,175.089295642,401.560578,671165.354116,4.94919275734,10,
1368,260.04424561,459.337674,705383.155529,14.747468971,1.0,[M-H]-
414,176.007938097,552.477156,4575726.09923,8.92983087967,10,
417,176.091160882,400.422924,13087132.6263,5.47820370648,10,
418,176.815676864,72.717603,9414478.1179,8.36992061618,10,
419,176.894231921,71.294856,641606.180919,4.81137666398,10,
547,194.925802348,676.72191,332178623.209,4.76241069561,1.0,[M-H]-
423,176.971402501,506.66046,587193.615857,8.82572201324,10,
493,187.008203944,1409.6238,67144069.3876,10.7068430927,2.0,[M-H+HCOOH]-
425,177.027580398,69.88242,570021.902619,4.85646475616,10,
817,221.091680143,375.107163,56802326.59,0.251829817565,1.0,[M-H]-
428,177.984138024,459.171483,97756.2397364,13.2932183879,10,
429,178.046618218,390.786012,589668.696609,11.5358773049,2.0,[M+Cl]-
430,178.071654851,79.005384,1725894.22033,4.23293776838,10,
431,178.085696546,158.497767,34382488.8509,3.38342587618,10,
432,178.085735762,144.617184,26872515.2532,6.15366313487,10,
433,178.813616205,72.764715,14814348.4495,7.67897841164,10,
434,178.892181725,71.470095,732436.920905,4.63766445409,10,
436,178.931814444,92.516724,955705.659422,6.47611907301,10,
438,178.986420746,67.997241,8215151.33903,2.7247855998,10,
439,179.036536665,425.332188,963364.524531,8.7367239628,10,
440,179.044451049,62.510481,2276926.26648,1.09409693682,10,
442,179.05436498,574.712946,48484513.453,1.18042042682,10,
443,179.089079709,158.061621,3504858.00856,6.75910862618,10,
445,179.868765786,71.131554,338216.832331,12.0951263838,10,
644,204.026272255,180.065808,5553423.82482,3.19831155027,1.0,[M+H3CCOOH]-
1583,275.10243872,164.223612,136135084.189,6.25636178518,1.0,[M-H]-
450,180.137719052,90.20082,407430.212394,4.45858793041,10,
451,180.811337944,72.7344,6633266.50784,9.07158073629,10,
452,180.825353389,70.837599,3423731.45998,1.64403989024,10,
453,180.979048262,506.795004,77930.8055301,13.9688280661,10,
455,181.052395226,67.662711,1281147.49124,7.81334617071,10,
459,181.070120683,376.724034,5518793.48342,2.24139286661,10,
461,181.866740078,71.153595,388443.340255,4.50295123345,10,
780,218.011149788,180.065808,587338.128491,1.93902260898,1.0,[M-H]-
465,182.044128597,48.2442069,9706242.45344,2.79211532611,2.0,[M+Cl]-
466,182.091844291,529.491936,2700580.51292,4.62185422216,2.0,[M+Cl]-
469,182.832893472,142.893279,7441793.95809,7.7309765978,2.0,[M+Cl]-
470,182.919715402,460.512978,112827.403298,11.3479642573,10,
471,183.064651601,86.510937,52003583.4518,2.28428415619,10,
1514,270.118075576,506.66046,340692.564177,4.6336611661,1.0,[M-H]-
473,183.961304055,409.192014,191356.344882,10.8934724257,10,
477,184.089680512,386.341851,157411.80869,8.38515811134,10,
478,184.169027224,62.837709,14224299.4725,2.82359693141,10,
480,184.829998309,142.893279,7959025.15736,4.91300504141,1.0,[M-H]-
481,184.829827956,164.245938,2459856.50415,1.29101418766,10,
1358,259.092500935,91.750908,4463997.45859,3.81078238143,1.0,[M-H]-
1417,263.039901707,67.036776,2876735.88496,3.42219237837,2.0,[M+Cl]-
484,185.020390626,409.519839,12799265.1575,2.82500565667,10,
485,185.063331613,72.423582,172769.338961,13.1160916766,10,
486,185.091529389,594.188115,15132681.0711,2.13651595024,10,
911,229.154259555,173.267928,1596009977.16,14.0008564078,1.0,[M-H]-
688,210.036895635,419.833917,3222770.18343,6.83679305037,1.0,[M+H3CCOOH]-
1534,272.085267975,568.600359,16224591.5455,5.67312993209,1.0,[M-H]-
492,186.111932223,121.809597,33285984.8022,1.6883726838,10,
494,187.012688739,55.7992992,452324.852324,14.3895425684,10,
495,187.020816238,424.426548,470781.154226,4.51272445535,10,
496,187.031999517,499.84362,918044.517944,7.28159477042,10,
497,187.032029041,460.17972,2169735.28603,2.85425193835,10,
1682,281.113055069,378.016026,16854903.195,1.26478078244,2.0,[M+Cl]-
1817,291.129825778,425.700876,804705.215673,3.83333015648,2.0,[M+Cl]-
503,187.118426493,887.68461,14869052.0264,6.0148021357,10,
505,188.016069891,235.39203,7744103.49075,9.79780791737,10,
506,188.065948194,560.143869,25597449.0613,2.32911053192,10,
507,188.066046736,661.50519,16266870.5394,3.14430770503,10,
508,188.099365696,463.061349,283927.574373,3.83429750903,10,
510,189.003269114,576.035988,2245237.8642,4.61446132875,10,
513,189.062943757,661.7916,80945.5346533,5.20938798604,10,
516,189.086388585,488.161479,24447263.4569,1.32709788389,10,
517,189.101724273,301.440717,474040.456463,7.4920858598,10,
518,189.995366254,422.108145,1039928.71358,6.45177168777,10,
519,189.984350636,452.818413,281650.500859,12.276865949,10,
520,190.013805583,507.46929,807882.664766,5.86279021012,10,
522,190.070495089,95.212968,12028307.4695,2.79039213814,1.0,[M-H]-
524,190.963817205,44.6420349,1360065.18569,3.38029844099,10,
525,191.048205922,363.437628,507400.990306,4.92007430932,10,
527,191.071700502,88.868838,431267.374759,10.7315784066,10,
977,235.107403475,307.991115,116065618.426,1.474326839,1.0,[M-H]-
529,192.026065021,110.813106,180650.87169,12.5916047415,10,
531,192.051093552,69.567357,13213827.9077,1.53093683887,1.0,[M-H]-
532,192.051188316,228.505518,6072867.80322,1.61338844575,10,
534,192.086045596,174.894237,5684887.63013,3.68445686926,1.0,[M-H]-
535,192.988507773,507.494178,1434807.12912,6.04202425869,10,
536,193.021413765,64.558578,2710298.78102,2.66545509779,10,
537,193.033772657,589.828479,53398555.2735,3.76110083045,10,
1206,250.110529492,41.6696658,11512475.559,8.76408663745,1.0,[M-H]-
539,193.054519103,69.713619,695887.592347,7.10300840998,10,
540,193.096661452,420.137004,230689.284168,2.81364783155,10,
541,194.011241608,53.923572,613605.506756,8.60793176285,10,
543,194.030538146,152.63373,956263.589562,5.6369651972,10,
544,194.044233107,56.7133938,9188782.46866,4.04448543507,10,
545,194.065477351,665.14086,479435.259261,7.27481189596,10,
546,194.153458501,62.82441,909401.237078,7.15939618774,10,
548,194.960445065,67.997241,4279562.5798,2.53983784846,10,
549,195.008967902,134.489964,555449.22495,9.26089239805,10,
551,195.049461455,522.189204,3881026.47736,11.1030535552,10,
552,195.061858342,337.416732,254648.951842,5.32873992152,10,
553,195.062189407,503.585787,101173.801596,9.38059369839,10,
555,195.809330859,139.253094,30800164.3037,11.4218135693,10,
886,227.92939622,50.772717,1637960.39706,3.35638550368,1.0,[M-H]-
804,220.000402635,180.22368,3233936.84122,4.01213606927,1.0,[M+H3CCOOH]-
561,196.107579519,588.030954,2609443.02253,11.9697247841,10,
1076,242.174824697,60.481968,89196739.3971,3.29825850346,1.0,[M-H]-
563,196.799405733,70.978239,1272246.01707,5.42074040263,10,
564,196.921573799,676.72191,29574890.3154,4.98703994146,1.0,[M-H]-
566,196.957636386,68.32011,1478527.80279,0.816375464663,10,
568,197.030058976,100.155918,3680770.1366,2.59604926199,10,
1680,281.087993188,86.648223,19525607.8562,2.10697895941,1.0,[M-H]-
570,197.04127746,62.018826,780433.254354,10.3848070521,10,
571,197.049760777,547.504356,178478.958465,9.33323725662,10,
1496,269.072287716,452.369793,1559938.04027,4.88885353007,1.0,[M-H]-
573,197.073929983,93.41208,3280038.08854,3.3565808505,10,
1052,241.118161891,191.628057,115963858.585,0.772182591789,1.0,[M-H]-
1619,277.109912385,38.900481,1959282513.29,1.28424855572,1.0,[M-H]-
576,197.806415367,139.367454,38754995.404,10.9172082479,10,
577,197.850798895,2074.8834,3583363.50203,14.9148076915,10,
579,197.952938037,180.019452,889941.298924,2.81316211659,10,
580,198.0521464,637.1334,644437.489453,4.27783255582,10,
583,198.070056769,595.397904,114392.026708,13.014983737,10,
584,198.073201969,425.527731,4793633.76434,3.34979236633,10,
587,198.797357395,70.837599,2656893.94615,2.51244940163,10,
589,198.923233919,267.194235,2602518.67928,7.76298710192,10,
3433,411.106089328,142.57785,18513424.4543,3.54110320276,1.0,[M-H]-
2017,303.086974802,177.881085,22627269.6539,3.5311876247,2.0,[M+Cl]-
2496,334.084157541,116.229633,933066.161303,3.99953740805,2.0,[M+Cl]-
3072,379.134356808,399.607998,3447376.4455,3.54918835065,2.0,[M+Cl]-
596,199.068464879,506.66046,37337799.7683,2.00889552999,10,
597,199.180055107,133.424901,12559731.0093,4.50403642927,10,
598,199.803457236,139.253094,18899223.3513,12.1804974959,10,
599,199.900296448,51.1214802,382194.074601,11.74596016,10,
600,199.967634517,429.825198,304278.19142,6.2950944808,10,
601,200.000575749,165.668517,1530287.41232,4.35578768467,10,
602,200.000746317,67.997241,2544634.56538,3.60832568539,2.0,[M+Cl]-
604,200.054787383,105.629943,69141653.4429,1.45589885731,10,
606,200.175419495,724.19394,291132.262801,6.03228598507,10,
607,200.183371279,142.187526,1173638.51419,6.25728334098,10,
610,200.979190757,91.720059,5755867.06339,1.54503663399,10,
612,201.03647374,260.070522,524998478.939,2.67908236636,10,
613,201.053382863,75.248448,1906089.89572,6.75694001567,10,
616,201.08650388,399.637713,4925922.11388,4.59691114625,10,
617,201.111744571,121.174167,12991830.6278,1.75112489625,10,
620,201.134118304,902.23152,31368532.6358,2.55576627123,10,
621,201.134198894,881.63136,10083049.2221,7.948555812,10,
627,202.08180574,609.27516,29357607.5846,2.47452339501,10,
628,202.081795632,526.115058,28410465.8081,5.15615825408,10,
1939,299.090640194,625.88106,2261432.68429,8.343287245,2.0,[M+Cl]-
630,202.106924118,499.933512,963937.724671,3.08104140445,10,
631,202.118296708,112.720794,10009345.1808,2.54556617291,1.0,[M-H]-
633,202.794521323,71.430636,275539.386344,13.9003699085,10,
2164,313.022217294,452.431788,1461034.06705,1.87253202393,1.0,[M-H]-
635,203.006155452,459.074184,565181.904482,4.08514177121,10,
636,203.027008917,520.338111,45174212.2339,4.77885437338,10,
637,203.031020299,67.997241,32492444.8299,3.94832546204,10,
639,203.050508678,74.94894,446260.48698,4.45544337551,10,
646,204.099516274,446.845446,468658.792083,3.21658877669,10,
647,204.122597963,56.5770603,914255.327013,6.88005134803,10,
648,204.122478161,675.1173,2707715.13516,6.09520634512,10,
649,204.789969097,71.312025,5614632.27641,13.8796948956,10,
651,204.985511865,452.753592,252115.340678,7.24559474998,1.0,[M-H]-
652,205.063672562,328.278177,2952614.63663,4.11697466432,10,
1408,262.111466461,379.630581,682484.406204,3.72259228402,1.0,[M-H]-
655,205.063635862,398.04096,6418100.91799,0.518619735878,2.0,[M+Cl]-
656,205.081457264,529.491936,133867648.31,3.57095220658,1.0,[M-H]-
659,205.969442608,423.250125,209918.820245,6.18427558761,10,
661,206.008922008,408.877161,834739.16942,7.28189146981,10,
663,206.084125327,49.6525749,31727945.9911,4.4660125717,10,
664,206.101937778,113.180184,1334575.96107,5.55279090065,10,
665,206.153659727,70.832982,450974.204214,3.1180429147,10,
666,206.973130834,48.7323018,3733507.63383,4.73011296668,10,
2343,325.019774831,542.854767,3470228.18469,1.59017433889,1.0,[M-H]-
2581,341.044938543,40.5880608,16807680.234,7.55357663669,2.0,[M+Cl]-
670,207.044811104,503.19624,1863161.97155,2.02750555795,10,
975,235.099306689,36.1098675,45017542610.8,0.563480238516,1.0,[M-H]-
674,208.117580669,414.027786,5986894.81352,3.0694815502,10,
675,208.933225057,1499.57052,53876001.266,3.93724184471,10,
676,208.983510645,408.702876,3320119.7246,5.55331892125,10,
677,208.997336154,120.506634,253068.914899,7.64486723773,10,
678,208.995568374,64.537605,819806.668863,8.5794392951,10,
2108,309.073506849,60.795846,871611.673199,8.89204568814,2.0,[M+Cl]-
681,209.077746226,464.038593,327642.324528,2.27000006325,10,
2908,366.165938735,57.6697374,1036191.56644,2.48983539383,1.0,[M-H]-
685,209.947433807,50.7709764,346207392.384,4.35983041367,10,
686,210.006476889,577.601622,102638.908967,5.5380374794,10,
687,210.015664424,282.73203,12674368.5845,4.73340510593,10,
690,210.061861446,138.615834,1294441.32746,1.4433110669,10,
1443,265.04300269,396.482289,5747871.13251,9.3901695976,1.0,[M-H]-
697,211.071024112,139.76775,5531116.34825,2.21493247955,10,
2660,346.124210427,233.643291,14990391.2842,3.31293537316,2.0,[M+Cl]-
700,211.079568938,38.1063264,29308901.5319,10.3864692362,10,
1797,289.150677576,233.007483,17077559.9832,3.11929398323,1.0,[M+H3CCOOH]-
706,212.055059369,164.691297,1664137.5571,6.27474214199,2.0,[M+Cl]-
707,212.06793915,707.81184,2498938.05416,4.44790747228,10,
1638,278.113288264,337.938801,34962622.2347,2.81065301092,2.0,[M+Cl]-
709,212.084283912,453.427872,99860.2855309,3.37703571746,10,
1301,256.129085587,635.77026,5866146.59201,4.46204149507,1.0,[M-H]-
711,212.833355264,460.843983,1034441.11467,13.0624097185,10,
712,212.833348488,554.010402,7045878.11764,6.7485222235,10,
713,212.979179337,705.57492,1859221.3941,2.02029044561,10,
714,213.011486975,419.994087,6730275.91043,12.3742985744,10,
715,213.036548875,115.091985,1064386.67767,2.76071928098,10,
717,213.050293762,616.87233,5681058.58268,4.23317484168,10,
2427,330.129413268,456.931758,1931401.36202,4.25561916799,1.0,[M-H]-
719,213.054346515,11.5720839,605749.330789,6.06345648788,10,
720,213.056034324,503.592444,276890.419476,9.6867669781,10,
721,213.084099616,499.720473,248770.885304,11.6145482809,10,
722,213.097872586,452.977644,146674.766344,13.9801253923,10,
723,213.105276557,54.7012014,1326829.05576,0.962888849134,10,
724,213.982670513,705.39048,44861.5622313,2.98972454122,10,
725,214.03198689,55.4860596,477755.782914,7.41224824077,10,
3586,429.102517356,614.09292,14360353.566,3.95997773133,1.0,[M-H]-
728,214.047418206,462.007086,487547.199324,3.32771626396,10,
730,214.118433412,85.367355,3516706.29457,2.24156106119,10,
731,214.860018952,71.294856,349045.857445,10.813250451,10,
732,214.878407608,47.9507907,14777612.9529,10.4817320141,1.0,[M-H]-
733,215.006182431,452.87982,1613851.01562,2.35127799473,10,
2466,332.124126298,503.585787,213505.60545,8.3268337573,1.0,[M-H]-
735,215.031354846,382.032405,434676262.806,2.525862162,10,
2354,325.123933753,574.684602,6471317.70072,1.85040092832,1.0,[M-H]-
737,215.052333304,241.156023,82463975.6939,3.5341060837,10,
739,215.054610433,55.1733138,4371339.54535,8.30956133641,10,
740,215.071875016,237.710196,2547701.88822,14.8935019481,10,
741,215.128101697,258.249258,1433705.70438,2.27610066834,10,
745,216.032267541,124.038333,101811570.865,1.3169107152,1.0,[M-H]-
1898,296.050336661,613.23924,11816059.0883,2.93030915127,2.0,[M+Cl]-
750,216.086739909,332.081649,1376445.97573,5.36369473559,10,
751,216.097477837,559.200252,92798647.0431,13.266964245,10,
753,216.097533143,576.035988,45379165.9952,2.66164632282,10,
754,216.112719248,335.309586,71939.4351729,13.4936717522,10,
758,216.167148469,55.4818188,1116717.4632,7.24617645123,10,
759,216.829049778,460.845213,413438.344488,12.7848329145,10,
762,217.010455991,260.635881,239062460.287,1.11899766041,10,
765,217.03716518,83.304036,1292434.76009,5.17760837636,10,
768,217.029168413,67.361502,733058.64521,11.7388744462,10,
770,217.056321408,694.80456,5623996.73959,2.56991474,10,
771,217.081569595,634.51173,14461691.4285,4.40922258721,1.0,[M-H]-
772,217.08155722,689.69388,4729543.92344,5.98660185729,10,
773,217.10089278,576.012441,3546734.554,5.37174826133,10,
3263,397.180854808,386.974158,74633237.0609,2.67749064414,2.0,[M+Cl]-
776,217.117885712,371.540259,221372023.259,1.7352678246,10,
777,217.117885326,60.795846,3297341.97837,5.38623733419,10,
2049,305.01853145,33.9202854,19329064.5514,7.42296430253,1.0,[M-H]-
785,218.076795628,568.751376,20151748.606,6.01783113478,10,
786,218.076848526,603.31698,30664141.1377,4.89101011495,10,
2145,311.1058413,177.092337,16640079.313,5.46652583816,2.0,[M+Cl]-
791,218.138376515,500.009466,460493.584874,5.74803289142,10,
793,218.942769513,677.92218,1378117.4303,2.13758055312,10,
797,219.005793207,1516.81578,67543552.1291,3.07902463634,2.0,[M+Cl]-
798,219.034368816,83.473455,363094.629676,7.89223155112,10,
800,219.079448914,324.908505,16852303.5187,3.23159776793,10,
801,219.079387344,401.560578,101504400.761,2.1928459946,10,
2154,312.05749618,69.230886,306759.250987,14.5778883173,2.0,[M+Cl]-
806,220.006329597,461.64687,34785.943389,3.20936867366,10,
808,220.099794398,41.3409438,58386434.9799,1.74312446313,10,
811,220.169161461,58.604673,1666247.92299,9.56392359345,1.0,[M-H]-
814,221.058780615,641.28789,1213363.46546,10.7662132698,10,
815,221.058768035,569.204346,832530.900539,7.06298037136,10,
818,221.101235184,488.477538,919026.722219,2.30607470637,10,
1450,265.118283112,189.609684,262805909.738,2.40323355331,1.0,[M-H]-
1219,251.102445846,301.122219,47742171.7998,1.74152692176,1.0,[M-H]-
823,221.799002398,279.796317,21954990.6141,13.5079815955,10,
824,221.799248152,460.982634,341754.822515,13.3152722126,10,
826,221.983009892,408.8709,228795.123167,4.80467299462,10,
1595,276.0839821,278.19423,24467953.742,2.591381723,1.0,[M-H]-
1895,295.120432664,40.4512833,117360078.292,2.35826181748,1.0,[M-H]-
831,222.133144407,390.149139,218910219.855,5.13825264226,10,
832,222.763469653,71.153961,15987340.6321,8.29401392967,10,
833,222.936243565,69.860439,1123289.4696,5.13331683707,10,
835,223.011573589,450.196272,69197.6126216,9.31011326406,10,
836,223.018397937,475.689555,2892129944.77,4.74166791085,10,
838,223.09933889,37.0398732,63463715013.1,0.816344077296,10,
842,223.797070751,461.056824,487318.024039,4.40120580534,10,
843,223.796789987,279.842706,30588060.3035,4.75767447281,10,
844,224.006084756,145.03401,869871.477124,5.15477665361,10,
846,224.025956423,278.427996,5649302.05257,1.92325426194,10,
848,224.16420435,75.861654,44700594.4038,1.35759907535,10,
850,224.864458059,677.19477,630569.853857,2.43598253387,10,
851,224.934200048,69.88242,1181088.90377,6.79496569801,10,
1188,249.01594074,120.53313,935357.161905,3.21635647619,1.0,[M+H3CCOOH]-
853,225.023073138,144.502581,1487648.04169,2.78052255296,10,
857,225.091263316,332.396019,346600.77532,4.48036982357,10,
858,225.081287029,81.249894,508158.796869,2.79678633355,10,
1659,279.231354363,40.2962187,265573750.975,3.51414716652,1.0,[M-H]-
861,225.794414534,279.99558,17699718.6611,7.44822660099,10,
862,225.925060221,50.6135337,97168246.343,4.95678967354,10,
863,225.970674443,71.312031,522548.612207,6.07808641533,10,
1293,256.038610591,142.292034,4872448.80752,6.95692621188,1.0,[M-H]-
866,226.068221474,453.076095,1701627.50527,3.61354285764,10,
868,226.087576274,332.238894,2009405.48894,3.04333301731,10,
869,226.098360781,37.0173288,261778499.315,2.03055647326,10,
870,226.106754209,36.7299333,44970263.9994,3.16716599464,10,
871,226.759581976,71.153961,2653729.59349,6.22484607012,10,
872,227.011528585,107.727387,5147710.84775,3.51198844043,10,
873,227.015046325,297.268176,1183856.19754,3.87010326646,10,
876,227.063472773,561.231567,36172660.6186,1.99411799881,10,
877,227.065986233,72.7344,50646482.4514,1.97907149776,10,
879,227.079063816,701.80536,331003.967074,4.22638305985,10,
880,227.100149407,458.913309,1419208.79935,7.36658924475,10,
881,227.102211167,282.737448,50493222.148,10.4778115206,10,
882,227.095906237,546.454431,681762.118518,6.32382888074,10,
884,227.127402862,58.599312,14765761.4165,2.78293613093,10,
885,227.20025916,41.0675178,26232666.3519,3.71615428846,10,
887,227.968708579,71.839476,532137.495166,9.62550281281,10,
888,228.043501949,354.203574,1511425.03266,3.21360484469,10,
890,228.062920418,311.07753,30475048.0139,12.4223664308,10,
894,228.069414997,628.33005,220323.94362,13.6982834897,10,
895,228.062889733,603.88056,1742555.84952,3.3729194076,10,
1509,270.073934762,139.925568,24385250.1315,1.46673893767,1.0,[M-H]-
897,228.07975663,425.054448,1237691.18423,3.04309077531,10,
898,228.079752474,490.346865,3308694.59987,4.30898358582,10,
899,228.067336987,562.210704,2431873.83784,11.8406262777,10,
900,228.103511018,458.859858,77372.3523665,13.5464881141,10,
901,228.159125335,64.22511,14748190.749,3.00753370307,10,
903,229.010601421,625.65828,10488945.5072,1.57009775703,1.0,[M-H]-
905,229.022094408,457.311894,153580.496738,1.60910161122,10,
906,229.037368998,62.672772,1141053.88207,3.58768429168,10,
907,229.06804286,236.697483,48434180.7744,3.88663026335,10,
908,229.08167332,423.420765,12603105.5479,1.65737957477,10,
909,229.118190436,189.290436,3410902.53455,3.55521020594,10,
912,229.162507226,63.808767,1665075.55167,2.9277359795,10,
913,229.918068975,50.7709764,1913016.25032,6.89894942906,10,
914,230.011358218,48.5759274,68810347.0028,1.82430678957,10,
916,230.038023266,562.820733,24430394.911,3.94383013238,10,
2042,304.132428951,360.007041,3107523.76792,2.00834447816,1.0,[M-H]-
918,230.042168882,458.379216,121679.986657,10.4463760778,10,
919,230.060109929,173.956296,11135503.8862,4.21976791331,10,
2389,328.090277537,441.45441,2563280.37375,3.83081544819,1.0,[M-H]-
924,230.113243898,497.266764,33837495.2887,1.28428526061,10,
925,230.124598694,824.37588,3207840.10515,3.0473156622,10,
2046,304.186630755,1059.09807,5205805.64768,4.44374117845,1.0,[M-H]-
928,230.182964092,55.0132608,406071.735683,10.5722944785,10,
1275,255.012678385,133.26942,1392983.55193,1.76633155625,1.0,[M+H3CCOOH]-
931,231.021989953,417.419976,1932012.03794,9.90849077781,10,
2752,353.035500524,617.34741,3315476.43048,6.88290317873,2.0,[M+Cl]-
934,231.097361935,360.112446,2863050.34209,7.46746712705,10,
936,231.110456564,544.945221,341369.400422,4.55374184222,10,
937,231.13361545,324.271638,362361158.247,8.01715076734,1.0,[M-H]-
939,231.942067847,51.4000371,5666892.83677,4.5960349162,10,
940,231.971457462,461.352288,468352.255414,1.95707980777,10,
941,232.027308272,198.060411,16066463.0351,1.52887531032,10,
942,232.029784497,243.069756,3123665.92946,0.899907929091,10,
944,232.12901483,796.99266,18860442.8045,7.81041894799,10,
947,232.923398203,682.76748,102935822.728,2.30388506717,10,
948,232.923356629,669.30012,80373725.0849,6.49525541958,10,
949,232.923428456,655.48566,89380650.2559,8.05114253071,10,
950,232.923434824,461.722068,4317150.71621,3.47479993181,10,
953,233.046041851,53.2542498,209454.072317,12.8551700696,10,
954,233.076591491,672.16914,5787708.79346,10.9798644166,10,
955,233.083778931,37.1758947,11966984336.0,0.668880172176,10,
956,233.112929821,594.514671,1954254.73525,4.73875836062,10,
2917,367.158392479,468.311322,1812298.73281,10.2988972263,2.0,[M+Cl]-
959,233.148782271,402.509439,968224.882515,4.47207829367,10,
960,233.969525933,461.115645,435125.833251,4.06864145469,10,
961,233.977898084,3.23745195,3443390.53328,8.9555528824,10,
1872,294.108570443,452.109534,3444147.83563,2.71068187055,1.0,[M+H3CCOOH]-
965,234.07922167,59.535804,6616188.06202,5.12099724472,10,
966,234.097064642,136.122219,16688566.5186,3.14823121384,1.0,[M-H]-
968,234.999952232,100.781178,252795.606907,12.4930470996,10,
969,235.026913748,527.646606,474629.217953,6.08158621175,10,
970,235.026786316,592.2273,431991.749976,5.68651805665,10,
971,235.063264269,40.2779355,87168010.3797,6.11058455902,10,
3462,415.137462127,398.665425,7216618.58784,3.44201234068,2.0,[M+Cl]-
2194,315.091209921,544.810398,636875.784009,7.28993642865,2.0,[M+Cl]-
976,235.107433503,182.641995,265999822.912,1.79320819717,1.0,[M-H]-
979,236.041341458,152.310858,447907.864263,1.65096062499,10,
2736,352.07468468,406.305009,492421.967488,12.1638343644,2.0,[M+Cl]-
982,236.071476334,506.019906,296897.01251,8.53722800638,10,
983,236.076282406,549.487254,38841677.7012,6.36548712815,10,
984,236.07771673,228.413472,26402402.4334,3.45822017495,10,
990,236.586859995,60.795846,341892.678037,14.0774300718,10,
991,236.882257041,676.72191,3674010.38745,4.74507136015,10,
992,236.906885076,71.294856,1135407.01475,5.40422592713,10,
1385,261.028159578,236.364411,19242379.5341,13.3607268206,1.0,[M+H3CCOOH]-
994,237.000735918,263.41755,4515455.95247,1.49002320752,10,
995,237.021154625,55.1694468,683376.962174,8.88675303596,10,
998,237.086757453,467.059581,3543576.75166,6.31862234194,10,
999,237.099884673,382.672272,649162.462153,8.68606932644,10,
1001,237.086698485,399.649098,17421734.5063,5.45246434941,10,
1821,292.058037635,278.19423,20739918.4792,2.93184975175,1.0,[M-H]-
1007,238.024092802,421.435128,271345.718397,12.1975727021,10,
1009,238.058732736,609.85962,1135917.6306,4.97884467357,10,
1010,238.090337077,349.81131,207576.599406,5.07429619329,10,
1012,238.098457388,36.2564619,205755253.739,1.4068380688,10,
1013,238.118079746,36.419877,44784903.69,4.46678469167,10,
1014,238.151724271,55.1694468,848239.488199,7.23460699524,10,
1015,238.826492572,70.842216,402083.354231,5.58562434126,10,
1017,238.890005261,677.5926,782662.231678,3.69277031361,10,
1018,238.988268093,1411.91772,46312119.8998,12.2866236625,10,
1020,239.038667756,133.226865,2340165.07231,4.29552899096,10,
1022,239.057939391,282.26739,5247203.56892,3.61431064893,10,
1830,292.113867756,575.03319,10218307.0506,8.71195761304,1.0,[M-H]-
1940,299.100241136,142.292034,5500282.82472,8.84650803704,1.0,[M+H3CCOOH]-
1025,239.096788976,320.287221,2523292.86818,2.00600993396,1.0,[M-H]-
1026,239.098587744,113.358984,545930.340745,12.0759330539,10,
1028,239.096706427,382.79835,151608.198331,8.67441645907,10,
1029,239.100015448,458.047848,621390.439162,3.9699726735,10,
1031,239.759129287,71.153961,3720158.90755,6.2855913208,10,
1032,239.902223462,50.4565296,3191429.82605,10.477072697,2.0,[M+Cl]-
1033,240.020749596,396.526356,1784411.56307,13.0029104353,10,
1035,240.056096465,609.69762,284822.640162,7.22338159235,10,
1038,240.092249495,113.358984,2565193.64339,2.1090954963,10,
1040,240.167237734,54.8372214,1099463.91644,3.2361501238,10,
1041,240.908267627,69.88242,612324.126161,3.18409161445,10,
1042,241.01043038,480.061602,1957806.62413,1.22863652552,10,
1043,241.010677056,504.301836,5086300.64341,8.95966969218,10,
1044,241.029119244,38.2613316,310441889.331,1.63834357465,10,
1955,300.116427865,547.859394,2651140.55162,9.84253713184,1.0,[M-H]-
3020,376.128220203,505.247937,1099676.1645,2.34862002394,2.0,[M+Cl]-
1050,241.091642407,257.609328,9176708.96038,2.94889476404,10,
1051,241.091691789,239.64783,2486910.87465,2.91677075039,10,
1053,241.143155736,39.5246808,35911047.6725,5.6818485419,10,
1054,241.215612808,40.7430594,25994286.7022,3.54053139798,10,
1055,241.756690694,71.153961,6818131.02881,6.9593667729,1.0,[M-H]-
1056,241.897538271,50.6135337,53275800.9836,11.0620847865,10,
1057,241.994959031,54.8572008,8560477.84557,3.33537267445,1.0,[M-H]-
1058,242.014058118,503.975838,233310.202829,4.95747714866,10,
1059,242.032756128,555.756846,7313661.63563,6.52863442291,10,
2709,350.047144435,576.296403,30989056.108,3.24900313394,2.0,[M+Cl]-
1061,242.050430257,381.302832,31457710.983,1.60105730457,10,
1063,242.063171671,503.264058,298586.954519,8.97240024133,10,
1065,242.077021976,229.665576,286042977.961,2.05180539126,1.0,[M-H]-
1066,242.078917633,113.82135,2427516.59219,3.1714876278,10,
1067,242.06915721,675.68538,228656.811039,9.00406857872,10,
1070,242.076939351,498.465234,2155312.15591,3.38100194773,10,
1071,242.113254192,562.101096,4629792.30712,5.23655065489,10,
1072,242.113014395,645.98226,1648814.88408,2.46585183194,10,
1074,242.149794322,1035.4851,8288912.33518,14.8360881292,10,
1075,242.149657858,896.52882,12254802.7036,10.5137160601,10,
1078,242.789220428,164.201286,1334607.00278,7.66588709523,10,
1079,242.993335386,54.820983,3081394.49946,6.89460299732,10,
1080,243.026200321,38.2801095,108847670.077,2.58614129483,10,
1081,243.016714035,538.162386,299502044.025,7.44152933021,10,
1082,243.026529308,92.722698,3388627.1952,6.44373792722,10,
1083,243.037508336,561.231567,7629706.86954,3.92431807382,10,
1084,243.04465305,37.9701081,112182745.056,1.77167167971,10,
2942,369.090094266,236.538483,2524923.63579,2.88659657085,2.0,[M+Cl]-
1087,243.0586657,563.136354,140668.966821,14.9545067987,10,
1088,243.072303145,598.687638,830413.915683,9.50428483488,10,
1089,243.074115106,458.785158,625262.519453,7.50034560993,10,
1093,243.102151173,331.67301,2075815.32144,5.03719933231,10,
1094,243.133714097,302.834556,2133498.41117,2.79261581608,10,
1095,243.170180611,141.456756,752887564.306,3.95097079161,1.0,[M-H]-
1097,243.753999457,71.153961,4379843.10621,9.34313519276,1.0,[M-H]-
2566,340.030523121,543.973446,255034.055372,5.5114078954,2.0,[M+Cl]-
1100,244.040702101,452.08119,55559.599292,9.88949254941,10,
1102,244.056431421,83.452053,109749.029828,7.25432849195,10,
1103,244.058139021,358.886046,834701.085659,5.95700458209,10,
1105,244.074853757,275.892972,1816439.04802,5.99084864813,10,
1108,244.079111882,423.749391,115151.03745,8.13652389187,10,
1109,244.098349577,331.609464,8813716.94824,3.67483010397,10,
1110,244.165402381,723.93528,21739401.5208,5.65707326417,10,
1112,244.173640573,555.756846,356761.122015,5.31033840897,10,
1114,244.978152149,676.77177,279850.440357,9.54250455447,10,
2613,343.113262342,499.521375,15905120.7541,3.44536625517,1.0,[M-H]-
1118,245.02084645,543.424314,5040249.97353,7.4873530933,10,
2531,337.046004682,360.169794,239002.938135,3.88719858819,1.0,[M-H]-
1121,245.041546311,38.1251133,33724172.8272,8.00549456183,10,
1126,245.076743334,628.59552,6129216.12132,2.83876581841,1.0,[M-H]-
1127,245.087986578,547.354425,196154.958435,14.1235462721,10,
1128,245.07673182,117.639597,53756617.4746,1.78393923193,1.0,[M-H]-
1129,245.083946068,36.2648709,71999066.2074,4.95679335903,10,
1131,245.124080142,508.295358,262773.615608,6.3711826098,10,
1132,245.132427844,351.425916,577948.299507,3.88585136628,10,
2623,343.720008319,71.148846,180492.342924,13.2952481153,1.0,[M-H]-
1135,245.979916682,458.252127,117329.672533,10.9098106315,10,
1136,245.982899072,51.6766272,1920691.06636,2.16627150035,10,
1137,245.992087637,2093.50074,645246.364149,7.47860801315,10,
1139,246.006381561,44.9535795,38026603.001,2.01452973866,10,
1511,270.069826986,661.46376,321980.39615,4.71877301045,1.0,[M+H3CCOOH]-
1141,246.019660253,360.192204,5641838.22583,7.08691096801,10,
2208,316.074982458,632.47935,221929.82442,13.1549855587,1.0,[M-H]-
1143,246.029362731,126.13701,1762903.92166,4.06876634248,10,
1146,246.042963776,617.41488,237884.916728,11.8857431268,10,
1147,246.054133473,529.491936,1641287.09875,3.75580225542,1.0,[M-H]-
1148,246.073379159,279.136038,18825179.9169,11.9812541574,10,
1570,274.110711188,54.076389,184650985.53,2.0015635468,1.0,[M-H]-
1154,246.115284587,41.0530569,12455538.7227,5.36118273524,10,
1155,246.105239584,73.050645,428483.137279,10.6495826649,10,
1156,246.144377722,758.6886,5491000.70515,3.01790655653,10,
1158,247.034274989,121.809597,4705685.71235,1.9967967566,10,
1159,247.03914833,359.846544,133683256.753,2.64439512367,10,
1387,261.053944997,141.899502,2932420.03893,4.69496765731,2.0,[M+Cl]-
1163,247.072948436,61.096296,902901.487308,4.53684114127,10,
1164,247.089883207,53.9197695,928883.090063,5.550267101,10,
1165,247.099153096,36.1098675,71794935.0359,5.72309713979,10,
1166,247.111035424,198.840828,161190701.777,1.69282421588,1.0,[M-H]-
1167,247.110764376,173.331606,50621437.6967,2.3684454347,10,
1168,247.111514297,546.274446,6261420.60815,3.36515611913,10,
1169,247.128689403,81.219192,1130881.14682,7.19848334509,10,
1170,247.916012012,51.5372442,3593098.88939,5.96358498805,1.0,[M-H]-
1172,248.002277097,44.9539545,1270186.42785,3.75221083666,10,
1173,248.004020379,99.03243,275838.602837,7.25088483413,10,
1174,248.011617924,138.294942,252342.393852,7.18061665747,10,
2582,341.0477968,189.685254,4648317.11091,2.43151097553,2.0,[M+Cl]-
4172,497.165304488,62.523642,45925130.6859,4.06206018671,1.0,[M-H]-
1178,248.078827386,2054.75406,187551290.073,13.441104364,10,
1179,248.087607208,660.0237,3488225.75296,6.45527124977,10,
1181,248.09494053,42.4490385,4054377.11989,14.7949540199,10,
1182,248.095482337,140.927292,4319489.51633,7.95053644846,10,
1183,248.112638395,108.412275,23989037.8495,4.25636660234,10,
1184,248.095516501,647.41368,751047.284771,6.94998918224,10,
1187,248.739783422,71.131554,1705839.7132,12.0713410082,10,
1189,249.03132861,121.902471,1432083.40507,4.50595993035,10,
1190,249.044855258,139.925568,1214235.17532,5.18705818415,10,
1192,249.06171402,74.312136,5667199.56173,3.27796727117,10,
1194,249.091058571,660.09672,219750.515731,2.94491108691,10,
1196,249.096614075,439.859628,1416611.14642,2.99093954791,10,
1198,249.115048204,35.4898707,4556518893.96,1.10217976641,1.0,[M-H]-
1200,249.159546468,182.295039,1600202.22296,4.76504164483,10,
1202,249.847577807,51.0855258,1064229.17517,5.68516165159,10,
1203,249.995830445,2061.95154,4827354.4404,4.00122785747,10,
1204,250.01843045,616.64766,165893.077408,11.9377590552,10,
1205,250.082230334,39.9676917,109850550.236,0.932307318585,10,
1209,250.143699668,2062.39035,138175268.248,4.70685533587,10,
1212,250.737633401,71.153961,3878975.27115,13.6851916886,10,
1213,250.944113629,150.992607,2536893.95266,4.16591950071,10,
1215,251.077360394,116.365665,126231892.998,1.90863588431,10,
1216,251.069495332,450.260745,107241.597084,7.27269995232,10,
1217,251.085938504,346.90545,1004373.90069,5.26993417697,10,
2854,361.150366543,315.385755,7238731.01384,3.34011608496,2.0,[M+Cl]-
2698,349.079106147,414.20631,191679.749217,5.95427594194,1.0,[M-H]-
1222,251.102405504,340.1856,35560383.7825,6.83277603739,1.0,[M-H]-
1224,251.114092791,55.477578,6751192.66849,2.65921144078,10,
1225,251.13065629,35.3158395,8968348178.75,0.625663194811,10,
1228,252.006700169,552.807408,762836.487676,9.03265545799,10,
1229,252.037062595,297.387708,396150.622994,6.07014543745,10,
1233,252.080689682,116.365665,12951516.764,2.73902831747,10,
1234,252.097861657,39.8309136,191988733.814,1.57134294471,10,
1235,252.092353007,85.686099,2332767.9814,2.14825568536,10,
2848,361.087651454,87.940188,4570659.66334,1.79755254617,2.0,[M+Cl]-
1240,252.12620661,55.790325,13733486.1512,1.64672588842,10,
2718,350.228116415,390.467448,2394263.55474,5.0204360897,1.0,[M-H]-
1242,252.145334058,358.275096,448350.91614,3.82478562896,10,
1245,252.913428075,677.51571,241889528.837,1.82657577476,10,
1246,253.048984146,597.923994,333597.991135,3.23459632476,10,
1247,253.058451147,637.28454,200615.567069,8.18283606637,10,
1248,253.079564823,606.11463,473287.258035,10.0612412121,10,
2168,313.102883467,495.323469,211357439.634,3.55270751323,1.0,[M+H3CCOOH]-
1250,253.082239694,116.366838,721371.061394,3.73416389702,10,
1251,253.103966419,556.460631,579262.086803,6.81626769367,10,
1252,253.109951589,39.5207898,874944275.832,1.18658310295,1.0,[M-H]-
1253,253.118027029,415.025736,1008687.22473,1.40921870319,10,
1258,253.912921308,677.51571,25385029.5908,1.68379072944,10,
1259,254.034236696,297.54222,203045.926012,9.78535056348,10,
1907,296.098844404,127.073697,24953082.6695,1.82216947455,1.0,[M-H]-
1266,254.121954055,55.4860596,502612.857327,14.1268304947,10,
2219,316.186381701,302.237091,234073103.755,1.96246076633,1.0,[M-H]-
1270,254.880960631,71.131554,2447167.20356,2.60334561206,2.0,[2M-H]-
1272,254.91737621,677.51571,4208467.56621,2.65571685405,10,
1274,254.9729823,68.298759,2655401.36746,8.03607277218,10,
1278,255.060984246,327.112359,23063766.4023,1.58061851748,1.0,[M-H]-
1279,255.074190772,420.641598,8154644.68001,4.10537903677,10,
1280,255.074058022,458.181486,533643.788611,3.49063033697,10,
1282,255.094915525,487.8453,23215456.3587,4.8080341074,10,
1944,299.121153758,371.540037,4686348.34637,3.41889602097,1.0,[M-H]-
1284,255.10620123,897.41349,79111611.4208,7.29137932922,10,
1285,255.107427448,236.149092,4518433.2483,2.38124036652,10,
1286,255.131359727,404.076024,9984159.70148,4.73809633495,10,
1287,255.133896833,232.867758,11708909.7367,14.0111084247,10,
1289,255.231434731,40.4512833,382053260.627,1.72055752473,10,
1294,256.042697917,421.206885,758765.792365,10.6981792018,10,
1295,256.05797096,309.921777,449887723.94,2.27880515056,10,
1296,256.05793056,280.702269,639998353.497,4.34222280069,10,
1297,256.05797589,338.569803,196020797.873,3.25405354725,10,
1302,256.165668555,85.040298,145013.240921,12.7278769196,10,
1305,256.913857341,677.50038,503230.470913,5.39177336935,10,
1307,257.040345272,461.244612,528219.957674,2.90103503771,10,
1308,257.041859889,648.1506,2523101.48281,4.5449861699,10,
1309,257.060494063,36.7299333,1116539726.89,1.31471960258,10,
1313,257.07119918,420.803847,2372776.13786,3.6630289664,10,
1314,257.074301663,591.965052,1401440.54598,3.52612690244,10,
1315,257.068569882,375.15861,73621.7557769,7.50662636907,10,
1316,257.074557645,127.41225,783602.297155,3.51910918879,10,
1317,257.078980409,330.861858,1793272.30104,3.07173902968,10,
1318,257.08816212,132.791595,1282588.76451,3.90008851243,10,
1321,257.149556854,224.570247,18734306.3925,1.3676871259,10,
1324,257.973121569,946.79298,3298191.9593,10.4813357267,10,
1325,257.973096681,891.96732,3135330.29767,3.98879360892,10,
1328,258.037374489,452.753592,245234.709447,7.74574210866,10,
1563,274.037724145,40.1411547,127442246.741,2.80047344624,1.0,[M-H]-
1330,258.05316251,143.766768,2165163.54208,1.75924261381,10,
2496,334.084157541,116.229633,933066.161303,3.99953740805,1.0,[M-H]-
1335,258.069471015,577.723518,5418193.55564,7.93752316716,10,
1338,258.115374218,40.4512833,2003218666.34,1.35917942948,10,
1339,258.144614866,388.067805,31051256.7103,1.35427118949,10,
1340,258.181105627,655.41918,33979695.5125,14.1329198722,10,
1341,258.214303134,55.1655798,626564.389349,9.01237266277,10,
1344,258.963513154,71.764116,745318.064046,14.3567490705,10,
1346,258.995538557,264.003066,7754968.26578,3.58821940976,10,
1347,259.040562388,645.66162,3090641.17168,8.23779006972,10,
1348,259.038190901,61.731408,427543.560842,14.6331550679,10,
1352,259.066556079,107.481,600556.848084,12.4730194463,10,
1356,259.090147716,621.07212,85294.293377,4.95336467452,10,
1359,259.099392002,35.3158395,6686883665.14,0.501209293498,1.0,[M-H]-
1361,259.128687352,524.48655,15861949.2915,5.49812065415,10,
1797,289.150677576,233.007483,17077559.9832,3.11929398323,1.0,[M-H]-
1363,259.139727612,760.73925,7562624.30972,5.34312739112,10,
1366,260.022272499,413.72388,1543011.50779,4.99360384528,10,
1990,302.095753998,592.125783,1149946.00408,4.4398051394,1.0,[M-H]-
1370,260.102774634,387.257925,4293019.15461,1.86755948312,10,
1372,260.102779474,318.390105,40230096.0335,1.30906352048,10,
1375,260.095983073,91.45533,375510.937218,10.6346956124,10,
1376,260.123926506,566.509836,37276825.1378,5.51973977492,10,
1377,260.124013117,491.339076,6304120.72411,4.43991857055,10,
1378,260.124096074,528.989448,5034647.93911,3.57805414407,10,
1379,260.135276831,738.21165,4407132.87898,4.17778237283,10,
1381,260.760400487,142.214562,3056937.68856,3.19335597769,10,
1383,260.916995278,161.50215,735835.208851,1.29626017174,10,
2047,304.981603753,91.509711,1629195.37342,7.28943260285,1.0,[M-H]-
1386,261.039870617,282.14613,32240101.8652,5.00411953877,10,
1388,261.07893774,382.843938,266784.781705,6.08251354538,10,
1847,293.06051167,35.1798741,1567362579.98,0.886210498848,1.0,[M-H]-
1394,261.11502489,34.8698754,4518384568.81,0.539767071849,2.0,[M+Cl]-
1395,261.126739987,156.279018,139105392.072,2.29327608045,10,
1398,261.133220306,95.87919,9084180.949,1.86256996452,10,
1399,261.123197176,321.094029,9169333.78167,3.27477272966,10,
1400,261.13625778,55.477578,40121589.8674,2.85090831126,10,
2804,357.057764228,506.87919,436237.623327,9.28724719186,1.0,[M-H]-
1402,262.058985892,151.415802,16532898.3907,3.85408909549,10,
2663,346.160140482,396.15534,3755873.81735,2.92258793556,1.0,[M-H]-
1404,262.08562226,411.787074,8579069.87975,1.90888384497,10,
1406,262.103251961,574.071951,22506229.1661,14.5351852914,1.0,[M-H]-
1407,262.103248389,558.748344,15533548.7564,4.97486072336,10,
2601,342.129189378,499.521375,21080880.9501,12.0954577262,2.0,[M+Cl]-
1414,262.871174636,71.475216,549914.855088,11.4417366421,10,
2667,347.064680001,121.968414,2196824.00242,8.54241078868,1.0,[M-H]-
3255,397.085939981,282.658329,2119262.23185,5.85084817169,2.0,[M+Cl]-
1421,263.084841315,58.2876906,2127051.77116,4.67155603605,10,
1422,263.096008062,390.510771,2052940.47797,2.14561472911,10,
1684,281.106579738,516.641376,40916393.7508,7.79474943875,1.0,[M-H]-
1425,263.112528963,257.83191,7444120.39913,1.59776422055,10,
1426,263.123466462,491.471919,1087599.64817,5.14349726088,10,
2618,343.12958273,132.160869,3686571.24843,3.42284035346,2.0,[M+Cl]-
644,204.026272255,180.065808,5553423.82482,3.19831155027,1.0,[M-H]-
3079,379.976366977,617.2125,780750.688708,7.35887359155,2.0,[M+Cl]-
1433,264.081073652,411.787074,287539.312124,4.85847051196,10,
3205,392.101306446,506.853489,858773.934801,3.79032144279,2.0,[M+Cl]-
1436,264.142226733,103.155642,12996228.4608,4.26735171829,10,
1440,265.037486251,529.768353,547626.911259,6.45972339193,10,
1441,265.031410104,111.626838,253596.908439,2.87877526126,10,
1442,265.047027726,67.997241,12970713.58,7.79925636792,2.0,[M+Cl]-
1444,265.056746749,464.841528,917661.038176,3.25014538523,10,
1445,265.077602117,609.27516,148668.445346,9.10040418596,10,
1447,265.073654421,465.551472,675050.68755,9.12774515653,10,
4443,531.227666724,39.2106684,11318601.7474,11.8061760154,1.0,[M-H]-
1451,265.146329227,34.8698754,59528109.9106,4.42430085738,10,
2117,309.205705841,42.92073,41613760.3111,6.69643040478,1.0,[M-H]-
1454,265.888209601,52.0098069,264698.413734,11.1410481734,10,
1455,266.058762956,45.445512,798134.808286,9.00242304805,10,
1459,266.134728251,173.111742,10561830.3551,3.24331901131,10,
2888,364.214916814,53.8992315,653262.938699,7.06729681329,1.0,[M-H]-
1809,291.038812136,242.413677,7735447.98997,6.88178337245,1.0,[M+H3CCOOH]-
1464,267.008730777,91.882218,1235892.38391,2.19762056532,10,
1465,267.044869295,36.4009056,117468473.21,2.70710938427,10,
1467,267.072284171,354.364824,102767128.227,1.67659168682,1.0,[M-H]-
1473,267.125739001,39.2106684,505318357.164,0.578757743886,10,
1474,267.127599946,172.926984,22221227.524,13.324869643,10,
1476,267.231395207,40.4512833,18246224.9572,4.92388213931,10,
1477,267.746893367,72.740082,1721676.96255,11.9098395017,10,
1478,268.025390389,390.800904,212977.734322,14.0024517095,10,
1479,268.038752674,142.36698,7574940.72075,5.84856490409,10,
1480,268.058036049,450.423432,524393.595184,1.7380314894,10,
1482,268.076645769,41.3813358,30885197.2231,3.90915396086,10,
2194,315.091209921,544.810398,636875.784009,7.28993642865,1.0,[M-H]-
1484,268.115663409,121.809597,1386442.71901,3.78518681186,10,
2664,346.171784722,426.309444,25161591.4024,2.11555592423,1.0,[M+H3CCOOH]-
2891,364.887803242,2062.19016,5779672.10373,1.5615209146,2.0,[M+Cl]-
1490,269.00848309,64.714704,1774448.59661,8.9277430589,10,
1759,287.05230589,39.6758502,14861676.1889,9.05702558207,1.0,[M-H]-
1492,269.053562872,233.395443,25213810.4858,2.61818986387,10,
1493,269.054963316,60.952908,505160.568445,2.73586738894,10,
1494,269.060520332,36.7299333,1952016780.21,0.801759959909,10,
2936,368.157823432,61.74639,3068705.40077,9.84244519248,1.0,[M-H]-
1499,269.086723269,579.387171,2148560.67033,5.57606497668,1.0,[M-H]-
2876,363.11601806,378.016026,445871.870688,7.80968012214,2.0,[M+Cl]-
1503,269.107589872,324.430449,1447199.84289,4.03662956369,1.0,[M-H]-
1504,269.105089331,41.9806614,72352374.1345,11.9680312514,10,
2913,367.087306375,425.987949,190904.04071,9.18340878126,1.0,[M-H]-
1506,269.122059317,886.51368,682675.883458,10.7691799853,10,
1513,270.114142773,425.527731,182469.002187,5.86260027074,10,
2721,350.897153685,678.47736,2182085.00666,7.04958958194,2.0,[M+Cl]-
1517,271.050672024,233.872998,8208088.47009,5.10435894088,10,
1524,271.089940714,487.969386,26828988.9945,2.99219755108,10,
1525,271.078932334,122.101962,13266973.6897,3.68574156393,10,
1526,271.095353781,49.182447,814707.800722,12.6336613643,10,
1527,271.105421071,403.771308,3635956.16016,4.30504181006,10,
1528,271.153965458,55.7948121,23593263.2315,4.86227352158,10,
3342,403.196805088,172.395492,21285203.1126,4.37786646863,2.0,[M+Cl]-
1531,272.006060176,611.76549,1019765.20781,3.90647408095,10,
1535,272.085346911,583.103547,5090847.70316,2.81813194993,10,
1536,272.082412261,122.03925,1173052.92809,4.17618355215,10,
1537,272.079888303,35.6259048,43521303.0681,4.6851801937,10,
1540,272.108849329,403.741236,281295.869006,10.4933789464,10,
1541,272.124129639,648.1506,6124898.53919,3.53624137035,10,
3792,452.223093072,385.07436,4730913.82299,2.37063743504,2.0,[M+Cl]-
1544,272.160405139,317.916363,27707837.9129,1.40326922518,1.0,[M-H]-
1546,272.903765694,676.72191,330631.433924,10.1440991861,10,
1547,273.037064526,624.02823,5175894.11219,2.58857882533,10,
1548,273.044333812,661.52976,276193.765604,6.54704482053,10,
3192,391.083164889,592.228728,247621.587135,2.74956762339,1.0,[M-H]-
1551,273.071994693,97.426614,350945.194639,9.2112663648,10,
1554,273.081283167,307.833678,314539.495055,5.98474535113,10,
1555,273.119362715,603.8106,25693697.5136,3.46695526572,10,
1556,273.119392234,526.713021,1937037.18701,4.15471992944,10,
1557,273.123222084,42.0060306,4812420.83877,3.83240319195,10,
1558,273.14434713,577.112493,1056358.71513,7.12338970086,10,
1559,273.155853538,827.65359,8018446.60616,7.59778586611,10,
1560,273.155721969,891.06867,16162876.7737,5.78139483426,10,
1564,274.040409225,624.06498,356132.96786,4.70240716892,10,
1565,274.053516725,122.147022,740368.053748,6.19949369981,10,
1566,274.059821805,403.91808,8134698.19358,9.6777704563,10,
1567,274.064558628,542.895348,8588307.42677,5.85530803425,10,
1568,274.092024579,323.903571,103763240.841,2.14790131435,1.0,[M-H]-
1569,274.103292354,672.09216,87073469.7465,7.00583477533,10,
1571,274.122733227,526.766175,161671.324796,6.74681685279,10,
1572,274.118729305,234.82743,23906269.8076,13.069569725,10,
1573,274.118458986,331.545918,6981845.16701,0.387220954541,10,
1575,274.139816742,820.88802,13552271.4406,8.1956602048,10,
1834,292.142252004,85.367355,1309125.16083,2.80954866147,1.0,[M-H]-
1577,274.139718621,406.087434,30364949.5141,12.9007727918,10,
1578,274.150974122,757.53036,324492.120103,11.6899810751,10,
2823,359.013643312,2069.44248,10402704.4179,6.94603415725,1.0,[M-H]-
1580,274.969612135,264.16779,9417117.29081,2.50382868025,10,
1586,275.121788166,331.358016,971416.912347,1.73668283929,10,
1587,275.114233754,53.923572,23000398.1153,1.99776870471,10,
1588,275.130943896,35.7773295,31314515.0448,7.38072811788,10,
1589,275.200195193,41.3630523,17495753.1784,9.02899466014,10,
1590,276.017132613,381.24126,1843593.25257,3.14251863496,10,
1591,276.020162811,459.575925,233288.781869,7.47974801241,10,
2251,318.090557106,571.473924,481709.677749,14.7768919301,1.0,[M-H]-
1594,276.076187715,390.738306,1373650.40652,2.88660300097,10,
1596,276.101114553,383.310459,4211767.02793,3.10125147194,10,
1599,276.109012101,548.366376,4003416.33182,3.63217531017,10,
3434,411.16822778,55.0132608,1278498.52318,5.78910406486,2.0,[M+Cl]-
1602,276.137626703,626.7372,1390333.165,6.11171973251,10,
1603,276.866585923,51.0855258,855151.631638,10.13221682,10,
1605,276.935470063,2070.61344,2782151.00816,14.3283136026,10,
1606,276.949924251,676.79604,267223.349479,6.96080046416,10,
1607,276.967992648,89.683986,2459095.46824,5.51251496574,10,
1608,276.966606978,264.481749,3598005.067,3.33117456135,10,
1609,277.013788737,282.14613,38488166.3578,1.96909450113,2.0,[M+Cl]-
1610,277.004204547,235.093053,6003592.43418,3.21482436692,10,
2078,307.033504439,261.288522,35446348.3674,5.02613983374,1.0,[M-H]-
1612,277.020529331,380.94321,96663.5283491,2.34848474121,10,
1614,277.085198383,553.303413,8058528.04234,4.90373562442,10,
1617,277.093529717,90.612009,3196756.34711,5.8508053188,10,
2712,350.095752802,189.929055,2876668.08105,2.90389515507,1.0,[M-H]-
1620,277.111475728,390.483024,486129.375582,7.60407008341,10,
1621,277.104888505,424.75242,528728.846882,6.30352217926,10,
3376,406.19269921,359.206116,3413282.82751,0.639508881668,1.0,[M-H]-
1623,277.128059208,342.397407,2232075.36397,2.35479138434,10,
1625,277.215708828,40.4512833,1020771406.43,1.56251376368,10,
1626,277.930093818,158.516346,357919.51835,5.3323842756,10,
1627,277.930064783,145.874526,942627.318346,5.23321367444,10,
1628,277.999265164,568.58181,15697413.1815,9.02330653593,10,
1630,278.0326235,603.08214,24456.2404823,9.06856992482,10,
1632,278.05764373,331.609464,1992896.35534,4.91496418253,10,
2404,329.083783873,99.051426,3377162.96677,2.36445473315,2.0,[M+Cl]-
1635,278.09817197,607.32747,5716195.00446,4.3402440546,10,
1636,278.096483242,424.70523,131360.139633,11.2874631574,10,
1637,278.113370676,357.764679,23072630.5463,1.69183178561,10,
1640,278.113440669,300.721368,446093.194336,1.32347500638,10,
1642,278.131275438,342.696858,164303.366552,12.9215635129,10,
1646,279.017430123,67.840551,18388475.9551,5.06675221521,10,
1651,279.065401545,532.981461,159596.683083,12.8946768176,10,
2712,350.095752802,189.929055,2876668.08105,2.90389515507,2.0,[M+Cl]-
1654,279.133845056,204.512574,106742693.676,1.67932334555,1.0,[M-H]-
1655,279.133689816,297.846876,35947212.6818,4.03054743639,10,
1660,280.012606834,180.156312,3098389.52727,5.39590259819,10,
1662,280.047908679,166.406034,3200549.96295,7.00487702695,10,
1665,280.074187387,45.4446849,714743.91232,9.41998045592,10,
1666,280.076402106,404.373234,1300180.89703,10.26633583,10,
1668,280.113147208,371.546196,894800.531511,12.1198655028,10,
1669,280.111705494,514.329492,90518.4776546,11.3851800779,10,
1674,281.014159058,55.1694468,44922501.3284,4.28155243055,10,
1677,281.051668651,512.970609,991274.106581,3.9063074231,10,
1679,281.072039274,506.795004,2849074.77431,3.32295846941,10,
1681,281.097744898,330.97872,20097138.0178,1.02406093315,1.0,[M-H]-
1683,281.113078781,349.57515,22247627.1967,0.553369897305,10,
1688,281.976721487,507.621642,319880.79116,6.47820346965,10,
1689,281.967791939,52.0278558,246189.723622,11.357714391,10,
1690,282.013879314,55.1331132,2939803.56296,5.86634545489,10,
1694,282.068541289,31.7590233,640796.232725,13.96074281,10,
3255,397.085939981,282.658329,2119262.23185,5.85084817169,1.0,[M-H]-
1699,282.109793059,90.781608,1630511.3105,6.60428467966,10,
1700,282.110085087,444.46095,1823615.34939,9.21802355986,10,
1704,283.011712276,179.935761,533199.254156,9.5233154504,10,
1705,283.019067731,235.641384,2606434.35388,6.22732429502,10,
1706,283.03969529,39.5207898,19190465.7857,11.095461196,10,
1709,283.076028145,35.9548689,37255737.3829,3.36714438399,10,
1711,283.077007312,338.569803,33628686.5365,8.94660673498,10,
2585,341.082918916,76.175592,2209731.16512,4.79062553831,1.0,[M-H]-
1713,283.126263063,382.843938,3407525.60383,1.15751885254,10,
2952,370.173239313,320.076156,1036068.20492,6.35253157571,1.0,[M-H]-
2620,343.185974768,395.543043,42300054.3152,1.98706906288,1.0,[M-H]-
4159,495.254609223,40.7612778,18957912.2855,5.47590471128,2.0,[M+Cl]-
1720,284.054051599,117.833058,1805465.24254,1.34548970198,10,
2615,343.122112856,525.780192,868161.806832,4.58572993235,1.0,[M-H]-
1724,284.112633433,32.6986395,3436137.5191,11.101963477,10,
1725,284.123994338,357.120438,3866713.05686,5.27519703834,1.0,[M-H]-
1726,284.135275627,589.342362,1928581.84573,1.84433838599,10,
1727,284.12973307,320.702856,258234.065451,9.55336056782,10,
1728,284.157111531,55.1331132,1225491.73823,11.7245649545,10,
1729,285.034446851,67.840551,1403940.75302,3.54452563731,10,
1730,285.036997431,535.292502,98174.8145742,6.22970836593,10,
1731,285.055414842,39.5168988,49432586.1793,5.7836506269,10,
1733,285.066871535,346.952493,338766.143719,7.08618211872,10,
1735,285.080397931,75.87645,1498101.94965,4.61657999672,10,
1736,285.084468765,432.507504,8837432.40679,3.84877903185,10,
3427,410.155567448,54.8572008,1824697.40466,8.50479133868,2.0,[M+Cl]-
1739,285.105582105,446.387367,3132109.633,2.32437635138,10,
1740,285.180599403,44.5039452,51717791.4378,4.40772793571,10,
1743,286.086653459,110.293146,880019.980183,9.08627975587,10,
2826,359.111629632,382.843938,458773.466018,6.26393899965,1.0,[M-H]-
1747,286.100933843,543.743184,416079.598994,9.50215152323,10,
1748,286.09521259,73.05645,555205.304392,8.52173096854,10,
1749,286.105042756,707.74509,3061428.2457,4.12270568598,10,
3250,396.240806725,55.7948121,1436605.03829,6.05239864996,2.0,[M+Cl]-
2890,364.887991369,1479.0762,11357031.5552,3.89533454298,2.0,[M+Cl]-
1756,286.910974046,1507.32894,13799070.477,4.07029950476,10,
1760,287.043698874,55.7948121,1003102.42312,13.8725147169,10,
1761,287.042651697,284.107479,22926969.3398,7.19953566683,10,
3374,406.138474879,526.430688,207774.291782,2.99748067336,1.0,[M-H]-
3497,418.110540646,644.53569,1781255.47246,6.52559863531,2.0,[M+Cl]-
1764,287.059929486,626.14392,560611.835266,4.04386045233,10,
1765,287.06975556,149.114679,2742421.90933,3.51724210628,10,
1766,287.067288624,450.167301,1571852.98507,4.36992008766,10,
1767,287.058207016,68.289267,744249.932965,7.15408980158,10,
1769,287.084890844,529.818363,3488555.17209,4.85556983773,10,
1772,287.134954618,477.113778,2181253.05732,7.40661182953,10,
1773,287.146192997,710.54208,9415803.32036,5.04811377936,10,
1774,287.159823982,461.845452,511738.645472,3.98858761652,10,
1778,288.048066949,452.397891,103394.75551,7.98777600474,10,
1779,288.058724246,282.616503,4958392.2176,3.71364114,10,
1780,288.05918211,568.29804,3532087.95882,5.13829694968,10,
1781,288.059220909,424.70523,111010.400179,6.20782935222,10,
1785,288.093621578,761.84256,22408445.4947,3.2976314423,10,
2928,368.104471092,614.00133,352041.529149,12.6261793378,2.0,[M+Cl]-
1787,288.130389782,425.517816,111686.690955,8.95819420171,10,
4198,500.174614276,408.702876,1400708.57574,3.71184681218,2.0,[M+Cl]-
1790,288.155321536,456.321648,4545282.05273,2.48554149152,10,
1794,289.068366157,413.059554,1032032.55314,2.73063015398,10,
1796,289.079475385,406.011564,728748.564469,4.46741766515,10,
1800,290.035862062,404.403618,3734104.45855,2.91513917827,10,
1802,290.059434909,529.753737,7676702.3846,5.95893713691,10,
1805,290.134621889,551.1087,2994261.62628,11.2663675168,10,
1806,290.141704758,41.3630523,144174746.971,2.53161115364,10,
1810,291.061945629,50.1230115,1727726.10024,4.41634278053,10,
1812,291.089333401,40.1411547,91508901.8793,1.61446607046,10,
2854,361.150366543,315.385755,7238731.01384,3.34011608496,1.0,[M-H]-
1814,291.101046477,189.290436,3902011.06635,4.31871729624,10,
1815,291.110113268,167.052678,721370.037378,10.2067241377,10,
1818,291.134318417,71.746884,329995.278122,9.09308090328,10,
1819,291.158609485,41.8287981,16629398.9678,5.38406116527,10,
1824,292.074385842,44.5039452,631551.374183,8.30591388478,10,
1825,292.069569766,111.909114,1304981.72209,3.78679312995,10,
2629,344.10839472,560.917374,5028877.68393,3.56193639119,2.0,[M+Cl]-
1829,292.096221119,500.655198,213389.94198,7.13931832623,10,
3461,415.122074865,371.181312,431227.177924,5.47312642785,2.0,[M+Cl]-
1835,292.150325784,595.176636,230605.212084,5.44034145297,10,
1836,292.165591662,514.452783,4505867.53387,4.35543486172,10,
1837,292.68970116,71.114262,117375.590004,5.74403901803,10,
1838,292.733805975,142.722072,1882815.11279,1.70732738787,10,
2131,310.900800528,2051.1894,441901797.075,9.16714149211,1.0,[M-H]-
1840,292.890344711,1970.18499,159222218.654,14.6490667627,10,
1841,292.890345025,1992.62508,125350739.755,8.24775825247,10,
1842,292.9254848,675.02676,337598.774652,14.2357057823,10,
1843,293.03486038,326.900922,307056.056362,5.55224454796,10,
1848,293.064723625,132.907602,3745030.83871,2.00388330949,10,
1851,293.101916684,53.9197695,1004159.35521,10.1944908787,10,
1852,293.104995572,40.1411547,216292118.327,3.05110541317,10,
1853,293.113243473,505.638141,9861384.36124,2.9730226281,10,
1855,293.132468189,340.503291,5918235.52169,0.741008613905,10,
1856,293.149535948,182.619855,222288023.962,2.17914987743,10,
1857,293.149468144,164.557812,155194205.444,6.99733072611,10,
1859,294.031799509,331.766964,1001604.09675,5.26749128579,10,
1860,294.034987702,452.369793,999827.780177,7.57365838169,10,
1861,294.031135436,115.77444,709282.8135,6.63305970177,10,
1862,294.035245429,549.843678,89869.0167959,4.52940875508,10,
1864,294.056032267,503.230149,364536.104263,5.05031786617,10,
1867,294.066525167,112.227228,293768.44594,5.61930693462,10,
1868,294.083344398,602.07237,777594.659082,6.86397185241,10,
1869,294.081171998,48.8886759,3013702.06843,5.45392708726,10,
1870,294.081943884,93.801219,23810560.6527,3.14787148808,10,
1871,294.100706952,506.66046,439807.381181,7.75547069365,10,
1873,294.108433594,40.1372676,22691168.5929,6.45412236612,10,
1874,294.118355375,344.007582,1380858.04214,2.88899595574,1.0,[M-H]-
1876,294.121439656,413.076027,1085414.40884,10.7157036147,10,
1877,294.116524503,505.596954,1399275.34312,5.80769377481,10,
3668,438.250984941,616.52325,364610.594149,12.8664751755,1.0,[M-H]-
1879,294.154528732,506.66046,3719827.83741,3.22170867994,10,
1881,294.981202998,71.493852,459118.451449,5.4124229288,10,
1883,295.024275346,301.061841,190093.340466,10.0966854652,10,
1884,295.029537591,90.476724,1548069.03849,3.15859089286,10,
1887,295.061673401,132.992592,1088903.06198,2.0785920873,10,
1888,295.063317119,182.753454,2800181.42811,1.22937317937,10,
2562,339.106164015,307.676304,731436.814979,2.51359465203,1.0,[M-H]-
1891,295.073393143,48.8695788,1435719.4998,10.16676077,10,
1896,295.149585627,404.446563,2366601.30218,10.9361512007,1.0,[M-H]-
1899,296.064224769,57.0458055,905394.91758,10.3246852065,10,
2742,352.146117999,232.856685,3550880.90998,2.6583176193,1.0,[M-H]-
1904,296.084369622,31.5793584,621200.655195,4.87791742301,10,
1905,296.085195802,671.85342,4288378.34829,3.40825276032,10,
1906,296.100391867,566.80044,96777.7241224,6.96602433343,10,
1909,296.133728766,402.193758,23770163.6804,6.90243249766,2.0,[M+Cl]-
4405,526.19445266,727.90608,20869350.6177,4.68525508908,1.0,[M-H]-
1912,296.585738635,31.4408367,148701.213478,10.261557454,10,
1913,296.685349103,70.995531,607411.720617,12.9834378657,10,
1914,296.979073568,71.452926,427428.826321,6.93351961172,10,
3096,381.165426678,90.959535,6231264.65638,5.00522919138,1.0,[M-H]-
1918,297.067629701,165.136284,759194.73298,11.0304170117,10,
1920,297.103292369,142.262472,15001938.6186,4.7811943004,2.0,[M+Cl]-
1921,297.102647531,127.58337,5451682.35455,5.78914951846,10,
1923,297.119035771,668.48034,488831.633533,8.45866492944,10,
2151,311.221349664,42.92073,21442007.3104,6.33801822505,2.0,[M+Cl]-
1928,298.035589522,124.207146,810938.566365,1.3939983524,1.0,[M+H3CCOOH]-
1929,298.083857612,91.002495,1137918.0966,4.81878543162,10,
1930,298.10075745,608.30385,857391.295807,3.88410546175,10,
1932,298.146875345,56.7382896,1179875.70693,6.24644129185,10,
1934,299.024959709,611.58969,1503035.28968,4.77560656146,10,
2511,335.088192688,552.64173,462527.490444,11.4107110554,1.0,[M-H]-
1941,299.099756862,382.822302,987939.373866,1.18187740399,10,
1942,299.100282899,157.48095,3221692.22458,5.70596338508,10,
1945,299.12111941,388.717395,11429054.8469,7.09128115333,10,
1946,299.125267302,56.5770603,766355.673009,3.6470371529,10,
1947,299.130760757,33.3192615,21768765.3935,7.52141512068,2.0,[M+Cl]-
1949,299.770498675,71.153961,834784.174033,13.6791709255,10,
1950,300.058993758,526.240566,201895.893492,10.7419333486,10,
1951,300.070738212,552.852138,72631.3283776,7.64678843032,10,
1952,300.090673434,497.786793,4070320.52438,11.7368856949,10,
1953,300.092518397,331.677459,632127.433899,11.2654974859,10,
1954,300.10507166,332.081649,12843122.7339,4.41268851485,10,
1958,300.191564168,179.523939,97479647.5465,10.7952678537,1.0,[M-H]-
1959,300.191731517,197.739786,43065690.5419,7.71919517715,10,
1961,300.914742244,450.003735,2128714.44046,0.980679048529,10,
1964,301.031776406,682.19919,24860623.8148,3.14096600798,10,
1965,301.031828441,596.545089,20519972.6776,6.2757198249,10,
1967,301.075458201,608.14656,1026065.00913,6.21470438093,10,
1969,301.100392168,488.161479,37840921.217,4.45197407522,10,
1974,301.128802354,137.23371,32840831.7912,3.64010777131,10,
1975,301.137474745,301.056612,642757.724447,7.01121830695,10,
1976,301.161452821,767.39997,726075.755887,10.6406510703,10,
3078,379.976409239,419.170476,396942.380884,4.35927038037,2.0,[M+Cl]-
1982,302.026425528,1410.12747,91641992.6688,10.5260616275,10,
1984,302.026242906,142.187526,47383530.5622,7.65535319657,10,
1987,302.063402387,523.561011,932776.292656,4.86525192131,10,
1988,302.082883069,445.569228,1519640.54856,4.18570939298,10,
1995,302.121046821,595.234596,986938.630526,6.36063852311,10,
1996,302.149706908,163.598238,77122326.6532,4.34063997809,1.0,[M-H]-
1997,302.14583339,790.16325,53490937.4302,5.61422281851,10,
1998,302.14974335,131.644314,83181488.4203,2.33783961727,1.0,[M-H]-
2000,302.170857201,355.655193,46529298.4377,1.95516464346,10,
2001,302.170875535,409.680399,16297821.4795,2.02426522358,10,
2004,302.927855238,92.036631,957281.798529,2.40328706341,10,
2006,303.022402791,1409.93925,100942167.397,8.80265895292,10,
2007,303.021550147,33.9395058,30188041.7017,5.73919439603,10,
2009,303.041038731,449.773182,2580088.61778,2.45472832723,10,
2440,331.034117248,165.158673,1559334.80624,10.3003453756,1.0,[M-H]-
2012,303.055155056,603.31698,387390.070551,8.37750670953,10,
2013,303.064474406,117.662442,59736884.7289,2.90357793144,10,
2015,303.077389753,445.595511,953006.595521,2.28037087849,10,
3328,402.158408878,375.719058,623485.019271,3.19555348765,1.0,[M-H]-
2020,303.094884375,306.952536,1031688.85823,5.6045327096,10,
2021,303.09333051,519.369858,502393.805462,5.60819773875,10,
2022,303.112926369,620.84499,134037.364198,11.1883375156,10,
2024,303.125896958,136.717608,10344101.5506,4.03754252785,10,
2025,303.129743656,610.47579,70877496.5694,3.20519138923,1.0,[M-H]-
2030,304.03287659,460.110342,3699398.45379,3.36017474034,1.0,[M-H]-
2031,304.032886775,282.03381,2622013.75253,3.56721047838,10,
2034,304.0574132,403.120647,551763.255289,4.11542858029,10,
3019,376.115189078,62.672772,531598.669661,10.607193597,1.0,[M-H]-
3527,421.163367782,179.229645,24173037.4932,3.24567046931,1.0,[M-H]-
2040,304.085429157,105.629943,36350313.5045,3.19318446547,10,
2043,304.150142304,448.207311,30773502.5949,4.27004005401,10,
2044,304.157642497,89.684298,11160746.2153,4.28683381402,10,
2045,304.15728146,41.030949,8119233.32942,9.50164540037,10,
2052,305.05315994,406.280598,237422.431989,13.7123363583,10,
2058,305.080687737,32.0747082,769560.173905,6.61082824613,10,
2060,305.108940166,614.63319,47717092.4813,3.58691912657,10,
2061,305.159490824,186.271641,1064328.12756,1.54947576378,10,
2063,306.015615835,450.167301,85449.354081,14.8757081728,10,
3848,459.117246526,104.382771,9966099.54583,3.7043226176,2.0,[M+Cl]-
2067,306.069580207,375.071997,599148.85655,4.22640146041,10,
2068,306.086623674,390.786012,3035960.61983,3.7982508494,10,
2069,306.111600212,543.85278,739800.81508,6.47583068795,10,
2070,306.111690313,414.061986,2276316.4384,0.881616477088,10,
2739,352.132466854,164.535549,1825905.18341,5.17328519905,1.0,[M-H]-
2073,306.14466908,310.186992,304995.434617,6.1348625601,10,
2074,306.992345983,72.102087,35461415.2383,3.90784136256,2.0,[M+Cl]-
2077,307.035716752,50.1421704,1458743.46545,4.00828967926,10,
2079,307.050665631,120.69219,1606326.77164,4.91117325693,10,
2081,307.048809969,346.553016,172452.180813,8.50067802508,10,
2083,307.060298248,579.536325,3484389.73944,3.55273575974,10,
2085,307.066745481,198.535686,2727066.24383,3.87474638619,10,
2086,307.084172631,41.0713413,195599457.516,1.35851155851,10,
4207,501.12807884,53.6020848,402454.709904,3.37893312278,1.0,[M-H]-
2088,307.101053268,761.08038,38487363.1642,5.28835039988,10,
2089,307.093199991,47.6382963,11846771.1029,3.78159058431,10,
2091,307.12461854,562.029732,1621115.96547,4.18527356543,10,
2092,307.128714208,60.802524,751837.747204,11.1636511971,10,
3911,467.208035904,182.723184,3324942.97969,3.33523062786,2.0,[M+Cl]-
2094,307.132205926,118.619448,7569228.88629,3.14968121516,1.0,[M-H]-
2095,307.99796758,329.931966,290378.026489,13.8734327397,10,
2098,308.07235314,117.821958,5403754.14152,3.09749998199,10,
2100,308.123979263,403.455747,4207130.71947,3.76056232757,10,
2101,308.124055826,452.690916,2332585.12995,1.76355914498,2.0,[M+Cl]-
2103,308.137094072,358.912344,6406414.45394,5.33768156073,10,
2104,308.160459644,601.00944,1740100.67151,3.97555118213,10,
2107,309.040035946,307.090989,595167.694244,4.89221344915,10,
2110,309.100060306,56.7133938,102447733.33,1.49641289647,10,
2111,309.111376812,374.133618,7957453.5244,1.54448015575,10,
2112,309.107972482,566.333781,1113800.24608,12.3015948265,10,
2113,309.099868612,41.3775108,6158894.07581,8.56308811459,10,
2115,309.127434322,452.725188,285934.816315,4.1659935051,10,
2116,309.130718889,58.9111836,564908.225952,5.11965614149,10,
2945,370.020886326,452.685762,381410.109113,11.4494463351,1.0,[M-H]-
2121,310.046497858,354.395868,115994.763701,6.49464008221,10,
2122,310.082959591,489.989043,1823532.62626,6.09584939426,10,
3718,444.145387019,506.980956,7691482.69866,10.0397801004,2.0,[M+Cl]-
2126,310.113283677,553.75569,39785.7680612,12.968283743,10,
2127,310.121383213,390.483024,263400.415542,11.3943133124,10,
2129,310.209027262,42.8993142,8195594.17251,8.33011601795,10,
2130,310.853560977,679.76007,263957.465801,11.4563991669,10,
2132,310.900717312,1858.1988,88803190.24,11.985287187,10,
2133,310.900746142,2013.53604,88115036.5418,6.50307627614,10,
2134,310.900826201,1906.64478,107174992.004,12.7978068539,10,
2135,310.99513444,72.102087,319406.223661,8.03923976657,10,
2136,310.99872482,91.71039,683221.082296,2.11428890438,10,
2137,311.033234696,116.302155,1049172.68572,2.23063446013,10,
2139,311.048754849,48.8886759,2802105.95319,4.25361934175,10,
2140,311.061002011,92.669865,413543.359217,5.14647997428,10,
2143,311.090492138,549.189432,545998.248609,4.55389203735,10,
2144,311.115734932,55.1694468,123603995.448,2.3600494305,10,
2148,311.15755962,175.790622,17009649.7243,6.07672354197,10,
2149,311.163995774,390.219522,506292.380914,6.55010819326,10,
2150,311.167184645,37.9701081,149856381.461,1.49004752863,10,
2155,312.074779978,86.662392,438252.468572,10.2798678882,10,
2157,312.085751775,346.999536,289438.283353,4.16647633973,10,
2158,312.09571058,519.571464,339182.055046,10.6178448361,10,
2160,312.119124458,54.8609418,18563981.6382,5.12137692254,10,
2161,312.130441407,667.98594,1005660.27373,11.3904025487,10,
3217,392.83663892,676.63902,181582.685494,7.36552671203,2.0,[M+Cl]-
2163,312.970999674,675.04464,448784.328064,14.5307085711,10,
2165,313.040412419,55.1694468,79808462.7996,2.02301348761,10,
2166,313.050542745,264.3138,16485699.1386,3.21092986147,10,
2169,313.096417745,309.199644,3308944.04658,1.99103170681,2.0,[M+Cl]-
2171,313.106381953,850.59429,8272068.81763,5.56290263308,10,
2173,313.694529325,71.470095,925363.350261,11.6509149584,10,
2174,313.929852582,1507.35462,5385857.11867,5.9206564499,10,
2175,313.929836857,1475.66394,22168122.8926,6.02266318528,10,
2177,314.041340014,54.8534598,6662335.68663,7.4772235135,10,
2178,314.044182443,632.82264,159575.950131,10.0072554601,10,
2179,314.074915125,608.33298,186033.730756,4.22720746272,1.0,[M-H]-
2447,331.123098437,182.213286,2993314.23988,3.76331834956,1.0,[M-H]-
2184,314.134657722,90.17034,2054077.94316,4.47088270059,10,
2185,314.178217101,55.7948121,1922106.69655,5.8494171245,10,
2186,314.240560475,55.1655798,623294.775502,12.3093993307,10,
2187,314.724536135,141.77658,4964638.04804,5.93680235844,10,
2188,314.827928929,677.3556,504747.17758,11.8483266023,10,
2190,314.904147435,144.033972,4119004.48101,3.82292269429,10,
2191,314.989150058,49.026375,3704780.92902,3.31672266282,10,
2195,315.095094297,388.093929,3222234.49213,8.2639578966,10,
2197,315.095212606,371.503998,1969341.05184,3.84453667774,10,
2199,315.110555694,91.002495,1855726.70146,3.52308983916,10,
2201,315.115945526,468.893871,5627724.41782,1.42104468012,10,
2202,315.117406458,181.113552,1062131.70018,1.31929053716,10,
2203,315.12843294,90.382413,4690656.81946,13.3897385857,10,
2204,315.202617362,677.06892,178617.929925,4.49613230745,10,
2205,315.210473058,163.192551,2294539.1691,9.90513366277,10,
2207,316.042595935,658.90038,950594.709149,5.59941867797,10,
2210,316.069601527,31.7615916,78508.6512973,14.7545036074,10,
2211,316.090435841,548.071611,120197.571595,11.6118576839,10,
2214,316.111263899,527.091612,3197941.50954,6.01657657943,10,
2216,316.111236019,324.177309,2217456.49732,8.44452352939,10,
2217,316.120993171,60.624795,1538755.06218,7.58803001675,10,
2664,346.171784722,426.309444,25161591.4024,2.11555592423,1.0,[M-H]-
2224,317.053481866,547.535085,8950971.41589,8.12827410846,10,
2225,317.048340121,520.218582,88530.9842919,5.83514917216,10,
2226,317.060939833,105.629943,3841989.26155,4.57943091682,10,
2227,317.07035162,534.090219,582672.013564,4.29080512684,10,
2232,317.089551194,377.667954,56761.5894006,10.6715514714,10,
2233,317.097787668,85.389321,3653327.5191,1.583082077,2.0,[M+Cl]-
2235,317.107657995,204.423546,858325.718787,5.84305519588,10,
3353,404.157476338,308.090115,550163.611632,11.6223871236,1.0,[M-H]-
2237,317.128505475,602.07237,120805.916915,10.9021792455,10,
2238,317.124160162,378.950979,5187479.20503,2.77168590822,10,
2240,317.124200111,356.253342,3030854.81726,2.64444294956,10,
2241,317.135706364,69.08394,668887.981869,12.9914538356,10,
4220,502.213603129,624.45222,370619.016635,6.02568795698,2.0,[M+Cl]-
2244,317.164745536,425.975562,145108.785674,0.998006791081,10,
2245,317.168888898,122.764653,22675726.1224,8.44280224038,10,
2247,317.826620171,677.3556,549959.017,8.88506105316,10,
2250,318.05673892,326.481408,361473.590861,2.13331047006,10,
2252,318.098649882,281.562267,14398232.2864,4.83107118509,10,
2253,318.09497897,648.00732,950742.626215,7.85262502177,10,
2255,318.114182074,183.4338,825953.169042,2.79329460446,10,
2256,318.104642449,60.61806,241962.833659,13.9672465481,10,
2258,318.127813433,378.941382,808447.782317,1.21820895573,10,
2260,318.129368674,88.257618,323367.77832,6.278822484,10,
2262,318.148922129,492.338274,387760.100717,1.65437326115,10,
2263,318.165692945,416.180448,278932323.668,8.41398956536,10,
2266,318.8255899,677.29014,617016.843941,3.89857617846,10,
2267,318.901810088,92.067657,642003.392126,6.35964822557,10,
2270,319.02558745,561.25404,41239812.1382,7.08183129543,10,
2271,319.042275805,681.14121,10984812.5802,3.53637454652,10,
3252,397.039068848,947.27616,6966723.76237,7.22999682399,2.0,[M+Cl]-
2275,319.068216263,375.389898,549391.621453,6.84803406289,10,
2276,319.077235864,105.608514,3533261.58339,3.15903832263,10,
2277,319.089586937,648.1506,1790351.47931,6.6860663141,10,
2278,319.089691546,467.248293,1732184.88466,6.02059798981,1.0,[M-H]-
2279,319.092929918,47.3065785,3167134.05506,2.53099891411,10,
3478,417.0835998,453.076095,326538.98569,5.33317243333,2.0,[M+Cl]-
2281,319.113447919,92.027148,592189.492822,12.4123721121,10,
2283,319.124659936,596.803533,13812979.9944,6.38997449461,10,
2284,319.124652329,622.07718,10266111.3253,7.41661717359,10,
2285,319.124556081,642.7566,6121819.16888,9.66261356773,10,
2286,319.141600449,396.168975,14937281.2234,3.61208254023,10,
2290,320.009741266,618.10782,10538418.7658,2.28500272456,10,
2291,320.084984618,183.355689,1395566.34888,4.67459460822,10,
2295,320.108356517,57.3579279,1450400.36315,3.19288330361,10,
2296,320.127221384,381.24126,1910346.21679,1.84007089388,10,
3466,415.19300682,501.045774,11598156.102,5.04589476378,1.0,[M-H]-
2299,320.171511917,524.474214,131382.94361,5.78111399936,10,
2300,320.826339777,677.51571,880105.174869,2.45269262735,10,
2301,320.995588166,467.372829,33918132.0239,4.11006836327,10,
2303,321.038581794,70.50198,327352.106796,13.6682877237,10,
2305,321.049119618,245.703396,4780886.63509,4.99363352677,10,
2306,321.053890165,549.843678,459635.224114,10.3886630804,10,
2307,321.076463138,43.904262,493878.554755,6.50241634381,10,
2309,321.136142728,35.9654283,86428863.983,5.19237931941,10,
2311,321.129033048,666.84702,20955006.8396,3.80711560011,10,
2313,321.253579671,81.069801,361804.830818,14.3729172909,10,
2314,322.075578547,331.835016,7072201.10413,2.36724800225,10,
2315,322.106297834,561.220272,1394713.30052,5.33079707668,10,
2316,322.13945397,325.227255,8259240.81322,1.58075631818,10,
2317,322.13934237,57.674544,2863236.71749,9.26249618605,10,
3297,400.147686579,302.237091,1460785.82207,2.97124009819,2.0,[M+Cl]-
3534,422.074652473,142.711788,3590497.44566,5.13414446987,1.0,[M-H]-
2321,323.040582376,199.001328,2526233.75336,3.6163077092,10,
2322,323.042525156,391.438152,205481.052962,11.9441747694,10,
4152,494.979844856,49.2016128,2631724.44205,4.91452808352,2.0,[M-H+KCl]-
2325,323.074968705,761.75316,7194658.76566,3.34345832314,10,
2326,323.082292161,548.041758,133065.013949,8.32442619953,10,
2328,323.121123174,192.641394,2102262.74293,3.7117551655,10,
2329,323.133491794,521.647476,656797.79168,4.09165436194,10,
2330,323.18112892,506.66046,549483.355645,5.57164979515,10,
2332,324.02194699,100.05513,418869.233967,9.43510348564,10,
2333,324.031697982,601.97904,85631.8539704,13.1702115665,10,
2334,324.05112163,50.4382983,3703410.97709,1.42718441402,10,
2335,324.070551954,47.6384718,877272.734526,6.00573670161,10,
2336,324.093506853,581.502732,61101.4696762,14.4283720427,10,
2337,324.128791445,96.978894,510639.806795,11.0571364259,10,
3053,378.142388252,302.012856,984207.24902,5.74064832795,2.0,[M+Cl]-
2340,324.177910081,60.461247,2983973.42935,4.94264150581,10,
2341,324.931153142,70.355538,194051.038049,2.46404778847,10,
2344,325.022719613,50.1230115,744731.893409,6.70859848315,10,
2347,325.040889893,620.53224,104385.172594,14.119561079,10,
2349,325.055916576,406.293318,431370.01331,11.5174661748,10,
2351,325.094916681,67.997241,129768832.558,3.97394495322,10,
2571,340.126816255,86.995854,1372131.48948,4.15576732994,1.0,[M-H]-
2353,325.106270544,192.821604,9348019.70555,13.7007504538,10,
2356,325.124184719,421.780644,158299.940283,10.6964184618,10,
2357,325.132798728,390.467448,673670.100588,4.18753123659,10,
2358,325.173226979,133.342236,30144680.7406,3.33780256502,10,
2359,325.182629936,37.3083438,156950695.523,3.95575587617,10,
2360,326.020724529,426.963456,110623.338509,14.0187625278,10,
2362,326.044025262,457.348119,58904.6723762,12.5457797513,10,
2366,326.131849293,388.602033,2507612.54115,2.30665330429,10,
2370,326.876625079,51.2429688,324422.653948,9.3336721282,10,
2371,326.972433614,91.882218,974972.758319,4.7711573939,10,
2372,327.007171277,116.410812,1147194.95766,0.721287501014,10,
2375,327.021365855,33.3192615,4149239.84093,5.24504953303,10,
2376,327.044980501,509.161245,5205832.98374,3.57993801862,1.0,[M+H3CCOOH]-
2377,327.061987846,407.572374,1584484.84295,10.6794851305,10,
2378,327.058585873,425.030478,167419.627956,6.34925453976,10,
2379,327.080098406,117.799218,1485322.73154,7.54899681487,10,
2381,327.095267424,364.348854,907989.176619,7.41453329686,10,
2385,327.658509118,70.837599,275060.662999,14.3192126646,10,
2386,328.043911376,325.881747,4131400.31977,3.06780152145,10,
2387,328.052249449,105.027504,1189504.24826,3.19650522334,10,
2388,328.043955623,363.372984,1268535.80684,3.65387355299,10,
2390,328.090357583,230.323527,1079796.011,4.28910695383,10,
2597,342.105771709,388.067805,1201156.85631,3.7363450595,2.0,[M+Cl]-
2394,328.111316062,546.61599,1159413.53569,2.81695880946,10,
2397,328.137348288,122.105193,5965403.38322,6.61095457518,10,
2398,328.150034767,341.115477,5911375.77384,6.79613120771,10,
3529,421.18235508,132.477678,773197.179903,3.47169599297,2.0,[M+Cl]-
2400,328.186439799,396.161877,9624250.79937,13.9466428335,10,
2609,343.035693588,1410.5703,1223292839.29,6.4210650794,1.0,[M-H]-
2403,329.052551804,369.431796,678617.258706,5.57184641267,10,
2406,329.079860613,52.6403697,37764871.0471,1.91406253986,10,
2408,329.114147919,199.341708,6790050.36157,4.62512626481,1.0,[M+H3CCOOH]-
3417,409.162865656,163.796847,1966966.96597,5.95467890974,1.0,[M-H]-
2410,329.181706026,415.631145,27620153.6415,1.79553100788,10,
2411,329.189134075,78.856377,3067704.36253,6.05238948132,10,
2412,329.181789914,450.70803,6081465.73182,7.11871101287,10,
2413,329.656028125,70.837599,961567.199567,10.1407644599,10,
2415,330.021461828,1411.20144,9864285.69759,13.9160909843,10,
2416,330.019410609,509.095917,830790.447316,5.30458776461,10,
2417,330.044647747,72.102087,203996.546583,5.85176544485,10,
2418,330.067625352,170.304699,53134453.1609,2.88298250407,2.0,[M+Cl]-
3116,383.074308703,70.978239,227701.990397,14.44302919,2.0,[M+Cl]-
2420,330.069552548,533.821413,85955.3002505,11.2915468177,10,
2422,330.087314822,98.753916,205304.209805,6.75828551586,10,
2424,330.097645958,56.8895508,575791.199313,3.04381126522,10,
2425,330.126944711,542.439642,1508979.20743,7.96351108697,10,
2426,330.123997766,795.6834,621463.712276,4.02307417773,10,
2429,330.173172725,73.68183,20226780.2346,11.0959288758,10,
2431,330.202078469,300.468408,55111363.0401,2.13117158559,10,
2432,330.202292787,223.13244,343602583.898,4.04930717292,10,
2434,330.860277001,71.153961,459382.846183,8.5422272092,10,
2435,330.890713747,677.19477,20615425.7175,2.97298079023,10,
2436,330.91773969,145.245291,16919999.0693,7.68581610828,10,
2438,331.009412665,85.056402,308579.492643,7.00920589649,10,
2442,331.077806127,603.75156,62212.7936484,9.84973141306,10,
2443,331.068704629,281.171781,14627399.4644,3.613045816,10,
2444,331.11125612,488.75352,173601.614251,14.2393002372,10,
2448,331.139904729,368.294991,8103452.10026,1.56720061909,10,
2449,331.139856882,380.884902,2176463.04308,2.68798756193,10,
2450,331.144382835,584.141769,206380.366485,4.57195753391,10,
3800,453.146527135,416.297361,8317874.34451,4.47808438441,2.0,[M+Cl]-
2835,359.218928565,43.5672786,857673.897591,7.97375920264,1.0,[M-H]-
2454,331.653815338,70.837599,1074206.31867,10.2930670471,10,
2455,331.890186937,677.19477,3129752.82563,3.19461114731,10,
2457,332.042550147,71.475216,170971.602481,7.26186663719,10,
2458,332.057585272,57.3579279,11325054.5142,3.062191673,10,
2461,332.080556306,104.977542,8153633.77431,4.63815105229,10,
2462,332.081885902,579.536325,2466478.02027,5.39525560222,10,
2463,332.08545637,527.428038,144051.867737,4.1735055804,10,
2464,332.094789463,330.97872,1108129.85883,9.60800943458,10,
2465,332.092606739,43.875498,1804204.25348,7.65870324239,10,
3212,392.149802247,51.7180866,4466026.27265,1.62383060649,1.0,[M+H3CCOOH]-
2469,332.181343004,348.869292,31450200.8262,1.61329880499,10,
2470,332.181382193,368.139678,53215864.1849,3.9027896236,10,
2471,332.21786257,452.369793,562460.668136,1.62989503191,10,
2473,332.858231548,71.205972,511569.028579,10.7467288004,10,
2474,332.870850085,676.88253,291181.226539,2.97462876986,10,
2475,332.886890135,677.51571,3856282.53905,1.51841930906,10,
2478,332.927954347,264.959934,4535605.71244,4.22064885498,10,
2993,375.021459191,146.223261,620067.252824,5.11081069176,1.0,[M-H]-
2999,375.088153444,547.069071,965543.39177,7.36554947225,1.0,[M-H]-
2481,333.051700831,450.55605,75903.5504093,4.47167955177,10,
2482,333.057853093,672.57519,899057223.622,2.24047727684,10,
2483,333.084593599,183.117051,5982217.55327,4.41340545486,10,
2485,333.103401969,452.431788,187239.150633,8.9299734252,10,
2486,333.105932051,414.43293,413041.778114,11.4095582932,10,
2487,333.140390297,506.340213,319500.573422,6.25038434114,10,
2493,333.886347032,677.60124,428832.693541,8.09715185569,10,
2495,334.067994771,346.876512,147580.274165,0.592940477001,10,
2497,334.121906984,123.401271,9676776.41923,2.44831795449,10,
3708,443.102311174,55.3254459,3010347.54661,10.0774428128,2.0,[M+Cl]-
2499,334.124392476,698.88942,3661069.83073,5.90383779036,10,
2500,334.135241689,560.457747,730665.406366,6.0849849599,10,
2501,334.139637591,184.623495,7873017.90835,3.72848664021,10,
2502,334.160663597,453.012414,494394.613151,7.88449164691,10,
2503,334.693174099,163.391652,1350567.99115,12.8108906534,10,
2504,334.692805259,142.406826,4686264.19545,7.49834154554,10,
2505,334.972302128,280.781688,2714924.48173,3.34142399399,10,
2506,335.020617407,562.820733,672128.110194,13.3495379508,10,
2509,335.064788371,240.809367,1655658.22547,5.55133915679,10,
2510,335.066906049,47.3065785,2714185.10702,1.39008438372,10,
2512,335.100175315,403.455747,2735409.24216,8.76655628878,10,
2513,335.13474394,461.389818,248936.766902,12.1790678604,10,
2514,335.156020799,359.0463,1956186.59187,6.79097999064,10,
2515,335.15592815,317.659848,762007.839633,7.04258225023,10,
2517,336.0593924,461.174466,286112.646051,7.79446982959,10,
2518,336.059401437,504.89856,427696.48892,3.20176204316,10,
4341,518.128598624,280.38915,2337838.23786,11.2187139425,2.0,[M+Cl]-
2520,336.120557188,56.4207492,2982711.78789,4.60295636917,10,
2523,336.176757839,593.211828,128250.690948,8.91622052172,10,
2524,336.168543443,197.781864,9803286.96766,1.94502477548,10,
3303,400.243600963,403.140189,1754697.75407,3.81336472962,2.0,[M+Cl]-
2526,336.857419408,677.04309,1162693.46007,3.22271576813,10,
2527,336.969651971,429.675651,27091932.3096,4.08272934199,10,
2528,336.969603638,443.308032,29905761.4957,4.88209820527,10,
2529,337.015568766,133.309332,817611.730674,10.8503606158,10,
3542,423.035368349,67.975953,854207.359309,5.43395625937,1.0,[M-H]-
2532,337.042846115,433.89453,3937923.88836,4.26116819364,1.0,[M-H]-
2533,337.043369283,104.977542,3480313.90381,6.55857853732,10,
2534,337.061567895,617.34741,3586247.00514,7.26714805399,10,
3813,455.093505855,543.175326,193260.99367,5.60634873029,2.0,[M+Cl]-
2536,337.087415001,394.602864,1375556.06981,3.18936559812,10,
2540,337.097893555,487.653756,5645522.11269,4.18802091928,10,
2541,337.123925763,574.232196,1387740.16951,9.10654110112,10,
2544,337.172305964,197.461362,1403712.16686,10.6222070818,1.0,[M-H]-
2545,338.054521469,396.512787,6559539.69724,7.39456667248,10,
2548,338.088021373,52.9730856,361865.398862,5.50241635846,10,
2550,338.144837596,332.3025,1430519.46568,11.8690101961,10,
3455,414.259261021,58.2981576,928567.482992,5.7619385926,1.0,[M-H]-
2552,338.96728133,443.378442,4135372.76408,2.83246914288,10,
2554,339.048847684,108.412275,17580647.3876,1.68058899329,10,
2557,339.058576108,63.307641,706001.471742,10.295513034,10,
2558,339.07501416,375.483486,121794.584745,14.9894121209,10,
2559,339.077236554,527.405436,285914.853298,11.3748991873,10,
2560,339.089291223,204.879276,3445510.30016,5.04729013746,10,
2561,339.089938129,140.927292,1135575.93059,4.714909774,10,
2563,339.127088924,491.951544,255191.791066,10.9203365823,10,
2564,339.137748796,422.414982,120794.15125,10.4251079028,10,
3314,401.158977709,133.342236,6240453.51215,7.67259367113,1.0,[M-H]-
2567,340.036200827,676.23108,1666698.59392,7.9366028426,10,
2907,366.125137316,610.59894,2518038.47541,2.85011906324,1.0,[M-H]-
2572,340.186478737,400.243632,98162.4798464,6.11134584683,10,
4186,498.352879268,58.604673,2003005.17897,5.55505957597,1.0,[M+H3CCOOH]-
2574,340.993563514,540.528747,1139638.52513,4.94808596325,10,
2575,340.996517299,50.14137,692011.325807,8.44727975787,10,
2577,341.025731401,422.087238,169373.189974,8.61143725483,10,
2578,341.037594514,105.71913,89175164.5699,1.20001324573,10,
3871,461.117323134,68.948478,1113447.48335,5.74141611798,2.0,[M+Cl]-
2580,341.039512182,676.15266,60834.3215833,7.68852132653,10,
2583,341.071854166,57.6495783,34767092.5723,3.71348382376,10,
2587,341.097338086,499.36497,683236.273021,0.763490442424,10,
3310,401.128311112,586.4115,37254860.6038,3.38420660185,1.0,[M+H3CCOOH]-
2589,341.147005214,133.226865,26404266.9564,2.58679691822,10,
2591,341.168023382,239.477238,2229850.0051,1.94727131042,10,
2592,341.190394747,946.3674,5288212.98856,11.661488584,10,
2593,341.23212131,55.7587308,528875.34553,14.2477432774,10,
3146,386.053544954,47.7946053,2274727.12502,6.68558132057,1.0,[M-H]-
2598,342.108952437,451.726041,500492.855677,5.93265372474,10,
2599,342.106735337,610.92222,233069.867405,6.14106406288,10,
2600,342.126494573,468.811728,1857304.55684,10.0091276892,10,
2604,342.16551978,310.033539,7595745.82297,6.35319994399,10,
2605,342.238234035,105.318009,30435245.0566,5.42745021202,10,
2606,342.972632913,69.626862,679718.574705,12.0547437619,10,
3155,386.984170179,91.750908,933671.2479,9.42116102819,1.0,[M-H]-
3661,438.073994159,508.685586,434342.332209,9.13531538166,1.0,[M-H]-
2611,343.053586896,117.639597,2118951.0884,3.66232751029,10,
2612,343.082572344,613.74354,540738.636267,6.41621689236,10,
2616,343.12660095,243.792558,4378219.32896,2.2048641322,10,
2617,343.128640345,227.683806,15054355.5566,1.93819312119,10,
2621,343.197212632,359.206116,66214410.5715,0.663082954891,1.0,[M-H]-
2622,343.197277694,900.2457,11121765.7934,1.29606497329,10,
2624,343.974508532,330.181041,1702424.94338,5.59916941777,10,
3381,407.053678636,105.534414,1823226.39592,7.41740574264,1.0,[M-H]-
2626,344.037234389,1410.1356,362325542.866,14.4949835029,10,
2627,344.038827382,459.575925,3294294.68896,4.67459195789,1.0,[M-H]-
2628,344.047523622,52.6581066,98250.2473085,0.914950651416,10,
2632,344.106111826,628.2282,206521.132477,12.1303465169,10,
4090,488.206777832,33.0090753,8860979.37465,6.63928127706,1.0,[M-H]-
4114,490.177995214,499.720473,2903030.4027,5.8256230499,2.0,[M+Cl]-
2638,344.192617216,811.07394,176312.396026,3.53431583699,10,
2639,344.200951052,359.231976,10172495.2417,2.771079151,10,
2640,344.217380073,169.276443,491730744.021,4.81703244506,10,
2641,344.989259941,2068.86402,3803883.18401,9.14196821263,10,
3885,463.032051034,49.2016128,706392.418242,2.56481949836,1.0,[M-H]-
2644,345.041097324,608.23977,115099.533927,9.88275078797,10,
2645,345.042805011,459.520092,271518.127136,7.41108607266,10,
2646,345.055515447,70.491687,393195.39349,14.4622768829,10,
2648,345.080212957,562.515156,307299.380706,14.3660212335,10,
2649,345.102677733,421.757031,453050.998784,8.26478758996,10,
2652,345.128838736,327.592545,3716846.16566,0.920963557439,10,
2833,359.192313309,406.32942,19557858.5085,3.66379389806,1.0,[M-H]-
2656,346.010345309,1411.04376,14881408.7508,13.473824922,10,
3175,390.079199475,433.997964,3865806.96197,1.81826772133,1.0,[M-H]-
2659,346.10906744,118.323552,831038.41421,3.50450724855,10,
3719,444.201459343,332.238894,2805227.33128,5.69914865161,1.0,[M-H]-
2665,347.027674267,447.13668,65457.5389541,9.22455325473,10,
3486,417.14967788,104.003394,12911172.6404,4.42486520987,1.0,[M-H]-
2670,347.080756127,628.53456,371410.418777,6.57960193839,10,
2672,347.101230497,505.865544,165111.663515,13.3718250019,10,
2674,347.121124128,189.929055,10295306.3439,4.22165314135,10,
2676,347.134822137,425.401158,759792.121574,1.58161318599,10,
2677,347.13801607,491.299626,72670.7678991,13.8831827401,10,
2678,347.161397705,43.5649521,490963.892169,8.90870947022,10,
2682,348.113997888,468.902538,1227278.59278,8.29255205887,10,
2684,348.139112858,55.4818188,2696879.01976,1.55424531831,10,
2689,348.901110113,677.60124,9787158.59453,3.63675227772,10,
2691,349.016834326,55.4818188,50144894.3668,3.14396418569,10,
2692,349.036213118,527.650488,645028.722977,11.3191074462,10,
3411,409.066193861,116.364492,1367423.04565,11.5787339485,1.0,[M-H]-
2695,349.07515381,354.364824,7120609.21621,3.38173568159,10,
2696,349.074938841,173.866974,60580172.7882,5.41653006312,10,
2699,349.093202137,391.104762,576326.487783,5.69533896703,10,
3416,409.14067363,70.815375,749678.98022,12.1330343424,1.0,[M-H]-
2701,349.115602641,122.28672,990742.308111,6.02712645202,10,
2702,349.11959399,300.149664,2166969.45631,3.91991893813,10,
2703,349.11731099,609.56856,72562.5357578,11.8987901984,10,
2704,349.134704206,669.7038,454804.774893,7.66761755813,10,
2705,349.150331838,449.801211,213348.701599,8.71412490043,10,
2706,349.142279689,327.44253,298936.96333,3.61835624683,10,
2707,349.900657276,677.60124,1451713.43193,4.73573337784,10,
2708,350.017835748,55.1694468,5311556.25265,2.60704940226,10,
2710,350.050981145,52.9767708,513492.834238,4.58493341038,10,
2711,350.057898137,116.387586,709486.905292,5.11095693444,10,
2713,350.097733693,498.720846,411757.522561,7.62937061975,10,
2715,350.149738753,85.070571,11763634.7836,3.75794586338,10,
2716,350.170727092,354.042138,1895408.86471,1.17931246281,10,
2887,364.199510694,140.784612,13121609.3505,10.5102143092,1.0,[M-H]-
2720,350.865543,51.7180866,357476.060035,6.51698487292,10,
4956,609.084543436,169.657317,41888478.8061,3.15616051857,1.0,[M-H]-
2724,351.043723498,70.837599,513740.847939,7.74425943657,1.0,[M-H]-
2934,368.159900361,281.954397,8838080.80101,2.82245613149,1.0,[M-H]-
2726,351.129624266,491.059404,170161.582351,9.75301596046,10,
2730,351.174289433,187.772394,3718754.00979,4.44566321717,10,
4143,493.238747985,40.7612778,85457943.9284,1.99950248808,2.0,[M-H+NaCl]-
2733,351.968676952,330.655221,2946406.7879,13.2413024238,2.0,[M+Cl]-
2734,352.013624801,277.16763,203922.422931,14.6589327417,10,
2735,352.049707527,354.203388,1575571.66796,1.85308411664,10,
2737,352.074853475,420.460386,98702.5919043,7.40145406404,10,
2738,352.113582065,499.23735,1271127.22696,6.42895424987,10,
2741,352.149846225,396.012351,865619.362231,6.66318171645,10,
2745,352.179242886,338.412048,1144281.01045,8.79305525082,1.0,[M-H]-
2746,352.180964579,163.262286,1729904.93034,5.0398353547,10,
2747,352.197755348,458.673171,1815191.44721,5.10130879922,10,
2749,352.261281439,84.207642,474911.258516,3.53263577751,10,
2750,352.943284043,437.048979,1226662508.89,3.43966332899,10,
2751,353.026336885,333.814821,920421.784202,1.10661139867,10,
5041,629.111419659,488.087061,3011672.38645,5.72652804734,2.0,[M+Cl+HCOOH]-
3766,449.187217131,616.29906,1657945.26984,5.41399173356,1.0,[M-H]-
2759,353.122139734,204.205536,6206199.26629,3.77613116181,10,
2760,353.15342496,347.22732,845854.482903,4.88067334335,10,
2764,354.030324017,396.474999,10978316.2639,3.031231088,10,
2765,354.057342586,127.200678,522707.164312,12.4950409984,10,
2766,354.092976032,107.786466,2745389.77151,4.74615163854,10,
2768,354.103967642,201.926058,12152614.6818,7.32596007598,10,
2770,354.104318627,100.01829,945579.729226,13.1428164191,10,
2771,354.132628356,52.9767708,2976899.76201,4.23793708272,10,
2772,354.140416126,656.86266,48890.9171555,5.51210686532,10,
2773,354.165899144,400.262328,85642.8841527,9.39203381441,10,
2774,354.199538571,320.029647,1707596.32451,6.45733886934,10,
2776,354.988087321,91.434471,983018.700248,8.09442903348,10,
2778,355.063581725,204.731988,3934925.19944,2.62466047407,10,
2779,355.076491968,107.659563,749057.105527,5.51880931041,10,
2780,355.074457429,240.518715,1893031.02502,3.6120950416,10,
2781,355.087003074,720.79758,1522259.69558,8.51078682988,10,
2782,355.119150143,204.147498,1877868.66572,4.05152238421,10,
2783,355.136178739,53.6020848,268606.055418,7.12191123259,10,
2784,355.145684059,795.8649,138590.746188,2.69737877851,10,
3445,413.209265892,301.880439,1009265.46198,2.06173661279,1.0,[M-H]-
2786,355.222340576,55.477578,4785097.56167,6.23933109748,10,
3468,415.291003018,450.584892,4992466.167,1.32912350485,1.0,[M+H3CCOOH]-
3422,409.983479575,452.301516,362170.337641,7.4740570213,1.0,[M-H]-
2792,356.07143511,508.262892,1697056.50727,2.63509482607,10,
2793,356.080497929,47.6382963,666447.795543,3.56715971043,10,
2794,356.113378892,54.5451399,978675.936191,8.29317402393,10,
2795,356.117215235,560.312223,1799657.48046,5.84162747455,10,
2796,356.12170435,124.058502,2003350.56493,6.8405722324,10,
2799,356.254091146,556.460631,6700998.85653,4.21001265551,10,
2800,356.254138582,88.574493,6590069.70529,4.99720578349,10,
2801,356.886899978,677.84547,568853.911971,5.9237938114,10,
2803,357.05535626,240.837525,1183321.64241,2.13399747416,10,
2805,357.105897051,57.3579279,3948214.17056,3.0608593129,10,
2806,357.129046828,62.816556,501099.898161,13.8452112806,10,
2809,357.212933086,358.72605,9592004.17891,13.0495804032,10,
2810,357.212841653,320.769777,40956008.082,1.65452002633,10,
2811,358.038884462,49.182447,825427.128177,6.82574450173,10,
4035,481.058981704,446.09538,409874.230055,5.21926376587,2.0,[M+Cl]-
2814,358.083142337,451.4043,959994.266574,4.99224921323,10,
2815,358.103603472,425.136117,98561.6617496,11.1005647742,10,
2816,358.097490858,57.3530586,957453.906679,3.7258275629,10,
2817,358.116362944,360.166851,7557644.47415,2.74164380441,10,
2818,358.123135111,55.790325,1171560.38674,5.56503780395,10,
2819,358.123105653,517.085244,329433.586126,3.36362148109,10,
3487,417.158251221,519.57066,530412.219762,9.74969849012,1.0,[M-H]-
2822,359.013349224,1514.79564,75902684.2256,11.8288595772,2.0,[M-H+NH3]-
2824,359.087952356,53.43216,6385571.30533,5.49017821175,10,
2825,359.086454498,451.372032,83554.6177019,8.79142005328,10,
2827,359.145042399,74.054712,543188.335049,6.84646995587,10,
2828,359.157441935,100.471041,18274086.1733,1.34372104671,10,
2830,359.175236325,620.94036,229769.811516,14.4088567827,10,
2831,359.170908894,300.721368,387826.367522,6.53083376529,10,
2832,359.193517245,84.743094,474784.02921,9.70338168258,10,
2834,359.20372707,654.82674,241216.041756,13.977118634,10,
3836,458.046553446,430.1646,4456137.01741,2.88678541456,1.0,[M-H]-
2840,360.105132005,500.254884,202736.938512,6.98091035926,10,
2841,360.12848604,396.168975,463360640.876,2.59567235502,10,
2842,360.126055268,332.803536,216158.298473,10.6001288292,10,
2991,374.99070104,1516.6872,1030079230.04,7.61409639287,1.0,[M-H]-
2845,361.009880512,1407.76197,12002274.0645,7.71949084077,10,
2846,361.020396235,67.683933,2471337.38721,11.6662628392,10,
2849,361.100342314,615.35412,2532710.07033,3.72013691324,10,
2852,361.13683833,205.168719,4238855.33458,4.37859148862,10,
2855,361.150483561,355.016193,2139401.39338,1.83024229353,10,
2856,361.150337502,56.7133938,908036.584256,3.54119866267,10,
2857,361.198110134,449.447436,170346.76676,11.9232185062,10,
2858,362.018127732,676.23996,310311.425851,12.3189961171,10,
2860,362.103812943,615.09729,218025.234493,12.6667983643,10,
2862,362.143925521,395.229921,5637574.23507,3.89070621413,1.0,[M-H]-
2863,362.160444502,51.991758,6671634.40793,2.16682778885,10,
3843,458.23883298,171.814338,11497888.3325,14.1874299543,1.0,[M-H]-
2865,362.697220214,548.213184,675195.65175,4.39596502973,1.0,[M-H]-
2866,362.97992285,483.756717,11131239.2949,9.19562125773,10,
2868,363.032455858,43.5649521,1876034.36204,7.34758253503,10,
2869,363.040844638,122.426418,1092567.87857,3.08633780985,10,
2871,363.042760461,179.257098,1822833.19428,6.04512957211,10,
2872,363.074882574,506.853489,2237343.01487,4.35892670785,10,
2875,363.095194283,190.088868,7879239.47426,4.08802602781,10,
4182,498.180995513,419.349606,1651729.81087,7.87527064721,2.0,[M+Cl]-
2879,363.147414247,395.215848,799829.461611,7.64372314317,10,
2881,363.198783757,548.213184,178332.125639,6.60235637995,10,
2882,364.090603515,408.702876,3004665.38907,7.18931784437,10,
2883,364.109229036,490.739652,699676.409568,2.78265696794,10,
2884,364.160040743,96.196818,1766998.21698,4.81906864211,10,
2885,364.169570191,167.318148,1204535.74755,12.6533391319,10,
2886,364.186851082,312.486168,780273.946617,3.25139663162,10,
2892,364.98538922,92.362476,1131591.05033,3.36877589909,10,
2893,365.049001179,354.364824,2610707.27973,2.34443213821,10,
2894,365.0487414,173.956296,55869745.4609,3.21535930711,1.0,[M-H]-
2895,365.050774431,452.369793,440841.947732,10.2513111577,10,
2896,365.128988394,382.864932,227966.944613,10.7658753845,10,
2897,365.129759145,650.06058,1251362.41923,8.43842884734,10,
2898,365.134194317,502.608936,476682.169537,4.51803300225,10,
2900,365.144105556,64.879002,1174681.07145,8.44080365761,10,
2902,365.189951519,160.176186,6840640.38507,7.13239111234,10,
2903,365.939840986,60.802524,3294509.14911,6.45332533223,10,
2904,366.020661909,459.945153,81648.9037361,9.68529906081,10,
2905,366.025143551,52.9730856,488415.555149,10.4079508208,10,
2906,366.087609054,526.105692,84048.9667789,10.8875532026,10,
2911,366.898946773,32.3876409,1033275.24632,5.23553711165,10,
3557,425.039966725,182.213286,2084353.42404,2.4639266349,1.0,[M-H]-
2914,367.104855509,279.682653,25878033.736,4.76711070246,10,
2915,367.128811893,610.64202,235338.910593,12.0647135441,10,
3225,393.161198804,584.748096,1861560.06937,10.3800697621,1.0,[M-H]-
2918,367.170440347,390.786012,98685425.4084,1.96064835019,10,
2920,367.883984466,1248.50862,324833.141501,4.17188137499,10,
2921,367.883851802,966.4563,721319.80624,11.7761227833,10,
2922,367.883997251,1079.30472,287546.94186,12.5962081876,10,
2923,367.88405332,1354.902,203182.333167,7.92791206503,10,
2924,367.884013727,1146.58626,480332.459181,6.75094991725,10,
2925,367.937367908,60.802524,1446690.46996,9.57736849115,10,
2926,367.987567814,276.847458,149278.24862,3.80784169909,10,
2927,368.082545635,611.24484,562346.434185,5.81622200953,10,
3352,404.155868621,419.511042,13792908.5672,1.17158520519,1.0,[M-H]-
2932,368.140314209,141.929061,1606078.79347,10.4042590037,10,
2933,368.140415971,156.89574,647089.005453,13.9179798006,10,
2935,368.154860149,840.23466,1396453.05521,6.37613449834,10,
2937,368.901578572,2069.97474,4132595.38836,14.5547965041,10,
2938,368.995756038,182.84703,780380.828749,2.9111273364,10,
2939,369.009462438,617.50602,687305.396566,7.87590779615,10,
2940,369.032321669,104.821605,2943513.58822,7.72084088489,10,
2943,369.121969062,418.433913,1148681.01414,4.54256653244,10,
2946,370.09897645,96.514563,1577717.47512,2.0710000753,10,
2947,370.127485912,118.938447,2948435.90112,6.20431725047,10,
2948,370.122964157,393.98763,115689.370975,10.6718802348,10,
2949,370.13733917,91.275852,1183825.92411,4.85474687256,10,
2953,370.189828166,392.076144,131755.012005,9.51702135106,10,
2954,370.258323168,91.192218,1612736.62896,7.467537485,10,
2957,371.045629607,163.483905,730559.911374,7.28699840876,10,
2958,371.228340751,310.606035,14629623.3924,5.26910024478,10,
2962,372.077931349,108.755739,1244344.76497,3.73536188674,10,
2963,372.070241322,673.84131,11152137.4899,5.47057253566,10,
2964,372.112262277,550.988865,94313.7088627,8.6989731084,10,
2965,372.134152336,90.487956,196326.513913,13.0720019357,10,
2966,372.14925524,592.884282,73079.5820623,8.26535997953,10,
2967,372.165040532,53.43216,3079912.83462,2.33994970355,10,
2968,372.232059797,310.606035,2523575.5731,8.1125093638,10,
2969,372.969309963,143.026788,285375.665071,11.4400451063,10,
2971,373.061220884,55.1694468,36948926.5451,1.76679326495,10,
3947,471.080206067,106.069032,3507272.35373,7.95164639865,1.0,[M-H]-
2976,373.142030518,89.896053,2023713.85954,8.29991274079,10,
3835,457.24714034,163.662546,9931172.44933,6.28251561211,1.0,[M-H]-
2979,373.207763385,406.942941,15314686.3646,1.57904923956,10,
2980,373.208164609,936.5457,1590411.56104,5.14807926742,10,
2981,373.28466316,118.004544,218764.743208,12.2736249971,10,
2982,374.077917726,425.66607,252463.066615,10.6496429139,10,
2983,374.144864736,302.460942,1127526.70954,3.26011320508,10,
2985,374.166549566,391.438152,314787.0418,7.53411047425,10,
2986,374.180587493,52.93863,1335343.37809,1.44881114547,10,
2987,374.210192252,90.213057,8500831.11265,3.18236113332,10,
2989,374.897400743,677.97312,702040.286003,6.67777414629,10,
2990,374.951631503,106.225032,4318419.69172,3.40814259048,10,
2994,375.017136938,618.10782,2350090.61333,11.4748357171,10,
2995,375.033152747,55.3254459,1193823.81637,9.9820655545,10,
2996,375.061681439,52.9767708,5866658.38696,2.82370553619,10,
2997,375.061044851,139.408059,4753217.9849,4.66541766914,10,
2998,375.088064774,382.810326,362614.136858,3.25503672492,10,
3000,375.090702266,571.592244,177520.506411,4.95031054771,10,
3001,375.088239922,320.069862,1022091.26042,5.86184211137,10,
4036,481.16188712,561.231567,6200027.45999,7.59409552202,2.0,[M+Cl]-
3003,375.111936859,510.02562,519823.133959,5.41476341114,10,
3004,375.140075568,104.977542,10416744.8804,6.64040775613,10,
3006,375.150586291,52.4857323,233784.206574,8.1201301943,10,
3007,375.150450411,603.08214,158216.960511,13.4039136441,10,
3008,375.150074851,676.79604,1428655.12127,6.70502344158,10,
3009,375.212929979,407.284932,183095.268325,11.8370931087,10,
3012,375.99447602,2069.64846,3024771.35161,10.907028406,10,
3013,376.03568403,54.2125389,85025293.4954,1.7451785778,10,
3014,376.043784502,508.685586,131795.944513,4.72071038931,10,
3015,376.064907816,53.2956996,456791.344628,14.1835397927,10,
3016,376.06491433,518.070825,2308752.48147,3.57145388604,1.0,[M-H]-
3017,376.058676607,503.293449,223585.617783,8.30874808836,10,
3021,376.134066991,62.680764,2964135.50452,4.40363316858,10,
3023,376.142104607,302.649354,202600.892871,12.2558380776,10,
3025,376.175765239,51.7154667,4752155.89251,6.0402081995,10,
3027,376.860340627,92.194812,562801.081493,3.51338782347,10,
3189,390.925607179,105.920268,2726955.83059,2.74494024686,2.0,[M+Cl]-
3029,376.981370139,167.029533,8650355.83235,2.98475095728,10,
3031,376.99430339,68.009889,1360981.47582,9.09958012291,10,
3032,377.058387782,53.4281673,362746.549013,7.5939196326,10,
3190,391.035177713,139.609626,3913958.61388,9.23548436516,2.0,[M+Cl]-
3034,377.084099983,556.761591,10880416.2728,6.01179059511,10,
3036,377.084052519,570.821946,34896869.8734,6.17186803079,10,
3037,377.077311048,53.6059479,1787346.57895,4.99545002456,10,
3039,377.131480736,505.22142,95296.818008,9.14871660204,10,
3040,377.144896872,394.58163,652823.136315,7.33845271278,10,
3041,377.166532051,605.66232,644618.109442,4.27641857806,10,
3042,377.191372424,325.546122,1174142.38466,6.51752850684,10,
3044,377.256170289,95.200362,386761.403366,7.6268639799,10,
3046,378.05310123,612.5322,759649.233946,4.25618999097,10,
3047,378.054659925,48.8886759,3691108.59719,5.51351663046,10,
3050,378.126503293,182.859666,754444.130297,8.46554762653,10,
3051,378.12448041,490.59132,452676.162248,11.247401307,10,
3055,378.312414706,59.223432,312332.410047,11.0505211706,10,
3056,378.954383105,465.949164,384533.940901,7.7709279779,10,
3057,378.978562536,167.029533,6122115.00653,7.03983768337,10,
3060,378.992164068,562.187352,3573955.82789,1.10164771199,10,
3061,379.016605443,180.205344,1620295.86254,9.35739877174,10,
3062,379.03240125,60.775182,12226017.8601,3.79747119849,10,
3064,379.048737682,374.101602,399852.996469,7.80778448806,10,
3065,379.064748348,86.352189,819594.88651,1.89593039637,10,
3067,379.085647853,354.563808,195978.00453,12.9659680378,10,
3069,379.098976411,106.878435,4796541.38646,5.40200320938,10,
3070,379.092946534,53.6020848,220951.703617,4.05925666612,10,
3073,379.145551424,620.19072,1852285.64721,3.15917677433,10,
3075,379.182023484,302.460942,5943258.93554,2.40794994531,10,
3076,379.197086194,574.999308,508022.344716,12.3963281685,10,
3077,379.233527899,53.5853526,686285.690843,4.84107608391,10,
3082,380.104468654,43.8591663,2062482.06513,13.0518279693,10,
3618,432.190499184,459.779214,293970.541386,6.27459752496,2.0,[M+Cl]-
3086,380.194008765,169.408869,78780217.5363,3.70811417807,10,
3087,380.238605749,389.830767,1893222.53631,6.55105314735,1.0,[M-H]-
3088,380.2459825,54.820983,9352092.418,5.43704282219,1.0,[M-H]-
3089,380.959488682,93.150972,1126013.67687,5.82512589598,10,
3091,381.007449585,112.903452,1532577.26604,11.4751356499,10,
4020,479.020342852,431.699475,6692154.7607,4.90473932922,1.0,[M-H]-
3094,381.092390217,103.106358,3324047.75749,7.98075427137,10,
4864,593.158519155,31.1242218,230774.888395,2.70569264876,1.0,[M-H]-
3098,381.18624074,383.482497,42200093.3668,1.67321346071,10,
3099,381.186219855,320.399196,2329013.81629,0.839812088738,10,
3101,381.222891758,595.397904,198078.96761,6.06307307157,10,
3105,382.099005674,610.09056,306839.201637,9.12565715957,10,
3106,382.107794521,331.835016,564991.157053,9.6386886605,10,
3898,465.181750771,646.30224,667203.952821,4.658074777,2.0,[M+Cl]-
3108,382.148427594,422.927706,1472574.25719,1.45821171884,2.0,[M+Cl]-
3113,382.191399468,184.59267,6922116.30663,0.964457813321,10,
3115,383.061222222,432.523143,1795068.84379,12.514124687,10,
3117,383.082104958,615.66891,5445692.65146,3.67463079326,10,
3119,383.103277669,488.087061,12806920.6579,3.71441927448,10,
3120,383.112692298,563.785524,5240330.12535,5.91902292366,10,
3125,383.202449956,382.831962,602315.307148,7.11288884495,10,
3126,383.211919276,889.12536,111160.941081,7.04401710586,10,
3127,384.085498864,615.57816,527224.456803,2.92448004123,10,
3130,384.128333163,332.778135,2484684.97726,2.63948466584,1.0,[M-H]-
3327,402.147664257,501.466611,741699.206103,6.68446562307,1.0,[M-H]-
3132,384.152668841,131.527614,5133964.30464,2.76193680586,10,
3136,384.274182237,89.208306,909580.802858,7.94543877324,10,
3137,385.063819935,236.755446,1245104.85345,1.31787986031,10,
3138,385.072219367,105.601221,6994498.22954,5.73822178234,2.0,[M-2H]2-
3139,385.091719225,121.806303,1517804.1433,10.5420442802,10,
3141,385.09804113,375.137112,90856.6364377,13.3812193385,10,
3142,385.159921103,280.702269,90976140.3317,4.11114760302,10,
3143,385.160129611,297.210738,12687872.7146,4.30256171959,10,
4808,584.232012143,451.815252,556125.719437,3.78555904295,2.0,[M+Cl+HCOOH]-
3145,386.035648108,460.66761,98037.3750502,12.4653983949,10,
3148,386.107649077,334.45413,5151955.97627,1.3905300573,2.0,[M+Cl]-
3149,386.147334424,187.567398,2834164.90168,4.8072485262,10,
3627,433.211816384,465.992172,3092195.61357,3.6272780726,1.0,[M-H]-
3152,386.216964996,53.2542498,887266.684469,10.9809591919,10,
3153,386.916431163,674.22984,763906.262755,12.2913906797,10,
3154,386.93647072,91.488852,860329.825059,2.0564651783,1.0,[M-H]-
3156,387.024358282,475.886625,5845115314.21,3.43192164745,1.0,[M-H]-
3158,387.150833547,787.9146,9665316.57922,7.91350256048,10,
3159,387.161911703,571.466064,2750676.12555,4.71302265269,10,
3160,387.170798384,648.52614,352674.920945,14.6608791166,10,
3161,388.012241335,613.55733,10426604.7214,8.35736506732,10,
3164,388.098281456,94.624188,212535.885935,12.1926689981,10,
4183,498.229819471,648.58446,3651862.5526,6.68132694222,1.0,[M-H]-
3166,388.159814577,54.2329506,3192044.65465,2.77134024223,10,
3822,456.196942386,308.148363,6833235.81656,3.50409122733,2.0,[M+Cl]-
3168,388.196118082,54.820983,1471267.53126,8.52072206341,10,
3171,389.145075059,335.577189,1523681.39583,3.35234557318,10,
3172,389.165609346,676.88253,1000541.751,11.7009292494,10,
3176,390.099080328,901.91199,3798989.43918,8.85207047664,10,
3177,390.097730844,106.381155,10883120.0427,3.70708352889,10,
3451,414.14214164,122.920857,9383437.30194,11.7702776632,1.0,[M+H3CCOOH]-
3179,390.115836218,889.57329,2460348.55632,2.39805881219,10,
3182,390.143903461,454.953027,6450456.55097,2.86849341273,10,
3183,390.142052771,179.83356,1000963.71873,6.75558829215,2.0,[M+Cl]-
3184,390.161559856,644.11035,5628455.12276,7.49686413462,10,
3185,390.161584472,580.839684,3091098.32205,8.61980498056,10,
3186,390.245457151,901.75257,1058074.54235,10.1786219496,10,
3187,390.321294907,82.526256,222124.612825,12.91954885,10,
3188,390.654158934,142.337418,2787634.23845,8.50025898723,10,
3191,391.072156619,73.64199,306810.918519,11.9888828297,10,
3193,391.083423025,527.646606,168994.397447,8.4907486384,10,
3194,391.095866913,590.985357,370308.513179,6.79179380898,10,
3778,451.137669891,183.244413,1205432.66358,11.4730328902,1.0,[M-H]-
3361,405.113362832,108.129123,2057219.14317,1.67371804476,2.0,[M+Cl]-
3198,391.145601592,741.81129,3791352.31577,12.1585953857,10,
4617,553.22017088,575.348463,1319767.02682,8.4675596305,1.0,[M-H]-
3201,391.246836346,456.206685,916068.98177,6.69928578231,10,
3203,392.064322282,112.634172,3420995.74462,2.98059271748,10,
3204,392.070713839,47.6382963,958871.183767,5.42497109346,10,
3206,392.104363165,43.5907638,1642016.30383,8.93061370214,10,
3207,392.1250189,374.752974,132184.865015,2.68255379668,10,
3209,392.140696926,646.67952,26550443.014,7.32762756729,10,
3210,392.139351938,455.147619,175009.43266,8.30515965698,10,
3213,392.165896984,564.717909,5875537.0588,9.67062985082,10,
3214,392.165920821,647.47416,1822905.34019,5.49427536543,10,
3215,392.230687415,89.208306,1583300.68995,2.55660550738,10,
3216,392.246008549,53.1342138,790230.995229,5.20657601045,1.0,[M-H]-
3218,392.922795159,105.296772,2094623.18639,6.93963416367,10,
3236,394.964109671,71.153961,1166756.13172,5.22501818122,10,
3220,393.023805966,673.35537,300884.68833,5.68989048353,10,
3226,393.169561102,564.84633,844565.100987,11.2761653796,10,
3227,393.189452543,309.40554,6869777.57859,2.82578268825,10,
3228,394.027104248,612.40827,500358.635904,11.3179160104,10,
3229,394.028514759,49.182447,4773795.46052,2.93489221655,10,
3230,394.06186095,670.4994,144643.406825,4.16207372387,10,
3231,394.127114976,393.021933,4724492.39861,1.33792718626,10,
3232,394.146775976,52.7000982,315544.967824,5.68887770503,10,
3233,394.196839582,214.487802,13934748.2141,13.2945961202,10,
3234,394.196743246,299.445252,536361.420506,4.24329403142,10,
3235,394.648333541,142.091706,1355176.52437,2.16898556155,10,
3237,394.980106745,2069.00793,2600475.38073,9.39947898297,10,
3238,395.04291932,55.1694468,1664824.55657,5.04729880947,10,
3239,395.061196868,360.141498,464492.908945,3.67562946096,10,
3240,395.064805671,71.205972,298359.713799,8.24130054229,10,
3241,395.104684259,615.19668,1825652.4897,13.9697201196,10,
3242,395.176535792,348.842562,246604.332634,9.29121136337,10,
3243,395.191671334,416.272662,477544.67757,14.9229871894,10,
3244,395.201618282,298.167882,612358.790228,2.99170822962,10,
3245,395.985591813,458.913309,243336.644196,6.80444587275,10,
3246,396.054173625,390.467448,663022.665607,11.9540908736,10,
3247,396.092876047,54.5451399,1170483.04541,4.83217789057,10,
3248,396.113028213,635.82252,27113605.5939,6.25458955561,10,
3249,396.125177563,455.186136,53963749.4574,2.36317906017,10,
3251,397.002532452,563.082174,10026714.453,6.12419882203,10,
3253,397.04359661,553.137162,73810.166525,4.04456334937,10,
3256,397.10632616,31.4382048,211998.738632,5.18358637491,10,
3259,397.11845413,469.050057,1641880.34672,6.90870818003,10,
4153,495.124662883,448.534116,758121.940485,3.60190256233,1.0,[M-H]-
3261,397.14460111,357.951858,212771.612764,9.95408395486,10,
3262,397.144443872,673.23264,4339076.36888,3.48550554614,10,
3264,397.181047024,371.701476,8942192.01692,2.56009936854,10,
3265,397.986710046,619.15722,6115101.10264,6.65125867959,10,
4453,533.126418581,332.238894,499910.411918,11.8518028446,2.0,[M+Cl]-
3268,398.11793172,648.26694,15260757.5487,7.68012720267,10,
3269,398.137879643,131.685933,1795101.0595,7.04642203262,10,
3270,398.148400373,673.03917,580247.921203,9.15837460601,10,
3271,398.149984332,167.052678,7370240.8912,6.96422420665,10,
3272,398.165157716,330.339225,1379570.60848,5.08925372537,10,
3273,398.167834898,105.474072,14847940.7167,3.32751505721,10,
3274,398.168239625,122.78439,9464826.78961,6.23026796315,1.0,[M-H]-
3277,398.891330357,448.687674,4302902.63406,2.07496086013,10,
3278,398.962625691,166.873659,7157820.01451,6.26537528261,10,
4670,561.061832731,105.690408,4009994.75654,2.48518618186,1.0,[M-H]-
3280,399.056264324,615.66891,2171102.77576,2.19670788051,10,
4004,477.039735228,761.99976,17671763.5098,6.39998968519,2.0,[M+Cl]-
5041,629.111419659,488.087061,3011672.38645,5.72652804734,2.0,[M+Cl]-
3284,399.109191016,568.591194,426929.748234,6.70102318577,10,
3285,399.10502932,134.061537,1933710.22083,6.86158506361,10,
3286,399.142450007,401.243133,14227451.5793,1.84144800856,10,
3287,399.22312893,403.297689,26909727.3875,4.75921073692,10,
3288,399.223049216,329.038644,4703630.68964,2.95515786165,10,
3289,399.258972656,357.867696,256021.273484,11.073000179,10,
3291,400.059510486,445.595511,272970.563089,5.42149655907,10,
3292,400.05912656,615.7014,148553.017386,14.4854966364,10,
3294,400.12647311,131.486067,4091781.99962,3.59438847016,10,
3295,400.122208171,559.358868,142997.419608,11.0611271842,10,
3298,400.147090682,167.318148,2311960.8093,6.80580145471,10,
3299,400.146089585,401.253204,2210904.26532,6.32651307695,10,
3301,400.162766668,159.938325,5017443.32086,4.96204421819,10,
3302,400.232456495,52.6613421,707272.054075,6.85492727631,10,
3304,400.888773557,448.888278,2179938.81288,2.4158219408,10,
4188,498.994403232,449.186919,83300.0040201,4.3998479206,1.0,[M-H]-
3309,401.092280818,467.404854,438802.394605,13.4887536924,10,
3311,401.12851399,695.88303,1324611.42641,7.04770185878,10,
3312,401.109523538,453.298644,100456.274649,5.89204860046,10,
3313,401.139849707,578.410107,1215571.96754,7.70777966699,10,
3317,401.185566241,536.245254,192989.675065,14.7882392099,10,
3318,401.191484296,73.02792,459753.313242,3.165913733,10,
3319,401.213788965,133.385241,3049400.34352,4.3095581417,1.0,[M-H]-
3320,401.238873409,947.18778,3356043.29255,5.22809057528,10,
4393,524.246094831,49.3398168,607074.009544,13.4798947565,2.0,[M+Cl]-
3322,401.239234783,1163.36037,775214.07914,4.49123373549,10,
3323,401.300516832,95.206665,1824572.45894,4.34001676565,10,
3329,402.217158839,133.108407,357847.568538,10.7263776804,10,
4287,510.352578175,58.5843291,2050048.96783,6.76223195002,2.0,[M+Cl]-
3332,402.95662111,263.109195,13434142.3765,2.62853574015,10,
3333,402.998204789,484.225407,66932992.9309,5.44477324017,10,
3335,403.125959324,100.150554,162621.670196,10.020644012,10,
3337,403.130345211,447.583536,365863.273233,4.01257842978,10,
3339,403.143032039,528.189126,727529.595528,7.6241110412,10,
3340,403.143035666,405.433938,1277738.15656,2.80017790075,10,
3341,403.180964593,676.87389,570975.123096,11.3413250552,10,
4369,521.259191693,398.69835,506297.175244,3.21390820737,1.0,[M-H]-
3347,403.360818243,59.2290429,499219.663747,14.4814721169,10,
3348,404.078029264,544.675065,401642.75175,7.19608257146,10,
3737,446.149721932,586.518834,5957407.61697,10.2592692496,1.0,[M-H]-
3580,428.175608937,840.2679,6968321.19963,6.12659228326,1.0,[M+H3CCOOH]-
3354,404.178370709,315.230706,1546207.52936,9.99729834485,10,
3355,404.200159754,172.526664,4131229.48571,5.6814102839,10,
3357,405.020093814,390.800904,892637.858279,2.70139450054,10,
3358,405.063790546,615.66891,959685.755501,4.58899078143,10,
3359,405.084921943,488.201922,443738.287894,13.6743637827,10,
3362,405.12223664,502.378974,206287.952412,9.24985787538,10,
3364,405.13524662,491.059404,1835485.98064,6.47616266069,10,
3366,405.161110457,714.78624,914076.029319,9.63451446471,10,
3367,405.160928354,527.102664,115952.844134,2.45524732272,10,
3368,405.180715624,657.13302,376704.970231,10.6976427921,10,
3371,406.106083738,666.59892,246486.849314,11.4846684833,10,
3378,406.315899295,73.050645,1010443.82214,7.29337793358,10,
3379,407.017648037,391.081089,717966.726713,9.14760069878,10,
3384,407.136316919,54.8609418,7605590.24195,1.938679794,10,
3385,407.142368953,70.661496,689025.265511,7.64608830259,10,
3387,407.176577003,561.545934,5188940.3445,7.17115604803,10,
3389,407.174486339,458.710458,53931.6728511,3.54827193719,10,
3390,407.191497688,373.646307,2093220.0332,2.85392431843,10,
4399,525.246213611,166.69476,3900672.41417,14.8154652243,1.0,[M-H]-
3393,407.235460858,896.48376,8962013.61985,6.50250948609,10,
3395,407.319381393,73.011,137320.84508,12.6296200328,10,
3396,407.974512496,276.851508,146941.250906,10.749014654,10,
3398,408.034990999,52.32798,255475.959403,9.77200245001,1.0,[M-H]-
3400,408.075178897,506.921121,370783.404107,7.72572139082,10,
3401,408.139849,54.8372214,1304260.3955,7.97096910554,10,
3402,408.133203923,840.58914,262825.395249,7.09241715762,10,
3406,408.195222272,373.484559,379007.147774,8.00317784243,10,
3408,408.867630023,677.83665,3022147.01721,2.51904272286,10,
3409,408.974825462,91.729728,628784.20838,5.50768241248,10,
3412,409.072266377,308.462799,406357.042393,14.2926569668,10,
3414,409.092080459,55.477578,476807.526936,10.1146146273,10,
3415,409.135763823,122.03925,1447914.90388,9.60314721498,10,
3419,409.157922503,70.209096,318284.705008,8.74260860755,10,
3420,409.163230877,143.97315,2044678.54532,12.16761614,10,
3421,409.86707804,677.73603,564351.64801,6.33739271205,10,
3423,410.002389189,49.182447,3221657.9731,3.67967217822,10,
3425,410.128269631,420.802269,234654.070541,14.064435043,10,
3426,410.142865197,372.150288,76747.9510338,13.9862998028,10,
3428,410.171598312,143.395776,287259.363084,11.5130179608,10,
3429,410.249007374,389.815296,787199.712803,4.23518278394,10,
3894,464.893824845,678.87552,254586.328334,13.7899011903,1.0,[M-H]-
3431,411.018218172,546.745452,1161150.8708,6.30626145472,10,
3432,411.034644727,673.20705,1080381.50702,7.16494552421,10,
3435,411.853730688,50.9282208,1441499.17773,5.57310172203,1.0,[M-H]-
3436,412.000327748,49.47753,370892.142908,14.2407461071,10,
3437,412.085712694,178.175004,1829594.8212,11.0202282426,10,
3439,412.95541462,429.436545,5252659.36555,6.97508195732,10,
3440,412.983072289,189.534114,1583017.92037,1.52975949914,10,
3441,412.997777662,632.64315,370198.361248,10.24026401,10,
3443,413.16927709,408.556092,361543.813,8.98818535682,10,
4441,530.317435377,299.897208,1289066.47264,2.99339620817,1.0,[M+H3CCOOH]-
3447,414.057061011,52.3460247,2635392.82519,4.30693315525,10,
4028,480.120780463,648.34587,830321.195156,11.0370308388,2.0,[M+Cl]-
3452,414.203332868,301.918965,4788053.31058,4.35654807361,10,
3453,414.213255408,296.796576,205039.112897,7.74507948963,10,
3454,414.234050466,898.70604,3717954.07122,4.25067328835,10,
3456,414.9364706,166.74093,4408380.10575,2.45657105679,10,
3457,415.060533246,672.7233,4251300.5375,3.77500939878,1.0,[M-H]-
3459,415.083090866,116.239818,729351.577581,5.47822053014,10,
3463,415.179464791,488.369208,819592.912604,9.57843575208,10,
3464,415.182658547,81.646404,633082.146696,12.6237572848,10,
3467,415.254585036,54.8609418,755351.945409,9.08521668313,10,
3469,415.816427887,70.679103,226310.714894,9.73261128048,10,
3470,416.064168402,672.55275,477212.206052,6.78929518847,10,
3471,416.064001803,53.609811,213757.847478,11.6118492333,10,
3472,416.103559245,520.379658,107243.8411,14.7171548146,10,
3475,416.196209913,632.01882,145702.402137,11.0653027462,10,
3477,417.052030663,360.461748,335950.111048,6.56688086464,10,
3479,417.102950343,403.60278,1043833.09614,6.81196057775,10,
3480,417.126555616,506.760876,17419477.4988,13.5920857713,10,
3481,417.126501734,526.670604,6327831.48029,6.15268703637,10,
3482,417.135007188,132.864978,3122523.03413,2.70322740044,1.0,[M-H]-
3483,417.134628812,890.47866,1173875.85791,5.77667149243,10,
3484,417.13780055,612.33981,450426.94042,6.83869292637,10,
3485,417.149871032,399.46986,3432111.40541,3.33085542468,10,
3488,417.179875636,424.75242,401113.77818,1.93101623768,10,
3489,417.191503386,91.3929,919502.465107,4.11704490457,10,
3490,417.196518421,677.43882,146135.98442,10.8973989336,10,
3491,417.217773169,451.141665,794476.040514,5.27872215846,10,
3492,417.23366952,337.97361,22435741.8096,1.95470808669,10,
3493,417.233782134,359.526549,13838384.6648,2.57437450621,10,
3494,417.704237178,60.196218,1404439.87372,14.1420857148,10,
3495,417.870806409,51.5394201,2606673.77352,5.75623557123,10,
3496,418.028635918,47.3258502,229982.450716,10.9090673087,10,
3499,418.150072107,184.1154,9313978.00349,1.79058130054,10,
3500,418.142330598,549.379548,46108.9925451,12.5061347638,10,
3501,418.181257047,615.69492,2327631.32949,7.01495469828,10,
3502,418.181143161,568.911942,2674897.27528,3.87543648022,10,
3504,418.181645762,663.17124,2846635.30266,6.72827013107,10,
3505,418.192631642,391.423446,740990.942414,6.56679376736,10,
3506,418.237400584,337.910628,4350246.31127,1.09731572122,10,
3508,418.315133815,506.5587,107501.964997,4.88720451242,10,
3509,419.10062564,487.653756,4486513.10772,3.8796915175,10,
3510,419.113568443,644.69736,216600.211772,11.9657092589,10,
3512,419.149666727,91.45533,1298273.34739,7.11723746358,10,
3516,420.149423712,396.474999,4854021.47657,4.051570048,10,
3517,420.148546716,353.44338,763349.93583,5.79640288353,10,
3518,420.171918969,650.06058,10407496.3538,6.30678505427,10,
3519,420.171991086,581.828232,15243731.6644,3.98694452565,10,
3520,420.172138827,596.935488,5599979.40039,8.26354030291,10,
3521,420.181162132,51.8549223,786680.569348,8.71809138608,10,
3522,421.037797565,615.7014,836172.800602,6.78041705491,10,
3523,421.076431619,396.325599,6725290.55591,7.81231732152,10,
3524,421.103968501,93.650517,113697.983771,13.0148892427,10,
3525,421.118933256,91.244877,487854.094006,14.1708188187,10,
3526,421.129917682,492.11154,312208.781469,3.05979060671,10,
3528,421.171118844,71.781348,954316.978642,2.88633585611,10,
3530,421.181946399,319.127346,10226800.4443,2.35062900808,10,
4642,557.229050581,527.416737,346440.446294,6.8619271237,1.0,[M-H]-
3532,421.192223994,755.27886,67471.9239337,6.29642919066,10,
3533,421.218929354,622.66167,11070328.6954,1.94750554233,10,
3535,422.084528991,332.999745,410432.222473,8.9417794247,10,
3536,422.134960938,401.530488,627905.269333,13.885292176,10,
3537,422.15447802,60.618369,189900.059071,12.1721911651,10,
3538,422.185783801,319.12149,1951354.92135,5.94162675979,10,
3539,422.212701238,320.076156,11740628.9568,4.46988267453,10,
3540,422.204511223,45.5824629,2099879.05965,8.6677663005,10,
3541,422.248847373,174.044238,2080327.0897,10.6457986591,10,
4040,482.132300742,520.218582,178393.034449,10.5469695081,1.0,[M-H]-
3544,423.10699023,190.088868,1924988.71203,9.7647742443,10,
3548,423.223089615,388.628412,98608.4481667,5.64475224181,10,
3549,423.948707918,276.614928,223682.491115,8.16165718551,10,
3551,424.082064746,84.765246,414293.489039,13.3978123661,10,
3552,424.129357096,469.081776,920074.973497,11.4644272471,10,
3553,424.170701893,282.031836,21867789.699,4.19232175421,10,
3554,424.201584264,45.4446849,615573.428668,8.7071921499,10,
3555,424.191883739,393.671256,2161241.66476,7.45150525405,10,
3559,425.05693081,117.639702,584975.542286,9.36382833407,10,
3560,425.105042593,409.49967,398394.506338,7.31672767445,10,
3561,425.141033659,425.030478,752857.997917,3.22487434041,10,
3564,425.945698225,276.696222,188651.022596,3.05246270662,10,
4388,524.043344135,441.227331,1072341.15373,2.35630277521,1.0,[M-H]-
3566,426.134063522,499.687218,811470.218766,2.51233149497,10,
3567,426.160184199,697.41933,2555740.57238,9.30980542114,10,
3569,426.877937249,677.5926,2123488.88375,4.07373965092,10,
3570,427.013231339,592.127211,759777.748282,10.4490569468,10,
3571,427.032485476,42.6082968,623136.227643,13.3048689252,10,
3572,427.191535818,371.056416,3109478.63422,4.45920316852,10,
3573,427.191598841,386.044548,1914015.11281,1.31163827585,10,
3574,427.22350028,552.784548,467030.418911,9.30033556342,1.0,[M-H]-
3575,427.25390114,58.5843291,932378.850124,14.380269627,10,
3576,427.725026219,553.01715,178874.83287,12.1720142355,10,
3577,427.827304829,51.3621462,707714.938321,4.96753144437,1.0,[M-H]-
3578,428.013627033,591.965052,98196.4938654,12.2655434104,10,
3581,428.182760543,468.253047,1461724.11888,9.23412643166,10,
4094,488.24843725,78.082611,9134973.73673,4.99652693456,1.0,[M+H3CCOOH]-
3583,428.294085662,506.507286,188954.860384,9.59253035973,10,
3584,428.920757304,91.772088,842421.264571,5.41808438084,10,
4359,521.079799893,54.2329506,1032969.88652,12.899583284,2.0,[M+Cl]-
3587,429.116101695,368.32353,153037.458386,10.5098988016,10,
3588,429.149803209,513.675009,65026.160929,10.435412834,10,
3590,429.172239843,622.72605,2492333.11345,4.18366723241,10,
4274,509.21178501,191.469228,2355665.77902,2.45176553711,1.0,[M-H]-
3594,429.331756805,86.98806,768854.585048,5.76878130003,10,
3596,430.058685702,648.26694,1002356.38667,8.37995116083,10,
3597,430.058830913,612.87585,473120.894274,6.17357482796,10,
3601,430.167335096,650.92302,73785.2169416,7.78868847987,10,
3604,430.237269023,361.416147,1377742.11144,2.00909028984,10,
3605,430.97358178,91.750908,390371.641537,7.93112762406,10,
3606,430.987665215,240.433065,743663.902572,6.00649033235,10,
3607,431.024363949,673.84131,13013173.051,12.589987539,10,
3608,431.03545758,670.27872,362919.351504,6.71172459067,10,
3611,431.150086543,840.2679,10393035.9366,8.24175051936,10,
3612,431.165344154,374.621178,530705.128735,4.40458017359,10,
3613,431.17399943,488.285565,759707.431815,6.0214272135,10,
3614,431.176517184,732.87477,514462.34946,9.37366113555,10,
3616,431.705506342,648.90183,2541489.01626,9.7363928496,10,
3620,432.208131326,528.62322,12754201.0983,5.25655572879,10,
3621,433.018941684,673.99041,321773.420675,13.4912873213,10,
3622,433.097803012,169.504248,3553643.00271,3.93102093373,10,
3624,433.165180629,91.3929,921725.97075,10.1641826382,10,
3625,433.181051699,104.403636,1752419.34513,10.0377690607,10,
3626,433.203204159,437.518164,3578396.51829,4.04456137802,10,
3628,433.265094044,321.676518,941650.067511,2.09825053423,10,
3630,434.164512363,71.810412,434262.095021,8.30909966198,10,
3631,434.169585695,493.583442,2176681.47417,4.84524789753,10,
3632,434.213029939,455.85813,552445.324882,5.90604797176,10,
3633,434.231910469,412.12137,213257.276279,2.96106132042,10,
3634,434.267150071,44.5039452,1586444.47155,4.32895045496,10,
4450,532.922670302,441.61197,22206050.3762,5.69897698948,2.0,[M+Cl]-
3637,435.112694465,579.54849,50593.6605154,11.4662864385,10,
3638,435.125737739,507.140958,274513.304417,7.48218332499,10,
3639,435.159753715,120.383544,587068.062097,6.73991551723,10,
3640,435.173406147,493.650831,352251.601959,10.4744706041,10,
3641,435.196423526,332.081649,457873.02318,12.6695977019,10,
3642,435.842692323,52.0098069,556361.586497,1.54561718202,10,
3645,436.166618122,646.99782,1604247.42107,8.198933931,10,
3646,436.166844618,622.04148,1870217.13734,8.36375339698,10,
3647,436.203230884,423.749391,81636.3640879,7.43434988499,10,
3648,436.210701631,679.68216,571134.779975,2.32592743391,10,
3649,436.228003076,281.405772,14232391.7646,4.89410533075,10,
3650,436.228305769,297.524136,7616916.03724,3.25791392581,10,
3651,436.247618241,371.503998,423138.777455,6.555707423,10,
3653,437.049953924,396.662253,2041990.08647,10.4799408365,10,
3654,437.15170607,556.472496,562841.746798,1.35290407891,10,
3658,437.249651706,371.588394,39724.6397669,2.21470544087,10,
3659,438.030817649,229.050345,3810201.00939,2.34858182938,10,
3660,438.048372443,53.2918356,588516.372739,7.72762030369,1.0,[M-H]-
3662,438.104450263,358.203546,268226.612059,8.52081876819,10,
3663,438.110289129,416.938728,362404.221617,7.34948144348,10,
3664,438.129663262,397.738221,1285195.69429,5.08934663151,10,
3665,438.136043008,300.428826,279068.689879,4.81687899419,10,
3666,438.210823019,133.744857,3648855.63194,4.28992422289,10,
3669,438.251459053,70.525224,3253565.48392,2.03021092819,10,
3670,439.015454199,107.481,8735967.71579,0.920855412946,10,
3671,439.098383174,409.192014,132103.371222,14.5525676967,10,
3673,439.119488895,48.575625,494056.761769,9.24134987836,10,
3674,439.155110808,622.40157,26200349.1344,5.4497866845,10,
3677,439.191596289,331.835016,8864272.18315,6.57333946331,10,
3678,439.21780167,373.772817,184047.554256,10.4286222536,10,
3681,439.290694203,134.651856,96629318.6271,3.47087193517,10,
3682,439.922154624,276.449202,58182.7579273,7.38844849064,10,
3683,439.964938222,460.180596,85570.5734637,13.9877303658,10,
3685,440.141685452,398.69835,414231.941882,8.02694985429,10,
3687,440.168405912,324.271638,314894.39948,7.86400875439,10,
3689,440.19782141,60.953094,198252.242862,8.73553913745,10,
3690,440.207487625,133.863504,1085274.76913,4.69029183052,10,
3692,440.302973005,390.797727,339419.990487,4.17035310757,10,
3693,440.294374737,134.493606,22666878.7671,2.35889918261,10,
3694,441.014076496,182.325498,1745565.32396,2.07016959559,2.0,[M+Cl]-
3695,441.081277583,168.275901,1415069.54251,5.53688470594,10,
3696,441.116609268,581.828232,210413.477145,1.94120687347,10,
3699,441.19501401,449.841111,196454.66096,1.90229578178,10,
3701,441.230849554,384.583764,735340.852789,4.5298363581,10,
3702,442.180790661,299.990289,688864.097601,4.78294785244,10,
4315,514.248881132,40.4512833,20677980.5062,5.37916225196,1.0,[M-H]-
5139,654.311834403,296.785062,473388.750559,4.00191729024,1.0,[M-H]-
4060,485.04678198,1411.35918,200746831.072,12.5742102181,1.0,[M-H]-
3709,443.135345417,80.614518,919734.668713,12.8020119995,10,
3710,443.175505367,37.6411485,14256253.3614,11.4764485108,10,
3711,443.179546913,406.966416,390061.791012,6.76847971227,10,
3712,443.231373912,178.82889,12527141.3951,4.82447946613,10,
3713,443.28544156,166.696578,17178981.0773,5.0720195504,10,
3714,443.864304372,683.85558,593987.838929,3.13899117413,10,
3715,444.037737224,1410.4431,24586611.4252,13.6575891253,10,
3717,444.135347703,581.481888,96211.3414215,5.90182553852,10,
3721,444.24445659,376.232439,30653779.776,1.77414272305,10,
3964,472.362546131,452.87982,285487.79627,7.15402737733,1.0,[M-H]-
3724,444.973825619,70.481394,222684.359803,6.57504849436,10,
3725,445.003248771,237.073824,394194.436386,4.59068676409,10,
3726,445.077629719,506.980956,1111887.36272,3.10341396279,10,
3727,445.11146282,425.849739,125243.680526,10.4194312422,2.0,[M+Cl]-
3729,445.15584578,601.76226,293643.355652,13.3130211544,10,
3731,445.197632548,332.238894,11450268.3336,5.51063257849,10,
3732,445.20509993,340.503291,321597.862589,8.65138504837,10,
4174,497.218110023,165.669831,946844.798864,4.47140275758,2.0,[M+Cl]-
3734,446.111599349,490.767597,331827.870452,8.06983189878,10,
3736,446.149712797,569.072193,8061709.09068,8.44247486244,10,
3738,446.187713659,513.135792,355916.624018,7.29963400492,10,
3740,446.193565949,62.397021,574651.550743,2.82962924105,1.0,[M-H]-
3741,446.223020858,41.3813358,32929580.2745,4.731268047,10,
3742,446.223746319,431.369394,3928688.6289,2.91605891623,10,
3743,446.260079047,754.87833,1335343.21921,6.58504615174,10,
3745,447.053542984,452.109534,445163.51375,11.649079997,10,
3746,447.043033362,105.601221,2875361.90277,3.87006025108,10,
3747,447.137724153,51.7154667,545059.474232,12.3748192145,10,
4459,534.179678131,614.09292,792569.045895,4.78342082787,1.0,[M-H]-
3749,447.165069665,514.004007,650834.560641,7.23736786335,10,
3750,447.171563445,718.90212,602870.765103,11.9253722265,10,
4008,477.192970131,648.46773,24709752.525,5.07344454684,1.0,[M-H]-
4229,503.233167613,38.2801095,31267659.337,7.24435154636,1.0,[M-H]-
3754,447.223047055,301.083819,15823329.282,10.316873867,10,
3902,465.989112841,613.0476,4939322.90974,8.1976424205,1.0,[M-H]-
3756,447.993095421,276.766698,149954.881882,13.6586393719,10,
3757,448.038609466,55.1694468,1000303.05125,7.35273963524,10,
3758,448.151445292,614.37471,168031.704265,4.10490279711,10,
3759,448.158994925,88.22142,306050.939874,14.7131752326,10,
3761,448.191856994,281.641458,2840653.34456,8.67264776846,10,
3763,448.2830673,44.5039452,1328219.88685,2.89290667784,10,
3764,449.160856241,468.45753,1918740.29713,7.16790979969,10,
3765,449.177116277,450.38316,117590.018944,8.97666984424,10,
3768,449.223690139,794.8818,401616.146382,12.5624165546,10,
3770,450.182848929,456.223872,705524.576334,4.67029678125,10,
3771,450.197585304,406.158351,4174366.71741,2.27163232926,10,
4501,538.261978519,48.8886759,693733.206217,5.85067227639,1.0,[M-H]-
3773,450.233816562,578.250996,361059.049098,9.83430636077,10,
3774,450.243772819,329.66166,5853618.83444,3.30713426626,10,
3775,450.919884435,437.048979,1115387671.5,3.75783540665,10,
3779,451.158754308,81.558279,2594277.6076,5.10448813495,10,
4235,504.211583781,464.309574,394887.367341,9.16336417646,1.0,[M-H]-
3783,451.194941551,452.369793,109322.314436,9.36909384671,10,
4297,511.347826671,65.78691,544470667.551,4.92973388039,1.0,[M+H3CCOOH]-
3789,452.162580831,683.74938,74213.3593552,14.3051957386,10,
3791,452.211758968,308.725026,265728.18556,12.7601611766,10,
3793,452.236018045,44.1927738,895929.814278,5.48446715173,10,
3796,453.006346775,673.44315,1130013.3002,4.49742941608,10,
3797,453.074078644,236.928756,286238.063909,12.9411900204,10,
3798,453.134735384,609.37431,201158.908674,12.7748884762,10,
3799,453.13077439,575.377242,169780.916972,7.31557286229,10,
4926,604.27145279,453.817968,3005045.80786,8.16828728386,2.0,[M+Cl]-
4604,551.910343128,452.369793,264737.814145,7.92089203557,2.0,[M+Cl]-
3805,454.023977611,644.75523,151424.015507,12.8752527709,10,
3807,454.202945965,506.212497,209926.916181,3.0757360873,10,
4045,482.233645604,359.206116,2594494.13904,3.46883792915,1.0,[M-H]-
4338,517.365905621,55.1655798,947693.035225,1.52821390578,1.0,[M-H]-
4620,553.896452683,437.205354,4405308.16197,5.56956526638,1.0,[M-H]-
3818,456.044548584,51.0837246,450111.117759,3.94561517672,10,
3819,456.066006646,612.92004,174844.451575,11.6647425787,10,
3820,456.10983655,568.401861,566223.965372,10.8814965571,10,
4447,532.165685972,47.9316975,609191.352731,11.3578469028,1.0,[M-H]-
3824,456.208366815,424.379598,286579.683429,7.78586574472,10,
3825,456.244610077,466.231632,7551378.10552,8.05585336655,1.0,[M-H]-
3826,456.806277146,677.04309,365534.546117,4.73587781087,10,
3829,457.160322156,48.5762298,848246.486162,7.93887333804,10,
3830,457.169252483,179.517564,1930445.75869,6.75774588025,10,
3831,457.19136845,36.7299333,298206673.448,2.4487977376,10,
3832,457.186659824,96.025578,621690.425267,6.68323301657,10,
3834,457.23896565,41.3851608,108155446.466,6.21547603351,10,
3837,458.061309877,502.996716,84822.0805263,1.57145211546,10,
3838,458.152937039,556.448766,609523.311321,10.6823091408,10,
3839,458.172191239,449.158944,169914.501504,7.02758910679,10,
3840,458.20221263,308.247492,121568.937351,11.4422775927,10,
4842,589.369466433,44.7986589,549662.567954,9.97350045935,1.0,[M-H]-
3849,459.163427426,402.519072,1205047.78033,3.37234405703,10,
4952,608.2663462,507.173748,684034.956798,2.04124927653,1.0,[M-H]-
3851,459.182912158,681.84834,88340.8810387,10.8491697002,10,
3852,459.184384833,645.7197,682337.162084,6.21995188985,10,
3858,460.138644359,131.646144,710136.936802,2.53651785633,10,
4200,500.207867017,520.17525,5223468.44097,5.5696087579,1.0,[M-H]-
3860,460.17807048,683.65947,9120476.39314,5.96563688414,1.0,[M-H]-
3861,460.166753035,348.57252,163044.340823,9.97313719707,10,
3862,460.193442977,132.910245,837298.168816,6.29712027711,10,
3865,460.239558605,501.596856,5767420.16177,4.09994317148,10,
4635,556.10652086,506.795004,323617.691903,9.05245818496,1.0,[M-H]-
3869,461.101287608,48.5759274,1116365.77676,4.65276665873,10,
3870,461.1056627,91.424115,1077804.01173,8.60389761313,10,
3873,461.184736223,488.245122,440587.460908,10.8456496001,10,
3877,461.259461792,277.713564,289900.027907,5.93413911471,10,
3878,462.029574768,276.531807,233368.969509,9.1702344326,1.0,[M-H]-
3879,462.054435257,53.609811,227137.456774,10.4394625681,10,
3880,462.197590564,376.232439,1473071.37032,3.35707109053,10,
3881,462.197717979,426.296928,716416.559569,3.03502024038,10,
3883,463.010738483,2070.01542,1799939.65384,8.53201377245,10,
3884,463.027682588,452.202507,528289.824326,6.02131423834,10,
3886,463.250333411,424.45263,105224.681571,13.6808838623,10,
3889,464.073750246,280.309074,3266933.02324,9.33455837971,10,
3891,464.237981965,396.161877,85339620.1148,3.84679360558,10,
3892,464.226062173,83.94366,386791.182084,11.1326611884,10,
3893,464.241332383,45.1308768,27410446.7574,6.47326133173,10,
3895,465.025599213,452.047857,76888.7222607,7.69205419364,10,
3897,465.178941255,315.325272,709746.247568,10.042228318,10,
3905,466.19131412,40.765167,9165200.98439,13.4678807614,10,
3906,466.228387482,415.666848,129564.392915,14.8041074655,10,
3910,467.175590689,36.8659023,33371901.871,3.99311168223,10,
3912,467.223027594,41.3851608,71607571.2305,4.79543571844,10,
3913,467.239130819,65.162346,2040647.41703,1.75263059632,10,
3914,467.739960536,65.183328,1097001.1863,4.86178589935,10,
3915,467.790724041,51.8549223,338086.675786,12.4175517514,10,
3916,467.985099192,612.85194,432619.271063,11.5889271123,10,
3918,468.155489745,466.349682,336384.593638,8.92171808141,10,
3919,468.184678796,301.935804,2216521.5848,4.04412053753,10,
3920,468.196691002,406.636608,241698.861533,6.89573727489,10,
3921,468.199831045,329.128776,509628.98331,12.7059343889,10,
3922,468.207096037,40.4512833,59353673.8514,8.21940908668,10,
3923,468.208140531,460.84371,1157743.83777,5.37121078423,10,
3925,468.233480225,93.937548,4904821.67466,6.49852392432,10,
4047,482.277455699,94.59453,2432202.20276,6.20177446706,1.0,[M-H]-
3927,468.280721336,349.209234,15904189.0174,3.09206011202,10,
3928,468.980293983,673.44315,458213.043203,9.99846960866,10,
3929,469.026888138,475.94283,4253641715.56,3.65902512005,2.0,[M+Cl]-
3951,471.206807656,35.7998673,497818393.51,4.37165620771,10,
3931,469.21016731,40.1372676,9089909.76108,6.25975515771,10,
3932,469.236893073,94.096239,1060927.75088,2.43610507452,10,
3933,469.268058138,389.19414,823216.591385,6.23110765402,10,
3935,469.337427651,559.975947,5349466.08083,5.37171685734,10,
3936,469.36226825,56.112558,429275.470403,7.88270300216,10,
3938,470.181001228,302.078028,669822.089821,2.10286294303,10,
3939,470.198654544,594.188115,910232.530153,8.29233840908,10,
3943,470.296426622,166.159341,1545818.67032,7.56020015051,10,
3948,471.128042929,171.615615,4473789.99385,6.53940655272,10,
3949,471.175916013,47.6381208,414428.042216,7.91974930331,10,
3950,471.201883093,594.253221,143952.906298,9.17238447804,10,
3953,471.22284625,307.897656,186779.445691,7.10526196096,10,
3956,471.279925072,393.973683,185588.098889,7.1159032656,10,
3957,471.336109943,452.87982,182401.957464,6.38877702971,10,
3962,472.250639413,662.4486,721908.269628,5.49992690344,10,
3963,472.258871879,453.721029,1612537.98501,2.48809825792,10,
3966,472.938514679,190.642746,882779.221944,6.9472488828,10,
3968,472.975326983,433.958238,923941.217418,9.16377873781,10,
3969,472.98895905,49.182447,1123274.90878,11.4169220625,10,
3970,473.10795396,99.643968,937730.659522,6.2517918465,10,
3971,473.160557958,576.429534,8953321.61527,6.92606460419,10,
3973,473.213210508,407.284932,471921.630936,9.55658725283,10,
3975,473.24171984,57.6697374,97220279.5349,4.20800724758,10,
3977,474.102777378,282.45957,2795017.18961,11.0766638132,10,
3978,474.104034974,506.66046,584432.772073,5.933103512,10,
3979,474.17086336,329.071545,690334.243387,6.00909284398,10,
3981,474.193306943,712.2462,143462.454939,6.59394434299,10,
4591,550.211719811,396.46872,1604189.04474,5.70618822737,2.0,[M+Cl]-
4407,526.248707488,40.4329995,7873650.71513,9.24974896663,2.0,[M+Cl]-
3985,474.291233855,318.864165,263149.486691,8.16989732745,10,
3462,415.137462127,398.665425,7216618.58784,3.44201234068,1.0,[M-H]-
4748,574.207890321,585.919899,1384006.24312,7.49135793882,2.0,[M+Cl]-
3993,475.267614509,141.976911,17808384.3442,8.48089185225,1.0,[M-H]-
3995,476.097094429,453.047184,132587.541322,0.343602978866,10,
3996,476.114078117,131.917746,494250.451646,9.65142320633,10,
3998,476.197609203,61.717992,446267.184616,10.7798372143,10,
3999,476.216044437,338.036592,408056.282208,6.81945832846,10,
4001,476.271141709,141.87228,4351384.30822,7.55707892311,10,
4002,476.888941239,265.23777,3397071.22909,3.41919222731,10,
4003,476.983070564,2069.82978,1974328.64029,8.77651081788,10,
4005,477.075226444,48.8695788,1066846.74777,7.53390350228,10,
4006,477.079482854,91.562001,2580536.05217,6.59161180834,10,
4007,477.126764208,51.6973569,778723.035823,11.5207564421,10,
4009,477.193219689,594.968754,9141201.00327,5.28779834971,10,
4010,477.216927861,39.169719,7328307.56399,9.51768294866,10,
4012,478.003323995,276.531807,347639.072416,6.3655158777,10,
4013,478.128260753,454.855506,86502.9051318,2.47748032518,10,
4015,478.217490846,397.423659,712309.140836,1.69904557867,10,
4697,566.316001587,53.2918356,613482.572205,7.31220708727,1.0,[M-H]-
4021,479.085352505,52.1701056,561200.145013,7.91303090062,10,
4022,479.121490014,468.769782,942925.232229,9.53944986633,10,
4023,479.132957985,91.434471,1307101.66693,11.7926484655,10,
4024,479.150538806,449.542398,158168.068745,6.80194723707,10,
4029,480.189259423,71.839476,4114785.00678,2.69110740352,10,
4030,480.229144296,359.485788,346206.236908,7.61553505427,10,
4031,480.267168121,58.2929241,1758847.26608,7.61740739828,10,
4033,481.021619398,43.8797778,793178.759578,2.67006231389,10,
4034,481.037816441,432.924378,2345443.44946,3.92897935553,10,
4037,481.167966947,36.5749344,39445451.1358,9.64634069755,10,
4038,481.225524701,300.534456,317537.521973,5.15150202893,10,
4039,482.055080323,544.842708,58393.7055513,7.72523797011,10,
4043,482.204887535,70.186614,5470736.49235,4.81691476874,10,
4046,482.260122335,453.234258,1711279.59107,3.66534635519,10,
4048,483.052601562,106.275366,2254995.85935,2.74786999363,10,
4049,483.19566071,374.950698,1147853.60524,2.97162675362,10,
4050,483.20689582,35.9548659,202375210.049,5.5666080254,10,
4052,483.243955254,316.867731,1017081.51989,2.50258142301,10,
4053,483.254248701,40.7612778,21453470.7718,4.37140066842,10,
4928,604.292499762,500.164998,5475784.82104,5.03988193085,2.0,[M+Cl]-
4057,484.362685474,113.50284,274639.581286,5.91711148332,10,
4058,485.000952119,483.220032,65069384.9051,2.84933228315,10,
4061,485.192516714,374.7429,313273.581356,4.86634487787,10,
4819,586.049047898,1410.60897,16422151.5649,2.64187512701,2.0,[M+Cl]-
4064,486.073784674,276.690546,118927.527548,14.3242648927,10,
4065,486.158943903,419.671458,471119.404237,9.21004087505,10,
4068,486.291793919,368.917686,433208.719712,4.64131489334,10,
4069,486.844552884,677.76162,318883.099809,5.60513088565,10,
5101,645.085352172,488.443563,365727.894981,6.57435203495,2.0,[M+Cl+HCOOH]-
4865,593.176250201,280.858833,3750774.74793,6.7682828286,2.0,[M+Cl]-
4748,574.207890321,585.919899,1384006.24312,7.49135793882,1.0,[M-H]-
4075,487.176000276,562.991649,47342319.1983,14.1088924882,10,
4076,487.188628902,641.77797,83856.3270409,13.0064266652,10,
4078,487.229017737,329.979285,5271154.62778,1.58377499975,10,
4079,487.257807169,547.889688,1103375.82612,6.2132100657,10,
4080,487.250332368,464.949894,1647458.01917,4.16081172819,10,
4082,487.303892282,460.982634,3692287.698,2.76677411357,10,
4083,487.348237599,133.068555,6769060.93911,2.85119843778,1.0,[M-H]-
4818,586.032908622,433.91043,1241530.36492,14.5909472286,1.0,[M-H]-
5058,632.186703974,281.954397,4197133.40859,6.04712274455,1.0,[M-H]-
4089,488.196863571,506.89542,392934.890008,4.60881465136,10,
4093,488.247473666,586.087068,4162851.20778,7.02591494657,1.0,[M-H]-
4095,488.249510306,229.028205,35390297.4099,4.72683171891,10,
4097,488.351656229,133.224222,1752662.89325,4.39299836472,10,
4098,488.754135513,677.19477,242185.571071,4.31549593485,10,
4326,515.234363968,33.1642014,55119915.9374,10.8231568067,1.0,[M-H]-
4102,489.210442229,447.13668,271929.614702,14.7800523062,10,
4103,489.217400682,38.900481,9025868.50181,10.7171665724,10,
4105,489.253291149,204.686712,7152390.45894,3.34787586722,10,
4108,489.26960679,171.903162,16945459.3791,4.4905549271,10,
4109,489.275204006,32.9861565,7958652.65683,13.5814176665,10,
4111,489.988292099,452.047857,676286.571677,5.73382954509,10,
4112,490.077637036,506.963052,420312.384493,3.3387375877,10,
4116,490.228723345,316.552176,6408601.65036,1.49827525184,10,
4117,490.224860871,575.1879,2347004.41489,5.59823365614,1.0,[M-H]-
4118,490.228972795,452.236887,3390811.34951,1.82544491375,10,
4119,490.233122425,506.507286,1332482.00848,4.19061832312,10,
4120,490.25691706,59.677566,636775.621632,14.5476852841,10,
4123,491.142462214,52.033083,332085.401255,2.93000129856,10,
4124,491.186360689,350.176725,574362.309375,3.60572086383,10,
4126,491.208798217,617.88054,6096120.23514,4.575704435,10,
4127,491.208838007,579.536325,7721367.16549,4.79845471976,10,
4128,491.222631357,41.3813358,18362513.811,10.0300997208,10,
4133,492.184270225,40.7612778,7127331.66239,6.51000096114,10,
4134,492.206908386,40.1411547,29829781.2588,4.48465037526,10,
4137,492.207572014,451.693152,157849.084556,2.46882114201,10,
4138,492.219982058,456.141234,353048.278077,7.89571435976,10,
4139,493.053454858,91.564092,1535281.56138,1.49379620692,10,
4140,493.100882915,52.033083,371133.480548,7.18626546151,10,
4142,493.190217287,35.6259048,52979232.2864,5.33301443975,1.0,[M-H]-
4401,525.301987677,309.562728,3461551.08103,3.15883238518,1.0,[M-H]-
4145,493.977150837,276.213741,102400.086038,9.35276018235,10,
4146,494.152835587,408.542439,968363.779959,5.89528389508,10,
4147,494.171384796,36.416304,16309756.3301,12.5979030631,10,
4149,494.222836146,40.1411547,97911321.0041,4.40186720422,10,
4490,537.229386879,419.833917,10481850.3404,6.40061670243,1.0,[M-H]-
4156,495.180471451,323.50278,1560601.50434,3.5639441486,10,
4157,495.206782871,35.4898707,213336083.673,3.89094975595,10,
4160,496.095211033,648.3249,734158.015798,3.34678399603,10,
4164,496.275632825,166.072893,1087472.21723,9.7334337904,10,
4394,524.324041005,331.494,2465641.71408,3.39847587076,1.0,[M-H]-
4166,496.293125457,94.624188,1239417.77417,9.14655950351,10,
4167,496.31186359,174.091152,12475964.7493,5.15494609632,10,
4168,496.868076791,447.583536,2882495.67988,2.5713067751,10,
4169,496.954717882,91.45533,566735.53867,7.00171906697,10,
4170,496.978050075,49.515474,230354.761441,5.44232605712,10,
4171,497.135948367,561.231567,4844074.64199,7.49085648153,2.0,[M+Cl]-
4173,497.19973253,301.083759,324184.821418,12.9192201187,10,
4177,497.234347234,172.639944,84445667.653,2.98685906642,1.0,[M-H]-
4178,497.315153847,300.534456,285152.240488,8.13642665972,10,
4180,498.036104511,445.526058,269343.54623,7.90340723836,10,
4181,498.106423815,520.133766,131165.822382,10.5392475608,10,
4187,498.865695413,447.583536,1599113.63955,2.07306368398,10,
4880,597.007613993,444.97755,314955.971974,5.16813268635,1.0,[M-H]-
4191,499.20173709,38.4352344,18923683.9205,8.44043852447,10,
4192,499.213802302,491.791797,2713417.56481,7.09210988993,1.0,[M-H]-
4945,607.254050501,453.398466,3553722.63644,3.78766584748,2.0,[M+Cl]-
4686,563.298515976,105.629943,6574113.4878,6.59328248874,1.0,[M-H]-
4197,500.03362613,43.2120618,606506.857291,9.8993812441,10,
4199,500.209256151,624.94215,13687175.2353,4.22708300651,10,
5222,680.322918899,58.2726429,1788498.37794,10.675854683,2.0,[M+Cl]-
4204,500.281778275,583.594044,101039.308502,12.6327841699,10,
4543,545.113645327,91.087314,2252876.1088,5.69169397047,1.0,[M-H]-
4208,501.132152903,31.4382048,157373.78377,5.72141345424,10,
4209,501.177617555,409.204044,187442.785097,12.1541487084,10,
4211,501.208777079,457.297296,686318.373859,8.03433189484,10,
4212,501.21749812,38.4352344,34769710.4647,4.76450951693,10,
4213,501.253689329,35.183448,19623249.9158,10.9148996063,10,
4214,501.319243617,59.8547247,450250.286968,7.85354562315,10,
4216,502.095900522,452.397891,213497.072312,10.1797703063,10,
4217,502.106825677,487.529169,441048.762542,5.17876035426,10,
4218,502.159336737,54.2125389,2492085.53056,3.34885634382,10,
4221,502.249103318,40.7430594,11301530.1874,12.9024382982,10,
4222,502.266638877,300.468408,8400400.02424,3.20333782991,1.0,[M-H]-
4223,503.084849116,282.424017,12033238.3732,0.403206399413,2.0,[M+Cl]-
4224,503.152024888,36.7334478,21169374.958,9.88427309827,10,
4225,503.162861853,914.21412,180912.553833,13.5186342517,10,
4226,503.183665259,683.424,231125.14041,8.14467596352,10,
4228,503.227335132,376.104858,598586.69745,5.82226065716,10,
4230,503.245169649,574.043487,1907771.47547,4.75149166239,10,
4231,503.245192788,452.846817,13605256.054,2.89690839544,10,
4233,503.28938807,303.736932,305790.330185,10.6740171482,10,
4234,504.183761468,40.4512833,8285875.437,4.54402507505,10,
4236,504.239729762,509.20218,533166.73712,11.5371915509,10,
4238,504.244671151,301.056612,338661.929826,8.08607894296,10,
4239,504.301685232,318.864165,788271.060883,5.04561474324,10,
4240,505.067237259,69.871614,424130.525225,5.90211159748,2.0,[M+Cl]-
4242,505.16790924,36.1098675,67907655.3262,3.33450024477,10,
4243,505.203518724,437.667156,1111241.23928,4.13606731178,10,
5121,649.342905014,73.185669,1056235.08589,2.54136132885,1.0,[M-H]-
4245,505.273026373,58.2981576,3268022.33975,3.72362009219,10,
4246,505.962057741,451.879695,880273.685337,7.61180130988,10,
4791,580.080144575,52.0505286,432669.689438,12.5210483349,1.0,[M-H]-
4248,506.208378783,634.01901,420471.37168,7.9286742722,10,
4249,506.223671577,413.382552,1431596.75761,2.17789514365,10,
4250,506.233262422,324.062508,3384066.42554,11.0020969106,10,
4254,507.133170905,695.9607,78491.3488767,13.8944543868,10,
4255,507.164580654,36.1098675,23331663.6508,9.17213177489,10,
5030,627.199623056,508.775793,559724.430861,4.84818066736,2.0,[M+Cl]-
4257,507.180956274,406.011564,321387.566084,9.388842376,10,
4365,521.222715951,104.694516,112211003.293,3.87128443535,1.0,[M-H]-
4259,507.226669228,413.401437,309803.628885,7.72983173327,10,
4260,507.228573535,634.32192,129941.026782,2.14633044687,10,
4262,507.317153556,132.232107,1905919.265,6.03833780157,1.0,[M-H]-
4263,508.136319767,499.49874,572858.560903,2.69113999488,10,
4264,508.201470937,40.4512833,19411495.6997,4.871197296,10,
4266,508.207021575,620.478,620972.686064,11.8527164915,10,
4844,590.276694276,561.231567,13134334.3287,7.02118611669,1.0,[M-H]-
4268,508.272290418,48.8695788,711524.133348,8.87193723644,10,
4269,508.332703678,389.798907,2895995.02201,6.35911360174,1.0,[M-H]-
4270,508.995086947,47.9126562,528485.963991,1.72255836913,10,
4272,509.199340902,35.8034406,20726809.0137,12.0437852241,10,
4275,509.223623789,300.149664,1751252.90407,4.66066445538,10,
4278,509.336584082,389.830767,631467.042097,6.36484168764,10,
4280,510.200290944,300.979812,194912.386632,5.3540340609,10,
4281,510.217468621,40.4512833,52854139.9381,3.28342567161,10,
4283,510.231290127,164.599728,7327253.64558,4.82256748996,10,
4284,510.253469932,40.1411547,11332176.1353,9.06579046902,10,
4286,510.310475558,65.816622,1475374.23825,1.84373198764,10,
4288,510.953458036,49.5149214,1076227.66235,6.21902833438,10,
4289,510.9459745,139.165446,354946.545075,9.33376699255,10,
4290,511.050625355,43.8591663,1422154.55071,6.91957695565,10,
4291,511.116313326,105.281808,643022.147346,9.89978581711,10,
4292,511.201079965,38.2801095,35051786.6577,8.006087142,10,
4294,511.234452751,164.599728,1525950.40329,3.75074317762,10,
4295,511.237871844,35.1608457,46640430.0474,8.94860029741,10,
4298,512.207671316,505.21497,855719.670954,4.95523976592,10,
4299,512.227689132,164.557812,2123375.2996,8.23034733332,10,
4302,512.343197777,374.510112,93309.1064058,4.91903662591,10,
4304,512.928408583,91.265496,561133.074715,12.7487228124,10,
4305,513.109639291,561.231567,1103461.36517,6.41539618577,10,
4307,513.217034694,38.2801095,37552099.4539,4.47468091398,10,
4308,513.253539921,34.8837045,22221863.4394,12.1482213534,1.0,[M-H]-
4309,513.327126663,65.964006,4760331.90581,2.65567118854,10,
4313,514.224756014,647.37306,854043.59459,1.689695268,10,
4314,514.220059495,38.283813,4531323.61195,12.8208514154,10,
4316,514.322250901,65.495505,492887932.031,5.31981723259,10,
4317,514.322501643,947.92041,3334188.29794,4.17128859296,10,
4318,514.32215304,50.418765,345643248.581,2.63512742663,10,
4319,514.322450935,893.1141,3471793.245,10.1973915242,10,
4320,515.008118906,672.89085,578545.381763,6.747227551,10,
4321,515.008303825,52.3460247,601624.557524,2.2989198088,10,
4322,515.139046454,647.19939,1884207.65635,11.3696290951,10,
4786,579.185559492,175.113084,1814463.00189,10.6044925523,2.0,[M+Cl]-
4324,515.214094171,466.117266,264629.245581,9.40738638514,10,
4327,515.256351328,685.04871,1377312.21663,9.39883665578,10,
4986,614.982225412,1517.29077,21735338.8416,9.63886927935,2.0,[M+Cl]-
4773,577.196565198,600.09594,823037.265458,6.69939431686,1.0,[M+H3CCOOH]-
4334,517.175364683,726.62964,3286068.14043,1.40547736508,10,
4335,517.167746151,35.7998673,39071058.8119,4.26955310363,10,
4336,517.186550607,587.98677,2050599.86912,9.79889068467,10,
5194,670.254497711,669.70653,1596723.64215,3.89608060636,2.0,[M+Cl]-
4339,518.069535503,452.109534,154679.036526,7.1519345207,10,
4345,518.242013737,40.7612778,5647775.08563,12.4667058384,10,
4346,518.259767353,663.39006,138618.87855,11.4348693321,10,
4351,519.239874342,567.79014,3050014.84542,6.23227257294,10,
4352,519.247248187,397.416129,690186.362008,4.7773177658,10,
4353,519.288181328,59.3852289,501682.349946,12.6172001321,10,
4355,520.221515172,301.539963,405961.218093,7.91211886248,10,
4356,520.235139305,609.44364,66007.8739866,13.4340432301,10,
4357,520.383401639,70.355538,486491.712746,8.4407045155,10,
4358,521.055722854,282.424017,3344054.74242,4.75174470936,10,
4361,521.157965835,622.76262,150589.77665,10.5895775193,10,
4363,521.199311808,35.6223309,30086063.6994,4.09466695587,10,
4367,521.21927404,608.78967,456582.103356,10.1072709458,10,
4370,521.29366019,134.493357,4007612.75267,1.91492772521,10,
4372,522.157319195,722.68671,2199127.65526,7.72502670101,10,
4374,522.19079668,624.94215,130812.412571,6.0985071239,10,
4375,522.19629548,396.45414,835997.030489,8.08210788694,10,
4378,522.267775859,301.50645,460880.728144,2.33423012863,10,
4380,522.925288748,139.253094,605514.390666,7.13104316947,2.0,[M+Cl]-
4381,523.106088171,105.027504,1852133.71383,5.31474507469,10,
4382,523.117691439,426.023559,141089.638121,10.5619963035,10,
4383,523.122891095,91.246344,767567.998688,13.977922207,10,
4385,523.213667037,456.453801,1750842.37906,4.18578171127,10,
5083,639.062954043,54.2125389,3048545.24768,8.05453868675,1.0,[M-H]-
4390,524.166757112,48.8886759,934099.083122,8.69499547096,10,
4391,524.167346737,560.278152,152849.475488,12.2991365257,10,
4396,524.972612424,71.628156,383777.434182,5.92204529582,10,
4402,525.955435374,612.92004,353007.73215,11.9887539586,10,
4408,526.261114021,645.39867,2061377.01722,8.69225424888,10,
4410,526.696083195,727.90608,10058408.5581,5.14430981335,10,
4411,527.053599789,53.609811,2156000.85008,9.08562245335,10,
4413,527.196164749,39.5207898,13187180.9485,10.2220248792,10,
4414,527.197494389,728.0277,3361194.08576,7.35624704321,10,
4415,527.260559567,374.296554,1690724.70377,4.82669102525,10,
4416,527.2643803,645.13506,436599.524862,10.141734888,10,
4417,527.317765576,240.518526,7057067.99979,13.2291830487,10,
4418,527.317776164,69.311748,351056.415026,13.3450406616,10,
4419,527.331446015,105.651372,1848016.31203,7.06235555343,10,
4420,527.994554533,53.2879716,407249.511356,3.41352538748,10,
4421,528.197956273,575.348463,4802460.89417,4.81349152174,10,
4423,528.230513533,122.539404,529262.713105,11.3192230129,10,
4424,528.301123064,394.676994,479993.14242,6.51499780564,10,
4425,528.301748948,356.66499,2853693.38524,2.12729956452,10,
4426,528.374423875,465.61779,525310.410597,12.1935502683,10,
4427,528.778796878,51.402213,420689.505974,7.44087022005,10,
4428,529.033740236,116.364492,303712.145045,14.7695831373,10,
4429,529.139503368,91.118289,1044562.39029,4.96109038906,10,
4996,618.274793502,105.963366,2293081.39029,5.48088755404,1.0,[M-H]-
4434,529.235624759,685.70121,365251.590727,11.0757407485,10,
4435,529.271994977,698.47749,1354020.13533,8.89637616045,10,
4437,530.234784182,447.202218,269822.322136,1.15398779165,10,
4438,530.300249326,398.550186,1608036.61724,1.79487750481,10,
4439,530.296013306,105.778584,22364205.2191,12.6810362873,10,
4442,530.982014109,52.6613421,356952.896391,13.5800773207,10,
4444,531.252962467,68.916699,251164381.032,5.26658937118,2.0,[M+Cl]-
4445,531.255301203,419.814432,8989975.95382,2.60560317503,10,
4869,594.235336704,651.0285,394970.638618,11.1796755402,1.0,[M-H]-
4451,532.979233947,1516.6872,206729989.456,8.94076252061,10,
4452,533.08724328,612.78792,348712.880516,13.360180663,10,
4454,533.181429242,571.83852,1882835.00277,5.73930829429,10,
4457,533.926364619,431.329917,2490216.93025,9.32620309829,10,
4461,534.217209162,40.2779355,14137875.2818,5.84242637029,10,
5241,687.304073713,648.92277,1006985.91683,7.50138439147,2.0,[M+Cl]-
4464,534.31208086,323.266323,1024316.35482,7.79110605851,10,
4472,535.216746345,522.739827,193162.162791,7.74343696851,10,
4473,535.239137017,87.305562,985872.122446,2.94897668859,10,
5191,667.293787599,396.168975,5406564.2965,7.86228734039,2.0,[M+Cl]-
4477,536.136595738,681.79161,1547465.06173,7.205923954,10,
4478,536.152535534,587.101794,206249.22405,9.86806411663,10,
4480,536.192869407,466.263912,635785.118925,4.06509347151,10,
4780,578.222421577,567.94194,350782.013851,2.13797448057,1.0,[M-H]-
4482,536.218846725,635.49486,678570.782031,8.69276886513,10,
4486,536.794590653,51.7154667,332684.801774,8.08499174221,10,
4491,537.243214475,105.905796,2980627.9924,4.83306104188,10,
4492,537.267914701,134.335107,4438160.78469,5.65168308203,10,
4493,538.069832217,47.3258502,2099551.23594,8.82387170758,10,
4494,538.149157086,43.2496248,729875.144816,11.4316329465,10,
4499,538.248624678,40.1228118,16145793.4029,6.58888755118,10,
4500,538.247614261,466.89228,906071.332701,3.16717439695,10,
4502,538.339592926,331.545918,786546.310369,7.02463696604,10,
4503,538.343441932,388.558272,3390116.66,4.10966833406,10,
4504,538.384098587,57.9610764,1507648.018,6.45381000852,10,
4505,539.170120894,317.443176,514721.903726,12.1263437383,10,
4506,539.179536859,104.694516,5191908.6854,4.19105348115,10,
4507,539.247704958,300.215958,233959.379156,6.33780479315,10,
4508,539.320222999,62.359026,576952.474522,5.79103206063,10,
4510,540.140809546,48.8695788,1794870.81085,10.1585129592,10,
4511,540.141285088,560.009586,146349.288013,14.244746644,10,
4512,540.216957374,511.163115,1538031.73983,4.27355530361,10,
4513,540.241625488,300.40236,384823.770016,10.0537364036,10,
4514,540.276683592,556.120266,285080.772609,2.48016565174,10,
4515,540.301738076,550.829412,538192.695409,6.02932220993,10,
4516,540.39950274,57.3579279,1331253.74115,8.64268118792,10,
4517,540.774145564,617.08797,5736831.77881,6.44118814263,10,
4710,568.904480908,139.01754,143198.427849,12.9627013665,1.0,[M-H]-
4519,540.985043222,71.498973,1319089.1,13.8921014353,10,
4520,541.167308917,317.026044,595548.889473,8.53778475045,10,
4521,542.213792132,511.269717,455946.089102,1.96450142115,10,
4522,542.234720776,408.062184,2242359.41806,1.79621856634,10,
4523,542.255975596,575.974977,1477967.00856,5.00466503749,10,
4525,542.328701148,597.028872,273041.769601,7.66090522464,10,
4527,542.983113021,71.470095,1469813.25389,4.73012898115,10,
4529,543.238135241,408.214116,580986.4598,5.50197794753,10,
4531,543.312438087,312.17865,5568178.33128,2.96634932598,10,
4533,543.442702018,33.0090753,9947745.13749,7.38059051008,10,
4534,543.966301346,612.81993,661060.932729,12.4123516964,10,
4535,544.052458025,618.2328,673580.935946,3.78845830372,10,
4537,544.207733516,104.361906,1003354.06734,13.2666311786,10,
4538,544.250395006,99.525042,2377199.58357,5.41171979479,10,
4542,545.030327999,451.914888,203388.920451,6.35760699525,10,
4544,545.163304462,105.78582,4279939.54956,4.87563249215,10,
4545,545.253840007,99.367239,586758.244244,5.67809787058,10,
4740,573.293728195,170.148705,6911642.83509,3.94593917784,1.0,[M-H]-
5145,655.366133866,66.745437,1717264.02046,9.50569972699,1.0,[M-H]-
4548,545.255275493,501.761586,210601.524742,3.35478364834,10,
4550,545.28823884,499.304235,837328.767239,5.57015087881,10,
4552,545.294462231,181.48758,640737.391868,2.03234488089,10,
4553,546.14772895,42.3396468,1441876.30616,9.0505476481,10,
4556,546.327729969,132.277125,2056891.09184,5.40204228732,2.0,[M+Cl]-
4557,546.319339544,45.1321428,865500.39475,10.3994283358,10,
4559,547.158519334,491.059404,1165864.60541,5.16315778607,10,
4561,547.213672926,56.3857272,653066.750864,7.88520107853,2.0,[M+Cl]-
4562,547.26387633,499.649301,177413.076285,14.0914559441,10,
4564,547.351131691,46.8564297,20831953.7784,5.20551398044,10,
4565,548.088435307,52.3432176,410413.275591,2.93786544354,10,
4567,548.163552308,42.8993142,3011824.93414,7.13173313557,10,
4568,548.161879579,491.11479,144471.190319,5.83280494433,10,
4570,548.19479741,612.66876,178561.307127,6.04743991187,10,
4571,548.207591822,493.715469,1434197.95676,7.96878626938,10,
4572,548.230210133,644.37588,3897306.97543,8.30105378559,10,
4573,548.247695841,66.754368,322902.695637,5.14253297576,10,
4574,548.300353663,648.20898,534762.91871,5.4444325538,10,
4998,618.376430234,44.7782982,337012.361127,8.1100243014,1.0,[M-H]-
4576,548.354413244,46.9938978,5844374.19149,4.79654109163,10,
4577,548.414657252,68.277408,279444.979712,13.5699845631,10,
4579,549.061304116,612.66006,280827.704319,14.4975026035,10,
4580,549.136762127,61.731408,418346.363024,4.17079078543,10,
4582,549.17168341,332.617002,560464.878246,3.58455613192,10,
4584,549.211070771,493.680276,320939.693383,12.9641191289,10,
4589,550.187981569,56.1031998,654556.507826,14.456916768,10,
4590,550.198757552,32.656128,1115378.04433,7.29536157044,10,
4592,550.235162521,644.21346,131260.349337,11.9342705077,10,
4594,550.347634271,59.2290429,1732130.40815,5.56404285763,10,
5063,633.032467977,475.94283,2222438061.57,4.0811075996,2.0,[M+Cl]-
4598,551.157846156,418.383153,3419756.79019,2.40270967455,10,
4599,551.194550093,39.790203,5131490.63093,4.30209642068,10,
4600,551.244960481,379.002273,4003840.35092,4.46263094585,10,
4601,551.244256695,54.076389,818118.672285,7.6634932075,10,
4602,551.244080622,415.98711,475391.529924,10.0704984694,10,
4606,552.074571023,429.675651,729741.589124,9.83217790151,10,
4607,552.160939226,418.222845,764784.212711,2.94545428782,10,
4609,552.282399427,323.910924,831026.458934,4.66133632444,10,
4611,552.768094318,52.0124205,267004.295262,12.0461086051,10,
4615,553.152095493,726.60177,5034825.40336,9.43221847893,10,
4616,553.152169895,709.63548,3328221.61823,7.51145332873,10,
4618,553.22561284,190.346502,480587.215392,6.42882122615,10,
4619,553.250223828,378.960576,127984.981814,12.1045973507,10,
4621,553.907721174,452.40369,140570.096128,6.22006013324,10,
4623,554.154761535,600.45003,106833.981633,3.74053965755,10,
4624,554.154663592,47.7946053,844126.150946,13.5736719191,10,
4625,554.344404872,201.424698,1681898.32313,5.40023471255,10,
4627,555.218127522,62.510481,718973.463154,11.8247556353,10,
4629,555.218048798,396.243858,1125643.05926,13.4638883565,10,
4631,555.348992396,493.744914,840795.547113,7.41795692491,10,
4632,555.992836144,51.402213,136142.019346,11.5266763904,10,
4633,556.023019885,430.250457,1769564.42338,3.41862881187,1.0,[M-H]-
4634,556.114647489,48.8886759,943995.583149,2.92486141474,10,
4636,556.149729579,545.70957,5394126.97228,7.74625913306,10,
4638,556.22231846,639.702,217567.296394,7.60086885487,10,
4641,557.213539775,382.158354,175679.136527,14.9570705359,10,
4643,557.243233254,38.9043102,8536282.69096,1.88693376153,10,
4645,557.965843591,49.04505,740204.744268,6.53231327732,1.0,[M-H]-
4646,558.056738808,55.1655798,1419109.87581,6.04233575428,10,
4648,558.165403143,687.47268,13183690.843,6.8759160199,10,
4649,558.165421982,702.46143,13787013.0284,10.4056133908,10,
4650,558.178526771,610.89114,620351.497918,7.54685085604,10,
4651,558.212718715,527.220186,45962.7213294,5.81765572392,10,
4652,558.225487901,639.15888,97841.2967185,10.6958510385,10,
4653,558.24302104,143.134272,2055613.58399,4.15380376429,10,
4654,558.732673111,463.552347,4252699.88879,2.86606017971,10,
4655,559.138805859,171.704631,3112253.96872,8.02755886515,10,
4657,559.234145044,463.552347,2447611.60702,4.67462709698,10,
4658,559.245847955,615.03936,1853052.3391,4.5063009175,10,
4659,559.307207414,462.842658,40536.5745177,11.9998443065,10,
4660,559.734387253,463.563846,1001668.5226,8.48564666096,10,
4662,560.248803062,615.0717,336813.236493,4.5081184746,10,
4663,560.255625906,648.78489,629981.431983,6.54050004235,10,
4928,604.292499762,500.164998,5475784.82104,5.03988193085,1.0,[M-H]-
4665,560.281503983,575.829648,360396.646149,12.8670722308,10,
4666,560.758053136,648.74313,159782.380704,4.95302659976,10,
5146,656.024069243,55.0133868,889365.020652,10.5540008866,2.0,[M+Cl]-
4668,561.004262013,452.174163,210761.301114,14.846453516,10,
4669,561.042937001,282.501228,1354200.44624,5.014581426,10,
4671,561.087535379,91.192218,1122195.23094,10.1633878126,10,
4673,561.235777901,65.79927,890170.214554,8.20648983804,10,
4674,561.301680044,545.951316,366944.06521,10.1931645055,10,
4676,562.224591267,459.37647,321929.959335,4.98329206134,10,
4678,562.245541792,613.55733,3996844.01539,5.28624387037,10,
4681,563.040385271,426.165558,51433.5565794,14.9570073201,10,
4682,563.059145646,105.339498,1370268.94792,2.81243842052,10,
4685,563.257961963,82.845756,94986.757383,12.7931762505,10,
4687,563.30962471,49.3582362,6087536.94037,3.77954357575,10,
4688,563.98315141,49.4959494,634632.721369,8.45128192742,10,
4690,564.225001026,695.70756,1146569.00905,7.50285054874,10,
5020,624.43167786,77.453931,213516141.386,5.42874077055,1.0,[M+H3CCOOH]-
4693,565.115121257,769.7079,593671.437884,9.17568080623,10,
4698,566.390169998,453.363258,682039.329778,1.09478625385,2.0,[M+Cl]-
4699,566.744034399,52.033083,205374.801252,13.1884436146,10,
5117,649.006738401,481.702041,51841079.8568,6.98386723077,2.0,[M+Cl]-
4701,567.069734187,105.846342,1774482.52656,4.84295936795,1.0,[M-H]-
4702,567.220316501,183.38658,431114.673035,7.02838145452,10,
4703,567.374300664,63.620523,5125770.52136,5.89388131581,10,
4704,567.393231676,453.815625,171849.476191,10.9873969077,10,
4706,568.171814482,47.3258502,244883.931849,8.61567374081,10,
4707,568.29649157,302.078028,599759.356963,5.37674259766,2.0,[M+Cl]-
4711,568.946024334,1516.54434,23272411.9927,8.93547837054,10,
4712,569.090424097,488.31954,213360.864051,8.2478398237,10,
4713,569.251610997,105.593928,5809912.63085,7.96773692332,10,
4714,569.266892498,527.753784,602677.258036,6.94179948724,10,
4715,569.306298124,65.807946,1642291.94815,9.08344862189,10,
4716,569.36474021,454.207263,7863041.76601,0.932438809735,10,
4717,570.13043452,47.7946053,462447.413609,7.95599682271,10,
4718,570.323422323,404.234217,18230010.9984,1.50029212987,2.0,[M+Cl]-
4720,570.384701971,520.216734,150611.990821,2.74189785658,10,
4721,571.01723384,43.5649521,673933.734015,8.35621355882,10,
4729,572.241353456,685.37382,609321.51541,10.3985109901,10,
4730,572.266358157,465.301044,911985.09274,8.1823394568,10,
4731,572.281339361,323.821902,125611.30305,6.40327018865,10,
5197,671.194163411,648.1506,1833747.17097,6.99299077904,1.0,[M-H]-
4738,573.244288488,685.04871,110723.054742,3.02587393233,10,
4739,573.261635901,610.2969,2815925.23678,4.87657854198,10,
4742,573.306031546,450.259212,1107070.88729,4.19858136305,10,
4743,573.363308127,66.745437,103578332.99,4.24106131028,10,
5328,730.433179472,302.078028,366036.239444,7.80385320795,1.0,[M-H]-
4751,574.307872565,403.129782,428693.007985,6.56312322498,10,
4752,574.308270481,450.463704,149965.78603,13.5605822647,10,
4753,574.321797407,167.006388,2015921.20817,6.17559869801,10,
4758,575.212152746,585.925569,225429.35335,12.2966219912,10,
4759,575.205839514,613.13931,308996.991848,8.3398088173,10,
4761,575.240805032,613.13931,669348.135936,12.8860976221,10,
4762,575.284711546,452.71932,1902880.87436,2.48785275926,10,
4765,576.24352633,612.57876,113897.968386,4.8285527238,10,
4766,576.265158314,347.847636,443600.087465,5.2965609154,10,
4767,576.329002859,202.588962,2027540.8249,4.09046477493,10,
4768,576.37142842,66.901626,908738.814538,10.0914881056,10,
5331,732.039607841,52.3460247,5341337.17041,4.35778892479,2.0,[M+Cl]-
5212,674.974072461,431.738715,4114045.2304,4.43746327067,2.0,[M+Cl]-
4772,577.017071283,282.382359,1854632.04679,6.56473310657,10,
4774,577.256585798,545.775204,1342463.7819,6.58164177694,10,
4775,577.263336458,560.529606,227915.14732,6.99453905485,10,
4777,577.325310431,46.3866816,5885602.55557,2.95028783341,10,
4779,578.078053503,52.167492,307395.708933,10.9087744727,10,
4781,578.240531512,594.188115,927228.96521,5.11570932039,10,
4782,578.259443054,545.61219,284829.956323,13.9021132765,10,
4785,579.035408315,446.023113,276304.781071,2.84795194685,10,
4787,579.243626839,594.183288,181727.459898,13.2865174016,10,
5131,651.421185896,58.2981576,683429.694084,7.31432805625,1.0,[M-H]-
4790,580.036695755,52.3432176,147960.539683,2.85983099913,10,
4793,580.171227569,600.11202,311897.069393,11.9325868955,10,
4794,580.343729295,380.658462,203091.479477,7.22089066756,10,
4795,581.346625564,896.6211,15932792.3627,5.86290198394,10,
4796,581.42601373,59.2290429,2728623.39051,11.0795255475,1.0,[M-H]-
4798,582.421212586,561.545934,1191630.63011,10.4529000536,10,
4800,582.881403811,139.253094,511184.887573,6.63801085112,10,
4803,583.133570364,568.261692,125484.425008,5.53748615284,10,
4804,583.26679368,105.78582,3136598.67942,2.52426271649,10,
4805,583.29924554,615.10572,450145.472224,13.9478547828,10,
4806,584.020802302,51.4000371,50046546.4849,0.828793258372,10,
4809,584.281541427,377.395854,313483.017772,14.4890695068,10,
4810,584.878227594,139.408059,411751.698397,3.08807143607,10,
4811,584.977090303,465.959517,148661.696435,9.89962532015,10,
4814,585.097078397,105.629943,4147282.14353,7.70067810947,10,
4815,585.298492253,525.142422,146566.381983,7.50793501336,10,
4816,585.305286983,530.094657,158832.451784,11.1655443925,10,
4820,586.261084983,461.281017,1829553.24243,3.13664759934,10,
4822,586.31831338,402.193758,1253660.9761,6.12384015705,10,
4823,586.32577643,57.040812,7769138.94286,3.33016417888,10,
4824,586.318509974,455.567628,684865.130471,1.9493144997,10,
4825,587.056599031,43.2545316,1421033.54276,3.10275432325,10,
4826,587.199911303,64.849983,2939199.66035,5.70224438248,10,
4827,587.23934264,528.849936,266022.176665,4.90083656363,10,
4829,587.277445982,506.019906,177435.002264,9.19163780924,10,
4830,587.271936866,55.7745279,18554898.8971,5.21474387161,10,
4831,587.321063501,402.499158,265952.187212,14.9890579406,10,
5115,648.351121573,57.8101956,4735503.72402,7.96654345633,1.0,[M-H]-
4833,587.375027821,301.50645,313103.942742,2.65552394805,10,
4834,587.382054814,44.7986589,409960.170483,14.4749545731,10,
4835,588.054023804,506.5587,81419.3442018,3.73234152468,10,
4836,588.26123539,489.954948,1152401.93667,10.2856980575,10,
4838,589.221489999,614.88978,328591.926144,10.2902032784,10,
4839,589.264071051,490.10241,175989.296048,11.9270289509,10,
4840,589.287685192,62.053209,14211680.9598,6.09242918425,10,
4843,590.071893681,616.29906,399504.734425,11.3933644162,10,
4845,590.276953925,525.25302,3367533.03516,6.37161683852,10,
4847,590.308340569,586.684608,989470.296913,3.38821262161,10,
4849,590.809747997,586.371696,578494.407607,1.74344592093,10,
4850,591.066951363,40.765167,43167337.0261,4.71908117156,10,
4851,591.114537337,105.629943,5478271.28125,4.31030935604,10,
5395,767.28062091,53.8992315,651467.297179,13.8757251113,1.0,[M-H]-
4853,591.235830826,720.35175,1686636.02395,8.40114915023,10,
4854,591.243020782,458.289537,171873.394479,13.839671731,10,
4855,591.272083241,494.226069,1397968.7349,3.12565132015,10,
4858,592.256196883,585.071844,5385570.19919,6.38121787254,10,
4859,592.27485985,494.453046,319338.007754,5.44605858468,10,
5010,622.408135778,302.078028,813174.639854,6.10678797807,1.0,[M-H]-
4862,592.728484953,677.28126,159546.24935,14.0459698719,10,
4866,593.270204737,298.938714,313722.544311,5.19110093268,10,
4870,594.354046779,65.462058,2106187.2762,8.30612672135,10,
4872,594.482607312,58.2929241,954154.210011,6.71199483012,1.0,[M-H]-
4875,595.907722617,676.63902,184692.047503,12.4378273807,10,
4877,596.012619018,445.621794,165349.729056,14.8257153111,10,
4878,596.057520569,54.5451399,2471188.86859,6.99668318088,10,
4879,596.35034828,510.186996,1753907.33187,2.74147730826,10,
4881,597.293643676,44.1515532,363939.394332,11.7126989395,10,
4882,597.297880541,633.90498,224039.54593,7.24270464061,10,
4883,597.315241269,615.00702,328057.450877,8.80055587259,10,
4884,597.334131379,133.860297,490215.492705,2.54031203841,10,
4885,597.353332633,510.447345,472702.383249,6.53006932128,10,
4886,597.366410467,44.5039452,2038823.17393,3.39038564118,10,
4887,597.42044053,65.78691,2239718.81538,4.56891539941,10,
4888,598.080000317,446.81355,302603.811889,1.02712740548,10,
4889,598.147075593,170.878344,3116001.33019,4.61595930906,10,
4890,598.189703792,105.78582,4610126.95591,3.11658894547,10,
4891,598.249587761,382.267326,821299.855535,5.2629367899,10,
4893,598.424460825,65.964006,560399.433237,13.1530835498,10,
4894,598.855196042,139.408059,427916.477396,5.83966351432,10,
4896,599.066566581,152.310858,714647.431073,9.2981270183,10,
5569,875.119227295,487.969386,577804.509105,10.891142461,2.0,[M+Cl+HCOOH]-
4899,599.27705461,567.923358,488800.075944,8.57233577358,10,
4900,600.062632154,152.310858,1020171.28302,6.92077226732,10,
4902,600.334227471,372.834558,1169825.88145,5.4516200483,10,
4904,600.85243583,139.481814,368061.891062,10.4630139717,10,
4905,600.951715071,71.475216,398264.999191,2.51560837487,10,
4907,601.256551958,464.715495,744459.603255,3.5391416659,10,
4912,602.150181773,396.482289,3480865.26495,7.30577196708,10,
4913,602.251763862,687.39234,543214.322159,3.31233900978,10,
4915,602.291810088,321.041838,1610975.71701,3.73853251716,10,
4918,602.949501038,71.470095,479091.678699,10.261390863,10,
4921,603.359629939,305.061693,87165.4344026,9.35310050165,10,
4925,603.938819134,451.851534,330468.523866,10.4184426325,10,
4927,604.275730663,603.3636,479698.723379,7.84748788345,10,
4929,604.307809304,609.59856,4128678.13039,2.45251648141,10,
4932,605.246619741,54.8572008,1633153.85041,8.69738613714,10,
4934,605.298519265,789.26658,69817.3420063,14.1198195656,10,
4935,605.288726098,448.795686,1152157.51298,1.27725117699,10,
4937,605.311010067,609.62856,1251815.69917,2.82994578711,10,
5329,730.437098769,77.453931,9518893.24818,8.08252385187,2.0,[M+Cl]-
4940,606.271600783,445.847316,383951.760098,4.58992277773,10,
4941,606.292197854,448.860432,245321.688307,1.34408946499,10,
4942,606.297518391,500.332212,243218.320588,10.7825296324,10,
4944,607.105157627,277.16763,221277.774917,13.793206073,10,
4946,607.266407417,610.66806,144456.786385,11.3399053347,10,
4947,607.291899832,526.430688,43585.2844869,1.73835702372,10,
4948,607.335627079,64.870827,3805324.01954,5.05183986221,1.0,[M-H]-
4950,608.168086311,672.57519,403056.467229,6.21046857116,10,
4955,608.98888295,473.57826,5999001.24233,9.46881235379,10,
4957,609.149805115,280.858833,2554011.1629,5.40547235638,10,
4958,609.241902668,70.197855,427567.794494,13.0549854639,10,
4959,609.268627768,507.140958,139788.397202,12.9814673936,10,
4960,609.297898078,650.17917,4785143.37616,9.42212645166,10,
4961,609.324204328,65.504124,3536603.26414,4.36585715373,10,
4963,610.04643217,465.821958,235861.443254,7.28318793445,10,
4966,610.415522187,390.77112,115054.794548,10.0068336311,10,
4968,611.239237195,661.13652,225767.84949,11.4174757258,10,
4970,611.399506163,64.566756,1127942.80377,3.07534345481,10,
4971,611.436625227,67.067118,658469.588599,4.2676653319,10,
4972,612.044111846,55.4818188,1569645.74111,5.02998081632,10,
5393,765.313996953,172.328127,6956423.198,3.07854423223,2.0,[M+Cl]-
4976,613.233160978,545.918901,6950318.36873,5.49835796331,10,
4978,613.361659715,54.2329506,867601.37807,6.57308672402,10,
4979,613.354093204,301.061841,285057.926385,3.97947022428,10,
4981,614.236337091,545.918901,1717778.12948,7.24217957743,10,
4982,614.313410423,509.263881,778726.036931,6.75213658024,10,
4983,614.313394117,489.512427,739880.202974,8.3852427296,10,
4984,614.349327706,314.386761,845800.57516,2.44960924241,10,
4985,614.34516642,44.6605692,381036.042638,8.41250339996,10,
4863,593.110620336,168.964764,35531136.5219,5.00729312572,1.0,[M-H]-
4988,615.230073312,545.918901,2232412.73865,5.84989830891,10,
4989,615.287243643,457.922694,137945.146885,12.7263510843,10,
5436,792.006014075,52.1883438,1453456.11437,6.76027269143,1.0,[M-H]-
4991,616.23347904,546.129942,513179.794933,2.87562755626,10,
5219,678.44951841,58.2876906,1129650.13527,8.49052920586,1.0,[M-H]-
4993,617.123897856,62.688756,799013.07109,3.43562399169,10,
5415,777.42970576,66.264273,6081740.70866,4.4137181788,2.0,[M+Cl]-
4995,617.385371421,301.440717,804816.504087,5.02480989627,10,
4997,618.307837335,469.560312,12319290.7704,2.23055335986,10,
5000,619.262141905,54.8609418,731489.857641,11.5608202234,10,
5002,619.773273406,51.8549223,611635.455958,8.50203122642,10,
5003,620.119270961,615.35412,440479.800516,8.76489128905,10,
5004,621.228495853,581.019471,1808517.8004,4.9045812482,10,
5005,621.24631063,748.29708,310282.320672,10.891406221,10,
5006,621.307800992,505.832574,209142.148055,6.45030213219,10,
5007,622.020397417,441.203046,639908.791825,10.2061833895,1.0,[M-H]-
5009,622.278060329,575.508774,321685.771317,11.6333846355,10,
5011,622.513678855,58.1370543,613376.333663,14.7518413447,10,
5012,623.062283879,105.78582,7143008.75455,1.71894584602,10,
5014,623.302102106,354.718614,268652.388444,7.43154304299,10,
5015,623.313424354,618.16464,1499865.74997,7.38017323521,10,
5016,623.395553593,388.702422,95135.0148592,10.6538326762,10,
5021,625.118404693,49.0259529,585393.233173,14.8253257178,10,
5022,625.255032361,658.80768,418185.679527,9.85243865243,10,
5023,625.25952445,357.631722,79523.076851,12.0212622687,10,
5024,625.262061502,182.392296,1119136.0684,8.06358058591,10,
5027,625.434100271,390.538518,205928.791527,8.18963335632,10,
5031,627.272055766,537.512328,4050630.51498,5.40500800068,10,
5032,627.345019641,722.75613,1150356.26869,6.43993297668,10,
5033,627.344746593,420.781224,130411.90185,2.87156758477,10,
5315,722.408680928,77.296806,4502919.03668,6.99917760905,1.0,[M-H]-
5035,628.044940179,43.5649521,7001896.28664,6.88501283628,2.0,[M+Cl]-
5036,628.267209657,627.36459,200690.833986,5.78210195829,10,
5038,628.328887146,502.087344,415399.236252,12.7529740768,10,
5039,628.347814358,723.02454,322685.728493,6.66962730934,10,
5042,629.139946937,139.605801,368264.300174,11.7698941341,10,
5043,629.26249783,719.81901,782512.407367,6.7506321897,10,
5044,629.287335934,562.175928,728982.005883,8.73845818764,10,
5045,629.287935875,663.13998,557412.393836,8.74817088407,10,
5049,630.265362954,719.74938,193854.261953,6.31894246686,10,
5050,630.313830534,121.883664,1589518.15256,6.71453291972,10,
5053,630.899555907,437.065626,27093613.7528,3.10351640077,10,
5055,631.274506854,615.4125,200631.253718,8.79235465226,10,
5056,631.286133637,619.21851,553689.601396,6.6160687093,10,
5057,631.803002028,507.301209,2349320.49821,6.15251334444,10,
5059,632.302673909,450.230241,10657009.8209,2.06490917927,10,
5061,632.311747696,44.815614,390302.502002,12.6655553992,10,
5062,632.805836845,507.301209,546971.2738,5.04168975967,10,
5064,633.119357624,171.372051,8040681.62783,5.5255032615,10,
5065,633.189577224,281.875824,1280610.0595,4.16078681653,10,
5066,633.282712668,566.696058,361446.582133,10.592495009,10,
5067,633.305842324,450.392928,3476190.25616,2.49054313283,10,
5068,633.32270798,298.297716,349458.217031,2.75509701114,10,
5071,634.327430411,299.670849,431491.318604,3.88509683734,10,
5072,634.354682038,594.521043,285348.111364,8.17759551115,10,
5077,636.093066614,615.35412,446113.326028,11.9232435204,10,
5078,636.423767521,302.078028,274067.334134,5.41719069165,10,
5079,636.931182769,51.3621462,182010.540141,10.8071213644,10,
5080,637.332796465,375.782982,140501.177866,4.66089967556,10,
5082,638.276735166,490.028679,593039.262029,8.43736102791,10,
5084,639.258722459,490.062774,1015796.96561,7.1813417747,10,
5086,639.344894245,406.956225,2268908.86543,1.49194457738,10,
5087,639.344511791,507.173748,271416.86184,5.27051057862,10,
5089,640.251739261,545.918901,407335.761759,11.1259493278,10,
5090,640.267271765,669.62337,369995.301431,11.5426504582,10,
5091,640.347548529,407.239218,621958.901831,3.59385351757,10,
5092,640.365149625,608.98074,499184.057768,5.07230932114,10,
5093,641.360282292,398.69835,194443.6143,13.9346393059,10,
5094,642.3232782,316.969929,4344948.3028,3.94537753772,10,
5095,643.277824884,688.62846,177980.496415,11.6885470886,10,
5096,643.32643329,316.867731,1371568.21816,4.23884534087,10,
5098,644.225719343,510.488028,570492.046298,2.89108307216,10,
5105,646.334955011,73.191474,140632937.947,5.77244861215,10,
5100,645.060847802,167.652786,13347361.5079,13.8283729473,10,
5102,645.319098574,569.904912,613392.71747,6.37278239669,10,
5104,646.321870978,570.178134,107526.446948,13.1699018637,10,
5106,646.873201509,437.065626,392816323.859,2.61749013132,10,
5107,647.111253886,140.114562,916315.497397,3.67526740413,10,
5109,647.39595299,301.699464,656578.970323,7.83627788219,10,
5111,648.160616044,282.110892,2721693.54341,4.56253973505,1.0,[M-H]-
5112,648.257217133,743.016,5741559.21551,11.9805053872,10,
5113,648.318623015,518.881815,647240.672393,5.21148908705,10,
5179,665.186114379,561.231567,2369586.61001,5.43045327427,1.0,[M-H]-
5120,649.32169302,518.601222,147130.547439,12.2553320838,10,
5123,649.791524308,507.814926,1413973.86627,3.55163636245,10,
5126,650.051584704,429.556146,399015.734891,5.25741525062,10,
5127,650.293084023,507.814926,961130.044426,9.10825476699,10,
5128,650.366745305,55.7948121,1075066.28412,14.1886743464,10,
5129,650.791766257,507.881001,730621.958543,3.13093881031,10,
5132,651.720636746,51.8549223,278042.623413,12.1540627663,10,
5133,651.873227357,437.529978,4995561.04859,3.7248063556,10,
5134,653.458426963,506.321442,82413.2638929,11.3738581417,10,
5136,654.062489009,49.026375,29206228.4263,3.78689805233,10,
5137,654.199704111,638.17314,684017.055475,9.59440599332,10,
5271,698.285805754,579.060792,1022521.06259,4.00542778661,1.0,[M-H]-
5141,655.110797797,173.550852,4761574.63739,8.20193783035,10,
5142,655.107594117,47.9508426,328244.365566,12.5745882782,10,
5143,655.220404388,648.26694,2859480.57423,3.67428765074,10,
5198,671.19766096,282.58083,6204319.6372,5.21491458237,1.0,[M-H]-
5149,656.226489205,282.501648,571017.302064,5.51673603894,10,
5150,656.243054476,140.827197,7271551.19153,2.84767750727,10,
5151,656.256654468,579.602094,156519.534483,6.84105088953,10,
5153,656.977060047,72.695124,218025.131303,13.8508754871,10,
5154,656.993589548,482.196855,5851648.29168,7.9494238315,1.0,[M-H]-
5157,657.355416579,453.721029,4151752.77536,1.13763736142,10,
5159,658.313814403,581.828232,118425.901317,7.6201291007,10,
5160,658.321472946,396.148242,3408791.01796,2.72203551332,10,
5162,659.273269618,701.08962,983298.575656,6.56883508149,10,
5211,674.45036249,47.3065785,3091744.1217,5.18737693108,2.0,[M+Cl]-
5166,662.200196046,576.145188,144539.828943,5.26004887701,10,
5167,662.313230798,445.273326,2001004.59697,3.12587261305,10,
5168,662.334488506,465.03462,763728.778134,3.27295934708,10,
5169,663.272263203,459.448281,402157.409224,9.80182540608,10,
5170,663.282102803,699.04563,5786933.98529,9.19263965325,10,
5171,663.292567612,572.161152,112631.127784,12.9281026646,10,
5174,664.062431805,32.2112949,526143.066694,9.44556997289,10,
5175,664.243496077,614.66535,230115.100879,9.15310092377,10,
5176,664.274646793,459.572619,112321.952686,7.92608571282,10,
5177,664.980682966,466.89228,1919491.9285,4.12127669848,10,
5180,665.308720764,449.013924,141501.01324,9.26741545766,10,
5335,736.134944814,32.3876409,7716503.35147,5.77461513482,1.0,[M-H]-
5182,666.111764136,488.201922,161072.077909,14.458627613,10,
5183,666.140617056,614.00133,999149.460269,8.03705169005,1.0,[M-H]-
5184,666.189001065,561.471348,478239.104575,12.7973863641,10,
5185,666.284086795,429.23952,121960.067183,9.43568607121,10,
5186,666.3555434,449.813082,239569.665136,13.8646882774,10,
5188,667.04318034,167.652786,4883126.0446,4.85717765577,10,
5190,667.123152148,673.20705,3094758.03803,3.45405411951,10,
5192,668.127031978,673.20705,599376.909917,4.16436077837,10,
5195,670.99326344,71.61105,564905.08082,6.90371365299,10,
5196,671.10573646,91.3929,337042.14538,7.77740267965,10,
5200,671.340884809,66.589062,1094012.10241,9.39050233681,10,
5201,671.370393847,519.205257,200342.529512,5.97411160478,10,
5202,672.073153532,52.9767708,4149584.49024,7.23718854576,10,
5204,672.197405957,648.40932,350958.096668,7.22157020923,10,
5206,672.354931692,402.982443,5808819.9697,2.60213074502,10,
5207,672.991410453,71.498973,639783.025079,13.2872794196,10,
5208,673.074331068,53.2918356,1454350.89709,9.99097222423,10,
5209,673.35789771,402.972153,1740164.8225,10.7195089949,10,
5213,675.319691484,726.4389,457029.106633,6.19043970072,10,
5214,675.344919745,603.75156,440585.137612,9.56622054125,10,
5215,676.347322275,603.74064,124172.582223,4.6171156444,10,
5217,677.012311601,445.903989,136646.913979,12.4658783481,10,
5220,679.191706096,835.03056,3805158.05804,10.763672198,10,
5223,680.33486748,549.142227,928243.518321,7.091140982,10,
5224,680.907992234,49.8276198,306894.050616,7.92469618791,10,
5225,681.104537972,487.8453,1854702.0647,8.40797039263,10,
5226,681.159580479,561.25404,1041467.89483,14.4156516348,10,
5227,682.112962167,614.09292,514491.024427,9.05243612883,10,
5228,682.151744317,277.955103,211541.716838,10.4053878589,10,
5229,682.346212164,48.2633037,898694.177969,13.341353023,10,
5284,706.43524397,77.453931,6751354.35549,9.15466626033,1.0,[M+H3CCOOH]-
5231,683.267465495,396.168975,1749655.28324,4.63573869595,10,
5232,683.370469006,426.630195,129225.989029,11.4540629625,10,
5233,684.269979318,624.67998,448590.118488,5.20762269471,10,
5234,684.270050051,396.141144,533730.221152,11.9556616946,10,
5235,684.434606932,46.6806369,910855.879677,5.41343731592,10,
5236,685.287889696,692.20332,186065.33668,11.2948712587,10,
5237,685.350148358,554.919258,216614.134835,8.63391195473,10,
5238,686.385523132,296.2521,180993.279578,7.48643608527,10,
5239,687.079422565,91.246344,339278.674587,14.1641489838,10,
5240,687.171417018,282.424017,3636996.75889,9.535873484,10,
5243,688.274776213,520.45764,146351.128386,5.06994654176,10,
5246,689.104743279,672.86841,285355.548683,5.52725204906,10,
5247,689.344831082,510.348747,571948.500055,7.15458576803,10,
5248,689.396594849,492.874593,157446.675498,10.2817938881,10,
5334,735.300843561,543.534033,241079.65323,5.44625697053,1.0,[M-H]-
5252,692.324798242,396.46143,1484037.5906,8.02653375873,10,
5253,693.315717604,398.409591,459223.211826,11.4411963779,10,
5255,694.984746456,445.314507,182955.739276,9.67842058815,10,
5256,695.334415797,666.9009,455438.726977,10.9863795628,10,
5489,824.174225594,41.6696658,4422552.63067,13.7030172005,2.0,[M+Cl]-
5259,696.291939264,646.20033,3944640.62385,7.04255749926,10,
5260,696.366212099,510.757029,481253.669567,9.06761578807,10,
5261,696.36618534,464.021298,302880.092235,5.55533619889,10,
5262,696.402622296,657.58833,1550779.69641,6.04122174417,10,
5264,696.490472786,77.754567,1510279.82316,7.09549440375,10,
5266,697.339389867,67.21431,1674207.09191,9.18982534622,10,
5267,697.386568188,448.235532,416165.456521,1.15913754722,10,
5269,698.179410164,587.059494,1125593.11482,6.65180547199,10,
5270,698.271141053,684.40074,65011.5681087,10.0163131823,10,
5272,698.309136166,549.305538,2271258.12412,7.46266780074,10,
5274,700.310798425,469.435842,809625.089419,11.8590562767,10,
5275,700.343087746,93.98994,1226924.26803,3.60780740354,10,
5276,700.413662636,64.615392,608486.926646,7.59926275685,10,
5277,701.319045986,654.86376,105578.87414,13.039864306,10,
5278,703.360745617,492.620199,3237392.65329,4.10060804249,10,
5280,704.226684405,453.621012,167311.776568,7.25938307731,10,
5283,705.450490929,134.088348,593047.838722,13.4388698783,10,
5287,711.281212923,694.81698,1247545.26824,6.95182874378,10,
5288,711.332899188,376.373832,247555.478515,12.797986216,10,
5290,712.291390218,398.657142,292082.77729,8.40014718072,10,
5291,713.278694606,694.65822,406266.950472,7.74134913092,10,
5342,737.51577644,93.253587,20128848.9581,6.16475625463,1.0,[M+H3CCOOH]-
5293,714.340126305,568.600359,1096726.10324,6.14833464217,10,
5295,715.035316315,475.94283,1640337006.49,4.23960128663,2.0,[M+Cl]-
5297,715.855378033,676.96902,84612.1248972,13.1855211562,10,
5299,716.258956183,332.489538,206073.961103,13.2988959141,10,
5300,716.334863107,649.42089,399432.515784,14.2846626908,10,
5454,805.366965398,595.168356,551457.409623,10.1370859433,2.0,[M+Cl]-
5304,717.065195118,43.8776379,1684516.53725,8.28754222879,10,
5309,720.069165181,614.06076,160973.353801,3.75862323692,10,
5310,720.314240456,598.85301,209122.58241,4.87223102031,10,
5311,720.724108152,51.8729649,200589.596533,13.6744728672,10,
5339,737.247324594,762.47265,4615548.50022,5.26222640612,1.0,[M-H]-
5343,738.139206836,32.0747082,876906.80495,2.05594305257,1.0,[M-H]-
5317,724.364683168,443.944341,2035584.13655,2.75537143231,1.0,[M-H]-
5320,726.445453518,54.2329506,785780.170029,7.9950361173,10,
5321,727.08825053,488.572164,247650.359707,11.9352041828,10,
5422,783.422684023,426.937422,647183.257817,5.01260197896,1.0,[M-H]-
5386,759.553796704,65.486886,1571212.24623,5.87856240836,1.0,[M-H]-
5327,730.313573335,542.964549,521901.086443,9.63744242854,10,
5333,734.039816831,52.3432176,1113665.47153,5.21584454423,10,
5336,736.177192721,53.9197695,1631573.8975,6.94409396365,10,
5340,737.308080445,426.345246,215040.607732,10.2200972206,10,
5341,737.340309021,546.565146,191603.764375,13.0816870913,10,
5346,738.534356972,76.576938,487106.312691,13.6060113088,10,
5349,739.411711001,164.869434,497385.530584,5.97199303783,10,
5352,740.490226603,91.592529,32788331.8594,4.95029860972,10,
5354,742.322398855,598.777143,469330.41144,2.36732017967,10,
5355,742.371223174,597.450264,53953.3886216,9.68629428691,10,
5357,743.308662192,462.310632,55504.1069807,7.09252497928,10,
5358,743.366150678,494.775798,131396.714051,1.62151823784,10,
5359,744.448566957,302.1432,188400.073115,2.25525837065,10,
5360,744.850024863,437.065626,206716462.989,2.69536129012,10,
5361,745.129905058,282.188688,2108240.27398,4.67006017009,10,
5364,747.112175864,487.653756,963599.936136,4.83092327299,1.0,[M-H]-
5366,748.411092845,395.855979,3011173.1112,8.37991867504,10,
5543,847.827853535,436.892418,3641252.03102,3.02762095454,1.0,[M-H]-
5370,750.416368678,395.52897,173150.955109,14.9008082147,10,
5371,750.845068515,437.048979,3083577.64686,4.58825520589,10,
5372,751.40701433,402.509439,205756.239034,13.6514901874,10,
5373,751.97627232,430.479915,561120.963786,2.19405234678,10,
5376,754.182298177,105.651372,1055316.09113,10.1813967748,10,
5378,755.190121546,468.902538,452350.722397,14.1942607018,10,
5379,755.316818901,612.17943,173264.234569,14.6097797677,10,
5380,756.037008386,475.813146,53074585.4273,3.8567809995,10,
5382,757.406900196,427.94574,562799.553577,2.87742716879,10,
5383,758.317349549,626.41071,392548.447422,12.160659376,10,
5384,758.410113623,428.212038,175565.304564,6.65178749,10,
5385,759.319580281,626.59758,108660.506946,8.74286175088,10,
5387,760.608983837,37.6741899,14619369.2835,6.69758856589,10,
5391,763.450718924,55.1694468,690164.121002,9.94234500237,10,
5416,777.517150278,65.495505,3622753.52229,4.51291063054,2.0,[M+Cl]-
5394,766.316772182,172.239486,2241024.6798,3.5844547054,10,
5396,767.366603398,571.143816,2089999.33521,5.73057830185,10,
5397,768.369352771,571.012164,746180.211274,6.69748222581,10,
5398,768.414981369,63.129924,405058.26564,13.3170901236,10,
5400,769.423162066,367.347408,527470.867454,5.45512005985,10,
5402,770.416674756,535.292502,126901.710538,9.52944717938,10,
5403,771.155493169,105.466713,1163943.04362,3.17054808767,10,
5404,771.301878055,583.816077,764389.071549,3.51132139254,10,
5406,772.332517269,615.66891,1183072.80423,10.6039718492,10,
5407,772.567300448,65.486886,2219589.70753,6.40287781405,10,
5566,870.926985514,431.825013,971225.123158,9.24437871186,1.0,[M-H]-
5410,775.062139081,43.7212017,2614364.08135,8.39411403917,2.0,[M+Cl]-
5412,776.063525689,43.8776379,1154510.06053,9.49847298977,10,
5417,778.060121232,43.5672786,515292.766542,14.8396549026,10,
5534,843.52080029,92.30247,1550991.54886,7.9962173777,1.0,[M-H]-
5424,784.356186032,635.5467,263992.872544,5.43192762553,10,
5425,784.425234185,426.690162,201650.928055,12.6780293415,10,
5426,784.510310216,74.941632,890780.559849,8.33347539795,10,
5618,961.545181342,476.056881,40746443.1257,4.06220024296,1.0,[M-H]-
5428,786.525798678,75.255879,3018313.11362,8.64089365995,10,
5430,788.210853225,682.926,79947.3685749,12.1619771171,10,
5431,790.392504079,506.474631,624371.11258,3.34310995562,10,
5432,790.555786598,75.248448,1020463.15139,8.22709565674,10,
5434,791.350579617,644.21346,210513.350947,11.5152211057,10,
5439,794.120531494,488.201922,169044.074463,6.51668564415,10,
5582,892.814605146,437.065626,4959374.17971,3.54396826621,2.0,[M+Cl]-
5442,797.539790704,475.74582,33390760.5113,3.89174381901,10,
5444,798.372468352,664.15638,3400127.06733,8.6211852209,10,
5446,799.332451128,511.02927,211496.530094,6.82161884632,10,
5448,799.374965244,465.61779,668621.870293,8.02699930205,10,
5449,800.045436851,476.2446,6490019.40469,8.33859432241,10,
5458,807.215803424,32.0545494,658055.237208,5.74992661477,10,
5460,808.510741146,74.626884,1485968.39545,3.42116163804,10,
5461,809.381010328,348.869292,4597373.61854,2.47280474671,10,
5462,809.412565608,636.62574,76881.0851335,3.69724489152,10,
5463,809.513734009,74.312136,652533.348933,10.9846637537,10,
5525,840.572160671,72.102087,3239568.74632,7.64959983884,1.0,[M-H]-
5468,812.236405647,822.17961,173702.224611,14.1189390495,10,
5469,812.326769791,597.955143,113924.633747,5.59438862155,10,
5470,812.38801887,590.27358,812682.523498,1.5695802787,10,
5473,813.011782975,480.642897,19703873.1374,12.2846952355,10,
5474,813.342118316,170.878344,2523919.35141,9.5888031842,10,
5477,814.51146818,72.41259,506548.914389,9.18553029404,10,
5479,815.173925308,39.8309136,81149562.4568,4.69885936981,10,
5482,817.17374869,40.1411547,22374315.8692,10.2019411886,10,
5483,817.381672995,450.521388,450036.829656,4.59161003717,10,
5484,817.575675644,73.68183,631675.126837,11.5637277546,10,
5485,818.782317588,438.004434,2642764.74416,8.76246014633,10,
5486,820.352797043,663.71982,92852.9433038,12.0820681004,10,
5487,823.27304864,427.773426,291074.278643,12.6170707191,10,
5488,823.774570848,427.6509,230064.827759,8.39659187558,10,
5490,825.158048367,39.8309136,12709808.2091,10.7324230034,10,
5492,825.228795939,105.027504,1657019.63532,3.95210062755,10,
5493,826.191233579,41.0713413,17825568.4174,3.78549541828,10,
5547,850.599589034,114.818688,3855374.70607,6.84377394361,1.0,[M+H3CCOOH]-
5496,827.174045468,39.5246808,32663708.2321,9.37325229616,10,
5604,926.419536611,446.257071,219100.645968,14.1755616752,1.0,[M-H]-
5500,828.98570922,467.114538,793255.935695,14.9183153453,10,
5502,829.402193122,559.829871,559637.262783,3.92699978859,10,
5505,830.319269192,648.26694,5831958.33565,7.67337839489,1.0,[M-H]-
5546,849.20912209,561.471348,623312.600026,7.64631471481,1.0,[M-H]-
5508,833.413419619,550.829412,1675926.65342,6.27101404673,10,
5510,836.006396383,162.001536,4387305.65206,14.755166658,10,
5478,814.556817738,73.996827,5274097.45378,4.74227526483,1.0,[M-H]-
5512,837.337222514,162.79185,3525313.39434,8.22183858496,10,
5513,837.337852336,150.60594,4088210.51838,3.71452429586,10,
5515,838.003490712,151.08054,6976120.74321,8.66350555392,10,
5516,838.039663808,476.056881,87831147.6879,4.97176885388,10,
5517,838.069252385,55.6223952,2577367.79793,6.71226162929,10,
5521,839.334165869,162.949536,2429291.95743,7.76337462866,10,
5522,839.334758082,150.496842,3237098.68056,4.75042055027,10,
5527,841.201697191,104.98515,954139.308165,14.8897630763,10,
5529,842.187897186,171.68724,6836054.13138,2.26271421194,10,
5530,842.338229438,592.778652,7180751.082,5.28212196634,10,
5565,870.632913587,77.147418,4261556.43161,6.37336580808,1.0,[M-H]-
5533,843.341584538,592.678512,2719318.86406,3.64388678672,10,
5537,844.328106154,437.402472,1302694.48498,10.6262036815,10,
5539,845.110103595,488.053086,631418.591511,9.13110410267,10,
5541,846.385970604,407.102199,178661.041561,8.78937505047,10,
5544,848.502375385,76.960899,1148935.5585,5.79979618543,10,
5545,848.822173273,436.996977,2820530.19569,6.42110584437,10,
5550,856.45688815,552.64173,115511.871699,14.5616579051,10,
5554,860.296561104,443.696922,171583.249173,3.64996849386,10,
5555,861.190176555,169.900125,12843742.2275,3.92391254403,10,
5557,862.438626538,613.42554,405925.260655,9.03631764773,10,
5558,862.555536864,69.55674,404036.355421,11.0902298166,10,
5559,863.387742419,513.675009,356974.560892,8.56106024862,10,
5560,864.388758775,513.682272,147897.674273,11.4639689291,10,
5561,867.516293917,476.565075,12757340.3552,4.28627490722,10,
5562,868.412182743,663.2379,150980.474318,5.58472155141,10,
5563,869.092675912,43.2520782,344721.439161,13.2887447592,10,
5564,870.549651268,896.43906,1186392.51217,5.47594453663,10,
5568,873.137318597,105.757155,1792552.35418,4.68121085949,10,
5579,890.601400066,77.453931,1667710.82839,6.79962686661,2.0,[M+Cl]-
5571,877.163590032,170.523813,23821334.6099,1.74676624903,10,
5573,879.040833818,476.056881,480771458.296,3.66980948695,10,
5578,889.110843229,105.778584,1916030.17779,9.85295658,10,
5580,891.81437266,437.065626,3681205.47491,9.5565874125,10,
5581,892.486358489,525.908142,916581.001167,7.13701748309,10,
5583,893.488921319,526.124424,397166.406799,3.35088561551,10,
5586,897.267209949,282.501228,743282.763529,12.5236891581,10,
5587,898.034894224,55.6223952,887284.632177,10.6534817774,10,
5590,903.175533082,613.84272,393898.7868,5.90660942628,10,
5591,910.495895508,449.813082,144628.109926,8.62972168051,10,
5592,910.798093609,437.3544,3508085.18212,5.90564583821,10,
5593,911.11609837,487.68705,232528.798423,12.2783561005,10,
5595,912.41377024,656.53614,253087.632848,10.0878634241,10,
5596,919.148380146,613.87491,479629.600976,2.48006058184,10,
5598,920.543670889,476.000676,45359741.9594,2.82823556046,10,
5600,922.496730445,531.01728,513515.577066,6.06276206522,10,
5602,925.157508375,614.00133,287343.049422,10.979705614,10,
5603,925.470148253,572.462088,350028.044343,5.86643845049,10,
5605,928.295434112,648.26694,403297.15539,9.68408074542,10,
5606,932.465136807,754.92966,269741.407478,4.51034860611,10,
5607,940.803094547,437.065626,54613780.0492,2.71390205936,10,
5612,944.009412306,161.434095,3548797.3392,6.96523883736,10,
5614,945.803584591,437.089722,2332455.98635,4.54636585799,10,
5615,947.92968905,430.503762,136975.012584,6.48711629071,10,
5616,961.043441772,476.056881,265950437.513,4.84690264861,10,
5617,961.47124938,569.535012,1521272.14602,3.17449865169,10,
5622,963.192027058,39.9860337,13300656.3056,6.19161809507,10,
5623,964.193225852,39.8348016,7400512.90799,2.98654083294,10,
5625,985.333767744,761.64174,1268250.20148,8.9425575194,10,
5626,987.085859175,53.882496,712292.421171,2.32741333043,10,
5627,989.791312483,436.892418,2316361.30692,13.9430194512,10,
5628,990.018328028,475.419759,15474994.8013,6.07404082056,10,
5629,990.790290911,437.065626,3599094.66982,2.15106062925,10,
5631,993.456467571,534.406164,158509.069489,14.6592075244,10,
