peakID,mz,rt,maxMeanIntensity,RSD,bestScore,bestAdduct
1,100.111812595,53.2568169,528274.30537,6.43346363856,10,
2,100.917282199,36.036279,53471.1353668,8.75304261992,10,
3,101.008780052,33.5354934,8982269.74919,6.64476972605,10,
4,102.091655603,264.5115,43890249.9605,0.771996785052,10,
516,176.02287165,1756.58082,58786513.1067,4.08277088261,1.0,[M+NH4]+
401,166.086135582,149.057769,3706246860.19,1.0249946206,1.0,[M+H]+
7,103.05445095,67.661928,482474.604687,3.92980516424,10,
9,103.086892493,41.7087342,48183732.9026,1.48972076375,10,
220,150.058190803,59.5278591,643407558.508,0.912015060323,1.0,[M+H]+
12,104.107261649,70.718178,55874653.57,9.23481860858,10,
13,104.10724392,44.3138715,1305205041.25,2.03607121198,10,
15,105.104262558,44.3138715,5069572.65725,4.3328500218,10,
17,106.113779551,44.2973268,1775349.02129,3.31569709441,10,
18,106.950737742,37.8189096,1454359.72962,8.38506529696,2.0,[M+K]+
20,108.042243096,107.612676,26804.1871601,12.2295242382,10,
21,108.052652506,217.86573,533226.081489,3.02429772681,10,
22,109.052964941,36.6367905,197868.636537,11.448175187,10,
23,110.035105121,126.840138,2712917.11169,4.48948644101,10,
24,110.071505204,40.7682285,45000566.0468,2.91194731831,10,
676,189.018781487,88.235628,16684255.6664,1.87756657442,2.0,[M+Na]+
26,111.089550864,36.28404,980314.911855,1.91461983209,10,
27,112.037122888,38.271306,1351243.66945,3.85393412666,10,
1781,244.092483326,64.258986,117540993.597,1.17927028179,1.0,[M+H]+
29,112.087103363,45.2421234,28855749.1691,0.734948116082,10,
30,112.895961694,36.6367905,11490936.845,1.55967561419,10,
2562,267.058284116,81.656364,32613423.7505,1.81291116505,2.0,[M+Na]+
35,114.892903174,36.4739277,3403363.85791,2.38325252302,10,
36,115.024299506,33.625161,10206005.4544,7.96423872128,10,
37,115.054393794,265.657809,6626758.81829,3.13482728354,10,
38,115.086723814,61.212381,15020076.4833,6.52778289756,10,
39,116.001304531,879.03972,1839404.36731,5.29276653317,10,
40,116.057673861,265.757955,650709.492449,5.13739888152,10,
41,116.07075219,42.8140614,190025105.622,0.34049719605,10,
44,116.986211084,33.6890376,44200768.561,3.88912960143,10,
45,117.057417598,265.657809,11519808.5868,1.04332829303,10,
46,117.057634619,149.057769,1686104.87352,2.73659345581,10,
47,117.057387808,67.466925,2850017.45248,6.1906867813,1.0,[M+NH4]+
48,117.067807752,42.9717504,509738.870099,12.4390068489,1.0,[M+H]+
5140,328.16122652,45.441552,4225742.72151,3.8261116562,1.0,[M+NH4]+
969,205.096929906,265.773,997309831.46,0.63560870667,1.0,[M+H]+
52,118.065355046,149.057769,9491872.98003,3.30855993854,10,
609,182.080980398,67.466925,2305501984.56,0.66222399603,1.0,[M+H]+
54,118.982261437,33.7529142,241637.787989,4.58572540402,10,
55,119.019207791,33.5354934,37090112.645,2.07823411013,10,
56,119.016213846,45.9754374,2715984.99006,3.61007689177,10,
57,119.035352057,126.703782,10737404.1787,1.10093994028,10,
58,119.035339612,528.099588,251818.652065,11.2759338499,10,
59,119.035365118,260.79648,52327.6999031,8.13393359562,10,
61,119.035957285,33.4458258,524643.844201,5.16670303142,10,
62,119.068583114,265.657809,6467754.12257,2.01334421697,10,
5813,342.030026482,36.3767976,322989.325226,12.7768620814,1.0,[M+NH4]+
66,120.065634237,39.8301045,17525917.2824,0.724877283436,10,
68,120.080851046,171.299592,50018506.8556,1.92186826089,10,
69,120.956682952,30.9154245,314758.549045,4.41157816489,10,
70,120.978862557,1756.74858,928951.873016,7.3143983594,10,
1011,208.111137669,74.991738,3463089.43013,2.60089359808,1.0,[M+NH4]+
73,121.050992271,37.6382289,133301.102568,14.6065019734,10,
74,121.064873799,112.278444,13148350.9553,0.362548718682,10,
75,121.078074879,149.057769,7141344.19043,0.925484893292,10,
76,121.101283566,962.91648,14877341.0848,2.85987984975,10,
77,122.057741455,204.419166,229794.345973,3.50719928062,10,
80,122.071397332,40.5108,3708020.48228,4.47918077564,10,
81,122.071331099,198.711477,69684396.7605,6.44502885444,1.0,[M+H]+
1002,207.951379427,37.316295,252443.317332,8.10923225198,2.0,[M+K]+
84,122.955812019,394.701351,161044.343302,12.2542025272,10,
86,123.055342468,60.730611,88210523.5713,1.17278280501,10,
3982,303.025384156,39.6778698,7715942.96451,7.20724953709,1.0,[M+NH4]+
2331,260.160166742,61.227546,186102232.896,0.791683572366,1.0,[M+NH4]+
90,124.086949789,51.8332329,53281862.7777,2.37157915503,10,
92,124.999487598,39.6972228,1951491.40395,8.87550447685,10,
94,125.036399006,64.322874,358187.976956,8.14627399016,10,
95,125.068610559,41.3949789,4166296.72136,3.44994406973,10,
96,125.061919035,60.571236,109628.824455,7.15766149156,10,
935,203.121177794,383.240049,111792.380877,8.79122099828,2.0,[M+Na]+
98,125.115442702,330.574062,42278.9905178,3.38111045608,10,
99,126.045873522,64.322874,145240.254127,7.50999770102,10,
100,126.052623578,39.2879265,1572264.01085,1.46648820407,10,
101,127.050200534,220.209981,6762618.79658,1.75696823806,10,
102,127.084360648,35.6112903,327960.917777,3.92868606105,10,
103,128.027670701,93.095625,319682.761736,4.31400381781,10,
104,128.031904624,37.0512435,1710047.38472,4.47547843208,1.0,[M+NH4]+
105,128.04013232,50.8841067,408814.417193,1.6555377749,10,
107,129.018196786,30.730473,29453.8108947,10.5073726781,10,
108,129.048064401,50.9379174,267375.924741,8.66432999667,10,
452,172.006075624,113.661576,5934743.69169,1.24335948419,1.0,[M+H]+
111,130.097501506,39.5178519,31000623.9445,0.756558125916,10,
112,130.097501421,65.270982,18961049.9273,1.31388516235,10,
114,131.043518444,967.35618,119846.229594,5.67720367645,10,
115,131.07285648,265.657809,659108.112724,5.56341161002,10,
506,175.118836753,39.5771799,1847066329.29,0.86065552931,1.0,[M+H]+
118,132.00479353,1656.43638,21984638.3951,5.94443754871,10,
119,132.005027271,33.625161,1082405.29539,0.943444558331,10,
120,132.048048258,74.613438,563071.491301,9.83606073218,10,
122,132.050725306,33.4591773,4676549.38469,3.75303310508,10,
124,132.113184443,36.7270446,378682.194969,8.97010206176,10,
126,133.027722841,31.1684241,5521149.69082,8.74106366882,10,
3636,294.205830128,1154.62035,1728571421.55,0.751998425741,1.0,[M+NH4]+
768,193.995630359,1757.93031,13609990.5328,6.46273582649,1.0,[M+H]+
131,134.1174281,43.032825,2554044.48782,3.78923844961,10,
132,134.99639086,1756.58082,30801636.5509,6.08854770367,10,
3325,286.996918347,34.8075594,409371.239909,5.02086532546,1.0,[M+H]+
236,152.056454382,129.876261,13701685.8368,1.3442411112,1.0,[M+NH4]+
3261,285.082462982,85.07208,278472539.792,0.900332663896,1.0,[M+H]+
136,135.038883593,33.5354934,770884.68049,6.17185863706,10,
137,135.067753303,67.57155,1002980.06337,13.2735987826,10,
138,135.116722178,625.09947,17789742.6071,0.746246784149,10,
139,135.11674688,1071.9906,16282299.8915,12.0459700835,10,
140,135.977118189,36.3605526,1090204.15652,5.14419900517,10,
141,136.042657039,46.073052,1020875.54501,5.07149036714,10,
142,136.075562177,431.425935,38760837.4346,0.571720349328,1.0,[M+H]+
144,136.930394184,30.9154245,168349.589511,3.51652463397,10,
145,136.971224955,394.721046,103376.428615,11.7066389007,10,
146,137.01732646,85.198866,1844160.1484,2.91091087575,10,
147,137.029583576,33.5354934,10998088.4341,2.70461877461,10,
2658,269.087683613,126.840018,522934858.044,3.65724697747,1.0,[M+H]+
149,137.045664497,161.858712,21884786.8997,0.307733253104,10,
150,137.045656496,237.571986,3667012.21954,2.13331444939,10,
151,137.059615149,1111.83798,39774349.3566,1.19136084547,10,
2086,253.142952822,1153.87977,108296568.457,3.33913077688,1.0,[M+NH4]+
154,137.983021255,30.9154245,2713278.99656,2.80758114197,10,
155,138.029501115,126.997638,2486906.79709,3.57131728459,10,
156,138.058008528,38.639808,26768659.4681,2.93712421029,10,
159,138.906450974,35.7843657,1697531.88426,3.68062871026,10,
160,139.036447255,38.0097852,393409.195783,14.2467851594,10,
161,139.04571205,126.703782,1005557.12062,2.95906124834,10,
162,139.0522492,126.840594,1558984.76981,1.70993928464,10,
163,139.147942786,835.3107,318973.659014,2.73203987111,10,
164,139.147971854,777.56058,231768.44002,4.62311749837,10,
165,139.96824839,1762.72656,6357340.5668,6.05925503862,10,
167,140.001961036,33.625161,1658065.46633,7.50503046872,10,
168,140.049310966,265.657809,577104.074088,7.74012336851,10,
169,140.068022893,41.7087342,23050953.8426,1.9246515017,10,
4755,319.17984386,63.306177,273862.572072,6.97588271478,1.0,[M+NH4]+
171,140.903485708,35.7843657,1146084.99074,4.07391763556,10,
172,141.046359361,967.42245,212983.699899,6.55729764736,10,
630,183.97569298,1762.2972,2540388.52472,3.29281508859,1.0,[M+H]+
174,142.034980477,33.5354934,28240376.3906,6.12153631876,10,
6422,356.160682032,383.699298,127184.288193,8.92347129317,1.0,[M+NH4]+
177,142.900571269,35.9521791,157864.135801,12.2425831118,10,
178,143.027227188,77.001423,398092.580589,3.40122456363,10,
1176,218.000715591,1762.47432,1144992.63569,14.6232378468,1.0,[M+H]+
181,144.019676342,33.6890376,213361.572465,11.49903969,10,
182,144.044282478,265.773,3105510.68895,2.40625688031,10,
1725,241.157840866,877.66218,79109305.059,3.40787470446,1.0,[M+NH4]+
186,144.174457925,900.32748,14639957.4385,1.26912614502,10,
187,144.934192806,30.4505322,54948.4505083,13.9357701571,10,
188,145.031431976,260.405304,139422.407998,9.00404141708,10,
189,145.025998786,68.391699,206027.415442,6.71311470823,10,
192,146.034729193,116.694453,689192.605195,2.41226076643,10,
193,146.029647452,44.604291,11324745.0225,1.50962592562,10,
737,192.068588219,119.7477,6761666.4779,5.21658589725,1.0,[M+H]+
197,146.117372178,66.944484,77735047.3348,2.30567035095,10,
198,146.117385048,42.1051137,264458471.037,1.33921229357,1.0,[M+NH4]+
199,146.128691927,38.524665,562412.02031,13.4214101957,10,
200,146.153766917,740.73156,1418065.63707,1.50964984758,10,
201,146.181192296,900.39912,23296.6973266,14.3378002092,10,
204,147.076305778,39.5771799,68131072.0179,2.17640770828,1.0,[M+H]+
1589,235.148317422,34.8182844,155452.710217,7.70842071787,1.0,[M+NH4]+
210,148.935197706,36.9847893,774264.502471,13.4605903435,10,
211,149.011974027,1659.47661,827024216.735,2.55359797957,10,
213,149.047887983,33.5354934,4289490.31985,3.12373550268,10,
214,149.059635153,149.07696,20920722.4345,1.73092533634,10,
216,149.132433231,878.19846,6249334.87864,2.38689515954,10,
2024,251.14202324,827.07687,145643470.098,3.05492213435,1.0,[M+NH4]+
221,150.058128364,74.342184,37191488.4325,1.17265337646,1.0,[M+H]+
2340,260.196498373,66.50757,127629049.476,2.80052017141,1.0,[M+H]+
223,150.976757217,38.6628639,3312672.47159,6.70711053504,2.0,[M+Na]+
224,151.001055775,1757.93031,3486351.43908,9.10638847074,10,
226,151.030528821,87.985422,1836149.22935,3.04870515612,10,
1645,238.093512051,59.8293048,925103.557387,2.61092589684,1.0,[M+H]+
1473,231.065872428,740.71794,738180.887547,3.64296186568,1.0,[M+H]+
229,151.950996525,36.0315498,207381.562329,4.0538541009,10,
5947,345.115529035,232.985856,246422.673093,6.33727741038,1.0,[M+NH4]+
235,152.056444267,80.040612,3829141.15934,1.71049208078,10,
237,152.070422362,217.659666,130537756.21,1.90350952115,1.0,[M+H]+
239,152.140710432,801.19593,1427888.09232,1.54767424868,10,
240,152.934883031,956.79852,149322.886296,7.09991912632,10,
2488,265.019134291,394.824999,83354649.9116,2.3904233063,2.0,[M+Na]+
242,153.040472178,90.607695,238929824.245,57.6645455193,10,
243,153.046336866,829.23096,230638.993367,9.51911241647,10,
244,153.040293935,233.44236,129881.678027,5.25439325809,10,
246,153.051906217,91.787583,71305.6686814,14.2256601829,10,
987,206.211204363,891.41337,17811129.5777,1.586514888,1.0,[M+NH4]+
249,153.956914477,30.9154245,1264582.07328,3.58440028923,10,
250,154.011663327,34.3225995,757456.26314,5.97883649058,10,
251,154.026284861,42.712932,1848577.40692,7.12453677807,10,
252,154.072132176,91.193928,207931.989006,7.71795654621,10,
254,154.083698954,71.488176,126213826.685,1.61110715657,2.0,[M+Na]+
255,154.077195375,217.491354,335965.755021,3.93678871448,10,
256,154.095029314,35.9569083,110520.405296,8.96539399624,10,
258,154.15877147,847.33203,21276360.9122,1.39259112764,10,
259,154.880304668,36.1232448,604602.418024,10.4419842468,10,
261,155.027130065,513.337458,31998.2907543,8.56682875372,10,
262,155.042632942,38.1340359,4358583.83686,4.58115763275,10,
263,155.056127456,126.97683,380140.606829,3.51554651896,10,
264,155.062016909,581.814693,853113.63425,3.26132632206,10,
265,155.061975843,967.19226,1284653.8985,3.56873632811,10,
266,155.063563418,99.130068,113220.534104,12.1248945355,10,
267,155.142826796,750.16188,9679091.50068,1.7008020187,10,
268,155.142792977,786.44826,12267193.3161,1.48533477284,10,
269,155.14283874,681.06945,8852586.505,1.84384679675,1.0,[M+NH4]+
270,155.142837657,857.87481,40403694.6596,2.08691102804,10,
271,155.162145475,827.09538,4230541.8032,3.0688647067,10,
272,156.008848253,34.1673669,277769.654294,13.3265800383,10,
4044,304.161162339,40.142604,63883336.5244,1.47234861559,1.0,[M+NH4]+
274,156.076681275,40.8279981,453489662.047,1.57003669823,10,
2093,253.148041662,827.12742,626995.459465,3.01603785174,1.0,[M+NH4]+
276,156.174551578,921.89337,14409564.0033,1.63655401557,10,
2090,253.157588346,900.32748,102400893.334,7.58264681073,1.0,[M+NH4]+
4496,314.899577217,36.71547,734043.925059,5.03469866641,2.0,[M+Na]+
279,156.934049266,34.9629147,529510.433209,9.95344670363,10,
281,156.994871678,1762.1193,458723.094527,12.2585645589,10,
282,157.035011205,59.2994265,12606403.0194,1.2137463189,10,
283,157.046909605,87.338244,324776.664435,13.5927771953,10,
285,157.059022972,967.19226,348950.173121,5.20459190198,10,
286,157.077953897,982.97241,97254.5246524,10.0951562759,10,
288,157.158624346,933.91074,8370858.46517,3.49882631657,10,
747,192.195657491,753.21747,2945779.58469,2.09730726398,1.0,[M+NH4]+
2759,272.152125156,835.26963,18264155.7379,3.41981726493,1.0,[M+NH4]+
292,158.012294631,1756.74858,47946096.4785,2.53443755332,1.0,[M+NH4]+
293,158.012216168,1660.11747,846504305.326,3.55006250137,10,
296,158.043675513,134.995812,58107.5643937,4.75186418118,10,
298,158.083788482,265.894554,679479.034224,9.97368139882,10,
300,158.136797304,467.873574,17309.3118736,6.18497935393,10,
302,158.161826555,777.54216,891989.166842,1.91193383645,10,
303,158.843753105,36.6367905,114181.891147,13.1973350594,10,
2814,273.990582299,1660.14246,39088577.7199,3.53953058039,1.0,[M+H]+
1394,227.984859353,32.5943124,2547764.37755,2.98998607394,2.0,[M+Na]+
311,159.027506805,161.858712,341888.487694,4.08513719073,10,
312,159.05106366,43.0283136,419944.239115,13.4482608803,2.0,[M+Na]+
315,159.112639677,120.09063,19416771.5793,0.595335323933,1.0,[M+H]+
316,159.112640079,59.5278591,43011245.5205,1.86145891924,10,
317,159.114373787,877.66218,296985.737473,10.4048695041,10,
318,160.003991644,1743.16662,352179.021853,13.3334877283,10,
2797,273.120561413,42.1839951,8485132.47124,4.84346008656,1.0,[M+NH4]+
320,160.045329381,1755.71658,7114620.29461,2.74617008534,10,
321,160.045255475,1648.24416,40176572.9047,4.68166625979,10,
2027,251.159918717,38.2675404,42344346.6287,2.78408325952,1.0,[M+NH4]+
323,160.075545259,265.773,14485879.3656,1.59472685366,10,
1171,217.165693735,120.090192,19153531.6054,3.60225797858,1.0,[M+NH4]+
327,160.133047255,438.221628,6520717.25256,1.28648304597,10,
328,160.169414041,526.384914,251614.600562,6.11181356111,10,
329,160.841057749,36.1232448,57199.0261251,13.8878058729,10,
330,160.964278907,34.8075594,215833.772341,10.1447004055,10,
332,161.111104683,142.609986,31104.2383669,9.81958578361,10,
333,161.132280373,755.46255,27953405.2404,0.413032539227,2.0,[M+Na]+
11489,489.306645398,825.68361,11085835.3273,5.68486008527,2.0,[M+Na]+
335,161.153421917,711.62292,77850.183098,6.3379452153,10,
2260,258.997249667,1756.41324,1523565.66156,2.47439717361,1.0,[M+NH4]+
339,162.043086687,33.5354934,16078953.963,4.13315231357,10,
340,162.057903828,59.7751143,4435580.22519,2.63280979078,10,
341,162.063667161,39.2054199,1462735.55345,7.47616037119,10,
342,162.075875008,51.0465024,43403195.1261,13.8169556427,10,
1223,219.145313239,113.845776,868306.869241,5.53845906031,1.0,[M+H]+
2272,259.087501065,691.24041,1963884.97012,1.60219257538,1.0,[M+NH4]+
2918,276.133928387,664.00602,292087.169266,8.16333833226,2.0,[M+Na]+
346,162.11227511,41.0814174,1049304497.06,2.166884175,10,
347,162.131776384,37.6382289,508620.782006,7.30107647175,10,
348,162.950915026,35.6832411,2950507.78432,3.27531615625,10,
349,163.027499716,1653.85902,534305871.346,2.59406280566,10,
350,163.041867741,88.086681,13903720.334,1.95525414689,10,
586,181.049359637,1391.49312,81847729.9214,3.09746545688,1.0,[M+H]+
353,163.038786777,1189.13808,89501095.5202,11.8211565448,10,
354,163.061167557,116.54028,11184397.9589,1.36597329684,10,
356,163.089724506,506.096649,201022.949363,4.27967781119,10,
3556,292.197475673,41.4548715,62982543.3104,2.51866944934,1.0,[M+H]+
358,163.132622072,672.62859,71542871.8105,4.94917095944,1.0,[M+H]+
360,163.147887472,780.27288,14868677.5224,1.34930485266,10,
2994,278.141775257,962.98956,258817162.242,6.35022460857,1.0,[M+H]+
362,163.147868144,796.53351,53267453.6948,0.962319128204,10,
363,163.147850743,839.92284,17210036.5081,2.59257362678,10,
2366,261.115178508,902.28867,2501531.09896,2.71306782268,1.0,[M+H]+
366,163.987395827,1757.39544,2342094.49479,2.06107370036,10,
10951,473.116913692,39.9124914,1296682.49904,8.2555651524,1.0,[M+H]+
369,164.045232707,87.985422,701663.519139,2.40296236785,10,
370,164.056416708,117.37038,5268577.70066,0.382714420409,1.0,[M+H]+
8032,393.151125474,715.10211,371623.573836,5.72004572544,1.0,[M+NH4]+
373,164.104131651,745.93128,159041.71427,4.27591692605,10,
374,164.101425502,691.20954,195924.785142,5.81058986113,10,
378,164.164400561,668.26578,233021.503596,9.36804658573,10,
379,164.920622236,35.039199,1884673.82534,2.02665754476,10,
12171,509.864836432,31.0862196,42268.2983325,10.8620368345,1.0,[M+NH4]+
381,165.032804421,38.0368635,232825.047093,4.1764424137,10,
382,165.038827902,88.076691,426175.639697,7.95084554835,10,
620,183.065020375,909.09072,5241550.82787,2.09163483535,1.0,[M+H]+
385,165.054359636,1154.62035,105198493.195,1.29436738508,10,
1249,221.116972781,1137.83376,251094485.471,0.921826122611,1.0,[M+H]+
387,165.113279183,299.88432,710506.039181,8.1316365989,10,
388,165.113389601,286.934691,1435065.653,2.15949498002,10,
390,165.163592644,862.09068,20476773.9589,0.50227694898,10,
391,165.163621264,1023.88185,6967485.83136,3.1759697372,10,
6956,368.871288912,37.7209932,401229.757081,13.9704462958,2.0,[M+K]+
396,166.047186111,209.539884,57545.4014456,0.587215164349,10,
400,166.07219068,235.619616,2499965.72253,2.32804626998,10,
402,166.119869448,855.7905,319828.640019,8.0776272233,10,
2452,263.142037146,855.20577,3688503.64626,3.71635294914,1.0,[M+NH4]+
406,166.906347424,36.7099944,77486.8049569,3.14432492332,10,
408,166.981561985,394.891131,340581.155689,1.71021871649,10,
409,167.007791652,143.898891,83291.4917138,11.7339592001,10,
410,167.022626737,1660.13112,97339415.5872,9.8546985739,2.0,[M+Na]+
411,167.031215767,53.4122397,855753.89022,6.11354845761,10,
412,167.026875614,520.516737,51900.6082336,13.1362753343,10,
413,167.061967103,829.11465,184708.104051,10.1550891014,10,
3313,286.175803704,149.371458,91685295.82,7.10894625552,1.0,[M+H]+
415,167.075649913,235.507236,121225.023094,3.37355279779,10,
416,167.162204033,855.20577,105454.836139,11.5239510773,10,
418,168.014484895,78.301059,1010568.41327,2.72202515804,10,
419,168.027330828,34.3225995,839087.602429,6.47155168677,10,
421,168.076565727,42.967239,27017199.9405,2.70238044722,1.0,[M+NH4]+
422,168.09268802,149.057769,11377764.9538,2.50457127428,10,
423,168.099231613,42.0226704,677112.867747,4.08667261904,10,
424,168.101726822,566.115876,7912100.72371,0.628033262621,1.0,[M+H]+
4827,321.122296399,72.920118,24636981.9274,4.06370245539,1.0,[M+NH4]+
427,169.077778476,967.25907,317256.28938,6.16814195249,10,
428,169.077837338,705.71631,156914.012908,2.39910573928,10,
430,169.094786551,35.6832411,39551654.2506,1.47238797393,10,
432,169.985793908,37.0512435,156162.460528,9.56252263976,10,
433,170.01182465,33.1285554,1133236.39309,9.64201589158,10,
434,170.0245281,34.3918659,316992.601123,7.30355937981,10,
667,188.073887324,283.434999,1934451.03307,13.7337471424,1.0,[M+H]+
439,170.063063057,267.160749,3662699.28853,11.5458513071,10,
1170,217.154425884,66.460173,74589335.4164,0.981822781355,1.0,[M+H]+
442,170.117428397,330.549144,8117151.96874,0.936467375426,10,
443,170.854294959,36.3767976,615147.572158,4.02916961751,10,
444,170.980852108,32.9083023,726184.637169,7.51918536673,10,
446,171.016500163,37.6986222,825127.86243,5.89410864332,10,
1449,230.095630668,51.5173599,505483.939768,0.603037480663,1.0,[M+H]+
449,171.098038251,34.387413,1784459.67844,7.50030774324,2.0,[M+K]+
450,171.13777893,699.08313,16764438.5204,3.90086164333,10,
453,172.028191686,33.625161,785277.497043,6.83152840667,10,
456,172.057636111,97.287885,26029.0255705,8.86932141342,10,
457,172.081680347,46.4441058,3117864.88316,2.3924915382,10,
2050,252.12607015,857.87481,135712015.584,2.0922511638,1.0,[M+H]+
460,172.169373757,1041.41199,18537868.7602,0.904983804008,1.0,[M+H]+
462,172.177471777,1002.48438,89702.3495469,6.54675813009,10,
463,172.851423305,36.6367905,429319.774906,9.32708331522,10,
464,172.943017582,1660.62942,8554597.51262,9.46822665723,10,
465,172.942879308,32.747418,1777537.24219,6.05609832284,10,
466,172.979791595,36.5526072,13631957.9593,2.04990521983,10,
468,172.987803359,1757.5905,3715309.59217,2.93424254888,10,
470,173.026325173,64.100742,191893.795385,11.3011281966,10,
2754,272.133603158,43.2828576,558953.327581,5.11966359062,1.0,[M+NH4]+
474,173.074107888,399.76155,71442.1578174,10.5229642653,10,
475,173.078198267,131.54058,24377349.6288,1.24466876424,2.0,[M+Na]+
477,173.153445056,694.48452,3790178.62671,0.722338085181,1.0,[M+NH4]+
478,173.153452222,681.06945,5937579.7293,0.963111699363,10,
479,173.153416046,786.47046,5880402.59299,2.92438039719,10,
486,174.061294058,33.5354934,65820448.2837,1.89718957048,10,
1108,214.068359716,55.7083122,4051566.76416,1.38797160258,2.0,[M+Na]+
6939,368.209641042,786.44826,836725.625173,7.04458338458,1.0,[M+H]+
490,174.185158439,934.12044,55804441.6126,2.33100182952,10,
5550,336.238831785,507.455769,562443.556784,2.98795880447,1.0,[M+H]+
492,174.848981557,36.3605526,70392.8131864,12.4522699221,10,
493,174.944641687,34.9629147,1007269.91569,1.94991805942,10,
495,174.997954577,35.0493054,166837.276897,10.8051505108,10,
1005,208.011209125,1757.93031,8935945.86361,10.1293181336,1.0,[M+NH4]+
497,175.015351581,1017.63102,254103.143375,5.40089472079,10,
753,193.038148031,57.5534208,4777148.55039,4.44691377048,1.0,[M+H]+
501,175.082414099,131.542455,136947.341797,8.87220233782,10,
503,175.093111574,34.0044795,1087525.92567,9.26022574493,10,
504,175.107576649,52.5417456,37811155.2805,0.694458165114,10,
743,192.159287494,528.099588,3555146.57251,2.15673452496,1.0,[M+NH4]+
508,175.143458668,39.5178519,6751566.52876,9.65974276384,10,
2760,272.152230991,777.56664,12084279.5918,2.35071931629,1.0,[M+NH4]+
511,175.169103476,719.69358,41833.339263,11.1413539462,10,
515,176.010693083,48.0225441,21295468.8696,2.13856953989,10,
1539,233.139411036,515.724147,2149326.76945,2.10705856093,1.0,[M+NH4]+
521,176.139101986,41.7087342,30068012.54,3.69636303422,10,
522,176.1643278,60.730611,35034694.8753,1.63790251525,10,
525,176.941796218,34.9629147,314040.730117,12.3025323874,10,
526,176.977676487,35.0332437,194992.891341,12.0174199687,10,
527,177.006845248,1756.58082,44014050.7991,2.62481124761,10,
528,177.024472873,37.4005515,5624435.71206,3.05786248049,10,
529,177.06056244,56.986185,2372531.25653,9.07369656664,10,
530,177.063124368,143.066013,156890.245254,7.3830395355,10,
531,177.099529551,406.706046,38522.9161433,4.45710524461,10,
532,177.124542466,768.35496,167045.91926,9.57517816828,10,
534,177.124402259,706.05387,1074384.58509,1.8277596571,10,
4348,311.251588012,827.24049,572528.407853,3.17770905826,1.0,[M+NH4]+
536,177.142457677,41.7688731,2003256.25723,7.96165464779,10,
541,178.058495843,40.4552955,87685910.6024,2.43553432607,10,
542,178.083352757,411.741756,129263.045876,2.60007531613,10,
543,178.099035704,846.28155,11153684.8928,1.04361587732,1.0,[M+H]+
544,178.133692487,451.705902,22028406.1767,6.20830710594,10,
2245,258.136965941,731.14479,317053.882097,3.3611373416,2.0,[M+K]+
547,178.179921219,792.34515,242012.673208,3.14807175901,10,
548,178.924887589,35.7843657,1067528.83442,3.84654919807,10,
549,178.97482056,35.4553047,172189.332973,8.25507697774,10,
551,179.035032495,1763.7183,7820742.02454,8.06229896935,10,
552,179.044799822,56.6493744,357632.933892,10.125920486,10,
553,179.040135359,33.5354934,31431936.5654,2.950580854,10,
554,179.039845092,1755.74463,2047349.84273,12.5991348209,10,
555,179.067245049,94.793628,124679.341406,14.7363641425,10,
557,179.104127722,35.7843657,88667.7127061,13.9173323109,10,
559,179.102416,846.25362,891083.502988,0.288392702202,10,
2274,259.097213069,934.36437,22031704.2639,2.46392074743,2.0,[M+K]+
561,179.140014422,777.56664,79399.5036322,7.73117694083,10,
563,180.003144774,38.5801665,4329902.91958,1.88318487653,10,
1179,218.033376963,1756.74858,30613445.1852,3.94106946335,2.0,[M+Na]+
565,180.011884708,35.3565531,128329.653531,10.6782222878,10,
566,180.074042764,39.2054199,12782455.0375,2.51731579409,10,
567,180.062875452,284.658246,39844.9744501,3.1407200056,10,
568,180.093274668,39.0533154,781040.405729,14.3541424108,10,
569,180.096062453,846.28155,3582631.7741,0.955814466788,1.0,[M+NH4]+
4371,312.129855088,333.663804,1895901.60162,1.64787533983,1.0,[M+H]+
571,180.099096438,389.410026,41116.4788567,14.551741947,10,
572,180.143757975,934.1214,2104015.27872,4.42828300053,10,
2956,277.15781775,933.27324,206382488.376,1.31402722944,1.0,[M+NH4]+
575,180.17444124,965.8893,11750010.4165,5.85551452762,10,
1802,244.1903941,837.91617,32467607.851,0.269658777726,1.0,[M+H]+
577,180.894172346,870.75084,452101.417895,4.88131586629,10,
578,180.921975127,35.6832411,362696.482502,5.4062314906,10,
579,180.978096693,1656.62274,151818538.641,2.93561733242,10,
580,180.997103179,395.12316,49693.2196756,8.56666770959,10,
581,180.999920942,33.6890376,1108813.83951,2.00267645289,10,
3563,292.985159621,1756.58082,2619713.87291,9.29437382681,2.0,[M+Na]+
4067,305.038902244,1652.60388,17945260.4546,7.42652071862,2.0,[M+K]+
584,181.046693265,87.985422,252780.48263,11.9466494069,10,
585,181.042594662,587.531118,79561.5579321,13.9685086133,10,
587,181.049352355,1189.13808,104883961.288,13.1645829195,10,
588,181.08320603,36.4780311,173222.835928,10.7791848981,10,
591,181.09091754,275.398248,120137.514482,1.03634579356,2.0,[M+Na]+
592,181.10816354,211.01442,15260142.5578,2.00657566752,10,
593,181.108144107,40.4552955,19405800.6481,2.52896024107,10,
864,199.132626219,924.98007,42891533.1684,1.12853588724,1.0,[M+H]+
3713,296.152176264,796.51479,46926178.2433,3.5322401992,1.0,[M+NH4]+
596,181.158523392,963.0291,15700048.1396,2.83357810048,10,
597,181.16968936,608.16663,2377339.95102,1.18958802747,10,
4603,317.022649918,36.3767976,665703.604132,11.2917844773,1.0,[M+NH4]+
601,181.981841897,34.8075594,314424.032587,8.4785878509,10,
603,182.001200796,38.2122918,216223.766227,8.90919668137,10,
604,182.030111991,94.794474,92406.0243424,12.6087218411,10,
607,182.052795294,1188.8364,10583805.62,14.2910674494,10,
1432,229.154342317,91.783629,49709681.2735,0.758620017833,1.0,[M+NH4]+
612,182.100373984,546.727974,47343.8293389,10.8665839071,10,
613,182.114957206,438.221628,3112218.3153,3.0879597301,10,
614,182.173123035,608.24163,242614.038714,2.23812276934,10,
616,182.190200879,700.8069,45500847.1064,0.721235235466,10,
3038,279.173281208,1004.17059,13424715.3426,3.40696864828,1.0,[M+NH4]+
618,183.022105875,512.920392,186809.165879,4.07931614309,10,
619,183.073849098,113.845776,4283470.73905,2.15061007978,2.0,[M+Na]+
621,183.093412137,906.81939,589434.361123,4.46835607157,10,
622,183.093403354,993.59241,134759.972692,2.81441741899,10,
623,183.110282182,37.171416,1729013.95916,4.83415765214,10,
624,183.118320293,438.221628,235959.729438,7.40947762716,10,
625,183.123877203,50.6465604,12032227.2018,2.28857179738,10,
626,183.157021524,751.17282,151653.490867,3.48839672288,10,
3809,298.167802553,862.09068,63911009.4575,2.89826331954,1.0,[M+NH4]+
632,184.085005225,67.466925,10224150.1852,2.60609379221,10,
633,184.086285252,691.27128,46137.4836545,4.92166679806,10,
634,184.078748105,348.43953,227361.537905,7.78075561949,10,
635,184.09425233,40.7682285,22071600.1938,0.627965811709,10,
1234,220.117572449,76.93524,269084296.25,0.669261634507,1.0,[M+H]+
637,184.996650222,33.0649923,771948.679337,5.06322712131,10,
640,185.068738112,36.3726942,6500614.8363,3.62516087299,10,
642,185.088409027,67.766676,970855.400829,7.33758149922,10,
645,185.114571834,36.0168684,255951.460632,8.58092444704,10,
646,185.189797683,927.31905,72117.0537171,13.3132807417,10,
648,186.007484649,33.5354934,1207307.369,7.8551313017,10,
649,186.021760798,113.661576,228643.294556,5.70326596175,10,
650,186.021973399,261.127986,32853.2790666,4.55381049075,10,
652,186.065496189,714.83616,56747.7933745,2.61457728447,10,
653,186.097423428,46.5038733,1651987.33487,6.29386739093,10,
655,186.958437463,32.8150539,1724476.22431,4.27902864292,10,
657,187.030403748,38.635668,755608.038291,1.57343134824,10,
658,187.03978218,166.390584,40431.8216399,13.8539358231,10,
659,187.083931468,238.47699,329838.829291,2.01071016224,10,
660,187.118744872,59.7751143,841668.634441,10.2832658026,10,
661,187.998836686,35.4553047,641643.553221,4.77134416205,10,
665,188.035015762,40.5148746,2429857.80006,3.64067114556,10,
666,188.03740849,239.97336,184444.725131,2.81513331153,10,
670,188.127995221,330.478266,10720017.8676,2.64196522737,1.0,[M+H]+
671,188.140671066,855.1842,230550.847859,4.90809911182,10,
2629,268.157373321,750.94326,286164.434246,8.36096095912,1.0,[M+H]+
674,188.991455463,32.8319274,2333149.6583,4.37290221088,10,
675,189.01705228,116.877903,122128.186095,6.60101295086,10,
677,188.999720559,35.3724855,85312.322358,14.5233075647,10,
678,189.015807553,57.6084405,297676.742413,9.6738722836,10,
679,189.005540256,394.970424,29287.6819718,5.8583403793,10,
684,189.073854414,372.788973,150265.36376,11.4016720872,10,
685,189.103862479,755.84346,129033.981275,3.3252629188,10,
686,189.103828584,868.77348,120398.98125,9.19761329784,10,
687,189.123122467,91.186947,96394580.7533,0.85215195661,1.0,[M+NH4]+
688,189.123196064,46.8191235,39912049.1961,0.671692238781,10,
689,189.134394166,41.4548715,34561926.4393,0.784929265628,10,
690,189.159601802,39.8301045,84778861.4335,2.19266659509,2.0,[M+Na]+
692,189.95705286,36.0168684,114586.062187,13.135826283,10,
694,190.00062175,1758.1263,3468551.02507,10.2278857094,10,
698,190.038413251,1656.94302,605038445.073,2.17176333064,10,
699,190.049618445,80.835624,719564.562172,5.70038985661,10,
701,190.058445771,42.7348644,503941.819778,12.9407881224,10,
702,190.060818867,94.70544,163896.779183,12.8867364,10,
706,190.135353634,941.28201,106419.881833,11.1710775751,10,
707,190.135560321,878.99265,1047515.05543,4.31297455886,10,
710,190.179948711,810.6597,4805719.02128,1.20430426444,10,
711,190.188027473,891.48618,210697.496838,9.37181254514,10,
712,190.911765214,38.1151194,2368996.92974,8.86502997206,10,
714,191.007789521,160.817712,34578.2499163,3.72444826292,10,
716,191.022385492,1657.56303,512188992.421,2.63904029455,10,
718,191.045193501,56.4504156,222896.388519,13.9041358253,10,
719,191.040166811,38.4278691,36005528.1239,1.12963485215,10,
721,191.067483104,449.221434,525129.268872,3.43379967355,10,
722,191.078727033,226.100739,71934.4087573,11.4336530516,10,
723,191.076692961,35.6989908,60645776.499,1.37129630933,10,
724,191.091157708,140.126145,1882701.14409,3.28494914268,1.0,[M+H]+
725,191.115192112,592.39137,129608.392281,11.3447968779,10,
726,191.164004121,880.20306,18182514.2528,3.66449897866,10,
3403,288.253025925,1101.3915,38403013.9937,2.3237645822,1.0,[M+NH4]+
728,191.179232551,1071.9906,34002261.5805,14.1072794614,10,
729,191.926720246,34.7116839,235507.797275,7.68148743859,10,
730,191.977344319,37.0709292,231685.939406,11.7613093105,10,
731,191.99526137,1757.73432,11818525.7971,9.36581589218,10,
732,191.993906947,34.898541,143428.452773,10.7436295295,10,
734,192.024371712,35.3565531,4817308.83756,2.90512554449,10,
2954,277.142473084,46.5038733,798274.441607,8.35311881905,1.0,[M+NH4]+
739,192.074400918,51.779172,9565449.17991,4.1949908507,10,
10195,451.19216829,522.780336,319550.79195,8.40310542482,2.0,[M+Na]+
742,192.09454911,489.609078,80979.1470579,2.95674734696,10,
744,192.159344994,125.10603,5162066.32137,1.14044085048,10,
745,192.182661551,1071.9906,5173920.53743,13.8015790435,10,
746,192.195659903,923.35059,682189.30004,3.64646701877,10,
748,192.195707034,876.26415,337101.606087,6.65987769507,10,
749,192.195608059,835.26963,14106276.4839,1.54768318549,10,
750,192.195675266,777.56664,4602459.82907,3.07045392536,10,
751,192.955302597,34.898541,102120.913311,12.1642337543,10,
752,193.011616044,1757.93031,15839552.4895,8.46865888312,10,
754,193.060416152,92.07006,57904.5719979,7.4755225316,10,
755,193.068558886,175.766946,32676.0017788,14.9450942643,10,
757,193.098666613,647.09358,81735.7454606,10.2306938836,10,
758,193.119486644,631.55067,3568425.01809,0.549696700099,2.0,[M+Na]+
2959,277.17952313,1111.83798,364207678.908,1.03144587933,1.0,[M+H]+
764,193.923853975,34.7273028,125352.353514,6.37867088341,10,
765,193.935869683,35.7843657,136908.140109,6.21792757086,10,
766,193.959728895,34.7165778,91286.2797317,11.121823147,10,
770,194.066025911,85.086867,479495.996439,2.85092729945,10,
772,194.066966106,330.526164,144586.695778,4.54003571628,10,
773,194.089135084,702.87876,294341.274002,5.67344505967,10,
774,194.103417556,389.240232,569858.903691,4.6977005719,10,
775,194.11458304,426.873258,178836.928202,2.27755261603,10,
777,194.123036293,699.11346,148579.215028,6.37952709382,10,
2154,255.158645938,788.48808,15192235.1849,2.71671490178,1.0,[M+H]+
779,194.159537789,1002.54009,197233.251144,12.2124113455,10,
781,194.190140826,917.64564,88852.2291962,12.8088708796,10,
782,194.898778763,35.6832411,180716.547663,12.9668947442,10,
783,194.941171337,30.8231094,77363.9074624,14.8524371437,10,
784,195.005321687,54.3617364,1516924.59523,3.07794949385,10,
785,195.036049561,40.5148746,1492519.81601,6.59114683498,10,
787,195.07367977,43.3656165,288730.01961,12.0034276247,10,
788,195.062545444,186.241224,121297.662681,9.70993548995,1.0,[M+NH4]+
789,195.093314827,782.81346,3014361.27206,1.39626032768,10,
790,195.091581161,1024.66773,644133.830833,2.4154253059,10,
4281,310.086830506,848.34315,1783807.60345,4.31937051273,1.0,[M+NH4]+
792,195.093269364,829.06296,8218903.13208,1.0370724859,10,
793,195.093361043,996.15492,808726.302753,2.46082539158,10,
794,195.109930691,221.623728,358459.275837,1.65551542858,10,
795,195.109960739,192.434466,595123.863801,2.65478013309,10,
796,195.122456252,269.526816,19859255.1535,0.880035644047,10,
797,195.135259921,785.76174,506282.384659,8.08149554007,10,
798,195.135260426,810.4047,655651.76867,9.26724218284,10,
800,195.958675442,32.5943124,919674.711868,10.8538720958,10,
4449,314.01942736,37.8189096,730226.364843,4.7666619071,1.0,[M+H]+
803,196.030508988,40.4552955,1719551.22824,11.5039256668,10,
804,196.036936887,78.181302,77474.911058,11.6391712863,10,
805,196.048276538,39.2054199,1326676.19523,9.65147899351,10,
806,196.063682594,41.1413079,2183174.4429,5.35153955162,10,
807,196.082750198,96.1155,74849.00636,9.12832079539,10,
808,196.082759264,219.867978,209911.1175,10.6895062395,10,
809,196.096694661,251.30949,8050633.80134,1.36142100055,1.0,[M+H]+
810,196.09420848,192.445779,405550.858448,1.13833685096,10,
811,196.09996281,45.399942,411378.048161,3.0119141732,10,
812,196.130471712,589.371696,1610201.08601,0.615540406835,2.0,[M+Na]+
813,196.13835991,786.03972,39569.8132449,10.5327315051,10,
814,196.138669946,680.92821,116090.854357,10.9397967834,10,
815,196.138668648,737.69532,67178.9418754,7.289276606,10,
817,197.020976131,377.817351,337967.437239,9.11515246141,10,
1087,213.042223034,515.682525,1458195.67042,1.21528765781,2.0,[M+K]+
820,197.089144307,98.123271,91191.9414658,11.3263724005,10,
4363,312.083814952,848.34315,645695.625706,3.74232962905,1.0,[M+NH4]+
822,197.090305238,829.06296,2637151.96463,2.97946097086,10,
4365,312.102573911,967.08096,166970079.058,2.65320604071,1.0,[M+H]+
2028,251.159545115,803.69817,150458.678126,9.20499769118,1.0,[M+H]+
827,197.114278635,489.410703,73719.2914222,10.3560475033,10,
828,197.116942807,649.6377,14707552.3185,1.84881245986,1.0,[M+H]+
830,197.150811933,835.26963,5521810.82195,2.55590414572,10,
831,197.15084597,777.56664,2518207.97426,1.34704090429,10,
832,197.595153065,50.0958837,304475.750825,7.95652052224,10,
3461,290.054277465,55.3144815,293583.133265,3.05022829507,2.0,[M+K]+
836,198.073473813,305.433141,88771.8441262,7.51718695488,10,
837,198.094248076,455.926575,205608.98559,9.89216861522,10,
838,198.088914169,438.221628,2185772.4616,1.54097721968,10,
840,198.087150893,643.57836,230053.572364,7.74278002386,10,
6827,365.151541655,39.2054199,2147808.92857,5.58818931841,2.0,[M+K]+
4523,315.169751707,1084.45338,429946.861534,6.95076580721,1.0,[M+H]+
843,198.109758867,128.884698,91358.7790017,12.1085470911,10,
846,198.142835967,59.1954288,288235.410017,8.61902014825,10,
850,198.862147038,35.7843657,543635.81757,3.97056820919,10,
851,198.915155411,35.0493054,318794.366979,4.98431881266,10,
853,199.005288172,1762.2972,4248756.48571,6.80731194307,10,
854,199.036265331,135.508389,198485.581804,9.82469416481,10,
855,199.024677074,34.96887,184265.141446,7.41176558154,1.0,[M+H]+
857,199.04506506,469.936074,101454.61957,8.67618293939,10,
858,199.053392802,99.09069,395042.087692,5.42106858243,10,
859,199.051774369,830.08272,286824.219741,5.37865547185,10,
861,199.092207439,438.313248,146645.825534,8.87884516881,10,
863,199.100494447,40.4552955,1750963.27509,3.41221688786,10,
865,199.124720716,983.10552,2013503.34003,2.9336611643,1.0,[M+H]+
867,199.191573694,37.0440378,43184.4649581,9.05180627089,10,
869,199.993790114,34.9629147,1190601.64911,2.3572545338,10,
870,200.023210797,33.625161,838616.331276,1.45382273095,10,
871,200.040497559,40.2021849,30207976.7256,2.41867376909,10,
873,200.070435738,163.052139,393590.362989,2.84310618049,10,
874,200.068214964,40.5376191,14015318.3921,1.98971422513,10,
875,200.073776945,791.8938,983909.428374,3.01869565069,10,
10155,450.112890699,405.206814,168131.364248,8.21954919317,2.0,[M+K]+
878,200.087085686,438.135312,138506.833086,5.24046445498,10,
880,200.109339362,803.95134,380515.695215,3.53191756626,10,
2251,258.197980202,270.916872,124000.705482,13.5837004391,1.0,[M+H]+
1407,228.134111622,485.252037,612156.662192,2.52956626248,1.0,[M+H]+
884,200.200585647,1158.41229,80318835.9893,0.711571637024,1.0,[M+H]+
885,200.200689246,1023.87492,9500292.437,1.87401237246,10,
886,200.859153702,35.7843657,153245.985935,8.05327557503,1.0,[M+H]+
887,200.912300826,35.0433501,269455.136212,5.01873356612,10,
889,201.021345135,96.443394,406178.728756,3.11311470576,10,
891,201.032554807,273.62175,18043.9813517,13.6570566392,10,
893,201.048808915,829.79268,71626.3456006,14.755592509,10,
895,201.072161794,33.5354934,58570023.6887,2.15156067328,10,
896,201.071909315,49.0418238,65100296.1371,0.46458285613,10,
897,201.084237031,846.12759,87037.7044886,5.70150162961,10,
898,201.1095713,402.061671,251764.187615,7.70759043395,10,
899,201.109526617,339.101982,415537.102498,2.25243483274,10,
900,201.139458218,925.08576,111306.870299,14.3347023063,10,
901,201.138387496,871.77948,126462.243132,4.7859113404,10,
902,201.159565707,136.346076,1623644.71334,3.92498419371,1.0,[M+NH4]+
905,201.986233214,1762.01652,3222302.33219,7.57706000515,10,
906,201.990877531,35.0332437,592395.792296,3.28484440738,10,
2007,251.077087979,95.789325,668143.022816,4.48507625673,1.0,[M+NH4]+
1941,248.998723865,37.8011226,417588.530075,6.79091827426,1.0,[M+H]+
6452,357.081588083,47.0746065,1840392.21054,7.45392566051,2.0,[M+K]+
911,202.05617985,33.5354934,25470282.4983,2.24406167587,10,
912,202.049764552,224.750976,73030.948351,4.86788693418,10,
6380,355.158357167,274.902942,1118111.32798,1.80448219172,1.0,[M+NH4]+
914,202.050413402,59.8600368,1361393.85304,1.0252287645,10,
915,202.064117654,226.44873,68856.0750266,7.80601115031,10,
917,202.083532087,439.472832,347972.656394,2.39173734285,2.0,[M+Na]+
919,202.156484568,933.27324,14071446.0944,2.09132075661,10,
920,202.154855346,158.764455,672363.251296,1.89418162873,1.0,[M+H]+
2291,259.212519218,492.400521,681573.446933,4.60653023688,1.0,[M+NH4]+
925,203.000991364,1762.6518,1613617.01181,7.34932713053,10,
926,203.007080174,32.8319274,1606524.0372,2.18855309038,10,
927,203.028886429,377.987604,115693.666484,5.17157259796,10,
928,203.069774891,33.6890376,9302527.51456,2.05320564729,10,
929,203.068165916,308.225262,344504.848318,11.2882269386,10,
931,203.08121268,265.894554,1797820.46048,13.4204166447,10,
933,203.102470838,47.0191698,26874011.7298,1.85107965396,10,
936,203.113607493,44.6089935,2943718.78327,2.90029172366,1.0,[M+NH4]+
937,203.140450375,962.98956,10639039.9486,1.53030003341,10,
3870,300.122688447,86.388924,378496.719702,10.7215768673,1.0,[M+NH4]+
940,203.150114302,47.4503121,134938111.873,0.78246215693,10,
1239,220.190389311,790.84857,4641612.19849,1.54456204326,1.0,[M+NH4]+
942,203.985132996,1794.79968,573541.101135,10.69147768,10,
3505,291.083642992,146.065332,739701.82193,5.00424742341,1.0,[M+NH4]+
2238,258.109862839,39.8301045,1062996115.63,1.71956191622,1.0,[M+H]+
948,204.062937965,245.23287,1232113.29587,1.15872087957,10,
950,204.110976304,76.93524,114708.48673,10.7121118217,10,
951,204.109693751,1154.62035,38088757.0014,1.03380312028,10,
952,204.122830427,53.4122397,1371588927.93,1.03452436076,1.0,[M+H]+
953,204.134099514,66.194067,3681868.13277,6.28113297667,1.0,[M+H]+
957,204.172096612,1004.15004,1112055.086,2.0021150894,10,
958,204.153444021,47.4503121,11188040.0834,1.97747805358,10,
959,204.944753808,1762.83423,1290989.21932,13.4379370679,10,
960,204.944811667,1791.89082,369611.38301,12.7193774212,10,
962,205.021492056,33.455346,175101.247336,11.7841473336,10,
1694,240.089614068,260.452002,88418.6019801,13.1930519136,1.0,[M+NH4]+
965,205.052846351,962.87694,1066628.94255,6.14105395865,10,
4035,304.117967272,34.407672,496548.078049,6.01143188709,1.0,[M+H]+
3914,301.140658657,1203.97944,157281352.767,6.117922307,2.0,[M+Na]+
970,205.092256563,37.316295,478043.900268,6.20285411003,2.0,[M+Na]+
971,205.118107487,47.390361,116742904.483,1.14608927032,10,
3272,285.112673488,1024.00935,15053369.2419,3.27867830051,1.0,[M+H]+
975,206.015623151,59.7751143,1832402.35819,3.39554475028,1.0,[M+NH4]+
976,206.048030416,250.414071,169486.056152,3.41597599684,10,
978,206.042191672,121.092078,56129.2150175,14.7174407297,10,
981,206.084031438,170.0799,344990.202108,0.83763942724,10,
982,206.078604566,522.760095,330139.528651,3.86568853891,2.0,[M+Na]+
985,206.130392446,1029.55092,678299.716898,1.949121986,1.0,[M+NH4]+
988,206.211151256,846.81072,88097.018703,12.9773486306,10,
994,207.050663923,36.0168684,14009609.7045,2.42699498144,10,
4634,317.181522546,64.747107,66222045.6972,2.38334148338,1.0,[M+H]+
996,207.079394241,478.067634,141158.814273,6.01228525801,10,
997,207.074127883,139.07733,74848.9913313,8.55700581798,10,
999,207.129925292,53.4666774,807492.99717,7.27098937324,10,
5300,331.197156836,43.5987369,7283010.03698,2.33434584339,2.0,[M+K]+
1003,207.97233975,36.1232448,247177.559093,10.9510024671,10,
1004,207.998358927,35.4553047,1223619.52671,2.99355047744,10,
1006,208.048981516,1655.48331,61655119.7435,10.8235423104,10,
1007,208.060200917,80.898804,3665517.72401,2.73653053737,10,
1010,208.094179192,374.720619,135661.716657,8.16750406663,10,
1012,208.107925201,298.552077,496231.986241,1.24414943781,1.0,[M+H]+
1013,208.102271011,449.56932,28553.4826104,14.1179282834,10,
1014,208.102246849,488.680956,37282.214107,3.87241941885,10,
1015,208.127452632,1029.29415,186593.439775,8.02735068739,10,
1017,208.180766352,765.3402,111468.153756,11.1942691648,10,
1018,208.205848606,1072.05954,3545255.21289,2.14364817485,10,
1019,208.890857588,36.7099944,632655.432884,7.42602905731,10,
1020,208.943866933,35.7771042,50930.6506571,11.8431216061,10,
4110,305.949242093,37.171416,298033.272918,10.3127851596,1.0,[M+NH4]+
1022,209.011175568,50.5669245,578309.883652,4.55317187283,10,
1024,209.015379933,60.091941,1594570.59208,5.5771174047,10,
1025,209.032973127,1656.92265,230916524.125,6.40173045188,10,
1027,209.063628383,80.898804,327315.631048,8.76808694908,10,
4165,307.059622227,175.49934,84322.2247006,6.72162839494,1.0,[M+H]+
1031,209.114056385,116.724693,105890.933185,3.48736727222,10,
1032,209.114299778,74.843799,117972.54203,6.37349171566,10,
1033,209.128261883,279.142998,28180193.5167,1.2199460292,10,
2185,256.157562352,1001.83242,431502.923311,5.4741142093,1.0,[M+NH4]+
1035,209.149249866,131.710332,1879702.88365,2.96930405698,10,
6680,361.234479403,981.61809,1397355.89275,6.34332875745,1.0,[M+NH4]+
1037,209.948543271,37.0584492,49186.3159104,6.19172715732,10,
1039,209.969360543,35.9422269,51974.2216724,13.5009118268,10,
1042,210.016957118,39.8935746,806220.312067,6.03113700757,10,
1043,210.052029009,265.773,803902.347967,9.74997989056,10,
1045,210.060675296,30.8231094,638738.781411,5.79737889451,10,
1046,210.087147751,40.4552955,56691867.5772,0.738939329556,10,
1385,227.141988606,801.19593,121195736.855,1.54430572303,1.0,[M+NH4]+
10422,457.223766203,217.322787,421049.268939,9.93544300437,1.0,[M+NH4]+
1052,210.146051257,722.94594,705570.59686,4.48141232631,2.0,[M+Na]+
1054,210.887875851,36.28404,62963.7321221,8.36231297374,10,
1057,211.057509802,97.025826,55895.0772837,12.8944888863,10,
4639,317.188293567,868.58598,151365.756109,14.5879499722,1.0,[M+NH4]+
1059,211.104951253,171.125901,674198.443223,5.12704558787,10,
1060,211.108909421,786.42606,168509.87417,2.63000629501,10,
2699,270.136611591,810.32364,6754476.94455,1.83538681652,1.0,[M+NH4]+
1765,243.097258096,220.209981,1695326.49394,2.28430447953,1.0,[M+H]+
1064,211.118827223,305.889756,151140.979498,2.42760615324,10,
1070,212.007428585,32.9083023,2477191.03647,5.42594888924,10,
1071,212.019877963,35.6752884,31073.5284648,3.57549894181,10,
1072,212.064243416,35.8775376,154224.990556,13.3267766728,10,
1073,212.068069907,147.517818,1597567.38171,9.12541610105,10,
1074,212.077595714,103.160628,446219.880213,4.46151681332,10,
1076,212.095129471,423.764697,37344.6254435,11.0202438217,10,
6971,369.186371684,51.678936,30888897.0656,5.15966307106,1.0,[M+H]+
1080,212.122098614,221.096592,90744.2572565,9.33939039183,10,
1081,212.11791512,595.642701,11046021.4351,1.23079796013,10,
1082,212.147406343,629.85303,441037.23336,4.66373641288,10,
1083,212.148930522,269.566758,5170349.30508,3.47205316265,10,
1085,212.838874489,36.0315498,474976.244928,8.35510767622,10,
1086,212.991446658,33.1285554,487243.082428,10.9298367201,10,
1088,213.073095725,489.365532,645305.568211,1.78014614878,10,
6673,361.186835319,421.116489,1208677.28179,4.61754887685,1.0,[M+NH4]+
1096,213.127173709,922.59861,1595078.92179,5.95416156794,10,
1099,213.969293292,32.747418,5697455.21771,3.33528406666,10,
1102,214.004878982,1762.47465,3118260.11315,4.11524908342,10,
1103,214.006349863,35.3565531,3755943.40365,1.51798239626,10,
1104,214.004920354,1789.96998,989689.5019,14.5178136622,10,
1105,214.038420717,43.3656165,7282209.34022,6.68361365802,10,
1107,214.050706445,75.497178,104046.813398,8.89228016678,10,
1110,214.076456015,140.101836,154776.044423,9.59035282886,10,
1114,214.179872561,756.17406,5422069.68052,8.04686599141,1.0,[M+NH4]+
1115,214.646674747,214.403976,766044.278227,0.372831096999,10,
1116,214.836098256,36.0168684,543646.281155,8.29192456193,10,
1117,214.892928463,35.0493054,594217.828516,3.10604931877,10,
1119,214.953375505,32.9045364,1311979.46671,6.79969242347,10,
1121,215.022121033,59.543412,206505.678295,4.97874310617,10,
4818,321.062413021,431.167995,229189.862553,6.45451937934,2.0,[M+K]+
1124,215.048051361,75.713238,163429.351242,8.60728847077,10,
1125,215.048186498,414.293682,60584.6159974,12.7289684164,10,
1128,215.065241015,691.9518,81087.6815041,6.6404583043,10,
1129,215.080713512,30.8136147,2836828.48138,6.48409430183,10,
1130,215.110693702,472.390854,148826.878241,6.59958601169,10,
1131,215.119459527,967.16052,1133587.81211,2.62646435672,10,
1132,215.127820351,30.6453564,80481.8597308,11.3259116144,10,
1133,215.138845789,148.767351,29306209.0738,10.2629738834,10,
1134,215.138808328,50.3088744,41685478.9419,1.71761579734,10,
1135,215.138802798,322.36164,6592679.09002,14.3572257078,10,
1136,215.18652471,611.34294,81490.5723029,11.0247212936,10,
1139,216.035472267,33.4419945,3192267.81589,3.47047187792,10,
3748,297.08424613,47.7059862,6257166.82618,5.50513889872,1.0,[M+NH4]+
1142,216.051670647,512.935398,101195.344509,5.04046456766,10,
1145,216.105144773,456.090882,477625.985152,3.91591516727,10,
2399,262.11834358,258.582183,10269690.3784,1.44900957896,1.0,[M+H]+
1147,216.112979611,336.376023,552755.426881,1.83677769441,10,
1148,216.119344926,33.7529142,1633283.68829,1.23630967883,10,
1149,216.132605231,967.1127,821404.518176,4.23979635398,10,
1151,216.195568434,796.53351,23348000.7823,1.96472525395,10,
6491,357.652534946,51.5714178,202740.617648,10.1578886672,1.0,[M+NH4]+
1153,216.833358991,36.0168684,165015.182088,11.6021482905,10,
1154,216.890161379,35.0332437,389621.748774,8.8859458328,10,
6644,361.00271813,38.4278691,1022180.07727,6.98896601259,1.0,[M+H]+
1156,216.986628633,32.9083023,1852877.04177,4.70444107515,10,
1158,217.017780067,39.9084747,759936.83425,12.5351133848,10,
1159,217.049383325,1756.74858,45280282.8281,3.65155277725,10,
1161,217.049290014,1659.00378,743437862.787,7.69089751343,2.0,[M+Na]+
1164,217.097012582,422.827989,2325167.19886,2.04097660291,1.0,[M+H]+
4474,314.180396346,269.785686,445389.242815,4.12758095569,1.0,[M+NH4]+
3244,284.219145532,867.31191,5994877.67625,1.88637000992,1.0,[M+H]+
1167,217.136762257,705.57522,402186.478698,2.79617462087,10,
2575,267.108401512,50.0075439,1275954.76251,5.43103900698,2.0,[M+Na]+
1169,217.136822917,350.843028,493840.714369,10.9044131754,10,
7881,390.182783861,925.20207,1024385.68127,6.61389604308,2.0,[M+K]+
1173,217.198962283,922.48398,1614137.77139,1.54746297381,10,
1174,217.968616708,35.0332437,456235.829175,8.05459369204,10,
1175,217.980071282,37.6986222,665402.590852,10.4280557676,2.0,[M+Na]+
1177,218.012516142,39.9903093,969593.234558,12.2678295671,10,
1178,218.024786339,59.8278819,1128187.74167,5.17882923272,10,
1180,218.033272613,1660.11702,516312254.153,2.87951052139,10,
1181,218.04358043,275.437935,883745.549259,2.72329797712,10,
1183,218.042281398,38.8928514,3101546.00083,2.18276870789,10,
1187,218.057422739,647.93982,45396.5826461,9.78848974831,10,
1191,218.092206351,239.909799,1272886.04539,3.77778199857,10,
1195,218.138390037,88.554126,817383998.589,1.17714538031,1.0,[M+H]+
1196,218.132803615,49.7945376,185252.090396,10.511633697,10,
1197,218.146695129,699.46491,61952.7106469,10.7764673888,10,
8197,397.218748078,66.198552,6258969.44489,2.77843863974,1.0,[M+NH4]+
1200,218.18617668,438.221628,3439847.74468,1.80263604745,10,
1202,218.211191883,862.09068,35336092.8899,11.4668883411,10,
1203,218.202266019,796.80018,79832.1955519,2.31241932135,10,
1204,218.919640322,37.4005515,1522585.37578,8.76684314632,10,
1206,219.017376449,1756.74858,12757385.3678,4.20888892743,10,
1207,219.017259162,1661.74341,195472673.321,3.27173399545,10,
13992,569.163438341,35.5472922,94013.303389,7.03794283451,1.0,[M+H]+
1212,219.076249696,452.046072,113936.98931,5.27806847725,10,
1213,219.098902109,607.57395,1128198.61436,3.43847169297,10,
1214,219.090819843,967.19226,3790449.86406,1.5650714753,10,
1218,219.087937742,46.5038733,2650944.25161,7.02145589169,10,
10880,471.183793142,771.08196,86716.7171226,9.11474392174,2.0,[M+Na]+
1225,219.152780633,50.3457852,474327.826717,9.21183476037,10,
1229,220.036841257,245.23287,841157.239435,2.6234559027,10,
1233,220.102376863,607.79298,108460.544568,9.89732929294,10,
1236,220.138460915,851.09727,59149.0200961,13.9193561061,10,
1237,220.138559404,771.08196,165691.310021,4.4452230155,10,
1240,220.909614366,35.6832411,1915107.27797,1.93267721265,10,
1241,221.018442255,39.5178519,20592557.244,4.08598900872,10,
1244,221.091876067,117.341562,9016150.87646,13.7925575646,10,
1250,221.112738492,41.4505398,3784215.30783,3.3194179977,10,
1251,221.129795709,1024.17384,179754.279447,10.7616414565,10,
1253,221.164528699,854.8584,3999429.73938,2.34341677223,10,
1256,221.201020156,881.05497,4048254.33338,4.10298735672,10,
1257,222.034832773,67.885482,4960706.59839,3.03833585599,10,
1259,222.026033932,1660.44411,10346315.3755,14.4474865985,10,
1260,222.043463829,149.237415,2916905.08674,4.0769210887,10,
1261,222.042855891,47.7830382,262944.690134,10.8635318584,10,
1264,222.064528712,1652.73804,24757910.3803,9.05650470706,10,
1265,222.096930061,43.5987369,16534768.4375,1.6660798397,10,
2990,278.12436897,116.54028,43605876.5022,2.12503366591,1.0,[M+H]+
1267,222.110108429,983.20704,69463.1926867,9.53092992264,10,
1271,222.123954229,166.757088,742680.549709,4.65445625665,10,
1272,222.112217558,505.324725,1774345.50184,1.3975856609,1.0,[M+H]+
1274,222.123991616,209.660601,563031.686288,1.96486237066,10,
1275,222.126836181,98.253063,120730.617397,12.2730289679,10,
1276,222.126748474,270.788205,53629.6211668,7.78361790668,10,
1280,222.188967553,43.6596288,34047910.8946,2.27137241018,1.0,[M+NH4]+
1281,222.204392288,881.02836,544880.353038,3.46516289409,10,
1282,222.867695384,36.9847893,1302658.78775,5.48152349623,10,
1283,222.879255415,35.1304974,231781.364806,5.2383677521,10,
1284,222.906651597,35.6112903,1222359.35744,2.75498816552,10,
1285,222.959597123,35.1304974,1164970.38982,3.74425351897,10,
1287,222.994022388,87.985422,415567.154601,13.5602129132,10,
1288,223.020007832,87.657177,2722015.48283,4.13984017835,1.0,[M+H]+
5770,341.067244949,35.9422269,2075736.62671,4.46454315729,2.0,[M+Na]+
2425,263.037360396,469.889379,244930.03413,4.47395952556,2.0,[M+Na]+
1291,223.048539384,1654.98795,85152247.9058,6.78738076302,10,
1292,223.093931649,35.7843657,368606.598349,6.50428334857,10,
1293,223.107497499,63.942429,499423.984289,3.87329796488,10,
1294,223.107451681,203.576661,7265179.19164,0.853134211028,10,
1295,223.107453041,171.298341,27070345.4708,2.65306427051,1.0,[M+H]+
5861,343.052498024,983.004,867172.957208,2.37413221333,2.0,[M+Na]+
1297,223.10740601,374.74266,1152192.85152,1.8367782533,10,
1298,223.118557526,315.588639,46687.5370932,11.53029065,10,
1300,223.11548772,505.303866,218558.243919,4.9533089416,10,
1301,223.124805905,76.93524,233097.948375,5.08377423416,10,
1302,223.126949887,209.345478,50108.2789888,11.7337800865,10,
1303,223.144051961,1091.57832,215665.72044,4.1288024714,10,
1304,223.141344396,492.458853,549441.661963,3.9507380441,2.0,[M+Na]+
1305,223.141514461,416.990046,19664.9485334,10.213233333,10,
1306,223.166510789,862.09068,22148523.2459,0.695977435831,10,
1308,223.946327499,36.28404,206287.706275,9.53868077263,10,
1310,224.02612397,59.4578652,1460489.03197,3.1535151639,10,
1311,224.044091698,470.263578,48052.9391056,10.3593537479,10,
7051,371.170394495,47.7971781,6189093.56026,142.158848445,2.0,[2M+H]+
1313,224.091481773,235.920606,790779.780741,1.52811004638,10,
1314,224.088789281,76.788363,237955.229205,4.06487689689,10,
1317,224.125270014,144.58464,60031.8421195,6.3565947319,10,
1318,224.125370582,757.17984,970212.949875,2.43228118496,2.0,[M+Na]+
1320,224.136392583,62.665428,365805.87924,11.4426147163,10,
1321,224.140803548,797.00979,358418.061648,4.55809770421,10,
1322,224.140844938,911.63481,140815.378138,3.11099761502,1.0,[M+NH4]+
1324,224.17549713,447.660015,9964748.8723,1.95422302059,1.0,[M+NH4]+
2063,252.865291889,37.0834092,53889.0301852,3.47418964043,1.0,[M+H]+
6645,361.030631557,33.3746646,379254.523787,11.3117561364,1.0,[M+NH4]+
1329,225.008875979,33.3746646,2835125.0361,1.1607543329,10,
1330,225.068897519,369.141282,137275.535418,10.0985679073,2.0,[M+Na]+
1331,225.086615762,80.835624,10539730.0957,3.57778545913,10,
3023,279.09891799,1084.11387,6387953.7845,3.89175035236,2.0,[M+Na]+
1333,225.120443409,270.706812,294265.249354,2.93353996921,10,
1334,225.120792713,779.60772,50321.7331213,7.50876953715,10,
1335,225.134263128,96.120576,56712066.9393,2.74276713159,1.0,[M+H]+
1336,225.126474864,681.40317,4239881.47746,2.02337094576,1.0,[M+NH4]+
1338,225.943539448,35.9521791,61169.3013097,14.6106437783,10,
1341,226.055494971,31.0862196,661397.803653,6.00792638923,10,
1342,226.053103813,298.898514,25445.2004764,13.6848432881,10,
1343,226.081865937,94.799205,2918623.5193,2.51920941879,1.0,[M+H]+
1344,226.079638709,38.3269311,880990.566175,11.6681931814,10,
1346,226.089922464,80.835624,1078837.17704,6.28695351197,10,
1348,226.110501149,740.73156,1099118.72499,2.75883382539,10,
1349,226.10710662,600.69681,2489533.95404,1.76735676229,1.0,[M+H]+
1353,226.112717265,699.46491,140902.563339,9.05717838375,10,
1357,226.156387692,846.28155,496144.237731,1.32144742733,1.0,[M+NH4]+
1358,226.154701976,172.337652,11220201.1954,1.98947850876,10,
4839,321.195085396,566.115876,361943.392286,5.81541948224,1.0,[M+H]+
1360,226.179790429,641.95335,10031056.6844,1.38301577857,1.0,[M+NH4]+
1366,227.003361921,75.059358,4802078.17435,7.96191853043,10,
1367,227.006505087,33.3746646,779146.099329,6.58725833745,10,
1368,227.031159748,111.629061,64770.0074253,6.66521015434,10,
1369,227.040910979,34.8075594,933694.801283,4.36220160139,10,
5942,345.087730042,191.74272,72698.7732912,10.3721337669,2.0,[M+Na]+
1373,227.078968544,171.125901,450799.537195,1.16125819018,10,
1375,227.091120866,429.953454,2118876.6881,1.2934593376,1.0,[M+NH4]+
1377,227.091246566,378.37341,73189.0289556,8.0805452887,10,
1379,227.0997313,75.169863,454037.378697,6.74054333127,10,
1381,227.100058788,122.79582,90647.0281257,12.5590926862,10,
1384,227.124909872,875.2272,715390.166305,11.4877898963,10,
1388,227.18641992,592.574448,318415.175403,8.73325255419,10,
2736,271.176105577,435.055953,9441996.45579,1.90134415354,1.0,[M+H]+
1390,227.175121829,264.195378,3601471.81736,1.75629188215,10,
1393,227.219513437,1198.27617,362511.500061,3.15433934796,10,
1395,228.071949509,59.616615,988618.540012,6.12350313257,10,
1396,228.068634473,752.37351,66085.3217168,10.6604609622,10,
1397,228.068639718,216.647919,365533.627417,5.38062272879,1.0,[M+NH4]+
1399,228.094483447,429.872568,209073.884778,2.86394679467,10,
1400,228.097450826,82.191987,2206265.72026,1.8783800361,1.0,[M+H]+
1401,228.088943172,898.51686,136651.967148,5.32809547326,10,
1402,228.088003724,313.33563,139581.022007,0.864795428887,10,
1405,228.120258574,658.66758,200036.765837,5.10099969628,10,
1406,228.126076671,842.61402,3619493.67044,3.12781615769,10,
1408,228.140292238,801.19593,722312.296621,3.67059685577,10,
1409,228.149293775,866.71812,159470.173464,1.20152741647,10,
1410,228.153537092,846.25362,150774.609488,5.93538256382,1.0,[M+NH4]+
5529,336.158121619,244.714047,4844155.25562,4.42992072762,2.0,[M+K]+
3164,282.203630361,993.93978,47887072.096,0.529143621132,2.0,[M+Na]+
1416,228.649883111,304.302252,5483585.51264,9.71058695638,10,
10399,456.317532448,370.423728,16339854.3559,11.8680802189,1.0,[M+NH4]+
1418,228.812867065,36.1232448,180368.006096,8.73439349838,10,
1419,228.968969567,32.8150539,702823.039936,4.80394008642,10,
1420,228.9781488,1653.68274,7092674.4936,11.4394672782,10,
7379,378.08025008,75.169863,7312223.17993,5.07764196706,1.0,[M+H]+
1422,229.038202224,34.7116839,434052.152268,10.54829167,10,
1424,229.055736589,394.950174,53236.7630491,12.3442721098,10,
1425,229.058189659,166.053834,54005.731644,13.2262448563,10,
1426,229.06710408,33.4725288,5255679.45341,3.06879968156,2.0,[M+K]+
1427,229.100269897,546.724914,574303.397334,2.59872474017,1.0,[M+NH4]+
1428,229.103501202,34.4868702,5846167.8629,4.01408046247,10,
1429,229.133118475,476.585592,433747.283097,5.17460869197,1.0,[M+H]+
1431,229.146468702,801.19593,369760.550518,2.80558207766,10,
1433,229.154428071,110.090565,203003533.178,2.87497145673,1.0,[M+H]+
1434,229.154459674,47.7059862,33588570.1549,2.30493247156,10,
1435,229.198622995,1106.33238,213229.614073,11.0165385726,10,
1436,229.621311929,62.841417,284858.994527,13.078959517,10,
1437,229.639463373,136.035135,5163279.27216,1.92487349894,10,
1439,230.018012921,32.8150539,2369071.6881,6.43903427954,10,
1442,230.059066871,77.109993,2775140.03331,1.2247257393,2.0,[M+K]+
1443,230.05916317,246.098556,167090.216569,10.6958641686,10,
1445,230.050394777,140.445324,83052.5317097,11.9995756335,10,
5522,336.127238628,1356.36543,6275273.94084,1.96833107451,2.0,[M+Na]+
1451,230.120771873,553.400601,921034.183026,1.99208029776,10,
5198,329.192725557,49.4600631,6092490.95721,1.22014631843,1.0,[M+NH4]+
1479,231.13365514,54.5214405,47997869.4773,5.16258415197,10,
1455,230.124575181,71.240175,2839204.9235,5.40978824607,10,
1456,230.135080846,34.0728684,217137.333722,14.6703911781,10,
1457,230.141613301,801.19593,311637.599653,8.51612997199,10,
1458,230.138426884,118.727757,25944119.2964,2.62201710617,1.0,[M+NH4]+
1460,230.222444897,1041.12618,32843.3801,9.48794430338,10,
1461,230.247630373,1199.42505,25062344.8649,1.86706206697,10,
1462,230.247577257,1130.89803,30963290.5663,4.89842154403,10,
1463,230.629133924,55.491606,455022.521305,9.49860559555,10,
1464,230.81016752,36.1898052,196425.674331,7.17575424274,10,
8565,406.897800506,35.3565531,206010.857882,7.96033602465,1.0,[M+H]+
1466,230.938367316,36.0168684,6126162.7562,1.51606207239,10,
1467,230.995007897,31.2712416,814378.713027,10.2317369302,10,
1468,231.002107554,33.0613479,2197415.53487,3.42869835135,10,
1469,231.034967402,394.824999,210731.725492,9.64178027359,10,
1470,231.028992117,33.4419945,1011073.30268,4.83443762919,10,
1471,231.04506631,139.988463,71648.569728,12.1002755562,10,
1475,231.083521405,80.040612,1606269.16653,4.56498654543,10,
1478,231.112019749,601.84416,526422.378072,3.66651669942,10,
1481,231.170088694,192.965157,101556229.209,0.72742251628,1.0,[M+H]+
1482,231.170090255,160.474956,39565207.9188,0.684723166864,1.0,[M+H]+
1483,231.178214449,743.4207,324981.162085,3.2965319569,10,
1484,231.189195903,529.430586,50023.1413683,11.2154284868,10,
1485,231.206251766,1041.43716,123855.000506,8.88280247574,10,
3404,288.264148616,997.84029,2380703.46782,4.66523315027,1.0,[M+NH4]+
1487,231.945607076,35.0332437,191183.492456,5.22913420637,10,
1489,231.979866232,32.5173645,2614802.29918,6.7060378284,10,
3221,284.058218199,51.146922,419753.029658,6.73706841556,1.0,[M+NH4]+
1491,232.027105272,109.588572,8936255.73513,1.60108900375,1.0,[M+H]+
1492,232.048635497,59.5108827,15153072.1482,4.85734667352,1.0,[M+NH4]+
1493,232.05782889,71.488176,1516855.10463,2.47654569714,10,
1497,232.111129571,65.832549,670946.803767,8.07776584661,10,
1498,232.102764304,46.4441058,12579095.4492,3.49546941013,10,
1499,232.107871567,467.717211,64710.9709791,11.3646591151,10,
1500,232.128762348,211.354233,138505.353621,4.99232035555,10,
6053,347.148417666,939.24543,846402.015131,3.69957427426,1.0,[M+NH4]+
1502,232.12747101,848.64693,52442.0269808,10.9902153177,10,
1503,232.130507438,742.73982,63831.5786855,11.3006465417,10,
6581,359.244295131,922.92306,1547153.20661,1.85319692551,1.0,[M+NH4]+
1507,232.154068054,207.464922,54100304.3088,1.38927823097,1.0,[M+NH4]+
1508,232.15407602,186.058782,115431005.085,1.7808737934,1.0,[M+H]+
1509,232.138541931,841.90188,62170.6354588,14.0004771056,10,
1511,232.173472972,534.118221,432433.71041,4.0515454887,10,
1512,232.177351392,953.66976,77477.0830496,9.74157498918,10,
1513,232.201663575,589.371696,1883466.93411,1.5194730807,10,
1514,232.247998936,207.177762,35307.1083998,14.7244088934,10,
1515,232.863847676,35.194494,132469.614062,7.92996680121,10,
1516,232.896495206,37.4833713,5342645.11306,7.59013662001,2.0,[M+Na]+
1518,232.935385522,36.0168684,1904677.21563,2.71049468621,10,
1520,232.964148569,1661.42976,36997958.4117,5.0125939233,10,
1521,232.964003522,1780.16934,170036.435023,8.69855904916,10,
1524,233.035849182,33.3746646,650011.436585,12.102597189,10,
1525,233.041920401,51.146922,8781337.17305,0.423012484801,10,
1526,233.059052662,131.878761,180476.481502,10.2815771528,10,
1527,233.066548425,95.780142,1594125.69957,2.74137457481,10,
1528,233.063049692,39.8301045,2787151.30315,6.2415523329,10,
1529,233.083943634,625.00938,55222015.6161,2.19347747996,10,
1530,233.078198236,269.447127,16554232.5938,1.94496760581,10,
1531,233.081511224,842.61402,3157043.52059,2.25349956544,1.0,[M+H]+
1532,233.091038472,1161.33792,131397.518794,7.99920933759,10,
1534,233.093096888,728.63142,25203.6762737,13.9652663202,10,
7215,374.207124861,330.766893,291413.957714,11.0325877698,1.0,[M+NH4]+
1537,233.108843636,845.9175,31764.0232045,14.6773874293,10,
1540,233.149303993,247.831431,8116283.5279,1.15293061144,10,
1541,233.162112067,789.1647,1680585.77397,2.26513192589,10,
1542,233.1968166,119.720328,31817.638375,3.09345882356,10,
4716,318.911225536,37.0709292,532019.897686,11.8387974347,2.0,[M+Na]+
4818,321.062413021,431.167995,229189.862553,6.45451937934,1.0,[M+H]+
1549,234.060811724,217.491354,60733.4081946,8.03585033661,10,
4936,323.169598063,645.08703,300159.660882,1.68741142144,1.0,[M+H]+
1554,234.084627985,147.490773,1776907.48836,5.66402055575,10,
1555,234.08737667,625.00938,5801686.7922,2.30995755255,10,
1558,234.08736778,638.38362,1292611.00232,2.91428980001,10,
1559,234.115810068,734.2995,240085.134077,4.14740801595,10,
1562,234.124025717,253.574352,172344.849175,8.30596253367,10,
1566,234.146461581,87.985422,403418.484571,2.46048105756,10,
4480,314.20698116,247.580064,1932340.2438,8.42035538154,1.0,[M+NH4]+
1568,234.161699001,1149.77016,395826.880654,6.32622569043,10,
1571,234.180848825,128.928969,182458.088956,8.50152111453,10,
1572,234.635894458,284.342184,495119.902481,4.68590010192,10,
1573,234.893649723,37.3787451,1879399.33944,10.9163437447,10,
1575,235.013250554,126.997638,940715.934882,4.89088141907,10,
1576,235.022021983,1757.93031,6187443.46126,9.14732281918,10,
1577,235.072671023,607.77213,395408.992421,5.15313741072,10,
1581,235.079747205,625.03254,2380572.80619,1.49972345222,10,
1582,235.092286776,32.747418,4443937.78194,6.59198455558,10,
4261,309.191804695,376.433616,320346.673142,2.93117301363,1.0,[M+NH4]+
1585,235.118651729,204.588108,3950312.47501,1.48704357778,10,
5076,326.23217699,1137.71832,42645989.7834,4.42877028334,1.0,[M+NH4]+
1590,235.143631254,428.77149,68518.4753073,13.9498039097,10,
1591,235.168805295,1157.61729,95399991.5333,2.62819032038,10,
1592,235.164775108,41.9669178,11336919.4214,6.29583369759,10,
1593,235.180103474,819.33918,88498107.1168,2.30691786841,1.0,[M+H]+
1594,235.180250112,497.64765,162745.808339,14.5999465068,10,
1595,235.657628936,314.193654,675476.935804,2.5372282649,10,
1596,236.022750374,47.7661881,4275208.1111,6.82970391521,10,
1597,236.026134781,59.9343024,4267017.90472,5.34355460864,10,
1598,236.031690974,386.909352,87052.1970115,6.91650353513,10,
1600,236.043859902,1756.77504,1913005.33364,13.7212537777,10,
1601,236.058435067,459.987339,106413.217926,11.3354960926,10,
1602,236.053728882,38.639808,659943.798561,10.0266167381,10,
1603,236.083207264,625.34928,206634.662542,4.45447579611,10,
1605,236.097108859,579.916488,56966.2953176,9.40969689067,10,
1606,236.091492674,187.93422,351410.915858,3.13961026255,10,
1607,236.104557472,792.5697,161450.511171,11.5808917468,10,
1609,236.112524921,637.47372,33782046.4184,3.28824672461,10,
1610,236.13016702,803.80782,82280.7802747,11.6524221949,10,
1611,236.142261694,74.843799,169078.268015,9.62483737471,10,
1612,236.140872934,774.42666,151381.23732,11.3441484304,10,
12813,530.333136929,846.46362,1250232.02505,4.02902638462,1.0,[M+NH4]+
1614,236.161863527,871.52121,355395.851858,8.33189238419,10,
1615,236.647209808,155.783079,420526.854161,4.80870939606,10,
1616,236.883545021,35.7843657,1761575.50339,1.63986643257,10,
1617,236.986380908,33.7566786,926405.007164,12.3561888228,10,
1619,236.992413434,39.2647449,2064873.85894,5.70746428866,10,
4811,321.016444609,1655.97627,73919804.9788,3.49573432088,2.0,[M+Na]+
1621,237.069666042,35.3565531,392227.508124,4.24219422082,10,
1622,237.072967378,115.340634,277844.194734,8.87398944149,10,
1623,237.073076995,592.888866,613650.1727,5.64146242576,10,
1624,237.070750294,649.16616,35025.79443,14.6846717056,10,
4742,319.13977359,336.376023,6216598.86194,1.22102507372,1.0,[M+H]+
1626,237.084139531,273.246636,114516.638421,2.27758790013,10,
1627,237.086634147,225.055296,2458562.0312,1.62322445457,1.0,[M+NH4]+
1629,237.089963176,346.627896,103815.5984,9.57926400478,10,
1630,237.101311526,967.31082,889993.767777,1.26595378615,10,
8577,407.129869726,180.050472,421999.944186,4.86334995426,2.0,[M+K]+
1632,237.12311327,159.470082,4675515.83984,1.25147208082,10,
1633,237.122981974,594.210126,1131326.70376,2.05138409611,1.0,[M+H]+
1634,237.134477442,46.7036688,174825.84755,11.072307451,10,
2027,251.159918717,38.2675404,42344346.6287,2.78408325952,1.0,[M+H]+
1636,237.195851171,920.98056,4957118.78614,0.897081786299,1.0,[M+NH4]+
1637,237.195743406,822.3831,7718757.99842,1.81133205308,10,
1638,237.195707577,805.61415,33180588.286,2.04974611567,10,
1639,237.195663669,897.51474,6148907.03439,1.72829490917,1.0,[M+NH4]+
9479,430.708471196,96.618453,330515.484114,9.5093071528,1.0,[M+NH4]+
1641,237.636902748,143.237577,852744.245452,4.28827291563,10,
7629,384.047739517,33.3746646,1155867.41344,7.61726896067,1.0,[M+NH4]+
1643,238.047346248,222.575982,74335.9161512,6.17791952241,10,
1644,238.093266515,107.233377,2098764.46625,1.73961452867,1.0,[M+H]+
1647,238.110644114,766.70856,354666.726874,8.1962229826,1.0,[M+NH4]+
8997,417.161116947,705.54675,91120.9696125,12.7897452065,2.0,[M+Na]+
1650,238.115059103,790.82907,448438.049578,3.82374709616,10,
1651,238.121676208,60.481167,320174.623493,10.3359349685,10,
1652,238.115880811,104.368083,1955649.51337,4.07155772843,10,
3672,295.164767272,913.34511,262379.322999,3.49525836711,1.0,[M+NH4]+
1656,238.143341253,1165.44102,15381677.8967,3.59963103871,10,
1657,238.138438247,143.077719,123165.45676,4.60465802425,10,
1658,238.140979974,626.46459,2867631.70138,0.833625957701,1.0,[M+NH4]+
1659,238.137984794,774.12477,25592.9088503,11.5209745182,10,
1660,238.138313417,95.133804,270003.079992,4.83934967275,1.0,[M+NH4]+
1661,238.154664639,66.146556,1656259.60529,10.1831298868,10,
1662,238.154799002,439.674438,575938.216574,3.01523150346,10,
4579,316.211484327,922.58586,9820041.35806,3.43831918905,1.0,[M+NH4]+
1665,238.177493439,1066.63884,314041.988638,2.8415839432,10,
10914,472.218969185,624.32883,243245.349633,5.24165111838,2.0,[M+Na]+
1669,238.880635213,35.6989908,1229110.18866,3.02216200803,10,
1670,238.937425177,35.0332437,2630105.05147,1.93985366798,10,
1671,238.98361723,33.8503065,521968.266924,2.32920845873,10,
1672,239.018262558,32.9083023,3888971.20292,2.3090150509,10,
1676,239.098660314,43.0238022,632813.128153,7.33937738931,10,
1677,239.102413612,67.08693,10999318.6811,0.705374075464,10,
3309,286.150462894,82.303491,5664901.94772,3.14111713919,1.0,[M+NH4]+
1679,239.101328993,926.87706,120384.300282,3.66202039086,10,
1683,239.136527082,135.862638,56324.2496906,14.2927749266,10,
17024,729.392127949,814.8984,366452.562784,3.67805727222,1.0,[M+H]+
1685,239.148617633,377.817351,13295934.5488,2.11586526676,1.0,[M+H]+
1687,239.16369568,31.010655,73376.6657456,10.773863126,2.0,[M+K]+
1691,240.015136819,1656.43638,116424866.811,1.62525249666,10,
1693,240.04995995,31.5204906,110590.697903,8.00123216661,10,
1696,240.096106492,823.83906,271371.245243,10.5347004098,10,
1700,240.135608612,832.70826,257973.575329,2.30753866016,10,
1701,240.126181396,526.384914,736019.439654,6.87531340561,10,
1702,240.126236802,706.39209,409892.272488,3.4636563976,10,
1703,240.156854761,787.47045,328117.289605,6.76525958594,2.0,[M+Na]+
1704,240.838799829,36.9847893,477245.863733,10.4778028576,10,
1706,240.906805935,34.6421058,347994.44746,12.39165898,10,
1707,240.934554815,35.0332437,814501.484671,3.39949132867,10,
1710,240.999188858,1756.3866,899781.850279,12.4667085093,10,
1711,240.999084926,1655.96952,9731945.46764,13.4470307205,10,
1712,241.019102318,34.7116839,210576.896648,9.57527895577,10,
1713,241.01862606,1741.2732,496035.84997,11.9194307177,10,
1714,241.047693097,733.09512,569519.659893,1.97645827011,10,
2200,257.032035937,451.933194,216063.785791,9.21711358708,2.0,[M+K]+
1716,241.075077936,335.73243,16792.9120724,14.69664209,10,
1717,241.094408158,651.01068,278491.103815,6.54367843685,10,
1719,241.11551882,172.337652,910872.160047,3.11106266885,10,
1720,241.119465693,925.20246,524498.495371,3.43785050396,10,
1721,241.126062849,730.09833,117222.354902,4.76837039081,10,
1722,241.12948096,526.106724,38934.3121995,11.6689419214,10,
1723,241.137536455,832.2387,105572.973162,6.67569740558,10,
1724,241.154257993,138.251958,139627294.241,14.8405912535,2.0,[M+Na]+
1726,241.154373707,47.2368753,134772485.072,8.45597020759,1.0,[M+NH4]+
1727,241.158440766,1054.31406,240930.371104,6.27138012912,10,
1728,241.165731026,366.430659,215879.380198,9.59635021526,10,
1729,241.202056816,725.11017,82679.7246182,8.83069420767,10,
1730,241.613809042,55.0711851,284514.899579,13.4222847239,10,
4806,320.704649964,519.976989,1985125.74908,4.70508908724,1.0,[M+NH4]+
1735,242.018577832,68.199918,1582039.58026,2.69123920779,10,
1737,242.074753391,35.6989908,147152.655606,5.15244180038,10,
2877,275.138391915,898.21323,3455018.37214,5.07757258596,1.0,[M+NH4]+
1740,242.105396884,654.35265,182777.659282,6.04303027427,10,
1742,242.120573098,487.942914,153443.679376,5.80002146894,10,
1743,242.122931125,925.74396,31152.9935222,9.95180087044,10,
1744,242.118851585,172.616958,49429.8659606,9.564612623,10,
1745,242.141767629,880.57917,453626368.026,0.817795026602,1.0,[M+H]+
9642,435.223370111,522.760095,8181427.94972,4.41173053233,1.0,[M+NH4]+
1749,242.185963405,382.974993,2435550.88804,10.2584784023,10,
1750,242.607339133,48.103995,454016.753018,12.1816150943,1.0,[M+NH4]+
1751,242.629082389,60.586731,1183761.10597,7.26201866235,10,
1752,242.647213106,61.873107,183554.72948,11.8554352915,10,
1753,242.901459286,30.5592993,22051.47201,14.3302658891,10,
1755,242.964795926,186.58209,57214.3684336,13.9017726211,10,
1756,243.012606733,1762.2972,1927085.81351,8.66093420521,10,
1759,243.0658955,766.69806,313851.52121,8.13324334242,10,
5814,342.06042421,63.624798,4171247.95189,5.96051709031,2.0,[M+K]+
1763,243.087334074,807.98994,13754756.864,1.38262359573,1.0,[M+H]+
1764,243.089371006,511.197024,98306.1704902,9.51675828163,10,
1766,243.094850871,40.5376191,2765322.68181,8.54246598862,10,
1769,243.133647587,234.28506,7235061.52836,2.14651091461,10,
1770,243.120653456,79.540497,168939.755904,12.6776395537,10,
4193,307.222089173,741.40089,312883.738276,1.61066306335,1.0,[M+NH4]+
1772,243.146443524,854.20536,130756.484216,8.80245596721,1.0,[M+NH4]+
7601,383.165555542,45.1813584,43086895.4792,0.816256690028,2.0,[M+Na]+
7142,373.118976117,677.38461,208167.172716,4.72959299181,2.0,[M+K]+
1776,243.18314327,45.0275025,13962604.9502,4.24567625092,10,
1777,244.020621757,33.4419945,1142756.79179,14.8517893315,10,
1778,244.03353193,32.5943124,633137.808101,12.9829295404,10,
1784,244.107809644,296.831574,207440.289825,5.67517943662,10,
1787,244.090598075,807.96459,1732726.1166,3.08004807975,1.0,[M+NH4]+
1789,244.107856964,336.295515,560022.556343,3.50094677879,10,
1791,244.107747342,530.742096,92452.9507834,14.3116428869,10,
7188,374.1298174,669.26211,7918992.99893,3.82602424077,2.0,[M+K]+
1796,244.136993599,254.909424,868136.346724,2.76453018904,1.0,[M+NH4]+
1797,244.137469329,928.56894,34325.2953616,14.1511324231,10,
1799,244.167072205,1108.25637,181289.193092,14.9447292687,10,
1803,244.201679064,665.21058,2882302.11594,1.96127240587,10,
1804,244.577715514,61.76556,159226.418097,13.7581621058,10,
1805,244.64462441,107.233377,867835.252509,5.62666582491,10,
1806,244.657364094,241.003116,280702.416796,11.8823381582,10,
1811,245.026477751,49.3710405,225984.860562,14.344980089,10,
1812,245.032027766,166.068582,83103.6710191,8.95106987388,10,
5896,344.100316168,266.526123,3517824.55378,3.1593549783,1.0,[M+NH4]+
1816,245.083924489,663.5694,10353871.0185,8.71863927824,10,
1818,245.091817943,303.715446,3012716.86579,4.17676472742,10,
1819,245.097940902,46.2906234,4230110.31682,4.85383066938,10,
1821,245.120834986,89.901804,170733.726549,14.5975499842,10,
1822,245.137963247,523.768587,1840750.27896,2.66119813843,10,
1823,245.146318788,107.212692,114460.984214,7.09256913446,10,
1824,245.140967637,880.71174,1082808.46783,4.5390843137,10,
1825,245.160480754,83.638242,1297103.25757,1.36499793296,10,
1826,245.152496318,842.61402,3816358.22411,2.34834491891,10,
1828,245.185731051,262.596996,35031884.0626,1.53056359277,1.0,[M+NH4]+
1829,245.18572713,339.530709,182872972.18,1.81623904259,1.0,[M+H]+
1830,245.185684543,378.156483,44098875.3507,3.07724256909,1.0,[M+H]+
1831,245.1856783,313.404798,17243642.2804,1.42468941182,10,
1832,245.185506162,651.69282,4064488.98035,3.78211690942,10,
1834,245.197044904,300.961884,375656.468527,4.78697051903,10,
1836,245.201013244,1158.52146,652486.612067,8.54972424807,10,
1838,245.99543724,32.2782435,1283010.297,10.7447164135,10,
1839,246.047998432,33.4591773,385601.128702,3.27914078186,10,
1840,246.044407911,1033.24914,97323.3993955,7.37513492334,10,
3584,293.112723854,134.98845,3370014.59625,3.73530823239,1.0,[M+NH4]+
5905,344.133458511,80.040612,112293477.944,5.03344365082,1.0,[M+H]+
1844,246.055736076,681.41802,130631.979119,2.82207324515,10,
1846,246.081480572,613.68243,700871.060047,3.34960954871,1.0,[M+NH4]+
5854,343.044418946,81.656364,5140700.68182,3.43800670018,1.0,[M+NH4]+
1848,246.075814602,162.891588,461557.256497,3.68610193547,10,
1850,246.079230937,216.648045,333357.53008,4.58684265494,10,
7774,387.223331597,239.909799,20261679.5833,6.9474867523,1.0,[M+NH4]+
1852,246.090325799,89.89143,13158073.0563,0.815915175431,10,
1853,246.094702181,40.2021849,1047463.50279,7.13349844968,10,
1854,246.092540409,171.29709,371343.589018,5.99309080632,10,
6128,349.150240818,323.353041,4175086.67957,2.92415161034,1.0,[M+NH4]+
1858,246.125150539,806.86473,34969.8572622,10.8925576369,10,
1859,246.126701354,65.57055,901575.3319,5.46964100161,10,
1860,246.141256041,523.768587,208865.829574,4.65159694535,10,
1861,246.152008166,582.778944,75420.3727776,10.7188799861,10,
1863,246.156038761,39.6778698,4999453.7167,2.84159790861,10,
1864,246.15204977,1020.18336,1362712.87221,7.74582948779,10,
6525,358.206729174,356.250213,1409259.66057,4.07776798113,1.0,[M+NH4]+
1867,246.180995814,330.513705,9077602.77389,0.399733623895,10,
1873,246.217230031,722.86005,666530.087526,3.72394012239,10,
1874,246.242460708,1022.22102,68019048.3085,3.6205972466,10,
6798,364.826729773,35.9422269,187148.92827,12.6125347273,2.0,[M+Na]+
1877,246.951176866,35.4553047,2025151.96796,1.81867117497,10,
1878,246.979709281,1656.43503,32694664.1991,6.11738159069,10,
1879,246.979634678,32.9083023,1543880.25751,7.4644058252,10,
1880,247.004068684,35.1304974,14356061.1973,1.9231600238,10,
1881,247.015058159,33.7566786,4115209.37545,9.77305027889,10,
4966,324.078426561,740.67249,439228.789722,2.42576756223,1.0,[M+NH4]+
1883,247.060672763,654.07008,80109.6461609,5.47336902156,10,
1884,247.057659626,79.92924,527456.965601,2.95366362381,10,
1885,247.084075237,279.142998,4850448.36211,1.18801897878,10,
1886,247.084086798,290.997021,1948640.9304,4.77173859586,10,
1887,247.080581124,81.544863,1171457.99196,2.83596660579,10,
12081,507.180542748,59.4578652,460723.169146,11.0612182115,1.0,[M+H]+
1890,247.09133337,699.45294,403578.949561,4.55757641131,10,
1892,247.091267328,313.24575,76991.9834556,14.7637017302,10,
1893,247.107398943,391.391604,458136.592766,2.8254684289,1.0,[M+H]+
5454,334.186873905,664.24386,427664.253311,5.16217601376,1.0,[M+NH4]+
1895,247.102658032,86.490366,331985.969236,6.58381982797,10,
1896,247.110627572,601.96698,688895.228362,2.88980552275,10,
1901,247.173041035,356.691294,7567786.91465,1.31752427628,10,
1902,247.166979833,989.98224,215364.264494,8.77731928596,10,
2962,277.186748309,172.337652,1040683.70065,7.12234756367,1.0,[M+H]+
1907,247.915653362,35.7843657,145486.278132,7.71177450002,10,
1760,243.08348732,95.074875,246356.803337,5.77569108214,1.0,[M+NH4]+
1909,248.02892992,65.4687519,15108238.0585,106.462448305,10,
1913,248.086269227,239.909799,90464.9009029,7.35533988462,10,
13590,556.17299181,149.057769,9390664.7457,4.3543203589,1.0,[M+NH4]+
1915,248.080220797,46.4441058,7115686.63592,3.50702988476,10,
1917,248.094886346,768.68808,239855.423205,3.35981970221,10,
1918,248.095702981,60.730611,200728.120671,10.6584622562,10,
1920,248.086302244,89.89143,525005.597266,8.29026340369,10,
1921,248.111269874,391.254249,52320.2170422,6.9918546643,10,
1922,248.100326763,228.012735,354967.571145,4.48088506417,10,
1923,248.104356341,1055.41722,93106.11388,14.821592648,10,
1925,248.123881672,40.9846245,4038502.03957,3.66389553003,10,
1926,248.131280812,700.77192,738806.345982,3.74971048177,1.0,[M+H]+
1928,248.1408363,848.70258,2066207.89631,0.780017980417,1.0,[M+NH4]+
1929,248.148904814,64.747107,33339562.1727,1.04488847918,10,
1931,248.161759628,680.39715,551052.713845,3.50144665698,10,
6859,366.201969566,600.07515,32830413.8669,4.07769710858,1.0,[M+H]+
1933,248.161900225,801.81042,130648.491611,7.62494858389,10,
1934,248.198130331,1198.1472,738671.534915,8.6810536163,10,
5152,328.2141431,1150.8447,1562751.90756,3.17134458342,2.0,[M+K]+
1937,248.665465288,244.437114,2157829.50469,3.28028275199,1.0,[M+NH4]+
1939,248.909494983,36.1232448,2096086.14711,4.53449789085,10,
1940,248.966198566,35.6112903,2404496.10303,2.34808787263,10,
1942,249.012785777,33.7566786,1211263.68394,11.3374221449,10,
1943,249.016100398,430.810182,165264.278265,5.19691255429,10,
1944,249.027177651,88.086681,575456.610052,6.50711968836,10,
1945,249.029586389,59.7751143,2025287.12058,3.53122546998,10,
1946,249.045816491,35.0594118,100507.136562,5.59351072162,10,
1949,249.055276181,842.61402,413076.858718,1.88858163403,10,
1950,249.052117274,765.68508,119358.886732,11.8323761519,10,
1953,249.064268264,131.905584,82742.4897237,8.57415835976,10,
1954,249.079016814,601.43505,1168458.99721,2.97240832945,10,
1956,249.084170058,368.42865,82376.703456,4.92023881101,10,
17361,762.298737613,55.8111687,1790288.89682,5.46913987171,1.0,[M+NH4]+
1958,249.090148227,352.130526,74372.4610724,0.653654024993,10,
1959,249.126388076,117.37038,15991520.3842,7.49317116844,1.0,[M+H]+
1960,249.136118431,789.1647,260685.393927,7.67550018119,10,
1961,249.126525832,749.48745,178165.025114,10.6871728983,10,
1962,249.126469268,730.68426,155100.336058,5.19659104505,10,
1963,249.13408646,48.4375338,431509.203719,9.69528376135,10,
1964,249.148267942,922.59861,24132484.8411,0.292427195374,10,
8928,415.254645763,435.16206,18909094.479,5.80260433612,1.0,[M+NH4]+
12436,518.222937426,384.01443,5481282.05175,3.6349710239,2.0,[M+K]+
1969,249.184458549,1163.3814,53882942.85,1.34590046475,10,
856,199.047794123,113.698776,1832083.3173,2.13160578032,1.0,[M+NH4]+
1975,250.021993976,59.5278591,1378279.67228,2.65933904373,10,
1976,250.041444959,59.7751143,436687.93695,8.19366244491,10,
7589,383.043476413,102.670827,402063.24668,13.2700982265,2.0,[M+K]+
1980,250.059958588,33.4419945,988049.086042,9.3203522551,10,
1986,250.074019451,99.804558,58426.2448952,2.56900471943,10,
1987,250.092587979,39.9124914,4060057.87317,6.8891098536,10,
1988,250.110522006,629.17833,959427.106204,3.78318160931,10,
3665,295.128401315,139.784079,55031995.1873,3.55377374137,1.0,[M+NH4]+
1991,250.119913654,804.13803,194550.949718,4.49570157903,10,
1992,250.116130552,281.263884,57782.7611041,5.14171754328,10,
1993,250.1284289,57.2890452,1137984.63545,4.91799713159,10,
1994,250.13768143,848.70258,600030.253112,1.24762426019,10,
1996,250.151337518,797.52645,411656.173509,4.06855725313,10,
1997,250.139431926,56.0265447,894895.304485,6.7541447508,10,
2000,250.930817966,33.7733016,1750599.40461,6.90351131922,10,
2002,251.032296383,748.10202,144695.517016,5.51631036952,10,
2003,251.032215967,655.77795,109220.788766,5.74126874697,10,
2005,251.043405129,1656.61689,49392320.6352,10.0862115942,10,
6090,348.13322857,109.588572,6336886.18864,5.0253367111,1.0,[M+NH4]+
2012,251.077134356,277.097808,705221.155327,4.86999291381,10,
2013,251.08439632,900.6306,112405.075876,2.41320434584,10,
2014,251.090477968,624.71862,39994.1139616,5.98660615375,10,
2015,251.088718712,326.607519,125409.361145,10.0494709917,10,
2016,251.099878378,106.07358,741940.811514,5.58472898255,1.0,[M+H]+
2018,251.102376377,691.27128,147863.891397,2.77418059984,1.0,[M+H]+
2019,251.101049218,40.198164,1075854.19882,1.63404640442,10,
2020,251.112117601,80.687115,573769.058306,4.0580650646,10,
2022,251.142033046,731.96724,1219885.42819,1.31458776302,10,
3889,300.201316646,460.416939,30859868.0342,3.21381564829,1.0,[M+NH4]+
6479,357.23515479,847.46931,6231767.209,2.64236562954,1.0,[M+NH4]+
3675,295.164891342,308.242215,18362450.3537,2.39315387127,1.0,[M+H]+
2030,251.159554016,837.24852,135772.916207,5.283223735,10,
2031,251.211406494,936.72222,1627320.99912,10.6609945518,10,
11932,502.261559071,60.092991,28771601.0845,2.80736675663,1.0,[M+NH4]+
2042,252.097408093,92.612553,418132.998979,6.95374225916,10,
2044,252.126079012,924.54864,970803.709901,4.24704975103,10,
2045,252.126127934,768.19536,4721955.91112,2.39098749753,1.0,[M+NH4]+
2046,252.126085765,708.6006,2038409.71487,4.89096994555,10,
2048,252.126031474,818.66337,3626705.53352,4.08799353771,10,
2049,252.131527282,158.764455,816814.891815,6.71769255593,10,
2051,252.13381278,365.734902,66513.4007849,6.1167002192,10,
2053,252.144418921,285.680244,218033.372317,5.92170145694,10,
2054,252.156629803,743.43219,2786059.31904,1.16023937131,10,
2055,252.153459073,837.24852,586873.878547,4.46128429859,10,
2056,252.159149744,1137.93582,6672220.48156,1.30171590739,10,
2057,252.170120672,208.332858,114190.263794,10.910068175,10,
5882,343.266958436,833.60982,206697.323195,4.78220370579,1.0,[M+NH4]+
2059,252.193113829,997.76181,3554690.98966,2.00503170691,2.0,[M+Na]+
2060,252.206753151,669.88578,1582160.18442,3.09857302658,10,
2061,252.664065718,716.42592,108077.570937,13.6202064313,10,
2062,252.857379076,35.7843657,686766.269665,1.33243490114,10,
2064,252.9278569,33.7733016,520405.148534,2.00459650067,10,
2067,253.004020006,512.87796,307290.442125,3.81840937726,10,
2070,253.046985351,554.072388,253928.837159,4.40023646231,10,
2071,253.047705034,833.17944,90135.5564342,8.02158923034,10,
4456,314.091282011,273.647874,5769684.4009,1.78134737914,1.0,[M+NH4]+
2073,253.055674515,175.49934,36189.7758109,11.0239526974,10,
2074,253.068008102,402.170361,201266.927929,9.06581954585,10,
2077,253.092834158,255.964629,784281.550435,4.80942838536,2.0,[M+Na]+
2078,253.104430902,99.645456,28210.4714674,8.8304318827,10,
2079,253.089396161,35.0594118,65898.6512583,9.49425333515,10,
8871,414.234149571,114.837762,7624951.64549,5.45395148169,1.0,[M+NH4]+
2081,253.118199022,65.899047,12142186.0036,2.16273002399,1.0,[M+H]+
6158,350.101639663,154.901712,82279.5262366,7.26652670396,1.0,[M+NH4]+
2084,253.12952359,818.66337,371967.433999,6.57170751856,10,
2085,253.115625404,89.144568,968337.785401,3.21894210867,10,
5078,326.232124396,1176.10512,69887911.4085,9.60558741006,1.0,[M+NH4]+
12742,528.241819124,534.8016,1300989.76071,6.22943231473,1.0,[M+NH4]+
2095,253.157620248,886.67172,5148490.85614,4.60847833483,10,
2098,253.20992637,670.182,188569.077887,4.18250452246,10,
2101,253.657498272,568.222362,116836.777463,4.59750996867,1.0,[M+H]+
2134,254.982808821,35.6989908,9334894.43655,3.48209520242,10,
5895,344.100710511,42.336855,1993491.36147,6.94745562825,1.0,[M+NH4]+
2106,254.051160347,100.83543,381735.781812,6.43987412574,10,
2109,254.081768166,560.430858,105855.330749,7.163007679,10,
4973,324.155078873,162.201771,7042915.72062,2.44402781205,1.0,[M+H]+
2111,254.096180072,255.781491,65859.8847924,7.12763901669,10,
2112,254.10547412,504.207483,142052.527555,6.86562883581,10,
2114,254.120623491,536.426115,136313.747162,9.55677960728,10,
2117,254.132463413,271.926612,48939.4516384,4.50384092101,10,
6305,353.240601313,752.81982,383427.093284,3.41174253087,1.0,[M+NH4]+
5437,334.121270853,237.975144,107844.17829,6.67057252405,2.0,[M+K]+
2122,254.150780465,922.275,2227697.92445,2.06942460326,10,
2126,254.173016986,643.2513,227618.592476,9.63522299449,10,
2127,254.186000547,390.069057,7655890.45053,7.93418837513,10,
2128,254.215265869,43.980699,177784.046438,13.9542778615,10,
2129,254.24754393,1266.87432,11110984.4431,6.5611370144,1.0,[M+NH4]+
2130,254.854602018,35.7843657,527572.269902,4.17356380633,10,
2132,254.933227131,33.1285554,323263.66747,12.6743284349,10,
2133,254.961128817,33.7733016,717415.767868,6.74646750585,10,
2135,254.995826505,32.5943124,3033059.52815,1.57750053585,10,
2136,255.035014443,394.787733,129910.892369,11.411500348,10,
2138,255.063214414,829.45185,5678721.49503,0.680055998285,10,
2140,255.066053185,813.04344,144003.409616,10.3687358713,10,
6513,358.116231524,60.586731,16434097.0045,3.57391846506,1.0,[M+NH4]+
2143,255.093111373,849.05448,117244.770239,8.67549790785,10,
2144,255.110116865,532.440213,205999.814673,5.67074508629,10,
8158,396.239410991,387.516915,94946.0561806,12.7408437755,1.0,[M+NH4]+
2149,255.125307366,858.309,416980.629518,4.40079457543,10,
2150,255.145184432,945.68292,10939280.0211,1.64394638252,1.0,[M+H]+
2151,255.145238494,933.78858,7427056.38714,2.00838253597,10,
5727,340.159933476,46.5080778,12908810.1966,3.583092828,2.0,[M+Na]+
2155,255.169875843,607.74075,1091087.16209,2.6721438507,10,
2156,255.169816692,649.56747,6546498.41825,4.90893521928,2.0,[M+Na]+
2158,255.181075979,562.128234,80054.412106,9.61669376222,10,
2159,255.189335099,394.605042,1055937.89575,4.1300986782,1.0,[M+H]+
2163,256.046493468,46.9386018,1508427.55411,3.68813583958,10,
2164,256.039813427,900.68337,88386.2518859,10.2916204447,10,
2165,256.074771453,186.55896,136018.894725,5.39032617798,10,
2167,256.087957554,104.181564,55352.2177648,10.7348205882,10,
2168,256.097294213,732.08136,117099.147904,10.1510786486,10,
2169,256.097375582,686.43885,21388.3054446,13.6420549295,10,
2170,256.097319287,660.86874,61621.176205,4.57355771846,10,
2171,256.105409395,281.537373,49175.506416,9.04525603404,10,
2173,256.121032372,634.50807,478339.554755,3.72130178292,10,
2174,256.123465122,772.73472,85707.979529,8.65802862021,10,
6603,360.139490241,74.843799,3633555.11536,4.10522557186,2.0,[M+Na]+
2178,256.126741925,35.6112903,961764.933835,4.34451083614,10,
2580,267.133552291,188.291163,10105437.7734,1.40603998102,2.0,[M+Na]+
2180,256.134337258,87.985422,737441.422762,1.44799775346,10,
2182,256.13751616,945.837,4507755.69354,0.662719188067,10,
2183,256.13758321,933.6771,3056151.50431,3.02983502893,10,
2184,256.136097295,645.25944,3752312.33838,0.0203276428562,10,
2186,256.165233771,304.058886,1313695.21533,2.68562959782,10,
2187,256.161973434,788.51334,2300827.37891,2.74098366005,10,
2189,256.610236498,142.894638,204779.768521,4.46036019853,10,
4808,320.883859986,35.4553047,472091.793572,5.29467124502,1.0,[M+NH4]+
2191,256.873720416,35.0433501,126151.814783,7.59053719686,10,
2197,256.964130532,1785.38904,1577031.72029,7.50637823511,10,
2199,257.021585027,733.00107,205522.750455,2.82563232939,10,
2202,257.08153563,877.49358,10119352.9218,0.442109411422,10,
2203,257.08142164,707.74773,854806.241624,4.81422182141,10,
2205,257.081378062,857.87481,48925887.085,2.82688168595,1.0,[M+H]+
2206,257.067774261,842.76447,268160.776244,8.27571103267,10,
2207,257.081395659,818.66337,579791.127373,7.37842305319,10,
2208,257.076276644,79.066677,228562.666351,11.6522130312,10,
2209,257.08386161,686.78445,179668.401865,13.1683444289,10,
2210,257.075543103,580.13502,106087.014207,10.2124236403,10,
2211,257.099156985,285.345,2070073.40779,4.63997506845,2.0,[M+Na]+
2212,257.093302705,925.53942,124504.897756,7.2292418472,10,
6092,348.129249594,171.298341,511339.736783,7.87557951999,1.0,[M+H]+
4322,311.082857034,740.73156,1357299.85567,3.37713352113,2.0,[M+K]+
8860,414.156316101,105.952596,200992.198691,2.55530610485,2.0,[M+Na]+
2877,275.138391915,898.21323,3455018.37214,5.07757258596,1.0,[M+H]+
2219,257.128205312,961.71618,48143150.369,2.64877468754,10,
2223,257.168967006,975.39525,155942.319164,3.18072188564,10,
2225,257.222155538,755.19321,1082989.85027,2.43312236508,1.0,[M+NH4]+
2226,257.634143683,63.674694,104224.881021,10.1352036299,10,
2227,257.931937071,1611.77145,1545315.18499,5.52875663887,1.0,[M+NH4]+
2228,257.932101624,30.730473,670615.32751,4.00488661404,10,
2232,258.042779716,111.289932,180805.259432,8.68052703179,10,
2233,258.036609503,33.3746646,617531.118505,5.94003729577,10,
2235,258.062360908,842.8926,121688.699222,5.09006466632,10,
2236,258.084839474,818.36124,23384.5489732,10.8253922527,10,
2237,258.094525434,61.765293,4086789.7257,3.7246402971,2.0,[M+Na]+
2240,258.115474819,798.80442,452616.831143,6.53680435941,10,
2241,258.113070137,921.9501,19799277.0544,0.938254003508,10,
2244,258.130882706,50.8841067,40444809.9111,0.886412799642,10,
2246,258.136956914,792.17652,298878.703654,7.09438291856,10,
7726,386.170612933,415.179216,281502.880671,8.43829363584,2.0,[M+K]+
2248,258.149948766,42.0226704,3300570.15885,6.45334417871,10,
2249,258.15982227,393.956178,284916.227741,10.0073132478,10,
2253,258.217363459,493.825998,329940.329129,2.66701125115,10,
2254,258.242542984,1226.45403,30142147.9851,5.280880928,10,
2255,258.253463751,1158.61539,575537.224405,9.65426253664,10,
12389,516.313480412,313.151898,1113572.34203,1.81273469961,1.0,[M+NH4]+
7123,372.858323672,36.3767976,307391.252999,12.9024001409,2.0,[M+Na]+
2258,258.870900709,35.0332437,137760.853744,8.60818446225,10,
2262,258.997209609,1691.20653,2679959.85684,13.7529711513,10,
2264,258.997235769,1774.60404,1043458.91858,5.66147990411,10,
2266,259.072045035,59.7751143,1181280.1829,4.60344254986,10,
7042,371.111444215,251.092857,559944.26456,4.38470674455,2.0,[M+K]+
2271,259.097481992,62.395941,380165.317936,6.73644209694,10,
2273,259.093566244,913.19046,564357.073321,4.93894355285,10,
2275,259.092048687,213.036732,128826.812066,1.71074331717,10,
2276,259.099505074,755.19321,363420498.584,1.17026328403,10,
2277,259.099752041,967.19226,774904.733497,3.67236657831,10,
6055,347.148508954,706.16394,498448.053881,4.33612205177,1.0,[M+H]+
2867,275.099837433,114.518214,439975.978102,4.04771286915,2.0,[M+K]+
16820,710.384176385,769.73001,443217.082957,4.02844293948,1.0,[M+NH4]+
2283,259.107487453,424.269552,41559.7637248,14.468457323,10,
2284,259.134677408,961.82964,453666.778496,2.41818488498,10,
2285,259.143748099,924.1551,2601506.88302,4.41801060902,10,
2286,259.15836609,775.82346,21116.2386658,12.3755106573,10,
2288,259.164921658,255.206862,1010204.63254,2.5701195685,10,
2290,259.190061831,1394.82303,9281777.12922,1.99559133388,10,
2292,259.220435833,751.17282,108941.552989,7.61921485734,10,
2293,259.212445463,417.334932,57175.6836165,6.71720142295,10,
2294,259.23753718,779.59827,235176.236651,2.48977132375,1.0,[M+NH4]+
2295,259.237213316,1158.52146,847379.468964,5.47127994087,10,
2296,259.65759935,564.213114,539131.661503,7.27747334399,10,
2300,260.019259496,903.46548,130549.776448,10.5234912444,10,
2301,260.026869759,37.3787451,7139580.84545,3.08136369026,10,
2303,260.05845801,300.222942,11605014.2165,0.624246245924,1.0,[M+H]+
2304,260.060693983,805.57815,44170.5783321,13.8502335092,10,
2305,260.046657853,33.4419945,1524766.85516,1.84742278186,10,
2306,260.054005582,423.924798,75559.8083535,11.5108369721,10,
2308,260.069583786,93.095625,193976.728561,14.7460690192,10,
2309,260.073825527,924.98088,131769.022751,12.0510079944,10,
2311,260.071215969,832.2387,97508.6556701,4.88945468383,1.0,[M+NH4]+
2316,260.110350256,339.773778,106123.510347,3.35220984151,10,
2317,260.106027353,118.701072,425308.31879,5.64329614316,10,
2318,260.117407328,844.10181,203662.50987,3.0227743456,10,
2320,260.115918182,510.898578,98288.7671992,8.66199629742,10,
2321,260.128910659,960.51513,1824663.85687,4.23508752405,10,
2323,260.129684378,36.0168684,437634.370573,6.27853461222,10,
2324,260.128785103,975.74538,2013247.68659,3.55238297782,2.0,[M+Na]+
2325,260.125319232,672.03078,56949.6179488,12.7925853092,10,
2326,260.139030918,568.411689,253474.232266,3.60629127455,10,
2327,260.13346912,520.398345,81168.3191397,11.2246585692,10,
2328,260.142419788,334.254012,63300.0231508,8.71046537187,10,
2329,260.160188246,121.305459,16568444.6948,3.88499309869,10,
2330,260.160236623,144.251016,8748923.50555,1.98575271489,10,
2332,260.160110662,107.552076,7085722.85888,4.5617691044,10,
2334,260.167702527,1081.63932,72558.4588575,4.97469691568,10,
2336,260.161883987,971.33406,72114.6220098,8.52815697684,10,
2337,260.185314171,516.610422,6394772.13536,2.99921457027,10,
2338,260.185347643,541.316469,20118608.0949,2.37073445982,1.0,[M+H]+
5496,335.253402577,928.23114,487580.424833,10.0226094766,1.0,[M+NH4]+
2341,260.196390322,757.17984,1552015.57136,2.09955397461,10,
12446,518.25818117,158.775165,251371.195802,1.63768406362,1.0,[M+H]+
2344,260.232808236,832.8396,717767.834754,1.34258481451,10,
2345,260.927985636,35.4553047,4449783.4892,1.83581696152,10,
9976,445.107247705,648.68697,184358.166548,2.14275015051,2.0,[2M+H]+
2349,261.002000734,33.4419945,1223552.33744,8.74146465097,10,
2350,261.031736124,776.67294,299314.106939,1.80821767766,10,
2351,261.03071066,33.4419945,43452622.1286,1.50058425598,10,
2352,261.052098647,613.68243,819073.092036,5.647517455,1.0,[M+H]+
2353,261.054270029,265.773,2115258.36511,3.51026504514,10,
2356,261.075096099,748.26969,287841.287209,11.3505447505,1.0,[M+NH4]+
2357,261.084492694,691.24041,716349.020768,1.10897052803,10,
2358,261.076345855,654.6414,79382.2057508,13.8481088765,10,
2359,261.076464289,530.769336,80386.1519846,7.62834640805,10,
2360,261.095882155,707.63535,347802.245524,9.40176507649,10,
6578,359.228376633,204.250224,4737004.87979,3.47477826836,1.0,[M+NH4]+
7012,370.176944262,178.799838,344453.727392,3.38698571862,1.0,[M+NH4]+
2364,261.104357191,825.35214,141003.332144,7.6733975017,10,
2365,261.103317755,788.48808,1881029.20582,3.31475498251,1.0,[M+NH4]+
2368,261.113062733,1001.80239,328302.756483,6.06372081204,10,
2369,261.115525973,644.5917,34414.1595009,7.15742681014,10,
3711,296.152216849,780.27288,20173547.2052,3.68383121081,1.0,[M+NH4]+
2373,261.144109434,473.518962,2681685.44108,3.63752095978,1.0,[M+H]+
8311,400.200908366,280.204878,204754.020727,9.887472256,2.0,[M+Na]+
2375,261.157318555,957.44022,68618.9193162,11.2276904105,10,
2377,261.16349135,359.724414,32434.1447077,2.48049548599,10,
2380,261.191510634,270.611244,552606.244221,2.91130963494,10,
2383,261.25328937,922.59861,204141.400218,11.6859373038,10,
8609,408.126135722,53.728611,92237028.0364,1.76674191877,1.0,[M+NH4]+
2391,262.068390156,748.24332,1256999.45413,3.27212690033,1.0,[M+NH4]+
2392,262.067543557,237.166359,1056225.80186,2.029058771,10,
2394,262.074307904,64.58955,420268.808416,13.3396182423,10,
2977,278.064578077,96.573627,964545.968479,5.97308834738,2.0,[M+K]+
2397,262.095193516,46.4441058,1168049.46205,6.2733871845,10,
2398,262.086962865,833.05239,1664592.28437,6.07929235256,1.0,[M+NH4]+
2400,262.118333241,303.658701,6466324.30073,1.54764781378,1.0,[M+H]+
6263,352.186289311,366.851367,32110003.8003,4.00343027239,1.0,[M+H]+
2402,262.114239721,844.25055,116934.680032,12.8162628957,1.0,[M+NH4]+
2405,262.118421963,384.742044,114392.764431,2.59693310303,10,
2409,262.154673135,678.70422,276305.994662,4.54904418889,10,
2410,262.154694235,524.763096,162485.45801,10.8109168179,1.0,[M+NH4]+
9248,424.210883329,39.9124914,1541372.89674,2.75352712286,1.0,[M+H]+
5992,346.124047252,69.290184,5843345.89413,2.84332653892,2.0,[M+K]+
3084,280.237861468,865.31223,10289519.598,1.4652105062,1.0,[M+H]+
2414,262.237355291,1032.94329,19794030.38,2.45705610385,10,
2415,262.237324016,883.59855,16264129.4071,4.06637869599,10,
2417,262.618968194,60.252486,637499.261634,10.7078794971,10,
2420,262.887551619,30.4576101,334064.591976,3.78818253843,10,
13189,543.015439307,593.696256,98788.6505858,11.4265345464,2.0,[M+Na]+
2423,262.981682442,35.0332437,14362172.3011,5.1757991386,10,
2424,262.99192099,33.5488449,2353615.83508,6.9866609553,10,
2426,263.04246385,80.88606,485703.473199,7.22358351809,10,
2427,263.061380579,171.471525,48577.2982978,14.27572219,10,
2429,263.069196497,119.576889,267369.406056,1.91776689981,10,
2430,263.065392709,699.45432,116960.470059,13.3230052809,10,
2431,263.081182272,1079.70738,14553756.1442,5.95784929152,10,
2432,263.074753628,230.795799,32497.6145764,10.8472755752,10,
2433,263.076344767,86.709924,251076.002475,5.88266960593,10,
2434,263.095739425,578.637852,9467059.55126,2.30154117016,1.0,[M+H]+
2435,263.091985499,526.454592,58249.1655465,10.9369749293,10,
2439,263.102186234,162.891588,378841.345385,3.29516086833,10,
2440,263.100447041,789.28899,978857.882791,2.65578952768,10,
5733,340.178532878,990.00645,5430529.25982,6.31116416538,1.0,[M+NH4]+
6129,349.150270517,296.789445,3647267.16553,5.84925405193,1.0,[M+H]+
2447,263.142105502,276.123621,7562049.876,8.35823278841,10,
2448,263.138570008,718.72356,12586425.3942,1.03585332453,10,
2449,263.1422778,251.30949,4478382.44567,7.340017685,10,
3671,295.158086054,565.716732,299938.48131,2.20857437534,1.0,[M+H]+
2451,263.148517748,523.787208,137040.319779,2.49644208504,10,
2453,263.149910951,265.773,15938500.5215,2.75241764193,10,
2454,263.179230547,69.290184,1168715.84446,6.17349057589,10,
2455,263.180813462,1066.50342,96776.5068424,13.700171909,10,
14067,571.380918357,607.16817,88734515.8021,3.80203949573,1.0,[M+H]+
2458,263.618230497,107.59269,206703.906434,7.35937141306,10,
5602,338.011939292,113.998452,1162949.44673,5.18843603782,2.0,[M+K]+
2462,264.054052416,148.924038,45333116.4285,1.52441709425,10,
2463,264.05342907,425.499513,49960.8926206,10.8094105879,10,
2464,264.066101169,740.81949,124135.610092,11.0194292141,10,
16569,692.296372019,67.153299,5298304.34142,3.06301943183,1.0,[M+H]+
8298,400.103907488,36.7270446,81923.5766939,11.420585243,2.0,[M+K]+
2467,264.06294368,600.68976,92761.9902228,3.47988037945,10,
5629,338.170439102,227.889612,1568810.52388,4.21841983167,1.0,[M+NH4]+
2469,264.083929527,833.05239,585727.063976,2.45770912902,1.0,[M+NH4]+
8147,396.17741833,566.380776,171982.803036,3.04966579862,2.0,[M+Na]+
2472,264.089829643,291.629448,128671.314863,3.94876649578,10,
2474,264.110656507,172.686714,430374.469589,4.18875761704,10,
3549,292.128732236,241.965174,21064536.7129,2.78934346191,1.0,[M+H]+
3072,280.128942477,256.507863,4870603.14078,3.02104826836,1.0,[M+H]+
2479,264.191235881,240.08124,103186.976118,6.55909345222,10,
2480,264.195450725,696.01137,3477620.19875,2.3186818691,10,
2482,264.844290752,37.4833713,851028.038936,9.26874184615,10,
2483,264.852279951,36.3767976,200499.413552,10.9312031626,10,
2486,264.972639327,38.0368635,523237.458647,14.23722714,10,
2487,265.004687324,88.086681,2380136.51647,0.609400739672,10,
6726,362.994665635,748.25529,123457.096873,3.55731862907,1.0,[M+H]+
2492,265.04696291,429.872568,419078.018016,5.46472903948,10,
2493,265.052552038,59.4578652,970495.043238,9.8121481646,10,
2495,265.047084721,378.455574,26288.4934648,11.3217931343,10,
2497,265.069447787,39.9903093,90260909.2447,0.790031366644,10,
2501,265.104331683,61.281357,295339.763911,10.0441264211,10,
2503,265.121123848,768.68808,138457.176977,11.8799461496,10,
2504,265.115761602,144.768324,48363.4077634,9.5691917444,10,
2505,265.130980788,434.147496,1098682.17547,2.00719951484,10,
2506,265.127719596,94.788897,70149.4207775,1.42833346204,1.0,[M+H]+
2507,265.129141187,469.070025,9684398.66175,1.65890044886,10,
2508,265.129048293,64.626312,501260.948416,5.38504475221,10,
5274,331.078514742,276.466059,621250.076008,0.355863452135,2.0,[M+K]+
4469,314.16277232,930.51345,2048909.62375,6.84811911438,1.0,[M+NH4]+
2513,265.156114377,1071.98616,13523595.0162,14.3953208533,10,
2514,265.175345573,40.8506847,1471436.35253,9.82571967142,10,
2515,265.188339195,874.87893,493795.351331,3.60844257713,10,
6890,367.142486164,1019.84442,187741.580687,9.26838508242,2.0,[M+K]+
2519,265.624336821,46.192704,187187.781598,11.1601228366,10,
2520,265.639477116,542.31285,86616.3679379,4.64227273769,10,
2521,265.668157993,298.552077,98745.6938162,10.449894114,10,
18423,941.878038187,31.0862196,52818.1778182,4.84433008167,1.0,[M+H]+
2523,265.95674867,35.3565531,204552.613205,9.49869417651,10,
2525,266.018888468,59.7751143,2050842.8921,3.05034424569,10,
2526,266.030292654,748.35342,91667.1133609,14.4809012053,10,
2528,266.051226718,766.70439,328658.161128,4.4891000369,10,
2531,266.080310229,109.461336,77889.2764137,11.1741448587,10,
2533,266.082592561,220.209981,116310.874198,7.53200761259,10,
13804,562.191511497,149.07696,2021751.93478,9.93430107693,1.0,[M+NH4]+
2535,266.089735439,281.885376,50377.4793388,14.6035031236,10,
14503,587.260600901,35.1304974,232251.673261,7.58701850628,1.0,[M+H]+
2537,266.106534027,800.78259,430544.461915,5.36990886089,10,
2538,266.123023603,42.8706246,2501180.09533,1.04172547061,10,
2541,266.147491857,63.691296,11440012.6346,4.06239097214,10,
2542,266.147196736,41.4548715,12037899.0584,5.27563675222,10,
2543,266.141717355,958.85295,454951.739327,5.38183309371,10,
11696,495.226691175,676.88358,3685648.34351,4.78137578707,1.0,[M+NH4]+
2546,266.151374188,995.28309,16482495.3723,3.38524725266,10,
2547,266.159129251,41.5560606,5517499.49838,4.91781423079,10,
2548,266.170648376,55.9530438,183650.20797,10.0765934003,10,
2550,266.1880859,1238.6901,95191.6438908,4.908688822,10,
2551,266.222196796,849.84048,17270510.8379,2.12564466574,10,
2552,266.222380602,693.312,461795.98826,0.942293804224,10,
2554,266.849369098,36.380901,199339.714984,5.17172516397,10,
4904,323.006352955,766.36317,131168.893637,8.30810458378,2.0,[M+K]+
2561,267.060009614,613.68243,1785127.18093,3.40450731479,10,
2563,267.055994176,546.628308,50381.5890126,9.86517896588,10,
2564,267.073845968,106.07358,172029.632287,2.92074107011,10,
2565,267.063342281,814.41441,4575203.61065,2.17381982738,10,
2567,267.062652124,326.585661,59268.5533616,7.72015986273,10,
2568,267.077065992,313.116444,491761.480857,2.28351366276,10,
3184,283.05090121,283.994382,489107.589512,4.9563067649,2.0,[M+K]+
6322,354.147733596,436.609809,495485.112983,10.4527475157,1.0,[M+NH4]+
2573,267.098845432,940.6749,90749.3566511,13.1736450312,10,
13914,566.26381088,695.32425,1376539.74023,3.34464438386,1.0,[M+NH4]+
2578,267.11804006,274.979901,89364.8425261,7.69712206129,10,
2579,267.133524961,135.335325,15564654.982,3.26452009187,1.0,[M+H]+
2581,267.132996817,1075.62486,117417.623785,12.1369314505,10,
2582,267.14483564,351.83484,19325285.8345,1.56941724009,1.0,[M+NH4]+
2583,267.146566277,783.71184,333527.399562,1.28055520421,10,
2586,267.171640262,1180.17279,17729636.6436,3.06603068766,10,
2589,267.171491315,1161.29634,38499195.5929,1.26435179171,1.0,[M+NH4]+
10026,446.260494231,279.813762,16663475.2987,3.660672985,1.0,[M+NH4]+
16732,703.361481689,289.692435,363814.5296,3.03284278793,2.0,[M+K]+
2595,267.225416106,773.37504,111706.085805,6.72790292138,10,
2597,267.997274257,33.0613479,3592523.80777,4.01301604788,10,
2599,268.020044989,394.701351,213532.762163,13.4522321974,10,
2600,268.010777587,34.6421058,820489.149122,12.7116068115,10,
2601,268.045813735,832.8396,69942.2086917,7.99342992663,10,
3992,303.11023038,356.250213,790466.784518,1.8849326701,1.0,[M+NH4]+
2606,268.072283705,239.936883,87173.6614108,6.97258178445,10,
2607,268.066306412,34.8075594,278097.2856,8.91806540391,10,
2609,268.066860425,867.58926,539126.248364,6.07188919931,10,
3267,285.102715497,849.72588,170563.692181,5.2206002134,1.0,[M+H]+
2612,268.080349395,313.058046,32936.355736,14.5081029284,10,
6156,350.098206554,876.59223,557500.311192,2.60553533705,2.0,[M+Na]+
2614,268.094197059,436.387842,106632.103024,2.64384427527,10,
2615,268.094213021,119.093826,135178.194054,10.7305432028,10,
2616,268.10371959,261.11856,42605075.7343,1.60179130404,1.0,[M+H]+
2618,268.117510011,751.62549,92168.7868828,11.664462308,10,
2619,268.121116067,401.149176,260202.831241,2.3849474226,10,
2621,268.113618076,695.84634,36748.5110033,7.46341502014,10,
2622,268.121061167,435.422814,180813.818309,7.24019327023,10,
2623,268.126537165,349.768641,286370.146984,4.09468912664,2.0,[M+Na]+
2624,268.130478257,531.0891,3295184.33355,2.19367043999,10,
2625,268.138509313,80.687115,2747430.54561,2.97160193172,10,
4290,310.139456128,160.158834,290127.385559,3.64009999298,1.0,[M+H]+
2630,268.157430322,809.79798,293394.2323,2.92477168164,10,
9432,429.281519111,262.153938,3118935.64119,3.21222830069,1.0,[M+NH4]+
2639,268.201559561,742.69839,206686.640579,7.2500509066,1.0,[M+NH4]+
2641,268.941392624,33.7566786,1612578.67657,5.45404181272,10,
2643,268.998034447,1028.74002,11134068.7167,3.99033946731,10,
2644,268.998061005,956.9883,10640691.9368,3.2899831396,10,
2645,268.998113807,983.2134,23757222.8529,13.0307991212,10,
2646,268.997958147,900.75312,6626200.24982,8.14980668366,10,
2648,269.039558746,38.0368635,596454.202324,9.63303601814,10,
3254,285.018655311,92.726808,117566.636661,6.54556240065,2.0,[M+K]+
2653,269.074096631,60.411426,973610.014481,4.90719539192,10,
4034,304.113438726,81.656364,2190289.42186,5.73320804656,1.0,[M+NH4]+
2655,269.07895459,928.56894,23573711.7192,2.55728656679,10,
8696,410.186660981,893.75874,821968.016874,9.80469960087,1.0,[M+NH4]+
2657,269.089425431,89.042682,817348.493737,3.10715412603,10,
2664,269.124738364,334.210458,36547.6836065,7.15667943024,10,
2665,269.141764961,80.687115,241449.562687,10.7073014868,10,
6617,360.2068832,49.9322325,884252.814192,2.47391658591,1.0,[M+NH4]+
2667,269.160425053,116.400402,38181969.2486,1.63108618552,10,
2668,269.160453616,63.994182,27353632.8906,2.07174911036,10,
2669,269.152603109,599.257104,59513.1124609,12.1998758475,10,
2670,269.160365185,520.756962,65486.6018231,9.55499714894,10,
2671,269.152660782,749.16366,412213.64724,1.84533809236,10,
2675,269.233146115,789.1647,2085438.55577,2.73097975055,10,
8369,401.261320829,895.22028,5122955.06661,1.98597518721,1.0,[M+NH4]+
2677,269.232975603,926.19864,117414.741366,4.34269549186,10,
2678,269.599150981,45.869166,185233.817458,13.096350963,10,
2679,269.92585093,31.5225996,1377383.27232,3.62851269182,10,
2681,269.974104437,113.355318,60279.7029067,5.13045728803,10,
2686,270.0310517,33.6890376,1094502.48081,4.91333932774,10,
2688,270.06041642,31.4398557,52180.6122782,3.35858170095,10,
9309,426.092754519,126.840018,3483624.91651,4.71102284284,2.0,[M+K]+
2692,270.100370503,420.610887,155238.768797,3.05124900907,10,
2696,270.113056784,930.45936,36174.3538805,10.7420158161,10,
2697,270.116278449,356.35641,20603.0189556,4.48823398042,10,
2702,270.145615671,643.40883,139021.970104,10.2264926165,10,
2704,270.152064296,753.81975,107268.410919,14.5641654906,10,
2705,270.155836407,801.13305,105124.693546,3.09460789589,10,
2707,270.150167986,381.613422,33521.9144849,14.2147979235,10,
2708,270.172997702,1032.99834,4215442.82441,3.79403148712,10,
2709,270.16357158,63.890676,3320658.73913,2.0983351431,10,
2710,270.21712731,803.89269,790271.720004,4.31405620083,10,
2711,270.217181174,947.36958,112447.234367,8.84301072868,10,
2713,270.278850656,1231.56012,58686691.2114,1.23732241979,1.0,[M+H]+
2714,270.607730407,59.9496684,2681461.27334,7.15719755661,1.0,[M+NH4]+
2715,270.638519688,351.18777,61274.0395892,8.06584012767,10,
2716,270.797419875,36.3605526,315260.641919,8.16795783537,10,
2717,270.828633298,35.6832411,192673.554447,12.502884634,10,
2718,270.910872498,33.2216829,710186.332064,13.0979408835,10,
2719,270.938439543,33.7566786,508164.176185,7.68658885571,10,
2720,270.956706303,35.7843657,5290631.62366,5.16769343078,10,
11744,497.126258827,31.7845965,53005.5239807,7.03769713082,1.0,[M+H]+
2724,271.057505124,384.739422,101284.720568,2.35750923509,10,
2725,271.077425515,39.8301045,71421052.5128,1.30587531305,10,
2727,271.105100972,247.831431,2841340.49056,1.59082040709,10,
2730,271.124316114,426.906426,41521.3324071,8.28851811218,10,
2732,271.144035329,936.80529,1159836.8574,1.43742893941,10,
2734,271.168242611,809.65659,416776.153707,1.44634320387,10,
2735,271.168364806,747.4647,210011.148018,6.37092506233,1.0,[M+H]+
2738,271.22021164,803.83404,65307.1316313,1.2095021314,10,
2740,271.690334004,611.91693,307054.249626,5.03138015202,10,
2743,271.992337691,33.1321998,802321.057128,8.89537400608,10,
9567,433.130683016,40.8279981,733002.674816,13.85861444,1.0,[M+NH4]+
8575,407.110941062,50.9379174,594353.383045,8.70907108154,1.0,[M+NH4]+
2749,272.071301382,790.17651,169029.671793,2.52670642504,10,
12470,519.166186401,39.8895579,9897994.67049,4.42404019033,1.0,[M+NH4]+
2752,272.107487443,260.362626,545826.271405,6.79081447147,10,
5242,330.176555854,208.620738,456008.290093,2.56252630328,1.0,[M+H]+
2755,272.131293586,456.505974,76480.2633059,5.66906215463,10,
2756,272.152330961,923.51322,1442443.1004,2.97553984155,10,
2757,272.153356037,56.273295,10255404.176,1.81196963174,10,
14542,588.375243021,876.26415,14376135.3712,3.7316203409,1.0,[M+NH4]+
2762,272.165538073,355.278654,1008049.88621,7.39499183767,10,
2763,272.171320549,52.0766196,132892286.935,8.87264683353,10,
2764,272.171753734,933.59199,8169964.70978,2.05406274352,10,
7850,389.217884413,560.461788,12012298.8511,2.47459977776,1.0,[M+H]+
2767,272.175416805,726.39156,57990.6369345,12.0426907666,10,
2768,272.196386432,334.166904,32038.9010214,7.23340598021,10,
2769,272.232769676,617.7135,94598.9682767,10.6760142303,10,
2771,272.609196749,260.362626,95116.4880894,10.4134496152,10,
2772,272.647107332,596.451555,72731.2867437,7.05894280275,10,
2775,272.914916779,36.9024891,2006134.66848,8.26953872171,10,
2777,273.013283603,33.4419945,26953268.4508,1.87598720383,10,
2779,273.012814094,1756.77504,978944.117278,4.52768928717,10,
2780,273.043232611,38.1151194,532138.879464,14.0113056869,10,
2781,273.046040752,925.20246,66610.702234,9.18071587983,10,
2782,273.059000886,277.097808,652744.371126,2.6184163905,10,
2784,273.055320842,708.32064,347551.483302,4.54043299358,10,
2785,273.055372852,818.69976,127346.709636,14.4549473317,10,
2786,273.074063374,204.913734,196612.436775,7.9609611368,10,
2788,273.073090781,285.519747,985385.61075,5.5755899035,10,
2790,273.079784681,35.6832411,2051983.03875,3.67751714406,10,
2791,273.094070796,72.431865,688246.817909,8.7426684542,10,
2792,273.106912278,621.76683,1022674.63537,2.75866896702,2.0,[M+Na]+
2793,273.10780249,41.2382304,1153063.58855,3.08532875709,10,
2794,273.101177422,512.920392,225806.172546,5.60741335387,10,
2795,273.120531821,461.125569,33751603.7201,2.41226708436,10,
2799,273.144192879,593.051994,162018.79582,5.91066314519,10,
2800,273.155306297,273.246636,188450.572999,7.92010353084,10,
2801,273.155573794,753.21747,778724.55481,4.03375152798,10,
2804,273.155628279,719.84616,96213.5320195,12.7488139313,10,
2805,273.16821084,46.1286099,1892894.54539,6.71737489435,10,
5587,337.21178981,1203.85068,25458369.8733,4.76281208192,1.0,[M+NH4]+
2807,273.174416091,554.277738,41702.6914637,4.32259384745,10,
2809,273.188864136,981.177,88139.5839117,6.16500883414,10,
2810,273.205701742,1237.58274,8777025.65935,0.942186794327,1.0,[M+H]+
2811,273.225714196,986.25477,85705.3839355,6.02797296562,10,
2817,274.058932177,858.10782,1091502.31427,3.05898562272,10,
2819,274.062247609,33.3746646,591378.960768,8.87730867529,10,
2821,274.097290389,80.88606,334351.36016,1.5371170556,10,
2823,274.106965471,764.6502,234124.512545,7.14061457247,10,
2824,274.118252574,447.252753,95886.3987121,7.71539539561,10,
2826,274.118219835,323.524788,117658.381532,9.74444671438,10,
2827,274.115596356,302.673132,371033.969909,5.96141590996,10,
2829,274.144398957,1012.31448,256909.560615,6.59732535944,10,
13335,547.283067131,210.167547,1177586.30372,6.87679449308,1.0,[M+H]+
2833,274.156896471,777.56664,111970.280152,5.87786355609,1.0,[M+NH4]+
2834,274.156623552,835.56702,177306.096907,5.93883290171,10,
2835,274.175657779,214.429602,9703216.28767,5.65393399586,10,
2836,274.175744716,185.547849,11067657.6763,2.60416461209,1.0,[M+H]+
2837,274.183171215,1203.8604,151385.63243,7.74709809522,10,
2838,274.187004877,436.179813,322285.483164,8.59113994049,1.0,[M+H]+
2839,274.186984038,104.368083,3796772.94294,3.33758592482,10,
2841,274.212094372,626.46459,2240941.96055,2.27355736231,10,
2842,274.248476969,922.275,12019812.3359,1.13733209627,10,
2844,274.644522271,333.173331,115063.748459,4.31191494019,10,
2845,274.657945755,905.02224,889272.17032,2.85333396446,1.0,[M+H]+
2846,274.791687407,36.0315498,221943.717855,7.8058604618,10,
2848,274.974718568,1756.58082,15092659.9785,4.82514735409,10,
2851,275.031991935,768.53775,93677.0449505,9.67768458013,10,
2853,275.031030145,805.85508,125416.983458,10.3951124449,10,
2854,275.046273607,33.4419945,32575359.6539,2.63462880662,10,
2855,275.042684975,225.227766,89207.7436476,7.72540890672,10,
2856,275.070958886,945.8598,7143370.01354,2.08900453278,10,
2857,275.071031655,285.693435,42827.3861449,14.0946315361,10,
5991,346.124578329,265.657809,1119903.30156,4.2952978423,1.0,[M+NH4]+
5133,328.113661657,61.765293,491903.963788,3.96244254002,1.0,[M+NH4]+
3491,291.048593757,161.858712,24590136.3557,2.74471585566,2.0,[M+K]+
2862,275.094440833,743.53785,769682.602297,5.29609051967,10,
2865,275.091954124,786.71946,461836.243618,2.97185072442,10,
2868,275.111052076,64.431924,799890.068878,5.02476387862,10,
2869,275.111409664,858.08496,1372428.51282,3.19771372478,1.0,[M+NH4]+
7064,371.192056842,271.926612,378628.860431,4.15189049802,1.0,[M+H]+
2871,275.102000386,189.318216,146014.181011,7.29858576127,10,
2872,275.118717388,877.66218,828811.415757,2.7621244584,10,
2873,275.128371353,1032.99834,3775953.68872,3.68109699388,1.0,[M+H]+
2874,275.130674843,798.78462,2055772.12311,1.31247430794,10,
2875,275.13374327,160.502832,564685.239752,2.14747990128,10,
2878,275.138665013,935.73864,11813543.7917,1.6685713752,1.0,[M+NH4]+
7214,374.21324353,46.2906234,17009352.5212,5.05872522948,1.0,[M+H]+
9156,421.241584601,506.775519,2500223.98484,2.50094804959,1.0,[M+NH4]+
2881,275.137603322,409.463304,96033.2417408,4.9702797878,10,
2883,275.159674834,66.773676,9529183.92611,3.44403652579,2.0,[M+K]+
2888,275.215347425,626.52474,269900.72717,2.18547835543,10,
2890,275.251850999,922.37874,1685591.89325,2.26415629167,10,
2892,275.652548687,323.661684,109450.424591,3.76302123869,10,
2893,275.902812801,30.730473,44417.2955278,4.46552863115,10,
2894,275.938720729,36.4780311,406732.582941,11.3556561224,10,
2898,276.030371291,36.2961816,105715.255444,11.5790682122,1.0,[M+NH4]+
2900,276.086346434,1756.74858,1516460.45428,4.64274673015,10,
2901,276.075166195,46.5255528,6727500.09413,3.76289706505,10,
2904,276.099253018,830.08272,109393.029579,11.5773064639,10,
2905,276.092297289,702.84648,88104.6076228,9.9908159171,10,
4366,312.110679137,72.182676,32840451.5105,4.68716157344,1.0,[M+H]+
2907,276.095375186,810.19296,123291.886154,10.1993053242,10,
2908,276.096989991,626.53038,75023.0675032,10.8522125957,10,
2910,276.103177192,153.875649,513654.255145,10.0399788204,10,
2911,276.103027139,878.1732,591448.774102,6.49230614543,10,
2912,276.12361006,945.8598,18507428.2579,2.77446124323,10,
2913,276.107377032,71.659422,10018932.0774,2.09820209973,10,
5447,334.178921447,261.079428,2184278.00264,8.66827702504,1.0,[M+H]+
6217,351.165910533,165.339339,5028104.14771,4.2383513517,1.0,[M+NH4]+
2917,276.133967186,558.631995,373612.583121,5.93512396828,10,
2919,276.134167239,798.79266,239607.396962,6.80503172487,10,
2921,276.154384834,459.40581,156979.874253,5.01440297681,10,
2922,276.162862918,327.686331,90185.7023405,9.37527926684,10,
2925,276.167794631,737.0448,38623.05126,7.58750591809,10,
2926,276.170267742,516.998466,2622020.88861,2.95053399386,10,
3966,302.211172351,985.47075,6786817.27705,3.74776051565,1.0,[M+H]+
2928,276.227698583,787.40295,557295.264746,0.510646787381,10,
6983,369.321946531,950.68095,282054.729035,5.78133612977,1.0,[M+NH4]+
2931,276.901929132,35.6112903,1333544.2268,3.4712999802,10,
2932,276.930913195,36.6984198,113368.023881,6.25036244041,10,
2934,276.985870144,593.814612,59710.4310469,11.164534415,10,
2935,276.990348132,645.2475,74889.6588063,4.09122063206,10,
2936,277.04127786,748.35342,104701.794521,14.7389905874,10,
7992,392.15945088,273.298062,158538.13719,3.63452882869,1.0,[M+NH4]+
2938,277.058042762,67.40049,1388766.98427,5.33137808954,10,
2939,277.0501514,33.3746646,759250.781267,10.2087056662,10,
2941,277.078177858,76.93524,169025.535768,9.9067044814,10,
2942,277.076510713,50.962812,9301243.40719,5.23248719527,10,
2943,277.083459785,759.17706,348588.538682,4.28452005647,10,
2944,277.108235091,752.54313,461360.067151,8.25347763489,2.0,[M+K]+
2949,277.115813803,877.56054,288361.478442,10.7175967245,1.0,[M+NH4]+
2951,277.123897361,1032.96858,149161.70574,7.69180746348,10,
2952,277.118081379,287.805756,91182.0676217,13.0037206598,10,
2953,277.117877529,373.343682,6272481.57038,1.87706471371,10,
2957,277.157848626,875.35311,375997.640109,2.89323659546,10,
2958,277.165821595,444.624822,64335.6002351,12.395966384,10,
2963,277.200388181,928.23069,577734.569832,3.02063559879,10,
2964,277.22305827,85.421796,114628.911899,12.8356606572,10,
2965,277.231091279,787.40295,43900.1727005,9.77255008146,10,
2967,277.645128795,435.23931,208324.117158,12.12384047,10,
2968,277.655419013,130.047279,5319268.34909,5.45207983917,10,
2970,277.935934654,36.364656,119255.384904,12.6078713977,10,
2971,278.009817552,33.3746646,4584171.7625,8.17696573062,10,
2972,278.039830516,56.273295,468384.523907,5.92205913613,10,
2973,278.045191979,33.4419945,1145475.26574,4.11796364151,10,
2974,278.048845664,272.976234,36539.6385382,6.47113199486,10,
2975,278.051342587,812.5605,67023.5577002,9.44201694177,10,
2976,278.054150653,1661.10354,2115118.54559,11.6581245451,10,
2979,278.079227706,847.00758,7744989.61903,1.51864484088,10,
2982,278.10322394,911.19534,139516.59102,8.73622216864,10,
2983,278.111333024,777.6972,118175.62553,4.13146716727,10,
2987,278.101869368,300.39975,117794.743866,8.57223926452,10,
7955,391.200495939,233.041605,17736391.8261,9.38840143784,1.0,[M+NH4]+
2989,278.113245287,175.062198,277145.522961,4.73421974704,10,
2992,278.134239086,40.8506847,4994092.66872,6.56604775582,10,
2993,278.141715082,873.33675,483854.876739,4.41110115686,10,
2995,278.141586499,904.78206,1105935.21651,2.66759181597,10,
3674,295.164851327,232.007361,5027907.70518,2.87181859938,1.0,[M+NH4]+
3000,278.157339311,130.51257,1302870.40336,8.04588473966,10,
3001,278.170525168,77.001423,26074613.3827,2.7685413521,10,
3004,278.173151315,941.93214,42837.9737906,5.79751857284,10,
3005,278.203935268,928.54668,53288.9918433,3.05715078633,10,
3006,278.202439788,986.3154,163399.302232,14.2481691382,10,
3009,278.861330565,1633.07352,1669979.40069,8.71086140992,1.0,[M+NH4]+
3010,278.868285851,35.6112903,365377.636025,4.03249140155,10,
3014,279.034755238,394.824999,56250348.4051,2.33312639756,10,
3016,279.053087863,819.1986,52503.3028276,10.4181141422,10,
3018,279.068237224,59.5264356,322939.260838,8.27046589888,10,
3019,279.063357957,924.87519,1557125.36428,4.3905882793,10,
3020,279.063411459,876.59223,40129043.0626,1.68009316252,10,
3022,279.093042301,1056.61536,7307555.88353,1.97790553382,10,
4329,311.123283432,64.747107,72466202.8361,3.29419039672,1.0,[M+H]+
3025,279.106204234,755.8569,277778.183177,4.46280918691,10,
3027,279.110154441,957.70224,354614.746346,5.9424603634,10,
3031,279.133392949,78.889119,7666098.88895,2.19017507091,10,
3032,279.125798096,911.34063,89699.3466133,3.71315878618,10,
3033,279.13363199,237.746292,115330815.575,3.57216659515,10,
3034,279.125786969,840.62835,1050245.56302,3.2054730023,10,
3035,279.133563803,362.700036,349996.167239,2.92723463987,10,
3037,279.169787119,807.39918,2639306.84533,2.7068262436,1.0,[M+NH4]+
3039,279.169913703,544.588428,87940393.3266,1.93068331981,1.0,[M+H]+
13645,557.365286502,588.959121,23160665.6915,2.64464163413,1.0,[M+NH4]+
3041,279.185618446,909.04761,212809.098938,7.60036682199,1.0,[M+NH4]+
3042,279.18595302,472.016586,639787.634934,3.60654133288,10,
3043,279.185560901,1054.31406,179229.012522,2.4401083711,10,
3044,279.19107701,41.7087342,32239823.7078,3.54144979665,10,
3046,279.203927192,953.21844,716266.576246,3.19142689928,10,
3048,279.217542366,734.64258,491389.794556,2.15583444678,10,
3049,279.295502305,545.030214,26996.321041,10.9324836299,10,
3050,279.652910733,111.660336,613899.808722,5.42182591553,1.0,[M+H]+
3052,279.952560083,35.3724855,107608.625728,5.28810218301,10,
3054,280.016662768,691.20954,25860.7761937,10.248953327,10,
3056,280.026457736,148.924038,4376279.38637,13.327239854,10,
3057,280.048815904,67.714302,25809311.9459,2.18449259286,10,
3058,280.052321029,59.5108827,895442.062316,9.21839387959,10,
3060,280.073627321,34.3918659,294773.777096,7.64203391574,10,
3061,280.066688866,925.47198,106581.043054,14.3074160826,10,
3063,280.066922963,876.28884,4237194.00747,3.70611453099,10,
3064,280.084586748,154.901712,2049180.72338,2.63226720509,1.0,[M+H]+
4465,314.147639654,801.44652,162509.541758,7.2975196188,1.0,[M+NH4]+
3068,280.089927757,115.056972,2028927.70998,1.54891885838,10,
3070,280.111816251,36.348411,136573.609367,12.1814027965,10,
3073,280.128859199,162.891588,6909849.11204,0.974552271011,10,
3074,280.129022095,840.6561,108055.204074,7.5104507718,10,
3075,280.144972057,77.432361,969349.239049,6.43363859243,10,
3078,280.156287951,862.09068,1896506.15351,5.16768977723,10,
3079,280.157252471,1023.88185,36923143.6678,5.08070920987,10,
3080,280.164534177,250.18788,1195366.90743,8.87569517066,1.0,[M+H]+
3085,280.646399662,77.432361,205873.804653,12.3196918942,10,
3086,280.659284858,286.308825,182276.842194,9.44564939579,10,
3088,280.865287079,35.4553047,331342.853439,11.5775974578,10,
3089,280.918460534,35.0332437,779414.896201,6.39416935717,10,
3091,281.000783554,748.24332,274656.452034,4.69507813083,1.0,[M+H]+
3097,281.042675141,501.903618,319584.745113,1.80279420801,10,
3098,281.038817264,394.891131,969359.296344,3.7480519997,10,
3101,281.074008828,92.161557,158125.667399,8.59881061235,10,
3103,281.079006016,948.40989,201740106.924,1.78469985987,2.0,[M+Na]+
3104,281.081274921,825.4311,353790.090747,4.26140157826,10,
3105,281.089560251,145.081266,100274.502113,5.83881450638,10,
9632,435.123283168,309.420096,430936.944224,5.79536494159,2.0,[M+Na]+
7559,382.196802034,255.04161,2396999.86834,5.84423148801,1.0,[M+NH4]+
3795,298.114328131,234.28506,5122358.06659,4.58825729337,1.0,[M+H]+
3112,281.106285936,577.474743,1376338.23949,3.54886149905,10,
3114,281.125747196,924.21204,373331.247771,3.86707741588,10,
3115,281.132148725,162.891588,914644.633787,0.822860652573,10,
3116,281.131660268,201.798336,345201.137645,7.7536488813,10,
3117,281.149179699,566.809563,1645323.9691,0.398736057762,10,
3118,281.14086652,962.87694,1386181.91214,5.56896254353,10,
3119,281.141401894,771.3939,88964.994428,8.99794296758,10,
3122,281.146610334,255.206862,254825.340446,3.52234467871,10,
3123,281.149194975,102.142632,21858607.7914,1.45984472139,1.0,[M+H]+
3124,281.152512478,73.766613,6332118.01555,2.07901504436,10,
6573,359.204028921,507.303087,194551.036199,6.16071176044,1.0,[M+NH4]+
3126,281.149217105,126.031704,4474147.16073,3.25522177119,10,
3127,281.172788423,1191.53679,1221970.13952,3.59107159713,10,
3128,281.168791764,250.377156,145980.772722,12.1968535318,10,
3129,281.17321692,1042.75806,947967.344853,4.64038752086,10,
3131,281.178696445,523.684488,60785.1521574,13.0604160989,10,
7451,379.264697963,1064.37228,253909.285953,4.30452159157,1.0,[M+H]+
3133,281.196295779,41.5743495,253457.321551,12.9552467542,10,
5967,345.285324766,916.59174,198483.233232,10.5743797263,1.0,[M+NH4]+
3136,281.66569197,832.92534,54855.200772,8.97419070676,10,
3143,282.061570212,918.31848,416231.881454,1.21216845226,1.0,[M+H]+
4787,320.087647409,921.9501,666363.970811,5.73690452339,2.0,[M+Na]+
3147,282.110738628,959.78649,1614396.53359,0.960837410005,10,
3149,282.119326307,108.919509,9647037.63031,3.61289374859,10,
3152,282.144640536,862.52478,171613.66916,13.6352437627,10,
3154,282.155424293,74.018133,706443.395921,2.25232083422,10,
7311,376.164116816,300.222942,6196169.15556,3.62289688183,2.0,[M+Na]+
3156,282.156149901,878.29944,437534.274706,5.88341829786,1.0,[M+NH4]+
7535,381.230802525,817.60548,251222.95064,6.31305712277,1.0,[M+H]+
3158,282.153120854,1023.86031,1644040.07956,3.66908333057,10,
3159,282.162649983,457.50459,2902802.3907,9.19427972034,10,
3163,282.162508424,1023.88185,340385.217282,7.14595876221,10,
3165,282.21684531,622.46262,960027.668007,3.12280657085,10,
8977,416.32258057,595.135521,511594.583971,3.94668872508,1.0,[M+NH4]+
3167,282.27888295,1319.57499,58248364.3367,6.11022505017,1.0,[M+H]+
3168,282.62591699,563.84598,134266.271804,7.79817864991,10,
3170,282.86240936,35.3724855,83462.8303249,12.7393466917,10,
3171,282.915391244,35.1304974,646325.478775,7.44415846471,10,
3172,282.957002261,33.7566786,848521.129432,8.99114389147,10,
3174,282.997869182,748.41099,80851.5784216,13.5279327521,10,
3175,282.999930641,33.3746646,756162.012777,11.300529203,10,
8803,413.023876672,394.824999,1042975.88966,5.51492017656,2.0,[M+K]+
3180,283.037035815,34.9629147,296746.967231,7.40010061581,10,
5859,343.049476128,814.50186,262540.503958,2.87604683584,1.0,[M+H]+
3182,283.044986728,203.814096,32495.9907754,12.71735994,10,
3186,283.058196705,530.764974,74025.0785545,8.51761352027,10,
3187,283.08414936,696.38193,275200.839518,5.4145194016,10,
12034,505.261346724,260.452002,32595314.5158,2.48784617223,1.0,[M+H]+
3190,283.104896812,464.892405,163872.075775,3.22052114922,10,
3191,283.103322245,237.681798,889469.283823,7.13602627251,1.0,[M+H]+
5392,333.122527574,108.938568,51415.8246892,13.3198145801,2.0,[M+Na]+
3194,283.132098948,376.679784,109952.444953,11.8097839461,10,
3195,283.141504093,263.6835,3213296.14143,0.909465069743,10,
3196,283.143722285,1184.73543,25243291.8145,5.26275006264,10,
3198,283.137590538,35.8637364,464755.349048,3.11494792284,10,
3199,283.138148647,56.2172928,241985.001895,14.6607163961,10,
3201,283.155225013,817.0269,578146.228114,4.62258482069,10,
8195,397.205408395,97.025826,2354369.47208,5.83664835761,2.0,[M+Na]+
3205,283.220393065,622.3485,90855.245508,5.12257415171,10,
3206,283.224190442,1244.87496,2014796.82169,5.41244430637,10,
7225,374.263791596,1231.56012,378723.792833,3.47595098788,1.0,[M+H]+
3208,283.249019557,811.93554,423647.654955,1.82595637265,10,
3209,283.23754031,523.413468,2548733.56661,3.42205300893,10,
14412,583.283165433,98.461056,674871.462362,2.18641170896,1.0,[M+NH4]+
3212,283.941461731,31.5204906,614103.410463,4.04600868572,10,
7758,387.08438104,149.038578,1104436.80413,10.5215931448,1.0,[M+NH4]+
3218,284.040609567,850.1829,411309.997322,7.83888962248,10,
3219,284.046516674,33.4419945,9483580.52574,7.28411719446,10,
3220,284.042236015,114.378936,26731.6440936,11.7920823804,10,
3222,284.058380756,918.31494,124494.533444,6.11032672035,10,
3223,284.09849096,129.876261,11388250.1471,3.22140705966,10,
3224,284.111610345,142.722513,175297.590122,4.47273839617,10,
3228,284.106843336,237.746352,72453.7471597,11.7698193276,10,
3229,284.105982911,39.8895579,5145089.41993,4.71040486439,10,
3230,284.115876326,723.85947,105777.037373,9.44419364171,10,
3231,284.11188025,452.955444,46826.1464729,9.20115002465,10,
3232,284.135121163,41.4548715,5727240.53146,1.74645944806,10,
3234,284.130762866,530.586156,216847.439404,3.7960476971,10,
3235,284.128367272,757.85382,434925.112289,7.81732458411,10,
3238,284.144918503,263.125182,259968.004701,4.09233034647,10,
3239,284.13961612,723.01932,279710.554695,1.39212926632,2.0,[M+Na]+
3240,284.144721824,378.37341,150265.721093,2.00247997892,10,
3241,284.160070882,600.69681,858430.19449,3.37969935482,10,
3242,284.167348353,900.93423,4056619.52786,3.84794964408,10,
3243,284.191195611,1132.56801,136395.940379,9.04801013135,10,
3245,284.232798867,779.19783,113965.930599,6.69571619588,10,
3246,284.232762716,641.87565,567414.860521,3.42251984289,10,
3247,284.294489526,1261.3005,31343873.4629,0.959784911504,10,
3248,284.623403568,400.872483,322930.445368,7.13891060038,10,
12628,524.270740912,305.433141,396961.78095,5.1609464515,1.0,[M+H]+
3250,284.657762503,323.978598,400945.486111,1.56657778132,10,
3253,284.995464234,740.73156,2379539.54594,2.45675745438,10,
3256,285.030134743,33.4381632,377115.967938,2.59663746041,10,
3258,285.073869922,526.384914,342920.413247,9.87584665036,2.0,[M+Na]+
3259,285.073734815,792.19509,158391.983735,9.23029093588,10,
3262,285.086615797,250.962678,95291.8183925,12.8563657255,10,
3264,285.104383403,909.49932,148501.87069,10.1402769861,10,
3265,285.103501041,303.715446,73569.5879372,4.32245192049,10,
3266,285.102120411,963.02721,740480.47255,5.72275964241,10,
8441,403.218126949,101.43582,2930994.19238,3.45252077428,1.0,[M+NH4]+
3269,285.099353854,70.94079,573268.441295,6.83335633922,10,
3270,285.122898194,653.32839,893263.754899,2.26410752879,2.0,[M+K]+
3271,285.10189914,129.876261,1158692.97467,3.69681315472,2.0,[M+H+NH4]2+
3273,285.124009408,251.786115,528462.710195,7.09755174744,10,
3274,285.123997245,276.050124,762872.927008,8.99992988998,10,
3275,285.122892557,535.474476,6459698.27237,6.48531717143,10,
3276,285.122909395,698.43018,95315.8598537,12.2544729925,10,
3277,285.120870122,63.942429,1586750.72537,6.09360117265,10,
6675,361.207556911,81.482184,25890964.4211,3.95234285346,1.0,[M+NH4]+
3281,285.159665484,323.953644,86760.4907625,9.05882845228,10,
3282,285.15076935,1184.84886,305796.930184,12.2365121214,10,
3283,285.163272462,600.65136,74625.9213404,10.0251154731,10,
3284,285.191596659,645.38904,214640.266262,6.78962876507,10,
3285,285.228137628,434.147496,6920514.74768,5.29968429089,10,
3287,285.648894632,905.1993,901202.282893,3.09187591181,10,
3288,285.683744031,445.050189,1795708.95618,3.02742897675,10,
5974,345.993953128,59.6321679,702103.825894,3.51064302984,1.0,[M+H]+
3295,286.032847744,51.779172,370578.921267,10.9042696086,10,
3296,286.043838172,33.2216829,2520753.49744,7.98879028863,10,
3299,286.107921902,878.19846,566838.252976,4.26017660369,1.0,[M+NH4]+
3300,286.100616157,38.948163,449453.193572,13.0018153482,10,
3301,286.113195188,53.0959869,1524788.11056,2.75460762824,10,
3302,286.123546295,356.629674,81553.6513014,9.24869946951,10,
3304,286.134416499,314.968599,411343.567763,0.549687120769,10,
3305,286.133793646,524.088594,82433.5519976,14.4860895055,10,
3306,286.147508796,430.144179,227809.067068,3.07284844217,10,
13532,554.184170007,54.5385441,10679764.5619,4.26255401567,2.0,[M+K]+
5142,328.178307615,891.5481,774207.649187,6.59835444937,1.0,[M+H]+
3311,286.172926542,797.19471,295267.681294,3.93111180103,10,
3312,286.167979371,846.65991,268969.218584,0.605939342554,10,
3316,286.20082634,721.28061,17462159.6768,1.29886613276,10,
3319,286.660733137,268.24188,1270380.16859,1.61479563432,10,
14098,572.339801119,243.507483,5321707.23162,3.44999807833,1.0,[M+NH4]+
3321,286.677659057,345.101352,307913.42439,6.05264986206,10,
3323,286.986697532,87.953712,305844.846188,5.97544440887,10,
3326,287.030375209,801.34314,121850.727818,10.4768413976,10,
3327,287.069749516,38.8928514,4393802.72137,6.85227138034,10,
3330,287.087271095,85.086867,3333147.28005,3.81275542755,10,
3332,287.088654816,388.47033,44195.5365108,10.3922361542,10,
3333,287.10223115,222.740661,164697.042096,4.08553142247,10,
3335,287.099716027,832.92558,23512.4123805,4.92714062229,10,
3337,287.123493312,255.46962,131988.101239,3.83863004637,10,
3340,287.122463669,677.34408,430566.310944,3.93709048114,10,
3341,287.136232974,542.752173,121997.350464,8.37157096733,2.0,[M+Na]+
3342,287.127236988,192.780972,158028.903699,1.10707314624,10,
3344,287.142527458,133.601388,35985.2413636,13.3753187391,10,
3345,287.138751987,1006.72434,310526.635644,8.63291032623,10,
14131,573.317592113,489.895692,499979.871127,3.63320316161,1.0,[M+NH4]+
3350,287.199459245,1032.99834,2806160.61381,4.06907516599,10,
3351,287.207233906,266.210439,4005086.35523,5.10192455101,10,
3353,287.243650298,783.52152,598869.488864,5.21625231122,10,
3354,287.240532884,1210.3161,109441.170408,6.30104999231,10,
3355,287.630577759,521.770458,71740.7280365,13.8351583741,10,
3356,287.652442876,447.931311,666173.445095,4.41648486848,10,
3358,287.667055731,450.580194,33008.5386352,13.6596432526,10,
3363,288.005978832,33.1285554,1141147.84017,4.34691266462,10,
3366,288.014394987,842.61402,203314.983823,5.94991292937,10,
3369,288.041592525,33.6890376,6022445.53738,2.59972171083,10,
3370,288.054927061,39.8301045,4014185.81383,4.00343185235,10,
3371,288.084158575,877.73874,1272078.59784,3.56719986707,10,
3373,288.086175808,222.923364,94569.4676843,10.2061274119,10,
14633,592.224767229,924.98007,2671186.02405,5.69263322644,1.0,[M+NH4]+
3377,288.100851816,164.986584,485908.287452,1.29340057699,10,
3378,288.110946507,827.15946,230644.937898,0.710504633118,10,
7714,386.112607389,99.483765,553506.493221,3.0598197954,1.0,[M+H]+
3383,288.143638875,67.871301,569180.914127,10.6765190728,10,
3385,288.147207645,567.27972,336471.870521,6.89579072935,10,
3386,288.147437979,538.914972,174497.337633,3.40325423927,10,
3387,288.14728542,692.29128,294074.130109,5.65513193017,10,
3390,288.170253577,557.855382,205226.199531,6.04767470913,10,
3391,288.191325418,141.686955,9618492.52936,2.44525308138,10,
3392,288.191400389,325.659387,12206586.0313,1.07577493759,10,
3393,288.191371221,366.430659,21689726.3182,2.64340764077,10,
3394,288.191337225,241.279545,9602543.0138,3.02450982899,10,
3396,288.191361568,170.95221,41167812.5873,2.27521777205,10,
3397,288.206871297,721.11399,203122.818391,4.88590566012,10,
3398,288.20256198,65.047173,44673415.5043,3.04576355633,10,
3399,288.203983002,849.9669,597943.855784,1.45741018314,10,
3401,288.227702137,742.67373,2717293.03704,1.87680506272,10,
3402,288.24666129,783.50289,42079.0080963,8.41297657127,10,
3405,288.768581589,36.28404,252324.032368,6.41994563137,10,
13618,556.921524939,35.8775376,59519.570681,6.50101654603,2.0,[M+K]+
3408,288.990390085,1756.58082,7665513.15116,6.9986383427,10,
3410,288.990187507,1659.33627,479756579.838,3.00488900762,10,
3412,289.008718434,842.64777,439035.73297,2.69186162411,10,
3413,289.032923437,277.097808,1684155.57265,1.79801245678,10,
3418,289.052358594,119.720328,76930.9527677,9.75966853863,10,
3420,289.094464786,461.078001,31007875.761,3.97040577903,10,
3421,289.088153692,33.3746646,514801.80364,7.15801825888,10,
3422,289.10006851,97.787055,194509.007195,4.28346688839,10,
3423,289.106699691,72.696054,8549329.30692,3.35299700455,10,
3424,289.118545628,740.73156,532286.591648,2.28823188418,10,
3426,289.117731436,215.114049,672143.056686,4.24363095818,10,
3428,289.115773816,879.08271,934115.659256,4.66986945871,10,
3429,289.121157582,661.94304,129832.273712,5.09814126832,10,
3431,289.136974224,35.7067878,82580.9571903,12.9608145705,10,
3432,289.149421103,261.449625,323579.713085,10.5160404006,10,
3437,289.194646861,95.250057,3682068.68046,3.100462478,10,
3438,289.194662784,214.087854,1116978.06261,6.65581790064,10,
3440,289.194715655,564.523098,93016.3803671,5.49303256989,10,
3441,289.22297781,431.236512,48567.294092,14.3322617277,10,
3442,289.219912202,823.91997,642943.621295,1.76561440118,10,
3443,289.223066916,125.580348,4228034.13445,4.29668457043,10,
3444,289.222990131,192.618402,3335409.53009,1.4959303288,10,
3445,289.222966823,534.038052,1790362.69693,3.88057940587,10,
6229,351.238653619,914.26884,2825559.29293,4.13922534965,1.0,[M+H]+
3448,289.247856962,838.24911,398563.143674,6.35253718854,10,
3451,289.267588487,997.84029,338966.876813,8.2706677514,10,
3452,289.686215788,726.25392,178071.444635,6.14013115536,10,
3453,289.879950657,30.730473,75753.8720538,3.07383283936,10,
3457,290.036440889,276.926808,145381.902521,7.18103497969,10,
3459,290.036647071,119.720328,26501.8172564,3.78621734248,10,
3462,290.056182406,144.251016,58656.6837342,7.73523507988,10,
3463,290.062816547,33.3746646,1848167.31387,4.76152172111,10,
3467,290.089612529,302.559216,702604.074148,1.16739054947,10,
3468,290.128574525,63.306177,1756437.28592,1.01777085446,10,
3469,290.134330565,105.069204,127868.776738,7.67868959201,10,
3470,290.138161968,966.01071,2180011.54611,3.56057226326,10,
3471,290.150284905,801.19593,358667.049624,3.01721699356,10,
3474,290.170579832,65.675487,57079975.2122,1.55592169442,10,
11421,488.171374478,844.77705,750103.889556,2.80868836186,2.0,[M+Na]+
3476,290.170888852,548.773722,110925.072509,7.53487841417,10,
3480,290.243250843,643.40997,243949.378176,5.71772824949,10,
3481,290.268576656,1039.92753,37033332.6808,8.37895186373,10,
3482,290.268519626,1152.46716,70087623.3166,3.72260719164,10,
3484,290.657839453,439.152312,229268.948933,11.1859490169,10,
3485,290.765892912,36.2961816,128232.934954,7.99323143377,10,
3486,290.893958505,36.0168684,298445.323484,3.99255601751,10,
3489,291.023859611,33.4419945,21086699.3085,5.47045326429,10,
3490,291.031039218,276.845766,109267.474972,5.39135276962,10,
3493,291.04233988,868.74198,1375167.91511,2.02147743913,10,
5758,341.033876568,766.70856,309612.67104,3.24475107356,2.0,[M+Na]+
3496,291.073673422,66.460173,1101432.52275,7.91624026379,1.0,[M+NH4]+
3499,291.071364758,729.69456,65311.9979612,13.9481702462,10,
3500,291.06342053,878.05764,3503400.03874,3.4720741885,2.0,[M+Na]+
3501,291.073787836,291.903504,606496.353941,3.37427537511,10,
3502,291.065820043,681.01752,212719.92608,13.4528679025,10,
3503,291.084373698,271.757373,72463.162816,1.3404544625,10,
3504,291.081957638,31.171092,34041.7965123,8.46085003022,10,
3506,291.089301995,115.005138,198217.246972,7.60508059067,10,
3508,291.102963481,924.98007,2172864.42553,2.49694255826,10,
3509,291.104193549,77.9868,99170.118387,4.80738549891,10,
3511,291.107629921,160.844958,424777.913555,6.35263833516,10,
3512,291.10743076,122.986509,170744.358761,9.82962700055,10,
3513,291.122478112,46.4441058,10641891.7134,2.43077942745,10,
3514,291.100523436,461.174901,289116.743836,4.13505751296,10,
3515,291.126165142,713.74353,127490.279404,5.25078554584,10,
3516,291.133274806,470.198322,821047.184323,1.49632648913,10,
3517,291.134253439,842.63634,789293.940139,3.88888588361,10,
3518,291.136937098,265.142373,689303.424696,5.33962476276,10,
3519,291.142381531,63.798234,990652.887531,2.91161843846,10,
3521,291.157772994,46.2102435,337179.194687,10.3493437178,10,
3522,291.1733344,413.044314,730012.796547,4.07342424314,10,
3523,291.179658958,797.56932,64937.4701282,7.83901506592,10,
3524,291.18571381,1184.84886,213308.517061,11.0105479602,10,
3525,291.191159459,772.77408,190330.32424,12.3528414686,10,
3527,291.202280246,247.831431,6304121.02016,2.71340404986,10,
3528,291.203717793,850.39074,271533.880979,11.1775260957,10,
3530,291.912604852,36.3605526,108466.980739,10.4226190768,10,
3533,291.974409555,37.316295,528204.382837,10.0311655992,10,
3535,292.024589627,832.84464,82786.1691062,8.39160320792,10,
3536,292.055256243,144.251016,177160.789878,3.02546677782,10,
3541,292.074164681,878.83398,206254.721539,14.7881146054,10,
3543,292.097354702,779.59827,76291.0636387,5.1505472893,10,
3545,292.098021881,64.258986,149815.447095,7.64156262369,10,
3546,292.116848438,470.23095,197472.682853,5.29617571272,10,
3547,292.123075918,790.82763,110487.26341,6.42516733772,10,
3550,292.136777645,470.263578,125481.4408,3.25762369864,10,
3551,292.139723364,65.56308,554178.537119,7.60280059566,10,
3553,292.144924741,238.81962,285869.127372,6.84896749732,10,
7721,386.151546889,885.13725,6658081.48044,7.90718488181,2.0,[M+K]+
8661,409.210605146,827.09538,226056.521084,8.76773909849,1.0,[M+H]+
3559,292.237883536,781.11843,502512.861555,2.06216283997,10,
3561,292.875795428,35.2857924,440601.210424,3.50018234664,10,
3566,293.047322417,59.5278591,694716.973785,9.0853224693,10,
3567,293.041913857,562.04406,151418.198894,7.36534855013,10,
3569,293.028776104,33.3746646,375299.343935,13.8327749155,10,
3571,293.050318208,548.790342,45005.5716141,7.82595500152,10,
3573,293.060350363,807.62787,14814232.9338,8.83044392677,10,
3574,293.060481731,770.38494,12563673.4752,1.43413061125,10,
3575,293.060292358,829.06296,9053132.03086,2.70053868614,10,
4237,309.048294431,152.203956,829810.852271,5.1609464165,2.0,[M+K]+
3578,293.078934614,958.50984,1512646.85603,4.62930919282,10,
3581,293.088216684,71.345421,4647220.76969,6.17345392552,10,
11996,504.192133763,42.8140614,3885675.55346,11.2571867153,1.0,[M+NH4]+
3583,293.116212959,398.109789,314311.086656,3.17726599487,10,
3585,293.119037311,977.54166,275887.151725,5.53463589654,10,
3586,293.128743387,917.74725,459435.195185,4.89386862079,10,
3588,293.134791803,43.3437471,6036927.53607,4.01433599247,10,
9782,439.254336287,588.820959,1624817.18553,3.91359482026,1.0,[M+NH4]+
7874,390.136432275,827.12742,278706.212841,5.70895759145,1.0,[M+NH4]+
3592,293.160535327,967.0014,152258.508407,5.92105809628,10,
7211,374.203118524,105.897822,39432519.2163,3.6175530645,2.0,[M+Na]+
3596,293.183532331,500.829486,490604.49011,3.1517476905,10,
5583,337.188196709,837.99381,79123.2166607,14.0598475228,1.0,[M+H]+
3598,293.194377891,41.4592032,618568.587118,12.3692469776,10,
3599,293.208390038,1097.04711,33288014.2449,8.87590284299,10,
3601,293.217728404,79.92924,117351.789177,8.94773054777,10,
3602,293.23309291,819.33918,4253290.02376,5.13290813115,10,
3604,293.287674683,1172.2992,132362.047938,5.12651718708,10,
3606,293.66858457,54.1187304,1264365.68028,7.40727261552,10,
3609,294.045983849,37.6940382,343325.854625,4.03230231579,10,
3610,294.061393359,925.08576,3230989.45293,1.32897091925,10,
3613,294.064496583,251.231364,221289.84387,9.74719336402,10,
3614,294.082564563,35.6989908,244202.693731,11.4183846009,10,
3620,294.144464611,124.466013,14680584.7912,4.30890305953,1.0,[M+NH4]+
3621,294.141150096,938.08587,225700.567957,5.81464382462,10,
3622,294.144482008,373.106679,251361.346791,7.79221764034,10,
3623,294.14442368,169.038231,12442460.3972,2.89592659252,1.0,[M+H]+
3624,294.141307175,895.25508,178482.797449,9.10070563996,10,
3625,294.142124899,148.136454,1665222.93781,10.3774725814,10,
3626,294.141269825,983.68062,129254.989854,1.40872019858,10,
3628,294.172945498,615.86163,306682.60068,8.1545962978,10,
3629,294.1731089,1023.88878,59213.8785368,11.7705715365,10,
3630,294.184844138,106.216125,75658.7017993,13.439710612,10,
3631,294.181002087,316.964454,967231.497599,7.25805491791,10,
3632,294.180785549,132.908328,12894119.3928,2.54950853744,10,
3634,294.202101624,76.93524,833876.828035,13.4744046848,10,
3637,294.201574559,50.8841067,4529381.49034,6.06581241214,10,
3638,294.217097112,698.10477,230922.878353,3.81328702333,10,
3640,294.239844366,1251.34524,9909533.32107,3.28414991232,10,
3641,294.625952725,459.208476,145866.934814,6.4215813363,10,
3642,294.66017655,496.211586,249870.286659,4.2886599719,10,
3643,294.83533308,30.4576101,238298.477121,6.26720414224,10,
3644,294.842171702,35.6112903,363939.431035,8.78980991943,10,
3646,294.929527461,35.2857924,434447.47245,3.82664496122,10,
3647,294.928358771,1757.42394,1770099.37339,12.2160803117,10,
3649,294.996460607,593.70762,75953.4739306,13.0433064298,10,
3650,295.047040371,394.891131,196523.9214,7.66920963653,10,
3651,295.04804373,794.14446,351094.371774,3.08476600929,10,
3652,295.045116438,79.605486,133351.818661,7.12382558811,10,
3654,295.03733482,876.6171,17027857.0802,1.83448429607,10,
3656,295.05716636,828.7431,3619754.17952,3.34948847021,10,
3661,295.094693242,974.07054,7857167.90117,3.72693475198,10,
12616,524.189468896,917.62038,90487.8175808,14.8276902763,1.0,[M+NH4]+
3664,295.128492844,556.162164,1086304.49425,2.28149951956,10,
3668,295.124556639,46.3885428,585517.92437,5.99381005924,10,
3669,295.147835974,273.756252,814136.983954,1.18747362419,10,
3670,295.158053193,380.673654,137759.737086,9.13387514931,1.0,[M+NH4]+
3673,295.168349356,130.871142,187822.11197,14.4511393831,10,
3676,295.164839538,587.655945,1327343.8431,0.869965877193,10,
3678,295.164003991,1165.76952,1732409.80594,7.63005963938,2.0,[M+Na]+
3679,295.164931765,255.999009,2425019.34889,2.13131047729,2.0,[M+Na]+
3680,295.16489773,185.208342,19282501.5075,3.39816574463,1.0,[M+H]+
3681,295.162433963,357.597903,109494.704711,13.5991981286,10,
3682,295.189935381,937.77756,203735648.169,5.38875118756,10,
3683,295.190076535,1596.1281,42827501.4907,7.21045323056,10,
3684,295.190067098,1760.71083,447399.596642,13.8785232102,10,
3686,295.190080948,1528.69647,13922704.7832,12.3016184118,10,
3687,295.190317152,1179.60024,14803888.5882,5.62454665422,10,
3688,295.190199544,1217.57412,15600684.5584,4.19752446359,10,
3691,295.248856083,920.92125,1506327.87196,3.64900645895,10,
3692,295.617179404,59.5123062,152295.639341,13.749953699,10,
3693,295.655458923,486.807192,297187.482863,9.5429677986,10,
10404,456.778993179,715.08306,294021.813149,1.95468683881,1.0,[M+NH4]+
3698,296.009480997,35.2857924,621935.533962,8.81488948298,10,
3700,296.058356864,925.19415,1037732.33099,3.55507839559,10,
3705,296.098161287,1002.49659,5817960.91813,3.77851495958,10,
3706,296.08983648,732.06054,229991.258816,2.69560297088,10,
3707,296.095136509,851.33898,17374.2495961,5.98485886772,10,
8215,398.158168578,560.194749,278360.811653,3.86429633532,2.0,[M+Na]+
3710,296.126123066,1012.40166,254092.105837,3.19388628105,10,
5297,331.197088089,214.087854,10164049.1177,6.49632550624,1.0,[M+NH4]+
3715,296.150207957,123.839076,99609.5944235,10.6318006196,10,
9231,423.274421943,916.54773,4344047.59324,2.62033396682,1.0,[M+NH4]+
3720,296.168312642,308.225262,2961540.52669,3.38205937085,10,
17185,745.387018185,675.96747,417210.043637,5.6781049635,2.0,[M+Na]+
15056,608.384632243,791.52201,28416689.0094,0.724550127949,1.0,[M+NH4]+
3724,296.178199268,623.29062,271752.606581,9.58303254156,10,
3725,296.198530248,1226.23242,1152084.56653,6.94951255394,10,
3727,296.191948877,715.0302,1424278.90029,5.15088650746,10,
3730,296.242861991,1131.99444,320945.090573,3.70674357174,10,
3734,296.679941735,623.3364,73077.5422664,9.24057616166,10,
3735,296.832747676,30.2946636,39777.4206,4.3715323715,10,
3736,296.839246985,35.6832411,369943.315192,8.74327885094,10,
3739,297.016611526,502.343703,240489.239855,3.70522850472,10,
3740,297.034971674,34.7165778,166926.898683,6.33231085574,10,
3741,297.045319354,394.824999,52340989.8096,1.85062715696,10,
3744,297.060923968,179.7066,90681.0933763,7.64668989478,10,
3745,297.067227332,741.00825,783323.542123,3.8033761638,10,
3750,297.101224802,456.49002,1908075.64823,1.23508635237,10,
3751,297.111512714,47.8690011,968449.079201,7.53302492637,10,
3753,297.120481169,901.76955,4326722.18246,3.59626295423,10,
3758,297.14164424,313.403595,117729.012714,6.20083741352,10,
3759,297.144178847,343.317354,438711.004259,3.16114024952,10,
3760,297.141786805,327.78489,109674.088445,11.7093061532,10,
3761,297.153478665,383.667051,31323.5870077,10.5449447623,10,
3763,297.161299866,88.824684,1530126.7086,2.51388909565,10,
3764,297.155357874,447.653094,98842.1499276,13.299857538,10,
3766,297.173843386,546.724914,175386.174512,4.26327161773,10,
3767,297.180483784,568.68573,794049.768287,4.49170645262,1.0,[M+H]+
8054,393.251995258,1024.18917,440099.714617,4.13518113299,1.0,[M+H]+
3771,297.222847836,1106.32836,256404.000676,1.34461403683,10,
3772,297.264141805,1068.55293,88717.2816434,9.06324806102,10,
3773,297.612781642,47.9671692,279484.790909,8.11347873566,10,
3774,297.658163496,444.624822,149659.353067,1.75312306154,10,
3779,298.035153319,273.060498,87797.8720599,7.49143533509,10,
3780,298.024696257,36.219669,120012.196112,4.14933424581,10,
3782,298.066359611,921.732,694176.995991,5.80783922734,10,
3783,298.061877748,115.340634,260629.530669,7.35580426727,10,
3785,298.084432787,917.91069,199205.994355,8.79936629555,10,
3786,298.099091222,801.19593,476049.008328,6.32709799353,10,
8136,396.064384248,528.099588,397737.426638,3.00300571637,2.0,[M+K]+
3789,298.089330624,71.488176,9146093.77563,2.40547849835,10,
3792,298.115943637,54.9966156,1699283.12447,2.23820921658,10,
3796,298.12378471,905.06682,658698.009995,5.71320207473,10,
3797,298.123951718,935.7525,150321.049987,4.72205616379,10,
3799,298.115617447,534.11247,489769.344076,12.388577479,10,
3801,298.146834915,596.733189,106508.52057,9.81623500567,10,
3802,298.146643403,650.14203,903832.758705,5.07462382335,10,
3804,298.146683058,560.788716,147789.74397,14.4219499698,10,
3805,298.150539876,41.7087342,5837766.58073,4.20070736177,10,
3806,298.15459704,500.427474,114534.066816,7.3045846677,10,
3807,298.157882358,717.70782,628967.19162,2.41490589569,10,
3808,298.159357063,589.103184,449500.458146,6.05439976299,10,
3812,298.212188123,768.71484,190155.807461,11.2653712236,10,
3813,298.620824538,332.792232,36232.3366583,8.80979878796,10,
3814,298.836481495,35.4553047,128051.163987,9.12921257934,10,
3816,298.89288835,35.0332437,691460.179833,6.79823031061,10,
3817,298.925682035,36.4780311,592410.613033,4.88843434416,10,
3818,298.945791155,34.4868702,1858370.04638,5.07334200801,10,
3819,298.977141498,33.1285554,2217595.76364,5.88421451459,10,
9487,431.069417611,814.41441,154430.769135,5.98441446172,2.0,[M+Na]+
3822,299.010989918,849.89757,694123.637983,4.2401212725,10,
3826,299.083066449,842.98029,260588.672094,7.72097405355,1.0,[M+NH4]+
3830,299.089499709,923.24892,319752.994617,0.658094127476,10,
3831,299.099883084,373.343682,542167.155673,9.58459390754,10,
6651,361.099194786,1024.18917,475674.307919,1.30808339825,1.0,[M+H]+
3837,299.131370245,286.389807,180338.112791,2.81897615067,10,
3840,299.161156202,1165.34718,300629421.001,2.48933417779,10,
3841,299.151249373,796.2468,220152.587443,5.3072207065,10,
3843,299.179173092,113.000022,39718.1476467,7.05861104899,10,
3844,299.251514479,1066.01469,116215.865142,8.12056352988,10,
15649,633.300820723,400.002663,84939.0143695,7.03002521494,1.0,[M+NH4]+
3846,299.930213573,31.865943,141060.829027,9.8926666049,10,
3847,300.023709658,1756.41324,1394509.15688,2.53947975972,10,
3848,300.024225408,33.4419945,46898808.9947,3.20843964036,10,
3850,300.042683532,876.6171,130675.347001,3.4369782847,10,
3851,300.046752264,335.73243,37951.642015,13.3463416348,10,
3854,300.074119777,384.827913,51373.1064077,6.70552331856,10,
3856,300.07756288,46.6058733,1627997.864,3.40856546622,10,
3857,300.081919914,975.40422,27254.6709014,10.6843009571,2.0,[M+Na]+
3858,300.095597128,755.93343,304944.691249,3.36545934609,10,
3859,300.093945565,142.722513,100410.357142,7.11957343368,10,
3860,300.095530905,771.07701,351690.427283,5.11281318223,10,
3864,300.102551057,938.75469,691015.351024,3.35034792051,10,
3868,300.112909955,833.86842,148955.889097,14.4099965111,10,
3871,300.126040386,709.69182,527865.173312,5.04884121422,10,
3872,300.134090897,662.55966,50588.8396498,10.8013799985,10,
3874,300.136985241,340.041018,60786.2363243,6.33643872395,10,
3875,300.155254259,302.15952,229728.385091,9.79148169721,2.0,[M+Na]+
15292,617.324969302,276.466059,873701.276485,2.99569781185,1.0,[M+H]+
3881,300.185618151,927.47745,304863.968608,4.74204106292,10,
14826,599.350773993,402.325788,1024012.0113,12.8175079498,1.0,[M+NH4]+
3883,300.183809466,1035.32157,217646.722908,6.18588046269,10,
3884,300.191437993,302.160771,66599909.7457,6.14144112493,10,
3885,300.193399747,956.41524,96690.9339051,4.09736431573,10,
5961,345.212874824,212.013978,20116230.3027,3.96238501226,1.0,[M+NH4]+
3887,300.191410868,194.851968,5229479.38431,4.76475932398,10,
8271,399.249100922,923.02653,6702553.74543,2.84190165571,1.0,[M+H]+
3890,300.227646309,976.49316,194596.134441,8.24493329866,10,
3891,300.264000156,828.22902,653109.404606,6.95898046195,10,
3892,300.680744365,402.231792,1419191.32123,1.70185005761,10,
3896,300.991630679,1223.72874,225195.497861,13.8431746656,10,
3897,301.008411202,33.4591773,4475948.84907,4.70055571145,10,
3900,301.047668144,792.15798,42319.5712095,4.05297449778,10,
3902,301.073166567,33.2216829,655859.664212,7.60917816401,10,
11172,480.164944007,64.95648,918350.998204,10.7625602146,1.0,[M+NH4]+
3907,301.077559066,257.978622,59999.3631852,5.82254062105,10,
3909,301.092706313,799.15056,136506.518482,14.6229297828,10,
3910,301.096273776,253.922517,222977.796468,11.3095165716,10,
3911,301.107494741,840.6561,392949.538188,6.66132411248,10,
3912,301.125462097,567.503754,1342919.37284,3.28520342646,2.0,[M+Na]+
3913,301.125750625,392.732856,35943.3423583,11.3954905417,10,
3915,301.140655396,1188.98724,180900459.015,3.86988221107,2.0,[M+Na]+
3916,301.136725254,50.2499268,182412.299953,6.62385078365,10,
10062,447.238397605,574.585062,2899875.27381,3.37508875326,2.0,[M+Na]+
3920,301.154038128,526.786596,420584.090103,5.28234103912,10,
3921,301.173067839,41.4774921,2120801.21906,7.51725183521,10,
7854,389.239075508,401.721795,46418869.2653,2.72340718275,1.0,[M+H]+
4195,307.239424071,43.6596288,1654991.60183,6.91516028261,1.0,[M+NH4]+
3926,301.259373337,875.01933,1462242.54082,3.38735924692,10,
3927,301.660475704,346.019298,115185.900377,14.9868416366,10,
3928,301.666005048,274.343436,636001.600662,5.6793614742,10,
3929,301.684286066,107.448957,6241951.87155,4.5745929451,10,
3932,302.057239747,33.3746646,44009009.013,1.68138781064,10,
3934,302.080659997,265.973367,2932846.74873,3.230130918,10,
3936,302.088334178,373.470225,37749.646199,8.63179146885,10,
3938,302.110647186,114.371208,493613.680882,2.69640512175,10,
3940,302.090705812,53.4122397,3355142.87318,4.06103416951,10,
3941,302.110736252,162.891588,872236.704672,0.734607575646,10,
3942,302.105964764,36.8290305,193297.602865,3.42529922489,10,
3943,302.099494943,938.83698,183546.199523,8.93706707206,10,
3944,302.123613766,242.820369,522882.00245,6.82384309612,1.0,[M+H]+
3946,302.122956123,360.175152,498108.203873,7.11590155011,1.0,[M+H]+
3947,302.11834122,997.20414,564649.221981,0.996050314487,10,
3948,302.113040679,196.199724,104354.81651,6.57798735,10,
3950,302.145478823,63.942429,14880128.1391,1.52856870649,10,
3956,302.149780606,311.28939,1214682.05909,2.07241593556,10,
3957,302.15534886,497.96589,521060.810781,4.21653371096,10,
3958,302.15248109,477.972594,32561.1334583,12.5393268452,10,
3959,302.15530265,807.39096,61578.7330695,11.5118095852,10,
5144,328.178671159,1003.01001,503208.466445,7.06406360251,1.0,[M+H]+
3961,302.170727758,149.371458,20298367.5249,3.23705503648,10,
3962,302.167758836,274.290087,158524.690311,10.8292126539,10,
3964,302.180564881,1011.63522,110999.65549,6.98043925228,10,
3965,302.202599178,929.5032,120928.019755,3.54598102134,10,
3967,302.207006545,396.909252,6555233.97508,0.965475386208,10,
3969,302.214400554,1267.26099,995166.680034,3.14257094579,10,
3970,302.218323099,250.103862,160809.103653,3.39986590803,10,
3972,302.243337683,838.24911,18281378.2319,0.788657805181,10,
3973,302.245135283,1293.18003,4822793.66412,5.34026628081,2.0,[M+Na]+
6437,356.326723265,1240.89537,11483228.8771,11.0171946311,1.0,[M+H]+
3976,302.64683923,306.468384,886106.286362,10.7375857949,1.0,[M+H]+
3977,302.698153484,789.84027,1190840.09653,3.19495799168,10,
3979,302.904514247,35.4553047,151473.590161,6.57883892104,10,
4154,306.924619169,35.6832411,1195563.16489,7.47961830633,10,
7796,388.108657714,534.471849,158007.540843,7.46949490719,1.0,[M+NH4]+
3984,303.024417107,882.1779,1924869.64552,8.11482943056,10,
3985,303.056801272,812.7021,61822.5903769,4.96381821628,10,
3986,303.064805769,265.894554,20592703.8243,3.58206963064,10,
3987,303.063118615,967.40793,778707.534787,2.82617095285,10,
3989,303.084856039,469.244196,79838.6008361,3.47627870326,10,
3990,303.096444761,677.34867,154627.838464,3.5895031197,10,
3994,303.114067354,162.891588,88915.881202,7.50377479365,10,
3995,303.111863108,43.980699,150029.148986,10.8587352264,10,
3997,303.131080807,566.831682,554147.651809,1.85647227742,10,
3998,303.131078149,656.45841,187736.19815,7.25981767864,10,
3999,303.125848125,779.60772,176600.355205,4.25114038449,10,
4000,303.126647698,242.9235,40328.9415843,6.12321529279,10,
7366,377.239003526,65.989617,917791.934926,6.22735907651,1.0,[M+NH4]+
7431,379.160807795,283.262379,954028.597941,2.88733407012,1.0,[M+H]+
4003,303.139803748,46.2906234,2737683.61583,6.71890475117,10,
4005,303.152929041,535.23174,9102947.97155,2.33986806799,10,
4006,303.144748036,248.969757,2017681.31536,2.77933462382,2.0,[M+K]+
4007,303.148285048,103.817316,298489.386096,1.87198774387,10,
4008,303.153590159,310.650174,72124.0321758,11.7325688829,10,
4009,303.165851077,378.269604,415621.702303,8.13732905452,2.0,[M+K]+
4010,303.177184728,40.4552955,4645679.9732,3.86791008456,10,
12874,532.258031326,891.16686,371965.745781,12.4622972144,1.0,[M+NH4]+
4013,303.210519852,367.186302,3647187.84076,4.45223629802,10,
4014,303.202232968,50.8841067,11169217.3906,2.07060432466,10,
4015,303.210463242,452.58831,565774.307811,3.66343491395,1.0,[M+NH4]+
4018,303.238711683,339.43617,3708323.57663,5.76810786078,10,
4019,303.238707584,378.165798,350127.122702,6.20470196632,10,
14982,606.324198416,496.286205,52543969.9338,5.79538460736,1.0,[M+H]+
4024,304.015436462,67.40049,2894304.94011,6.72745347283,10,
4026,304.041602089,452.657376,149176.232014,4.63422746629,10,
4027,304.052160191,748.41099,181945.771119,3.50339449457,10,
4028,304.054445369,33.3746646,11419026.5307,3.00271213543,10,
4032,304.097538709,796.90632,368342.233915,2.95326127717,10,
4033,304.088519999,827.09538,1812049.26399,3.35382432689,10,
4038,304.132158442,145.416774,739054.492793,10.5984972597,10,
4040,304.126659875,862.09068,909391.859895,6.14295729853,10,
4041,304.143204787,90.052623,121601.817711,10.7717274495,10,
4042,304.139114907,1075.18275,217139906.138,7.54910255418,10,
4043,304.139156017,1024.83408,30555655.4794,5.90357804485,10,
4045,304.14997677,334.513776,86167.5032479,5.22040420168,10,
17557,781.408388575,496.195602,13181025.1594,7.46797487522,2.0,[2M+H]+
8368,401.23897414,348.353766,8831553.24487,4.53789972476,1.0,[M+NH4]+
4049,304.186287968,197.878668,4484848.60615,1.04563533537,1.0,[M+H]+
4050,304.186208529,88.940796,17668840.7662,0.561120488368,10,
4051,304.186297978,132.246072,26732975.5343,3.46152500805,10,
4052,304.217960472,985.47075,82498.4201508,13.9333346611,10,
4053,304.247902897,1221.34872,36960306.3881,1.13646641151,10,
4055,304.29940968,1219.14411,38409035.1178,7.00909096325,10,
14036,570.324265789,500.662521,35681597.321,4.42517180251,1.0,[M+H]+
4057,304.668678563,496.195602,1044872.63537,2.50534725754,10,
4065,305.047891114,770.74137,101698.160085,9.95135086379,10,
4066,305.039255715,33.4419945,4710462.14864,5.73153166397,10,
4068,305.073831637,97.915206,262732.670812,5.08285395515,10,
6157,350.094001983,857.71437,1210995.11672,6.15019308261,1.0,[M+NH4]+
4071,305.079577946,254.778429,1582600.752,2.58347291569,1.0,[M+NH4]+
4072,305.079004425,963.06675,105705459.65,2.03704781097,10,
4074,305.078759479,840.78366,461558.759982,2.60227633288,2.0,[M+Na]+
4075,305.092493024,740.83311,288399.695016,4.5706676431,1.0,[M+H]+
4077,305.089544446,608.0535,256910.224027,5.73677440934,10,
4079,305.098033017,171.578334,67589.6378608,2.75391051784,10,
4080,305.100733499,351.488145,970660.584809,6.35860706134,10,
4081,305.100329481,47.9671692,1292054.42825,8.83717431641,10,
4083,305.123434863,261.576435,213144.382547,7.79224289338,10,
4084,305.116971967,81.643935,200879.455202,9.12781758366,10,
4087,305.130612032,1225.70661,279336.164554,3.42731512985,10,
4089,305.125953118,608.5401,67092.6307069,14.7141119469,10,
4090,305.137837095,46.4441058,4057538.85953,4.70319220484,10,
4091,305.138288886,1020.18336,1391159.63012,3.56497616302,10,
4092,305.148865312,873.33675,95569.3254783,5.18430009771,10,
4093,305.15027176,928.56894,145263.098121,5.0765278878,10,
4094,305.152835645,363.45405,54608.9070746,8.22089576617,10,
4096,305.15009147,894.20586,2790012.3363,1.21071542494,10,
4099,305.168647259,372.663309,4528887.38176,3.0728871285,10,
4100,305.185513646,832.92534,46032.7272403,4.65627618238,10,
4101,305.188883661,933.4074,757920.038428,7.96350325423,10,
9018,417.270303666,319.606038,943439.610686,1.890180675,1.0,[M+NH4]+
4105,305.200968921,83.737437,612650.947847,3.99298417544,10,
4106,305.237334379,550.32804,45943.6068503,11.5344732374,10,
4108,305.646877312,444.714189,839208.583929,6.36464190326,10,
4112,306.012298433,67.153299,1604193.53529,3.86996755172,10,
4115,306.040233665,918.64878,291817.153239,6.90735810757,10,
4117,306.057101906,116.357511,297082.371803,5.06149101578,10,
4118,306.053162784,854.52654,52296.4691997,13.0013008894,10,
4119,306.057228935,54.9966156,5667955.70167,1.10881361972,10,
4120,306.067780553,740.73156,2223054.06732,6.43946321659,10,
4121,306.051587336,33.3746646,743747.238356,2.67981401064,10,
4123,306.080390791,130.539888,1483731.9955,3.38764995783,10,
4124,306.082142808,303.715446,58180.0380097,8.48642332262,10,
4126,306.082868564,255.551994,245820.079539,3.75588635617,10,
4128,306.087822583,39.8301045,3417606.1638,4.25969549791,10,
4130,306.112589091,846.12759,544779.827695,4.95700523731,10,
4131,306.130199099,1161.33792,276299.995179,5.46455896048,10,
4132,306.130221715,1019.86635,2206687.84174,6.05544767695,1.0,[M+NH4]+
9033,418.175023257,258.370113,3424585.85636,10.7253387214,2.0,[M+K]+
4135,306.146251322,575.880918,945768.06189,5.96882003186,10,
4136,306.144395334,215.114049,5459813.18057,5.84301229703,10,
4137,306.147766886,273.996315,1795634.40863,5.67853651462,10,
7681,385.175295407,171.298341,187921.010255,3.85449326187,1.0,[M+NH4]+
4140,306.149733215,900.91407,116846.201806,13.6359407379,10,
4141,306.16072939,147.823206,1588999.23201,0.944965543368,10,
4142,306.16544177,89.682867,27276516.0166,1.16245935866,10,
4143,306.165578232,58.8244935,56251393.5605,0.913418456881,10,
9737,438.197892625,348.093234,1190287.35669,7.56604198305,1.0,[M+NH4]+
4145,306.213144124,41.7087342,24058983.8533,3.57092025702,10,
4146,306.21194842,1028.18178,80465.1739419,10.0354117725,10,
4147,306.625782974,547.753848,33012.9199837,8.6856107501,10,
4148,306.658302782,252.003681,747783.56148,1.76420822909,10,
4149,306.658277908,178.493901,903758.884647,1.78992470183,10,
4150,306.689011001,448.777623,4337819.12186,3.93312593284,1.0,[M+H]+
4151,306.69461884,594.697998,88803.6589502,2.22737980021,10,
8486,404.817913668,1611.57402,3140354.14643,9.4270991792,1.0,[M+H]+
4153,306.867996609,36.0315498,380566.766178,6.97518874662,10,
4155,306.959788163,35.1304974,1221078.92986,8.70129436949,10,
4156,306.976943344,35.3633172,580697.271432,0.501975013512,10,
4159,307.000790642,1657.40325,162166986.677,10.1403039974,10,
4162,307.043616674,148.591416,16275213.8931,0.615694251351,10,
4163,307.036756826,33.3746646,469719.860783,11.3187088776,10,
4167,307.063221396,260.355702,120235.612556,11.361781379,10,
4168,307.063149511,59.5278591,4930101.47033,4.42643324287,10,
4169,307.068628094,563.168592,72120.2032019,5.44404054621,10,
4173,307.093721173,790.51218,1038203.54969,3.98752303905,10,
4174,307.096071532,1041.71424,27168057.3725,7.74399528729,10,
4176,307.096892863,891.60672,1236852.77809,2.68131245152,1.0,[M+NH4]+
7141,373.1196795,842.59878,400497.412025,8.33186714824,2.0,[M+Na]+
11084,477.207917872,247.754007,192574.430517,5.44128270358,1.0,[M+NH4]+
4179,307.113618314,148.924038,2853049.62596,3.35897051654,10,
4180,307.099392356,801.36282,835326.090014,8.31567281281,10,
4184,307.151031972,797.52645,4282203.78218,0.942166969412,10,
4185,307.160703182,41.4505398,2478617.00194,3.81343297717,10,
4186,307.156695469,893.55408,177777.620618,4.64290717688,10,
4187,307.168105944,274.669626,247681.037338,2.37008290453,10,
4188,307.17947739,117.075969,616095.04388,8.51618582854,10,
4190,307.177834621,850.3539,194521.707597,7.47022825857,10,
10668,464.247720889,431.575758,1725131.21651,1.15109433596,1.0,[M+H]+
4192,307.186915496,573.538371,157210.171505,14.2068505765,10,
4194,307.237519402,771.753,991345.707378,4.07684161989,10,
4196,307.625894009,82.996677,489626.612417,6.45248512713,10,
4197,307.668017406,734.31552,59885.7687602,10.0545813199,10,
8206,397.720611545,441.21831,268630.158204,2.82154612589,1.0,[M+NH4]+
4202,308.035657286,54.435417,520641.073335,4.85076153753,10,
4203,308.04074743,877.88022,162970.689223,11.4183665949,10,
4205,308.084855803,240.422862,482254.415038,5.7218345125,10,
4206,308.083200026,842.94729,360638.41542,7.2953935038,10,
7838,389.142540243,279.473376,188516.356037,9.91556574116,1.0,[M+NH4]+
4209,308.109952099,706.16394,59041.3033835,3.96024009995,10,
4210,308.117629703,37.6382289,167353.532356,10.1887887777,10,
4211,308.121494592,133.973832,69544.7851082,12.5351281198,10,
4212,308.128571256,1032.99834,71242.3619177,4.37541116856,10,
4213,308.126700906,1019.84442,68609.8016227,9.24134623883,10,
14249,577.297652271,488.896509,9368297.18005,4.43152772502,1.0,[M+H]+
4215,308.133583937,301.29801,73335.2197079,6.46134177218,10,
4216,308.143233143,575.757816,274077.327499,3.4530397673,10,
4218,308.154645759,797.52645,613103.77435,2.0539979088,10,
4220,308.16199399,1016.41359,57909.0511176,4.21391014174,10,
4221,308.17671112,321.657039,203838.306558,10.965506405,10,
4223,308.225770701,52.840701,376467.133968,10.4135261919,10,
4226,308.686450762,472.329633,92193.4890711,11.9712670107,10,
4227,308.68559415,653.7363,534619.73981,0.717638090256,10,
7120,372.72120472,527.460531,3422222.97065,5.64538538931,1.0,[M+NH4]+
4229,308.954482484,37.6986222,1147769.24282,10.2275956328,10,
4231,308.99561691,812.5605,48899.4727693,4.47157978766,10,
4232,308.991667474,833.17944,23846.77769,14.8715353813,10,
4233,309.014061217,741.16791,318489.670512,7.90301657756,10,
4234,309.031872911,924.98007,3683926.82797,3.96037737665,10,
4236,309.044101644,35.0332437,836499.264151,4.9860772971,10,
4238,309.052871529,958.50984,546265.917054,3.98549190167,10,
4239,309.069240919,265.879509,649472.334519,4.39433180593,10,
4240,309.064178254,118.020444,100401.020552,12.6221316268,10,
4241,309.06737777,680.72172,42235.5528891,6.66729122607,10,
4242,309.088899204,1019.84442,1439570.51778,5.72154627678,1.0,[M+H]+
4243,309.088538078,240.027528,22405.0729257,14.6795426985,10,
4244,309.109755081,1075.77357,204479.846341,12.0507069604,10,
4245,309.100110099,419.262942,405309.763375,4.6162523665,10,
4246,309.10566964,254.909424,79892.8601005,10.7073801483,10,
4247,309.109935514,1062.45147,441897.897547,4.62675795986,10,
9671,436.178370404,63.372732,4894133.90494,6.97629366794,2.0,[M+Na]+
4250,309.118168065,356.250213,375556.463089,3.70185006505,10,
4252,309.129976751,277.08375,385790.155661,4.29690147454,10,
4253,309.144078823,449.685027,1069950.52217,5.58793935209,10,
4254,309.144396698,562.181226,145229.473203,8.56228986968,10,
4255,309.160489121,92.489868,652450.867476,3.86853965243,10,
4259,309.183975588,333.472896,25156.0782418,13.3776688926,10,
10019,446.224456463,297.348009,199225.810392,4.66424309745,2.0,[M+K]+
12536,521.235264983,318.119016,5659051.29355,5.16571732961,1.0,[M+H]+
4263,309.191646085,461.107626,63197291.0791,2.44675665882,10,
4264,309.191479071,727.42272,62258.1614296,9.77992645315,10,
5117,327.216238778,1054.24017,16447396.5445,1.52817453314,1.0,[M+H]+
4266,309.205350525,1152.42267,1144699016.48,1.72638934039,1.0,[M+H]+
4267,309.20546524,953.4504,11701428.8456,2.69742031988,10,
4268,309.216831749,665.54847,1935619.82861,3.00673049287,10,
6576,359.228365424,549.032052,647015.319442,5.89385477812,2.0,[M+Na]+
4270,309.252531304,1233.04386,201946.60784,11.8843674938,10,
4271,309.603693453,63.038544,97744.3194886,13.2544103903,10,
4272,309.663454535,123.154008,223286.733267,5.41363971212,10,
8773,412.068141908,801.19593,1209427.90696,1.32221260495,2.0,[M+Na]+
4279,310.062423924,59.7751143,424654.342503,13.1218035685,10,
4280,310.068401875,457.621278,88788.9981543,11.5555485841,10,
4282,310.095005185,71.750802,3670199.33635,13.8710011829,10,
4283,310.106214972,42.4022016,505443.358014,13.2897867992,10,
4284,310.114145751,315.234969,71824.916722,13.7477092025,10,
4285,310.116005469,148.274085,2221208.94069,5.74959163561,10,
5137,328.138633455,206.958039,99916424.649,7.07701108157,1.0,[M+H]+
10207,451.265843013,266.131368,1858586.98605,2.43377877666,1.0,[M+NH4]+
4291,310.139189234,200.885412,9142769.51695,1.44501098756,10,
5057,326.147140875,95.123745,10308256.472,4.40366940134,2.0,[M+K]+
4293,310.166994345,930.2598,165074.387595,7.07178787665,10,
9032,418.173103082,659.0745,330374.358571,4.42268911518,2.0,[M+K]+
4297,310.181201001,595.812447,477994.117665,2.97217361572,10,
4298,310.185700351,1101.20826,5258948.22024,2.04823113452,10,
4299,310.175723513,59.2112349,13365603.687,1.92301105299,10,
4302,310.18859313,733.25118,93224.0076507,10.9369937284,10,
4303,310.200852833,1042.72185,23860566.0295,2.17194086722,1.0,[M+NH4]+
4305,310.200729827,1111.53498,2093998.63398,3.51264673953,10,
4306,310.211668331,679.03632,209487.449903,10.096464144,10,
4307,310.259527164,797.83884,521761.216546,5.04429923843,10,
4308,310.258336185,1130.55588,12783105.5796,7.12956606686,1.0,[M+NH4]+
4309,310.310002351,1358.82972,10500438.0545,8.47652745589,10,
4310,310.67004115,658.60989,76742.9933696,10.9062712607,10,
4311,310.665776831,346.020936,279070.056506,4.55484218305,10,
4312,310.809156316,30.2881092,33539.2019651,13.8147105105,10,
4313,310.952210122,31.6222353,2101996.24582,2.67258266,10,
4314,310.957742516,1757.25318,353979.123055,14.5648685285,10,
4316,311.047663604,977.50818,877926.895166,6.9544493905,10,
4317,311.041129087,35.0332437,362453.383496,5.52458934785,10,
4319,311.050359125,958.54992,36953.6282303,10.0419602977,10,
4320,311.057504341,33.3746646,877490.430215,4.66991991445,10,
4321,311.068528186,1002.57138,17043258.4284,2.40786014942,10,
4324,311.082745694,903.76566,95711.1345031,5.65143964791,10,
4325,311.098194558,343.801458,77571.7379124,6.7179183017,10,
4326,311.097569066,135.35895,88399.0213475,13.7716317393,10,
4327,311.109575932,592.574448,258248.210005,8.4135155706,10,
4328,311.123366333,390.956112,396802.310148,9.33583494599,10,
4330,311.136216674,961.39839,7234962.97265,5.69220431925,10,
4333,311.142679201,200.885412,1267986.21621,3.78884940606,10,
5110,327.177165993,161.846334,406503.255599,1.4606960243,1.0,[M+H]+
4337,311.142723132,112.61982,387556.418346,8.46828610654,10,
4338,311.141814209,831.81534,60260.0350356,14.9680347311,10,
4339,311.168553794,754.70193,288616.967574,8.70350423476,10,
6524,358.208082787,107.233377,1074149.34453,3.82890287467,1.0,[M+NH4]+
4343,311.176831302,171.125901,741564.069718,3.97779948273,10,
4344,311.193593449,761.76918,289497.630445,6.83269981016,10,
4346,311.217203661,43.2828576,473884.476237,14.3679874634,10,
4347,311.211597476,953.82432,174595.787781,5.87918850253,10,
10653,463.708003033,435.16206,865974.249799,5.14899536012,1.0,[M+NH4]+
4351,311.694966428,761.84682,68028.586118,10.1850860469,10,
4353,311.983302578,35.2857924,317819.241255,8.43818860572,10,
4354,312.008393451,33.124911,276062.991407,13.5435052851,10,
4356,312.035612484,699.04998,101622.261993,5.17108268622,10,
4357,312.037622197,801.8643,900716.39537,3.75425740948,10,
4358,312.041125514,33.3746646,477161.636826,6.38457222486,10,
4359,312.054840238,827.24067,159650.859237,6.42374744507,10,
8133,396.012211582,921.30438,100037.462699,11.5550544434,2.0,[M+K]+
4364,312.081365559,925.53942,143711.385543,11.4642123276,10,
4367,312.11461824,801.19593,1631751.78915,1.24896192169,10,
4368,312.131466867,88.293681,10628271.2348,6.80599531606,10,
7525,381.187705529,924.54738,753189.533401,4.39078403649,2.0,[M+Na]+
4377,312.158923656,1109.86836,886022.90886,11.1053304201,1.0,[M+NH4]+
4379,312.152673709,548.773722,118920.243602,13.231524883,10,
4380,312.162393,584.998758,277709.521791,2.63304850187,10,
4381,312.16226083,803.89269,570774.503874,1.63641859655,1.0,[M+NH4]+
4382,312.170243028,787.93398,114083.908145,8.99293013169,10,
4385,312.193357929,1106.32836,1038141.57248,4.3425423108,10,
8200,397.247354167,862.30758,13568162.7851,4.02937477195,2.0,[M+K]+
4388,312.264391866,1263.39564,183159.062036,9.37139181871,10,
4389,312.263947345,966.21357,3214362.3023,2.36750026204,1.0,[M+NH4]+
4390,312.300533384,1266.7095,820073.944412,6.24514971405,10,
4391,312.576763537,357.004812,47505.8114019,12.0122192433,10,
4392,312.636381005,552.204036,118312.823484,9.3289414631,10,
7792,387.83825701,30.8136147,245923.989427,9.64586270466,1.0,[M+NH4]+
4394,312.869815693,35.2857924,743623.609386,6.75466888051,10,
4395,312.921498974,33.2216829,1132767.53338,4.14384641335,10,
4396,312.94149311,35.6832411,955574.26679,7.64854337229,10,
8101,394.978889529,741.72468,223647.345862,9.26637910046,2.0,[M+K]+
4399,313.029659875,699.08313,76562.4820186,5.93981042402,10,
4400,313.035595296,37.0709292,137439.377607,9.4603777038,10,
4401,313.024193406,871.9626,938852.218246,7.29397104636,10,
4402,313.026811301,934.76076,8824071.99564,3.36510425319,10,
4403,313.047626151,786.59496,678353.025152,2.66489953608,10,
4404,313.044770244,977.76759,344524.08143,4.55806797252,10,
6204,351.085834398,154.715016,311534.700269,3.80181497309,2.0,[M+Na]+
6504,358.065746197,46.6058733,954481.961882,11.9092890607,1.0,[M+NH4]+
4412,313.063689749,50.8841067,377090.708108,6.67547523657,10,
4413,313.09445848,904.86921,803691.74479,4.89189789816,10,
4414,313.096482599,932.46576,116537.179561,5.48569399394,10,
4415,313.098592127,842.92446,1224569.36016,5.38216524875,10,
4416,313.105147515,891.5481,5538415.62355,1.51304681382,10,
4418,313.105154832,45.6600609,1015940.6992,5.62279632145,10,
4420,313.121271188,180.575784,802117.378795,3.77337704308,10,
4422,313.121311853,220.400121,655511.857382,14.8744957247,10,
4423,313.115662546,313.404798,72577.4603664,14.9967076967,10,
4425,313.134672135,135.657828,208218.305052,9.82347955558,10,
4428,313.152130332,228.885978,81574.3774919,12.3641295174,10,
4429,313.154130228,645.18321,1006003.94301,4.22507045856,10,
4430,313.168423237,264.826941,1338885.03217,6.58329618367,10,
4431,313.168234794,324.299646,30374.1224009,10.968882462,10,
4432,313.175352937,67.08693,47350261.1247,3.7631028348,10,
4433,313.190076888,733.09656,85482.8297476,10.3284172456,10,
5309,331.283933728,1321.20114,33767591.7202,1.24444740049,1.0,[M+H]+
4439,313.529731314,33.2216829,369930.561249,7.11397694523,10,
4440,313.615548057,557.608122,244463.472023,3.90325899921,10,
4441,313.655485166,563.196486,85461.8107645,5.82123523658,10,
4442,313.66605917,304.687008,1959420.17857,4.58987585734,10,
4443,313.670951459,761.51772,58265.8394622,13.1412461657,10,
15480,626.350440304,323.353041,8754303.76795,3.78940269924,1.0,[M+H]+
15483,626.397859374,600.7575,165718.906538,11.4007612195,1.0,[M+NH4]+
4446,313.710729883,791.52201,914537.37771,1.50134434356,10,
4450,314.034606613,802.10388,293427.91126,3.54846855363,10,
4452,314.058404924,975.38628,44093.4405136,4.48866167261,10,
4453,314.06321191,71.488176,11739122.4604,2.09739059189,10,
4457,314.089769458,558.631995,829919.674688,1.93891921444,10,
4460,314.102449851,34.0728684,385134.561443,6.30630121795,10,
4461,314.106027046,73.967802,462300.417921,3.48673584164,10,
4462,314.100775109,842.8926,283631.602206,0.5725745008,10,
4463,314.122129163,88.88331,1956385.94786,5.9381392193,10,
4464,314.118312253,1005.47466,8282442.87042,1.69043461687,1.0,[M+NH4]+
4466,314.141624598,373.003308,616002.045105,3.00377810215,10,
4467,314.145414019,42.1839951,5892585.11158,2.1178502368,10,
4470,314.170599898,550.840725,328106.873333,3.64845468016,1.0,[M+NH4]+
4471,314.162680884,911.42955,2385034.11564,4.24123075909,1.0,[M+NH4]+
11422,488.171871817,828.44586,414204.743152,6.65616307368,2.0,[M+K]+
15856,644.376380433,658.09989,811332.429725,5.2249105669,1.0,[M+NH4]+
4478,314.188801018,645.2475,402485.900981,2.65205314052,10,
4479,314.189700132,115.656444,349008.297017,7.59574637202,10,
11196,480.317377759,841.91481,1144091.86738,2.83434950745,1.0,[M+NH4]+
4483,314.203831969,953.61444,450154.108038,8.91644771617,1.0,[M+H]+
8122,395.262540624,337.765434,200859.115023,4.06203608594,1.0,[M+NH4]+
4485,314.205283975,764.96274,124649.429297,4.36927299725,10,
15953,649.410818083,791.68968,94925.9737776,12.3357264503,2.0,[M+Na]+
4488,314.232199521,944.71566,24434196.2026,2.3943285521,10,
4489,314.242732782,941.59314,121444.34181,6.13219141799,10,
4490,314.279533799,840.96027,504491.813818,4.32585754549,10,
4493,314.686162441,344.729355,316710.556093,12.1254267148,10,
4494,314.681752558,323.260353,252543.523571,7.08049061049,10,
11202,480.979309066,34.0728684,966724.182864,8.73949258906,1.0,[M+NH4]+
4497,314.923435748,34.4868702,1382191.99639,7.15926856047,10,
4498,314.954447729,33.1285554,3162890.6182,3.80607018111,10,
6367,355.034648617,829.11465,533810.949153,4.3327769409,2.0,[M+Na]+
4501,315.039855549,925.18662,20941101.8052,2.95174291653,2.0,[M+Na]+
4502,315.056740197,967.55076,85769.6362155,4.06757332882,10,
4506,315.07140988,33.6890376,1585662.29743,6.88234072038,10,
4508,315.098076008,156.671466,43210.6743352,14.9753050708,10,
4511,315.108208602,765.30858,127158.695027,4.59327989135,10,
4515,315.132472634,842.92446,217234.829746,6.80710063803,10,
4517,315.13970712,45.2421234,303710.488396,3.32883553617,10,
4519,315.158620175,339.771981,221432.379001,8.01073416465,10,
4520,315.171498973,279.482184,4454309.10328,2.82451194781,10,
3595,293.185433275,914.37393,5798267.27943,4.14572151267,1.0,[M+NH4]+
4524,315.177222423,42.4989987,445028.882104,5.42872224845,10,
4525,315.202314362,45.2590983,8286461.2565,2.23859703519,10,
4530,315.274974828,952.74801,1848227.35976,5.33745646761,1.0,[M+NH4]+
4531,315.275004726,908.4972,30038.3286435,10.5932481984,10,
4532,315.336517096,1231.7511,146038.864195,2.63612026005,10,
4534,315.686637994,791.52201,460332.258899,3.38899840487,10,
4535,315.681756433,58.5779832,4352220.53256,2.93269333661,10,
4536,315.69431493,472.63314,297889.789186,8.93966351651,10,
4537,315.712585834,494.186964,34749.1791886,11.4498037073,10,
4538,315.907735202,31.0862196,413240.282412,2.92447307867,10,
4539,316.001382857,1756.58082,9050602.34948,4.14829054273,10,
4541,316.036689933,33.4419945,1372662.82163,9.19815593089,10,
4545,316.072967802,33.4419945,13519328.8039,1.90021319392,10,
4547,316.069239932,177.266958,217083.816901,8.76449783067,10,
4550,316.106526264,88.293681,265460.545048,12.9889885799,10,
4551,316.104870357,967.22733,567607.286964,2.49997533767,1.0,[M+NH4]+
7295,376.108507926,43.6811838,1456872.22732,6.45410955051,1.0,[M+H]+
4554,316.112829638,810.74163,869623.609131,3.60592757453,10,
4555,316.121031388,399.76155,397433.987333,3.59973628782,10,
4556,316.115326296,1005.36402,2857619.94446,3.99299145298,10,
4561,316.130474513,1029.2688,32600.7476806,9.30169759489,10,
5397,333.153040574,1133.23665,301901.737846,5.70639808107,1.0,[M+NH4]+
16596,694.291139036,404.893443,2462853.18692,3.59467048597,1.0,[M+NH4]+
4565,316.14204655,508.052298,239516.998759,6.66929260956,10,
4566,316.138344031,1154.62035,37580898.1965,0.92162405215,10,
4567,316.158511509,911.29368,71490.2611702,12.8865625432,10,
4568,316.154940502,669.26211,587385.456423,5.52793785344,10,
4569,316.16119086,115.188648,8164986.99342,1.66620400042,10,
4570,316.167016149,1077.52332,124542.789498,9.65314193338,10,
4571,316.162650358,133.947831,404849.074735,4.99839289816,10,
15592,631.356170303,613.61025,1457623.39953,7.4073756992,1.0,[M+NH4]+
4574,316.180403264,794.03052,248811.677222,8.68436607583,10,
7168,373.244201649,297.864135,3023620.70502,4.09669929314,1.0,[M+NH4]+
4576,316.170690646,914.46948,175950.02728,8.71054845493,10,
15594,631.376920697,420.688455,2569056.23766,0.930035123641,1.0,[M+NH4]+
4578,316.211550305,620.68584,4818408.96718,13.1688419594,10,
7860,389.29499037,391.718295,494360.922379,5.14445899341,1.0,[M+NH4]+
4581,316.222745159,281.881494,6861410.56495,0.315831565277,1.0,[M+H]+
4582,316.222744012,360.344427,55090290.1768,7.19070661035,1.0,[M+H]+
4583,316.22282429,320.265081,18883893.5516,1.50645253845,1.0,[M+H]+
4585,316.222731953,467.847822,25088697.1797,1.75465406279,1.0,[M+H]+
4586,316.226777019,1009.23054,31006.8390569,13.3741237356,10,
4588,316.233887191,312.366924,30240.0087886,14.3999912967,10,
9258,424.277615299,916.61133,480302.547672,3.24892304028,2.0,[M+K]+
4591,316.270162361,953.40552,39183.0820239,11.0297056512,10,
4592,316.27801224,952.6857,235295.726092,6.8818361015,10,
4593,316.320713296,1285.1361,30572719.4823,3.28030658679,10,
4594,316.331445519,1281.37014,393785.20263,10.1028619238,10,
8938,415.721579649,377.594472,278941.53257,4.25682580336,1.0,[M+NH4]+
4596,316.68175139,793.82805,56663.2567852,10.1286832926,10,
4597,316.678273068,434.222682,200913.251535,5.29802654932,10,
4599,316.696419382,512.721792,54425.4885792,14.3492705741,10,
4601,316.920445476,34.70679,525293.073679,6.50022326512,10,
4605,317.048907278,1056.57516,148743.204499,9.56498363489,10,
4606,317.039275285,848.69046,25953.4103376,8.64410692364,10,
4607,317.057966517,967.19226,30577911.9901,1.72299313938,10,
4608,317.056464554,64.638066,824898.993671,1.63916467156,10,
4609,317.057598093,33.3746646,1782345.5854,5.84183605038,10,
4614,317.072325385,963.02721,1496705.94577,2.15861217398,10,
4615,317.102947065,599.736576,125718.681458,5.30698784542,10,
4617,317.104531694,33.4419945,1866409.73974,9.77919743058,10,
4625,317.146783676,587.720616,426601.784326,4.84806781517,10,
4628,317.171912492,909.12648,22164426.2874,4.038143182,1.0,[M+NH4]+
10714,465.284765843,938.42832,1198654.00867,3.91701227927,1.0,[M+NH4]+
4630,317.170282269,729.22836,1811635.34834,3.1390052496,1.0,[M+NH4]+
4632,317.183417174,656.85828,1106809.04834,2.17221819434,10,
15659,633.360015716,580.362414,5085258.27118,4.94823373697,1.0,[M+H]+
4637,317.181495378,140.297889,16218086.5638,1.59957245267,10,
4638,317.196982867,546.464115,373950.013481,6.31007106121,1.0,[M+NH4]+
7269,375.205326646,915.62214,49667.1500683,7.61416679438,1.0,[M+H]+
10841,470.152972336,71.488176,23388068.0508,1.84230671414,2.0,[M+K]+
4642,317.217851763,81.7068,25323472.7519,2.2351376616,10,
4643,317.218047849,255.254985,406250.258215,0.625722240288,10,
4644,317.215346721,1064.89866,63966.1705327,11.2401120904,10,
4651,317.251457489,1006.17672,217198.169306,14.4847578298,10,
4654,317.685238024,580.197255,4579401.041,2.64129733248,10,
4656,318.004622017,68.711304,164840.08593,3.138631868,10,
4658,318.034867665,33.4419945,17976396.224,4.69948512688,10,
4662,318.052537284,46.9386018,491379.028161,7.83783601669,10,
4664,318.08508146,114.334503,309124.458341,4.26992502707,10,
4665,318.085451639,76.93524,637593.922112,7.93806007171,1.0,[M+NH4]+
4667,318.084709971,162.891588,522680.652958,2.93055566154,10,
7349,377.112853765,796.49142,137236.514939,14.4639317134,1.0,[M+NH4]+
6696,362.114660354,36.3605526,172760.897423,6.12146609975,1.0,[M+H]+
4671,318.105809204,832.83456,33208.5526287,10.0215090611,10,
4672,318.109782721,810.56604,271442.692764,7.257784846,10,
4673,318.112953783,1023.86031,348826.638067,3.47611696693,10,
4678,318.134015198,797.1297,88428.6005889,10.9442939067,10,
4679,318.12925684,498.038574,127594.007968,6.71870391112,10,
4680,318.160808055,390.82668,639632.449918,4.35136626426,10,
4681,318.150247483,308.346207,154280.566163,10.1107730039,10,
4684,318.180871991,575.068557,4528255.264,2.77481657435,10,
7969,391.237025866,299.36544,5399703.85955,5.69188719115,1.0,[M+NH4]+
7111,372.237821555,933.04086,5072008.59454,7.36075948326,1.0,[M+H]+
4688,318.180873279,486.369219,17727510.8966,1.9659649834,10,
4689,318.184927548,198.544731,179452.096977,6.4258146027,10,
16012,652.410741902,820.85424,15754740.3102,5.81102425879,1.0,[M+NH4]+
7327,376.233579574,799.51341,1072965.95464,10.8081538407,1.0,[M+H]+
4693,318.202025762,289.904436,8076878.54452,2.78387190785,10,
4694,318.20195776,128.264262,74596523.73,2.90888881226,10,
4695,318.206050506,769.73001,701402.63334,2.69969361875,10,
4696,318.187088783,580.540191,724086.832194,6.1461313938,10,
4697,318.20181105,92.498298,14570473.0854,2.06504453397,10,
4698,318.202383788,38.8375398,426889.80151,8.40902603296,10,
4699,318.213194852,144.58464,432811.457248,6.04251933082,10,
4701,318.214645721,837.2547,224892.778387,4.21980310091,10,
8701,410.200439859,210.459345,2047738.05599,5.69643649062,2.0,[M+K]+
4703,318.228427223,433.36227,97160.7637111,4.70169135623,10,
4706,318.274761161,992.91594,24707503.2029,2.37591308306,10,
4707,318.299922682,1236.79005,33044949.887,12.5660063403,10,
4708,318.299642079,1161.12921,198238157.505,3.06314420342,1.0,[M+NH4]+
4711,318.676467144,474.10236,404189.724534,3.03852343911,10,
16031,653.414132162,820.68549,4931396.61053,6.04969920504,1.0,[M+NH4]+
4715,318.886751275,35.4553047,677503.120653,7.47030751957,10,
4718,319.032761424,925.20207,233698.22065,4.57124263493,10,
4722,319.054120164,33.3746646,444760.895841,4.69133403366,10,
4723,319.08515505,776.71776,131183.849058,6.99169425927,10,
4724,319.078552353,66.146556,934297.233733,9.32575397168,10,
14816,599.194890876,349.929288,12192296.8598,4.58656969247,1.0,[M+H]+
4727,319.089815819,215.087238,222795.441121,14.9214476166,10,
4728,319.099080184,832.48956,57201.2527144,9.40124314975,10,
4731,319.105215862,566.809563,1121605.31201,1.95001828368,10,
4732,319.110471557,387.336288,49391.040319,8.28165017482,10,
4733,319.104938712,656.57004,268315.246848,6.26411201568,10,
4734,319.120939673,617.43513,59867.6407294,14.3341241458,10,
4735,319.117311514,46.4441058,1862167.30994,4.72572500574,10,
4738,319.118698646,759.50766,122045.147019,7.42043062305,10,
7677,385.128427218,195.540594,12604165.0868,3.92275700929,2.0,[M+Na]+
4745,319.139656283,65.599914,1876902.26171,6.78173187795,10,
4746,319.152740525,46.2906234,2300059.22111,2.12944475819,10,
4747,319.152644257,402.202926,86771.3325512,3.8503537438,10,
4748,319.159713316,501.232374,92363.5645,1.29975840649,10,
4749,319.168463966,387.516915,2833531.9798,4.96805308817,10,
4751,319.168936436,299.461521,42528.7050724,13.2902651764,10,
4752,319.168245955,933.27324,3591753.01987,1.76759164766,10,
4754,319.166349756,1001.46903,65526.245675,10.1141870016,10,
4756,319.184371714,486.369219,3191793.49645,2.69921969964,10,
5486,335.172652919,1088.18946,194187.027735,6.95866079247,2.0,[M+K]+
4758,319.209554276,769.73634,92545.2394541,11.6326917527,10,
9726,437.259946301,79.716804,1270441.61606,4.19832091499,1.0,[M+H]+
4760,319.216518705,325.976514,68626.7749825,8.92811797037,10,
4764,319.644381401,338.768037,128958.882777,13.477111254,10,
4767,319.995496671,33.4419945,1195975.84258,3.63172540287,10,
4769,320.017373428,903.44412,607985.033461,5.98845147367,10,
10221,452.152236685,63.372732,2840308.14548,4.69680485792,2.0,[M+Na]+
4775,320.083204123,918.08442,95851.1493992,12.05248563,10,
4776,320.083407418,867.45624,288207.462163,11.1941025011,10,
4777,320.078379422,528.099588,15972898.7369,3.11581316291,10,
4778,320.08341167,814.55562,202324.748969,7.85461683258,10,
4779,320.083030296,35.6112903,695194.680677,6.9962318837,10,
4780,320.083308143,850.69689,444770.753559,2.05134099062,10,
4784,320.10859752,566.910099,138818.45457,9.98549982933,10,
4786,320.108641638,102.507564,133376.328818,2.5653351064,10,
4788,320.119463343,35.3565531,816208.878158,9.32367000594,10,
4791,320.160185008,592.857489,834041.840397,1.97303066151,1.0,[M+H]+
4793,320.163566957,263.561127,7460189.72605,7.97594727381,1.0,[M+H]+
4794,320.163467676,377.478984,3648066.86307,10.5349934105,10,
4795,320.16360695,319.261722,1102527.32949,7.18287826955,10,
4796,320.16288628,429.298314,1649299.50323,3.22873816273,10,
4799,320.178037779,804.98976,209637.473601,6.76008648312,10,
6982,369.252622063,1032.99834,22747962.8319,6.52439345207,1.0,[M+NH4]+
4801,320.187464326,575.095446,52363.7961799,14.7793247354,10,
4802,320.187066352,486.367701,257067.293995,3.02398717936,10,
4803,320.198642087,647.19303,248508.70756,10.8994788348,10,
4805,320.673734301,269.997816,297570.289984,12.4171771031,10,
4807,320.844817477,36.0315498,227634.204567,9.62787783809,10,
4809,320.94025047,35.1304974,4589294.19354,8.46895164332,10,
4812,321.026481665,671.95458,30156.8279557,14.1065270405,10,
4813,321.052635005,901.95105,64649.737543,13.7415882431,10,
4814,321.052964574,962.87694,41641312.537,2.05965541913,10,
4817,321.059268341,261.362868,1867663.9766,12.8320614082,10,
10222,452.167587338,481.725198,110862.51647,12.7749813104,1.0,[M+H]+
4823,321.081812657,373.663194,44913.807716,13.2798658009,10,
4825,321.094051689,645.25347,1966739.81436,2.17423968283,10,
4828,321.123459549,894.59874,1235323.1742,8.17306017656,10,
4830,321.144362664,349.80885,120223.105519,14.2506805322,10,
4831,321.144196391,159.1104,185130.506436,4.97255477881,10,
4833,321.148678808,578.605974,59444.8534133,12.3046238872,10,
4834,321.160516464,1019.84442,68973.7170414,11.6996705743,10,
4835,321.152482939,967.0014,538895.122352,0.761677805434,10,
4838,321.18370047,1004.20941,211486.507884,3.96912026534,1.0,[M+NH4]+
6680,361.234479403,981.61809,1397355.89275,6.34332875745,2.0,[M+Na]+
4841,321.282725957,1269.26742,178305.087198,12.351483107,10,
4842,321.641794696,302.972691,44337.6473084,14.8218663908,10,
15812,642.320049532,258.582183,2712510.00557,3.06819571215,1.0,[M+NH4]+
15818,642.381600312,304.044384,48778.5557919,11.2039037604,1.0,[M+NH4]+
4845,321.694088467,368.903916,73739.046877,13.108738704,10,
4846,321.976338917,1757.11056,121023.155218,13.6224619996,10,
5670,339.077661219,740.73156,633564.473928,1.97709404604,1.0,[M+NH4]+
4849,322.05427478,131.709009,2049972.3333,4.9986883013,10,
4850,322.052311276,42.7348644,212120.268301,11.8370435744,10,
4851,322.066673309,801.19593,154414.409305,6.48276330398,10,
4855,322.062082838,39.5771799,2743444.70826,8.28446029037,10,
4858,322.106539237,254.860368,58166.8432146,4.22415859293,10,
4860,322.121863404,377.06262,308927.218167,5.78168138708,10,
4863,322.139258479,111.830778,694381.10173,4.65697698461,10,
4864,322.15943807,407.936673,139898.380531,13.4473423009,10,
4866,322.159503322,349.805682,40817.6009302,9.64574579148,10,
4867,322.170279091,1064.66334,154750.93407,5.13413147753,10,
4869,322.160420867,123.19773,48404.7717395,10.3963935742,10,
4870,322.175843458,394.376925,5515526.51188,3.19719536139,1.0,[M+H]+
4871,322.180499894,310.60383,1746012.03918,4.28186874805,10,
4873,322.181486119,464.892405,7597002.03409,3.66215910848,1.0,[M+H]+
13453,551.244173322,345.67218,221041.829662,0.490303038483,1.0,[M+NH4]+
15831,643.376863413,290.554941,969288.301188,6.49850444568,1.0,[M+NH4]+
4876,322.187008718,190.154835,2150316.88447,3.10887673382,10,
4877,322.18693448,172.129398,1274138.06407,10.0004850606,10,
10390,456.220880572,217.322787,3267162.41528,9.0515091418,2.0,[M+K]+
4880,322.237339077,1111.78167,9214791.0702,6.61305995942,10,
4882,322.237027226,1154.62035,43097853.2902,6.96739781108,10,
4883,322.248477733,618.21264,28669.4712358,9.51796206829,10,
4884,322.248520794,1004.85558,91197.9315107,9.57739878032,10,
4885,322.249993453,1344.71895,255979.171949,6.50258761052,10,
4886,322.284910903,981.31074,833171.811771,10.6618063749,10,
4887,322.611746651,274.730313,66974.5001735,4.5182384366,10,
4889,322.660839466,456.757563,373201.002374,6.54656268109,10,
4890,322.662831916,49.5358056,377352.231691,12.312242768,10,
4892,322.689642098,332.569707,1661181.8895,3.14211632723,10,
4893,322.693254349,580.197255,248708.181934,6.80135986289,10,
4895,322.681004155,55.6891818,202491.642956,9.69304419611,10,
4896,322.825116434,1611.87489,6487091.38523,12.9349192361,10,
4898,322.898449822,35.6989908,881344.767596,8.01841684186,10,
4899,322.936821656,35.1304974,1516654.47493,3.63489284019,10,
4900,322.969461703,35.9422269,1617510.29452,3.74518883197,10,
4902,322.988999582,1651.80288,11568595.2251,7.75890577726,10,
8336,401.017035233,903.52005,1055416.32422,5.9247540483,2.0,[M+Na]+
4161,307.037395337,878.0391,1735155.3551,4.44013692404,2.0,[M+Na]+
4907,323.0509247,733.09512,67066.2116696,10.0890685834,10,
4910,323.057135239,237.79161,243730.323512,6.69220177654,10,
4912,323.066836639,373.310784,27979.8906803,7.29112511568,10,
4914,323.083074602,767.89584,240684.740883,4.56648912841,10,
4915,323.083091868,680.90895,275566.791173,6.94264270824,1.0,[M+NH4]+
4917,323.090763045,81.482184,108606.467106,12.4514341663,10,
4918,323.091227197,149.218167,5490462.37087,1.47110873691,10,
4919,323.10845264,67.766676,1934518.97603,7.29722251217,10,
4920,323.119573437,1033.60692,146992.542074,5.82592835511,10,
4921,323.120983332,194.003595,270787.919123,6.17948494183,10,
5181,329.130471678,790.99695,214414.580568,5.93884412939,1.0,[M+NH4]+
4923,323.122601837,994.37202,912313.491004,0.810360692458,1.0,[M+NH4]+
4924,323.13478633,139.101645,344946.480727,6.48305949173,10,
4925,323.133395105,498.134727,435985.52089,9.8353407574,10,
4927,323.125881209,73.145046,366911.856237,14.3187376307,10,
4928,323.124930362,797.67228,1357718.97002,3.15959868943,10,
4929,323.144564152,41.7645504,3659679.85247,3.03175344589,10,
4932,323.161261216,456.167232,140385.972423,13.5609578619,10,
4933,323.152910388,395.973054,516143.152454,4.41683393337,10,
4935,323.152943179,46.4441058,698355.865658,6.59241576193,10,
4937,323.169327306,279.36117,43324.9567765,2.3608911938,10,
4938,323.170990275,721.07364,168196.459052,9.03938642859,10,
4941,323.180801634,41.4592032,850260.359266,13.1093301671,10,
4942,323.191593204,332.484453,446754.064193,4.466899746,10,
4944,323.18122394,929.56092,139323.544085,9.10913522453,10,
4945,323.209224203,1078.36206,45340.8477663,14.8537990865,10,
4946,323.207469267,542.907306,332009.229754,1.4536899759,10,
4947,323.207342724,356.343864,228301.968796,7.01576552304,10,
4948,323.217339821,41.0814174,6114606.90288,11.3370210052,10,
4949,323.232539975,702.52464,2973901.33519,0.877545381657,10,
4950,323.225620749,1068.43644,74725.0440389,13.7088804993,10,
4951,323.225493862,875.62308,202249.708015,6.34373087276,10,
4952,323.248457644,981.61809,68681.6979654,13.1543340911,10,
4953,323.257698233,1381.10046,13666764.687,3.33024214815,10,
4954,323.280129097,813.27906,5733691.37631,11.457718888,10,
4955,323.288178693,981.31074,101960.101933,6.40642627408,10,
15549,630.249162364,458.855589,1054592.92316,4.49378106859,2.0,[M+Na]+
4957,323.668782547,561.561252,79004.5208374,13.7025872838,10,
4958,323.662546258,46.1884359,1093783.2423,5.54692249675,10,
4959,323.673800028,791.50347,210350.861637,0.780249169098,10,
4960,323.692326661,332.63181,102125.440101,14.8017522486,1.0,[M+NH4]+
4963,324.058857945,240.422862,2625201.66994,3.71540942928,10,
4964,324.052430531,131.905584,94135.1814197,13.1672302051,10,
4967,324.090000799,77.001423,101852.43014,12.5109994053,10,
4968,324.092940981,902.25108,534021.855071,4.74089583659,10,
4972,324.152441085,149.214642,6018179.88071,3.51733769821,10,
4974,324.156726799,721.10511,702669.1284,6.11376681217,10,
11086,477.219566683,537.882657,3572940.26561,8.81949060423,1.0,[M+NH4]+
8472,404.222193643,230.677236,1241245.90855,7.12253259785,1.0,[M+NH4]+
9509,431.274684517,1035.00795,3588701.73275,8.56028668162,1.0,[M+NH4]+
4981,324.188940908,452.386194,505360.344931,3.34671791381,10,
4982,324.193323157,956.0736,417717.365692,5.83603395916,10,
4983,324.189004565,473.355954,1080519.19582,2.39728832896,10,
4984,324.204243334,836.44794,525317.953805,5.33639445963,10,
4985,324.200135601,678.90735,450481.88625,7.32630147961,10,
4987,324.28524183,45.344067,377590.082315,8.69929733328,10,
4988,324.672408941,271.475406,97016.2203147,7.06957028331,10,
4989,324.676348541,513.412791,225445.165067,5.31080231603,10,
15931,648.379418593,793.54542,3318922.15677,5.03434946584,1.0,[M+NH4]+
4991,324.895683553,35.6832411,326649.910966,3.1353025645,10,
4992,324.92835839,37.8011226,1339691.05335,4.25977151732,10,
4994,324.965206008,35.6832411,527444.454957,2.71488744651,10,
4997,325.021740625,850.39509,517604.872454,1.80239675065,10,
4999,325.024352379,906.77187,121321.123071,10.9457474364,10,
5001,325.046795132,265.773,2551431.65633,2.38266997139,10,
5003,325.062318799,54.2048145,626746.385059,5.2085332005,10,
5004,325.068459388,1076.29056,53336095.4961,2.21061923452,10,
5005,325.076959285,484.01739,99664.3609447,10.6467688587,10,
5006,325.084852615,839.65632,122128.248008,13.6035808665,10,
5008,325.098301296,777.39738,169446.977148,12.2596176208,10,
5009,325.094467732,796.47132,127085.671178,14.3167895065,10,
5010,325.098419001,814.60938,99681.1194807,9.55761590665,10,
7634,384.135775017,835.4394,102837.751666,6.84174513082,1.0,[M+H]+
5012,325.110234856,801.00993,219804.474151,6.14998394774,10,
5014,325.11279557,41.7688731,3368939.90494,7.41572664466,10,
5016,325.125243127,62.411544,220072.367221,11.6334272059,10,
5017,325.139307871,219.305787,123669.471242,7.30499699178,10,
5019,325.139312166,399.441798,97325.7568192,12.849815678,10,
13138,541.173479863,67.034802,7518650.60526,4.32884912417,2.0,[M+Na]+
15946,649.329224814,510.594462,119280.192197,7.87151396374,1.0,[M+NH4]+
15948,649.354752139,490.048533,436626.635931,4.85130942273,1.0,[M+NH4]+
5024,325.18458223,50.6465604,176367.51111,7.37806823714,10,
5025,325.192827135,502.68102,583908.992174,3.02659327379,10,
5026,325.18994096,740.73156,30833011.7298,0.522592738911,10,
5027,325.188327115,797.80323,148683.840898,5.86717277224,10,
5028,325.192601356,317.002767,345183.050793,6.08123830827,10,
5029,325.192436754,674.27883,681691.965529,5.77163808207,10,
7848,389.202599209,181.920831,9477560.46622,3.85286900087,1.0,[M+H]+
5032,325.200525611,1131.23208,16153066.8206,5.50588038049,10,
5033,325.222892716,608.48208,167819.342252,9.36843821574,10,
5034,325.224476448,1161.29634,10352952.3338,3.08910639686,10,
5035,325.263742677,1380.82932,215104.747546,7.8494135278,10,
5037,325.670998451,274.710366,213163.722105,1.71694061214,10,
5039,325.684253108,674.68872,200948.962495,9.19509232579,10,
5040,325.684280732,599.257104,172297.335176,1.95060059557,10,
5041,325.715043684,602.95524,5855699.23563,1.29466367376,1.0,[M+H]+
5044,326.039963922,59.7751143,972029.644639,7.91408637202,10,
5045,326.037121716,456.768693,69365.9936107,10.4698464852,10,
5048,326.080522715,426.222558,39628.3512988,10.53537006,10,
5049,326.097131998,1226.45403,1032759.78588,1.40459487857,2.0,[M+Na]+
5050,326.093888334,842.90853,255705.406495,7.43122467356,10,
5051,326.102199632,106.260306,39821.3499495,7.7401256852,10,
5053,326.114559969,145.081266,28269.6042918,13.8014001794,10,
5056,326.130628702,877.01889,213574.612878,6.04603699175,10,
5058,326.147257185,142.033269,2504914.40984,4.69361689833,10,
5062,326.151163227,378.606786,53278.149017,8.60177192395,10,
5063,326.158387235,562.858854,145596.272413,10.5663876632,10,
5064,326.155736031,48.4214913,2580769.82854,6.68018239503,10,
5066,326.168111242,65.599914,3463921.05599,0.347279311429,10,
5067,326.172379034,823.72434,78999.6700202,9.96319280447,10,
5068,326.176288001,381.505299,1833320.58567,5.80837527397,10,
5069,326.180629659,1266.84384,137154.229783,4.10314383699,10,
5070,326.178848614,1044.78084,120561.150163,10.4379389885,10,
5072,326.181770516,65.204424,6397729.97473,5.54468600856,10,
5073,326.208613795,955.42551,160070.925977,1.09235093403,10,
5074,326.221541962,801.19593,4779048.09517,3.74543462604,10,
5075,326.214828565,1260.7449,272069.563957,12.1003142874,10,
5079,326.377791791,1303.14432,40145744.5701,2.48430359474,10,
5080,326.661291123,63.053415,345289.529008,12.366153309,2.0,[M+Na]+
5082,326.677998957,381.363408,610527.152327,7.25274428304,10,
5083,326.710288809,526.122279,1229525.63788,3.27581658385,10,
5085,326.886722859,38.2716825,644346.238432,9.96313803538,10,
5086,326.957041745,35.1304974,918610.459509,4.7530690238,10,
5087,326.980878275,741.52599,410928.493456,4.48166818518,10,
5088,327.015801021,38.2675404,1401778.31739,10.314844031,10,
5089,327.03129006,265.657809,608598.991722,13.1357685928,10,
5091,327.051349331,36.8235549,2227398.74571,6.59019541483,10,
5174,329.068225517,33.6890376,2381889.79292,4.28532777495,10,
5095,327.088285432,46.6233483,896973.24854,4.33650509384,10,
5096,327.092675939,582.613362,58578.8863213,10.7552054486,10,
5098,327.131664507,409.422114,166456.745163,7.99170152714,10,
11028,475.25032184,877.56054,473500.632418,5.96632468832,1.0,[M+NH4]+
5100,327.12724533,40.2249939,3810002.00235,6.74660093077,10,
5101,327.126383911,79.943292,5988074.82783,1.60238046044,10,
11299,484.222664641,126.840018,516227.441516,13.4642517427,1.0,[M+H]+
8963,416.228728539,563.730753,3373728.94872,2.32688451023,1.0,[M+NH4]+
5105,327.171571718,224.010549,473855.897697,1.54154889069,10,
5106,327.170884805,793.80408,72002.8492221,12.3082778508,10,
5107,327.169461245,968.2089,327628.807586,3.29819410941,10,
5109,327.186162526,689.36739,1767068.20634,1.16929922392,2.0,[M+H+K]2+
5111,327.185491891,176.211462,868693.702727,5.61187143306,10,
5112,327.176119617,339.62352,211397.585727,7.32623382123,10,
5113,327.195048068,740.67249,227281.023263,5.61606254537,10,
5918,344.227498365,528.341802,87885520.2084,6.03392804416,1.0,[M+NH4]+
12265,512.291788431,842.61402,386466.833994,3.98331162755,2.0,[M+Na]+
5119,327.226887584,1289.04048,9133286.02972,3.27900740233,10,
5121,327.7181327,604.50201,395305.006162,2.47081615629,10,
5122,327.71825674,716.52216,149296.155748,9.49952375739,10,
5123,327.730571931,662.84994,349477.21051,4.70558543707,10,
5124,327.985928672,33.0613479,292611.043711,13.1054880372,10,
8342,401.097517461,63.465486,430974.47995,2.74114903185,1.0,[M+NH4]+
5128,328.068840428,81.494613,243993.399722,6.50456818972,10,
5130,328.088332669,409.080117,179713.185742,8.12100623466,10,
5131,328.095714286,122.143008,161452.150588,8.44070096039,10,
5132,328.097469119,848.67486,2215155.83639,7.95798875819,10,
5134,328.126411379,676.20567,113855.501699,10.2896638839,10,
5136,328.129076625,137.461482,103028.824161,10.4279869068,10,
5138,328.149986294,333.259896,187492.949977,6.50596202882,10,
5139,328.154871951,876.77148,177044.979431,4.93156707837,10,
5141,328.163435389,801.19593,310566.355547,4.96504783447,10,
5145,328.181071823,875.27322,182765.437465,7.26059206794,10,
16077,655.41296501,513.611964,495302.147542,3.94942931938,1.0,[M+NH4]+
5149,328.222780742,405.588501,87101078.9665,2.67577037702,10,
9749,438.240285339,435.027096,301766.73825,11.8733200551,2.0,[M+K]+
6012,346.233248779,373.343682,54387710.9263,3.75131759057,1.0,[M+H]+
5154,328.226115878,881.55906,2850367.54804,8.28493648234,10,
9285,425.203613807,1288.51326,622217.403841,1.46533184883,1.0,[M+NH4]+
5156,328.258727413,1016.79042,150168.997385,1.30037641618,10,
5157,328.331868795,1231.56012,7675823.24973,0.993505123568,10,
5158,328.660787245,561.6219,108311.473997,6.26622823736,10,
15322,618.345388307,515.863905,5021590.60689,3.49618689644,1.0,[M+H]+
5160,328.689860599,393.726486,557327.932018,3.38714572742,10,
5161,328.707724739,664.87401,831537.454164,4.42436420382,1.0,[M+H]+
5162,328.711667626,557.69298,217813.410098,9.85976569145,10,
5164,328.843651364,35.2857924,148231.92767,9.83711870784,10,
5165,328.915524349,35.6989908,982716.100772,6.62036650473,10,
5166,328.954066278,35.3565531,274291.603819,8.21327210055,10,
5167,329.02122646,786.76758,77604.1826707,5.08217335801,10,
5171,329.058014535,1032.99834,1850056.34979,4.66292833776,10,
5172,329.055388254,997.43628,335391.382243,12.3394740512,10,
5173,329.072401992,967.51956,695872.651649,5.56547457856,10,
5175,329.064248328,81.532434,174376.537227,5.37195793082,10,
5177,329.087352674,33.94017,193611.601716,7.61882045403,10,
5179,329.109205419,43.2873153,925988.294439,6.97733801817,10,
5180,329.119837014,684.00852,30630.2128002,6.49242035511,10,
5184,329.149215169,440.958318,955880.434677,3.40547143859,10,
12106,508.191480764,842.57646,400003.378616,4.29328030725,2.0,[M+Na]+
5187,329.137908956,193.380954,623063.334769,2.21685628789,10,
5188,329.146889147,126.97683,2850427.90204,6.79524157894,10,
5189,329.137773406,999.7734,183230.636126,13.4855736801,10,
5191,329.160420284,542.318853,50373.5892359,14.9113777571,10,
9319,426.21996081,380.921415,705660.074291,9.17817747701,1.0,[M+NH4]+
5193,329.149322329,616.99824,185296.591191,5.33132633826,2.0,[M+K]+
5194,329.151536159,515.295096,20022.268204,9.74633762427,10,
5195,329.150893568,1302.7089,261483.840251,6.88875532775,10,
5196,329.181477299,71.031735,45017034.1409,1.48885868547,10,
5200,329.213923771,556.481382,37535.7995607,13.8501552211,10,
5201,329.214894263,1173.49824,229564.776339,11.7361685176,10,
5202,329.21305754,513.488124,96343.764722,11.4480811878,10,
8673,409.317083034,951.03387,581074.174018,4.0315345635,1.0,[M+NH4]+
5205,329.279523564,1101.28101,7044534.86979,4.510271786,10,
5207,329.639230096,443.110818,73603.2421163,9.81729381686,10,
6589,359.679173106,490.317267,618356.543332,3.72607635377,1.0,[M+H]+
5209,329.679161914,362.095542,745946.350988,0.424910782098,10,
5210,329.67916336,316.53102,342491.915337,8.71790406823,1.0,[M+H]+
5211,329.691721682,354.59859,604614.22547,8.94749668787,10,
5213,329.942486935,30.8136147,107140.302262,8.78333029952,10,
5216,330.059375543,225.926367,1021242.45815,3.75999914812,10,
5217,330.059407073,159.627954,10367392.5671,3.05831485176,1.0,[M+H]+
5218,330.061297743,1032.99834,195672.503714,6.23791592052,10,
5224,330.0878879,278.794134,82104.1980936,9.90775475959,10,
5225,330.103524285,473.518962,220264.841709,5.93406302563,10,
5226,330.104559392,933.31032,390349.613619,7.95279952535,10,
5228,330.124925092,800.91534,233277.114424,14.1546482857,10,
5229,330.132432752,966.50676,339760.975805,4.45643810189,10,
5989,346.115949388,634.74933,2335677.39385,4.96082743017,2.0,[M+K]+
5232,330.142013403,598.097622,166565.550414,12.9883285187,10,
5233,330.152772945,440.822592,169374.659869,7.33194572276,10,
5234,330.172931761,782.97075,736020.515789,4.23891257879,10,
5235,330.165500421,214.258479,1545593.37828,7.12155276934,10,
5236,330.170168418,1024.02438,459193.286842,14.4749254006,10,
5237,330.172926715,585.147738,103639.298651,4.90028557639,10,
5238,330.16563662,257.633754,268844.035025,1.07062969335,10,
16752,705.355960766,514.68696,88260.3746115,3.13763936256,1.0,[M+H]+
5241,330.178924469,435.919686,134025.729566,13.9462167355,10,
5243,330.204940111,842.76447,183962.493904,7.21249281254,10,
6017,346.233317448,317.545593,33491308.4149,2.01092704759,1.0,[M+H]+
5247,330.285762403,833.60982,89924.2484179,7.74409712937,10,
9443,429.708575572,431.917008,334751.657379,3.96675094196,1.0,[M+NH4]+
5250,330.686827581,75.169863,1485791.30046,3.83856025302,10,
5251,330.694687354,627.55116,67462.9557305,10.6098229282,10,
16147,660.39216851,403.127496,260488.081266,5.4482619467,1.0,[M+NH4]+
5253,330.707033149,805.95594,383460.362016,3.31170457317,10,
5254,330.75330645,35.9569083,114679.322722,9.85287942713,10,
5255,330.840706154,35.3565531,119819.172112,12.1682326892,10,
5258,330.93210348,33.1456128,958283.785099,6.86164466645,10,
5260,330.993215012,660.15063,369230.039702,3.75040755892,10,
5267,331.052518965,981.6504,99868.4459221,5.08320098118,10,
5268,331.0582165,691.90776,207030.91749,5.69276529672,10,
5271,331.062998738,225.876798,87857.7571958,7.00696417506,10,
5277,331.087892188,839.63418,60844.6210333,12.5697901268,10,
5278,331.095459408,333.74154,3059683.8437,1.02588475998,1.0,[M+H]+
5282,331.129406131,265.142373,17762295.526,1.2519053352,10,
5283,331.126045768,966.21357,1177588.40148,5.29957465098,10,
5284,331.125032007,247.41174,182797.34968,7.30783637598,10,
5286,331.145353468,634.9971,113125.157804,4.68272029741,10,
5287,331.147314312,38.952372,3031519.8998,4.12624423278,10,
8539,406.171643092,367.522305,21833111.7761,5.13410883143,2.0,[M+Na]+
5289,331.160885221,53.2568169,4405758.1329,1.5981176417,10,
5291,331.167267376,1229.0016,405862.128567,14.1514668058,10,
5292,331.165361278,34.4868702,225690.919677,11.651042212,10,
9278,425.191511974,509.202828,2658202.97329,1.24303192589,2.0,[M+K]+
11247,482.271479699,66.303363,2344218.15689,5.33979101821,2.0,[M+Na]+
5298,331.19706463,82.83618,25554558.5122,1.39708682833,10,
7902,390.234150793,115.172574,90270.6290572,14.0798369196,1.0,[M+NH4]+
5301,331.204601675,944.39313,6083325.39138,11.0493026865,10,
8864,414.196411256,63.691296,11393891.1023,3.62039752385,2.0,[M+Na]+
5303,331.216454731,1249.94784,61376177.9988,2.32239014546,10,
5305,331.233442627,64.889985,21169140.9788,5.84695731184,10,
5306,331.241881268,425.595303,1612108.14266,0.719218434049,10,
5307,331.258625896,1237.49961,1942208.70703,3.51445139704,10,
5308,331.283784324,957.14019,785613.439334,3.33499239837,1.0,[M+NH4]+
7624,383.744536437,517.649424,159489.035201,10.6669087268,1.0,[M+NH4]+
5311,331.680531321,652.31241,174716.371981,7.65434322004,10,
5312,331.675660365,509.154771,229774.775838,5.27056982289,10,
5313,331.881314051,30.8260248,166863.217781,3.15089054076,10,
5315,332.014044714,33.2216829,977899.699251,6.39214654012,10,
5316,332.032697042,47.2540428,1375123.78935,8.81549800709,10,
5319,332.082376357,394.824999,20982383.6273,5.76021364913,10,
5320,332.083428833,924.98007,1058842.33488,3.39360405,10,
5321,332.082608078,241.811346,46927.8479775,12.227438632,10,
5328,332.148878428,46.4441058,8788584.68832,3.2088778054,10,
5331,332.161912579,986.01789,7312647.21274,4.86957770492,10,
5332,332.157419979,59.193078,169709.182587,8.29231274897,10,
5333,332.182641588,758.62767,136412.574167,5.65621372116,1.0,[M+NH4]+
16173,663.345452763,524.544108,6973455.05052,6.49527827629,1.0,[M+H]+
5337,332.181208963,411.059862,379309.473656,2.90566126727,10,
5338,332.181463412,115.026072,1516936.70997,3.85532006434,10,
5342,332.188678637,978.14853,2480717.88066,3.33010156269,1.0,[M+NH4]+
8353,401.179189538,427.034178,307058.517234,6.64161144293,2.0,[M+Na]+
5345,332.217590967,264.238623,115264690.384,1.95294540738,1.0,[M+NH4]+
5346,332.217562745,452.828436,5637402.11052,2.23690827806,10,
5347,332.217611326,499.83921,7939836.80012,2.18278444036,10,
5349,332.217575217,481.520106,36728663.8701,1.50878010999,10,
5351,332.217516085,222.272796,16027721.0872,2.7006613695,1.0,[M+H]+
5352,332.228765524,522.780336,246838.794931,8.63812406728,10,
5353,332.240056093,436.179813,414171.578905,4.49964570584,1.0,[M+NH4]+
5355,332.242799786,947.89086,1301686.17273,1.69399672098,10,
5356,332.22824183,475.735326,66923.364338,4.01569444322,10,
5357,332.25397777,47.2368753,764088.64051,7.35075723001,10,
5359,332.265185615,779.19783,78965.0192907,6.80247835282,10,
5360,332.279051837,1113.87027,8915750.20772,3.20151522187,10,
5363,332.290259424,1106.32836,2218045.82308,2.07005623342,10,
5364,332.287522511,1321.20114,5868470.17659,1.65391151672,10,
5365,332.660500286,77.757051,429870.705223,5.1423007063,10,
16184,664.365765221,469.622718,1534701.47125,6.7786341565,1.0,[M+NH4]+
5370,332.670041721,320.635725,151080.146348,6.55037695958,10,
16185,664.377726523,567.646227,226060.153975,5.42125899425,1.0,[M+NH4]+
5372,332.750495409,35.9569083,62951.5268398,8.58053811098,10,
5375,333.031851539,967.19226,5952342.00711,0.556206332268,10,
5376,333.052461399,848.30103,675901.152598,4.39033792206,1.0,[M+NH4]+
5377,333.049583306,98.116194,23149.9141179,2.33769257203,10,
5380,333.086674213,925.20246,79596.4239003,13.1750358021,10,
5381,333.093923942,90.862761,133279.721539,7.48221097993,10,
5382,333.088441785,35.2857924,2019952.23226,7.51092923522,10,
5383,333.09276264,122.327214,70791.6106821,8.6346940538,10,
8737,411.146666385,835.4394,104777.007337,11.1831633929,1.0,[M+NH4]+
5389,333.120727189,587.625867,1028083.99558,2.75468919564,10,
5390,333.120549563,308.38953,678595.146557,2.04505166592,10,
5393,333.113226413,803.83404,204834.197799,3.9777411432,10,
5394,333.132938738,46.4441058,11763633.9839,3.08221355476,10,
5396,333.15532423,211.354233,1025783.8598,6.03668938224,10,
5398,333.158467062,645.38904,149984.894618,5.63147100077,10,
5399,333.155483419,446.155056,50618.3017669,4.6140280677,10,
5401,333.186166851,1042.91712,578947.183931,3.45541904315,10,
5402,333.180857143,455.361072,50116.0984433,9.61028217794,10,
8956,416.201244055,63.480042,191457.499418,14.3595925459,2.0,[M+Na]+
5405,333.187642415,41.1413079,591216.009163,14.7912530348,10,
5406,333.191587787,901.40643,882907.357942,9.96797178574,10,
5407,333.191655925,218.541978,1587307.9546,3.29672192438,10,
5409,333.191754745,936.04638,1547704.51634,7.3094786185,10,
5411,333.221162034,182.468283,6896106.14471,2.79336517898,10,
10019,446.224456463,297.348009,199225.810392,4.66424309745,2.0,[M+Na]+
5413,333.221191432,331.2588,3150180.89078,1.92279730808,10,
5414,333.221156835,348.353766,1999518.97301,3.37391953766,10,
5415,333.245994381,947.69424,157979.985661,6.19394984376,10,
5416,333.285243873,1106.44764,127890.083544,5.76751337049,10,
5418,333.295309887,1358.81814,842742.477813,5.96160097278,10,
5420,333.69852773,680.2077,165361.833684,10.9005791512,1.0,[M+H]+
5421,333.708234227,793.88232,241918.774508,13.7574296564,10,
5422,333.730375056,708.65964,55235.8050907,11.6739418769,10,
5423,333.959054929,36.6367905,186325.788551,10.3561189829,10,
6240,351.984404892,1757.39544,293821.669341,10.4197753734,1.0,[M+H]+
15033,608.163915096,977.81109,131663.246605,10.6759079169,1.0,[M+NH4]+
9862,442.085335075,827.15946,486593.802584,6.4353052379,1.0,[M+NH4]+
5428,334.066648526,681.40317,91949.5207046,5.92749794749,10,
9415,429.136833963,70.547679,49241502.3421,1.928363306,1.0,[M+H]+
5434,334.106603399,1024.12992,242307.557604,3.27732832415,10,
5436,334.109311792,37.3731672,212820.444143,11.6815133966,10,
5439,334.139442844,424.030128,459437.902862,3.32041333499,10,
6781,364.186027669,640.6464,337256.118983,7.99813033844,1.0,[M+H]+
5441,334.139281998,219.646854,2433327.83965,2.92134207698,10,
5443,334.138549745,791.79168,83139.254561,6.74353156423,10,
5444,334.15895842,250.962678,1127393.58502,3.84076112391,10,
5445,334.16017128,303.359634,74472.2651877,12.9039592328,10,
5446,334.151835334,787.81005,69640.8231308,13.5696326526,10,
9586,433.265277809,409.121424,6331889.43626,5.2401889901,1.0,[M+NH4]+
16451,682.351160402,464.800635,1069774.34021,4.11359717117,1.0,[M+H]+
5450,334.196692201,89.250177,19784345.0137,1.51503003586,10,
5451,334.196862375,107.572383,8676720.30148,3.61772313946,1.0,[M+NH4]+
5452,334.196676683,130.047279,26123747.1475,3.41011683378,10,
5453,334.186898212,558.727224,506434.126382,3.31111634908,10,
5456,334.223521235,182.477604,740416.169048,5.0081758369,10,
5457,334.233257709,73.329684,1106264.9786,8.99545670691,10,
5459,334.660757478,537.19398,60294.2167198,13.3508366147,10,
16455,682.423935911,692.43972,1459965.58602,2.93685582798,1.0,[M+H]+
5461,334.860569396,35.4553047,234139.575337,4.5858196667,1.0,[M+NH4]+
5462,334.987594349,903.52005,866684.18714,7.59639027703,10,
5465,335.016623663,33.7566786,580433.080785,9.9684789996,10,
5466,335.028875866,967.25907,2423278.8271,3.15465938562,2.0,[M+Na]+
5469,335.050653641,740.71794,3498424.68535,1.2612589543,10,
5472,335.083726083,51.2009874,69774500.0125,1.12540336157,10,
5473,335.081737218,139.808832,71150.4361012,3.79712105937,10,
5475,335.108328452,154.880466,91489.5291895,14.891288633,10,
5478,335.129048053,326.705142,130479.788368,5.05267483906,2.0,[M+K]+
5479,335.134511868,41.339418,311904.902283,5.01041234522,10,
5480,335.142927645,423.977292,53883.0116137,14.9401917608,10,
8626,408.248831335,467.175006,9422007.45905,1.71985920827,1.0,[M+NH4]+
5484,335.159778127,564.184092,52859.2187999,14.4527464009,10,
11777,498.249793692,141.513888,160162.286839,5.85755414175,1.0,[M+NH4]+
13856,564.249428924,71.502546,43765801.4329,1.61476209634,1.0,[M+NH4]+
5488,335.182314729,953.27124,5851429.42616,5.04763488886,2.0,[M+Na]+
5489,335.188779039,1262.86614,87305.9322278,10.8386612919,10,
5490,335.198298279,1164.29634,285925.242861,2.63685224661,10,
5492,335.210597832,774.14457,319071.206806,4.70751675231,10,
5493,335.222090195,820.85424,5660012.33859,4.48119092627,10,
5494,335.232463643,1111.84725,115482823.083,4.20502236876,10,
5495,335.232149974,1154.61669,258822579.02,3.03958700577,10,
5497,335.256921465,1280.41764,572264.746207,10.4319653884,10,
5498,335.254847389,1343.74854,1321509.26682,6.95133205884,10,
5499,335.268731265,931.17132,781589.171521,1.35875568041,10,
5500,335.305926929,1244.97708,506742.650709,6.99574252829,10,
5501,335.311312612,1311.5034,79681.8424664,11.9604628734,10,
5502,335.670336719,141.482712,80963.176395,6.94339940501,10,
5503,335.668660491,483.203826,98865.4989231,12.8200790302,10,
5504,335.684149607,793.84308,156972.371164,11.2065732188,10,
5505,335.697352897,428.789046,194855.675917,4.56594092292,10,
5507,335.728041676,661.20912,266525.374445,1.34018075911,10,
5509,336.052283777,528.099588,7350916.43147,5.65879751106,10,
5510,336.054285569,740.92104,358755.599713,1.858884429,10,
5511,336.061336353,921.62736,255342.681687,7.44039577895,10,
5514,336.08218051,801.19593,4477096.24314,3.24654057224,10,
9138,421.04283228,967.96746,1830251.69513,1.79191888398,2.0,[M+K]+
5516,336.07828551,747.82278,36104.443636,12.6368309966,10,
5519,336.122402091,333.518022,152713.618473,7.41862783009,10,
5520,336.114546615,827.12742,283383.527465,12.4328547011,10,
6251,352.091121824,51.2009874,4349715.56323,1.81448608585,2.0,[M+K]+
5523,336.127376291,41.4548715,568051.03583,5.00983448811,10,
5524,336.137207753,485.349903,1354729.86601,4.74896888147,10,
7634,384.135775017,835.4394,102837.751666,6.84174513082,2.0,[M+Na]+
5526,336.154984066,416.429994,528817.051062,4.03532993895,10,
6327,354.165569958,207.225186,1800281.7328,2.77097768683,1.0,[M+H]+
5532,336.169094105,83.466438,195011.782269,6.77018996419,10,
6862,366.202039455,399.066732,11809649.6212,2.35331198353,1.0,[M+H]+
5534,336.183338689,771.39828,119136.463246,14.7487557529,10,
5536,336.184458085,69.999918,864593.887465,1.02592640826,10,
5537,336.185825724,1163.42874,242903.467757,8.04564672193,10,
5538,336.191361022,605.24967,3038472.10953,1.84464636046,10,
5539,336.191379908,619.34391,5242861.08625,2.21643226713,10,
9289,425.236404123,484.702785,1298056.06266,13.9783704592,1.0,[M+NH4]+
5541,336.191168363,648.68697,3006014.38785,3.34633944669,10,
5542,336.191301224,533.10585,24081117.2927,12.9581926226,10,
5543,336.191201514,697.40514,78001.7595447,11.8615847532,10,
5544,336.191443456,766.71906,106386.944585,12.3551860852,10,
5545,336.223793384,40.4552955,25052096.0073,3.63734176453,10,
5546,336.228998738,1240.80114,1734794.37342,6.23955370863,10,
5547,336.229451565,661.09917,49386.0358175,3.08023618429,10,
5549,336.235982151,1111.53498,22882266.6546,2.65354226887,10,
5551,336.263949329,1077.35526,332241.488389,8.87386678565,10,
5552,336.272361351,930.61686,146848.935693,4.11624278212,10,
5553,336.658083998,558.036108,87150.8681488,10.4455939987,10,
5555,336.707132975,738.14805,820437.87056,2.40943990241,10,
5556,336.717685132,595.922526,111394.796647,1.4838524132,10,
5558,336.914166638,35.2857924,2657203.65841,9.36214271355,10,
5559,336.973519605,300.100584,78279.9672536,6.38814105121,10,
5561,337.037697455,394.824999,54178976.8042,4.61647057767,1.0,[M+NH4]+
5568,337.104119888,1133.20488,5662672.77069,0.969451232808,2.0,[M+Na]+
10331,455.099363806,1033.27479,723896.016815,5.16126529395,2.0,[M+K]+
5571,337.131464357,870.13947,107103.650805,5.11533423991,10,
7899,390.211837193,1056.57516,3934970.71832,5.51080064423,1.0,[M+NH4]+
5574,337.158494756,416.429994,65756.6250215,7.74948150292,10,
5575,337.150191548,116.400402,1462377.09969,3.32245725001,10,
5576,337.150236408,253.393998,3344261.83211,4.76846605454,1.0,[M+H]+
5578,337.171339388,40.8279981,62680049.2213,1.98670772928,10,
10345,455.218646029,411.479739,542944.903913,3.70499229133,1.0,[M+H]+
5580,337.196480726,567.701622,323862.571006,2.90210720548,1.0,[M+NH4]+
5582,337.181793825,35.3657214,110520.994402,8.88767983962,10,
5584,337.194603059,648.68697,510298.230637,3.5356100044,10,
5585,337.189884281,767.05281,1217183.49879,3.24798381943,10,
5586,337.197515583,425.696916,233982.336227,9.70242565152,10,
5588,337.222756581,807.48558,1234311.00514,3.63441029176,1.0,[M+H]+
5589,337.211752752,1189.10271,26771478.9563,8.37949055277,10,
15165,612.316610967,460.729062,68701.2824581,1.37253890329,1.0,[M+NH4]+
5591,337.223010799,544.3476,443724.561377,5.39465074061,10,
5592,337.232882463,740.73156,83116.0516012,7.71525766927,10,
5593,337.234505588,1320.87702,18139459.6165,1.5651599721,1.0,[M+H]+
5595,337.248108098,1067.95728,126627.844135,12.2839654214,10,
5596,337.248028513,742.40124,221395.685477,2.2779964438,10,
5597,337.313626134,1186.73253,253777.574668,13.7148336527,10,
5598,337.670014797,411.821121,67377.5816932,10.324509685,10,
5599,337.698916189,425.536176,70771.6338717,12.5849744142,1.0,[M+H]+
5600,337.699798903,820.85424,708839.304801,5.73405602132,10,
5601,337.970391628,33.1285554,1462797.87213,3.06646071345,10,
5608,338.071348178,645.08703,164393.797974,9.82532074484,10,
5609,338.069685851,842.61402,596946.104325,4.35848413259,10,
5612,338.076122044,67.16754,474767.744642,12.636446711,10,
10958,473.202846549,247.60227,63747.5163034,12.3080697079,1.0,[M+NH4]+
5617,338.115891317,925.20207,104977.38688,13.7238807414,10,
5618,338.117416348,34.3963188,397899.804281,7.25959469014,10,
5619,338.119913234,331.402644,286504.36959,8.80193361512,10,
5620,338.147128122,265.521327,6270081.13602,14.8711477736,2.0,[M+K]+
5622,338.147204747,598.268868,118923.962534,10.4024505978,10,
5623,338.141930526,387.682404,55563.2785983,8.56230869715,10,
5625,338.154378248,205.925598,783426.209641,5.61448361824,10,
5626,338.170539149,249.798738,3724565.27226,2.15524264285,10,
5627,338.172193631,456.026178,113600.858591,14.8829643244,10,
5630,338.170569881,150.61059,10347498.6633,3.9611452055,10,
5631,338.180363578,302.456757,44343.2138875,14.6629236605,10,
11312,484.250734887,65.256048,1459457.29843,2.89938663313,2.0,[M+Na]+
5636,338.202008765,820.74555,182723.822439,8.65056897396,10,
5638,338.210236153,857.8875,2454809.98498,9.88373912418,10,
8843,413.275550411,434.040768,2881314.06816,4.44699668061,1.0,[M+NH4]+
5644,338.243400526,495.281577,345478.149713,6.70768728922,10,
5646,338.264441524,44.094663,934222.065905,9.14877328578,10,
5648,338.316191714,1293.06453,1688400.40766,7.86505934234,10,
5649,338.341234048,1370.34309,17133389.1665,2.37888497709,1.0,[M+NH4]+
5650,338.663978324,63.783738,138274.686638,13.4723831006,10,
5651,338.824381854,35.3565531,92968.1463695,12.1450197564,10,
5652,338.911385222,35.1304974,1018020.59003,8.09360570887,10,
5653,338.943974297,36.0168684,1205941.3329,5.85157610451,10,
5655,338.967070285,1658.20284,258083703.951,6.9600946314,10,
5656,338.967269781,1717.2381,9906771.39795,10.325146012,10,
5657,338.96719848,1692.2559,25364794.0192,9.1228302548,10,
5658,338.979705069,766.35204,74058.6263599,2.83756702831,10,
11170,480.10159168,593.696256,33469415.0879,4.78985964418,1.0,[M+NH4]+
5660,339.012936551,113.698776,93177.5944946,10.3063500491,10,
5662,339.024891955,962.74758,648158.711954,7.27121442439,10,
10877,471.100800369,1024.19487,1472995.04045,3.53044553616,2.0,[M+Na]+
5666,339.039943894,967.51956,16819300.52,2.98165559427,10,
5667,339.063430096,902.17728,1624672.30697,10.7057920275,10,
8571,407.05220956,39.2054199,2467142.36235,5.29714813033,2.0,[M+Na]+
5669,339.072155049,1081.66884,63309.7974499,10.658775963,10,
5671,339.086067978,67.714302,2867428.26187,6.23464344937,10,
5672,339.092589547,394.950174,196407.549095,7.43600215205,10,
5952,345.144321773,193.149342,435640.416616,10.1457019078,1.0,[M+NH4]+
5674,339.092191829,139.784079,378971.500894,11.9879043487,10,
5676,339.107804906,498.038574,294906.452185,3.59960981978,10,
5677,339.125620589,801.19593,1957325.49218,4.19823132185,10,
5678,339.128910094,308.603418,84957.0415001,8.79872049036,10,
5680,339.137332024,46.227783,652543.94136,2.98159766975,10,
10094,448.245507654,1187.02224,769068.969261,11.4232596166,1.0,[M+NH4]+
5683,339.171490457,462.124764,2070825.63993,3.75516975897,1.0,[M+NH4]+
5685,339.163241128,268.739874,276150.936975,5.31021943696,10,
5686,339.165318507,819.30522,248143.210903,8.19593013514,10,
5687,339.167026171,35.2217958,132386.377311,14.3711174732,10,
5689,339.191210497,148.587579,1029194.63724,6.91006772875,2.0,[M+Na]+
5691,339.208078285,433.467876,107995.203049,8.86503534184,10,
5692,339.202272646,566.910099,579121.360686,3.00361047609,10,
9393,428.263795279,814.1568,183768.421803,7.91255455833,1.0,[M+NH4]+
5698,339.2358625,975.38628,367713.953774,5.60863596808,10,
5700,339.238506932,583.707498,146168.697878,2.77369593703,10,
5703,339.673176572,462.124764,635868.037162,4.16054967566,10,
5704,339.663597548,343.558977,227642.46679,7.53982793098,10,
5707,340.003406252,33.1285554,1921745.97943,3.66319555452,10,
5708,340.028845095,748.49154,43983.8944598,6.09504372867,10,
5714,340.066637141,839.66406,233774.526098,4.38946230761,10,
5715,340.069245281,975.55302,78240.6316051,9.55279832357,10,
5718,340.098426392,193.830531,63382.2257914,2.22744403126,10,
5719,340.107081823,348.687768,92825.3956634,4.41424872859,10,
5720,340.10588765,967.95042,134560.50019,12.2686313676,10,
5721,340.126670902,149.214585,6028964.74444,2.0668133985,10,
5723,340.152310482,394.624737,4193335.73365,7.75934039405,10,
5724,340.15002797,184.526277,4424023.75097,4.56690975835,10,
5725,340.157246178,569.230686,95523.0198644,14.3245052419,10,
5726,340.155050981,717.3141,97976.6816256,5.37356265546,10,
5732,340.178414356,862.09068,1572161.5284,4.81857280399,10,
5734,340.197598856,47.471748,3769848.5312,3.07946240569,10,
5735,340.226106763,933.50688,2618613.45377,6.93060255516,10,
5736,340.234924498,1292.74134,192694.99019,1.77696264748,10,
5737,340.237489575,876.9168,821450.124066,6.12668699594,10,
5738,340.259152519,618.37359,4390772.56386,2.51144606174,1.0,[M+H]+
5739,340.259082906,586.666011,5804435.98054,2.30385570882,1.0,[M+H]+
5740,340.252016117,50.3088744,1489801.84259,3.85831132571,10,
5742,340.331929564,1319.41254,5615182.18255,8.42129006566,10,
5743,340.357037574,1413.38229,10624163.4391,2.7225991215,1.0,[M+H]+
5744,340.637163567,258.494874,100389.661238,7.6949587188,10,
5745,340.684053988,451.027848,632160.521188,4.55501002254,1.0,[M+H]+
6498,357.736828048,847.62675,2071552.39205,4.95120830737,1.0,[M+NH4]+
5747,340.73841905,784.55694,2209226.88332,2.84555507763,1.0,[M+H]+
5748,340.782007726,36.4739277,68373.0677658,8.69208346888,1.0,[M+NH4]+
5749,340.90221789,37.8189096,575164.506796,14.1131251478,10,
5750,340.926674371,34.5774216,157729.903667,10.5090738508,10,
5752,340.990787894,81.494613,98851.0393758,8.80513483237,10,
5753,340.995856223,814.55562,120396.386938,3.41289244753,10,
5754,340.995664938,850.34955,250324.050611,3.43716009716,10,
5755,340.988266017,33.4419945,5030364.05428,5.31033941748,10,
5756,341.020125166,265.937112,1071401.79209,1.16450497514,10,
5757,341.03048592,37.958493,744215.295612,7.40764728561,10,
5759,341.048697908,59.4578652,276557.949499,1.91873012906,10,
5762,341.049183883,925.47198,342690.407104,5.04498781439,10,
5764,341.059713511,33.2216829,622953.000245,11.7843364702,10,
5765,341.060680816,839.59656,158820.444634,2.5860192684,10,
5766,341.065192988,220.330413,69323.3834239,9.80323868282,10,
5767,341.070306628,1024.2159,223022.969274,9.83827625175,10,
5769,341.0729838,925.03131,162837.058778,12.7108789952,10,
5773,341.093386063,842.97012,472665.858972,5.8182182701,10,
5775,341.099969738,862.91232,253906.426761,3.99106611693,10,
11625,493.200616887,842.57646,466473.655246,4.26875421567,1.0,[M+NH4]+
5780,341.133415029,870.81132,82030.7727805,7.67729474808,10,
5781,341.129929089,1032.98628,240313.050795,8.1414435208,10,
5782,341.130128228,1001.57562,225213.319425,11.7482376798,10,
14177,575.189907452,835.56756,157886.601845,11.0434313297,2.0,[M+Na]+
5784,341.156395827,42.0828726,12448591.1218,4.18175274568,10,
5785,341.156537665,237.510111,2406067.0521,4.99390165143,10,
5787,341.156549133,256.422486,753935.451674,6.85088738277,10,
10858,470.296936628,480.807015,33513234.2226,3.28031869347,1.0,[M+H]+
5790,341.166417712,317.054016,125930.979607,9.49822462976,10,
10266,453.197367901,190.703844,483359.754844,7.45508556736,1.0,[M+NH4]+
5793,341.178005285,951.01071,135510.074867,10.9005464818,10,
5796,341.192494181,42.358854,1010761.24081,3.6105283809,10,
16441,681.366874387,529.749159,532332.143865,2.73014207759,1.0,[M+NH4]+
5798,341.201599959,1225.57509,76016.82196,10.9915529404,10,
5800,341.240145442,784.68141,841337.165523,3.08672139499,10,
6587,359.315163097,1362.26991,21381964.3281,2.12579964228,1.0,[M+H]+
5805,341.666804091,249.798738,118861.441812,11.0488857611,10,
7619,383.668152297,334.433415,97143.7937422,6.48832882651,1.0,[M+H]+
5807,341.697466175,399.830727,3431396.06177,2.31564625884,10,
5809,341.741514969,784.65228,157854.326674,14.9477836064,10,
5811,342.016643241,33.4591773,334623.00394,10.3467130107,10,
5817,342.065361851,814.95198,26016.1507015,13.0940804051,10,
5819,342.087893767,46.3637259,550268.057179,10.829302023,10,
5820,342.088414941,145.275216,45046.8010767,11.3050818882,10,
5821,342.121148759,372.663309,906633.103961,4.71992934962,10,
5822,342.117326862,39.5771799,2870217.35659,7.77378349457,10,
8552,406.236230498,963.06675,951009.758452,3.79170684066,1.0,[M+NH4]+
5825,342.139128913,41.5560606,12554573.6072,6.71015974908,10,
5826,342.144945518,377.594472,341488.800831,6.44418094146,10,
9008,417.23352133,130.375839,646051.878864,11.4122765417,1.0,[M+NH4]+
5833,342.16062326,674.35413,631313.934456,2.93617219166,1.0,[M+NH4]+
5835,342.169759765,339.696852,713965.580026,1.17276509917,10,
5837,342.169619806,378.118194,143899.361921,3.94445993062,10,
5838,342.176798019,283.255626,678205.799695,4.77825224193,10,
5840,342.221011732,902.09556,200575.216882,7.07500213729,10,
16468,683.444240814,581.533926,3294862.87905,2.83105201224,1.0,[M+NH4]+
5842,342.225200275,881.78892,37940325.8379,2.58818898274,10,
5843,342.238393201,545.025846,54374745.9925,9.78742849134,1.0,[M+NH4]+
5844,342.265137551,586.495986,77082.695539,9.29234561643,10,
8230,398.410217831,1413.21984,1653585.52162,2.9600829663,1.0,[M+H]+
5846,342.635961955,46.2906234,314317.868077,3.05262147453,10,
5847,342.713518065,680.05866,123317.588147,4.26314271455,10,
17008,728.429373012,581.921175,72250.1618782,6.72143150417,1.0,[M+H]+
5849,342.931206298,35.3565531,759341.776059,4.7726203754,10,
5852,343.012220443,33.3746646,1254115.47725,3.58358997262,10,
10569,461.028811275,903.76566,338713.616531,3.51809816311,2.0,[M+K]+
5855,343.048898308,34.0891755,857737.444958,6.8527509712,10,
5856,343.046048278,613.91412,76319.7992148,14.6200020293,10,
5860,343.057282813,171.299592,157708.438553,12.2364020415,10,
5862,343.063924735,63.372732,442683.014659,4.266505185,10,
5863,343.083848383,33.3746646,11680858.7307,3.18417540242,10,
5864,343.10672657,166.933773,263663.750996,3.61554939585,10,
5866,343.135631815,84.44193,21983242.5113,1.31602920745,10,
5867,343.124702234,372.63318,128556.469681,2.20761302139,10,
5868,343.138400756,711.30981,245165.893475,4.70551657451,1.0,[M+H]+
5870,343.138423184,788.80146,190288.498777,3.90922462234,10,
5871,343.159351324,324.730347,498512.590697,2.23364967371,10,
5872,343.172130672,126.840594,8698530.03572,2.52472069317,10,
5873,343.165696803,1024.00935,1680630.38619,4.36125661348,2.0,[M+K]+
5874,343.194354813,901.5762,213682.863246,6.37934809387,10,
5875,343.193591995,823.38282,73481.9450674,11.2515278055,10,
5876,343.208396347,51.5750589,10060087.4155,2.58170653846,10,
5879,343.228929447,581.404164,269584.485784,1.75917465518,10,
5880,343.226837991,882.39612,3269452.29101,4.2867199978,10,
5883,343.295022269,1121.17239,8679676.50824,2.48675519644,1.0,[M+H]+
5884,343.306160871,1078.5918,62018.8226819,10.6955853312,10,
5885,343.314580326,1226.54286,53137.921772,12.9060520782,10,
5886,343.649626049,310.835136,36424.6505247,10.7679079011,10,
5887,343.671227974,793.86282,117736.401522,12.9384892321,10,
5888,343.696686504,738.13449,145041.763759,5.95010463928,10,
5889,343.717094925,476.427954,2808884.94049,2.83605177785,10,
5891,344.075147504,77.270742,450266.043873,6.14206760487,10,
5894,344.100707052,215.114049,134943.846323,7.29229543263,10,
5899,344.100626066,541.312656,117537.637849,8.08256155619,10,
5900,344.12138329,89.682867,1679826.06396,7.27754166499,10,
5901,344.119045333,372.625284,29415.8816454,7.87658189667,10,
5902,344.126983444,423.605985,235364.005661,8.15977041579,10,
5903,344.131408732,611.27226,22731.8695859,13.5575582375,10,
5904,344.140820949,801.19593,372500.671365,14.6104923751,10,
5906,344.14271655,41.1413079,1250837.77646,11.6468965133,10,
5907,344.137268852,1024.00935,208142.578949,5.67969672002,10,
5910,344.149577264,1024.15188,206195.091482,9.29086535343,10,
5911,344.181138022,251.43942,2947806.01597,3.20411473672,10,
5913,344.175072236,1177.39686,151379.466778,12.7896894734,10,
5914,344.181188791,706.08528,48852.9196686,14.8270875794,10,
5915,344.192438699,41.4175995,759466.134272,8.07944310889,10,
5916,344.205382199,245.166906,106266.499952,6.74201061498,10,
5917,344.218330585,476.378382,611306.783036,3.85729544335,10,
5919,344.225628582,1207.40724,6233635.3118,9.78644271868,1.0,[M+NH4]+
5921,344.298549928,1121.26056,1686646.00725,5.76297520681,10,
5922,344.628815987,423.421452,55612.0454536,14.7247847339,10,
5923,344.689326424,680.04732,109457.745148,10.1880790589,10,
5924,344.690074697,143.883714,288700.256437,10.1378860971,10,
5925,344.706715501,305.414892,38417.0055152,14.2635449967,10,
5926,344.719639174,476.074326,76841.6609868,9.06696443782,10,
5927,344.889525373,35.6112903,401272.504278,5.83671549921,10,
5928,344.928556504,35.3565531,291683.84384,7.46195140178,10,
5929,344.967726098,748.24332,119297.821248,12.5733402141,10,
5930,344.988179301,54.2048145,367053.950878,8.89051536344,10,
5931,344.999246602,96.237828,414167.62011,5.49031833024,10,
5932,345.010459846,38.9756214,647411.760613,11.8725502619,10,
5933,345.007096516,741.05268,473213.355015,0.856647908407,10,
5935,345.029106008,903.77289,74622.7065814,13.0559410437,10,
5936,345.045073073,33.4591773,1184952.1821,5.50572491434,10,
5937,345.053108443,891.48948,205921.431499,11.7646470706,10,
5939,345.082386354,740.92104,139373.022633,6.8180393533,10,
5940,345.081204458,33.5354934,4256001.22748,5.6670878954,10,
7304,376.14715805,226.796298,113829.399905,5.51384768842,1.0,[M+NH4]+
5944,345.099869329,72.791964,383476.056285,10.8341612461,10,
5945,345.115312787,106.385565,107051.192448,8.60849997662,10,
9830,441.179473623,582.951006,455691.280313,9.32723230998,1.0,[M+H]+
5948,345.124939719,884.33805,5541494.32991,3.79770825256,10,
5950,345.13347244,59.5123062,348661.897011,1.75862669323,10,
5954,345.165928529,420.808935,845742.638082,2.98337581131,10,
5955,345.182297102,168.821586,1113768.72293,5.59209107422,10,
5956,345.209364129,896.30565,136118.74833,3.52479937495,10,
5957,345.214475484,779.59827,58204.6797171,12.4124639353,10,
12871,532.237692854,66.683169,1025830.63343,7.09266337905,2.0,[M+K]+
7857,389.238748871,129.232224,728867.72281,9.87683432277,1.0,[M+H]+
9649,435.244428828,160.474956,255565.833606,5.00222450358,2.0,[M+Na]+
12765,529.237384091,583.3365,129648.520865,6.32816987013,2.0,[M+K]+
5964,345.249051154,65.675487,4022377.04833,3.56884134543,10,
5965,345.24924859,171.644208,2355647.10836,4.46297258073,10,
11783,498.357432913,1266.60066,6352457.35521,3.00907935584,1.0,[M+NH4]+
5968,345.3015176,1121.03892,139357.283019,7.23387729023,10,
18161,866.40673019,690.22419,104225.534054,2.49121790521,1.0,[M+H]+
5972,345.686851839,820.85424,615786.634529,5.54093602424,10,
5973,345.712193359,666.3564,91077.6031571,13.2877798235,10,
5975,346.019902587,33.3746646,428849.006902,14.5783880836,10,
5976,346.039857941,801.34314,188233.679597,11.140100555,10,
5977,346.054146914,80.040612,16602669.2976,3.51502846318,1.0,[M+H]+
5978,346.065002121,33.2216829,744383.587771,8.32489767324,10,
5979,346.097917094,548.694741,86075.4619485,11.023742824,10,
5980,346.099064374,958.43025,59556.9234364,10.6615545062,10,
5981,346.089679937,301.29801,26989.0050419,7.33882070293,10,
5982,346.090416845,207.85722,202039.564423,2.32028477584,10,
5983,346.103635401,62.427042,156375.031513,11.9944111876,10,
9315,426.183170205,240.594234,193202.665269,13.3776761118,1.0,[M+NH4]+
5985,346.114033774,801.29931,410716.427249,4.01970372726,10,
5987,346.115004898,583.195884,251215.145168,2.99475230159,10,
5988,346.115788272,598.311759,494416.393278,7.45827878757,10,
5994,346.134514388,149.084124,619685.858064,11.060973012,10,
5996,346.137129847,208.332858,172611.06177,9.55502553819,10,
17977,837.328691633,356.343864,532153.83867,3.95003756232,1.0,[M+H]+
5999,346.157316181,947.69376,253446.539398,1.76990973494,10,
6000,346.170616048,199.828407,329955.151524,1.52375937931,10,
6001,346.170775652,502.864833,688006.00975,3.05687257522,10,
6002,346.170679779,181.101342,289145.545565,4.10040884448,10,
6003,346.171012505,316.874892,322816.050396,5.93692056039,10,
6004,346.17693793,343.801458,148707.373419,12.8853703321,10,
6005,346.197594416,159.768942,969455.225937,2.72858044239,10,
6010,346.216285626,308.917512,32436.8069229,12.1231248921,10,
6011,346.233358719,401.83011,6339965.97356,2.47345331283,10,
6013,346.23326826,450.568749,65124124.573,3.33668696388,1.0,[M+H]+
6014,346.233172055,428.957184,5021646.03342,1.58861593492,10,
9589,433.276630876,96.437808,925179.29301,4.03285004749,1.0,[M+H]+
6016,346.243069683,1380.83433,263503.937725,8.90483314146,10,
8415,402.307035543,490.946019,467063.32041,2.79567604012,1.0,[M+H]+
6019,346.331231939,1246.09209,28393585.2277,5.7092816309,10,
6020,346.68227431,278.294877,157930.86526,6.9655513458,10,
6021,346.676951008,202.511907,115115782.725,12.4193893354,10,
6022,346.689485364,436.601568,1098875.70901,2.40246843584,10,
16575,692.405489408,822.72402,2623813.65913,2.99720166439,1.0,[M+NH4]+
6024,346.707791539,683.06217,297937.829609,5.97521344152,10,
8015,392.749423869,737.47074,964453.739764,4.02172045735,1.0,[M+H]+
6026,346.843529589,1611.8109,1892396.24504,7.87320126809,10,
6027,346.856129624,35.6989908,107594.890777,9.46739092065,10,
6028,346.886896537,35.6752884,158567.79068,2.39754013459,10,
6030,346.978419513,35.3633172,454782.54725,5.8474397192,2.0,[M+H+NH4]2+
6031,346.982420371,832.92534,166978.988266,2.64272159581,10,
6032,346.987761861,925.13619,1111943.55037,1.9435501297,10,
6033,347.012717759,35.4553047,684061.583249,8.57245798411,10,
6034,347.023497254,843.0972,128101.64898,11.0422298537,10,
6038,347.073482728,76.666812,150874.607079,12.0637395238,10,
6039,347.090410598,414.338676,59174.6825094,11.4203426784,10,
6041,347.090466955,314.098182,250466.186343,3.29076882088,10,
6042,347.08864892,852.02724,428956.699825,9.73197570276,10,
6043,347.103357076,265.142373,19164138.3046,0.677522613148,10,
6044,347.101635913,207.633603,521660.542126,0.649525489787,10,
6045,347.109635161,763.95828,150987.620536,8.52612142495,10,
6047,347.128189706,588.62475,416873.802663,3.59611168971,10,
6048,347.130729384,82.303491,206507.05541,10.8289857898,10,
6049,347.127444291,432.531057,692717.772407,4.91187454202,10,
6050,347.128227205,391.96005,50572.578271,12.000992553,10,
6051,347.13705395,963.1134,1182078.05187,5.50576455149,10,
6052,347.14462038,100.443498,451296.9139,9.29261674639,10,
6054,347.142208648,300.26613,55484.9566305,11.5775507116,10,
6059,347.171199129,324.384279,177772.031157,6.15619880155,10,
6060,347.166988951,105.516444,108971.960396,9.32691984186,10,
6061,347.180914726,592.774557,196954.708176,5.02015596119,10,
6062,347.174262489,218.203236,1269879.44907,4.96561999718,10,
6063,347.192142605,57.9280452,71423844.0281,1.74258835009,10,
6065,347.207497237,961.59396,2755444.20005,9.59255559463,10,
6066,347.22779179,736.86057,1357594.34562,1.44516770261,10,
6067,347.225415231,835.94652,164155.670026,0.855805069254,10,
6068,347.230059874,958.08705,2395378.67919,7.53598080619,10,
11931,502.257647094,564.350673,203683.422073,5.26643122056,2.0,[M+K]+
6073,347.247699633,95.4633,1015890.57605,5.57543074128,10,
6074,347.247820611,141.891828,256434.240663,2.76103010055,10,
6075,347.311149929,1399.14429,112792.863401,7.61245458927,10,
6077,347.679841229,202.511907,8049293.4545,9.6102757166,10,
6078,347.69728968,571.89528,354078.991615,2.26746816551,10,
6079,347.894808669,35.2857924,124599.942692,5.11910817897,10,
6080,347.991137811,925.20246,85685.8612821,7.74747246996,10,
6084,348.082369265,832.23801,98688.8187153,12.9361053926,10,
6085,348.095267938,200.83341,454001.041551,3.07060153445,10,
6089,348.120344585,993.43209,573015.739581,2.99516874982,1.0,[M+NH4]+
6091,348.125211728,39.0533154,4609568.14406,2.57222122997,10,
6093,348.156763585,1043.05863,1529326.94802,3.94821570775,10,
6094,348.139637023,51.2550528,1916040.77537,1.47262264104,10,
6095,348.155437227,642.41748,142425.159171,13.581836907,10,
6096,348.164889006,1137.70494,9730031.0168,8.52604038271,10,
6098,348.180456143,673.47438,884002.417767,0.898483554026,10,
6099,348.194760076,383.240049,2960658.88765,6.9042537868,10,
6101,348.233548852,958.08705,416382.435454,5.95415668127,10,
6106,348.666133364,820.71588,126562.518944,5.26109071897,10,
6107,348.6820605,673.22892,276529.359051,2.27784080778,10,
16630,696.436695498,847.46931,8192388.60871,5.45852722908,1.0,[M+NH4]+
6109,348.949522105,1757.78556,77746.3529745,6.02831828756,10,
6110,348.989655605,1074.02631,22531514.2234,2.19559933789,10,
8021,393.041829394,977.81109,303898.901749,7.16685458886,1.0,[M+H]+
6113,349.059529444,1177.52436,674665.150535,6.76760057962,10,
6114,349.053896387,343.801458,82333.4943085,3.78429905083,10,
9407,429.026040243,842.90853,386032.456576,6.94113503086,1.0,[M+H]+
6116,349.066312521,867.49662,803274.044885,4.60706276712,2.0,[M+Na]+
6117,349.065797721,35.0332437,1357909.97885,10.1657801803,10,
6120,349.066213532,850.39509,1472440.03736,2.82099594473,10,
9793,440.159655555,964.02594,318870.904686,10.2222038317,1.0,[M+NH4]+
6123,349.109964123,82.625991,267393.746423,6.83400944547,10,
6124,349.100325803,265.063872,1715842.06217,2.28040130582,10,
10167,450.209825082,607.1271,257103.570751,13.6239166764,1.0,[M+NH4]+
6127,349.144391541,302.640756,64069.967611,14.6798412628,10,
6130,349.173970629,546.628308,667118.341063,4.63114259303,10,
16635,697.325715415,212.377602,254354.913784,9.7853048443,1.0,[M+NH4]+
6132,349.179655066,74.342184,114109.602276,11.068187344,10,
6134,349.181646668,45.8734944,503479.993938,14.4744902188,10,
6136,349.19056321,812.84349,114378.317983,9.73717387541,10,
6137,349.207757342,80.266176,297517.439141,8.0970387197,10,
6138,349.223645981,847.62675,723813.584189,8.35765988515,10,
6141,349.258156376,719.3622,56821.1623572,10.738959652,10,
6142,349.294371648,957.14019,793537.962437,5.6341887529,10,
6146,349.676655573,354.939717,1720569.69211,4.19220982998,10,
16651,698.382958628,593.202756,812196.255913,4.5317506314,1.0,[M+NH4]+
6148,349.713076832,485.349903,2610020.7863,4.06811399758,10,
6149,349.712998965,508.018878,840504.024021,1.94155587476,10,
6150,349.724848436,847.62675,157389.26604,4.87600236252,10,
6153,350.040658742,681.41802,51683.3652694,4.91694125397,10,
6154,350.066638834,72.116991,3425863.39258,3.26672504401,10,
6159,350.102017236,796.5756,91271.4910533,13.7050142968,10,
8689,410.151183364,1032.99834,260613.67156,10.540763322,1.0,[M+H]+
6162,350.126014398,788.14971,244425.301318,4.92067698847,10,
6166,350.17384771,389.882622,12865275.0942,9.28249010467,10,
6167,350.170646373,448.329846,23776872.4948,2.64441662678,1.0,[M+NH4]+
6168,350.174007771,307.161447,1475732.52681,7.86346744437,10,
6169,350.178892682,354.98553,539173.51423,4.66123042436,10,
6171,350.20698864,591.659388,15524871.9963,1.28986092946,1.0,[M+H]+
6173,350.207066999,553.584912,4485220.91893,4.17379465306,10,
6174,350.207595095,631.78266,236505.280743,5.60597511364,10,
6175,350.200038279,179.705718,44279.6483113,10.5971437577,10,
7692,385.244204691,322.333284,61244258.2275,1.62280849734,1.0,[M+H]+
9232,423.279414785,828.11448,234199.459148,13.8356280345,1.0,[M+NH4]+
6180,350.238520094,1265.71896,101242.856878,14.9951531338,10,
6181,350.239886461,40.9289991,1949700.38351,6.16123363609,10,
6182,350.25184515,1025.2005,104216.533834,9.33702523702,10,
6183,350.281381789,1381.7811,211029.123141,6.4996443086,10,
6184,350.279647715,853.05924,102942.385275,3.97677461396,10,
6186,350.297651738,1267.50438,233933.515905,4.37165168888,10,
6187,350.684488709,107.233377,871820.571874,5.01179245203,1.0,[M+H]+
16685,700.397454432,366.306093,171296.068399,9.38167028369,1.0,[M+NH4]+
6189,350.722699594,822.58938,569908.744447,5.28086552187,1.0,[M+H]+
6190,350.722701448,864.56298,559907.622961,9.83335785416,10,
6191,350.716024053,485.256486,166211.744328,11.5627207287,10,
6192,350.734272992,691.0776,695937.851999,3.54873493307,10,
6193,350.810690092,36.9024891,83582.8771081,5.99366434546,10,
6195,350.902070906,35.6832411,91446.2258191,10.730705438,10,
6196,350.943346678,31.1617842,30410.258252,7.88317773732,10,
9626,434.948401571,1074.11463,610349.577841,4.24989732577,2.0,[M+K]+
6200,351.042473888,803.95134,120786.892343,10.3169560181,10,
6201,351.053323053,548.687178,462212.41077,6.62961490723,10,
10642,463.189100927,140.445324,167102.793196,4.19619646205,1.0,[M+NH4]+
6203,351.078191961,126.997638,1269243.24058,3.82585728959,10,
6205,351.077893021,767.72646,62408.0680871,1.96163541584,10,
6206,351.077988785,857.43984,672603.130166,10.3297454279,10,
6208,351.098997879,1220.3175,363569.443216,2.24695739829,10,
6209,351.110985543,925.14372,763104.330568,2.53753381122,10,
6210,351.122269897,66.616926,14076819.2708,3.49260771317,10,
6211,351.120101315,193.127598,464614.95376,5.05266315801,10,
6212,351.111883603,393.22233,348528.830343,10.8815455114,10,
6215,351.163417829,71.031735,44361075.9655,1.36037995995,10,
6216,351.165896007,281.057001,2607983.32534,3.41782385565,10,
6218,351.165718601,373.025784,328176.446007,4.48724135872,10,
6219,351.184526132,553.242594,1863513.52416,3.26124976139,10,
6220,351.191677894,588.588666,407029.865989,4.8502730566,10,
6221,351.194515691,289.838496,83047.7782508,9.26213844525,10,
6226,351.204050911,469.174062,103249.054636,9.83037671431,10,
6227,351.202207817,176.211462,1243339.20242,3.6382554519,10,
6228,351.210502439,591.492324,2934479.88635,1.48420172693,10,
6230,351.23843754,853.49874,59632.8015847,8.5616282363,10,
6231,351.263647349,889.37052,2945418.53894,3.31339403947,10,
6232,351.263845247,950.0628,1083635.20734,2.50337278164,10,
9123,420.264187117,1333.88232,267315.025419,12.7557442653,2.0,[M+Na]+
6234,351.65985001,469.753896,47833.0730022,7.53678017344,10,
6235,351.692281037,382.944822,468118.779336,7.75758914935,10,
6236,351.705451511,366.202914,65980.2536465,14.3939857042,10,
6237,351.701461701,847.3686,60389.6457803,8.72432386269,10,
6238,351.730589044,868.863,1033174.25779,4.43678907038,1.0,[M+H]+
6239,351.931789073,31.7157816,65396.6371576,12.1225281739,10,
6241,352.01211808,827.09538,283626.858448,13.9437649053,10,
11148,479.162894621,801.19593,1498779.58245,3.79383273437,1.0,[M+NH4]+
6246,352.041345576,226.14786,42068.7627296,8.21424748086,10,
6248,352.06271754,111.319962,66030713.7668,3.48796638261,1.0,[M+NH4]+
6250,352.077064854,801.77046,150114.505732,2.77210385251,10,
6252,352.109692017,777.52125,299489.538308,4.3587453614,10,
6253,352.12137763,414.591669,56415.1321824,14.771828339,10,
6255,352.158707203,47.582166,3966553.66748,153.805779963,10,
8781,412.179542313,137.770326,581981.311662,6.35283723082,1.0,[M+H]+
6260,352.165085463,657.75897,1910623.45499,2.90676249308,10,
6261,352.169768848,389.883873,448288.850608,11.5908773673,10,
6262,352.186000861,49.475853,281863.437642,4.73148348753,10,
6264,352.180514066,835.60839,69238.6137787,12.469268486,10,
6266,352.186771243,173.035773,1241905.11567,7.67057729686,10,
5550,336.238831785,507.455769,562443.556784,2.98795880447,2.0,[M+Na]+
6268,352.206253073,222.662106,44590.7637669,5.80516619786,10,
6269,352.207288758,83.783202,13303808.3231,2.91002311507,10,
6270,352.22021695,425.65443,1474089.42049,0.805951075861,10,
6272,352.267240769,950.31288,188777.676463,7.71060703568,10,
6273,352.288267163,1130.80488,87294.7434419,3.63649155208,10,
6274,352.676420597,679.89048,57787.3150353,2.89935471437,10,
6275,352.680500682,744.31692,97348.2204058,8.66039977471,10,
6276,352.689541171,608.20524,314380.627423,8.69478040887,10,
6279,352.960051026,35.4553047,1165227.21246,8.65947598141,10,
6280,352.964104563,33.311166,406387.360801,12.8981132142,10,
6281,353.011671615,394.891131,59979175.7334,6.724729783,10,
6283,353.053429189,672.29199,311517.474569,2.10534822964,10,
6285,353.077890434,45.2829303,2139478.92197,26.2407843553,10,
6286,353.076480352,1033.32192,597642.910361,6.52286000707,10,
6289,353.108088444,925.19415,245491.394214,4.90336092975,10,
6292,353.127323882,368.540619,203720.405172,5.68616402945,10,
11432,488.216974264,428.272944,255342.370882,7.61721417294,1.0,[M+NH4]+
6294,353.154691009,953.66976,69568.892976,12.3058457209,10,
6296,353.172892148,389.753292,46208.9297206,6.48865531273,10,
6298,353.19952252,532.107474,151963.803143,13.8313647472,10,
6299,353.20643786,835.90374,193861.66898,11.4755639843,10,
6300,353.206805257,869.02998,82314.3273575,8.11792893857,10,
6301,353.221352437,933.59199,385066720.734,2.00280967982,10,
6302,353.215191692,1187.99016,380367.532223,7.45474233478,10,
6303,353.217969436,185.165022,274634.11537,8.40306144948,10,
7813,388.253612721,586.877694,100549061.759,4.01617206793,1.0,[M+NH4]+
6307,353.360208085,1433.87943,207891.667083,9.41365429497,10,
10565,460.768793482,690.90306,2666153.64133,2.18154400404,1.0,[M+NH4]+
6309,353.691615942,584.022315,683845.782642,7.69856776649,1.0,[M+H]+
6310,353.697239204,640.6464,124705.548768,8.36835781339,10,
6311,353.948207236,33.2216829,880115.493236,13.38426511,10,
6313,354.04366967,842.61402,285298.984459,2.35233386244,10,
6314,354.053221165,801.24918,192875.584433,6.45043717805,10,
13875,565.117524497,827.42298,100256.288475,1.92023519571,1.0,[M+NH4]+
6317,354.078534066,124.165194,195563.546724,12.3484672469,10,
6318,354.082253078,169.221834,80162.2558348,3.71220351171,10,
6319,354.094891227,34.407672,324170.849252,5.99309463703,10,
6320,354.122740062,448.337016,79879.463696,9.50642982291,10,
6321,354.114858881,60.411426,7302526.00919,2.32449261914,10,
6323,354.142386176,740.92104,144678.228961,8.66480774432,10,
6324,354.138020855,40.198164,1021113.32893,8.59719012573,10,
6325,354.150639749,149.057769,2838581.60002,5.89041828389,10,
6326,354.170154692,891.96093,213600.305387,11.010819422,10,
7847,389.202588931,226.796298,6320333.86908,3.49699788816,1.0,[M+NH4]+
6331,354.177812335,282.775623,1272326.08354,2.41435397369,10,
6332,354.178544825,433.467876,324312.270207,6.47787729631,10,
9037,418.192724394,57.0032868,9618627.76337,10.4475556686,1.0,[M+NH4]+
6338,354.178161096,899.90091,133802.472946,7.85872485553,10,
6339,354.207990675,631.44909,159395.499968,9.21282162674,10,
6343,354.208578501,513.529485,117573.113728,12.0414626429,10,
6345,354.199728136,331.234158,2129817.6691,4.59517644761,10,
6346,354.213028554,257.547312,724435.380037,4.97516578756,10,
6348,354.212998517,192.457092,916354.782988,4.61666373331,10,
6350,354.224946307,949.08042,48610180.3226,2.91637576918,10,
6352,354.284428183,1145.6739,579038559.556,5.12592851744,1.0,[M+NH4]+
6353,354.372670736,1428.41154,123892.711075,8.65113185183,10,
6354,354.674152446,273.972756,86294.681706,11.3504960481,10,
6355,354.705153374,437.43408,3214314.23305,5.82327584577,10,
6356,354.741431487,798.19257,478857.793511,4.12854568621,10,
6357,354.797923252,35.4553047,142234.322184,3.91544095149,10,
6359,354.885377601,35.2857924,255062.685984,8.29975762097,10,
6360,354.917997067,35.7921627,423762.166542,8.58367585081,10,
6362,354.940911107,1660.79034,57580415.7561,6.84410817276,10,
6363,354.94054692,1794.86829,684278.812882,10.4112224422,10,
6365,355.013811956,967.51956,7140348.71832,2.1739158174,10,
9628,434.988916794,925.20246,264000.457184,7.8904250816,1.0,[M+H]+
6371,355.049291965,859.48722,8321901.01512,2.83520462344,10,
6372,355.049414999,875.62308,1926503.19038,2.52918727103,10,
6373,355.082966467,35.4553047,1111020.80181,8.13936683988,10,
6374,355.098443214,203.363538,155559.591903,14.4968774601,10,
6375,355.110028317,621.69696,67199.325404,13.3338846505,10,
6376,355.114012528,46.4441058,618201.773785,3.44935347967,10,
6379,355.137256522,251.039988,559798.672221,3.47377480175,10,
6382,355.152224235,1150.7352,502409.254575,6.242331176,10,
6383,355.171896735,126.840018,2399128.68793,10.6338113734,10,
6385,355.174180932,801.14268,345108.840784,2.84800059666,1.0,[M+NH4]+
11475,489.229843092,90.326808,3158429.02011,3.66689503665,1.0,[M+NH4]+
6388,355.173836489,421.579926,401489.804871,5.5165037856,10,
6392,355.182489939,1203.8604,914420.266618,9.589355927,10,
6393,355.182051108,467.873574,204533.721345,6.86238864454,10,
6396,355.200224604,530.585472,109104.131263,9.56778936419,10,
6397,355.219543148,823.06635,1732423.84522,5.37585567436,10,
16807,709.434810947,683.04036,6537174.89633,2.6313773494,1.0,[M+NH4]+
7112,372.240837452,1172.19534,1898215.99818,2.64268057375,1.0,[M+NH4]+
6401,355.216410767,192.089346,107227.864223,5.93767757008,10,
6402,355.26976566,1088.18946,235536.008796,9.32626986716,10,
17462,771.42404943,710.38065,563134.88085,6.25858098624,1.0,[M+NH4]+
6407,355.980932145,33.1285554,1863111.90955,8.37254729234,10,
6412,356.040608236,796.90632,102568.311036,7.13047243223,10,
6413,356.063856348,30.9154245,128234.061413,8.01849088172,10,
7940,391.160871861,424.455702,3153106.46966,3.93023413196,1.0,[M+H]+
6416,356.121546162,299.237382,85520.3029841,6.37966242412,10,
6417,356.136554887,486.369219,403661.436651,3.39944014039,10,
6419,356.144683858,75.497178,2065245.15894,3.23801404283,10,
6420,356.15840364,842.61402,409056.441783,4.89407738435,10,
6421,356.151583655,820.68549,164382.912172,12.089705885,2.0,[M+K]+
6423,356.158421847,801.10452,196504.250124,11.9976811384,10,
7805,388.180948296,55.6334289,73549937.7692,1.67421896227,1.0,[M+H]+
6425,356.162171658,69.51411,812683.12904,9.73135444139,10,
6426,356.167251281,235.104234,3935408.07395,3.61152040599,10,
6427,356.174057722,288.803118,157015.485198,9.43741874893,10,
6429,356.176455934,360.650286,248250.79078,7.40672336239,10,
6431,356.199301388,798.0054,453313.361404,2.76388899171,10,
6432,356.21079629,550.245309,332709.06335,8.07316469454,10,
6433,356.222607816,823.10382,105285.95813,12.8701496761,10,
6434,356.217546675,518.959545,1472695.47476,2.96486373392,10,
6435,356.279038216,1064.46642,42263872.6855,1.2552667611,10,
6436,356.290125169,1145.565,13952814.3437,6.10692772822,10,
6440,356.884708515,36.0168684,182400.589118,13.9893105115,10,
6441,356.904263863,34.6421058,466145.985499,13.7525618846,10,
6442,356.965642568,33.4419945,2349405.9752,4.60165467874,10,
6445,357.004346182,38.05578,385690.708079,3.54416766901,10,
6446,357.029192125,925.30782,112146.915183,14.1113365852,10,
6447,357.031552511,829.15044,147276.310073,7.39893048257,10,
6449,357.073850511,759.33576,126343.244348,9.07121394513,10,
6451,357.06585703,1033.3434,641103.862532,8.37130704143,10,
6453,357.095622509,251.092857,418386.489303,3.36271990123,10,
6456,357.114977753,933.18798,418821.58994,6.20562411479,10,
6457,357.136056233,750.5013,60784.5403701,13.7105487107,10,
6458,357.124817367,835.60839,119231.747691,9.21779391672,10,
6459,357.133584668,431.153058,121557.216268,8.17359910704,10,
6462,357.137700734,40.9289991,1155102.22843,5.84950722802,10,
6464,357.161388564,150.649206,747826.809618,9.29327763999,10,
6465,357.170714544,823.06635,84873.2656363,6.96910444224,10,
8870,414.224588403,645.85131,8521445.97526,1.33577572239,1.0,[M+H]+
6468,357.178635422,1032.94329,77145.0298295,13.4895223643,10,
6469,357.176380131,310.742655,349037.115397,2.25394645387,10,
6470,357.176601253,255.551994,348475.803842,1.34179582549,10,
6471,357.195032887,525.718047,247312.273879,8.14144610639,10,
6472,357.187136504,126.66183,2408290.16132,4.11088358861,10,
13234,544.272355672,379.631157,1133421.94037,9.86257532683,2.0,[M+K]+
9120,420.253089802,216.647919,3016966.73161,7.49833705694,1.0,[M+NH4]+
6476,357.230504564,600.31098,274920.462331,9.56112899976,1.0,[M+H]+
6477,357.230835415,517.026273,1734574.94767,2.44429648435,10,
6478,357.232783218,1001.87661,67494.505291,13.557452106,10,
6480,357.246253481,896.11635,405679.311352,10.1332820343,10,
6482,357.249184057,607.10595,2320219.04903,3.81523566905,10,
9229,423.239385572,226.796298,801861.689163,3.00105558202,2.0,[M+K]+
6484,357.249832874,1218.9975,118508.005156,7.52364149893,10,
7618,383.319050073,1145.80407,1123372.40933,7.7397181141,1.0,[M+H]+
6492,357.668156235,202.554852,6710561.46458,10.0901909448,10,
6493,357.697093658,822.93288,292351.303667,5.97875561456,10,
16858,714.377364725,329.876796,356763.075202,11.7618699103,1.0,[M+NH4]+
6495,357.714274531,495.357444,74922.5246481,8.02372205874,10,
6497,357.732631656,600.4725,101591.18267,12.5478477709,10,
6500,358.003768545,36.1232448,94249.9011854,14.1551847188,10,
6502,358.032940214,1005.47466,33367.2901543,7.60365425454,10,
6503,358.053606218,804.17358,66576.6138886,12.6936306074,10,
6505,358.082865429,146.392347,82866.7307475,10.3371745043,10,
6506,358.07521651,35.4553047,154509.512169,11.6722278245,10,
6507,358.109095671,114.166512,304134.821397,2.57538469461,10,
6509,358.10038155,99.827346,108093.247238,9.09111556737,10,
6510,358.099334442,336.07494,56179.9059777,4.75513084821,10,
6514,358.11999174,842.4336,270333.853582,10.5458009141,10,
6517,358.126164715,907.74798,167577.624179,3.80358086958,10,
6518,358.157580266,514.130769,94674.5852517,9.39837335076,10,
6519,358.173395015,483.997035,361989.144008,1.74687344238,10,
6520,358.167974804,954.08754,71079.3667503,9.68740661822,10,
6521,358.189209504,211.69542,617325.846977,7.64838103246,10,
6522,358.198631253,822.98706,90011.3460526,12.3486883796,10,
6526,358.212265713,585.205242,561116.30319,1.92729426743,10,
6527,358.240636907,1235.60289,5397284.87954,3.82307491967,1.0,[M+NH4]+
6528,358.238079625,847.62675,477163.190727,1.31797568759,10,
6529,358.244462174,496.179618,496221.233346,4.70743063279,10,
6530,358.269551013,595.642701,28948858.2875,2.14512487024,1.0,[M+H]+
6532,358.264887642,1232.41062,108778.795621,11.2769286887,10,
6533,358.68173969,85.069098,142938.764897,4.2347000685,10,
6534,358.705738447,444.773022,83423.7850343,14.0258066802,10,
10041,446.760073626,689.71116,553212.202417,4.4577744621,1.0,[M+H]+
6536,358.713464849,584.590776,83646.9662014,14.9384708059,10,
6537,358.730733302,465.543942,109459.342012,4.3085320746,10,
6538,358.934721024,35.5472922,254181.436924,13.7965798145,10,
6539,358.998814005,33.6890376,2660711.03799,6.04101083116,10,
6542,359.03777349,59.5108827,1248263.96619,4.07527835388,10,
6543,359.045737163,836.28435,162349.819165,7.10193034423,10,
6544,359.045066027,977.77752,85652.5295526,5.82898501023,10,
6545,359.047017599,804.12798,246690.224705,6.45810823203,10,
6546,359.045000096,777.23358,61873.9810147,9.71933339757,10,
6547,359.061284326,33.4419945,5462242.13394,1.65521007215,10,
6548,359.050490528,812.50242,99292.5124207,5.69646397709,10,
6551,359.096773329,46.3081629,427738.98734,5.54434552908,10,
6552,359.104637129,1137.65874,443028.936742,6.78554273016,10,
6553,359.10427087,842.5917,148487.438502,11.1043609711,10,
6555,359.119454771,592.888866,205169.060643,7.13832442534,10,
6558,359.127442722,37.4833713,246504.387193,13.6167343786,10,
7314,376.175002724,934.74741,2851867.13069,3.26430432166,1.0,[M+NH4]+
6560,359.139395119,1024.15188,579005.296879,3.69728632934,1.0,[M+H]+
6561,359.160436093,840.29508,146745.586004,11.8047427554,10,
6562,359.154142654,40.9289991,8129986.91741,5.6128907482,10,
6563,359.166776938,84.553932,4980595.39639,2.25706162928,10,
6564,359.170959526,476.427954,3219788.43887,4.87246421235,10,
6565,359.170910524,351.435522,57029.9110882,11.9690847998,10,
6566,359.164078331,35.6832411,964754.265069,6.53234718812,10,
6568,359.192004886,66.839919,8670261.41231,6.98801162507,10,
6569,359.195223688,511.006293,60575.192227,10.808189517,10,
6571,359.211355631,277.869252,382629.852846,12.4166540262,10,
6572,359.203391259,136.067322,1463226.94623,7.61204188658,10,
6574,359.228421831,589.321824,7014482.93787,0.674153561626,1.0,[M+NH4]+
6575,359.228418527,275.780313,11839768.5384,3.5884228675,10,
6577,359.228517481,404.512692,16848207.6798,1.54472412108,10,
6579,359.22844993,366.831597,17165578.7066,7.20573805259,10,
6580,359.228202828,131.177454,18363986.541,3.66629743869,10,
6584,359.264894705,173.210403,5930908.40112,8.7972307531,10,
6585,359.264759693,205.610166,2815682.70612,2.13190559774,10,
6586,359.264868099,150.787956,12947692.1139,3.3283455711,10,
6588,359.660841929,369.729783,124531.433732,14.8889059919,10,
6590,359.709846916,609.25587,740498.476985,6.88819236477,1.0,[M+H]+
6591,359.712816795,847.62675,725869.951153,2.93512585817,10,
6593,360.045532184,33.4419945,2049515.4387,8.7967152733,10,
6595,360.069664719,94.70544,52057.5101275,7.86926694885,10,
9792,440.157019004,258.370113,634670.948183,8.49014177752,1.0,[M+NH4]+
12105,508.178878824,122.866482,777185.571353,5.37546874399,2.0,[M+K]+
6600,360.114688908,1024.00935,2918676.0801,2.76617377218,10,
6602,360.13208814,488.288328,148580.27583,10.4640218959,10,
6604,360.154588577,748.41099,151288.742216,10.2754182651,10,
7355,377.184852752,307.786821,10904924.0002,7.54310780888,1.0,[M+NH4]+
6606,360.149515333,41.4548715,39382897.0376,3.18066005693,10,
6607,360.152550303,150.314457,2245950.93395,8.80871709262,10,
6608,360.152439614,573.8091,133153.824255,3.6078966149,10,
11792,498.771794122,490.829343,827785.691726,3.56503280193,1.0,[M+H]+
6610,360.166469652,321.966333,531161.918358,3.85232344568,10,
6612,360.185645598,433.467876,80422.6695094,14.581938657,10,
6616,360.194697001,502.507665,31884333.2137,5.76981141868,10,
17105,736.431468851,849.53721,1711709.20686,5.65986288979,1.0,[M+NH4]+
6619,360.209607899,593.814612,133638.192469,5.37562712082,10,
6620,360.212308752,546.724914,75951.1296725,14.829788339,10,
6624,360.24662162,923.07519,99842.2088858,14.0205472929,10,
6626,360.231620141,549.11685,60565.4918012,13.0707708545,10,
6627,360.259896136,590.15511,502343.298609,1.04401986231,10,
6628,360.260111986,237.915234,1167854.49832,5.95926178925,10,
6629,360.264146676,985.47075,465463.357622,7.82693569547,10,
6631,360.268623784,206.305974,426312.610656,2.76164443513,10,
6634,360.685834918,593.380254,161355.532585,6.49377119832,10,
6635,360.687024114,444.545253,865786.807795,2.26195271792,10,
6636,360.697468102,231.488043,1584271.61663,2.53164211266,10,
7745,386.708100132,583.639323,796906.592683,6.19944620956,1.0,[M+H]+
6638,360.704594172,524.106147,507785.841843,9.72656048679,10,
6639,360.701252574,564.32652,51510.8472827,14.4133933355,10,
6640,360.871799024,35.1304974,210412.74274,9.35732861812,10,
6642,360.941286043,747.82278,63533.0307004,7.94856288151,10,
6646,361.040280001,71.345421,6106667.5376,0.802571882236,10,
6648,361.06635316,875.18946,3475171.30817,4.02021598405,10,
6650,361.075378509,903.44412,210198.933782,13.22016864,10,
9597,434.140604162,105.897822,192581.821476,5.89796578372,1.0,[M+NH4]+
6653,361.101912298,1084.26843,131539.572629,14.8134178452,10,
6658,361.138924733,434.911935,87214.89828,11.3350456921,10,
6659,361.138947184,108.77496,1034471.39094,5.01919697856,10,
6660,361.138877913,67.24368,6473601.27097,6.56142563628,10,
12155,509.260731652,510.852897,1334859.79112,6.45775354143,1.0,[M+NH4]+
9351,427.157073127,544.770426,416905.370033,7.39826094632,2.0,[M+Na]+
9979,445.146117635,832.58142,197752.895848,8.8231838916,2.0,[M+K]+
6666,361.166565118,798.78462,391764.695067,2.31329564966,10,
6667,361.163299315,274.019874,66976.1139512,12.4439221683,10,
6669,361.178899696,294.460338,82204.8735233,14.0940141895,10,
10554,460.302348147,392.29929,450797.843661,7.58365065217,1.0,[M+NH4]+
6671,361.183163392,143.237577,347425.367106,7.25739282381,10,
6672,361.186541836,530.418093,2935746.9046,3.34718086451,10,
6674,361.191053155,177.884076,118815.746406,10.2473263468,10,
8618,408.205828302,838.74996,103578.492654,8.33263155057,1.0,[M+H]+
6678,361.213203843,1380.82932,334748.973955,5.04789994457,10,
6679,361.22186434,1218.00636,279169.923868,4.0016366801,10,
6681,361.240540685,1369.99458,357327.269539,5.39769561278,1.0,[M+H]+
6682,361.263683162,180.920088,278345.142076,5.83314227148,10,
6683,361.263567952,338.735787,182726.744876,11.5591123078,10,
6684,361.26395885,674.35413,1032838.73004,6.40796713837,10,
6685,361.321094768,1362.08502,473372.302164,3.0729937678,10,
6686,361.694837576,430.643199,143255.581209,11.6257198966,10,
6687,361.68771916,128.767902,7527087.9338,9.15553940937,10,
6688,361.698486239,813.96342,208834.058442,10.0187730947,10,
6690,362.085500891,236.650113,604691.327009,6.10596030819,10,
6691,362.085636978,145.245708,59512663.6372,5.55774299215,1.0,[M+H]+
6692,362.08554417,100.63989,37417.7912346,12.311105455,10,
6694,362.10165205,265.879509,1868736.87523,4.22879241349,10,
10793,468.218486622,183.500781,1374329.06419,8.25189204076,2.0,[M+Na]+
6699,362.141645475,46.4441058,4401757.8241,0.877648427253,10,
6700,362.144750536,316.874892,251104.708292,6.0319406017,10,
6701,362.166497543,43.5987369,5966355.24858,0.829409303068,10,
6702,362.170488589,426.906426,62672.265664,10.4575778635,10,
6704,362.180422016,947.23974,2726939.99554,0.761675626069,10,
6705,362.187027029,903.60489,108442.945166,12.1445087445,10,
9122,420.263462016,424.455702,111690.52608,11.0601151241,1.0,[M+H]+
10715,465.28142862,780.9042,255566.456976,10.9687161804,1.0,[M+NH4]+
6709,362.200199577,814.1568,50089.4378511,6.83724960081,10,
6710,362.218382035,372.63318,285556.305905,1.53664992067,10,
17143,740.463061013,872.31156,4042242.75608,5.36942572081,1.0,[M+NH4]+
6715,362.247702422,1145.66661,171136.450308,14.66899803,10,
6716,362.266236819,674.58,71977.7736132,14.3396130053,10,
6717,362.275474446,95.36631,138956.177975,6.55849438069,10,
6718,362.279822504,1051.1694,74199.5906846,7.62455959615,10,
6720,362.630165874,423.977292,240853.797267,5.92877117068,10,
12130,508.75924514,510.852897,2811067.74962,7.08339777201,2.0,[M+Na]+
6722,362.702519168,550.849476,408297.87713,3.76248261727,10,
6724,362.829521321,35.7843657,172310.848281,9.94088825643,10,
6727,362.995241342,904.02441,330861.72624,5.46008951108,10,
6728,363.001404444,593.696256,1266211.49642,2.12820081628,10,
6733,363.060930101,1024.49763,624463.070199,3.98228080718,10,
6734,363.069504104,111.619815,331769.994757,4.61076155236,10,
6735,363.081858671,938.26545,14163187.7547,13.5260692166,10,
6736,363.081848906,950.95086,11132368.2919,4.68674400509,10,
6737,363.082454369,838.95702,69706.1069763,8.20817783594,10,
6738,363.083477241,763.92972,296945.808434,6.25483524164,10,
6740,363.098393845,301.313886,67484.7581574,7.10798270157,10,
6741,363.100553816,423.605985,91732.3394309,10.338099718,10,
6743,363.10134819,921.62892,398378.641411,7.12146182744,10,
6744,363.104594721,68.739546,417877.445956,9.52855091655,10,
6746,363.123141739,873.06414,1733834.04798,2.56786104424,10,
6747,363.114225956,537.538974,100487.047961,10.0777132972,10,
12519,520.297453453,240.791385,780770.767074,6.12935589991,1.0,[M+NH4]+
6753,363.1662471,292.660134,126558.712635,13.6730963332,10,
6754,363.168904737,197.888112,379026.154971,7.33255819442,10,
6755,363.164140353,508.085718,28048.241049,8.92254766603,10,
6756,363.169036406,167.799468,390280.318191,9.6984376224,10,
6758,363.171142504,1295.73174,98244.2056516,5.03978925105,10,
8085,394.217872021,69.671739,8741432.96183,1.18638814467,1.0,[M+NH4]+
6762,363.187509469,33.7529142,342197.369056,13.5560610506,10,
6764,363.224971237,835.56702,130031.232177,7.33566744921,1.0,[M+NH4]+
6767,363.259484814,41.7688731,486825.037343,13.2086584573,10,
16986,726.381263432,793.3596,1640515.8361,4.67670038565,1.0,[M+NH4]+
6770,364.004586954,59.4578652,576959.789688,6.53583680164,10,
6772,364.078381643,842.63634,95659.4622,8.57139125434,10,
6774,364.099111327,39.1277259,1622525.02565,12.5860841562,10,
6775,364.114433791,975.73656,307166.055043,9.41817187174,2.0,[M+Na]+
6776,364.115118794,868.52067,615724.617759,1.9536005199,10,
6777,364.120815869,40.7682285,5354871.28605,11.1805959585,10,
6778,364.137688535,64.95648,453372.311449,8.8173659148,10,
6782,364.189559556,272.596371,1832487.78058,7.79827247955,1.0,[M+NH4]+
6784,364.196380938,1022.54322,1009624.18265,4.8594080362,10,
6785,364.189593972,391.989798,2957659.03079,3.11105267636,10,
6786,364.222549586,590.989572,1194519.04206,0.839130545441,2.0,[M+Na]+
6788,364.222623428,870.40698,25308.605529,11.6179122938,10,
14187,575.301784709,962.74758,1116721.76975,10.7066124759,1.0,[M+NH4]+
17462,771.42404943,710.38065,563134.88085,6.25858098624,1.0,[M+H]+
6793,364.251846122,874.91703,140077.295473,8.25074708577,10,
7541,381.339859389,1198.72197,246954.794611,9.46811223554,1.0,[M+NH4]+
6795,364.34431772,1412.97654,93123.2537696,11.7711449399,10,
6796,364.70579182,379.640928,998930.727002,10.4879345367,10,
6799,364.998076273,593.5779,86527.7064158,8.33996099028,10,
6800,365.010673166,31.1684241,111750.249653,11.4136968699,10,
6801,365.010409217,832.88499,145591.766754,5.27248219799,10,
6806,365.040190445,850.06266,766311.801861,4.72056413037,10,
6808,365.053108331,1025.20347,1524522.42803,2.21940311509,10,
6809,365.049175241,967.58622,415185.624465,8.74882636031,10,
6811,365.083330292,38.948163,383992.41411,9.95269888932,10,
6812,365.084016467,82.847796,279317.607638,7.56070971674,10,
6813,365.105054758,40.8279981,24804068.4946,2.41820121433,10,
6814,365.104941021,740.74518,1172355.89006,1.78430575329,10,
7508,381.105256482,649.80297,304566.21604,7.86776017563,2.0,[M+K]+
6817,365.125765201,969.40452,56054.4882218,5.98488340254,10,
6818,365.13572267,339.530709,828706.534462,5.84335396194,10,
6821,365.134188322,494.006322,92198.0526174,9.52412890808,10,
13661,558.204582096,377.932224,176876.24428,7.16908089171,1.0,[M+NH4]+
6823,365.137213276,284.9955,76928.1943891,8.12741366804,10,
6824,365.141756365,921.95151,438304.931042,8.11481608164,10,
6829,365.181553003,183.32859,1113759.65816,3.90070039244,10,
6830,365.202250203,957.88422,82591.8090312,12.6582890261,10,
6833,365.226417351,828.31641,159991.213205,6.75489098157,10,
6834,365.228423617,710.3799,36850.4087866,7.82364114784,10,
6836,365.345391356,1248.01038,131069.04689,8.09870921305,10,
6837,365.684277622,823.04094,253042.916817,9.35831479577,10,
6838,365.713639043,437.290929,203672.243098,9.36725832768,10,
6839,365.715412739,840.24672,1012050.42534,1.17419103885,10,
6840,366.071773532,260.95287,133619.001135,3.81990409922,10,
6842,366.089192431,740.67249,257722.310461,8.23434914871,10,
9830,441.179473623,582.951006,455691.280313,9.32723230998,1.0,[M+NH4]+
6847,366.122641663,325.190574,195909.208014,10.8043929684,10,
6848,366.132268416,1024.2045,125959.362569,10.980364022,10,
6849,366.14111153,1172.17254,61056.6990337,7.27206394382,10,
6851,366.158755717,354.896967,195295.715542,8.66429327248,10,
6852,366.165563911,200.162907,11575724.4898,14.2156444509,10,
6853,366.165450291,558.8859,63613.7346841,12.2227183643,10,
6855,366.185763024,823.04094,64206.3131045,10.9342907632,10,
7219,374.228165791,404.821671,618966.803534,0.933319733403,2.0,[M+H+HCOOH]+
6857,366.188192081,791.12094,79419.2669205,11.3681850729,10,
6858,366.184603734,210.35985,227393.645455,3.2182468154,10,
6860,366.201966313,526.454592,6488235.19261,2.87699912016,10,
6861,366.20147824,47.7059862,643462.856355,7.1049573818,10,
6863,366.21261797,1266.18312,66923.6465824,11.1935637704,10,
6864,366.212132595,683.07354,2186940.69469,2.9655445548,10,
6865,366.241545006,1024.00935,354283.511418,13.3494022204,2.0,[M+K]+
6866,366.23826354,628.05348,98524.1397827,4.5370117306,10,
6867,366.241382977,858.42894,918069.224769,5.41131498562,10,
6869,366.372682271,1403.58222,16288460.1982,1.71871631238,1.0,[M+NH4]+
6870,366.36338153,1386.31803,103386.949028,12.0142883162,10,
6871,366.70269731,710.48754,122789.27497,10.8478786197,10,
17061,732.403265619,658.78038,422044.07311,6.19607352306,1.0,[M+H]+
6874,366.908944758,31.1777319,1886419.68445,4.81845018667,10,
6875,366.932677516,35.0493054,225909.130524,6.35525330383,10,
6876,367.002546466,34.9629147,284166.854371,0.612360014824,10,
6877,367.027499112,548.687178,389839.710055,8.23648747315,10,
9345,427.077146785,126.840594,1517530.22804,8.67669561327,1.0,[M+H]+
6879,367.049965377,1025.02065,521338.938305,3.51252858003,10,
6880,367.085036823,924.98007,274838.530796,11.8836075155,10,
6882,367.10305923,1024.2159,158666.104555,13.8702667671,10,
6887,367.128402342,62.717928,95699.348298,7.51769944582,10,
6889,367.134666379,31.1617842,16553.3546118,9.02280371154,10,
6891,367.143019833,216.647919,1856649.6616,7.72441689385,10,
6892,367.139446568,800.8113,87722.5900017,11.0505739239,10,
6894,367.149626323,316.096212,18821470.031,4.77683985577,10,
11334,485.205442526,301.253385,226371.317649,3.02086145682,1.0,[M+H]+
10060,447.219320346,143.898891,311788.189064,2.1644908595,1.0,[M+NH4]+
6898,367.171263818,65.1528,3664626.54369,7.61212292125,1.0,[M+NH4]+
6899,367.200743025,264.869748,14453365.3847,1.62326774911,10,
6904,367.216329048,1318.7454,2277332.00071,1.66427993561,10,
6906,367.233580443,694.6434,1395647.27412,4.57698969993,10,
6907,367.233045691,605.02848,63975.6609683,2.36441487548,10,
6908,367.23697238,1002.49659,21588779.9408,3.79400789338,10,
6909,367.243540752,50.7300624,752652.348193,4.81075240856,10,
6910,367.258501733,1152.26181,36031535.4408,8.11042446054,10,
6911,367.268218151,1090.79634,413908.794702,14.299213657,10,
6913,367.707445298,700.8069,322720.814856,10.2333627336,10,
6914,367.699898044,847.62675,698732.632394,4.74258030124,10,
6915,367.704685994,591.82824,360175.288805,6.57581310167,10,
6916,367.998536791,33.1285554,744710.063743,10.6557922418,10,
6918,368.030303834,801.36351,346435.970863,6.70772930417,10,
6922,368.112348174,991.74021,319937.056989,6.11821589462,10,
6927,368.157683548,835.56702,45026.2086231,11.5299929593,10,
6929,368.163717915,364.41978,324953.551087,1.76709028191,10,
6930,368.181273908,127.810155,1594278.9398,4.87347282785,10,
6931,368.181221844,239.224986,2387148.93545,3.52271610197,10,
6934,368.186088477,1134.00282,105414.548379,7.79338406219,10,
6935,368.192108925,215.283921,441424.451453,6.49460174972,10,
6936,368.191217125,750.09354,44442.0249151,11.2279759197,10,
6937,368.198551789,161.528958,343521.131902,7.60987394281,10,
6940,368.198344139,582.471498,29926.1520038,14.3081514368,10,
6944,368.226667574,1131.66006,69377.8211192,2.75352520968,10,
12114,508.23994856,385.001157,1236511.18042,1.80217900872,2.0,[M+H+CHOONa]+
6947,368.238700763,41.652918,538371.319397,6.40378580163,10,
6949,368.253713099,1042.78269,469244.888727,7.72417263919,10,
6950,368.25368201,801.8643,286705.725501,7.43696369542,10,
6951,368.663408739,823.09176,40329.1965024,8.59768209484,10,
6952,368.686389993,524.106147,420311.973055,4.54543107772,10,
6953,368.698714983,448.555692,201910.026505,11.4810127595,2.0,[M+K]+
17102,736.397981147,583.468071,1333562.27595,3.58943483458,1.0,[M+NH4]+
6958,369.011767689,748.24332,320612.024743,4.10643432424,10,
6960,369.026056254,741.18978,174464.142556,7.42785037188,10,
6961,369.044002293,925.53,137360.448646,9.43928398137,10,
6963,369.088594075,126.840594,789721.341004,5.86826920058,10,
6964,369.100621875,977.42967,112494.23847,7.08629426611,10,
6969,369.184998914,275.685204,198294.42992,4.19783458697,10,
6972,369.184914545,238.945734,400327.60337,4.6122100412,10,
6978,369.214811211,786.47046,260364.054294,5.94911805293,10,
6980,369.249103415,841.1259,1095702.43674,3.66856883212,10,
16680,700.32540394,276.123621,1931687.98802,2.89993257445,1.0,[M+H]+
6985,369.638246007,408.208788,99875.4943452,8.8811723591,10,
6986,369.669133195,509.154771,283442.877942,4.24737217401,10,
6987,369.966061852,30.9183399,76061.8539633,14.0476537285,10,
6988,370.039120673,827.12742,289075.558648,6.60610337036,10,
6989,370.057689255,801.51072,186872.486891,2.15155318205,10,
6990,370.057175605,842.6592,95579.6918266,4.57902633062,10,
6991,370.057134682,37.899039,208115.85856,14.1070610509,10,
6992,370.07394225,32.8150539,1034953.33528,4.39564102697,10,
6993,370.075605539,977.57676,134942.310744,10.546160347,10,
6994,370.098813321,104.157816,27964.028674,2.76335456435,10,
6995,370.106884081,38.639808,1321553.34294,11.6355708019,10,
6998,370.142751749,346.714812,164375.857535,9.55241411019,10,
7712,386.110565623,655.0914,113490.055863,10.6569095288,2.0,[M+K]+
7000,370.160543571,106.602768,1609585.30255,2.32424179128,10,
7002,370.157267474,837.91617,264971.095871,6.24329486944,10,
8782,412.19076062,573.000816,123511.150645,8.38510630247,1.0,[M+H]+
7005,370.165402753,783.47226,200269.151252,10.0359078401,10,
7007,370.173807931,182.639727,2252404.75089,6.68299194192,10,
7008,370.170387943,53.728611,125199971.071,0.951359516487,10,
7009,370.183131629,333.863703,793886.039019,2.11568935381,10,
7011,370.175649639,643.84137,450079.537677,5.53787190628,10,
7014,370.215332103,870.0525,164089.659286,12.6242804246,10,
7015,370.21199223,1109.71776,407732.336198,3.00522115638,10,
7017,370.219896531,681.01752,91096.7299271,4.03838174549,10,
7018,370.233132109,516.062277,808031.37314,1.76568969911,10,
15288,617.312224676,57.6256089,19662849.0651,3.09939918608,1.0,[M+NH4]+
7020,370.236690427,881.68998,1368868.45588,7.83773513757,10,
7023,370.252767323,55.2587928,8379555.43692,5.69036653889,2.0,[M+Na]+
7024,370.26950095,789.50349,876602.390398,5.07969427333,10,
9813,440.358953963,1073.9367,122865.512877,9.33781313699,1.0,[M+NH4]+
7026,370.317099647,966.93306,1042730.22082,2.29826197032,10,
7028,370.828250418,35.1304974,236198.075696,13.1321473461,10,
7029,370.900710476,35.6112903,378307.958578,10.2034843033,10,
7030,370.981020637,33.311166,433092.678603,2.07623010309,10,
7032,371.006350246,925.20207,184209.686441,8.336542753,10,
7033,371.008793688,848.35146,265141.894645,3.8867507714,10,
7035,371.012829482,39.3655578,1446171.28042,6.32498086254,10,
7036,371.027224923,833.05239,397129.056323,8.75488720381,1.0,[M+NH4]+
7038,371.042905894,1033.64814,683352.026223,9.15328690042,10,
7039,371.044392506,699.11064,144281.278921,1.68314954031,10,
7040,371.041686714,843.24156,207377.385967,6.28751811367,10,
7041,371.079395018,46.5255528,1333911.73484,9.11191256339,10,
7043,371.111522533,516.410598,163225.054202,11.8890522877,10,
7044,371.112663102,113.492265,7736332.30202,3.87134168011,2.0,[M+Na]+
7045,371.112666878,46.4996688,942614.254823,6.02294323648,10,
7765,387.134372377,778.49994,197894.376004,5.19427694846,2.0,[M+K]+
7050,371.152556304,339.738042,321458.841611,3.5881718518,10,
7052,371.164213727,106.613826,248333.029113,7.00197436423,10,
7053,371.167133577,126.882636,674861.978897,7.40665509038,10,
9907,443.224477913,264.000747,2407037.96624,2.78733294935,1.0,[M+H]+
7056,371.180136376,1054.31406,4616333.59264,2.20152554631,10,
7057,371.179318595,643.56864,66258.5571134,10.0860041525,10,
7058,371.192024376,228.536739,1557022.82086,5.88604051009,10,
7061,371.192211102,315.147396,62668.1615378,14.9672585819,10,
7062,371.196101001,1220.544,446292.072277,6.44991339152,10,
7063,371.1897119,591.054744,47802.260902,5.51859551663,10,
7068,371.232075756,753.68109,286623.588778,9.81236946244,10,
7070,371.231943268,835.22841,207274.300083,10.660483986,10,
7071,371.228536936,349.070295,20935969.5676,3.83437744328,10,
7072,371.232011474,777.6972,322976.758798,5.93885654467,10,
7073,371.232564005,1058.25456,88949.5289841,11.4793171279,10,
7074,371.239740585,152.385333,26121045.6196,11.1166872643,10,
7458,379.750034234,872.31156,2110857.26775,2.78878326246,1.0,[M+NH4]+
7077,371.239792476,489.714078,71411.1109646,11.2665445027,10,
7078,371.253475876,952.58889,6469586.62934,9.64262464017,10,
7080,371.301269064,908.16462,555430.858284,7.38311017659,10,
7081,371.315118587,1394.82303,408363607.642,4.37536056292,1.0,[M+H]+
7082,371.382182157,1311.02568,68600.3394413,11.294303265,10,
7083,371.697306931,512.57433,2771309.59102,3.89183977315,10,
7084,371.697316486,569.600304,1526746.10146,3.99985537831,10,
7085,371.716830282,516.329718,50419.7819006,13.2928621605,10,
7086,371.737838502,872.17533,98239.1339448,6.55277172678,10,
7089,372.123854035,937.27458,218577.048888,9.49362186434,10,
7091,372.135791842,842.61402,516547.419193,11.2373487559,10,
7092,372.156068453,307.096692,97761.9006605,6.11435330014,10,
7093,372.155965529,346.670841,406623.566446,8.56631419833,10,
7094,372.171093323,264.712245,592216.509965,7.68006068847,10,
10816,469.157488576,1054.2786,193301.780939,12.4101091391,1.0,[M+NH4]+
7096,372.17778555,629.58213,2211101.19208,3.67061042467,10,
10645,463.218032722,552.559908,101564.949533,4.02310264392,1.0,[M+H]+
7100,372.197599942,45.5580024,561344.699832,8.60128610181,10,
7101,372.19291339,255.206862,198614.500602,0.973642019933,10,
7102,372.18901316,867.58926,423440.778959,5.60641843998,10,
7104,372.205488942,360.735666,446769.256264,5.01885203965,10,
7106,372.217651501,451.232058,371667.052488,2.90024073757,1.0,[M+H]+
7108,372.232183659,401.21142,600832.399932,5.7378201162,10,
7113,372.257171159,952.53252,1376950.89597,8.55078481142,10,
7115,372.330230018,1211.00604,664641.670874,3.17290406816,1.0,[M+NH4]+
7116,372.685851659,567.664104,42896.9559052,13.2495514449,10,
7117,372.696488345,522.760095,18927069.8819,1.20544608086,10,
7118,372.705071946,655.84101,1183712.55654,4.18177290066,10,
7121,372.715954352,421.339218,131318.671714,12.9206777882,10,
7126,372.950025752,35.4553047,530227.128961,7.52283742896,10,
7128,372.997001244,741.15474,531789.405694,1.62176148477,10,
11143,479.069915647,777.48192,19837.897746,6.72316285949,2.0,[M+Na]+
7131,373.022136947,977.77752,131756.504905,13.2431203153,10,
7132,373.023094438,835.22856,367849.725233,6.12315021154,10,
7933,391.041530846,51.146922,371793.502592,6.24377378041,1.0,[M+H]+
7134,373.039752099,1033.58124,277799.591631,12.3736398831,10,
7135,373.060785236,1019.50629,77743.9984894,11.9016519771,10,
7136,373.059060273,47.5481748,777838.827741,7.82158561992,10,
7137,373.05995854,681.01752,284485.193522,14.0485610054,10,
7138,373.067695299,155.060268,62380.3252973,8.01894461158,10,
7143,373.120238724,1174.47426,1606985.42729,3.12464594576,10,
7144,373.118766264,113.344578,47366.8758993,0.732373935045,10,
7145,373.136576798,967.55076,111366.222787,12.2637971378,10,
7146,373.130060479,69.342804,579462.633959,3.38433207091,10,
7147,373.146568971,750.40404,132769.25639,9.60358883209,10,
7148,373.138480795,954.11109,169355.846404,6.93167251599,2.0,[M+K]+
7149,373.140056875,498.471537,168244.098016,8.36859524502,10,
7151,373.141234993,458.537352,599650.406878,3.1276040916,10,
7152,373.147331974,547.41459,72894.1031208,6.19994699252,10,
7154,373.159482335,346.368432,46472.0223284,13.3536896535,10,
9030,418.173319866,697.41096,1142443.24031,0.944002052282,1.0,[M+NH4]+
7158,373.181278044,629.34735,312607.63327,2.97240860417,10,
7159,373.186679784,458.164572,873831.958877,4.80750793394,10,
10547,460.276088345,386.042286,6879142.6846,5.91196578475,1.0,[M+NH4]+
7163,373.196244921,49.98642,213604.144036,4.59035886112,10,
7906,390.248169672,1035.34809,549443.252259,8.32401979824,1.0,[M+NH4]+
7169,373.244178104,389.582733,1692928.01786,5.46552250629,10,
7170,373.255288042,222.556434,6222234.30198,6.12270514008,1.0,[M+NH4]+
7171,373.280531763,294.54144,4826354.86158,5.58746394637,1.0,[M+NH4]+
7172,373.305718823,1320.87702,8193668.46322,2.22119593954,2.0,[M+K]+
7173,373.305581516,1121.03892,8953501.14267,1.95122818933,10,
10942,472.765255466,527.460531,133861.773448,11.5761847961,1.0,[M+NH4]+
7176,373.731127767,867.6642,47239.3031712,10.5248616295,10,
7178,374.028349358,801.8643,585505.220538,5.88187838729,10,
7180,374.074794622,31.0862196,1814956.94065,6.84593230874,10,
7983,392.100459068,105.755775,8310768.51803,6.67702302561,1.0,[M+H]+
7183,374.108628996,842.7759,142736.125106,12.0599843547,10,
14899,603.179535926,1032.96858,540916.508837,7.02324361372,1.0,[M+NH4]+
7185,374.123923234,589.487238,117932.809729,8.8368052731,10,
7186,374.129691592,521.413026,3524514.46522,3.88638861792,10,
7187,374.129049104,32.1843039,361329.749984,4.05356806583,10,
7189,374.129825225,551.783496,5472451.78828,3.82019991367,10,
7190,374.131929946,175.062198,261275.461656,12.220087319,10,
7191,374.148071931,963.06675,762508.311536,9.072990411,10,
7192,374.147214453,697.07442,199368.691866,7.56550007283,10,
7193,374.137678604,337.087662,49454.3096777,3.79540236628,10,
7194,374.147529487,379.184412,162320.479841,13.4606288641,10,
7195,374.152023945,40.142604,3023101.23619,7.99171075132,10,
7196,374.174103346,452.487252,233523.97005,8.57987786798,1.0,[M+H]+
7197,374.165334811,61.373427,6659297.89617,7.29966634876,10,
7199,374.16863949,471.807708,735957.218543,6.05077437461,10,
7200,374.167883463,585.147738,135988.112575,7.49480662207,10,
7201,374.168657074,173.032464,66394.1625738,12.5558134406,10,
7202,374.175288803,253.829631,168838.851463,12.4295043327,10,
7203,374.178488701,427.902204,783118.286874,4.4117410689,10,
10178,450.280246397,924.1551,852976.490072,8.7769994881,1.0,[M+NH4]+
7207,374.198063369,504.298791,9953667.29823,2.71239073281,10,
7208,374.191784982,48.28467,902211.759625,4.05488503013,10,
7209,374.195712575,339.62352,94506.1085451,13.9572726099,10,
7212,374.210192207,778.49994,122197.902495,8.88671624959,10,
7213,374.223595288,690.56571,1118808.8489,3.55721074722,10,
7216,374.211763257,154.193334,235045.041372,6.87793008098,10,
7217,374.228046596,776.86281,258448.355925,3.93870043765,10,
7218,374.227863069,760.84947,302592.465175,9.06023783474,10,
7220,374.22810835,539.438754,68124.8650732,13.3448311016,10,
7222,374.247974547,280.510116,420004.739302,5.58409402881,10,
12061,506.260576192,534.811965,17100037.7613,3.57593653464,1.0,[M+NH4]+
7227,374.275771179,281.742687,589638.29648,5.11487318643,10,
8843,413.275550411,434.040768,2881314.06816,4.44699668061,2.0,[M+Na]+
7229,374.275245519,320.293158,681732.880555,5.44756973787,1.0,[M+NH4]+
7230,374.275759962,712.7904,427207.734193,3.91425845139,10,
12323,514.286785825,468.081156,4115906.46389,5.94727697884,2.0,[M+Na]+
7233,374.684462749,362.085306,990012.306685,5.32592290278,1.0,[M+H]+
7234,374.677533023,253.92111,54992.5713733,13.0177043075,10,
7235,374.679557128,428.06718,175249.441876,9.89007890469,10,
7237,374.724925198,637.146,923289.327449,4.40165504883,10,
7238,374.855329742,36.6483651,205691.037712,6.77607562502,10,
7240,374.910849571,35.6112903,276417.835034,5.49282438101,10,
7242,374.947021782,35.6112903,241951.643052,6.15720890103,10,
7244,374.995244735,925.13619,327879.51563,6.16761213036,10,
7246,375.000322119,34.8075594,255090.586966,10.6207723196,10,
7247,375.019741343,835.90782,72588.3939165,10.8111356145,10,
7249,375.038671278,33.4419945,1200548.94242,9.26630792701,10,
7252,375.07552063,835.31277,252083.778925,8.17413274597,1.0,[M+NH4]+
7253,375.082064626,958.46976,164724.913701,4.82314327303,10,
7256,375.111150913,967.40793,723734.819321,4.84333710145,10,
7257,375.134465961,796.79175,346736.225711,6.18363560638,10,
7258,375.127248945,40.4552955,1551931.75626,11.3089648637,10,
7259,375.133132501,615.8949,148143.732241,6.15511077484,10,
7260,375.133283533,551.540232,763940.97274,1.27189032317,10,
7261,375.150947408,533.130462,103496.374938,5.48531067192,10,
7262,375.172117863,328.844658,75349.5114729,12.7604179369,10,
7265,375.187711249,189.636459,6357274.31781,9.17311319394,10,
7266,375.17617034,323.353041,649350.273507,1.47841841473,1.0,[M+NH4]+
14606,591.211376241,40.6158081,1311000.70413,10.9456580539,2.0,[M+Na]+
11227,481.312775344,520.654302,9442306.18161,4.07235610404,1.0,[M+NH4]+
10775,467.249731315,445.725246,3974291.53729,3.75519036562,1.0,[M+H]+
7274,375.225167964,1009.8009,335336.969327,5.85756134761,2.0,[M+Na]+
7275,375.226470082,637.31298,179188.416941,0.721476288689,10,
7276,375.249794919,331.673166,211765.484821,8.70668500806,10,
7277,375.250261142,1292.22897,6648145.30022,7.92599238616,10,
7278,375.250322847,430.677552,332128.587222,2.38032207582,10,
7279,375.279150372,360.512346,230969.343678,9.15981559911,10,
7281,375.286841574,294.54144,82326.8123407,6.19102264878,10,
7282,375.279111318,281.746569,77324.20435,2.93685506993,10,
7283,375.306378476,1315.31979,376093.502283,12.685545309,10,
7284,375.623450405,46.9213119,445718.391411,10.2346676541,10,
7285,375.655192854,844.58892,47067.9339876,13.8138198637,10,
7286,375.673219873,556.33023,348391.78288,4.93973956718,10,
7287,375.679896764,307.484514,245389.083473,11.6219509492,10,
7288,375.686396272,515.736342,142333.434753,5.41452038546,10,
7290,375.696330486,303.658701,589130.574336,3.86384134065,10,
7291,375.969255001,35.6911938,119760.285846,5.04717707924,10,
7292,376.023241747,33.4419945,650499.604463,12.8156327904,10,
7293,376.056446873,827.12742,1129895.82905,4.3404120887,1.0,[M+NH4]+
7297,376.126303192,574.048128,386002.869302,6.29588736094,10,
7299,376.126482253,150.157014,3500642.81441,5.45845479181,10,
7300,376.126804098,249.997122,131136.429419,7.27719512736,10,
7301,376.133738612,942.65838,198193.835595,10.8168068243,10,
7302,376.126422731,490.290954,1056034.65245,5.9745049397,10,
7303,376.147351051,266.088876,1152297.93927,7.36785602533,10,
7306,376.14442832,305.45139,58206.2116926,9.62307599808,10,
16843,713.349714845,674.65035,22442542.2328,3.78123706074,1.0,[M+H]+
7310,376.153792049,544.69347,320718.892711,4.59465873843,10,
7315,376.186477328,918.08442,869658.220257,6.71598573879,10,
7316,376.186204694,903.38199,2740018.70942,4.68518725792,10,
7317,376.180576197,263.726748,717776.372787,6.37695237465,10,
7318,376.19720474,303.830628,126141.365669,6.31526607133,10,
7319,376.190291574,114.69132,832005.591719,7.31850426637,10,
7320,376.206073533,616.71423,151707.257161,6.42528208756,10,
7321,376.207629109,413.897556,101464.379383,13.6375457561,10,
10303,454.192936622,206.958039,748959.574276,1.64784893954,2.0,[M+K]+
7326,376.227126113,336.977457,3171980.48055,2.36221347286,2.0,[M+K]+
7328,376.226953343,389.410026,459221.977185,1.84774906623,10,
7329,376.237205388,933.04086,931196.139135,8.04961995429,10,
7331,376.691523532,114.69132,312341.974828,5.3519236052,10,
7332,376.709768675,566.731146,191052.364825,8.78650462183,10,
7333,376.84527657,35.3565531,253770.453034,9.01640288131,10,
7334,376.928880317,33.7529142,571162.013442,10.0784549058,10,
7337,376.976558676,38.4278691,480965.135981,8.94957778051,10,
7339,377.014184102,71.568042,1726946.37684,7.8098111701,10,
7341,377.071538913,380.211165,209817.577361,11.9875153276,10,
7342,377.085321601,376.380177,86476.3489756,6.22480766304,10,
9312,426.146951406,40.3217865,3238371.8122,12.2117989693,1.0,[M+NH4]+
7344,377.097683635,974.10606,1067107.50239,5.25955629265,10,
7345,377.097733318,1002.7839,5790382.83224,2.02225409236,10,
7346,377.1049187,766.52169,51946.995416,11.0181998505,10,
7347,377.108071951,967.63872,197938.587009,6.37306762634,10,
7350,377.145130287,636.08058,73422028.1465,3.96299644347,1.0,[M+H]+
7352,377.130154513,490.659012,150917.379494,9.6363461888,10,
7353,377.152767782,310.742655,627914.886117,4.5984557254,10,
7354,377.166920257,1165.68234,318083.732505,13.8969554242,10,
7356,377.184266918,133.42833,543657.822374,10.2732838052,10,
7357,377.182936781,838.24911,74801.629708,5.77775871236,10,
7358,377.184822199,478.067634,7002298.42844,6.62326852592,1.0,[M+NH4]+
7359,377.191620387,371.982063,708133.15481,13.3303233464,10,
7361,377.221300314,963.34641,275947653.137,2.51434064975,10,
17262,753.424579746,719.96586,2209593.2894,3.94219066774,1.0,[M+NH4]+
7364,377.232553654,849.66354,2303225.6978,1.51008223934,10,
7365,377.226188435,664.58226,51955766.7314,7.13678478639,10,
7367,377.32182892,1336.19706,536676.720621,4.92913686676,10,
7368,377.67706424,185.038341,1021983.79866,5.05576536552,10,
10868,470.745431695,466.890822,175775.297312,9.90922720692,1.0,[M+NH4]+
7370,377.695515969,318.93576,55843.0866214,14.3523334531,10,
7371,377.708018226,439.67631,339578.398397,2.74599880039,1.0,[M+H]+
7373,377.73126232,556.162164,74591.7453175,2.06618653691,10,
7375,377.73568467,660.8832,84321.5558831,8.5467326498,10,
7376,377.880994756,30.4576101,60318.5775204,9.87971957376,10,
7378,378.08041435,114.18234,162714.827133,11.9759969688,10,
7380,378.136064934,45.125052,794447.588747,8.0487401189,10,
7381,378.126321766,75.402426,139724.897435,12.8621412149,10,
7383,378.143825979,62.733108,913155.002388,7.25547452184,10,
7385,378.157961625,360.625524,38751.0647221,4.57040159948,10,
7386,378.162772047,89.410182,6688475.99905,2.3320784185,10,
7387,378.169115758,329.248959,174935.002376,5.92135782424,10,
7388,378.168826261,226.274295,150023.652333,13.7694034173,10,
7389,378.164636959,847.66815,105836.105812,4.35171824719,10,
7390,378.170451971,410.752686,1071986.79178,5.00511247061,10,
7392,378.194777905,371.949369,92549.8233061,9.20005156512,10,
11811,499.251925611,941.42418,686292.745159,10.0035577325,2.0,[M+Na]+
7395,378.205190818,794.0355,90974.9039597,12.5800232758,10,
8700,410.210319036,705.60171,16324288.8978,3.01170173943,1.0,[M+H]+
7397,378.205033299,688.82568,24954.0951281,14.4604192821,10,
17284,755.428995424,471.302202,254091.652195,8.54770465195,1.0,[M+NH4]+
7400,378.21176059,870.75084,168949.154327,4.58070206615,10,
7402,378.235921726,495.190668,1346533.18374,6.75528963386,10,
7403,378.231905193,1341.10116,59649.9638118,3.22549946215,10,
7404,378.239968966,699.06063,17764040.3473,53.4201418719,10,
17287,755.47643699,680.37714,5969924.22063,5.29768832969,1.0,[M+H]+
7406,378.252585889,1003.539,55940.7371278,13.4722003854,10,
7409,378.664427997,89.362305,2315767.4537,5.18322348708,10,
10107,448.732475668,107.279643,461427.872806,9.58022778485,1.0,[M+H]+
7411,378.69637245,533.949471,297925.972487,11.9086116193,10,
7412,378.710919291,349.463064,68174.2851669,5.77006864407,10,
7413,378.719683895,471.332844,994522.507497,4.59168554522,10,
7415,378.74356238,705.24126,1375235.54631,1.47677526288,10,
7416,378.803258641,35.9422269,109275.723541,8.32020659738,10,
7417,378.842436807,35.3724855,275334.898368,8.76359199656,10,
7419,379.025923306,903.43656,630831.684641,3.25787902578,10,
7420,379.032168489,968.63085,308827.833938,9.49899501809,10,
7421,379.037930826,35.1304974,829987.612032,6.70321298494,10,
7423,379.077352375,336.248142,25112.3551446,13.752837394,10,
7424,379.113441933,1032.99834,7167568.53552,7.01776205954,10,
7425,379.113196995,335.866596,18713.7853295,9.63067914312,10,
7426,379.117150885,102.169446,141942.426977,7.91140287209,10,
7427,379.123589975,905.02224,394296.58932,12.1145606663,10,
7430,379.154083964,570.942312,93399.3762454,11.195850049,10,
7433,379.153034538,351.83484,116320.96781,8.93656365221,10,
7434,379.168197186,423.171243,227681.390991,13.3403699571,10,
7436,379.180098946,478.067634,209779.559844,4.74141149938,10,
7437,379.184439625,849.9669,52876.366033,10.4252136608,10,
7438,379.188915599,617.65251,252245.663534,5.35664373112,1.0,[M+H]+
7439,379.196172014,583.362486,15822.8642208,6.50294119465,10,
7440,379.200988412,269.318757,376833.759715,5.01291963282,10,
13247,544.345105345,329.949792,1133126.36442,6.60171816918,1.0,[M+NH4]+
7442,379.191115048,307.398624,53081.7791717,12.1812328335,10,
7444,379.221315126,471.260436,216296.258984,9.20123525935,10,
17498,774.475804474,962.1579,767170.933456,6.94343712602,1.0,[M+NH4]+
7447,379.241844218,692.95008,4759879.01254,0.517260490981,10,
7448,379.24830661,872.31156,5823956.1085,3.59274687839,10,
7450,379.273146774,1313.66889,137945.398846,10.5642591552,10,
7452,379.294745056,965.97456,277505.817263,9.84804035282,10,
7453,379.678480773,263.445369,254930.505408,10.581778399,10,
7454,379.69480446,721.0503,808062.152244,3.48112865455,10,
7455,379.693952392,583.444356,331413.216599,2.08785117678,10,
11738,496.805090088,850.3539,201392.006689,3.92156200804,1.0,[M+H]+
7457,379.723648349,477.144279,3739537.44467,3.9267595702,1.0,[M+H]+
7459,379.989728473,32.8188198,861960.15597,2.64667626903,10,
7462,380.094913308,40.6158081,2698194.18142,7.19741848826,10,
7464,380.130002144,275.055114,59589.2540106,11.9862331826,10,
7465,380.133209995,57.2885772,141403.818817,12.5534498448,10,
7467,380.152245754,876.9168,111375.410159,4.14782739597,10,
9108,420.190185855,270.838683,465228.885585,7.19082400701,2.0,[M+Na]+
7471,380.196196537,721.10511,279514.949836,7.82723122458,10,
7472,380.192419644,586.825356,2571743.22641,4.7092112424,10,
7473,380.192380355,308.917512,191952.163244,8.67646386568,10,
7474,380.201091346,426.708678,959718.154519,2.40414367928,10,
7475,380.210799379,339.101982,808091.642875,3.89747446268,10,
7476,380.200656576,364.836288,988066.381387,1.18054401564,10,
7477,380.217510565,571.15956,50232543.788,1.61219995398,1.0,[M+H]+
7478,380.217682871,394.891131,434493.351651,5.67391092443,10,
7480,380.217493048,527.936658,5490950.41858,3.32707448427,10,
7481,380.228485029,487.942914,140879.512908,7.78933065956,10,
7482,380.228736064,418.805556,98990.0760667,8.88917865512,10,
7483,380.244708829,692.95008,569517.153957,2.41376398207,10,
7486,380.251413331,872.31156,532162.809087,4.33379813811,10,
7487,380.290144716,461.060058,104273.625715,10.3226286825,10,
7488,380.686251754,296.831574,268732.191152,8.55235408643,10,
7489,380.684492345,421.339218,60587.4308653,12.8085629683,10,
7490,380.684369724,640.8597,255538.478493,11.538686581,10,
17835,815.356077685,587.625867,2075131.84017,2.46460307585,2.0,[M+K]+
7492,380.695014129,185.536218,1184848.52208,7.03377606376,10,
7496,380.85659218,35.6112903,183468.868064,9.94899632455,10,
7497,380.894570984,35.1304974,580137.240154,12.6808879788,10,
7498,380.928257067,35.7843657,802568.374356,7.26377399628,10,
7499,380.94854886,34.7116839,1377041.24058,11.2258041559,10,
7501,381.022620494,903.76566,196237.695818,10.3068629403,10,
7502,381.027237109,1025.14416,624985.554333,7.66213843935,10,
8173,396.998495101,969.15012,401737.077721,1.03628620067,2.0,[M+K]+
7506,381.092470395,835.56756,607097.757423,3.92202193467,1.0,[M+NH4]+
7507,381.099365176,59.5278591,330260.873762,14.6274370804,10,
7510,381.105467497,555.462657,46230.0520956,10.7899188605,10,
7511,381.109558546,1204.73322,1207527.54174,6.65005137161,10,
7512,381.109088486,339.96015,245529.694612,14.7826881716,10,
7513,381.122340455,731.12706,108108.625921,14.1491346654,10,
7515,381.128818422,398.014854,300027.053066,3.29335930295,10,
10487,459.12882847,444.941085,243802.003334,6.85325653261,2.0,[M+K]+
7518,381.12580653,788.1039,157415.193169,10.6990073428,10,
7519,381.164430907,1111.68864,17804794.9763,1.68392046328,10,
7521,381.164081562,1154.77362,46662761.3239,2.85875583077,10,
7522,381.169434221,399.23391,327917.65758,2.31879270259,10,
7523,381.176543113,354.211155,1365262.99996,5.31643670069,10,
10617,462.235397084,536.426115,625488.728351,5.82473497034,1.0,[M+NH4]+
7528,381.210334817,266.921625,3986480.07651,2.84063466713,10,
7531,381.223604448,409.682568,211664.764453,2.76640367561,1.0,[M+H]+
7533,381.222724029,645.18321,553426.071755,5.88796204587,10,
7538,381.243047874,1023.88185,537792.282381,7.03161302106,10,
7539,381.285566429,779.59827,304625.640979,3.42173277967,10,
7543,381.726069683,872.31156,684085.459733,4.97700754813,10,
7544,381.725379665,409.463304,54223.9432095,14.8131811201,10,
7545,382.066530187,130.567206,93263.9369605,5.32139879973,10,
7550,382.136484849,251.039988,113188.830794,9.13686612638,10,
7552,382.160743404,487.254594,287383.565162,6.7017315074,10,
7553,382.160449002,536.849283,420807.152127,5.94630742292,10,
7554,382.153684998,1013.33529,90475.9059202,7.38577202547,10,
7555,382.160251677,380.569788,106152.115616,10.8940469608,10,
7556,382.182782457,40.8279981,1860407.44871,9.26734378583,10,
7557,382.196875497,357.260157,3129308.05229,0.918511926801,10,
9649,435.244428828,160.474956,255565.833606,5.00222450358,1.0,[M+H]+
7560,382.209876295,490.946019,818889.938819,4.6155266427,2.0,[M+K]+
7561,382.209387776,831.03258,105627.059509,4.82585703392,10,
7563,382.228518152,872.20791,208949.10467,7.44591780773,10,
7565,382.226113487,645.11892,55943.031768,7.85397783489,10,
7568,382.257723604,595.24353,74541.7916017,9.61106765129,10,
9814,440.362910554,1345.53687,1371167.51891,7.00799138234,1.0,[M+H]+
13036,537.368981577,1408.39314,782005.421113,8.44073020376,2.0,[M+K]+
7572,382.645929036,477.600969,128875.454968,3.42816721619,10,
7573,382.685856984,524.106147,92216.8762814,12.046787823,10,
7574,382.681964323,385.001157,107028.921624,12.4001328971,10,
17924,830.387070593,448.337016,690989.619621,5.81560356626,2.0,[M+K]+
7577,382.718220813,631.21239,798772.557543,2.98304711032,10,
10941,472.756214292,667.93674,1583253.97095,4.6854270719,1.0,[M+NH4]+
7579,382.728980845,871.96824,39451.7244818,14.1363791135,10,
7581,382.836461625,30.1006764,84537.6310955,4.24540822415,10,
7582,382.836002546,1636.99416,1792386.95691,2.74651166369,10,
7583,382.853512896,35.5472922,121424.687201,4.60888456051,10,
7585,382.97912103,35.4553047,675585.387464,5.28864841433,10,
7587,383.022222518,71.345421,477646.506593,7.81084211591,10,
7588,383.02437584,1025.16126,216349.782403,4.39649599647,10,
7590,383.044910068,796.2468,182105.496868,4.05571859084,10,
7591,383.045061749,839.24424,52798.8470409,6.1449040639,10,
7592,383.050423009,85.409991,3402070.17635,1.72927902793,10,
7593,383.063653637,868.08708,57703.4250202,6.15746663485,10,
7597,383.121207586,317.002767,31803.2184611,14.0169975654,10,
7598,383.125735097,511.258212,81523.4832752,9.86626569587,10,
7599,383.139423168,1033.12977,456936.15971,12.4086304472,10,
7600,383.142101533,212.548413,112891.42807,14.562977132,10,
7603,383.167097637,334.641144,308901.272519,7.58726046372,10,
7604,383.167228283,870.32802,58505.7492018,13.3402337131,10,
7606,383.200609209,308.93259,216960.859665,7.69555371145,10,
7607,383.201792818,447.585765,134933.822428,5.03483401272,10,
17660,793.380167191,66.317607,2955759.821,7.24328280548,1.0,[M+H]+
11061,476.26549903,667.77174,476204.108256,6.4880217624,1.0,[M+NH4]+
7611,383.21338622,46.192704,2025344.80312,4.86343975371,10,
7612,383.213772107,1267.50438,3536165.67928,2.23533969728,10,
7613,383.231717503,844.95048,46849.8447542,5.67618046457,10,
7614,383.232372032,1292.66814,63003.9514801,12.9450131433,10,
8272,399.250205097,1235.93277,8456457.6958,3.3990305178,1.0,[M+H]+
7616,383.238204186,41.8700568,658321.282967,9.1775125635,10,
7620,383.688677412,391.649418,368306.783275,5.58433183606,1.0,[M+H]+
7621,383.708022514,585.673572,87201.8675763,12.0235862714,10,
7625,383.976200374,33.1285554,542093.789697,6.75539516871,10,
7628,384.034823202,235.920606,1095866.43948,5.20080710124,10,
7632,384.099709857,868.39974,274961.23818,7.84679425352,10,
7635,384.139526769,132.589326,296419.515566,9.62177075665,10,
7636,384.158401531,431.08587,428767.473084,5.09159348548,10,
7637,384.158348487,479.490084,235805.454158,7.24180567171,10,
7638,384.158575937,341.734764,32929.1758702,7.08930178045,10,
7640,384.183850936,704.86923,33940.560796,13.3337727453,10,
7643,384.193089207,1334.04273,521604.806574,6.79063235234,10,
7645,384.211125994,244.368174,13153870.0787,3.09262931736,10,
17428,767.414806082,266.210439,842894.14136,7.89510649008,1.0,[M+H]+
10509,459.305734238,1141.77297,3184401.59659,7.46085705821,1.0,[M+NH4]+
7648,384.245479543,1122.58896,92782.8156538,5.07196294024,10,
7649,384.248352064,1293.03366,58793.6846844,10.3578625453,10,
7650,384.249159554,1235.93277,83863.5928665,14.8334375755,10,
7651,384.250608521,336.07494,195315.235299,3.05601329065,10,
7652,384.282721376,1309.92177,186617.693624,8.8606008786,10,
7653,384.294801418,1159.7961,6799963.87702,1.93471179982,10,
7654,384.305412147,958.85295,929676.804678,6.73038863272,10,
7655,384.688502331,728.28864,162305.666569,7.20048898462,10,
7656,384.691828608,515.711952,1188849.34663,4.38707895608,10,
7657,384.715832716,405.032565,9141089.32147,1.8748858477,1.0,[M+H]+
7660,384.845116634,37.9544121,325792.811362,10.3672495583,10,
7661,384.916343673,35.1304974,415753.055161,7.88225183066,10,
7662,384.960951115,33.6890376,810854.100282,14.2270476097,10,
7665,384.99696023,766.61814,62486.9066967,9.06551868936,10,
7666,385.031202859,33.7566786,1512620.81052,3.95353477322,10,
7667,385.038174042,235.997502,99212.537325,13.974496411,10,
7668,385.046418611,414.338676,118222.471052,13.2287523652,10,
7669,385.060792329,1074.02631,13725217.4497,2.10995217745,10,
7670,385.048420006,33.3746646,488080.209795,5.97740426493,10,
7673,385.100383642,100.285953,391248.984618,6.43711639554,10,
7675,385.105098985,873.1425,49227.645585,5.79757921525,10,
7676,385.117332558,318.546144,121606.651453,7.04674791827,10,
7678,385.128328978,51.0632316,20383565.6558,0.973241109306,10,
7679,385.147712795,588.987888,1541315.02486,1.97491626807,10,
7680,385.15924827,69.023007,1666047.97679,7.46937121958,10,
12849,531.30314089,504.640914,1205714.94061,4.13998244498,1.0,[M+NH4]+
7686,385.206707814,422.54418,51446.5396872,4.37576056253,10,
7687,385.217455705,405.032565,3598362.93209,3.04552522159,10,
7688,385.218991811,483.893664,2160943.03002,3.08932498678,10,
7689,385.222697626,968.31528,286268.463275,3.37088466604,10,
7690,385.231384119,596.667321,557272.158338,5.4014167849,1.0,[M+H]+
17446,769.481143257,618.32922,8985897.9402,5.96758841513,1.0,[M+H]+
7693,385.243920847,274.343436,1094049.46544,1.4324494231,10,
7694,385.244110586,361.697031,24904637.4021,2.20000746493,1.0,[M+H]+
7695,385.269312518,1054.24017,19222056.8264,3.1549511511,10,
7696,385.316909246,618.35628,140544.746129,9.26912126993,10,
7697,385.317144047,586.601772,222963.33591,2.18093360449,10,
7698,385.673520437,48.8929146,548255.910585,3.55610192103,2.0,[M+Na]+
7699,385.692342976,292.976256,167129.84597,3.72974349309,10,
7700,385.686866258,218.468598,156442.83901,9.20458552048,10,
7701,385.71096989,454.367748,805045.116218,5.57262115688,1.0,[M+H]+
17449,770.439804247,419.732574,151689.470561,9.90576313912,1.0,[M+H]+
7703,385.718834121,405.032565,827577.152191,4.9789070494,10,
7705,385.73304035,596.587122,195369.093721,7.0452390083,10,
7706,385.745827882,618.32922,1789031.52319,5.7705113902,10,
7708,386.033122578,33.4419945,543842.310971,8.50496034694,10,
7709,386.030534713,235.853118,106954.20253,13.5772606563,10,
7710,386.046254783,903.78012,253254.911999,8.01374909451,10,
7711,386.067365592,36.7270446,122771.388921,10.3410689874,10,
7713,386.104079261,81.557292,237403.358368,6.23111145694,10,
7715,386.131189388,837.78702,83394.3487662,7.95346378417,10,
7716,386.12979453,532.936971,182411.228735,7.47136294735,10,
7719,386.14263551,80.835624,808735.867452,3.96726415669,10,
7720,386.139971489,67.714302,970491.875193,14.2260647276,10,
7722,386.157533396,410.450175,394102.275433,2.32344504457,10,
7723,386.156247045,372.641076,76948.5551785,11.9320961419,10,
7725,386.163287821,69.128199,211049.438081,11.3046144996,10,
12542,521.268910489,306.796272,173982.392453,5.50434343912,1.0,[M+NH4]+
10068,447.280777869,454.198143,2491569.05239,3.12982286017,1.0,[M+NH4]+
7737,386.243156431,447.32757,111365.411506,9.41469261125,10,
7738,386.247413067,274.019874,151678.798581,11.7297763962,10,
7740,386.253331808,1058.56587,19179054.6581,5.59393954925,1.0,[M+NH4]+
7741,386.263876163,776.21046,194307.572736,7.17981736896,10,
7743,386.333948826,1444.97418,232929.326546,10.7511462765,10,
7744,386.55047253,289.558941,64415.6025981,5.93107004312,10,
7746,386.712254932,625.09947,1033402.22711,2.06256086652,10,
7747,386.720759359,638.5422,6371868.51509,5.29502063893,10,
7748,386.71310276,300.26613,309811.681413,4.20486252951,10,
7749,386.739740686,738.30345,226650.236699,9.0144311584,10,
7751,386.965637927,35.1304974,1293260.15153,10.9676648943,10,
7754,387.037945228,1019.8179,98698.0562261,13.1858655317,10,
7755,387.039561091,903.76566,696749.711805,7.12577001517,10,
7756,387.057764051,1074.02631,13219176.9472,2.27654720639,10,
7760,387.106361172,323.540508,168945.540091,3.52240468286,10,
7762,387.122506418,36.127974,107879.868166,6.04268908118,10,
14789,598.184012612,1348.33992,103872.594621,12.6782869146,1.0,[M+NH4]+
7766,387.145512601,180.050718,150600.790842,8.1297741577,10,
8432,403.129426297,548.445783,273626.991014,7.88793281714,2.0,[M+K]+
7768,387.161588355,84.749133,210689.19264,6.26737803659,10,
7770,387.198317225,750.83172,162445.865222,4.69684951323,10,
11444,488.307446358,240.93774,13642816.5662,5.05951067312,1.0,[M+NH4]+
7773,387.20003894,484.233282,975240.489934,4.34029289809,10,
9715,437.21372728,124.788972,2291042.05781,5.5980583083,2.0,[M+Na]+
9551,432.279874049,638.05278,103491333.596,7.99262441781,1.0,[M+NH4]+
10544,460.27594523,71.240175,12698699.4642,13.930841139,1.0,[M+NH4]+
7778,387.240699,738.27228,43472.3060194,6.01439374577,10,
7779,387.241026481,686.46204,133360.708856,8.14812929273,10,
7782,387.259701151,503.614539,3279816.05563,5.12951620482,10,
7783,387.259997775,527.429466,1311008.03928,2.40814559552,10,
7784,387.25971136,455.703822,4441614.83745,13.4268072771,10,
7786,387.374529077,1418.27661,133560.666791,12.8853315032,10,
7787,387.697121039,849.88002,293120.512799,3.73389071706,10,
7788,387.688568418,357.267042,119863.661301,4.75606223847,10,
7790,387.723992913,638.38362,626942.000639,6.80883144256,10,
9731,437.716411883,82.141677,455721.292165,6.80661494874,2.0,[M+Na]+
7794,388.070911275,741.05268,588739.834438,2.13403611379,10,
7795,388.09984888,243.850986,89558.0301965,4.51780843331,10,
7797,388.110297252,345.081486,186749.883319,6.04113788544,10,
7798,388.099268751,136.720767,906729.665011,7.26622132724,10,
7801,388.157525189,679.38306,60809.2863687,12.4205073556,10,
7803,388.162722387,868.03167,867535.783718,1.1837673659,10,
7807,388.198703551,850.04598,93818.8576409,4.70099005921,10,
7809,388.205641349,1421.44206,79286.0703296,11.1480820639,10,
7810,388.207396122,572.485986,31160.0848217,12.8355572513,10,
7812,388.2206894,618.71235,8713493.86466,3.11555755248,10,
7814,388.263241787,369.248154,43471.2114301,7.75944626138,10,
7816,388.302545307,863.61939,120694.970204,7.62060590134,10,
7818,388.354576874,1403.50554,4736923.02293,3.014341677,10,
7819,388.705653213,484.233282,15286855.9339,1.57318334962,1.0,[M+H]+
7821,388.715525561,738.30345,134413.084636,10.3161560076,10,
7822,388.722313951,618.71235,3634812.55119,2.62752064418,10,
7824,388.871112009,35.6832411,375763.560557,7.69023716316,10,
7825,388.90000069,30.8231094,129344.92313,7.56137205787,10,
7826,388.926466208,35.3724855,906517.216467,10.0038515897,10,
7827,388.972690653,925.19454,216810.26065,2.19219626148,10,
13134,541.065339036,741.17661,321698.81837,7.00807468333,1.0,[M+NH4]+
11689,495.077619031,1019.52828,261487.870817,2.39097618466,2.0,[M+Na]+
7831,389.033781323,768.06354,35103.2098957,12.6881966185,10,
7834,389.10189198,136.75221,78224.9917511,2.09582102473,10,
7835,389.121638439,531.10035,123000.601448,5.29552412456,10,
7836,389.133728256,655.08636,74478.4355837,6.15019390943,10,
10992,474.241380513,76.613871,813606.895083,6.61461582252,1.0,[M+NH4]+
13836,563.277969973,41.1413079,754216.939066,3.78882416346,1.0,[M+NH4]+
7843,389.181521097,316.177407,1769821.55222,4.03679309244,10,
17131,739.434147255,747.11331,11030300.5784,5.43463136939,1.0,[M+H]+
7846,389.187807498,398.262102,99841.888535,10.847708399,10,
7849,389.202624985,477.611574,64922.2898101,14.3029226494,10,
7851,389.223726237,618.83559,873802.096788,2.84320614527,10,
7852,389.213759823,43.9146705,5575999.36712,3.01826523758,10,
7853,389.217767325,593.218866,5484503.36285,4.73067816048,10,
7855,389.238907562,66.839919,19907163.9763,0.691315374716,10,
7856,389.238960735,189.330027,7172269.76678,6.57882614546,10,
7859,389.249719165,213.378108,28810.0846758,4.08486678144,10,
7861,389.31160003,752.87448,468651.603707,4.42274052648,10,
7865,389.707835311,594.356703,1674021.69024,3.03178111962,2.0,[M+H+K]2+
7866,389.71297375,872.31156,675462.383488,3.94831893746,10,
7867,390.002421567,801.5304,319420.030129,6.06845713182,10,
7868,390.017026018,34.7165778,235600.334708,6.91624459342,10,
7869,390.084707529,56.4504156,231697.646806,9.22640721525,10,
7870,390.086256,842.61402,739417.188333,4.50643784312,10,
7871,390.087283756,993.45234,57010.2351601,13.9844939601,10,
7873,390.125746807,40.0458693,902427.70178,8.72071199565,10,
7875,390.125642494,962.7096,480810.320077,12.9667053947,10,
11098,477.273624847,585.942024,316482.712289,6.07973112809,1.0,[M+NH4]+
7879,390.163116845,238.974189,130222.150014,7.98249932198,10,
7883,390.186036236,721.20102,56512.2527837,5.9220220854,10,
7885,390.190140405,600.14508,45241.7822606,10.8189284939,10,
7886,390.187659632,66.460173,15041449.2854,8.1322309055,10,
7890,390.190541444,46.4441058,12956551.1335,4.42046109702,10,
7891,390.191738058,786.47046,50923.7745435,9.45363317966,10,
7892,390.201658518,612.86928,111027.359726,8.31335309006,10,
7895,390.205401829,291.59001,1281644.32734,9.209136033,10,
7896,390.209658183,484.225578,246947.034249,5.94593202361,10,
7901,390.217707264,44.175294,597903.378807,8.96544489414,10,
1398,228.081864737,330.513705,351859.665236,5.39406176907,2.0,[M+K]+
7905,390.241855709,628.49946,719905.645284,2.06358138435,10,
7907,390.238095346,904.30728,1117980.0413,10.1703806618,10,
7908,390.242682836,224.402868,541595.2143,4.25647684205,10,
7910,390.270708522,264.5115,1731838.04552,2.58161057392,10,
7911,390.270638667,182.477604,927613.395647,6.64653612002,10,
7912,390.31249752,1326.28122,87296.732758,11.9935225585,10,
9261,424.425688726,1403.58222,8794086.3933,1.8910466468,1.0,[M+NH4]+
7915,390.653878675,242.114256,1752328.8314,6.76335852548,10,
17547,780.458051167,874.3503,1156063.97089,6.1653993903,1.0,[M+NH4]+
7919,390.752053098,760.16736,292399.390148,12.4054349072,10,
7920,390.829279541,36.2961816,128299.951607,13.7356050277,10,
7923,390.95711073,36.4739277,584860.874139,7.18893387394,10,
7924,390.967454083,394.891131,212699.81015,9.82469289079,10,
11688,495.055158168,843.26388,390947.35665,3.8553502909,1.0,[M+NH4]+
7926,390.988102185,978.09624,209683.586342,14.4915410836,10,
7927,390.993663336,35.349789,165265.062503,9.50594454609,10,
7928,391.02134447,51.2550528,309546.263896,2.79936391772,10,
7929,391.025909641,925.19415,841500.343234,3.72712233021,2.0,[M+K]+
7930,391.026780047,1019.64864,299222.28268,3.59228793122,10,
7932,391.047121001,35.0332437,531287.650657,9.90061436269,10,
7934,391.055799853,958.43025,72465.5441081,11.140708696,10,
7937,391.120519372,81.557292,1623793.32946,4.2294576081,10,
7939,391.155878079,73.54056,232583.461397,14.6904646671,10,
7943,391.153594228,492.74091,246528.338752,6.29495004741,1.0,[M+H]+
7944,391.160988287,387.519414,89557.1160884,5.65472038699,10,
7945,391.150406311,752.5503,58980.1088835,7.2318217433,10,
7947,391.180127176,216.514986,856108.28328,2.64055178659,10,
7948,391.196707195,304.173318,256229.121118,7.00370139689,10,
7951,391.197225154,620.73264,82005.9232409,13.8999576595,10,
7952,391.19491788,977.4396,2533382.10861,2.42756368224,10,
7953,391.194034846,686.0757,125883.438277,4.61162781689,10,
7954,391.200396648,741.34419,71670.6870077,14.6654111603,10,
7956,391.208018901,496.286205,659411.503731,7.98248242057,10,
7957,391.2160508,764.46219,109866.338018,12.2589366661,10,
7958,391.216651944,300.222942,124241.28835,11.1913546073,10,
7959,391.223986462,1364.2278,286783.3237,5.12707277488,10,
7960,391.219202398,339.66471,570799.73871,4.58910732545,10,
7961,391.219271609,357.315225,661436.44233,4.23467929393,10,
11253,482.308257302,714.74628,221169.036367,4.0017969979,1.0,[M+NH4]+
7964,391.229484936,274.655763,108648.515514,10.7193787789,10,
7965,391.232911796,542.408499,196114.124267,8.57661768522,10,
7966,391.234774507,233.210805,298298.437043,14.4189455172,10,
7967,391.237108263,254.003139,1855904.88206,14.1896234517,10,
7970,391.283857045,1391.49312,698414519.971,4.5217949941,1.0,[M+H]+
10145,449.392999588,1365.68847,499667.511358,5.88582993064,1.0,[M+H]+
7972,391.654850745,492.655326,69611.6249937,10.6745611932,10,
7973,391.670971893,391.635357,218460.952912,4.88510504818,2.0,[M+K]+
7974,391.710761836,583.295565,1131993.08136,4.21145650453,10,
7978,391.72891822,590.3217,168680.511735,7.23164985112,10,
7979,391.732898049,542.492142,83783.9913087,4.84132251572,10,
7980,391.759944093,741.41394,365103.395669,5.92476465625,10,
7981,392.030600287,827.42298,150853.03474,12.8939371622,10,
7982,392.085844873,43.6811838,733218.762058,5.82070431968,10,
7984,392.121387127,266.052621,739265.882916,6.8124852169,10,
7986,392.121264408,523.463592,266835.43157,9.90319296963,10,
7987,392.133892525,59.1408024,1393314.66014,10.1474550517,10,
7988,392.140118481,366.641781,74829.4383347,10.3219508322,10,
7989,392.141017892,1023.87492,317154.298548,6.37009425938,10,
7990,392.159511716,67.938045,711809.571552,12.7876713567,10,
7991,392.152144336,53.9054145,102537688.812,0.839501850859,10,
7994,392.1843386,710.96685,178385.760795,8.52049855857,10,
7995,392.177053078,42.967239,4253695.04075,3.38273605061,10,
7996,392.18439033,446.165559,176113.591282,12.0382056294,10,
7997,392.184550797,367.415772,350878.266893,4.18038224608,10,
10928,472.288609613,115.188648,291009.232101,8.35862605741,1.0,[M+NH4]+
8002,392.227435488,1111.3107,1541527.68458,4.1190266899,1.0,[M+NH4]+
8003,392.231861156,608.38965,132087.667256,13.0298579001,10,
8005,392.253673607,738.48555,1856032.5995,11.8619475108,1.0,[M+NH4]+
8006,392.253876636,707.20974,7395906.75478,3.21808498044,10,
8007,392.249812213,129.41472,135975.868622,2.04897320152,10,
8008,392.239437982,614.65848,914175.463153,7.59775190941,10,
8011,392.722514692,445.49382,131613.770897,12.843925392,10,
8014,392.73687942,499.72371,115319.342813,5.64992138377,10,
12097,507.787173993,30.4666062,88578.529523,10.1512720478,1.0,[M+NH4]+
8017,392.915623322,38.0368635,800060.112632,11.448877504,10,
8019,392.985059196,977.84466,160082.149915,9.65337884961,10,
8024,393.092324043,974.07054,90178.5527974,11.6985160451,10,
8027,393.114991985,808.65864,140323.710581,6.90436900378,10,
8028,393.129200283,1110.08916,202350.59211,13.8410827641,10,
8029,393.13301763,319.261722,118366.372077,10.1396658388,10,
8647,409.110229742,58.2615465,172828051.136,9.68705862891,2.0,[M+K]+
8031,393.14013595,446.846814,78585.5454888,9.87931874043,10,
8033,393.158989505,479.95728,215895.287885,4.29467130881,10,
13940,567.253278957,521.413026,258884.306641,9.67136951827,1.0,[M+NH4]+
8035,393.155328356,53.8039956,15259056.8847,1.3118413923,10,
8036,393.165071878,406.205466,72758.2867133,4.00236754206,10,
8037,393.17635841,313.752597,916152.251035,3.49902619442,10,
8039,393.194711196,423.171243,319635.986284,12.5272885293,10,
9495,431.156690988,144.73776,4626282.52579,10.8415070116,2.0,[M+Na]+
8045,393.216079119,801.19593,1717381.71268,3.43995816898,10,
8046,393.212788673,359.277906,2764988.73904,4.38961768779,10,
8047,393.210714234,428.899218,2556572.26252,1.35215079679,10,
8049,393.230614401,1110.88956,154531.917604,10.5435868405,10,
8050,393.2491475,380.543115,3250950.94178,6.70736535472,10,
8051,393.257367005,775.52094,676055.769501,2.91014916264,10,
11974,503.261176438,358.038402,74844.0878728,7.09419632723,2.0,[M+K]+
8055,393.249789106,895.38174,182477.9431,13.3826215154,10,
9294,425.332779015,44.5481715,1465688.5504,4.49956403474,1.0,[M+H]+
8058,393.662660705,49.0576824,661619.658724,3.08814496551,2.0,[M+K]+
8059,393.712165597,372.788973,224756.30116,13.698644813,10,
8060,393.748717135,542.992665,199129.188717,10.1548532731,10,
8061,393.855400719,30.2881092,50284.4008281,12.7788036131,10,
8062,394.046075265,921.83664,168402.042851,6.4723881997,10,
8063,394.056993588,967.76733,206482.326963,2.53863126951,10,
8064,394.079900444,95.458764,64071.4963722,13.2869019655,10,
8067,394.144503797,808.63341,136218.120603,12.6135451583,10,
8068,394.159782116,629.44818,120770.620162,6.28603890202,10,
8071,394.171586333,118.048941,2462977.78434,2.57423463358,10,
8072,394.180383649,236.539362,627467.472627,6.46900930724,10,
8073,394.180173568,348.69864,61816.3875834,7.7019104923,10,
8074,394.189884138,395.892,13860392.289,2.72649903266,1.0,[M+H]+
8075,394.206904919,774.59913,51293.7035499,11.0641600709,10,
8076,394.206536966,925.64517,493068.102188,5.67185062057,10,
18181,869.366760997,489.804885,283102.957455,5.20181071225,2.0,[M+K]+
8078,394.200887874,61.696362,222931.857652,6.52608805561,10,
8079,394.198642725,232.64148,108242.667586,5.18999750132,10,
8080,394.216494377,405.973926,247474.001705,2.82091849361,10,
10354,455.225862045,503.614539,1102906.59025,4.34328907393,1.0,[M+NH4]+
8084,394.234202509,441.044565,170895.53677,6.72172087163,2.0,[M+Na]+
8087,394.252765855,355.325778,749898.471813,1.42650550927,10,
9695,436.34174778,1391.35104,22356676.8673,13.5771163154,1.0,[M+H]+
8089,394.308482271,1314.99039,103562.128547,7.42929359141,10,
8090,394.310193031,44.3946894,420839.29944,11.0689063009,10,
8093,394.691461151,395.892,5600591.40777,2.65548410692,10,
8094,394.698025782,302.203965,156226.896037,1.98097117302,10,
8095,394.705196093,335.812956,220507.133486,2.73089811435,2.0,[M+Na]+
8096,394.700081084,450.020961,723345.920619,6.18799616028,10,
8097,394.81636138,35.4553047,147630.16372,10.5713394441,10,
8099,394.912343834,33.1285554,1146290.30046,7.57296468864,10,
8100,394.944769728,35.4553047,893778.823479,9.98367605238,10,
8102,395.006354145,968.84187,115802.438371,7.77950030448,10,
8103,395.012566238,35.0493054,233823.896066,14.6566727515,10,
8105,395.038782638,36.380901,96060.88571,11.1178306083,10,
8106,395.087417312,1032.99834,2907235.19678,6.51428929782,1.0,[M+NH4]+
8107,395.107018006,1033.16484,711459.855189,8.00818494766,10,
8108,395.152115321,61.765293,248000.002375,7.90313976156,10,
8110,395.168981701,216.106116,1619583.93178,5.26288973695,10,
8113,395.192841617,395.892,1336946.95847,2.93792370449,10,
8115,395.201996672,72.182676,43084116.9847,9.45343267581,10,
8117,395.231669861,841.25298,3137080.08205,5.19702205637,10,
9989,445.216626319,184.696779,1655627.41855,6.87064749501,2.0,[M+Na]+
8119,395.226110375,264.905382,1437238.80049,1.45557695177,10,
8120,395.226043495,430.842294,1341567.27822,3.37673820427,10,
8123,395.301276463,1067.85798,129713.006634,3.95966338508,10,
8126,395.322411417,45.5580024,1650742.25706,6.408160636,10,
8127,395.694064922,395.930298,227633.186193,5.19239795011,10,
8128,395.718518267,374.847156,2054920.81187,6.1074293179,1.0,[M+H]+
8129,395.718497545,469.576068,71607.8243339,4.11312386886,10,
8130,395.96748117,33.0613479,588588.614675,2.80332343848,10,
8131,395.994412302,33.4419945,378278.496209,6.65029694684,10,
8132,396.001508535,37.3381014,274699.663689,11.4223665265,10,
8135,396.056440438,32.845035,276481.728742,5.18419282424,10,
8137,396.092975745,59.4578652,935234.416754,6.10760423961,10,
8138,396.09075567,801.36351,175201.081914,14.1336594164,10,
15822,643.189870645,31.4398557,969211.229298,4.96485709444,1.0,[M+NH4]+
8142,396.113937929,496.54683,26593.8116145,9.01497674518,10,
12734,528.180571656,39.9124914,8858587.58812,2.82689265893,2.0,[M+Na]+
8146,396.162347443,84.429312,102482.385708,12.7456192915,10,
8148,396.194818448,611.40549,480583.193653,1.97912228857,10,
8150,396.19537742,221.542728,807497.405118,3.59609093523,10,
8153,396.220378764,374.847156,734316.245318,6.02262119714,10,
8154,396.229705488,794.53164,324782.253867,8.18249091569,10,
8155,396.229477768,702.18342,123610.538771,3.9618632261,10,
8159,396.252633814,1399.8537,223836.213392,6.02384579028,10,
8161,396.325982387,45.344067,264050.041521,12.8040755688,10,
8162,396.353358689,1449.37242,75522.479383,9.35759113413,10,
8163,396.394404957,1370.30442,7023576.48065,5.89186564281,10,
8164,396.68766282,481.200984,92205.8069298,10.7787249078,10,
8165,396.702834222,738.21663,103444.145939,13.4576794705,10,
10004,445.721392083,492.912099,178553.268576,9.50576416511,1.0,[M+NH4]+
8167,396.721521495,375.062916,164470.140513,12.4483718341,10,
8168,396.721349693,608.8035,211183.865612,12.6493993133,10,
8169,396.86980675,35.1304974,381068.731557,12.1823961456,10,
8170,396.902736649,36.0215976,778033.605967,6.14299654007,10,
8171,396.925751451,34.7116839,914546.11819,13.1479118996,10,
8172,396.941527107,35.3724855,255840.322332,12.4542339578,10,
8174,396.994291424,844.27284,245721.466824,5.70863268291,10,
9894,443.038343457,796.2468,212618.685136,4.66639673516,1.0,[M+H]+
8183,397.074577341,842.64777,166204.859803,14.5541539949,10,
8184,397.11069503,149.057769,5669058.19749,4.3061412153,10,
8185,397.112309212,909.16425,218937.49687,13.7375604109,10,
9570,433.169189691,323.38602,385627.221257,1.12501241798,1.0,[M+H]+
8189,397.170633891,41.4592032,592042.314289,13.1655156636,10,
15042,608.264560928,266.009622,1671933.27218,3.1096516717,1.0,[M+NH4]+
8192,397.197641081,611.40549,71169.1538253,3.9317739832,10,
8193,397.205344856,336.977457,2173354.39105,5.15663378331,10,
8194,397.205475593,37.7032062,341726.160289,11.6345481467,10,
11371,486.291334145,361.655784,2115281.69303,4.49275735978,1.0,[M+NH4]+
8198,397.213581838,399.04092,90330.0800475,9.92201320103,10,
8201,397.241380905,633.85242,54770.1877361,7.29780842287,10,
8203,397.305665311,981.51576,964522.523381,10.3768012982,10,
8204,397.317611826,1145.5041,871505.317568,11.4986202744,10,
8205,397.718315267,492.885903,62114.3192557,11.3501251887,10,
8207,397.946323846,33.1285554,411850.552885,12.6359520169,10,
8208,398.004134796,1659.33627,29432873.1566,3.11458080892,10,
8212,398.129815526,717.3771,2012346.25975,5.61231856744,10,
8213,398.140976806,275.379504,4453782.49127,4.58176962716,1.0,[M+H]+
8214,398.148708607,793.35675,717065.873091,5.14628720041,1.0,[M+NH4]+
8216,398.17766906,41.7087342,2533529.18702,5.11091160129,10,
8217,398.187107315,966.60714,325904.941873,6.64688666091,10,
17927,830.461009087,598.789005,965875.051299,11.4419213133,1.0,[M+NH4]+
14153,574.231442287,1033.0104,114539.164006,11.339766868,1.0,[M+H]+
8220,398.207924353,521.075151,1609587.83394,5.63142657366,10,
8221,398.221219556,574.048128,1226914.84804,3.74998620818,10,
8223,398.230078732,962.31723,209358.9891,13.0625219447,10,
8224,398.239399197,563.859606,15076428.5035,1.88771359887,1.0,[M+H]+
8225,398.25720338,723.19179,233628.809249,9.54264905411,10,
8227,398.312199088,618.32922,3521203.38656,3.52051541277,10,
8228,398.312085865,586.515681,5567026.92601,1.27379515919,10,
8229,398.334439221,1416.07992,180342.861205,6.16395329949,10,
8231,398.704709741,549.902115,163132.72269,8.15124333569,10,
8232,398.711574645,598.438128,264426.9761,3.98955364633,10,
8234,398.71312337,487.988874,142494.067907,7.82638195336,10,
8235,398.718777921,674.31054,271853.773883,7.36633356637,10,
11909,501.756037592,564.198603,860728.900329,5.47920614583,1.0,[M+NH4]+
8238,398.811213349,30.2946636,159321.51385,4.46619850271,10,
8331,400.889992177,35.3565531,453969.772956,12.4722823252,10,
8240,398.955585284,35.4553047,709026.569693,7.09896666242,10,
8242,398.995541211,969.17844,256574.354409,4.30280231838,10,
8243,398.990445681,35.3633172,155017.123649,5.92556151635,10,
8244,399.026091406,35.6989908,220325.204814,2.91828994925,10,
8246,399.058732233,977.81109,1628716.50944,4.86515027373,10,
8250,399.075613369,839.59656,265735.508018,7.35067640593,10,
8251,399.092163815,59.5108827,136172.710855,6.43519784765,10,
8253,399.120176539,544.588428,307648.685147,8.65052007191,10,
8256,399.129177966,1024.03131,191061.163205,9.2566146641,10,
8258,399.143984185,63.942429,48055491.4313,2.28360938094,10,
8259,399.145568046,46.2102435,722398.106991,3.71629066101,10,
8260,399.146496589,842.5917,92471.437348,9.13258927341,10,
8262,399.18017424,738.23478,52724.0899616,10.1137687109,10,
8263,399.190164635,317.307075,45201.1070003,5.0272405202,10,
8264,399.209471958,1267.22637,94479.3570264,12.9370177401,10,
8265,399.208237281,817.74522,223412.235803,2.64908548129,10,
11775,498.255292122,91.457502,1802169.50547,7.5928003223,1.0,[M+NH4]+
8267,399.22920898,607.66557,272198.763497,13.3877660383,10,
8268,399.233568836,356.125047,37545.5249417,13.5883131648,10,
8269,399.243951433,868.3941,1421138.90659,80.1068006447,10,
8270,399.242061794,564.068748,2364653.75123,3.09585657287,10,
8274,399.254798873,967.62168,262370.101717,8.5203982406,10,
8275,399.253923334,862.30944,111944.375931,10.3248632221,10,
8279,399.679759328,488.971155,322246.501494,3.78870735092,10,
8280,399.69677962,484.334904,1191126.38335,2.93677522622,10,
8281,399.70864451,435.08481,120885.861006,8.75816007559,10,
8282,399.720855964,468.965988,733061.953902,4.14507189049,10,
10074,447.740016654,574.703064,1263997.35451,3.48359455718,2.0,[M+Na]+
8284,399.747529696,874.24884,883287.598091,1.91871381317,10,
8285,399.748549869,616.69926,69860.1026388,5.84083049127,10,
8287,399.750716732,922.92306,3040329.78079,4.19280198052,10,
8290,400.025268862,33.5354934,1311893.93784,5.44395724019,10,
8292,400.043833937,921.9501,443963.273907,1.35617604926,10,
8295,400.078672167,796.45398,90946.3133479,7.69715644915,10,
8296,400.108486926,304.173318,27336.1441604,14.9765028812,10,
12209,511.183805389,149.35221,937770.182673,7.02321406864,2.0,[M+Na]+
8302,400.145475975,321.631188,66144.3854273,7.78799986814,10,
8303,400.145314843,678.6963,1128240.78304,5.94174174886,10,
8304,400.170053407,307.853823,99710.1487279,11.7589455025,10,
8305,400.166183325,780.42501,116881.232297,6.02526637333,10,
8306,400.166959077,1294.35456,91417.6211608,6.12334610236,10,
8307,400.167040509,1334.20314,182521.912366,5.01714776071,10,
8308,400.18374861,705.60171,245976.497035,9.06299927987,10,
8310,400.174970161,317.189556,94191.1907354,14.8174640656,10,
8312,400.208843792,841.29153,17163791.4436,1.49694787519,1.0,[M+H]+
8313,400.208982326,525.115716,489789.768856,4.23076451926,1.0,[M+NH4]+
17937,831.456300848,489.804885,517853.369408,3.13312664704,1.0,[M+NH4]+
8315,400.200790306,341.809524,378048.831747,10.6405016903,10,
8316,400.220262993,692.95008,3075603.44648,1.30111039293,10,
8317,400.228365184,575.307396,173804.820177,5.57569686029,10,
8318,400.246311624,862.58658,70652.9463978,8.77438739717,10,
8319,400.249129892,876.56736,470997.42883,0.934807069854,10,
8320,400.252167678,922.91037,820443.521681,5.86388406299,10,
8322,400.263536699,408.049362,1258591.21573,4.175629422,10,
10435,457.303370613,1235.93277,3093206.81979,1.80805455071,2.0,[M+Na]+
11731,496.339375699,1277.14269,921844.390709,14.2505239822,2.0,[M+K]+
8328,400.716368907,409.380924,341458.703616,3.38998765486,10,
8329,400.752637156,590.054988,112994.741665,5.90579426497,10,
8330,400.756567271,698.43018,94258.5373433,9.92846149924,10,
8332,400.93821857,33.4419945,479301.128761,14.1254909927,10,
8334,401.009404948,33.4419945,4821255.3256,5.51692744177,10,
8335,401.011002455,983.2134,118124.739754,7.75075868134,10,
8337,401.044878371,144.886836,112391.900022,14.4209405258,10,
8338,401.038963037,36.3726942,40214.7467168,9.17002563436,10,
8340,401.061087693,85.075062,783675.834905,3.61054105034,10,
8344,401.12168116,589.009053,4406824.05791,0.769839393247,10,
11839,500.211202554,679.04436,122206.984819,13.4013767291,1.0,[M+NH4]+
8348,401.129699025,126.840018,508034.037981,9.75457519635,10,
8349,401.129806486,177.620958,145740.260054,7.64066490379,1.0,[M+NH4]+
8350,401.142547092,283.262379,66084.8664115,4.33783329988,10,
8351,401.15025995,63.038544,330788.517688,14.3828623627,10,
8354,401.17662436,317.130642,299333.274084,2.53711672368,10,
8355,401.1914032,711.37722,566214.475089,4.51699631266,10,
8999,417.152975101,627.55116,302581.552327,4.77408623534,2.0,[M+K]+
8357,401.197490259,291.273,526252.966139,1.51283396754,10,
8358,401.206642189,1205.05734,1991798.26389,6.45934134867,10,
8359,401.202303662,649.77276,84593.3732297,6.43519934572,10,
8360,401.223681326,632.04117,126496.407906,7.67212291881,10,
8362,401.216518851,1137.51075,3296295.32974,1.55699119774,1.0,[M+NH4]+
8363,401.225191379,40.2249939,9223533.03121,3.02602679274,10,
8364,401.227324684,558.046962,798345.26596,6.15000677558,10,
8365,401.23219089,522.94626,76014.8832724,6.67341098804,10,
8366,401.239016915,366.09372,59984704.3916,0.818670249382,10,
8367,401.242898521,765.3402,133107.729781,6.72858498589,10,
9054,418.279168957,1141.66698,789243.94758,7.303092365,1.0,[M+NH4]+
8372,401.275467064,638.05278,3796943.26226,6.59319915661,10,
9915,443.285988353,612.93375,11812559.1797,12.0912539044,1.0,[M+H]+
8374,401.286629159,335.73243,894935.481058,5.73408746355,10,
8375,401.348669261,1065.93831,65094.4482699,10.7526735883,10,
8376,401.348299953,1121.26056,1085735.00743,9.08236953517,10,
8377,401.651713583,529.511925,1364540.21152,5.39459905065,10,
8378,401.695320804,430.50105,211325.796775,9.61427840625,10,
8380,401.723149538,874.24884,305093.344262,6.24242640566,10,
8381,401.723953878,464.551776,295429.71635,6.85653273337,10,
8383,401.762883228,895.22028,1928689.21392,2.13492943555,1.0,[M+NH4]+
8385,402.023017372,33.4381632,259082.822142,1.92031100928,10,
8386,402.081405183,81.656364,1540063.67132,7.13872947308,10,
8388,402.125269245,589.204635,760900.860946,1.5555235684,10,
8389,402.125801982,461.486196,232071.088659,7.36706262733,10,
8390,402.145482758,576.645564,92268.2665917,11.3817045558,10,
12118,508.269295828,729.83835,598672.117879,3.93445172265,1.0,[M+NH4]+
8394,402.186346015,81.202092,1924184.67453,2.8239841914,10,
8395,402.187948156,451.481388,781910.471767,2.81485458353,10,
8398,402.192575973,495.876456,109986.022194,6.49998967802,10,
8400,402.199494549,697.41678,433782.548869,9.73209573583,10,
10135,449.238933858,528.08472,25122690.2115,6.81352812935,1.0,[M+NH4]+
8402,402.217313753,1230.32106,128134.580958,12.3955824446,10,
18379,927.368446132,428.243835,213785.655002,2.94833057577,2.0,[M+K]+
8408,402.225260046,464.525322,94058.5740825,9.69365105828,10,
8409,402.242746485,327.532038,1998370.1839,1.60012340942,10,
15611,632.299345183,102.670827,919892.348129,4.79586643197,1.0,[M+H]+
8411,402.264232999,895.22028,495021.08303,7.29121848743,10,
10512,459.328452579,437.410848,115347.796665,5.6432375006,1.0,[M+NH4]+
8414,402.279193283,638.1294,637301.315136,12.1548889512,10,
8416,402.312671752,1386.6063,173397.31911,5.24404314976,10,
8417,402.352110088,1121.23119,174736.238973,11.9008517412,10,
8418,402.688816718,451.704348,339888.736301,5.35164611583,10,
8419,402.699089245,91.173564,119605.781189,12.9065997588,10,
10731,465.768621634,763.14894,354517.138477,3.08001317605,1.0,[M+NH4]+
8423,402.847999479,35.6112903,293101.683668,12.5392406066,10,
8425,402.942113191,35.039199,1599915.77916,10.3996771172,10,
8429,403.101444484,55.867812,257665.664179,11.6445285212,10,
8435,403.174441385,1023.87492,223419.243825,3.43527590417,10,
8436,403.186747635,990.03066,62361.5365098,10.7081493403,10,
8438,403.218350717,253.483137,6825172.81276,10.9066514059,10,
8439,403.218120429,526.786596,611012.000834,3.18122019399,1.0,[M+H]+
10262,453.174952715,1020.35292,50863.0123346,9.62020518884,2.0,[M+Na]+
12094,507.299924311,634.92417,2180942.99754,3.8434990175,1.0,[M+NH4]+
8443,403.236751091,595.834488,140258.705738,10.7503577218,10,
8444,403.254726821,401.21142,3894219.26102,3.17501665492,10,
8445,403.254596695,532.76916,26256335.5257,4.27834604969,10,
8446,403.254650877,484.918122,11391374.7504,2.80784780259,10,
8447,403.265950632,584.19261,59871.8643251,7.47226422915,10,
8448,403.292244371,1149.777,90223.7766346,14.9817177412,10,
10627,462.361686777,1325.46042,343614.128457,9.5809574843,1.0,[M+NH4]+
8450,403.68562275,373.961985,756887.805824,12.2822029283,10,
8451,403.692707273,173.210403,1224887.71803,6.8297161838,10,
8452,403.705380792,356.132088,2284983.63506,2.50649617733,1.0,[M+H]+
17884,824.450312727,587.508867,995469.452564,4.29029301358,1.0,[M+H]+
8454,403.73878951,895.25508,368910.842558,9.65385323104,10,
8455,404.069510089,801.45678,125659.030483,14.9665482347,10,
8456,404.087795939,1004.68632,50767.8122545,14.2157232264,10,
8457,404.122568907,85.025367,162571.552495,12.4152076254,10,
8458,404.152140006,41.4731604,883980.563189,9.29713049346,10,
8460,404.179261134,357.14034,213910.761652,7.46690836,10,
8461,404.16490441,40.4552955,3961696.32823,12.4134175091,10,
8462,404.182734097,1118.71992,43845.2857,8.78869344319,10,
8463,404.193780203,173.38296,440085.268575,3.9528443357,10,
8465,404.200895093,874.09374,52803.8389401,8.51771190084,10,
8466,404.208376038,479.44695,97518.7194315,14.1778516426,10,
8467,404.214450478,737.70924,1104265.88295,1.40808588662,10,
8469,404.222962575,159.972834,671300.078779,3.89769299665,10,
8470,404.222332613,100.489242,155230.542479,10.4443605398,10,
8473,404.226396655,336.295515,585372.987673,1.63449098636,10,
8474,404.24843169,1301.45052,153446.430716,8.59875330994,10,
10622,462.281313442,372.48522,101984.72592,8.74424844714,1.0,[M+H]+
8478,404.286292621,317.501844,302737.411347,10.7398436475,10,
8479,404.28801509,1074.00849,89538.0957532,6.5258883375,1.0,[M+H]+
8481,404.667967486,388.980915,228520.005332,9.46783431143,10,
8482,404.68574791,36.348411,66187.1347166,2.4590752754,10,
8483,404.708420748,356.250213,231686.232739,3.55014194705,10,
8484,404.700632082,510.557826,355503.323092,8.06059377774,10,
8487,404.845201297,35.6112903,228326.410716,6.84519567551,10,
8488,404.900911333,35.4553047,527958.046733,8.65713928457,10,
8490,404.993260487,34.7273028,2420216.29614,8.05814637831,10,
8491,405.003941354,1019.52828,173420.230975,0.946559538834,10,
8492,405.053656943,842.94153,187045.64731,9.00345770095,10,
8494,405.092426465,839.62644,400410.270466,7.14603450296,10,
8495,405.092461098,902.4234,388132.646024,5.97647452466,10,
8496,405.122243774,1294.66503,204765.697053,7.58390466932,10,
8497,405.116651043,340.336524,741117.041684,4.25188318932,10,
8498,405.125734571,994.38141,141350.228004,9.49876465714,10,
8500,405.143305675,414.245118,136156.232194,10.6128290022,10,
8501,405.136896566,544.602177,163884.812289,4.66890944503,10,
8502,405.161354598,600.07515,186004.047911,6.28295316025,10,
8503,405.173080138,402.815505,52281.6357218,9.77793086264,10,
8504,405.169588382,388.855185,67529.5554295,11.1055300855,10,
8505,405.161314408,557.017716,54136.3514879,10.3028562424,10,
8506,405.171554128,184.879224,261784.93156,7.64098926392,1.0,[M+NH4]+
8507,405.176321493,608.78307,188689.041999,8.73761627575,10,
8508,405.179676428,211.376604,2026286.19231,8.76134742575,10,
17791,809.353805616,395.983806,104272.032221,14.2462256559,1.0,[M+NH4]+
8510,405.197623883,31.957245,159278.516072,6.07784967233,10,
8511,405.198838736,1233.7335,334941.157141,5.51658646151,10,
8512,405.196385759,276.08424,140766.120747,1.5770275454,10,
8513,405.197244405,243.789528,152317.599986,8.6426866388,10,
9281,425.208255822,333.74154,4607429.59894,3.281222891,2.0,[M+H+Na]2+
8515,405.201512162,939.57468,162814.823099,8.35524379303,10,
8516,405.201513752,706.05387,1491211.80699,4.99562803551,10,
8519,405.212846665,605.46948,651384.604906,2.62284345764,10,
8520,405.216123359,453.06819,4390936.89551,5.42761391575,10,
10467,458.260171034,649.9719,466758.54018,6.28992254421,1.0,[M+NH4]+
8522,405.230989944,336.932268,62850.3679107,8.90159376771,10,
8523,405.260937824,401.180052,103143.66225,13.8293316229,10,
11396,487.214176654,86.041452,5282563.58697,2.57509148793,2.0,[M+K]+
8526,405.30287563,1433.06448,1156918.77395,7.63072775484,1.0,[M+NH4]+
8527,405.597575921,1048.85778,173777.573186,6.8875189571,10,
8531,406.016724992,236.075484,64031.7397532,14.4565864055,10,
8533,406.059436865,843.30348,99946.6384688,7.88672550494,10,
8535,406.09564433,796.49142,167972.01572,6.53632605506,10,
8536,406.09567931,839.32212,51302.7878516,14.0016918653,10,
8537,406.120891272,168.524592,348358.722923,0.820077084313,10,
8538,406.136979386,586.336005,10168524.3695,3.09999461132,10,
8544,406.185871351,404.618544,94605.4841059,14.9350585157,10,
8545,406.206756884,971.1414,491850.503704,2.73683095315,1.0,[M+NH4]+
8546,406.200254883,472.149273,356274.8961,9.4975199903,10,
8548,406.201084503,100.166094,45459.1525215,7.35402154666,10,
8549,406.206354208,330.574062,441589.13776,3.62583598473,10,
8551,406.219616315,788.46282,92614.2019062,5.12261164607,10,
8553,406.229161759,42.336855,655558.055116,11.4221258249,10,
8555,406.224343626,474.641694,359963.600959,5.91832418597,10,
8556,406.247745398,383.178414,48103.0431076,8.34100874915,10,
8557,406.254984166,751.52238,397165.294691,3.67063313812,10,
8558,406.273671364,85.845804,137808.049007,12.0433410616,10,
8560,406.707343254,555.989352,72783.7672735,14.1751840911,10,
8561,406.700119134,418.121556,292082.504477,7.51594602687,10,
8562,406.728974965,488.382198,379682.579227,5.79226304778,10,
8563,406.725316783,474.716574,144394.133988,11.1171575476,10,
8564,406.76931364,747.61275,176700.835406,6.70281334418,10,
8566,406.931399259,36.5404656,640256.888095,5.96631365117,10,
12204,511.072622141,1019.66376,92427.4143478,13.3218476606,2.0,[M+Na]+
8576,407.13052771,730.01778,161879.422559,9.96292653856,10,
11834,500.171897721,848.02665,271325.644028,6.99196829562,1.0,[M+NH4]+
8581,407.151864185,82.303491,1412471.3448,4.75962354776,10,
8582,407.158904477,155.614083,28533.0131539,14.7023895384,10,
8583,407.170847523,265.894554,439166.199122,5.37015281954,10,
11511,490.163777358,72.813681,408276.833712,6.89349169238,2.0,[M+Na]+
8587,407.175122997,213.612762,281500.329178,9.45746518831,10,
9215,423.162321465,422.423046,621737.736298,5.13262125133,2.0,[M+K]+
16047,654.291571755,346.01766,226072.305856,4.42647801958,1.0,[M+NH4]+
8590,407.201831786,71.553921,8898434.93615,2.61096494451,10,
10678,464.292146894,668.59614,3852615.28273,1.80225407734,1.0,[M+NH4]+
9721,437.239603194,522.591966,1107473.07672,6.2705820488,1.0,[M+H]+
12299,513.286770466,591.561864,165986.944912,4.44612080581,2.0,[M+Na]+
8597,407.247654488,1337.50173,160859.793154,9.7709855473,10,
8598,407.264714257,580.582689,1190147.24393,3.28760692336,1.0,[M+H]+
8599,407.264857217,619.68441,3308915.43091,2.43758041089,10,
11026,475.238945531,657.81672,571324.713356,5.26244587013,2.0,[M+Na]+
17829,814.40466436,365.079975,1856252.94774,1.40132934131,1.0,[M+NH4]+
8602,407.718564284,422.947044,128791.392409,8.40659379003,10,
8603,407.724124554,358.612338,626901.102172,7.3102335425,10,
10813,469.122474553,55.6903182,1648357.21504,5.92748617712,1.0,[M+NH4]+
8607,408.115999399,106.576566,49758.2589953,8.27502893156,10,
8610,408.126114936,738.64062,52009.2083442,10.4217156808,10,
8611,408.162067173,40.9846245,453736.295124,12.9519959767,10,
8613,408.184480153,92.07006,702656.037645,6.46353115055,10,
8614,408.18389615,484.428822,108956.184093,11.0357523095,10,
8616,408.186752574,196.199724,1720492.9665,2.66481226372,1.0,[M+H]+
8619,408.207438997,364.798848,92403.4476625,6.92088206266,10,
13607,556.35308815,553.927284,161536.9716,12.5717704328,1.0,[M+NH4]+
13911,566.260391395,663.06735,2568876.46751,3.78760013258,2.0,[M+Na]+
8624,408.231943583,482.88849,487348.39704,2.37491994061,10,
8628,408.251060361,764.23167,646349.004644,6.2697676838,10,
12494,519.321073507,512.451744,103181.925607,1.2200987267,2.0,[M+Na]+
8631,408.268334321,528.114456,2819313.50134,4.26867954949,10,
9259,424.281716665,1374.2208,9199826.18654,1.27466776524,2.0,[M+K]+
8633,408.659532586,275.36076,74667.5866083,14.5213461254,10,
8634,408.686868543,232.52511,733446.733264,6.605504715,10,
8635,408.690526324,282.564366,118250.58764,14.8195368855,10,
8636,408.726257943,552.294681,460672.310807,7.27055783154,10,
8637,408.726717022,358.354194,145584.68351,8.23728835929,10,
8639,408.960381568,35.1304974,529414.601612,10.9449312744,10,
8641,408.994438164,814.6587,70773.5517127,13.4772621126,10,
8642,409.024893541,33.0649923,264482.514188,9.52107137079,10,
8648,409.113102291,957.70224,66686.376604,6.8036174457,10,
8649,409.146146747,429.529881,82636.7202381,7.22410781358,10,
8650,409.145919247,511.944456,230592.154734,8.90243113203,10,
13776,561.248384317,700.99266,1118343.5867,1.27169002908,1.0,[M+NH4]+
8652,409.167453071,1032.99834,645096.483543,4.53714598379,10,
8653,409.16812342,39.2054199,1644428.7487,11.9056446413,10,
8656,409.174756904,143.915394,31846412.2472,7.99066200148,10,
8658,409.191286435,298.894008,91138.3437464,9.20114239298,10,
12037,505.261362605,152.567208,4501825.47399,3.35907110699,1.0,[M+H]+
8662,409.207509496,220.593858,6822379.52414,2.42303229966,10,
8663,409.213409066,476.465475,706842.188105,7.20941148763,10,
8664,409.230598536,564.012231,1151649.77666,1.66854458523,10,
8666,409.231194554,756.46056,48761.2279322,10.7505488737,10,
8667,409.247495566,801.14268,398285.869522,7.21504188914,10,
8671,409.276541904,41.7688731,644712.786132,6.80949793133,10,
8672,409.282283819,1210.74,2483149.06859,2.41423760342,10,
8674,409.680553347,402.264357,59205.5935893,6.53728592321,10,
13583,555.810910588,740.06424,458075.446888,5.77799229232,1.0,[M+NH4]+
8676,409.71047113,874.3503,296186.953999,2.66219641679,10,
8677,409.706622458,485.812143,340614.407215,11.7252948602,10,
8678,409.710947073,692.92854,459087.598397,6.74431376863,10,
8681,409.734061418,378.147168,99912.607024,9.61546023334,10,
8728,411.010414013,34.5515544,1608146.11057,9.9371120409,10,
8683,410.01709247,36.2961816,147582.605302,14.0145561502,10,
8687,410.111816654,389.841576,76104.6785474,2.52973099697,10,
10448,458.142936985,590.771991,231388.631298,5.25282726394,2.0,[M+Na]+
8690,410.159300641,66.72168,2677858.4908,3.80408234858,10,
8692,410.165233089,399.137415,106155.984898,4.72401144683,10,
8693,410.166786027,151.243716,2293212.3555,11.8347075449,1.0,[M+NH4]+
8695,410.181406522,496.195602,596897.123572,10.6584332093,10,
8699,410.211287785,88.930176,536295.245427,4.99297463373,10,
8702,410.206842242,824.76243,17161923.5748,7.36452264226,10,
8703,410.211432872,161.174085,340526.219288,4.82088925435,10,
8704,410.221151753,662.0598,462006.379241,6.32141224519,10,
8705,410.235570079,962.43888,178821.269031,14.0319535215,10,
8706,410.245142071,503.59512,34998.8132982,9.68059980252,10,
8707,410.25651361,934.95564,84845.0120878,11.391568251,10,
8708,410.260224411,42.0873222,222823.148642,13.3302633247,10,
8709,410.253155412,1083.84366,165840.428896,13.1281030131,10,
8711,410.304835502,1303.66212,74166.1839333,7.47227755732,10,
12393,516.358815783,977.42967,121380.487118,9.04388375886,2.0,[M+Na]+
8713,410.323626726,1178.61972,193922.273724,4.41754383636,10,
8714,410.341351936,1426.71741,122789.409153,13.0786384112,10,
8715,410.373716923,1315.5009,4815706.68506,9.17379334413,10,
10516,459.699642813,351.191292,151016.998749,12.054924349,1.0,[M+NH4]+
8718,410.707983811,828.72708,489836.856266,3.68723857966,10,
8720,410.700635753,396.450534,105612.680468,8.80258383021,10,
8721,410.713079635,536.517903,2492829.49932,5.63933221906,10,
8722,410.718970165,518.678466,925858.442107,8.66808100039,10,
8724,410.728445011,764.18916,122292.647561,3.48899404413,10,
8725,410.889581653,33.1456128,375118.509608,4.22103063953,10,
8726,410.918680717,35.4553047,885089.854415,6.48236077909,10,
8727,410.96105363,33.1456128,845848.100866,9.46773899996,10,
8731,411.061241957,1033.11771,336488.497433,11.4901249351,10,
8732,411.056352835,671.99268,86011.4765333,14.8262797017,10,
8733,411.081959909,1033.31616,227270.575854,10.4433799684,10,
8734,411.125830386,62.019801,132244.557686,11.7422537656,10,
8736,411.148098197,41.163927,11318852.3378,4.97408394371,10,
8738,411.143359211,66.930237,1787245.0339,10.0432119492,10,
8740,411.169470874,437.410848,241011.608511,3.70602873565,10,
8741,411.163973285,263.08824,863097.009997,8.63925003337,10,
8742,411.177505122,1036.03038,1440492.5109,7.36266727302,10,
8745,411.182113841,966.53907,41092058.7102,1.56464893405,10,
8748,411.199859375,795.52665,5497409.68992,3.43699890578,10,
8749,411.199972633,264.67599,823484.650183,14.4941268604,10,
8750,411.200301154,280.512504,187638.960123,4.44790443989,10,
8751,411.210072991,497.556342,96189.8011561,12.2084565525,10,
8752,411.223368439,437.092392,11414099.6705,3.68123372006,1.0,[M+NH4]+
8756,411.21171102,941.69502,24253.1135924,10.2496746167,10,
8757,411.221845214,224.750976,172759.337372,3.60032672777,10,
14449,585.20836308,315.629016,38283.4189953,10.573769621,2.0,[M+K]+
8759,411.234658405,47.5525665,935068.598486,5.47917223113,10,
8760,411.226660584,876.80934,553106.880483,1.43203141197,10,
8761,411.296228328,1009.96224,62967.7560872,5.54179129486,10,
8762,411.30609582,1253.44674,42898.3941681,14.9584719798,10,
8765,411.689387999,362.769051,324959.415175,7.55944539709,10,
8766,411.709052944,761.35218,404165.775428,8.90500061935,10,
8767,411.703516805,351.265833,84562.6834516,8.46124388007,10,
8768,411.71578757,739.38084,325330.508927,7.69991072931,10,
8769,411.725764995,895.18548,318209.097136,6.07470731554,10,
8770,411.972323231,33.4381632,482483.495256,14.4992795559,10,
8771,411.984292222,802.7943,179142.301467,1.19194005434,10,
8772,412.040014216,740.92104,90342.3667855,4.43160946119,10,
8774,412.104165257,1033.27479,188688.190933,12.7408489119,10,
8775,412.111139549,58.1357928,1544027.45612,3.8104444683,10,
8778,412.165469075,971.24583,55465.7283589,13.1957806892,10,
13781,561.268498093,737.38482,131121.205866,11.8686255025,1.0,[M+NH4]+
8785,412.188247719,181.920831,192638.99206,9.90977043992,10,
8787,412.190921052,362.700036,114132.331874,5.71166771309,10,
14481,586.29792836,704.40339,3816088.11347,0.878890224117,1.0,[M+NH4]+
9950,444.244780716,230.970801,21621856.7009,3.98142568843,1.0,[M+H]+
8793,412.232307927,760.31847,810264.227071,5.00661009915,2.0,[M+K]+
10230,452.224961923,589.705629,1416201.12871,0.776348589121,2.0,[M+Na]+
8795,412.29451367,1326.28122,46557.8501226,7.32081654958,10,
8796,412.389384953,1336.19706,4829057.22732,6.03437081384,10,
8798,412.745407337,897.1821,177885.833126,5.04109980023,10,
8799,412.81015425,1335.19002,76063.6761528,10.5234118183,10,
8801,412.971252465,35.2857924,1337647.25707,10.9443650928,10,
8802,412.970522908,954.77502,210277.514342,3.57272158609,10,
8805,413.027313289,1034.61846,329105.222938,12.663169442,10,
8806,413.037944449,593.761116,95441.3458234,14.87703334,10,
8807,413.037814379,925.19415,137164.096065,6.37784251774,10,
8809,413.084448221,148.904847,1876794.75655,6.060480283,10,
8812,413.131410162,272.710872,60532.6125193,9.36465621656,10,
8813,413.141081954,309.579708,4319480.15064,4.35699132775,1.0,[M+NH4]+
8815,413.142888093,284.372496,39469.6453258,14.748640801,10,
8817,413.155050922,149.214585,2122232.71441,1.42750561648,10,
8818,413.152851349,251.657061,94283.0417247,4.44121072011,10,
8820,413.157898989,785.70324,911747.457209,7.5618548216,10,
8821,413.158371208,61.751082,111418.934337,2.62057342069,10,
11623,493.187101011,886.7979,46102626.144,3.6042249227,2.0,[M+Na]+
11968,503.2243668,396.287796,845651.607699,1.67282245286,1.0,[M+NH4]+
8824,413.157605069,429.926214,36910.4975052,6.52737824983,10,
14214,576.264509288,1003.80396,135356.665931,10.6690367092,1.0,[M+NH4]+
8830,413.196991691,795.63915,290127.142825,5.54649947102,10,
9994,445.247510938,480.17922,6164836.25021,7.53612267569,1.0,[M+NH4]+
8832,413.20950516,705.24126,98844.8418791,9.25161971326,10,
11672,494.256665089,360.963396,190790.220039,9.82938259377,1.0,[M+NH4]+
8835,413.222528818,232.409352,187345.466367,13.5813657554,10,
17888,825.449144553,844.6599,1194358.72652,3.54325232118,1.0,[M+NH4]+
8839,413.226958463,402.058842,107867.69119,1.82801563697,10,
13922,566.313473882,861.63678,2230147.58536,8.01172638792,2.0,[M+Na]+
9510,431.285955752,517.360398,48276632.6956,3.53344887643,1.0,[M+H]+
8846,413.657186018,391.134162,31813.3230007,12.5083999098,10,
8847,413.711273594,480.12153,126472.364517,7.52037074918,10,
8848,413.715351335,226.746858,300326.9311,8.79076736444,10,
8850,414.00496272,33.311166,391295.314934,9.38088337905,10,
8855,414.135078139,323.353041,216584.446696,8.20711782309,10,
8856,414.143736725,401.488986,146367.649575,8.33628028152,10,
8857,414.14476785,309.420096,674019.268225,5.54323657839,10,
8858,414.160947727,721.77357,197412.220318,9.47572918863,10,
8859,414.161557943,449.960775,89147.0647816,10.83031346,10,
8863,414.188398755,624.56601,71679.4375761,14.4417767235,10,
8865,414.188728162,660.59223,380261.086411,4.84876673883,10,
8866,414.201497202,676.33581,842739.156339,5.70209797998,10,
9457,430.177818431,153.201138,274642.449411,13.761377552,2.0,[M+K]+
8868,414.221701755,462.65478,806353.703895,6.01532561683,10,
8869,414.217715507,596.859606,50173.056566,10.4949293481,10,
8872,414.235847657,707.06892,1065603.20841,3.23933395617,10,
8873,414.23652021,775.65117,353949.929698,1.63643046615,10,
8874,414.224646718,607.83237,1336371.21545,3.50724174309,10,
8877,414.280418931,434.040768,575608.004358,5.99208057085,10,
8878,414.280283312,559.316619,896664.717172,4.51945471171,10,
8881,414.306963838,495.281577,788887.884078,2.37094573932,10,
8882,414.306753954,534.471849,70410.3646157,11.2597310179,10,
8883,414.405119974,1315.20057,367132.249155,11.9957236882,10,
8884,414.659469553,284.311872,1058912.35033,6.82403047049,10,
8885,414.679886206,470.986341,105405.119338,9.69527876163,10,
8887,414.753971483,739.62066,139682.101219,0.911557092477,10,
14684,593.818977539,675.36354,3073927.97016,5.77631375167,2.0,[M+Na]+
8889,414.785197534,30.3725979,106285.465207,11.8663448595,10,
8890,414.930026399,35.6989908,384312.927767,7.11232690607,10,
8891,414.954000917,33.4419945,8124433.30215,3.97708052071,10,
8892,414.953215577,1756.3866,1652385.35088,2.32793492198,10,
8893,415.006829631,835.61037,67497.2490069,12.3384217269,10,
8895,415.025115572,33.4419945,2370091.74976,4.66559164504,10,
8896,415.025957311,967.91466,654160.861341,8.34860261236,10,
8900,415.069680374,59.5123062,620537.129726,8.46930843251,10,
8903,415.121239386,66.317607,3283771.39044,4.77136330863,10,
8904,415.118234102,921.62814,233511.426363,11.4630130448,10,
8905,415.123446374,46.4441058,1227585.27017,4.96026220878,10,
8906,415.137273767,611.13492,563881.451735,8.43010981243,10,
8907,415.140248015,652.36458,92454.7094149,10.8253916923,10,
8909,415.137760455,351.539442,98157.2939687,3.57307542247,10,
8910,415.158661694,314.238891,59186.4773241,6.07046945134,10,
11591,492.247094331,319.803012,220899.921188,5.4053946352,1.0,[M+NH4]+
11058,476.25332233,335.689578,1163605.11237,6.50351509825,1.0,[M+NH4]+
8918,415.205517033,738.04776,165976.377577,8.7383864643,10,
8919,415.210538448,1142.23515,493491.690429,2.61298463938,1.0,[M+H]+
10062,447.238397605,574.585062,2899875.27381,3.37508875326,1.0,[M+H]+
8922,415.224155489,284.9955,105715.341112,10.7982345509,10,
8924,415.228525308,608.0211,214114.792798,3.76241222333,10,
8925,415.229382632,56.3634132,279817.224279,5.23340764405,10,
8927,415.237971582,167.096586,2459353.42812,4.6382516836,10,
8930,415.254608157,370.391031,13176721.0596,3.89160607622,10,
8931,415.254688125,280.51131,1206108.95731,4.92951912222,10,
13786,561.303111563,456.726318,230639.047963,9.4458695857,1.0,[M+H]+
8933,415.254602831,503.975838,2909450.31074,13.0303070865,10,
8936,415.327597367,946.55802,185921.898226,11.2453890072,10,
8937,415.696540829,696.38856,95544.4714647,10.5794593847,10,
8939,415.72212422,833.39841,287027.00484,6.90588600173,10,
10727,465.747746471,468.729339,1450698.59146,5.0694659727,2.0,[M+Na]+
8942,416.003089214,33.4419945,412845.585636,10.6608184026,10,
8947,416.117713613,1019.78412,92349.6329323,6.81320510814,10,
8948,416.140621541,188.301726,347843.199003,0.259321048617,2.0,[M+K]+
8950,416.157655853,705.37725,625928.977086,4.46208117194,10,
10492,459.199767037,794.25648,503497.493854,7.19302894795,1.0,[M+NH4]+
12218,511.227159576,404.821671,548854.257552,12.8902462702,1.0,[M+H]+
8953,416.176789057,1399.18194,67973.4410879,8.14822178314,10,
13450,551.226492615,84.44193,230722.170068,10.9707962797,1.0,[M+NH4]+
8955,416.194903069,692.95008,691188.653255,4.95681823668,10,
8957,416.204887885,307.096692,239826.277851,14.6702819595,10,
8958,416.215079281,387.516915,303304.855078,8.53796860273,2.0,[M+Na]+
8961,416.219186411,486.91146,325638.75887,9.37825687419,10,
8962,416.214152009,1142.30106,84300.7369428,9.6129992588,10,
8964,416.228689225,599.128446,2391462.43747,5.02634380115,10,
8965,416.22512019,62.717928,1149565.88646,10.693182874,10,
13469,552.179300739,128.74407,2003316.13021,4.2045407099,2.0,[M+K]+
8970,416.249825178,234.761178,35335908.1152,3.80076093297,1.0,[M+H]+
8971,416.267119358,1187.02224,3380972.20409,3.39902518005,1.0,[M+NH4]+
8972,416.263441191,741.41394,87181.3523989,12.4417031962,10,
8974,416.286377228,148.430898,6484316.79717,2.60741730058,10,
8976,416.282692308,1344.40296,244132.094499,3.18493162559,10,
8978,416.322633823,716.40144,158886.721351,7.52770804724,10,
8979,416.372843881,1394.82303,16360410.7178,13.4583207559,10,
8980,416.706062795,307.096692,90641.4273643,8.46371958253,10,
8981,416.722700098,635.16303,1462385.35743,2.87830093937,10,
8982,416.720773091,486.807192,120884.582806,6.43444744887,10,
8983,416.781731575,29.7509478,19814.4020103,10.5177982877,10,
8984,416.80116322,37.0584492,74776.4930792,7.61214598064,10,
8985,416.978517785,476.488866,80203.3098278,10.6788541655,10,
8986,416.987024438,33.4419945,3993251.38983,8.22856311041,10,
8987,417.022682104,967.73631,182024.228222,12.7800762039,1.0,[M+NH4]+
8988,417.041635736,983.27763,65668.8717091,5.07656314966,10,
11077,477.088111944,740.81949,513384.615619,5.76776561444,1.0,[M+H]+
8990,417.052073425,35.6112903,555660.365454,11.74653614,10,
8992,417.06459339,33.3746646,2563708.59618,6.58213837516,10,
8994,417.100595838,57.2334819,241176.978917,5.87781885946,10,
8998,417.153212347,329.864154,153799.549879,4.80035671158,10,
17807,811.397568523,643.9881,5201971.41007,2.05538447759,1.0,[M+H]+
9001,417.197244652,116.328822,861422.795356,7.11312392355,10,
14620,591.312810013,430.677552,47050.8785247,14.8013326123,1.0,[M+NH4]+
9003,417.201553545,934.87131,9366308.95874,4.32661189306,10,
9005,417.217899893,105.239766,128479.030361,7.31440623518,10,
10136,449.253545718,233.213544,115253.133297,5.59542127166,1.0,[M+NH4]+
9007,417.216247054,562.972524,7247914.12167,1.31263384981,10,
9010,417.249058274,726.06801,2543994.11655,2.96732645435,10,
10973,473.307644011,456.944331,156971.139545,4.60576997245,1.0,[M+H]+
9015,417.269802028,726.17037,437321.437397,2.67727549039,10,
11040,475.323380959,626.94717,800868.31097,6.19425954746,1.0,[M+H]+
9019,417.290126243,272.462559,192411.106885,6.54376062705,10,
9022,417.693984479,466.189824,335838.136473,6.99651102876,10,
9023,417.712220887,493.835232,1074430.0946,1.40920284692,10,
9026,418.085217747,801.19593,894344.665321,4.79436300474,10,
9027,418.098177723,676.67046,84661.7668653,2.94522819255,10,
9031,418.17160128,189.330027,1171237.36494,4.27746699255,10,
9034,418.175390694,339.101982,549229.559241,9.884212741,10,
9035,418.194224405,361.655784,129595.655495,13.2393203044,10,
9036,418.194105799,275.287656,134160.567292,9.11621149323,10,
9039,418.208049187,393.590502,3745899.01258,11.8859488446,10,
9041,418.207200563,595.582278,459016.738946,4.23207074508,10,
17966,835.430020877,613.31646,450703.369015,9.500056361,1.0,[M+NH4]+
9043,418.203782391,63.691296,1339105.48533,6.90434691913,10,
9044,418.213739445,493.664076,282583.614257,3.48050785727,10,
9045,418.236330352,742.75218,302209.975987,3.41550585199,10,
9046,418.243049658,1137.51075,27107584.3593,3.30175553964,10,
9053,418.284906925,145.245708,58292.3325125,13.2333015025,10,
9055,418.401559143,1475.29758,68583.5875674,6.20116594803,10,
9057,418.687391068,530.742096,80602.0837819,5.78988300143,10,
9058,418.703736553,416.521008,910070.528354,9.39797672897,10,
9060,418.721823378,296.140134,2142669.64222,5.35440269286,10,
9061,418.712259288,369.699468,88770.2993944,13.9209315857,10,
9062,418.738243049,742.42656,117657.36284,10.1202025779,10,
9063,418.756676652,665.93121,153182.129841,7.18961625062,10,
9064,418.917019047,35.1304974,784690.008376,12.0158864425,10,
9067,419.069433682,928.56936,86813.7195939,6.57072438773,10,
9068,419.104682916,85.507761,116880.753615,13.224774791,10,
9069,419.105694489,1033.32192,172206.997555,5.68468922641,10,
9070,419.134436031,922.57488,82098.6082821,8.44309128655,10,
9071,419.142049234,617.65251,118038.423379,11.1975289675,10,
9074,419.151967493,1024.15188,619393.470106,8.60443367792,10,
9078,419.175413789,189.330027,189356.095626,3.67168030465,10,
9079,419.176981547,743.68344,36942.6462603,10.5857030957,10,
9082,419.214773129,40.5148746,1374226.72403,3.56727197588,10,
9084,419.217274897,999.15606,156329.109671,5.69474134937,10,
13979,568.299776099,495.601542,2717816.28418,12.2539234634,1.0,[M+NH4]+
9088,419.249697764,455.926575,9601112.6385,2.3391308898,10,
9090,419.261188432,288.175194,107237.77262,6.48226059851,1.0,[M+NH4]+
9091,419.254919418,726.25392,43330.4880789,2.51692863941,10,
9092,419.249559792,352.481274,7119197.44873,7.33334932393,10,
15927,648.345814957,391.96005,86454.6872107,10.2706558022,1.0,[M+NH4]+
9095,419.671581141,362.893095,124067.846694,4.04866232508,10,
13964,567.798478709,495.601662,4722547.38551,5.87873801884,1.0,[M+NH4]+
17990,838.429821781,476.087955,127735.497049,11.4392107366,1.0,[M+NH4]+
9099,419.718687478,352.924314,113088.163109,7.69159036968,10,
9100,419.737440929,483.554478,88301.3069965,13.7282522884,10,
9101,420.072363954,842.56122,111695.834995,8.38115383665,10,
9103,420.130721282,793.16922,94539.6074449,13.646810958,10,
9104,420.138638517,144.58464,78171.9868632,8.22226471683,10,
9105,420.152630871,357.027408,80425.7023557,4.87811592795,10,
13018,537.221823288,66.683169,2013218.23071,9.58641461242,2.0,[M+Na]+
9109,420.198292118,495.541218,228067.659857,4.90442770165,10,
9111,420.200811861,336.41619,272345.37413,4.54123073004,10,
9112,420.210406876,515.057214,56217.2262643,11.3453527159,10,
9115,420.21396274,1105.26117,114541.630129,10.1690660893,10,
9116,420.225384533,702.85578,96320.1567831,5.88615590669,10,
9118,420.253295152,455.926575,1808122.2615,2.08903430001,10,
9121,420.260035287,1000.16916,748590.608346,3.750051132,10,
9125,420.292831547,39.4624158,508909.66768,4.04942272685,10,
13377,548.344205278,1325.71614,214793.859289,13.2786167866,2.0,[M+K]+
9127,420.35779376,1378.50891,179347.438828,9.08655752078,10,
9128,420.607184636,1061.92905,233544.032177,8.27567033538,10,
9129,420.744430996,615.59451,1082755.202,3.32549141335,10,
9131,420.749932734,654.06312,229118.288407,11.001775705,10,
9132,420.768031057,641.53002,653610.924578,4.40896482055,10,
9133,420.947475463,35.6989908,714548.159808,9.34879833619,10,
9135,420.969951686,1655.95509,28362225.8291,11.5253282915,10,
9136,421.027358495,842.94729,110724.3,9.51536105238,10,
9139,421.066332555,1024.2159,162307.649024,4.95987574726,10,
9143,421.146742362,402.705687,66432.3843337,3.54548881572,10,
10793,468.218486622,183.500781,1374329.06419,8.25189204076,1.0,[M+NH4]+
9145,421.170003718,35.2217958,113380.105949,7.8567021984,10,
9147,421.193385734,763.944,61737.0985021,5.37236244598,10,
9148,421.190958593,418.110549,88335.7928994,14.3743168643,10,
9149,421.211007487,245.335866,1969031.77629,8.03787040712,10,
9150,421.213244308,625.00938,523622.707117,8.47074786642,10,
9152,421.217818575,344.022483,290319.964419,7.4633596498,1.0,[M+H]+
9153,421.224074642,1295.53944,447126.274287,4.6953006962,10,
9154,421.229386364,405.206814,537309.902167,3.46645613354,10,
10588,461.242006769,538.227093,1345491.59018,7.05012480713,1.0,[M+H]+
9158,421.241581563,432.517314,376300.208821,9.71883576772,10,
17885,824.483755684,897.21123,675496.530585,7.85135060292,1.0,[M+H]+
9160,421.255058883,216.514986,408207.306915,14.1814085566,10,
9161,421.269437207,641.33028,294579.139998,2.12103441003,10,
12848,531.28814327,64.115547,23440386.8326,4.16565566085,2.0,[M+Na]+
9163,421.276817388,1040.90127,72438.8363863,12.0582437694,10,
11035,475.297253299,1277.33907,153269.517124,13.796413824,2.0,[M+Na]+
11165,479.395005534,1116.17115,363397.409354,4.31900442321,1.0,[M+H]+
9167,421.40743628,1415.06355,135721.409241,4.22002868811,10,
9168,421.654261665,387.173292,20169.7730518,14.4320869588,10,
9169,421.678678408,484.233282,134964.402062,7.78358216972,10,
9170,421.697792082,307.637139,70592.7600377,2.42301095266,10,
9171,421.703555862,276.408957,60150.1816282,7.83303531816,10,
9174,422.026034986,921.62892,194348.108975,6.22357751642,10,
9178,422.14473484,317.559762,54342.120136,9.81415238333,10,
9179,422.140867266,517.41084,61609.0749835,11.2607085218,10,
9180,422.156828214,623.13414,49787.0338435,11.1454303859,10,
9181,422.182924207,810.90066,101476.84831,9.74045319261,10,
9184,422.20279823,212.718228,1815894.20727,8.9118067605,10,
9185,422.202113733,692.95008,617503.60161,1.43742637823,10,
9186,422.221015044,344.264541,44823.2669744,8.51643750816,10,
9187,422.227984334,793.88232,240460.753185,7.05401707438,10,
9188,422.225847379,1186.8951,203008.959833,12.7568430409,10,
9190,422.230516505,273.888249,96132.6805165,7.01129166212,10,
9191,422.228046504,1295.6535,63150.7561804,12.1379631216,10,
9193,422.239151621,549.82371,111329.608455,10.4673009602,10,
9194,422.24907764,233.899305,3230372.38805,8.59881333214,10,
9196,422.275636015,828.06309,1306397.33794,6.54977579866,10,
9197,422.302331746,1365.98118,208488.121518,2.53270624961,10,
9199,422.678686207,649.73745,66485.0578158,13.4185165778,10,
9200,422.715181988,288.349005,773070.154085,6.1586102043,10,
9201,422.729450791,472.462008,137902.736329,14.8129844104,10,
9202,422.731479805,723.77919,479269.046878,4.36342163573,10,
9204,422.876548089,35.039199,181763.33525,10.4323028986,10,
9208,423.070616037,35.4553047,232851.220648,14.156313721,10,
9209,423.074014303,50.9379174,255282.985225,8.38744056119,10,
9210,423.104444195,847.80447,204530.182621,7.00804391873,10,
9211,423.103015926,911.526,47590.955423,9.47118506426,10,
9212,423.12561692,82.303491,1944250.43458,2.27404896251,10,
9213,423.127605631,46.2102435,1284165.99244,6.50318407318,10,
10910,472.18011882,321.147294,787758.465361,2.29901345255,1.0,[M+NH4]+
9216,423.178991294,398.461671,558228.026682,4.28589533784,10,
9218,423.197718223,562.719315,5428506.52344,3.22469294893,1.0,[M+H]+
9221,423.207144971,40.142604,11160268.4084,6.17937820406,10,
9222,423.206409566,212.718228,328843.528477,8.21314325692,10,
9223,423.199088711,274.447248,79262.8265934,7.89152559307,10,
9225,423.223411903,149.057769,1449693.79579,3.95908946879,2.0,[M+K]+
18032,845.453844764,698.60412,194582.282149,5.44701661956,1.0,[M+NH4]+
13815,562.302366874,185.876586,585803.250308,7.3011499788,2.0,[M+Na]+
9230,423.245707214,691.0776,46373.7533982,2.89560218754,10,
9233,423.413662358,1386.42795,867016.148779,4.39954358376,10,
9235,423.723049264,344.133282,32867.784429,14.6910093421,10,
9237,423.7358364,897.37755,196341.697158,3.2869012655,10,
9238,423.741080831,226.746858,342822.554649,12.7679280638,10,
9239,423.776101454,916.54773,1755547.34373,6.31419914281,10,
9240,424.068340259,99.46644,48014.9019102,11.2952626321,10,
9241,424.087633726,59.543412,193788.818312,9.08511074762,10,
9244,424.182587491,398.6136,87925.8642867,13.6278144653,10,
9245,424.182068559,222.575982,241349.348584,8.09184409321,10,
9250,424.217264037,682.23078,219812.868027,11.343930113,10,
9251,424.224206075,553.230978,1265957.59036,6.07504220594,10,
9253,424.242059229,226.796298,52940.7887348,12.1086886169,10,
9256,424.254544045,556.695852,175384.132943,4.29119512702,10,
9257,424.262929829,1352.08341,1285472.56551,2.68647072593,1.0,[M+NH4]+
9260,424.362856339,1209.32982,1525708.04578,2.59482648338,10,
18053,848.404126767,809.29929,3953147.87356,1.85812991186,1.0,[M+NH4]+
9264,424.728702619,577.40067,1274549.12631,6.79700264393,10,
9265,424.730629639,347.985774,60729.6374699,2.04250161553,10,
9266,424.968417243,814.50186,50403.7264051,8.75858579123,10,
9268,425.048944383,614.18988,32651.7361115,5.57172190316,10,
9269,425.052142229,814.41441,146803.720354,2.06350951622,10,
9270,425.051923945,850.1829,296936.298569,10.7212286205,2.0,[M+K]+
9271,425.067899425,67.40049,1912953.93328,7.62173172349,10,
9273,425.151695798,922.37874,723029.119659,5.92771114171,1.0,[M+NH4]+
9274,425.166498548,287.108943,26918.3472733,8.36822807699,10,
9275,425.184478349,477.635223,1940473.12442,6.39363297046,1.0,[M+H]+
9276,425.18476782,432.00483,152763.821881,11.4383712063,10,
9277,425.183853489,909.16224,92241.0061727,8.75316677139,10,
9283,425.202515422,575.851476,63758.3289132,9.85145519354,10,
9284,425.20246459,190.966836,553266.806335,9.70818492252,10,
9286,425.214266193,1268.82798,1280329.04252,6.8960111068,10,
9290,425.225293536,1288.74276,115199.899569,7.87668706351,10,
9291,425.248666279,525.467958,73384.300972,7.13324771236,10,
9292,425.239341844,146.246082,105164.677626,13.6923759671,10,
9293,425.262743587,552.124995,233555.361675,6.04426113803,10,
9295,425.366062853,1209.15339,333465.202741,6.30429274594,10,
9296,425.704659938,440.504772,150953.222848,9.29037420558,2.0,[M+Na]+
9298,425.718381339,380.921415,1618478.54912,10.0941504548,10,
9299,425.720317489,167.285712,519409.517871,6.32779003063,10,
9300,425.715477791,651.35106,27215.9206364,10.3316118009,10,
9301,425.736535516,547.060161,724524.413716,5.73596055019,1.0,[M+H]+
9303,425.718434929,445.613598,44041.3589648,1.13504695365,10,
9304,425.75205016,916.54773,436805.805756,13.4404573079,10,
9305,425.791308902,962.11137,983261.239718,6.14936093279,10,
9306,425.946171693,31.0862196,92145.274095,7.3883961106,10,
9307,426.058371938,33.4419945,734754.765784,5.17051456619,10,
9308,426.069841971,405.439548,104054.975427,13.913616318,10,
9313,426.172436467,288.669747,2283580.96505,5.81527982294,10,
9314,426.175162181,1068.04512,155337.076638,12.1391339143,10,
9316,426.186562807,366.538914,30202.9102,12.7756682527,10,
9317,426.175181853,1012.9665,277701.411035,5.68541056393,1.0,[M+NH4]+
9320,426.216905899,573.856116,139512.064411,8.19809433587,10,
9322,426.233948551,310.94601,482871.629221,1.74652230552,10,
13155,541.33402475,532.76916,7914000.40842,5.05771169865,1.0,[M+NH4]+
14309,579.329378296,787.06674,41238.0569894,4.3571186635,1.0,[M+NH4]+
9327,426.336195837,44.5481715,204960.731493,13.2490737805,10,
10804,468.723887905,324.917136,90275.0012369,5.43286296736,1.0,[M+H]+
9330,426.680522533,365.059158,106380.915724,2.21769374532,10,
9331,426.721477506,381.018654,180596.950403,10.0297750084,10,
9332,426.712413988,333.74154,83447.9195781,11.8175379453,10,
9333,426.725043603,598.889391,186756.157891,10.7478978242,2.0,[M+Na]+
9334,426.737682456,412.903548,186071.852224,7.62992510275,10,
9335,426.739857244,547.055226,64987.821918,11.3224325611,10,
9337,426.89251889,35.4553047,399679.907368,7.631292672,10,
9338,426.938784813,33.124911,342672.595752,1.30483012048,10,
9339,426.987877174,34.3963188,1470682.36963,9.3347701141,10,
9340,427.010379657,741.00825,395036.166744,5.86405396047,10,
9341,427.030428166,672.03078,54153.7123875,5.68996765009,10,
9342,427.043791507,1024.66773,690677.998822,3.82499955892,10,
9344,427.064604188,67.466925,996648.164693,5.95544372554,10,
13014,537.193618623,924.98007,294837.969514,5.91361206976,1.0,[M+H]+
9349,427.156782319,382.056912,1155637.43512,7.85638452474,1.0,[M+NH4]+
9896,443.142583372,258.455367,626263.66725,3.5352681049,2.0,[M+K]+
9354,427.173850852,790.54104,67122.5805211,6.17345973064,10,
10460,458.239268488,637.81239,16077405.5985,8.31887129926,1.0,[M+NH4]+
9356,427.197903471,453.285936,393384.567761,8.42284975526,10,
9357,427.223092358,1077.8361,49275.7684286,11.8425709912,10,
9358,427.215588333,129.739032,585716.197745,6.89758266143,10,
9359,427.222866275,489.707535,186772.071397,7.52978337425,10,
9360,427.217267014,66.825672,614758.775461,11.9418874956,10,
9362,427.240405227,373.653162,31891.4753676,6.78367774644,10,
9364,427.283451777,734.28348,57901.7919908,11.5051886397,10,
9365,427.327743422,952.1442,116539.3425,7.73028840786,10,
9366,427.345403822,1216.1376,145670.935955,13.4172470332,10,
9367,427.699899624,552.223854,138656.075516,10.36796561,10,
9369,427.73991047,629.83314,372932.732802,7.17152195094,1.0,[M+H]+
9370,427.770449466,764.97933,1669511.39781,1.84015526413,10,
9371,427.757933104,634.15977,5967180.8565,5.48083442407,10,
9376,428.136736451,46.5038733,979903.182817,11.9557279252,10,
9377,428.149114015,149.057769,4238976.49716,7.56747393635,10,
9380,428.162284534,181.951212,88445.7009813,12.8328661759,10,
9381,428.172602863,80.88606,198395.11285,5.04678069411,10,
9382,428.189146756,512.962824,234301.168495,12.873458153,10,
9383,428.197115426,1027.23666,83228.1037081,4.00588417376,10,
9384,428.203770445,762.54225,183851.909252,11.62768416,10,
10307,454.214338855,439.58319,691754.625209,3.06938212181,1.0,[M+H]+
9386,428.200948547,259.346652,166403.138426,9.11412847534,10,
9387,428.213796021,283.121439,314095.564514,3.6752469321,10,
9388,428.221835814,1345.0572,219055.025185,8.4655085806,10,
9389,428.230852362,771.08196,72585.537696,11.4121337951,10,
9391,428.249194392,154.553328,71727.5406534,13.3310499514,10,
9392,428.272114761,764.97933,719465.367152,2.83632539193,10,
9394,428.286309634,278.330319,89727720.6832,3.40366821472,10,
9395,428.294823188,520.059657,564278.923331,3.33284735355,10,
9396,428.311334352,1088.78517,111133.980894,7.95356837898,10,
9397,428.351905382,1402.60686,6535554.60721,4.0716693575,10,
9398,428.691764645,512.97783,108481.124672,9.50522043685,10,
9400,428.711266657,362.416452,688572.723187,3.31429871606,10,
9401,428.718853132,555.989352,3003544.48694,1.5074387152,10,
9402,428.735042875,492.31251,3161540.70033,6.26507702955,10,
9403,428.747588243,565.716732,299110.959909,5.04967970803,10,
9404,428.760939166,634.07652,659579.407008,7.87164345169,10,
9405,428.945633473,35.2857924,667274.208911,12.2607100652,10,
9408,429.048738512,1019.81064,475364.016998,7.84767043269,10,
9410,429.053638936,766.68972,88420.2091051,6.83297688518,10,
9412,429.09313726,925.20168,41854.1920118,10.1686354746,10,
9413,429.117413037,424.455702,57283.8119413,5.66548088373,10,
9414,429.120970574,1207.3371,923715.04928,11.956686778,10,
9417,429.159732146,141.341019,306233.88096,6.30588434818,10,
9419,429.152863413,736.36542,73683.3462832,11.8091698931,10,
9420,429.153170088,620.9763,320277.930631,8.53464759669,10,
9422,429.194951146,135.508389,160770.985216,10.3157564027,10,
9427,429.233065611,48.186063,268013.145183,13.0904614079,10,
9428,429.267966755,935.5137,89252.0098645,10.5183705281,10,
9429,429.270417396,479.287404,38234138.1791,3.4393427641,10,
9430,429.270516557,410.797869,38507892.6553,2.65821980025,1.0,[M+H]+
9431,429.270298174,379.184412,7327341.50713,3.43376294822,10,
9433,429.2800988,586.994949,704442.16903,4.02434093099,10,
9434,429.281092806,349.364028,757109.251918,5.67330262474,10,
9436,429.289767991,214.77192,918725.246876,8.94566908053,10,
9439,429.368170101,1394.96331,108754048.481,5.73125047351,10,
9440,429.665901325,484.225578,174973.057452,9.39828620848,10,
9441,429.6822786,338.951268,114904.124195,5.96883243293,10,
9442,429.687917588,364.494792,40809.7086682,8.86011806652,10,
9444,429.711134148,613.23552,269010.294087,8.16758228517,10,
9445,429.710437636,350.052894,69276.3212325,4.67294317666,10,
9446,429.741248277,636.08058,4046727.54574,4.31017688758,10,
18121,858.467172525,501.58548,526397.549072,9.30154723521,1.0,[M+NH4]+
9448,429.740951089,522.403596,222860.111678,5.47753385853,10,
9449,429.755609577,434.900562,75999.2102805,7.84128411603,10,
9450,429.928752427,1756.74858,78968.8472829,7.9635774272,10,
9455,430.156379419,211.354233,145209.282518,12.8101365416,10,
9456,430.16983665,524.80497,136825.113083,9.65762102513,1.0,[M+NH4]+
9458,430.208216322,354.59859,349939.118655,3.78083026671,10,
9459,430.20990605,955.80726,112027.207381,0.920715703545,10,
9460,430.210102013,706.95318,246005.542355,1.43554069057,10,
9461,430.217067649,282.602811,65695.8852059,8.01979687201,10,
9463,430.222036536,145.883208,1231234.69278,7.18702377077,10,
9464,430.214001033,780.93678,46499.0833152,9.76407604388,10,
9468,430.255368492,304.728768,30316.3059826,7.15645041821,10,
9469,430.265502234,99.944121,15320117.5641,3.91824625091,10,
9470,430.27375928,1386.34368,229075.723842,1.41307340049,10,
9471,430.284867536,348.728106,97297.0473284,7.58564099966,10,
9472,430.274757974,378.471558,964209.803462,5.31989261834,10,
9474,430.28317276,587.059866,107687.942366,6.33202361482,10,
9477,430.388653968,1349.28642,7784290.80956,4.30977985498,10,
9478,430.690258548,92.981682,313358.328384,5.48564334006,10,
9481,430.743516838,635.84121,190066.046761,4.04123993296,10,
9482,430.74012175,681.73503,7397658.90205,3.29122186027,10,
9483,430.765778995,788.12889,273441.366744,7.38026153162,10,
9484,431.002839497,33.4419945,2153838.22658,2.32438852075,10,
9486,431.068652641,35.1406038,680070.922552,7.39590600648,10,
9489,431.111481247,201.012033,1346875.74341,3.3548791374,10,
9492,431.140387971,137.912142,15880662.566,12.6234919281,1.0,[M+H]+
9496,431.168491591,504.786072,90898.9701292,9.12360558324,10,
9497,431.189424335,802.53531,267937.733318,5.56000264384,10,
9498,431.188257269,73.967802,78184.8139789,4.7088225508,10,
9499,431.189746415,416.919714,88164.3855455,1.99810068949,1.0,[M+NH4]+
9500,431.203027601,514.102044,52428.8786128,10.9911263833,10,
9501,431.220665165,602.04564,178136.85006,9.71809975693,10,
9502,431.224560306,254.778429,5850158.91026,4.58604007256,10,
9503,431.226291593,975.06372,156370.705296,9.66863309921,10,
9505,431.255264967,1366.01964,128880.189426,11.3479095108,10,
9507,431.264696987,704.23209,721995.080889,5.91080101104,10,
9508,431.264696218,798.45756,1103287.01588,4.29680656738,10,
9511,431.276904393,479.340471,998227.884509,3.63098835738,10,
9512,431.285716509,655.269,309130.201947,8.09873208957,1.0,[M+NH4]+
9513,431.296795634,796.18602,1304512.07163,2.81556565239,10,
9514,431.297213688,702.1713,131095.311078,11.0853538263,10,
9515,431.341435861,968.94666,49516.4996073,12.2531748404,10,
9516,431.403920995,1234.16466,206989.816443,14.2256785649,10,
9517,431.403956287,1329.23916,198349.212374,5.92600368774,10,
9518,431.745542973,786.08616,302833.436183,11.1374263981,10,
9519,431.738575839,384.390294,180650.668557,8.19793108166,10,
9521,432.058594436,33.3746646,1178346.62907,2.53833348963,10,
9522,432.090881501,722.07318,152725.46855,7.19234569866,10,
13101,540.14325588,876.69429,353250.106912,10.8957851129,1.0,[M+NH4]+
9524,432.114844922,200.885412,228389.705676,8.59584801913,10,
9525,432.113996026,762.92106,77270.9566877,10.9266533074,10,
9527,432.126414773,425.752188,93587.7050995,3.28423878236,10,
9534,432.208450458,258.237054,135923.811457,7.03080638388,10,
9535,432.210022449,597.009825,66136.9339083,11.2128465725,10,
9536,432.216319413,246.15567,74774.120353,10.9426025799,10,
9537,432.223670931,561.461166,4571464.01598,3.09152821274,10,
9538,432.221539415,39.5771799,103434331.581,2.95619784433,10,
13726,559.34456002,361.032408,981436.860537,4.82423044878,1.0,[M+NH4]+
9543,432.245050192,410.638878,2637403.65713,3.55410661963,10,
9544,432.24790701,589.821606,82508.5846556,12.6133835839,10,
9545,432.232953148,554.96823,168457.044452,10.3966578722,10,
9546,432.253709438,366.115794,1411255.07697,5.17462387764,10,
9549,432.267663444,798.50682,174488.933391,8.17580394582,10,
9550,432.263902137,74.718312,102575.280952,1.29080274612,10,
9553,432.289785578,420.65922,1162704.74849,7.30518549638,10,
9554,432.719392162,457.166277,2514802.11569,7.54379637704,10,
9555,432.73191976,559.668552,742175.453808,4.68703688125,10,
9556,432.737497464,461.76207,7292609.93281,1.50276515457,10,
9557,432.775069051,37.3731672,65885.7680316,6.22504321417,10,
9559,432.905661024,35.3565531,140982.293979,10.3205200592,10,
12331,514.929225643,1757.05806,179920.72026,10.2190861159,2.0,[M+Na]+
9561,432.963720661,1661.26953,26637503.5568,10.1506359216,10,
9566,433.04229753,33.3746646,1167984.72739,5.06492462581,10,
9568,433.142421126,59.086176,354837.20081,4.95395790423,10,
9571,433.166458785,182.134974,61322.0442484,3.49010243582,10,
9572,433.181947737,430.321068,162166.373805,2.78189400309,10,
9573,433.18258517,207.94623,611632.553959,0.440997309625,10,
9574,433.182618752,329.264163,1997192.49704,5.42080760522,10,
9576,433.20771854,751.48656,114724.409356,3.99317593054,10,
9578,433.207520653,900.82611,429551.688551,7.84988400672,10,
9579,433.203759454,586.495986,611991.658902,3.62039373644,10,
9580,433.220948206,457.40532,766932.26498,4.65849157969,10,
9582,433.227103465,561.500604,889821.508599,4.34025411684,10,
9583,433.244146058,265.736805,811419.615959,11.4520976338,10,
15017,607.344376393,738.72324,898389.128586,2.43191301585,1.0,[M+NH4]+
9585,433.244081428,503.955918,10898395.5087,2.83263107163,10,
9587,433.276920015,422.654928,91473.8806766,9.20512918291,10,
9591,433.721550698,491.287011,3631315.05787,5.52959081148,10,
9592,433.739255597,916.61133,454111.196875,3.47501947725,10,
9593,433.757819239,787.83306,407593.977395,6.68426389884,10,
12797,530.220162457,84.12024,3821868.85391,1.47272696749,1.0,[M+H]+
9599,434.168639307,507.340752,242861.455792,10.1207338977,10,
9600,434.168484457,540.96948,122957.692887,12.9683642131,10,
9602,434.187367772,943.35576,63727.3426935,14.5329363748,10,
12896,533.271632108,255.964629,217610.217705,11.7249276922,1.0,[M+NH4]+
9604,434.200358498,232.063494,654125.494889,2.17794696508,10,
9606,434.215740663,432.414081,349691.356364,7.79368886536,10,
9608,434.222715534,453.985818,219382.499868,6.5611979295,10,
9610,434.23647315,709.69182,311782.485384,9.64622872509,10,
9611,434.224066395,220.724169,12657165.1719,2.09012704294,2.0,[M+Na]+
9612,434.24414588,71.502297,822801.65164,6.23246279337,10,
9620,434.711246079,399.04092,44430.5199169,13.0066106138,10,
11764,497.769026948,490.829343,5529216.34184,3.8612317243,1.0,[M+H]+
9622,434.738807868,710.17347,264869.073689,4.27455269173,10,
9623,434.765607512,820.21302,1053623.2912,7.29048117161,10,
9624,434.760114412,723.51168,152217.579598,2.88998045549,10,
9625,434.765700461,672.62862,276793.489019,5.27279825402,10,
12100,508.089321686,59.616615,352924.612025,8.85014553657,1.0,[M+NH4]+
9631,435.064303244,843.10737,159197.075217,9.53687623914,10,
9633,435.14048805,404.55093,77616.1934459,7.17139321558,10,
9634,435.150546542,646.92489,3716523.79232,2.55913289172,10,
14928,604.208027515,336.748902,76360.6442618,9.10378121506,2.0,[M+K]+
9636,435.165112377,57.46542,246276.082299,2.9777165797,10,
9638,435.164921006,104.495442,212182.292808,10.3037148103,10,
16264,669.349658009,607.75128,138708.158918,13.357340792,1.0,[M+NH4]+
9640,435.219009659,95.735748,3210567.91247,4.24878366002,10,
10796,468.243368882,732.57819,481228.426624,0.997969768403,1.0,[M+NH4]+
9643,435.21389483,1106.99628,1754933.55582,3.2831700201,10,
12878,532.280319046,349.465857,746669.447929,8.21055394349,1.0,[M+NH4]+
12928,534.264016649,917.57355,712978.977602,7.39270809569,1.0,[M+NH4]+
9647,435.247032634,624.49872,427690.94147,4.93876460185,1.0,[M+NH4]+
18184,869.471996107,439.58319,912641.093584,5.37129629176,1.0,[M+NH4]+
9653,435.271175639,559.413351,96830.7246184,10.3145266722,10,
9654,435.267508581,820.2441,440351.226182,4.42371225406,10,
9656,435.2820031,1341.11268,159308.756647,7.19437616985,10,
9657,435.283611172,1074.4098,362635.68472,3.91405909076,10,
9660,435.616926246,1074.4098,104404.428379,11.8700469325,10,
9663,435.748675374,624.66834,187396.190272,2.60309437119,10,
9664,435.741114043,439.58319,18528553.9383,2.24058413103,1.0,[M+NH4]+
9665,435.744830094,519.087846,1606890.75065,2.29852427905,10,
9666,435.938145203,33.1321998,767367.196395,2.72929257073,10,
9670,436.153817755,646.92489,679668.841777,0.619118124965,10,
9672,436.185633667,153.698709,1107611.18194,10.0354566882,10,
9674,436.20704156,607.57395,343662.767949,9.82222714404,10,
9680,436.21855757,532.76916,2409115.55934,3.74348100663,10,
9681,436.218640043,357.689619,12682938.2514,2.56434123698,10,
9682,436.216733101,916.16658,107838.277623,13.1876571514,10,
10228,452.20436851,731.54619,568323.876873,5.83149344631,2.0,[M+K]+
18202,871.487530406,574.703064,668041.437607,3.34028266872,1.0,[M+H]+
9685,436.245529634,1043.09268,155537.117018,4.5851858101,10,
9686,436.242437435,439.472832,5034388.34855,2.45568391815,10,
13156,541.333786762,456.944331,331440.461378,5.58713121359,1.0,[M+NH4]+
9688,436.226837246,522.780336,1709176.09825,5.39947613563,10,
9690,436.253715958,875.25021,98756.524723,9.4022227996,10,
12893,533.225766256,517.55451,112992.849715,7.84368357739,1.0,[M+NH4]+
9692,436.260425217,645.76251,359539.89691,5.32023816927,10,
9694,436.291193258,693.312,148434.804629,3.93505602765,10,
9697,436.727075487,563.507976,96750.8856171,8.90081469571,10,
9699,436.748899772,574.585062,12593388.5895,3.63078656935,1.0,[M+NH4]+
9700,436.752723517,702.51366,999106.434418,2.50521798946,10,
14921,603.815032572,609.57501,456848.069517,11.7313140201,2.0,[M+K]+
9703,436.921189989,35.3633172,313270.664882,7.2243934172,10,
12331,514.929225643,1757.05806,179920.72026,10.2190861159,2.0,[M+K]+
9706,437.016912235,967.88364,802987.885994,4.46430649949,10,
9707,437.072031676,1033.78146,234734.966501,11.5089989424,10,
9709,437.15613996,646.76571,82554.7717205,13.903828307,10,
9711,437.177583378,679.37358,106743.773315,1.80575257478,10,
9712,437.196549607,1186.85958,161905.948124,2.37475586039,10,
9717,437.222300427,357.597903,2735559.05623,1.57260216389,10,
9719,437.229303831,387.167424,68057.2779643,7.36271753089,10,
11556,491.286148993,617.31471,3404952.09185,5.02794198971,1.0,[M+H]+
9722,437.242676341,241.003116,187869.537802,5.28464684363,10,
9723,437.250355131,574.728123,3414168.47642,2.73360258636,10,
14978,606.309051773,332.707413,3622489.10198,2.96616808267,2.0,[M+K]+
9727,437.272864999,904.64598,86508.4058204,14.5145426435,10,
9729,437.250136787,627.71526,132186.383064,3.85821360065,2.0,[M+K]+
9733,437.971866654,33.1285554,1060341.29328,7.07502554085,10,
9735,438.176214776,692.95008,245779.604549,0.725479148707,10,
9736,438.182234156,360.735666,29981.5975464,14.9587869609,10,
9738,438.209575257,1236.0495,57983.2315228,8.89294026935,10,
9739,438.22380639,357.645783,244880.476273,12.9760378818,10,
9740,438.221242612,589.20087,226492.283148,3.06290287346,10,
9742,438.218001427,429.441186,121303.731818,4.27079468042,10,
9744,438.245970684,741.06585,157669.553993,7.44444380208,10,
9747,438.244176284,406.901484,1837795.68825,1.95781080679,1.0,[M+H]+
9750,438.240377939,456.811068,569950.818563,4.93677851716,10,
9751,438.270565421,743.01426,238025.856701,11.1430662707,10,
9752,438.268445453,148.278414,1343445.37527,6.43553711675,10,
9754,438.270602539,659.0745,132706.414414,5.68726923826,1.0,[M+NH4]+
10143,449.33695479,1391.35104,271416362.422,6.75005334999,2.0,[M+Na]+
9756,438.719313097,429.298314,43741.9032224,13.3072724619,10,
9757,438.718609388,58.9102962,456378.489394,12.3423583124,10,
9758,438.734012328,304.401762,67247.6316042,10.2216880522,10,
9759,438.730812178,629.5854,105633.516657,2.96384436102,10,
9760,438.746503291,406.901484,852313.040537,3.59273480871,10,
9761,438.748790365,634.15977,535432.128017,4.54858511066,10,
9762,438.761526076,764.9952,160611.944828,5.37381945023,10,
9763,438.88736874,35.6911938,239777.141027,14.4317520573,10,
9765,439.0411959,1033.94865,448681.659819,9.63770962219,10,
9766,439.062362238,841.92774,66257.4609539,13.2300841125,10,
9769,439.128499441,39.6778698,2490455.82708,1.27886587367,10,
9770,439.147091379,79.295298,861571.020544,6.84640741084,10,
9773,439.197170449,658.82862,128817.899655,8.89821286735,10,
9776,439.202920715,1369.29942,131680.603619,14.6024034462,10,
9777,439.21819828,565.030803,127943.356466,9.23135718372,10,
9779,439.228405037,69.658062,3319642.66874,2.92271267574,10,
9780,439.241761987,634.92417,2563760.72911,6.27892311026,10,
13000,536.307503622,407.359794,1243612.79628,3.81353712434,1.0,[M+NH4]+
12272,512.33043037,989.7684,375556.84535,7.92834936838,1.0,[M+NH4]+
9785,439.25610718,1362.12972,62661.6201974,8.55564480958,10,
9786,439.26454823,52.4647989,869145.37281,7.72422011469,10,
9787,439.726007611,492.455616,233165.719618,12.8034318283,10,
9789,439.739792194,474.679134,270346.413653,7.23503471127,10,
9790,440.142406638,299.024943,84820.2042321,10.2072945578,10,
12868,532.216317781,749.72661,170986.279555,10.0743373203,1.0,[M+H]+
9796,440.189154449,63.355206,103333.428101,4.81173997935,10,
9797,440.194292366,756.81708,1286551.61398,6.09470832835,10,
9798,440.207367595,39.6972228,1035187.77675,3.64542870411,10,
9799,440.200067918,104.883564,885116.525643,5.07114833413,10,
9801,440.221914101,399.735048,30000.8642885,11.6962337988,10,
18112,857.471939749,636.08058,3257079.80833,5.18825073902,1.0,[M+H]+
9804,440.241121468,474.641694,77987.6352242,4.6419923964,10,
9806,440.255166324,626.5191,81687.2963448,10.0996295235,10,
9807,440.267255784,1204.90017,3912987.64915,12.5226789842,1.0,[M+NH4]+
9808,440.266842547,907.11063,565871.43432,4.64480787501,10,
9810,440.269743126,583.647795,180548.646372,10.206122305,10,
11759,497.373547959,1332.39618,519651.954752,2.45112851629,1.0,[M+NH4]+
9812,440.321420281,1183.96776,108709.432374,6.2430587101,10,
9815,440.711054116,459.071316,124426.8735,11.1877386343,10,
9818,440.765704636,766.70856,1355013.35747,4.66656761929,10,
9820,440.884095124,35.776413,191007.862858,9.92950962037,10,
9821,441.02064371,835.56756,104844.716568,9.49253296972,10,
9823,441.08547619,50.962812,233486.139443,3.59950136391,10,
9824,441.091165041,42.9717504,430137.064056,11.1281490056,10,
9825,441.125882249,922.26213,240209.104652,0.895094547867,10,
12587,523.141961786,101.804073,249897.309379,10.9367282207,2.0,[M+K]+
14697,594.2497123,129.582492,248330.10898,13.1050638095,1.0,[M+NH4]+
9829,441.16736246,35.8775376,242879.676326,8.32683881482,10,
9831,441.17982778,664.92096,7209518.9041,3.09520896672,10,
9833,441.197652167,282.842946,828380.854519,1.4594575459,10,
9834,441.193301655,1294.66503,409648.413808,5.49718035442,10,
9835,441.193591648,152.528082,163087.439107,1.99409016939,10,
9836,441.210601258,401.318925,99857.7726243,8.62523120216,10,
9838,441.209156982,875.49924,116449.640434,2.83753480968,10,
9839,441.214427963,200.214846,4086075.45291,3.66149613145,10,
9840,441.212505226,910.17066,55489.2586204,3.43425149607,10,
9842,441.231385322,216.816855,1092558.01899,9.11595871177,10,
12990,536.245904794,163.22871,1386589.91038,0.891877852568,1.0,[M+H]+
9844,441.243179828,1145.82534,462652.992723,14.3709439096,10,
9845,441.248606653,688.87692,107789.898093,11.5201240078,10,
9846,441.243722086,777.23358,79188.3319935,14.2497979805,10,
9850,441.306700974,668.55207,101611410.563,2.64187621383,1.0,[M+H]+
9851,441.306886708,620.30052,5431516.68852,14.6602455287,10,
11860,500.363125537,645.85131,276693.744945,5.59041798476,1.0,[M+NH4]+
9853,441.715918303,199.880346,1669568.76325,2.09479378023,10,
9854,441.731252234,681.73503,533647.66395,4.26489627526,10,
9855,441.731070795,501.73557,94710.2242101,9.06096567933,10,
9856,441.737233895,624.07971,2068674.31489,4.27400124094,10,
9857,441.755327416,610.62174,318516.475528,11.9424920407,1.0,[M+NH4]+
15300,617.792519911,769.06914,665789.006161,1.94592354281,1.0,[M+H]+
9859,441.965604902,33.3746646,667404.866592,11.1374843418,10,
9860,442.036109798,33.4419945,6728567.82352,2.12982661198,10,
9863,442.087696393,85.507761,1269153.51234,5.25032336004,10,
9864,442.10462301,275.398248,54091.4510857,8.64098822114,10,
9865,442.11804192,1024.0251,309971.743376,5.80322734728,10,
9866,442.169314722,351.536484,57178.1935276,8.70646892185,10,
9867,442.161920514,130.8432,51995.8719448,10.883223919,10,
9870,442.189640916,360.399168,62155.8364084,10.0119110042,10,
9871,442.201381633,282.775623,154214.204257,8.33357569008,10,
15717,636.270652086,45.8132925,358642.892183,5.76381766547,1.0,[M+H]+
9874,442.235178362,244.437114,176580.816936,2.97477837163,2.0,[M+Na]+
9876,442.248882577,163.065522,1991056.23083,3.69855147777,10,
12352,515.329940146,406.767045,697675.828953,2.44060170043,1.0,[M+NH4]+
9878,442.255771392,848.97984,2098671.95611,4.09796410619,1.0,[M+H]+
9879,442.265194049,354.084978,14008096.0819,4.75334956314,10,
9881,442.275370658,769.68195,130503.517937,10.4767391284,10,
9882,442.276770013,171.29709,9722983.86793,6.36376086582,10,
9883,442.277908079,489.952332,109107.544425,9.79452600177,10,
9885,442.400060342,1365.87147,575130.351712,6.2640212043,10,
9886,442.726665109,372.004548,41164.2947528,13.3279133872,10,
9887,442.740409381,623.98959,206856.986417,12.2979644451,10,
9888,442.745066621,472.663713,1205432.32845,5.0352803165,10,
9889,442.76321089,628.41306,15339635.2858,1.54014427183,10,
9890,442.774395783,1612.07076,1738617.68627,8.21826530348,10,
9891,443.018485066,1024.68486,256622.472687,6.79493759721,10,
9892,443.020176493,33.4419945,891825.948835,2.79618326855,10,
9895,443.065814605,593.814612,939259.325713,5.25985479915,10,
9897,443.14222002,349.030086,1197008.42602,8.3757335281,10,
9898,443.173608988,842.61402,674331.231129,7.21935569887,10,
9899,443.176458535,80.848926,388849.345691,6.68328949617,10,
9900,443.197467236,1077.92088,77133.6794583,14.9836916321,10,
9901,443.192918872,245.166906,149855.820618,5.55460325584,10,
9904,443.206655408,257.46087,195699.223624,11.6154882099,10,
12936,534.287774006,48.8221284,282234.760075,1.18936568231,1.0,[M+H]+
9909,443.255175653,528.756153,837659.197456,6.08425705158,10,
10470,458.286235965,502.170984,426086.51021,8.63804985132,1.0,[M+H]+
9911,443.25105666,163.201944,267499.011036,2.70271478941,10,
9913,443.272027137,918.65226,1744971.00746,4.74129002997,10,
9914,443.269300539,287.977005,81183.823845,12.4522708525,10,
9916,443.285925736,580.715862,4976957.64573,3.05738284284,2.0,[M+Na]+
9917,443.297299635,322.333284,4128282.59535,5.15502234346,10,
9918,443.296948147,361.640526,1548696.81212,1.71017516869,10,
14622,591.334120951,311.333796,84788.6029485,5.62768925131,2.0,[M+K]+
9921,443.403222442,1365.81324,99165.6879902,6.73183399006,10,
9922,443.674942356,403.576296,987020.28422,2.31002016845,10,
9924,443.735717756,420.042804,87132.454504,5.67262725373,10,
9926,443.74196457,649.70523,754885.455204,5.95879979757,10,
9928,443.766074386,628.41306,1906657.83901,1.96835156987,10,
9930,443.998606743,33.4419945,713214.822811,9.94261008671,10,
11048,476.106752061,593.807259,975881.698574,4.32123604487,1.0,[M+H]+
12733,528.182266677,923.67579,598263.735496,5.16078211715,1.0,[M+H]+
9934,444.130858013,71.868108,1277238.7804,4.33485952709,10,
11119,478.220617795,1315.93302,103824.316064,10.4101365178,1.0,[M+NH4]+
9938,444.182056195,100.520964,75222.1426932,12.6803890695,10,
9939,444.17643092,403.435956,376489.889845,2.06619899123,10,
9940,444.184896657,212.69448,114744.9188,12.8429136276,10,
9941,444.188937743,786.08616,155383.076113,6.87698653092,10,
9942,444.198885478,761.01126,83637.358828,9.07375041513,10,
9943,444.201369783,373.310784,243929.903898,5.47207685635,10,
9944,444.202340388,317.559762,140480.139822,14.2498702856,10,
11781,498.27062158,490.829343,2861238.32276,3.70926758363,1.0,[M+H]+
9946,444.234960288,476.004066,97618.6517054,14.7776748306,10,
9947,444.230835871,76.3458,596110.733955,14.0220094874,10,
12184,510.255313683,111.660336,1128152.45404,3.43017645693,2.0,[M+Na]+
12520,520.292560401,310.262769,91479.9353681,8.3476991435,1.0,[M+NH4]+
9951,444.244791421,265.3785,14760220.968,5.53600902375,10,
9952,444.246062862,841.24152,254268.770618,7.91135632434,10,
9953,444.255863351,67.153299,14209359.4051,2.87332787711,10,
9957,444.281095637,147.338601,3823981.42488,13.3027097226,10,
9958,444.298269479,1248.07704,1463884.85295,6.25535257646,10,
11940,502.323108573,351.191292,3378911.76937,5.54792079123,1.0,[M+H]+
9964,444.347339651,1342.09809,197073.6297,13.682444888,10,
9966,444.71361966,535.913427,68262.1753743,11.8185641327,10,
9967,444.724361387,316.964454,1534201.5713,4.79396004739,10,
9968,444.73198383,515.724147,879253.166443,6.82074463904,10,
9969,444.742474503,376.458726,364301.467127,5.60927646969,10,
9970,444.742435445,533.458407,80517.2457037,12.79008629,10,
9971,444.746359217,496.270221,324306.066834,2.55088303076,10,
9972,444.74997758,735.75156,120280.652872,8.03309102084,10,
9973,444.801121594,37.6428129,61782.3179184,14.3182722367,10,
9975,445.096340322,46.2906234,281871.796304,12.2828501382,10,
9980,445.161097271,398.6136,139998.376803,4.43634334618,10,
9983,445.183915195,781.28715,690333.283759,3.71116887065,10,
9992,445.228057504,574.148982,108914.414989,6.62647725491,10,
9993,445.240717088,275.094996,122133.482145,12.9649829993,10,
9996,445.241777095,664.58226,94791.2960193,6.3452407954,10,
12779,529.334034477,686.26887,5263956.31687,3.59908311212,1.0,[M+H]+
9998,445.26512728,519.753711,1899739.11398,5.02593361532,10,
11226,481.315400304,734.2995,566020.45914,4.81512566172,1.0,[M+H]+
18205,872.541629216,936.46629,1155055.80685,5.72769847479,1.0,[M+H]+
10002,445.320892908,412.510866,84845.9377604,9.26056042986,10,
15785,639.382022235,489.707535,451529.054193,8.29165329373,1.0,[M+H]+
10005,445.727229997,317.160099,170790.559415,3.97110668694,10,
10006,445.734691824,515.544498,78773.8878546,7.93089133595,10,
10007,445.748871521,918.63558,186212.581974,5.10838845224,10,
10008,445.757825653,582.12336,65903.027719,8.9252647933,10,
10009,445.753120422,686.75568,72351.0176816,6.06154327535,10,
10011,446.042033693,56.329377,246547.21055,9.66838674844,10,
10012,446.147576096,68.081052,305448.796774,9.91994791105,10,
10016,446.211279692,554.271726,1312627.81686,5.10819128371,10,
10017,446.20611417,366.452046,149586.091941,12.0272882151,10,
10020,446.230630387,439.58319,2963104.05297,2.39236335237,10,
10022,446.248702039,645.66555,233237.065211,5.31261604234,10,
11125,478.265445396,560.343936,8809193.78607,3.81483752577,1.0,[M+H]+
10618,462.237575793,310.262769,13011152.2903,8.41414309206,1.0,[M+H]+
10025,446.260370137,154.556145,8626834.54182,3.36070098403,1.0,[M+H]+
10029,446.279658981,62.733108,313605.52712,7.13854899427,10,
10030,446.274389555,1137.51075,630877.927556,13.5016284237,10,
10031,446.279854392,138.788202,523579.538541,4.64879784073,1.0,[M+NH4]+
10032,446.275250763,580.688232,86494.4199674,4.18558053738,10,
10033,446.29080581,936.61518,477703.694821,4.21008081727,10,
10034,446.304697054,1392.76566,162456.106732,12.082758962,10,
10035,446.674448395,416.643174,53521.2743786,13.1150437146,10,
10036,446.711260102,402.783132,271388.291089,7.58510878161,10,
10037,446.709992674,301.651131,103858.767143,6.28470498594,10,
10039,446.747866157,539.257533,194123.067083,7.99354274124,10,
10040,446.747448901,381.363408,334644.712083,8.2921602653,10,
10043,446.884613899,35.3657214,336047.92577,11.9855745127,10,
10044,446.979353498,1657.24251,33278350.0441,9.77334803705,10,
12696,527.046616347,1019.78412,23398.4181076,12.4919297849,1.0,[M+H]+
10046,447.042719059,35.1304974,221450.383996,10.8662115431,10,
10047,447.043412053,814.41441,90942.8729618,5.31823775167,10,
10048,447.043196546,850.39944,194857.040898,3.41267801868,10,
10049,447.055953482,1024.99476,180788.351419,4.78577671848,10,
10050,447.104376869,1068.1443,121028.852829,10.366074361,10,
10051,447.104355267,1013.36436,151773.940294,6.74640782817,10,
13936,567.168289464,260.070804,385514.868609,7.48318134374,2.0,[M+K]+
10056,447.163475036,681.35118,284808.293436,5.02783127307,10,
10057,447.188407948,96.124434,178865.683826,5.35389840762,10,
10058,447.198505903,787.06383,80047.6123748,5.91540415901,10,
10061,447.216263766,630.5994,842928.57328,9.26309140247,10,
10063,447.244397934,425.444616,168731.057631,12.4495585845,10,
10066,447.262812886,597.069744,195625.651022,9.59945577845,10,
10070,447.309720427,830.80824,65000.1224945,8.97944649921,10,
15060,608.786199381,238.539861,585521.393464,7.17325672714,1.0,[M+NH4]+
12242,511.766652113,520.398345,5364997.87938,3.90170138037,1.0,[M+NH4]+
10075,447.742680132,453.285936,129679.683208,6.63623507024,10,
10076,447.755310455,556.685034,3189871.32717,4.1466489643,1.0,[M+H]+
10081,448.142903138,39.5178519,1759727.60276,2.16470245433,10,
10082,448.156421381,210.69885,175293.751703,8.62065754999,10,
10085,448.178961327,39.2054199,1032976.65164,2.66295643062,10,
11585,492.211790673,332.753475,791485.093093,7.05937960774,1.0,[M+H]+
10087,448.217306396,1079.62857,978643.87191,4.62388942391,1.0,[M+NH4]+
10089,448.218303568,277.440744,1319185.92851,3.52602173834,10,
10090,448.220941487,220.511982,43253.7538995,11.9134754942,10,
10091,448.222399921,143.270202,24157.0696126,7.1987521072,10,
10092,448.229694363,700.80378,537843.190974,4.25265442741,10,
10093,448.241494268,574.585062,330021.418257,2.45716081444,10,
10095,448.239843284,262.479432,9490769.01328,3.31066377752,1.0,[M+NH4]+
10096,448.252631666,733.26792,177321.459974,11.0841306823,10,
10097,448.256961736,556.685034,1596742.08243,1.03948678967,10,
10098,448.255074542,407.359794,2118250.01203,9.21393469073,10,
10101,448.276050313,64.574811,18025731.2218,5.23304442088,10,
12458,518.337209198,416.690487,116415.381584,9.88429554341,1.0,[M+H]+
10103,448.284202181,385.7928,38254.5404511,12.7855420553,10,
10104,448.320187208,962.80386,202400.226246,10.9747150529,10,
18301,896.410249071,351.191292,436942.882127,7.23837522895,1.0,[M+NH4]+
10106,448.71329809,501.604092,259474.504291,12.1234084081,10,
10108,448.734566177,520.756962,145438.69979,14.3814305847,10,
18185,869.508302087,631.02246,458475.242387,10.8841291906,1.0,[M+NH4]+
10110,448.758297589,556.685034,405890.15439,4.32212654889,10,
10112,449.025458011,1025.85384,383830.910223,5.46647350349,10,
10114,449.106106689,1024.33206,129965.610117,13.0948526774,10,
10115,449.1038967,40.8322062,470138.689954,5.85301007834,10,
10116,449.119008922,990.00645,277461.613476,12.5375527997,10,
10120,449.141196275,870.40698,28114.0417031,10.0158436761,10,
10121,449.14099951,799.4838,122761.569656,9.84526754603,10,
10122,449.141031059,728.14794,77652.4148296,11.1550611821,10,
10123,449.140317605,182.114214,58305.3609686,5.20764031182,10,
10124,449.169550553,705.26628,56311.1626691,13.7843487868,10,
10125,449.177423802,585.673572,344008.700378,4.66806032656,10,
10128,449.181053519,142.238334,125382.96431,11.3650615147,10,
10131,449.218925748,320.243601,133549.156609,11.9382898133,10,
10132,449.222721397,277.456116,300218.634955,7.03481315782,10,
10134,449.238935139,362.682159,5738725.86148,3.9161171005,10,
10138,449.269018012,279.36117,31343.3851106,7.28758381383,10,
10140,449.2814529,1402.33986,2706631.53465,5.60708970807,10,
14736,595.373830057,265.773,1205808.16408,8.04013441652,1.0,[M+NH4]+
10144,449.370362718,1328.75592,462027.435618,10.0040726223,2.0,[M+Na]+
10146,449.623682324,1085.96442,609669.980199,7.98930834158,10,
10147,449.667057291,96.237828,901749.358915,4.72766320507,10,
10149,449.729803109,422.140683,26788421.4686,9.30978609398,10,
18312,898.498404737,627.96543,1490932.6773,5.37145593819,1.0,[M+H]+
10151,449.771121838,466.203321,265282.093639,4.33602437331,10,
10152,449.77087229,803.45046,174466.339522,2.14921684338,10,
10153,449.778554116,923.89713,1693157.10402,5.33869190643,10,
10156,450.113089876,356.922906,60614.8574232,7.70715994989,10,
13598,556.240012632,402.512361,2491277.78877,4.64424363824,2.0,[M+Na]+
10158,450.135607846,367.522305,264776.167739,11.2977865859,10,
10159,450.157770247,57.3222942,420846.363947,8.34074524129,10,
10162,450.172285492,709.69164,276134.773565,6.17372244845,10,
10163,450.180696744,401.75844,80690.0427723,8.66138917478,10,
10164,450.174613489,232.52511,547758.175404,9.32055266798,10,
10166,450.201094631,61.765293,7918325.06358,2.89759632097,10,
10168,450.218669541,140.478327,139825.044743,4.12027205208,10,
10170,450.233019013,992.57676,908250.891648,5.01616086419,1.0,[M+NH4]+
10171,450.242766053,583.228644,483765.61834,4.23368772259,10,
10172,450.254278134,627.906,1585282.19382,2.66474627551,10,
10173,450.257285842,1247.8506,76666.4405887,12.751168471,10,
10174,450.268175357,278.172564,6792944.16428,3.52929690497,1.0,[M+H]+
10175,450.262709605,561.705816,867903.937462,3.50253492659,10,
10176,450.272065519,466.144062,114706.245339,13.0327715657,10,
10177,450.269605592,1092.13344,284468.709362,11.5872227399,1.0,[M+NH4]+
15476,626.309904778,51.2009874,249731.939644,9.56804760114,1.0,[M+H]+
10185,450.732691796,421.970439,3711520.27333,5.69842496534,10,
10186,450.755416502,627.96543,456625.617352,7.77076492059,1.0,[M+NH4]+
10187,450.764023237,561.705816,374256.38895,3.30240681497,10,
10188,450.874769781,37.171416,314186.096985,12.1572609614,10,
10192,451.099572107,1072.6188,112978.558531,11.790497449,10,
12315,514.217908224,234.933048,109907.5323,9.61627384604,1.0,[M+NH4]+
10197,451.200589614,565.690644,207710.530612,5.7466433716,10,
10198,451.213811204,740.67249,457168.939654,5.80054173058,10,
10199,451.221635229,376.458726,1434129.44341,9.64808279932,10,
11727,496.287410679,391.379229,2631570.11895,6.51286121027,1.0,[M+NH4]+
10201,451.232180543,517.610991,1981819.12567,5.50010744085,10,
10203,451.247724062,345.192402,175107.844128,5.11868431501,10,
10204,451.247782148,496.027458,2060010.60989,6.99200169093,10,
10206,451.254233577,510.21933,1739519.71879,4.81631252569,10,
10209,451.310567904,1339.15368,266246.801399,6.62016641202,10,
10211,451.36791186,44.6089935,566402.647845,11.6090998583,10,
10212,451.713810491,224.184552,140417.922684,5.39247971029,10,
10213,451.719979088,428.899218,39386.8008435,4.63682823948,10,
12666,525.805981936,590.989572,1781380.88719,0.82147652311,1.0,[M+NH4]+
10215,451.73765684,373.3158,490558.727591,4.46978651044,10,
10216,451.739727514,615.65481,943935.750391,1.85554521716,10,
10217,451.759942635,555.65085,129572.029525,9.06063705488,10,
10219,451.916043667,33.1321998,241471.756724,13.1862897607,10,
10220,452.126446095,48.4214913,1627682.36098,1.732556994,10,
10224,452.188096075,744.75837,95960.9946551,8.58538432908,10,
10229,452.205470626,199.868736,245342.671127,10.8479439679,10,
10789,468.198984123,538.914723,683003.732504,6.8597698942,2.0,[M+K]+
10232,452.225292733,376.443912,237702.555782,8.31808316629,10,
10235,452.249680149,594.025755,571114.320186,8.38378331336,10,
10474,458.296877705,378.455574,5439559.56836,2.89304412324,1.0,[M+NH4]+
10238,452.277362629,810.1311,648704.841225,2.38448250422,10,
10239,452.321443608,1226.28978,32749826.3546,1.96856199817,1.0,[M+NH4]+
10240,452.456879661,1434.1329,242985.788702,9.7350755279,10,
10241,452.69763714,491.259318,69947.7244261,9.97028769162,10,
10242,452.71678933,435.133203,11808197.1428,5.90823461436,10,
10243,452.728297674,624.06189,285145.174411,3.39614962904,10,
10244,452.734696771,513.529485,264534.99892,9.39455201478,10,
10245,452.739795965,115.188648,809441.372266,5.63712296192,10,
10246,452.743707186,322.523766,46112.2413333,10.2458221855,10,
10247,452.747632092,683.3388,247054.703545,5.36172189207,10,
10251,452.904135842,35.349789,255525.627238,11.8391917473,10,
10252,453.030187325,832.8396,74906.4543713,13.580846978,10,
10254,453.12921369,498.868878,30075.3530681,5.10555936487,10,
10255,453.138614077,144.73776,394012.514726,8.26218144674,10,
10258,453.150559138,592.259772,85796.6049349,14.764168457,10,
10260,453.182143366,163.412964,793843.388494,6.99130770983,10,
10261,453.183254101,347.060229,461200.055329,7.20961360663,10,
12630,524.261817335,1053.91356,4351229.79845,2.57414862578,1.0,[M+NH4]+
10265,453.18976483,586.994949,489145.465869,5.84130759225,10,
10269,453.21164101,370.493646,467794.454808,3.38379770626,10,
10271,453.220089953,40.5335445,5329005.24236,8.75598986476,10,
10273,453.216402213,246.988566,186712.399169,9.76581947765,10,
10274,453.233620116,295.793136,318880.469162,6.23221777766,10,
10275,453.245062128,274.406619,2135636.04637,2.77760045032,10,
10276,453.247036246,533.458407,106714.290017,13.9044291784,10,
10277,453.246573908,868.42998,171579.570406,3.96565264088,10,
18331,905.508439675,768.73863,282787.904939,8.12457688936,1.0,[M+NH4]+
10280,453.25508111,55.052304,142540.915728,10.6202863144,10,
10283,453.267997044,576.692394,76716.8595678,12.2616631839,10,
10284,453.268081982,420.688455,616886.983148,2.86519310937,10,
10285,453.281425013,315.147396,81053.9040863,12.1850150346,10,
10287,453.343042736,746.14626,6474875.8174,2.95155997277,1.0,[M+H]+
10288,453.343015028,706.5621,2589767.4982,3.32651202777,1.0,[M+H]+
10289,453.33644255,1355.18688,88893.0484701,13.0399410655,10,
10290,453.719582455,435.133203,1433647.03784,6.81296160011,10,
10291,453.73653131,918.75954,182593.511436,10.411972486,10,
10293,453.754140082,628.41306,2877070.28632,3.768102234,2.0,[M+Na]+
10294,453.896288856,693.65052,165149.54058,3.95596412848,10,
10295,453.949364472,33.124911,371961.506057,8.19108643782,10,
13858,564.276024716,48.103995,1694084.74579,3.85424925327,1.0,[M+H]+
10297,454.150191986,126.387564,481429.10902,10.9107799578,10,
10299,454.181076047,103.385325,134496.125041,5.80353673606,10,
10302,454.185862778,219.146976,260246.132194,3.90869247274,10,
10304,454.203416515,39.5178519,26241230.5796,3.65546590875,10,
10308,454.224487054,658.95027,1043715.02406,5.1700479909,10,
10309,454.242418612,687.98985,131565.732903,11.4646660377,10,
10310,454.238604701,918.65574,47283.9547701,2.37280050853,10,
10311,454.255699209,628.41306,1321322.95477,3.26800181166,10,
12095,507.313321087,50.9587293,399317.799539,8.03365506952,1.0,[M+NH4]+
10316,454.71554416,491.513199,433739.060308,5.47271196107,10,
10317,454.715768428,439.67631,289049.086658,10.400861307,10,
10319,454.730872286,360.849531,150146.875472,5.43065311708,10,
10320,454.756975449,628.41306,327294.484482,4.24761266056,10,
10321,454.755048727,810.29883,106011.824783,3.98815952341,10,
10322,454.781171224,802.61652,1420834.80341,2.8230802813,10,
10323,454.828089164,35.349789,210081.551402,13.1282097682,10,
10324,454.861436795,35.6989908,303336.828857,14.2631142976,10,
10325,454.883958929,35.0594118,254156.43037,14.114466217,10,
10326,454.994125415,721.53816,100145.21025,8.82140364828,10,
10327,455.010117977,32.811288,927007.421307,6.70740961692,10,
10328,455.015447257,1033.98156,242407.879532,13.0017784016,10,
10329,455.08515052,593.696256,504272.381628,9.5461333021,10,
15279,617.167842359,528.099588,229323.903797,10.9058717094,1.0,[M+H]+
10333,455.141825569,458.618814,39375.5105028,11.3029593837,2.0,[M+Na]+
10334,455.151599632,514.357017,35493.8072969,13.0908342027,10,
10335,455.15339652,371.76597,183426.222583,8.34897747563,10,
10336,455.164498577,329.387391,183471.798001,4.60100675032,10,
10337,455.176915332,403.088952,33845.3636934,3.47394324979,10,
10344,455.200476226,285.275334,147752.678656,7.23769481146,10,
10347,455.219201122,1323.97326,127923.933547,3.32141640708,10,
13941,567.25438379,265.536372,997769.972874,14.9716533984,1.0,[M+NH4]+
10350,455.227419525,467.380959,1924644.06312,3.64013769387,1.0,[M+NH4]+
10351,455.225819453,544.011102,86206.5885196,1.18024098569,10,
10352,455.239745335,572.657943,693061.807366,3.10293318597,10,
10353,455.244679998,842.61402,1611186.79861,5.90627872684,10,
10356,455.246832274,597.292902,88173.6920767,6.44836175828,10,
10357,455.23960354,549.481413,1664355.80455,3.51040092193,2.0,[M+K]+
12222,511.22780644,151.920084,291283.190213,3.94608697373,2.0,[M+K]+
10360,455.283011329,802.70388,709705.55356,7.37623602976,10,
12223,511.240238422,609.93843,6707356.04536,5.02980558727,2.0,[M+K]+
10363,455.32229297,754.86576,2720142.86722,4.12590569599,10,
10364,455.322267084,737.13588,10658622.5723,3.40801840803,10,
10365,455.322347711,917.3106,36652.6529445,6.06782679077,10,
10366,455.322376685,717.83103,2507152.52258,10.8128549947,10,
10369,455.720754674,411.479739,247697.990256,5.86295589523,10,
14949,604.809908432,675.4935,337645.920632,5.0129511648,1.0,[M+NH4]+
10371,455.715305304,317.002767,121104.295453,8.42395262338,10,
10372,455.725247192,574.703064,302100.065407,13.6789138445,10,
12756,528.76935713,386.478732,4099770.95246,3.31283640427,1.0,[M+NH4]+
10374,455.75165995,666.5139,532764.731364,8.24139474231,10,
10375,455.784140775,802.92744,162338.288579,14.1493471301,10,
10377,456.101792315,1032.98628,99728.0166735,11.655329921,10,
10378,456.131525545,258.41586,265650.683377,6.7894394937,10,
10379,456.143707053,153.586626,53891.8421567,3.46851957927,10,
10380,456.169177001,740.73156,579043.001874,3.87316611844,10,
14723,595.214256849,47.1561165,1004527.80618,4.80629427194,2.0,[M+Na]+
10382,456.185111741,255.21615,34960.0604041,4.77468630952,10,
10384,456.189527295,747.4893,98755.9906457,1.02908508145,10,
10385,456.189156085,785.39796,36943.1116792,9.22616324049,10,
10387,456.208430962,39.2879265,484180.089728,3.56485099362,10,
10391,456.226174133,675.99861,181421.836755,4.20828753566,10,
10393,456.245174723,401.51955,280732.037731,6.50621407373,10,
12880,532.308179208,60.730611,324142.914915,6.8176386942,1.0,[M+NH4]+
10396,456.281171105,502.07295,16933154.3638,3.90758924012,1.0,[M+NH4]+
11904,501.3391252,304.275531,924772.215392,2.25472323425,1.0,[M+NH4]+
14135,573.360274879,323.695599,1189659.3118,4.60586440296,1.0,[M+H]+
12306,513.375515545,969.85707,862082.258019,4.0615341031,1.0,[M+NH4]+
10401,456.346849505,1389.45867,6248399.13851,3.52459364406,1.0,[M+NH4]+
10402,456.701046863,523.684488,1258934.84126,7.00474624144,10,
10403,456.722576479,217.322787,1527021.23499,7.08111509859,10,
10721,465.369168382,34.4868702,432143.650455,11.0391893786,1.0,[M+NH4]+
10406,456.934937099,34.3225995,489999.519644,13.3625649514,10,
10407,456.954034709,969.65898,51817.587836,5.04133272787,10,
10408,456.994581008,835.90374,52479.1138594,9.14778742941,10,
10409,457.085536924,636.08058,156614.424848,9.15708691209,10,
10410,457.078388216,835.56756,160681.765665,9.26518056245,10,
10411,457.078298641,777.54216,106275.587412,9.30875343234,10,
10412,457.085133116,1024.00935,232508.115598,5.20329438994,10,
10413,457.132329099,646.92489,343571.474458,5.72467936292,10,
10414,457.143371065,40.2021849,3795548.61227,7.14791254538,10,
10418,457.1848671,787.39992,267233.900793,5.11937785421,10,
10419,457.200232014,95.784369,1906655.54535,3.57326880847,10,
10420,457.203565402,941.76549,81735.4981993,11.561693208,10,
10421,457.205344528,648.75612,143855.307081,9.87662300438,10,
10425,457.240145326,304.058886,3772304.73457,4.6756623245,10,
10426,457.239207263,517.694091,1286835.49572,5.94144899421,2.0,[M+Na]+
10427,457.262175139,86.684643,200537.34264,11.3816942882,10,
10428,457.266226818,759.39978,217687.797492,8.46783060497,10,
10430,457.276398229,188.982846,7252383.68889,10.8884919628,10,
10437,457.312568671,506.52159,391301.67815,1.29495140084,10,
10438,457.321647705,485.44332,215480.033841,1.30340266091,10,
10440,457.702331301,403.16604,43489.4854556,5.4220057979,10,
10745,466.232968185,369.169662,178887.445125,4.6414124219,1.0,[M+NH4]+
10443,457.732163537,324.730347,996248.964235,5.96552897791,10,
10444,457.768447103,607.61475,93318.9080054,11.5510039761,10,
10445,457.772330605,745.36332,1166097.38239,3.81238685706,10,
10446,458.013647044,33.4419945,5873374.40931,2.13287403744,10,
10447,458.13572763,646.8612,36095.3955555,7.06992365555,10,
10449,458.143016343,664.58226,179055.898694,6.79639502536,10,
10450,458.205191933,715.10211,105306.228218,14.6177714321,10,
10451,458.200506001,357.689619,1029918.99665,3.93583641578,10,
14182,575.264531123,485.104692,57468.7654634,8.0556972041,1.0,[M+H]+
10453,458.224019398,309.579708,2025963.69482,4.46707335302,10,
10455,458.235326527,115.005138,161082.899915,7.51494057254,10,
10461,458.247579414,338.09943,220712.237856,12.7711240008,10,
10462,458.26056284,419.763057,69997530.312,2.80059210056,1.0,[M+H]+
10463,458.254992719,568.828416,61768.088957,13.0589641537,10,
12753,528.349592142,897.69969,85866.3473523,4.3278499904,1.0,[M+H]+
10465,458.260541318,484.566204,199783.619518,10.2221506919,10,
10468,458.286383062,614.56296,94761.2043763,7.41912778209,10,
10469,458.286119798,427.65768,163489.236227,3.95917622762,10,
10471,458.286676435,459.620571,328083.574008,7.80401842203,10,
10472,458.296868623,392.595381,15091610.1837,4.29320856637,1.0,[M+NH4]+
10473,458.296819599,237.338298,4792023.89598,5.56938693936,10,
11760,497.373487707,1389.21666,2083988.45648,4.59603623676,2.0,[M+Na]+
10478,458.734841556,324.730347,116646.883358,8.43030527925,10,
10481,458.909520057,35.4553047,150520.126699,12.1111163912,10,
10482,458.997690165,33.4419945,1155432.05805,9.02129443474,10,
10483,458.98929055,968.94666,135285.254536,4.87292913856,10,
10485,459.069739258,144.916584,190483.282127,9.56804600146,10,
10486,459.099671238,308.561841,154625.865181,6.83333817759,10,
10488,459.136314464,246.919422,341337.032477,5.13821694672,10,
10489,459.136075384,380.569788,29817.3760429,7.76848291681,10,
10493,459.203907085,357.700794,195454.02312,7.66801873303,10,
13670,558.287902729,332.707413,2779387.82743,2.95546995846,1.0,[M+H]+
10497,459.247687922,556.695852,190439.838554,11.6163954873,10,
14061,571.290942422,157.732452,131006.014003,9.19123138914,1.0,[M+NH4]+
10500,459.250065101,143.270202,589641.621766,6.30471074927,10,
10502,459.26958121,1137.51075,14011979.649,5.09477318298,10,
11022,475.233380954,100.162824,789071.898114,3.21580462442,2.0,[M+K]+
11068,476.306186826,682.8915,96883007.7862,3.65497766082,1.0,[M+NH4]+
10505,459.275459173,136.035135,1147871.84806,6.99577403271,10,
10506,459.280810619,623.3364,126693.539919,4.69687562869,10,
10507,459.30031373,435.342306,67342.822626,9.24929231806,10,
10510,459.300458734,639.96504,49749.7371185,11.296786456,10,
10511,459.317092966,644.08347,20970575.285,3.40341102654,1.0,[M+H]+
10513,459.32843237,741.07902,87662.8251352,7.08643317013,10,
10514,459.681390814,456.768693,123621.069104,9.81726529721,10,
10515,459.686856452,44.4723681,384098.18908,13.6253327992,10,
10517,459.718252012,171.093579,1466664.50945,6.23134007748,10,
14685,593.826944784,609.51813,1359301.47128,6.76066510563,1.0,[M+NH4]+
10521,460.074966496,921.95151,378729.664929,5.31151164087,10,
10523,460.158658894,488.868942,38764.0321295,8.23326091899,10,
10525,460.179746868,378.132681,56640.2262543,13.77594893,10,
10529,460.220451324,609.78252,84640.5403153,7.68031707041,10,
10530,460.218751296,479.526114,736903.573738,4.09207110409,10,
10531,460.234674672,527.115843,1502795.85343,6.48005245919,10,
10532,460.229118614,309.810384,28941.9954335,10.3963180626,10,
10534,460.243976135,639.99216,133434.458949,3.81767059311,10,
10535,460.2589176,293.153508,130489.937009,6.64662051741,10,
10536,460.254878976,561.827475,5091602.16478,3.95311883125,10,
10538,460.255068854,875.76582,814856.105087,6.30545742605,10,
13336,547.296787584,463.653399,1647679.6768,3.92277961738,1.0,[M+H]+
10541,460.265021225,889.28478,196578.968083,13.7540322581,10,
10543,460.256025291,636.65919,1417137.36447,5.44634949929,10,
10546,460.275951424,208.646109,1780392.13293,3.64708054677,10,
10548,460.276387018,611.5386,89447.042731,7.36647966973,10,
10549,460.276018292,238.602732,686426.111421,7.14449943782,10,
10550,460.293360507,1198.72197,3552512.92239,4.00137640198,1.0,[M+NH4]+
11059,476.253030897,367.649031,1097750.28907,9.23346385686,2.0,[M+K]+
12575,522.273990417,637.48488,3874303.06179,8.20051245454,2.0,[M+K+HCOOH]+
10555,460.301708865,237.448236,113892.696851,9.20738269752,10,
10556,460.302305828,513.570846,83321.3994553,11.2671137262,10,
10557,460.312349369,470.648466,7175096.56947,5.21147873872,10,
10558,460.324883212,1376.70585,136119.303502,14.9938783572,10,
10560,460.720760804,422.423046,1961822.2826,3.94623773343,10,
10561,460.732430497,449.787186,768755.311364,2.92643416313,10,
10564,460.763107442,462.415755,1014263.10377,6.90711575592,10,
10566,460.763139023,599.257104,224433.248108,7.41254803622,10,
10568,460.845858266,35.3633172,172775.81463,13.7073979759,10,
10571,461.108746199,224.402868,219524.657928,13.4377781969,10,
10572,461.122505403,67.714302,1385708.18401,5.36295821861,10,
10575,461.135108858,398.304372,74781.2083978,12.1704717174,10,
10580,461.202957711,546.293238,131522.94123,1.97267470268,10,
10582,461.199916623,564.746811,133427.046411,6.06899369086,10,
10584,461.211381839,511.420248,537943.956172,4.67626576707,10,
13289,545.340437109,467.251095,1349525.32301,3.11803012048,1.0,[M+H]+
10587,461.221927992,537.882594,15966354.7512,3.52233553993,10,
10589,461.261336015,737.70924,579788.516043,5.203121559,10,
10590,461.258349042,561.801225,1290100.1379,2.10562712056,10,
10591,461.258393462,875.21247,145798.269757,9.13168187704,10,
10592,461.251884516,632.36928,364808.778193,6.66622392276,10,
10593,461.260784493,326.325888,60362.1144373,13.8263342628,10,
10596,461.271214791,526.803279,478619.752168,6.59155446005,10,
10597,461.27038441,690.86946,1316435.56986,1.09968123395,10,
10598,461.262933426,598.097622,65575.2794358,7.23963017305,10,
10599,461.275332387,674.98749,9348079.24471,2.47055152832,10,
10602,461.31116288,1141.59327,60891.0503612,6.57893866631,10,
10603,461.307633538,511.420248,137296.972385,13.3755363998,10,
12497,519.382229555,1424.92773,550006.600404,8.70793208426,1.0,[M+H]+
13527,553.756799613,325.342278,128185.475969,14.1270563367,1.0,[M+H]+
10608,461.715476801,430.321068,212870.070871,3.10317844074,10,
10609,461.739457596,628.21698,736517.480353,4.24386402518,10,
10610,461.766163736,462.198606,127615.494677,10.6039747755,10,
11669,494.259165441,386.128296,109494.350825,14.7951235511,1.0,[M+NH4]+
10614,462.196315515,143.883714,108989.435777,9.19487633883,10,
10616,462.234385079,250.093557,91482.3760352,14.2755760966,10,
10619,462.261158129,1110.88524,1721303.7468,7.79437901159,10,
10621,462.273684495,331.919148,55043.3514202,0.796948699756,10,
10624,462.275194249,526.951035,65016.4024277,10.3922909785,10,
10625,462.291028224,65.56308,498794.658678,12.2639793396,10,
10626,462.325378214,644.05176,57219.1301467,2.82219509997,10,
10628,462.360551347,1477.99434,232308.948494,3.91152038866,10,
10630,462.760652727,562.888002,1905338.49987,4.62563755297,10,
10631,462.788597992,592.228614,329080.823993,2.12716913197,10,
10632,462.803546454,35.6112903,146998.949523,8.77696643455,10,
10633,462.897198396,35.1304974,383705.601009,12.975153717,10,
14178,575.190084012,777.54216,69398.1067513,2.63460803287,1.0,[M+NH4]+
10637,463.107162026,46.227783,183800.797379,10.8892371772,10,
10638,463.179298188,282.842946,48604.9436896,14.4697613992,10,
11147,479.168478997,909.92355,439727.910197,4.48457563156,2.0,[M+K]+
10646,463.21313856,455.797704,141349.957589,2.60216128882,10,
10648,463.235787724,1128.4134,61810.8030894,10.0321865733,10,
10650,463.254635362,718.72356,176694420.94,2.34345242866,1.0,[M+H]+
10651,463.258710508,218.166609,637971.822724,6.13892015351,10,
10652,463.304653531,734.2995,85301.1142022,13.5625508799,10,
10654,463.719593921,329.949792,205480.438904,11.2472221669,10,
10655,463.729242214,334.556772,387805.862585,3.82405877354,10,
10656,463.763522742,563.056503,240283.64201,4.54379167353,10,
10659,464.118493869,39.5810718,748475.964134,5.1529745986,10,
10660,464.169968107,600.07515,147812.640539,13.2027147286,10,
10661,464.176183351,349.94058,79842.9866256,8.04359588576,1.0,[M+H]+
10662,464.177474573,176.475948,33154.9093128,1.8437911267,10,
10664,464.194182732,1044.13533,102390.168235,7.87554977523,10,
10665,464.204021447,849.70806,137532.809003,10.6409516552,10,
10670,464.246532148,658.1484,1257683.26249,8.0040327298,10,
10671,464.260664436,117.399753,89186.2253561,12.0158363589,10,
10674,464.258194426,651.33336,1612452.57465,4.69316985295,10,
10675,464.284120878,261.852831,232869.479806,14.7199132068,1.0,[M+H]+
10676,464.278723716,693.46053,537604.081164,1.64562293443,10,
10677,464.299159378,1097.21256,684844.247813,7.59188742039,10,
10679,464.302135808,1362.14832,322402.79246,14.1695481701,10,
10681,464.711374404,439.675374,1255041.82641,3.21124947153,10,
10682,464.745312733,628.41306,430546.462307,6.45131994236,10,
10683,464.749720757,431.664015,749891.191429,6.43252002145,10,
10685,464.765758274,762.90726,2578404.49229,1.65831740069,10,
10688,464.876233989,31.0862196,64219.3609948,11.3692155064,10,
10689,464.912773276,34.96887,135383.634994,10.58193956,10,
10690,465.002013165,34.0044795,727010.567835,14.1945890813,10,
10691,465.020617506,838.98768,36093.1109545,14.2011438411,10,
10693,465.092855648,990.00645,125418.171078,13.8238118913,10,
10696,465.151380058,401.51955,159712.214537,5.58351310734,10,
10698,465.205144743,452.159505,98001.9083823,8.99746952799,10,
10699,465.218701054,202.522845,931504.239907,7.15114429667,10,
10704,465.243294236,299.757087,214240.291002,3.53365107952,1.0,[M+NH4]+
10706,465.243910659,832.8396,89981.3269371,7.73283289329,10,
10707,465.236905955,525.803586,1380389.17064,12.0930591757,10,
10709,465.251057505,431.664015,196751.575085,7.31947829324,10,
12193,510.287660267,878.51628,12785640.4347,3.52591950661,1.0,[M+NH4]+
10711,465.270389144,655.09869,5292561.51521,7.15089213588,1.0,[M+NH4]+
10713,465.26732165,763.14894,1306073.08773,5.83915651923,10,
10716,465.284852606,877.49358,170163.059518,8.05424385057,10,
10718,465.294954989,645.915,327958.570064,4.71738642021,10,
10719,465.303744297,1070.99094,149476.313969,5.76153625489,10,
10722,465.360967129,1330.77171,136398.295007,11.56061266,10,
10723,465.575866777,377.361156,101175.224639,11.8962019193,10,
10724,465.679057503,580.946364,104722.752352,10.6386174154,10,
10725,465.710068037,728.64306,371357.698776,4.4200503127,10,
10726,465.745021696,299.70801,63987.120768,9.7011442673,10,
10728,465.739157315,525.787653,619126.004079,5.49017881391,10,
10729,465.755576149,680.72172,367360.411043,5.63769107765,10,
10730,465.772360456,802.63731,177782.658615,6.36240449336,10,
10732,465.925403848,31.7845965,567219.268472,8.7346142843,10,
10733,466.109556237,367.649031,171974.431112,13.0091620474,10,
10736,466.182955295,373.3158,171745.993847,9.41392621655,10,
13513,553.279294461,644.58516,1626574.0659,2.74323524721,1.0,[M+NH4]+
10738,466.208643243,103.901466,86770.0028736,11.1425388921,10,
10739,466.211452635,728.63142,160133.061266,14.6260969614,10,
10740,466.205785062,512.992836,188836.69129,9.51705219886,10,
10741,466.204897962,630.5994,323981.168177,9.36727878296,10,
10742,466.229311197,481.419825,20262727.6435,2.71743325217,1.0,[M+H]+
10743,466.2279405,770.72001,311799.920828,4.77582989087,10,
11852,500.270837295,179.187657,76903.0639629,5.94620827964,1.0,[M+NH4]+
10747,466.249484387,468.729339,622608.85171,3.96742936921,10,
10748,466.237416342,381.264048,51242.7695768,9.15220080707,10,
10749,466.288105491,938.6379,127542.931721,10.179815438,10,
14983,606.318588921,1383.57948,626813.486024,6.47296073238,2.0,[M+Na]+
10751,466.589912705,682.45638,200698.205229,9.80831292209,10,
10752,466.698973624,120.063444,675636.606051,7.81281561448,10,
10753,466.710943618,578.324736,562197.788482,6.18954731936,10,
10754,466.750580484,468.863196,174002.165329,2.8858944095,10,
13252,544.76458947,550.74768,533726.226913,6.2196229413,2.0,[M+Na]+
10757,467.02272635,33.3746646,848634.205169,14.1833860295,10,
14204,576.119996234,903.33498,280745.863747,12.2396012894,1.0,[M+NH4]+
10759,467.073618745,1072.3002,146986.48712,11.2648831224,10,
10761,467.142181266,180.050226,90164.3443055,11.0769152656,10,
10763,467.171194829,39.5178519,3799103.02306,6.15464871611,10,
10764,467.172885269,67.795038,231365.50693,14.1628291993,10,
10765,467.161780792,562.829592,149736.527385,3.5848861428,10,
10767,467.198742738,304.745394,1187256.02218,6.12023657791,10,
10768,467.188820346,478.614087,516697.654385,4.16529746602,10,
10769,467.189713181,554.265714,455972.725772,3.11782076467,10,
10772,467.228178398,858.71679,1298055.86163,6.08663056744,10,
10774,467.241578117,70.599552,497124.268917,10.9118958388,10,
10776,467.260800375,284.301495,5404299.46574,2.43080548482,1.0,[M+NH4]+
10777,467.283879678,625.49115,186750.311874,6.77905290516,10,
10778,467.283396779,708.65964,109004.660346,7.42304528145,10,
10779,467.276410159,655.21512,192363.227891,10.4386834437,10,
10780,467.30081603,955.48536,2874029.7865,5.43116178039,1.0,[M+NH4]+
10781,467.305222639,778.584,66100.3930786,9.79195223906,10,
10783,467.745203925,504.568839,50183.1350274,5.6586111145,10,
10784,467.74531532,353.911335,696820.02654,8.47863301665,10,
10785,467.802544062,955.42551,1304047.811,6.22116572807,10,
10786,467.92185132,31.8534114,177638.528186,13.8879904111,10,
10787,468.024129325,33.3746646,491230.291739,11.1886643141,10,
12834,531.233415702,119.407389,430574.72263,6.91717348539,1.0,[M+NH4]+
14843,600.265973775,479.172159,6889518.55891,4.0593294315,2.0,[M+Na]+
10791,468.205831643,64.30794,649788.344818,3.90056406801,10,
10792,468.198820603,655.7904,100930.92008,12.0053004058,10,
10795,468.232497247,310.650174,63771.124471,14.041051763,10,
10799,468.253094169,547.397472,42615.42851,13.95352259,10,
10800,468.261663319,745.08774,269941.143336,3.47331824124,10,
10802,468.303903925,955.42551,384315.861939,7.55134512147,10,
10806,468.742453332,592.244193,890269.008368,5.80029219759,10,
10808,468.877405971,35.4553047,346731.471012,7.74402329489,10,
10809,468.968972698,35.0493054,397260.63349,14.367851679,10,
10811,469.046989046,33.4419945,583341.83316,4.72098189643,10,
10814,469.112606549,145.06989,390379.469639,13.9784501027,10,
10817,469.153537845,63.6768,113013.13459,8.78355025698,10,
10818,469.202202992,589.589652,208479.651752,5.93255167785,10,
10819,469.220491614,574.628394,108217.482183,11.5403733067,10,
10820,469.228968207,293.670003,1899896.86545,8.67157584531,10,
10821,469.229165534,342.507543,128224.305198,13.3145400687,10,
10826,469.24582421,320.895642,58154.0341082,11.1282851727,10,
10827,469.259208,474.982314,264152.629758,8.59619410624,10,
10830,469.262599585,851.4582,106912.580705,11.4371307689,10,
10831,469.302012569,683.88765,484188.454812,2.2686911595,10,
10832,469.305895414,1264.5909,610867.337905,2.3719389873,10,
10834,469.745272948,592.058742,90318.9456707,7.77586546105,10,
10835,469.737098541,557.017716,71820.8954937,5.42207565069,10,
10836,469.778579102,955.48536,327692.312245,5.55268420561,10,
10844,470.201798692,1071.33618,719639.87533,2.88713255786,1.0,[M+NH4]+
10846,470.204895514,664.4904,63437.3441104,7.76389155441,10,
10847,470.221390338,881.64567,3776109.74533,3.85757834269,1.0,[M+H]+
10849,470.211250014,504.444582,36577.4368598,7.33948919636,10,
10850,470.235157196,740.62704,78650.8286726,7.70704718046,10,
10851,470.229712949,316.18764,683573.366213,3.54050820386,10,
10853,470.258399665,64.325604,597551.366421,5.98514182903,10,
10856,470.296759334,894.89292,831615.877549,5.25925148123,10,
14944,604.353245829,760.84947,3926695.86528,1.85834924021,1.0,[M+NH4]+
10859,470.295920337,561.366003,3669192.23172,1.93366449164,10,
10860,470.295468294,817.94658,491363.133172,6.5058030052,10,
10861,470.305416948,683.7048,93401.5545473,11.7708258582,10,
10862,470.326421109,1269.15936,170964.628513,7.90976811191,10,
10865,470.383582297,922.58763,163990.26559,12.2080722131,10,
10866,470.383787772,1424.98884,77450.138449,9.00801732646,10,
10867,470.731455916,316.317513,275075.010454,8.8677473692,10,
10869,470.747587489,756.85218,282512.063423,12.0107991442,10,
10870,470.79429355,852.14934,60690.8411839,9.8923875696,10,
10871,470.835368392,35.6989908,189353.897307,5.94679344121,10,
10872,470.881015631,31.4398557,186790.520085,5.09438741034,10,
10873,470.987877579,32.747418,613626.436292,13.8002279,10,
10874,471.027045245,476.488866,34001.6594971,7.20420677028,10,
10875,471.03343918,1019.5434,45803.0164733,3.49833781487,10,
10884,471.204987427,1071.30792,132745.067823,14.5443875838,10,
10885,471.219648574,974.2416,1725841.47241,6.34607262292,10,
10886,471.244098001,66.540666,549029.604311,7.31441229157,10,
10887,471.255612541,99.608271,1500637.24427,3.60109026837,10,
10888,471.273986707,743.8683,377269.833046,6.25135492972,10,
10889,471.286361247,609.17838,124675.255812,11.2852938426,10,
10890,471.286280974,526.788411,168574.875127,12.9809503907,10,
10892,471.300327833,761.16939,58818.5221145,10.5799623515,10,
10895,471.3286613,434.222682,88795.6337911,7.69916652506,10,
10896,471.327453617,499.388196,478466.755263,2.41332152778,10,
10897,471.357826434,1385.29476,67841.3188291,13.835393404,10,
10898,471.35062669,1262.59764,135671.962318,3.72040607671,10,
10899,471.353986307,1023.23292,454419.86261,1.44106957363,10,
10900,471.371710404,1226.61915,177324.572391,7.32986655698,10,
10901,471.734761072,627.906,112709.372745,9.8012205656,10,
10902,471.753641228,401.797926,109919.137021,9.11874619477,10,
10903,471.757043458,535.481472,57693.0371175,10.3330093246,10,
10904,471.764711286,505.755459,225160.705679,11.0357914854,10,
12828,531.171216851,740.73156,269531.001783,3.81453332976,1.0,[M+NH4]+
10907,472.146798009,1210.3161,97477.8326014,8.2416925662,10,
10908,472.158313391,71.345421,693040.899199,7.87179183683,10,
10911,472.181486808,46.192704,861084.957664,2.56226793964,10,
10912,472.202270217,1091.98932,48422.8473823,9.123275637,10,
12743,528.242803826,450.696564,1092626.62441,7.71938679753,1.0,[M+H]+
10915,472.214678765,100.509132,766167.225618,3.59375567412,10,
10916,472.218571665,553.045644,293542.044302,8.51353352155,10,
10917,472.216311911,368.221038,123407.927533,12.751507678,10,
10918,472.234082483,570.548361,904449.315771,2.04631074885,10,
10919,472.245278982,321.486108,1183349.98797,3.87690389481,10,
10920,472.24580235,424.895556,164989.755095,9.02942152198,10,
15793,640.292828542,355.91904,112635.209006,10.1400123588,2.0,[M+Na]+
10923,472.254833578,668.10237,3518099.06897,2.58357065742,2.0,[M+K]+
10925,472.27146766,842.61402,3766746.03938,4.94051621035,10,
17433,768.28008338,256.351116,402783.252635,13.5078749546,2.0,[M+K]+
10929,472.288770649,508.052298,106774.403396,13.2638965049,10,
10932,472.337906445,542.655846,188280.838262,7.74784672985,10,
5030,325.192756038,283.600866,106033.8367,4.47877417899,1.0,[M+NH4]+
10934,472.732455973,507.522141,376636.052224,6.96807326293,10,
10935,472.732539048,680.88153,603134.081143,9.36261696809,10,
10937,472.7249188,354.301032,122647.979592,8.6943478676,10,
10938,472.74697445,444.868956,977570.580718,11.2673945694,10,
14760,596.846792966,581.404164,635721.395547,4.13037338217,1.0,[M+H]+
10944,472.925589179,35.2857924,272970.187907,10.452786103,10,
10946,472.980655124,34.9629147,412152.054516,10.5064217203,10,
10948,473.028844345,925.13619,390331.994784,9.65625089933,10,
10949,473.058959764,1024.50342,107109.744262,9.69134138322,10,
10950,473.106277091,646.85607,112754.760198,5.77664357334,10,
10954,473.179334106,386.990778,100777.327145,4.89187784936,10,
10955,473.177879219,541.638102,29905.6624375,6.12096471976,10,
10957,473.196387255,552.449436,135956.795219,8.04559975912,10,
10959,473.22190506,552.900975,43944.1830366,12.0079225856,10,
10961,473.236402535,785.43804,104332.037653,14.8443460098,10,
10963,473.25332809,376.286976,236902.265841,7.02938189882,10,
10964,473.257339273,667.97829,467241.223584,1.9603995764,10,
10965,473.255337456,827.60202,330065.5744,8.22067701367,10,
10966,473.271386916,60.162366,5518040.38769,4.57982979485,1.0,[M+H]+
10967,473.26406741,1142.10402,2939384.37867,4.34835603334,10,
14528,588.27720738,557.698293,9788085.12946,3.68687408201,1.0,[M+NH4]+
10970,473.281394804,1268.54022,188124.734852,9.00544722171,10,
10972,473.306677025,638.30163,523948.828094,14.4053816008,10,
13713,559.308186449,286.214679,5087727.73973,6.12503180035,1.0,[M+H]+
10975,473.294425841,852.12396,128275.40742,7.33365674193,10,
10976,473.317882582,1406.43276,141714.314051,3.90612305457,10,
10977,473.344045448,867.9945,99836.1613987,6.00926381618,10,
10978,473.344270597,904.18563,176419.665529,6.95263671745,10,
10979,473.344045516,533.546985,78651.6614625,12.8330686175,10,
10980,473.343951105,831.79806,43981.2554651,4.92050725243,10,
10981,473.394535448,1377.82752,78087.0959585,14.3454583551,10,
10982,473.734689806,600.41259,2239492.40885,6.58063490464,10,
10983,473.754700565,376.217973,88570.9870046,6.67396872759,10,
10984,473.752612322,577.856112,51005.0868146,8.23891619718,10,
16825,710.47385441,30.9154245,48246.6958636,8.80666994676,1.0,[M+H]+
10986,474.17231694,767.52768,369232.646916,5.25983235927,10,
10987,474.175798189,357.689619,406006.547505,8.08799224324,10,
10988,474.195603314,323.695599,165567.584185,1.41943537048,10,
10989,474.20231381,732.57819,68864.9690669,14.4154709556,10,
13569,555.262976647,45.8132925,711253.223243,6.00385998197,1.0,[M+NH4]+
10991,474.230647048,135.342072,48590.6121932,10.6086262194,10,
10993,474.241609037,644.11392,55779.2106462,14.3767668501,10,
10994,474.255475493,462.875232,69866.9456956,14.9582381316,10,
12882,532.32375195,740.73156,9370768.37627,1.94823829459,1.0,[M+H]+
10998,474.267761019,1414.43928,386287.137983,5.8232913767,10,
10999,474.281239951,254.604927,96434.7211986,12.0462121077,10,
11001,474.275004383,359.039367,4099575.36391,9.61430867896,10,
11002,474.281832744,108.247632,124639.646716,11.962115856,10,
11003,474.281927118,572.657943,534293.118944,3.26787838566,10,
11005,474.304538098,234.761178,115296.616494,10.6744130643,10,
16246,668.323406957,61.966176,208300.934579,4.10534357722,1.0,[M+H]+
11007,474.303181156,355.325778,49625.1298288,9.70961932113,10,
11008,474.318102885,666.93828,28885.1876563,7.50465983815,10,
11009,474.328221402,347.750022,109247.903207,1.50820745226,10,
11011,474.742648672,407.518788,38668.4166831,14.6091817325,10,
11013,475.113388711,636.08058,404566.115044,5.76842208128,10,
11014,475.131200164,228.694392,60250.4775175,11.3791167073,10,
11017,475.185219621,656.79789,298070.55619,5.44091539711,10,
11018,475.188298837,254.866509,74861.1758718,5.30611369626,10,
11019,475.202294148,40.2021849,10789801.9249,8.15185356501,10,
11020,475.21631625,445.613598,166491.944014,10.8067324372,10,
11021,475.216433035,403.16604,92438.3261427,4.26187620175,10,
11023,475.229596472,354.983673,468882.843404,4.54427006718,10,
11025,475.228873196,408.736674,194212.322728,10.1596162697,10,
11027,475.241188866,542.15514,1026805.02675,6.42328337358,10,
11030,475.250871513,817.98423,188124.381455,13.5768485586,10,
11031,475.250244648,295.203036,126288.550181,1.08707686385,10,
11032,475.277203836,359.16366,622671.459246,5.44947112562,10,
11033,475.276706474,309.55152,122125.555901,3.84873550783,10,
11034,475.291044937,739.72938,27817333.33,7.86657604691,10,
11036,475.291124278,773.45817,8739762.96197,1.1408728034,10,
11037,475.294870311,61.873107,141582.517599,5.41999400368,10,
11039,475.30017624,1394.82303,12327910.4498,6.60928989209,10,
16322,673.329787237,466.839753,794426.947166,2.94639380019,2.0,[M+Na]+
11044,475.363727536,1030.65414,243850.722109,7.6607241175,10,
11046,475.74024477,431.494308,58824.6545605,4.99342377503,10,
14259,577.779094959,545.025846,705236.448605,4.76203408749,2.0,[M+Na]+
11052,476.205451039,40.243782,2262412.43692,8.70713395547,10,
11053,476.216880263,295.793136,1481996.21143,10.7026222354,10,
11054,476.234654231,98.80776,5885444.8783,2.82849499012,10,
11055,476.228556108,525.787653,132439.52362,11.1882290931,10,
11056,476.234772704,328.284276,1372818.50275,9.01142119743,10,
11057,476.23485153,285.33075,175165.248764,1.13397073654,10,
15140,611.314498361,148.901082,7440580.80501,3.80397918025,1.0,[M+NH4]+
11062,476.270997499,529.749159,3617126.68414,2.37019044751,1.0,[M+H]+
11063,476.277027925,1250.80989,4534492.04631,11.9001557802,1.0,[M+H]+
11065,476.271911814,143.545332,170130.934452,4.70762200767,10,
11067,476.29046717,139.07733,565382.471726,2.66506804234,10,
11073,476.696477575,369.399798,75876.7749462,13.7036158479,10,
11074,476.738847234,468.57345,102245.765407,12.0915151258,10,
11075,476.767210018,667.60278,204271.222731,8.75617586407,10,
11076,476.948250234,35.2857924,368075.641155,9.60304912421,10,
11080,477.110975044,1033.3434,476753.859468,11.5569618645,10,
12151,509.240021118,564.167661,497632.268753,5.22392812289,1.0,[M+NH4]+
11087,477.216620352,1316.454,364731.568538,6.41801466045,10,
11088,477.230319309,639.22272,861510.483135,8.07521411706,10,
11089,477.226813073,842.61402,1950200.21374,5.13720786523,10,
11090,477.229309729,431.629716,86928.0845057,2.76235243658,10,
11091,477.238411002,98.80776,1138061.11283,4.39257120142,10,
11092,477.239608292,867.31191,279564.116471,5.04253428122,10,
11093,477.23716229,598.319526,114464.182659,3.25007065914,10,
11094,477.256780658,557.360586,350362.084437,3.70176522161,10,
11096,477.256280558,367.753524,219124.903909,8.24346301586,10,
11097,477.270208745,941.99112,746879.515966,5.2151140949,10,
11099,477.286448789,789.33456,2898760.48055,5.56693920209,1.0,[M+H]+
11102,477.280483363,875.90856,159654.714595,11.5176762153,10,
11103,477.29078965,660.53076,109895.766931,9.86714407826,10,
11104,477.304252812,970.6062,1006020.77545,1.96512019057,2.0,[M+Na]+
11108,477.765556438,955.6854,377886.858364,8.52172321006,10,
11577,491.799591834,788.29758,192634.927778,5.45896773733,1.0,[M+H]+
11110,478.009269443,31.1777319,515141.585028,10.0700481135,10,
11111,478.113009203,258.025368,114047.217133,13.0310283721,10,
11112,478.133860724,47.7059862,2261640.87402,6.60043736623,10,
11114,478.185483244,570.872355,155863.546503,4.5480987385,10,
11118,478.219681681,1414.2267,387528.35591,11.4455085997,10,
11120,478.229248301,329.60604,12844698.9111,5.8384587646,1.0,[M+H]+
11122,478.227397014,257.643528,328280.96789,5.45741306432,10,
11123,478.224147158,45.757419,163477.38905,10.1505989694,10,
15526,629.288472454,237.853422,2679417.09046,8.0056313426,2.0,[M+Na]+
11127,478.279787379,1389.04017,133069.40228,8.85657827425,10,
14635,592.271219649,724.03893,377634.616906,8.13441681399,2.0,[M+Na]+
11130,478.281683157,805.34613,967977.177724,7.57618486617,10,
11131,478.281916226,680.03931,1453434.64812,8.41804958071,10,
11132,478.275674746,591.593274,2386669.39414,3.19531114551,10,
11133,478.292470465,1276.536,1083050.51656,12.3479619519,10,
14965,605.389321102,789.4773,135999.241713,1.22975026024,1.0,[M+NH4]+
11136,478.763016639,782.79762,1723246.94225,6.36741793225,10,
11139,478.872152793,35.2857924,205842.851365,13.6087599679,10,
11140,478.906039269,35.6112903,413247.09695,5.75079427487,10,
11141,478.974634674,1108.09176,876873.794618,6.4913607676,10,
15222,615.150717632,925.19415,127429.276293,11.7060344654,1.0,[M+NH4]+
11144,479.135694634,664.70598,2765327.45235,9.46171525246,10,
11145,479.136877466,47.6504292,681928.446852,8.74396914391,10,
11149,479.163343976,140.478327,91628.6053124,7.58335394374,10,
11150,479.195040542,286.373112,22664.1445181,10.5784784439,10,
11151,479.222131321,148.744332,4402801.77928,4.16493680929,10,
11152,479.224222833,325.73706,2595138.7245,4.48168218536,10,
11153,479.22889014,873.7071,46693.1394589,12.5343557876,10,
11155,479.2428115,518.873022,216664.528326,8.75124212105,10,
11157,479.249620183,701.48118,33147.8691204,11.765975445,10,
14190,575.31877738,447.856932,812946.311676,5.76433610281,1.0,[M+H]+
11162,479.28550335,606.44595,62987.805553,14.8297450326,10,
11166,479.728838439,472.492338,412793.307214,8.90171682482,10,
11167,479.736560044,494.707323,105320.292264,5.34879387905,10,
11168,479.781800282,614.79495,350968.001846,4.78584840414,10,
11171,480.147326839,64.431924,1493145.32314,6.27027439986,10,
11173,480.172051431,909.83376,62981.8623287,4.40192693418,10,
11175,480.182629119,357.678444,96794.7591178,5.13981685682,10,
11176,480.188896896,912.40908,102100.878954,9.44157880551,10,
14056,571.283458667,298.850883,566562.520493,3.66549674868,1.0,[M+NH4]+
13575,555.288631079,198.544731,2960694.34771,3.78059071267,1.0,[M+NH4]+
11180,480.223798991,718.37034,180228.18076,8.2426291153,10,
15528,629.307092284,473.316384,199371.051779,14.0443357376,1.0,[M+NH4]+
11182,480.227912063,325.73706,600330.908368,5.24512901949,10,
11187,480.262868019,708.83241,453912.481156,1.55615725828,10,
11188,480.271758511,981.6504,51388.1049149,14.3338280117,10,
11191,480.27866251,767.39574,62935.5491976,8.51776626029,10,
11192,480.279373068,640.56357,30150.2282955,11.2887315056,10,
11193,480.282907711,614.65848,162248.061378,5.45496390174,10,
11197,480.398351442,1116.3954,46932.8245684,14.1061403646,10,
11198,480.626455843,1107.86028,75222.586195,14.239370412,10,
11200,480.760857977,594.968208,529855.519128,4.01215072742,10,
11203,481.057565047,1024.15188,196536.097549,3.38714889547,10,
11204,481.061772413,977.84466,350531.99568,8.49791720002,10,
11205,481.07841677,839.62644,87082.7314532,14.0107880434,10,
11207,481.130873771,842.61402,597194.920819,3.17122390899,10,
11210,481.191530491,363.464406,43550.5343395,6.06145398746,10,
11211,481.20375012,289.864686,571019.245107,5.3173714901,1.0,[M+NH4]+
11213,481.205789178,501.940218,94800.4853914,8.48969539243,10,
11216,481.22241115,515.057214,59585.6802553,10.2036449048,10,
11217,481.211693713,1267.50438,218381.809096,2.9120439876,10,
15265,616.329726822,507.8124,857665.372308,2.26475047412,1.0,[M+H]+
11221,481.250647307,562.578063,1988406.3822,1.8645934066,10,
14671,593.32526879,609.51813,3566229.77267,7.021948248,2.0,[M+K]+
11224,481.298653121,899.27856,75063.158941,14.8894253034,10,
11229,481.388033433,1446.1854,1330253.49445,5.62243110685,10,
11230,481.411028941,1244.54448,161040.010015,7.71524603631,10,
11231,481.747142792,506.775519,546275.862714,3.57887597639,10,
11232,481.903005379,31.1684241,849017.925944,5.76889248536,10,
11234,482.132170878,730.09833,3174928.55184,4.89006805154,1.0,[M+NH4]+
11235,482.162835722,229.586559,108892.348952,6.33307315619,10,
11238,482.200874511,265.457436,5700128.87131,2.17900257057,10,
11241,482.22130051,265.342431,1117640.95457,9.81599046237,10,
11242,482.230178238,387.336288,78516.494693,11.0761868925,10,
11244,482.236915848,874.68531,1075262.46423,6.51259306391,2.0,[M+Na]+
11245,482.247722704,506.623713,166420.41305,8.7995888387,10,
11246,482.253938385,562.151478,450676.16209,11.5493891146,10,
11249,482.283806904,1463.19678,674984.558879,6.73135312875,1.0,[M+NH4]+
16830,711.355089974,881.78892,1365336.8125,6.24010060436,1.0,[M+NH4]+
11251,482.297358351,1264.52538,87117.5754857,3.8924093156,10,
11256,482.325918968,1480.73112,268897.622088,9.52996075532,10,
11258,482.706370095,445.972452,88864.1519793,8.60684973134,10,
11259,482.71944422,271.84095,109166.336049,11.4292517826,10,
11260,482.721886558,458.424444,269248.683484,7.63463136117,10,
11261,482.714494173,501.73557,99902.9419805,13.1112633539,10,
11262,482.749478257,610.9635,2342208.97431,6.44915869492,10,
11264,482.964641854,30.9154245,378656.74924,6.48414657068,10,
11265,483.00021179,33.4419945,2047959.9278,3.82022628415,10,
11266,483.019896287,903.71793,249614.872845,8.38460411155,10,
11267,483.080067881,684.71715,142423.740024,6.48444332047,10,
11268,483.095968416,50.830296,99781.6290743,11.5020200182,10,
11273,483.172547288,765.09744,84153.8054397,8.10372312356,10,
11275,483.184567652,505.914354,100172.51817,9.48727435849,10,
11278,483.232210557,779.58135,185266.671325,6.66166946547,10,
11279,483.231569428,130.920234,560045.975277,13.0720427488,10,
14269,578.281659998,603.07851,1798228.58586,2.39494303267,1.0,[M+H]+
11282,483.250770465,610.85466,653982.41136,8.76619249101,10,
11283,483.256372895,369.551442,118777.489959,9.87463253687,10,
11286,483.338357696,1266.687,91839.1983933,5.10481153069,10,
11287,483.365556933,1405.18125,251934.632393,13.2042785711,10,
11288,483.462614589,1377.61026,84164.4874214,10.7767824003,10,
11289,483.733869934,779.58882,66641.9532814,10.279721276,10,
11290,483.771527886,758.51034,1672733.0697,7.15017649785,10,
11291,483.784351241,605.06274,128409.562802,5.60084763762,10,
11293,484.001509258,33.4419945,949223.854217,9.03633236214,10,
11294,484.054116798,38.8928514,556581.735891,5.2614900805,10,
11296,484.180021255,387.04074,144638.571163,9.77434087138,10,
11297,484.176583913,842.6592,181398.927461,3.9370689571,10,
11301,484.214670219,62.343174,166326.310561,7.65232507128,10,
11302,484.220509702,796.02135,395989.540882,7.60221563929,10,
11303,484.216433646,40.2021849,3559647.39956,9.09816687148,10,
11304,484.21097524,305.640966,1175590.84725,6.37954748261,10,
11306,484.236908963,117.540261,171289.838339,8.71563198666,10,
14302,579.298114577,269.447127,361296.506614,7.95580188088,1.0,[M+H]+
11309,484.243262673,1110.56304,181966.978161,10.1659079585,10,
11311,484.260878526,674.99028,286674.706529,4.45529841652,10,
15054,608.3656809,759.17046,146072.448481,10.6059145762,1.0,[M+H]+
13281,545.311075839,494.516109,2034866.26858,6.10825118536,1.0,[M+NH4]+
15048,608.310506561,799.1982,8460978.58282,3.77230205997,2.0,[M+K]+
11317,484.341637672,1393.24461,6975120.69932,4.41596957999,10,
11318,484.347393003,1027.71069,130026.58128,4.14107341737,10,
13292,545.779592031,600.31098,139441.949249,10.4119783454,1.0,[M+NH4]+
11320,484.774653277,758.51034,197976.663069,6.57126608887,10,
11321,484.779460541,647.41026,133422.067842,5.29631092975,10,
11322,484.850715719,35.4553047,214024.941888,12.8781122492,10,
11323,484.945289779,35.0493054,556109.637539,12.1848435629,10,
11326,485.024831833,33.4458258,316512.725681,3.89339886513,10,
11329,485.039208667,35.7067878,129219.42088,14.1663544473,10,
11330,485.100580532,740.74518,213339.032844,10.4249313204,10,
11331,485.169500749,801.19593,3401080.39517,5.82152138092,10,
11332,485.185517417,80.832075,334742.024913,14.1506577109,10,
11336,485.230200297,550.406181,359927.541754,9.149617041,10,
11337,485.236532225,760.4817,3418280.42309,3.77882066633,1.0,[M+NH4]+
11338,485.235021168,180.36477,1460646.08583,8.05389972048,10,
11339,485.234866292,241.475136,1096409.79891,9.38788532996,10,
11340,485.236436331,851.44416,198548.13229,9.23163106452,10,
11341,485.235130241,1015.41792,126504.853014,8.73026757147,10,
11342,485.242472605,712.68051,841658.057528,4.85404142621,10,
11344,485.271546136,506.38659,69354.5179286,2.66901501007,10,
12410,517.238964107,252.351675,2897625.223,6.77982515823,1.0,[M+H]+
11346,485.27684724,607.68852,345901.434309,6.67002791527,10,
11349,485.344119737,849.01656,538657.325483,3.69871718159,10,
11350,485.355755462,1371.22464,117896.767809,4.36186680093,10,
11351,485.357833096,798.81618,1571632.35643,2.93018807099,10,
11352,485.373301028,1356.8469,678226.167752,7.60455891057,10,
11353,485.407464733,1429.56744,129114.394587,8.24674631975,10,
11354,485.701634102,481.142202,1530681.86521,4.45644917111,10,
11357,485.778392575,607.50018,141471.882182,4.05419698717,10,
11362,486.151941546,600.01506,83166.1109452,6.72575530233,10,
11365,486.203329124,481.085889,655925.321421,6.51733180843,10,
11370,486.281096177,807.57822,81663.6588061,13.2799188309,10,
11372,486.30300221,343.475394,3381677.55387,14.7813661243,10,
11373,486.311259121,283.269132,105847.47107,12.7048436006,10,
11374,486.318910124,494.050458,19919.1105103,3.03995744648,10,
11375,486.328169104,792.83244,130272.906905,10.1761565619,10,
11377,486.376661568,1356.96162,199538.857782,4.56099469613,10,
11378,486.702684483,481.184718,247567.174952,9.21868494252,10,
11381,486.857877149,30.9154245,391856.497996,5.28629763891,10,
11383,486.975901321,35.4553047,320834.380035,13.6126960742,10,
11384,486.996013648,34.7116839,681152.82598,14.3186550908,10,
11385,487.013531982,892.64148,164275.142804,2.83316019761,10,
11390,487.095398912,1024.50342,413047.636579,2.45083279023,10,
11392,487.160535092,35.4553047,655476.589963,11.2170939834,10,
11395,487.19366107,973.4775,1138695.88538,5.75117930901,10,
11397,487.214058953,979.45728,65148.556324,12.0076504905,10,
11399,487.245384042,1254.77709,82657.0632364,12.4753815477,10,
16290,671.286393548,304.988628,240341.127195,7.74923334355,2.0,[M+K]+
11405,487.287073494,389.582733,6482782.32399,6.09721732429,10,
11406,487.298386185,957.70224,691732.505377,8.70257169963,10,
11407,487.323478689,1222.04127,103039.676284,11.2378893984,10,
11408,487.316671644,1084.70052,164139.536244,9.91307477881,10,
11409,487.755737959,654.74628,142744.395129,11.9272515896,10,
11410,487.762331508,586.994949,172517.086337,5.41829728172,10,
11413,488.021504799,613.61025,497807.57174,7.68102471746,10,
11414,488.021352826,597.420381,362690.765434,5.85610982692,10,
11415,488.021669796,722.07318,196475.449994,11.3404384645,10,
11420,488.153876988,31.865943,92244.5224197,14.2234226585,10,
13859,564.3025482,811.22913,1005048.81079,1.24436520586,1.0,[M+NH4]+
11426,488.208600968,310.915512,638828.864949,4.8564848955,10,
11427,488.20855747,231.371994,390460.59132,4.10426099839,10,
11428,488.212267265,772.09218,414167.296131,3.08272053318,1.0,[M+NH4]+
11431,488.212016709,839.92284,303795.563747,5.57851642369,10,
13978,568.295875896,460.979586,154966.880473,13.651304378,1.0,[M+NH4]+
13371,548.307511887,724.28112,18332756.7484,3.50267211747,1.0,[M+H]+
11437,488.277184352,789.31347,463671.301311,3.04538502478,10,
11438,488.28188635,921.89337,1410211.47746,2.59284068131,1.0,[M+NH4]+
11439,488.28635192,810.46641,1175653.39769,2.55530201078,10,
11441,488.290506725,389.54106,1448106.19728,5.33062778224,10,
11442,488.295972615,589.720992,221473.289922,0.350005429043,10,
11445,488.301195179,957.501,78904.7979705,8.49476239589,10,
11446,488.324835182,1257.66357,964151.624026,5.55962645722,10,
11447,488.327407778,903.10962,118391.233794,11.9063058491,10,
11448,488.72430354,477.746319,196945.324555,9.88432694245,10,
11449,488.760291262,400.703232,110419.530703,11.8923201786,10,
11450,488.745366806,482.060076,218214.087864,4.64002112479,10,
11451,488.76892028,430.810182,59900.925242,13.3158038464,10,
11452,488.934767828,35.6989908,248008.41288,11.3361022336,10,
11453,488.956278008,34.7165778,276426.092464,9.41784382864,10,
11454,488.976703144,1019.81064,58738.3628329,14.6935172505,10,
11455,488.97809749,1077.58464,332969.726927,10.5799410777,10,
11456,489.017181015,613.575,221387.908892,11.2923643356,10,
11457,489.028508317,593.696256,1009995.8662,5.97788996242,10,
11461,489.168343724,233.170662,83610.8304827,14.9523391039,10,
11462,489.172330394,852.84156,53583.7228232,13.3687753992,10,
11466,489.196551758,801.19593,245275.070031,8.6476479724,10,
11467,489.187112284,517.694091,115630.33311,5.11859877786,10,
11469,489.210751294,56.3294568,163190.330389,12.2697146297,10,
11471,489.208692178,731.5629,48140.4167243,6.43289494639,1.0,[M+H]+
11472,489.215369022,772.24497,68989.4896753,14.7507222182,10,
11473,489.212068787,130.8432,887609.002081,13.7354455864,10,
11476,489.23462343,928.56852,80070.6520798,6.49003075907,1.0,[M+NH4]+
11479,489.245037504,452.385897,161415.577023,9.20204386546,10,
11480,489.257748604,791.52201,338876.181343,10.3398836129,10,
11481,489.273967259,661.8372,11503264.3619,2.1874783326,10,
11482,489.2689284,431.698314,114391.264471,7.84543440334,10,
11483,489.266581648,531.781464,144462.791566,6.46861088125,10,
11484,489.277560283,749.4459,140303.61446,7.01186471105,10,
11486,489.292879605,389.582733,210687.864161,8.48040127703,10,
11488,489.309793173,733.0953,152920.922769,4.96289487187,10,
11490,489.306827777,1040.70903,51860.1871251,13.5383043434,10,
16730,703.284081008,842.61402,157383.961969,9.59122476164,2.0,[M+K]+
11492,489.310938959,629.78754,151048.018588,5.74413541603,10,
11493,489.31403638,973.23744,2559738.89883,3.98323710735,1.0,[M+NH4]+
14910,603.35459724,516.815925,86254.716115,9.21211447474,2.0,[M+Na]+
14676,593.364876664,654.87492,992588.256019,3.08560536501,2.0,[M+Na]+
11496,489.338970518,766.00428,82180.6692024,9.61525908444,10,
11497,489.339098979,420.835812,36418.2687868,7.42786744571,10,
11499,489.713035196,428.789046,33233.9379247,13.5802907539,10,
11500,489.727514107,313.116444,253160.644294,7.58635953756,10,
11501,489.737254629,705.40929,149914.974487,8.90863421662,10,
11502,489.759609989,791.55732,173773.049709,2.49445060122,10,
11503,489.775448095,661.8372,5996481.36245,1.8013975288,10,
11504,489.779093405,749.49966,44458.5665231,12.2612270388,10,
11505,489.815624513,973.23744,1150371.09955,3.56856029708,10,
11507,490.12224764,593.70762,111718.660204,4.81447612546,10,
11510,490.170333327,1146.52257,397032.384092,9.71223287433,10,
11512,490.194640925,61.120668,6815990.67189,4.18952407589,1.0,[M+H]+
11513,490.191496239,228.589494,4592745.34978,8.32184706532,2.0,[M+Na]+
11514,490.211408911,677.21625,8409857.70082,3.2134562188,1.0,[M+H]+
11516,490.218102,1101.28101,292323.08744,1.51534718818,10,
11517,490.218097912,811.76058,121637.782185,14.5976446756,10,
11518,490.224411261,473.90409,72071.3623025,7.58463702103,10,
11520,490.243411174,233.941437,183867.886497,14.0933312527,10,
11521,490.2588478,449.685027,318263.096888,9.28742404792,10,
12748,528.302385383,429.187386,631789.701674,2.6368983629,2.0,[M+Na]+
11523,490.265576038,706.73061,23392700.5861,2.20919079227,10,
15725,636.353672213,553.741977,461778.20377,7.95585976355,2.0,[M+Na]+
11525,490.27695318,661.72116,1755649.3249,4.47686645824,10,
14801,598.292299804,540.625101,889495.984342,9.86125082584,2.0,[M+K]+
11527,490.292347578,1174.91592,2793982.1412,5.83961845071,10,
11528,490.292453906,1193.33592,5022765.16593,11.858865769,1.0,[M+NH4]+
14570,589.370467167,715.10211,14618951.115,3.27694273499,1.0,[M+H]+
11531,490.301931677,591.325011,16329662.697,0.81392855426,10,
11532,490.317156454,973.36554,375991.665883,4.15121893947,10,
11533,490.321663678,775.11459,130070.666636,14.5486522601,1.0,[M+H]+
11534,490.703610706,272.211252,119001.199237,4.35379320215,10,
11535,490.743291215,443.457312,824252.20268,4.0210994645,10,
14835,599.824272321,564.184092,170609.55887,2.51576713846,1.0,[M+NH4]+
11538,490.89372491,36.551235,99479.6920392,8.89142349409,10,
11540,491.057717801,35.7067878,96060.2241252,13.0471809201,10,
11543,491.173976648,857.76429,1284784.71428,7.77302795078,10,
11544,491.176883794,265.937112,488458.324042,5.79008227412,10,
11545,491.188393492,541.642917,851205.718538,7.79276915918,10,
11547,491.218986441,876.85047,199463.858932,4.28305218268,10,
11549,491.218625972,496.956453,347828.971726,10.6329911364,10,
11550,491.220654424,80.461182,286032.954589,7.21763138759,10,
11552,491.25958257,992.34903,661659.51518,4.16423320665,10,
11555,491.274058489,1394.70972,1160863.74834,9.15945730495,10,
11557,491.285973019,888.82512,980158.060111,7.1214142275,10,
11558,491.281918063,65.518488,915529.107692,8.84219754056,10,
11559,491.297507566,1067.0292,359953.551369,7.94699884729,10,
11561,491.289982735,88.919556,149337.671727,13.9560112829,10,
11563,491.295607125,842.56122,72323.8952069,14.364562327,10,
11564,491.289813687,70.299678,413242.542173,6.37592993758,10,
12662,525.368489243,1325.61402,10210327.9113,5.52415422035,1.0,[M+NH4]+
11567,491.320011072,663.06852,379397.874299,2.85627126258,10,
14981,606.314836291,950.8089,2595672.89967,6.82545445722,1.0,[M+NH4]+
11570,491.319822728,629.06964,169149.001288,3.60463052833,10,
11571,491.315956225,241.214232,35944.2843389,7.00123585346,10,
11572,491.312724678,842.6592,242259.544595,11.2567619862,10,
11576,491.79158152,973.23744,276626.011153,5.87816651152,10,
11578,491.812778382,30.5592993,109158.624604,10.2659300296,10,
11580,492.159304108,39.2054199,1471117.8483,6.644776745,10,
14796,598.270521668,410.49636,636763.6596,1.89615617264,2.0,[M+Na]+
11583,492.194081459,418.751934,455563.634644,6.44315663356,10,
11586,492.213787187,842.76447,100570.502571,9.54013757874,10,
11588,492.235290233,1078.3008,161725.719626,6.45240597358,10,
11589,492.236132024,1288.1829,87452.4269742,9.32978613088,10,
11590,492.240462456,93.598935,3501522.62618,8.25408875396,1.0,[M+H]+
14962,605.32870397,512.034291,404073.8362,3.51854668957,1.0,[M+NH4]+
11593,492.255255432,742.07496,136338.31744,8.48955923091,10,
11594,492.254439684,40.8279981,861184.222614,11.2579714852,10,
11596,492.271589576,706.25058,703046.367102,6.3596101472,10,
11597,492.265946084,526.137834,182133.826504,3.51541363751,10,
11598,492.262734825,992.35716,143490.494563,7.32660506146,10,
13233,544.270339572,877.81314,184639.107584,10.1042225946,2.0,[M+Na]+
11602,492.270508152,745.23063,1944692.57133,5.5469672302,10,
11604,492.293279393,973.31652,109179.50735,13.7916404689,10,
11607,492.324453576,951.01071,103289.700296,14.2607889127,10,
11608,492.325883058,839.24424,92513.3303411,9.48952312357,10,
11610,492.771899046,745.23063,986596.554817,8.35718494867,10,
11990,503.780370604,693.95886,566100.649263,9.65372610585,2.0,[M+Na]+
11612,492.921813474,35.3724855,370838.674134,11.5633517254,10,
11613,493.039884607,741.27867,322507.131169,3.54345882511,10,
11614,493.062693996,740.74518,139010.930812,1.87905162111,10,
11615,493.155999893,714.74628,47143.8346131,9.08482129184,10,
11616,493.167096177,941.74359,95259.7950381,14.0522736866,10,
11619,493.167395523,907.41324,161614.998577,6.81895110264,10,
13559,555.163333838,840.78366,303759.260986,8.11197283586,2.0,[M+Na]+
11622,493.197134178,418.549512,75768.8185315,13.0941433159,10,
11624,493.209289351,494.266953,607859.001542,6.79458293114,10,
11626,493.204063942,638.63904,646096.366005,6.13620945821,10,
11628,493.240063638,399.414483,2721989.55048,3.3603997538,1.0,[M+NH4]+
11630,493.24178613,521.413026,332384.111778,8.28060359295,10,
11632,493.239175731,302.928498,40635.5398132,6.02285166326,10,
11633,493.250750439,586.006071,519298.779161,5.69434889674,10,
11635,493.272745244,745.23063,331256.25557,4.09612027738,10,
11636,493.272623828,50.6254368,553126.556071,4.4367614886,10,
11637,493.265199115,502.695774,13574313.0931,9.92539063118,10,
11638,493.279532358,877.56054,122119.894834,6.87683792661,10,
11641,493.279951537,1257.45381,211669.656245,9.23526208292,10,
11642,493.284542811,383.004282,38615.6151655,10.6204630415,10,
11643,493.290976795,693.97284,2357539.01848,2.28382283233,10,
11644,493.278989454,737.93394,351691.567918,9.68676810641,10,
11645,493.348029974,1226.19981,8340111.76714,3.0425390248,10,
11646,493.388048671,1352.90304,123348.617301,8.59828842791,10,
11647,493.404943346,1413.30144,84718.7877714,5.46993468135,10,
11648,493.41228549,1425.32976,185593.999943,7.91035024831,10,
11649,493.649844977,1118.1639,825606.313375,4.03238339285,10,
11650,493.743350716,521.328483,140737.09097,8.12100256127,10,
11652,493.766709406,626.61219,246554.573586,4.5358108013,10,
11653,493.792209885,693.95886,734941.734817,3.6698452521,10,
11655,494.07108283,801.36351,391546.542121,4.43921532226,10,
11656,494.11154826,47.7059862,1633099.4424,5.71938267323,10,
11657,494.125043949,740.73156,509787.445062,3.3705666398,10,
11658,494.14750001,95.789325,196062.89538,10.6707203843,10,
11659,494.147924305,81.656364,144587.228446,13.21123999,10,
11661,494.193673698,1413.95106,130027.768857,13.7430634325,10,
11662,494.206438269,555.65085,168887.935376,12.3163783065,10,
11663,494.221447742,931.34886,124187.95842,14.4140328156,10,
11664,494.223987479,558.377226,69329.6418376,14.5723464275,10,
11668,494.258312824,108.47064,89950.9357883,8.41520510764,10,
11670,494.259798643,474.03645,247609.343354,5.53433414364,10,
11671,494.259904429,457.72107,360230.319638,1.50180620716,10,
11673,494.257838429,688.8909,354217.122444,7.50448014976,10,
11676,494.276417029,533.78016,351338.977859,6.66212778854,10,
11677,494.274425015,954.81924,44108.4610834,13.1104853739,10,
11678,494.281495713,90.767562,69169.1765917,6.7964025089,10,
11679,494.305351036,765.68508,119735.878816,6.89492733013,10,
11680,494.358279334,821.56626,126589.365901,14.6674112814,10,
11681,494.756291159,469.307112,181054.646101,6.19861952382,10,
14317,579.773320861,729.56868,131641.12259,7.47286759293,2.0,[M+K]+
14143,573.787088924,532.76085,186442.999122,7.70545712779,1.0,[M+NH4]+
11684,494.781360241,774.48696,119777.4385,7.2101853713,10,
11685,494.880164755,35.6112903,251594.396573,11.8722949277,10,
11686,494.973976283,35.1304974,585531.22655,13.3968181686,10,
11687,495.019880211,925.08576,263912.473841,6.54486918386,10,
11690,495.1203031,1289.50638,68299.2075151,9.46906726411,10,
11691,495.11516258,47.6504292,205938.763333,4.05442447781,10,
11692,495.125727026,1082.75481,424388.2412,4.93152553293,10,
11693,495.128249589,740.58594,68523.3374315,8.77352500263,10,
11694,495.125704016,1146.74796,301071.716615,13.6609135449,10,
11695,495.195506264,148.615593,2934907.79334,3.55128021374,10,
14941,604.317298776,386.13804,189989.88476,8.61615160433,1.0,[M+NH4]+
11700,495.243899853,802.25394,140270.600949,9.3495382115,10,
11701,495.269116507,1391.35104,18752036.4355,7.23109016707,10,
11702,495.281877594,569.374296,512033.377749,3.48766073387,10,
11703,495.281541544,472.593822,475218.663872,11.8651344964,10,
13246,544.333759131,601.16574,10387121.4427,4.40629496379,1.0,[M+NH4]+
14559,589.297303329,732.57819,169160.397034,2.71628465409,2.0,[M+K]+
11706,495.328285138,644.38788,681898.184755,1.34398097804,10,
11707,495.407841912,1375.8813,132501.148181,8.30084663141,10,
11708,495.731565386,472.874964,86058.9297566,7.70234870084,10,
11709,495.729694262,799.78653,445558.390057,4.99385432913,10,
11710,495.758491272,662.84994,1697027.62547,1.89109627371,10,
11711,495.817784359,1209.65862,190602.265268,8.3640645488,10,
11713,496.128970555,1082.48358,75609.1493849,13.6737907155,10,
11715,496.203213683,571.413102,47451.9377903,10.8915514621,10,
11717,496.21309601,69.370782,3703154.10654,2.49846920961,10,
11718,496.230224864,955.96143,481591.354388,6.21113649522,10,
11720,496.24410016,527.444466,41695.6537554,11.5499121737,10,
11721,496.239593834,157.540332,242380.596963,5.34771540497,10,
11722,496.259762407,662.73279,758122.267484,4.5063482616,10,
11724,496.253082701,814.6482,87223.4981755,5.52208745278,10,
11725,496.25413175,392.635674,521884.260758,9.70593043941,10,
11728,496.323753716,244.437114,739083.483478,1.80795580531,10,
11729,496.331529364,733.01799,73272.9309417,13.8316901306,10,
11732,496.430488187,1268.82798,192977.017705,6.93159057436,10,
11733,496.692684204,481.168452,140691.945909,7.06581158676,10,
15059,608.760079496,410.49636,309535.936585,7.50538304797,1.0,[M+NH4]+
11735,496.737353785,515.1759,2860148.43768,3.28125159961,10,
11736,496.761174202,609.51813,878471.710251,4.37871869738,10,
11737,496.761349053,662.56944,229684.674918,2.19651307963,10,
11739,496.932995765,35.3565531,292085.691187,9.89284023453,10,
11740,497.017382776,925.20207,92147.5439026,7.97105185594,10,
11741,497.035573493,977.67714,166522.053643,10.9863488177,10,
11742,497.056434991,977.97978,91560.068234,12.221288229,10,
11743,497.112062899,63.053415,167916.785765,7.21823628977,10,
11746,497.1914903,277.440744,369669.094171,4.57309017446,1.0,[M+NH4]+
11747,497.206417877,424.640742,490473.045863,6.36716994324,10,
13114,540.244945903,603.03942,7012368.33333,1.86285877705,1.0,[M+NH4]+
11752,497.239052701,559.228758,60167.8973901,12.6728550231,10,
11753,497.259284727,340.924539,193229.913289,8.28172419352,10,
14032,570.276470945,378.503418,209993.92862,4.69967173357,1.0,[M+H]+
11757,497.272525046,976.22838,127171.425663,10.1332844017,10,
11758,497.345331939,1029.63675,78676.1105985,9.37388856498,10,
11761,497.692879042,277.529262,140424.8728,4.53908143459,10,
11762,497.732764595,363.625491,158656.58171,4.94840594183,10,
11763,497.740064898,647.83914,10814336.4432,3.51845587982,10,
11766,498.163569079,429.044928,272706.415883,2.46079618088,10,
11771,498.201362251,375.413625,132761.54142,12.1267477717,10,
12848,531.28814327,64.115547,23440386.8326,4.16565566085,1.0,[M+NH4]+
11774,498.241737214,647.67453,5795038.81956,2.08122533272,10,
16799,709.314618155,327.803913,1062226.3617,7.84175073416,1.0,[M+NH4]+
11780,498.252894275,229.981986,37864.3735435,14.0179412278,10,
11782,498.335670603,965.0742,234734.677808,8.0069800714,10,
11784,498.400873152,746.37483,151248.508636,8.95727719953,10,
11785,498.400764113,706.55817,92336.5841261,12.8850330372,10,
11786,498.451188333,1441.06017,305103.902939,13.6622597244,1.0,[M+NH4]+
15542,629.767663731,369.036789,832353.997935,9.46198621948,1.0,[M+H]+
11788,498.722197825,428.789046,78037.5544943,9.19144560972,10,
11789,498.727867599,333.173331,161672.208068,5.09334801246,10,
11790,498.742949235,647.8695,1769934.34115,3.24843277272,10,
11791,498.757019144,467.48556,59675.5650306,10.8842338088,10,
11793,498.78086614,850.39944,84587.7046506,9.87236333346,10,
11794,498.938418205,30.9154245,106973.975856,7.94105521876,10,
11795,498.977797098,33.4419945,759291.355871,4.68132623998,10,
11796,499.055253294,33.7566786,1152300.73431,1.10846099276,10,
11798,499.099394461,974.00838,47794.4102963,9.45506313932,10,
11799,499.137513113,846.00156,85528.430939,1.28451885971,10,
11804,499.219466651,98.92989,84281.4538568,8.56469392406,10,
11805,499.218321751,698.06592,898619.223131,3.62384694728,10,
11806,499.235133031,535.151406,262778.150265,5.95472434642,10,
11807,499.224325458,41.2608495,2457790.47794,1.99494300804,10,
11808,499.228986135,332.963856,59442.0385388,12.6724155326,2.0,[M+K]+
11809,499.244032144,647.67453,276473.12951,10.2830429526,10,
11812,499.250738825,126.524697,12467355.8768,7.96524339574,1.0,[M+NH4]+
11814,499.249259587,51.5953716,15220706.3877,0.452128257041,10,
11815,499.272582766,490.740234,161317.622049,6.23608976808,10,
14139,573.396773918,748.40742,252055.030858,3.75241792258,1.0,[M+H]+
11818,499.331523843,623.3364,896575.438122,2.23563531884,10,
11819,499.359706048,668.43291,1296061.53685,5.34084764194,10,
11820,499.379337511,1388.97639,76754.0673365,13.3934267552,10,
11821,499.382653486,1308.30498,207181.687404,7.48205054574,10,
11822,499.388820992,971.6781,109178.756577,12.5552627809,10,
11823,499.748478348,320.976978,702394.758553,3.68350746097,10,
15024,607.736764168,431.018682,74974.5894929,9.61994506477,2.0,[M+Na]+
11825,499.784580678,642.38874,120610.350278,6.90515630504,10,
11826,499.778553618,973.1004,313664.495745,1.00177958961,10,
11827,499.779892063,682.74312,813951.770197,7.15138757168,10,
11831,500.154080418,387.167424,39421.6401981,9.08903811157,10,
12361,516.1474093,286.214679,454404.930294,9.73770749389,2.0,[M+K]+
11837,500.193356242,670.26882,56802.1543912,13.6156063054,10,
11841,500.231724124,929.92281,198151.755672,8.66983708851,10,
13326,547.233007201,683.22192,5576483.54819,4.25027903219,1.0,[M+H]+
11848,500.249922914,321.000396,323958.61748,6.55563492255,10,
11849,500.270747712,302.340387,1465702.35735,4.27164199774,10,
11850,500.264953893,661.72116,1143221.18029,5.39599999469,10,
11851,500.26840648,79.392369,347318.540454,6.4229986195,10,
12948,534.339929762,683.7048,183749.658588,6.84907360794,1.0,[M+NH4]+
11856,500.282797394,485.349903,57892.7263582,10.6228849098,10,
11857,500.290639697,306.814578,416501.416262,7.03239370494,10,
11859,500.305974535,774.83034,137046.737955,6.13584659595,10,
11862,500.363661796,1266.88686,321396.206941,2.78820651505,1.0,[M+NH4]+
11863,500.405954349,1292.04594,118574.704037,5.95724060696,10,
11864,500.442208784,1385.79264,222292.091235,12.3245120405,10,
11866,500.767603614,773.1147,88794.4060081,10.2170915097,10,
11867,500.786685707,653.7291,659381.443341,9.5471159046,10,
11868,500.992732356,35.2857924,220630.119449,10.0651912406,10,
13190,543.067868784,721.86249,115099.940619,14.6113096407,1.0,[M+H]+
11871,501.072988907,33.2851815,238170.046026,10.3643720369,10,
11874,501.14675006,186.241224,322733.666467,3.39628083339,10,
11875,501.149958114,80.898804,196938.008415,9.94814837517,10,
11876,501.179881378,63.037503,615400.765462,5.44531784918,10,
11878,501.176192997,35.3565531,361411.787616,11.3795890438,10,
11879,501.176978621,286.406502,51517.7983918,3.75163788205,10,
11880,501.168368575,80.562558,134747.942434,7.34347771412,10,
11882,501.210486749,760.15068,3488553.54967,3.52743672397,10,
11883,501.209114072,1015.72917,121947.596235,8.15881191524,10,
11884,501.206191395,325.73706,242019.599764,6.40450947694,10,
11887,501.235700366,370.423728,1008521.61253,3.05182233846,10,
11888,501.229708863,194.521161,310856.473361,4.59201279649,10,
14703,594.287644355,564.068748,870204.968995,2.48491090783,1.0,[M+NH4]+
11894,501.249421726,108.266064,573844.237673,7.72868714317,10,
11895,501.281530838,604.10289,56228.518699,11.6323566725,10,
11896,501.267955008,41.3949789,2375941.78615,4.74038750074,10,
11899,501.28909911,653.7219,286916.335748,7.39326496657,10,
11900,501.302669561,771.41394,409812.598962,4.42952198476,1.0,[M+H]+
11901,501.313839452,221.928414,4009346.87728,3.26615325478,10,
11902,501.315038794,317.130642,244995.264316,11.129651222,10,
11903,501.315108288,334.862772,302310.879811,2.31134115732,10,
11906,501.368674896,1369.99458,178558.178549,4.49368821762,10,
11907,501.375734852,1274.13312,54738.6236663,7.29245004201,10,
11910,501.758478479,414.984546,915244.123138,7.37160533858,10,
16433,680.842502256,693.6183,316790.176202,8.19215389072,1.0,[M+NH4]+
11912,501.767625404,678.74526,1486975.60286,6.90486924422,10,
11913,501.773384869,260.447982,69111.0270691,11.8031448387,10,
11914,501.780642065,712.20618,78042.8609684,9.00989082964,10,
11917,502.13335954,31.1617842,154227.987983,9.68239430577,10,
11919,502.142119118,251.881365,732270.843313,6.46998914453,10,
11921,502.182701236,283.745895,105049.443855,5.19806325424,10,
11923,502.194722027,213.427728,993777.586456,10.1431380348,10,
11928,502.22923125,551.442501,7581665.85835,3.84281488646,1.0,[M+NH4]+
11936,502.286667451,510.397998,3727886.80102,5.54972917935,10,
11937,502.292530886,1282.6563,376343.703291,13.6884098354,10,
13427,550.297959462,341.576727,1367528.22199,3.51724948424,2.0,[M+Na]+
11939,502.292213483,1467.22416,117012.695348,9.98192031364,10,
11941,502.322677185,227.318115,838148.789882,6.19018754264,10,
11943,502.761373231,415.236054,117609.881371,10.3055357798,10,
11946,502.797394296,839.45817,581289.428019,3.81180961224,10,
11947,502.831774684,30.8136147,190326.06696,9.47612293494,10,
11948,502.95002916,35.4553047,279149.065856,8.57764857063,10,
11950,503.045914478,968.2089,336380.626791,2.16440262476,10,
11952,503.069555697,1024.45962,194089.056793,5.28165081008,10,
11954,503.135265024,35.4553047,332882.305026,14.1901866531,10,
11956,503.14850962,1277.52663,15812896.7327,8.56470084703,1.0,[M+NH4]+
11958,503.171756991,877.98132,306119.094665,5.007111591,10,
14217,576.298183625,83.15724,16411406.7279,4.03446323133,1.0,[M+NH4]+
11965,503.223314006,134.356986,63111.2029594,4.86600307189,10,
11966,503.217473449,897.693,255098.764546,14.1356519861,10,
15418,623.314976709,745.82316,410524.041971,7.13360047224,2.0,[M+Na]+
11973,503.260889784,623.45121,4381526.40128,5.21639227668,10,
11979,503.290405347,563.64777,48305.6411507,12.0651219653,10,
11980,503.298883046,839.24424,308668.705239,3.37014721304,10,
12523,520.332446538,723.042,77733131.8797,4.88900186918,1.0,[M+NH4]+
11982,503.317782642,519.890154,105514.528815,14.5699782519,10,
11984,503.326521821,366.977094,366675.827238,7.39666782448,10,
11986,503.354521651,708.31845,170668.076437,4.65195391977,10,
11987,503.354710824,531.761787,149265.457384,10.3148037858,10,
14316,579.460895772,1477.26132,215329.77676,4.5437797012,1.0,[M+NH4]+
11989,503.768821426,734.17428,103987.972274,7.92869907864,10,
11991,503.893788794,30.8136147,93170.3162823,14.7183016872,10,
11993,504.040191178,893.09829,529575.21374,5.68953395455,10,
11997,504.196231818,916.25562,114777.046788,12.4202099984,10,
11998,504.205275844,693.12108,63387.8892493,8.70845431192,10,
11999,504.219550143,391.296417,817166.76143,7.46300163133,1.0,[M+NH4]+
12001,504.220035206,332.141202,473328.006603,2.64770048929,10,
12002,504.226982932,733.95588,1355590.99832,1.45874321065,10,
12003,504.244775225,510.512208,5094405.04896,3.12548929319,1.0,[M+NH4]+
12005,504.229823659,141.891828,74539.4698456,6.79024402981,10,
12006,504.260457418,385.659555,633526.162909,2.61542224111,10,
12010,504.302362179,437.284308,613482.366209,4.33751105005,10,
12011,504.310797602,1300.36086,114442.560993,8.07139106782,10,
12012,504.30210214,534.123972,816363.765876,2.80547839272,10,
12013,504.319735589,1209.04785,2523217.22226,3.9707170254,1.0,[M+NH4]+
12014,504.320939617,716.47404,617338.128506,7.24049064735,10,
12015,504.328878964,351.435522,124596.58641,6.50992003057,10,
12016,504.336884913,683.07354,204605.77814,9.31319415049,10,
12017,504.382610076,963.35502,2329249.62442,3.84521213771,10,
14320,579.813346749,587.924028,116473.312661,7.71021509874,1.0,[M+NH4]+
12022,504.909231274,35.6752884,117310.90982,7.87526600675,10,
12024,505.061807381,982.875,59307.0590699,11.8061112284,10,
12026,505.19415136,322.165095,105135.779954,8.10075149422,10,
12027,505.186747769,929.92281,215832.559648,5.49985167622,10,
12028,505.196332511,522.767349,90318.7232678,13.2342147888,10,
12029,505.205802678,445.825809,76523.5512244,9.85181542942,10,
16108,657.355984243,205.588842,760937.913314,2.71438963283,1.0,[M+NH4]+
12033,505.237904233,161.345271,46293.4972246,6.61516285405,10,
12035,505.257716395,35.2857924,233643.78077,12.6018172265,10,
12036,505.266082074,623.45121,131083.002232,6.16939665569,10,
13340,547.334396715,382.895049,111507.436886,8.13498075141,1.0,[M+H]+
12039,505.301541145,645.58773,7220601.16527,0.88988253427,10,
12040,505.305503839,437.29755,110956.294856,4.73879460723,10,
12044,505.750520072,789.86748,66380.6837696,14.7629047593,10,
12045,505.869845273,31.0862196,93867.9925257,10.2544055249,10,
12047,506.037153575,892.8438,159157.57884,10.4680502617,10,
12048,506.186388961,85.946808,5330548.86965,7.15583371297,10,
12052,506.207174428,82.824564,366106.187987,14.1797116217,10,
12053,506.220371528,268.000878,5069864.19643,5.29348727216,10,
12054,506.228310906,280.852557,162072.532159,13.673517585,10,
12055,506.234873156,603.36645,239274.447025,6.99536906956,10,
12056,506.234250153,380.218158,72754.5350181,4.40558025024,10,
12058,506.244433409,205.925598,230844.424983,6.4555171742,10,
12059,506.243833622,857.74134,528903.691405,5.27366279259,10,
12060,506.256579429,121.117887,360277.816801,7.89888121964,1.0,[M+NH4]+
16056,654.364359102,487.254594,174563.23042,10.6604693473,1.0,[M+NH4]+
12063,506.248147779,607.87176,299092.009972,12.3337581905,10,
12065,506.281772627,242.053887,667413.957567,6.05523101588,10,
12066,506.282255382,400.84017,70684.5406115,8.73316570588,10,
12067,506.296468325,634.9971,7950833.20809,3.19896401269,1.0,[M+NH4]+
12068,506.297141144,946.82784,228313.789285,3.97823397007,10,
14537,588.334877712,494.516109,2118895.3379,3.14699947709,1.0,[M+H]+
12070,506.297086313,348.43953,887291.821309,5.86657617093,10,
12072,506.332836466,623.78961,282528.517798,6.5172993401,10,
12073,506.736655981,603.32826,126916.320724,2.75799072865,10,
12074,506.749521386,662.55966,212170.651474,9.20537267412,10,
12076,506.804925709,652.88313,153450.159718,10.1242345686,10,
12077,506.824606076,1216.0221,156047.658904,13.5459458009,10,
12079,507.106490357,766.53555,61442.9521158,11.279766571,10,
12080,507.167138301,81.159054,109199.810376,10.9114155244,10,
12083,507.2070923,1288.51326,116783.302086,13.4215175825,10,
12084,507.204646679,284.311872,70856.6160579,5.06037158541,10,
12086,507.219677968,433.128129,1225998.40976,4.3293751481,10,
12087,507.25253787,880.39434,4525867.31273,6.198017477,10,
12088,507.255786312,583.228644,1659892.84124,1.12734136216,10,
12089,507.271528313,1067.12889,123114.786991,10.6156058866,10,
12096,507.786197362,704.50422,1491399.7597,7.89516493137,10,
12099,507.939746463,823.7745,304510.319912,4.48598936519,10,
12102,508.133112573,593.696256,201500.754779,11.0491984201,10,
12104,508.177523467,262.88268,265910.89492,9.56628332855,10,
12107,508.201169318,858.03573,12929472.6407,4.7526240569,10,
12111,508.217592285,495.616584,204224.381544,8.59761369105,10,
12112,508.22220703,573.268644,342955.580897,2.62907160983,10,
12115,508.252828441,761.18889,648233.525366,4.68837889652,10,
16105,657.320245871,317.189556,131853.687688,11.3924475876,1.0,[M+H]+
15710,635.375633814,704.57409,711161.194854,5.9401623083,1.0,[M+NH4]+
12123,508.310248996,792.70107,327387.4644,2.81828716936,2.0,[M+Na]+
12124,508.325495893,1128.17427,868857.905317,7.41464687076,10,
12125,508.362883613,46.5255528,344282.776716,11.6564020788,10,
12126,508.376273622,1413.62604,289902.325398,6.5814253488,10,
12127,508.608302252,823.1646,96079.9846276,8.06410660444,10,
12129,508.731201917,647.93604,790201.802692,4.40686488121,10,
12131,508.752412919,662.17647,149631.495003,11.9187907495,10,
12132,508.762834917,654.47628,188728.637183,6.0873942767,10,
12133,508.849403781,30.4666062,39373.9064642,10.9306596447,10,
12135,509.09974172,1209.72324,76844.6394211,12.2259416084,10,
12136,509.141640865,772.26324,199420.896973,12.5000232074,10,
12138,509.156475717,285.171372,68944.0865516,7.69371895989,10,
12140,509.162028354,83.688186,287942.382031,4.25383781909,10,
15453,625.278527368,57.3056697,3516740.30326,5.31167819866,1.0,[M+NH4]+
12142,509.176574161,362.75844,47857.1702746,2.51151944578,10,
12143,509.189918502,401.75844,138320.033431,4.94937075112,10,
12144,509.196772854,86.168685,2019568.68657,2.54744794372,10,
12146,509.21163041,547.758714,119848.55696,10.1298529761,10,
12009,504.277096317,877.81314,208123.116392,6.40212206283,1.0,[M+NH4]+
12153,509.243844254,1316.15868,237951.445623,4.24574461626,10,
13360,548.26425472,664.29405,11105973.0302,2.60577507428,2.0,[M+Na]+
12157,509.253797901,1257.42438,52089.9697299,9.31969412604,10,
12159,509.281982017,462.798828,1051346.51971,9.85007751824,10,
12160,509.282685479,66.460173,3172083.77173,4.71195230294,10,
12163,509.275352205,1209.09498,203305.104505,7.87206092124,10,
12164,509.311750512,975.4767,361901.622386,9.46866084815,10,
12165,509.329761356,1097.7792,204985.654514,10.4601805978,10,
12168,509.762254798,510.647979,372754.677975,3.33735039318,10,
12170,509.831489332,1097.92818,95157.111112,5.03694273743,10,
12172,510.045038315,801.47646,155903.519349,12.4777746765,10,
12173,510.115712778,1469.1927,439330.846623,11.3533796663,10,
14325,580.253471919,63.705792,2038111.5347,3.93070703629,1.0,[M+NH4]+
12181,510.223881892,179.7066,201725.726688,5.35988950416,10,
12182,510.246096257,984.45738,3253555.18604,5.79306249656,10,
12185,510.255416888,221.969604,113845.451746,3.52392606109,10,
12186,510.261172948,561.6219,104265.75965,5.35466196458,10,
12187,510.254760728,331.162506,181679.634563,1.2484970695,10,
12188,510.255428759,280.850742,2569215.40295,7.84393873434,10,
12190,510.266849013,252.532368,1346382.54882,3.84120982087,10,
12191,510.263724377,510.46659,57980.9009079,2.99372768082,10,
12192,510.28532207,462.68184,143132.441252,14.5382346274,10,
12194,510.289753325,241.003116,429040.439924,6.24124111595,10,
12195,510.32794852,825.40848,278295.523185,7.92462466465,10,
12196,510.727760455,706.73061,709636.367026,3.74634604259,10,
12198,510.759152311,409.342698,84279.7630445,7.27511731727,10,
12199,510.770059639,476.296725,9109645.12191,3.92024577968,10,
13350,547.777071306,601.77366,413579.931153,2.55342676852,2.0,[M+Na]+
12201,510.948220692,35.1304974,298234.784358,11.6855262,10,
12202,511.029274884,842.8926,157817.183137,14.2503735634,10,
12205,511.099806088,1083.01332,75182.6914143,10.1222721475,10,
12206,511.099346785,1146.74796,270476.316427,8.27452994337,10,
12208,511.137818087,814.31571,95704.002103,13.735104403,10,
12210,511.178534243,801.14268,125580.454454,6.87487913374,10,
12213,511.203063631,311.28939,134087.08218,6.3049947632,10,
12214,511.207595052,431.767563,908825.940904,2.40537004855,10,
12216,511.213837733,527.460531,388016.828753,8.88955023741,10,
12217,511.228183762,1071.1722,403870.687793,4.0443726542,10,
12219,511.228312125,1020.20517,695717.920298,6.46170697566,10,
12221,511.225611981,480.781578,566258.221582,6.22214220999,10,
12225,511.239761523,342.85365,175567.177854,4.18542945001,10,
12227,511.259083653,281.057001,623028.077181,5.04156184596,10,
12228,511.256411357,661.89708,170911.840606,6.31087663642,10,
12232,511.327382248,989.97474,2450509.74494,8.39315385856,10,
15050,608.33056467,957.14019,1219563.85152,9.03014504919,1.0,[M+NH4]+
12235,511.341553322,1267.17348,231746.117458,8.41338817303,10,
12236,511.396342498,746.24106,2493776.2768,3.74378073533,10,
12237,511.396297861,706.53381,1970921.22644,2.96868646032,10,
14685,593.826944784,609.51813,1359301.47128,6.76066510563,1.0,[M+H]+
12243,511.772636587,476.488866,1372556.38385,4.85773025914,10,
12244,511.829016803,989.97474,1226408.24998,5.71618051165,10,
12246,512.172761905,83.737437,416479.551781,9.24959901955,10,
12250,512.193985702,731.54619,36974.8164096,8.72639247507,10,
12251,512.209752852,928.5576,53979.3579488,6.06258133971,10,
12252,512.198484908,63.783738,287422.436356,2.97468434754,10,
12253,512.217387929,527.772408,213031.624648,14.1523474283,10,
12254,512.232077703,945.81603,18274453.7519,5.08261669518,2.0,[M+Na]+
12255,512.234780987,342.049581,2276146.47574,2.2198348283,1.0,[M+H]+
14130,573.301764087,610.51248,168842.585686,7.98266074089,1.0,[M+NH4]+
12259,512.251674157,984.5595,124074.513316,7.70114758625,10,
12260,512.269432083,891.63684,163436.600279,13.2171600361,10,
12261,512.26814295,520.315491,2716322.56279,4.78404922145,10,
12263,512.284151656,591.442617,742044.412119,2.76939893824,10,
12264,512.294993651,753.38451,2122644.57635,3.20018984324,10,
12266,512.289970526,376.035864,59982.5638255,14.7707959601,10,
12269,512.303174853,930.51345,703661.371367,12.0115562902,10,
12270,512.307343669,859.69848,108042.44063,12.662701171,10,
12271,512.32572489,860.35566,347189.896479,4.99049853266,10,
12274,512.343715397,831.32814,8632649.25826,1.11442818626,1.0,[M+H]+
12276,512.373251059,1414.73847,11944678.0904,4.78723546186,1.0,[M+NH4]+
12279,512.41556963,1227.68136,1017596.2436,2.71550411104,10,
12280,512.503248023,1527.29598,96530.1737781,11.1431238189,10,
12281,512.738043696,360.977151,457236.32394,8.94871766723,10,
12282,512.76943616,520.398345,831935.634242,5.62340005419,10,
12283,512.79651616,753.38451,1160451.93889,3.26792283702,10,
12284,512.827034111,860.51697,180535.739549,3.53266761223,10,
12285,513.146435377,842.61402,316596.559764,7.50487495876,10,
16274,670.282485885,436.86006,486680.914232,3.55283132311,2.0,[M+Na]+
12291,513.237637524,265.457436,819125.331254,9.46218107531,10,
12294,513.253691131,618.94314,373315.032151,8.36282607422,2.0,[M+K]+
12295,513.266952422,401.83011,433293.016914,3.74178051744,10,
12296,513.265130959,933.4074,626215.371482,1.65348326734,10,
12301,513.306103587,930.36267,114993.646816,11.7826508177,10,
12302,513.311351559,486.028404,478208.811638,5.45776587624,10,
12309,513.776786909,550.073307,212901.804588,5.91337215409,10,
12310,513.805077475,989.97474,276142.714125,14.1677060889,10,
12312,514.171053147,210.049053,101976.373664,11.2356706178,10,
12313,514.177206735,418.842051,100295.532467,11.0275695494,10,
12317,514.250146282,68.830491,1195220.91645,3.67376163262,10,
12318,514.261101911,480.722448,453329.650382,5.51925058013,10,
12319,514.269656729,401.891736,88594.5654273,7.60010238226,10,
12320,514.263200679,649.1307,174129.028117,9.7649384552,10,
12321,514.269802311,933.16434,100017.496779,8.56649297771,10,
12322,514.286522898,303.701382,44797.6502841,7.90890648647,10,
12324,514.286950526,359.02932,51701.0399282,6.00986092081,10,
12326,514.321482785,844.92675,728497.706876,4.221432709,10,
12329,514.771409682,693.97284,86586.9276566,6.04669180732,10,
12332,515.033032934,33.3746646,1435560.13281,6.73751697092,10,
17181,745.112765892,740.73156,178374.402549,3.39298542034,1.0,[M+H]+
12334,515.11151214,845.98632,44480.7349418,5.38649777104,10,
12336,515.163604114,47.0191698,339342.536756,1.61734418479,10,
12337,515.186315777,1348.6494,75992730.2828,2.22744086207,10,
14242,577.220984541,115.524021,1441480.79118,3.2188808982,2.0,[M+Na]+
12342,515.228065393,384.36012,1282040.379,4.62298914266,10,
12346,515.239106746,357.927774,488216.878339,3.77465305758,10,
12347,515.289578738,792.00732,532217.399237,3.97740912142,10,
12350,515.30844484,478.37181,113866.972552,3.05911687896,1.0,[M+NH4]+
12353,515.330594497,389.841576,320687.734713,6.84622493854,10,
12355,515.412105998,1555.92384,1387012.74561,2.71903394263,1.0,[M+H]+
12356,515.740450923,357.990405,233694.990762,3.64983495941,10,
12357,515.782913485,656.1798,259616.701038,13.6443664566,10,
12360,516.144326801,95.245269,145605.80719,6.22662457158,2.0,[M+Na]+
12363,516.157769422,226.40073,176258.970688,2.2704977786,10,
12367,516.182267737,903.1296,403753.578972,6.3864567506,10,
12368,516.185201714,586.898823,322477.888285,7.05756488925,10,
12369,516.18512846,678.74526,141911.731172,2.71800820647,2.0,[M+K]+
12371,516.186965875,35.6989908,114315.047599,8.79343461313,10,
12372,516.203248703,931.26192,420075.352836,11.1153910402,10,
16812,710.246594467,801.19593,376914.293139,7.13891720371,1.0,[M+H]+
12374,516.218712009,67.08693,3042942.38865,2.96630851183,10,
12375,516.228359432,54.435417,14769980.8296,0.99505805512,10,
12377,516.225475033,399.163227,31890.0576894,9.8375233753,10,
15186,613.186407652,921.73278,293109.605097,7.68759734339,1.0,[M+NH4]+
14457,585.323988913,422.907264,1265104.2543,1.44191429902,2.0,[M+Na]+
12382,516.266969044,441.389997,1184017.76313,5.59286712601,10,
12383,516.278735741,390.138114,49624.3969303,14.9606393678,10,
12384,516.277383867,187.428279,2847954.80656,3.43430500303,1.0,[M+H]+
12385,516.284789292,615.38118,10182872.1487,5.51976060134,1.0,[M+H]+
12386,516.284544392,565.237608,174224.474344,9.91952914656,10,
12387,516.30600123,1261.24584,278392.97151,10.2622831185,10,
12388,516.302359085,375.752796,58551.1751168,5.35163288373,10,
12390,516.321779116,266.641506,649888.316629,5.55072441107,10,
12391,516.321666621,520.420086,461689.485542,8.7403443204,10,
12392,516.328532513,589.053252,63421.8912322,9.69618518161,10,
12394,516.373494405,1451.87556,124613.123248,9.75858553576,10,
12395,516.596271477,587.043135,235663.378879,3.72605744743,10,
12397,516.944100634,33.7566786,787446.658534,8.50668208507,10,
12398,517.051439568,740.92104,109512.849472,6.01644804338,10,
12401,517.151833947,35.5472922,196471.158528,12.0598723647,10,
12402,517.162067513,248.102736,28726.1553341,8.37697413262,10,
12403,517.187551429,934.21854,7717757.3888,2.58589771917,10,
12405,517.205502958,562.635522,241182.577166,6.56103516185,10,
12406,517.224857364,87.641514,2075113.08301,2.95417579948,10,
12407,517.235922813,465.866634,66006.5655384,9.68827797133,10,
12409,517.231924165,54.435417,3215493.25334,1.85377230583,10,
12412,517.258472701,930.02544,342383.602216,12.4270328506,10,
12413,517.259917849,421.798935,217217.36656,5.05690505203,10,
12416,517.297608682,232.007361,6839908.0421,5.27736581941,1.0,[M+NH4]+
12417,517.309587689,133.254891,1128896.28979,3.95918181785,10,
12419,517.332664623,682.91331,488292.511431,9.21380047761,10,
12420,517.334107421,484.866393,990960.222134,4.23675085412,10,
12421,517.335244354,1264.28475,346174.873917,2.5029397847,10,
12422,517.370945855,1227.60648,396858.650042,5.11354296954,10,
12423,517.370084814,899.25726,259054.763841,7.10563462813,10,
12424,517.370431144,644.11392,37845.7319061,11.7518867952,10,
12425,517.428556051,1473.74208,148237.194697,6.07255743212,10,
12426,517.797318469,713.33232,142098.734086,13.0578788316,10,
12427,518.071472734,827.42298,193714.131982,11.454220862,10,
12429,518.162491831,876.942,336484.50196,9.88685034206,10,
12432,518.195406175,69.971922,1741062.87435,1.60476806243,10,
12433,518.198500905,311.319516,100198.760312,7.2414896309,10,
12434,518.190378464,946.39584,1877921.47014,5.26255846018,10,
12435,518.20361317,210.653112,137276.809152,11.5408946533,10,
12961,535.247613789,933.4074,1303379.45383,4.90812306773,1.0,[M+NH4]+
12439,518.213073283,955.64016,30288.9825264,10.5716334886,10,
12440,518.227993539,87.439878,390773.108583,12.516241375,10,
15044,608.284618728,238.261167,958843.32446,5.6844856767,1.0,[M+NH4]+
12442,518.233447059,54.41958,613575.507457,3.68927732357,10,
12444,518.240251252,917.51172,28340.3559902,9.42432967169,10,
12445,518.235675619,392.555088,85880.1174865,4.36829418819,10,
12447,518.260292838,829.57077,157057.459833,4.3147756246,10,
12448,518.256334491,402.8223,54173.0154134,13.456632193,10,
12449,518.272164061,1244.40876,115128.401038,4.82825026836,10,
12450,518.275048489,704.50422,365910.646083,3.44526318931,10,
16279,670.376330429,483.659406,1250530.58347,1.93333136922,1.0,[M+NH4]+
12452,518.292955617,55.4739231,232501.701013,9.39806932255,10,
12454,518.307941617,875.25021,217323.916044,13.1015792017,10,
12455,518.308426695,564.184092,682693.680208,3.47509768997,10,
14097,572.339967789,444.714189,27028745.0212,4.53110419021,1.0,[M+H]+
12457,518.300786137,66.540666,430867.613483,7.83784363929,10,
12460,518.663484474,1098.27042,262089.636781,6.66527196274,10,
12461,518.703703058,420.90018,32068.4360303,10.5272060986,10,
12462,518.739937683,295.203036,86849.6146888,10.648469336,10,
12463,518.768851716,459.307143,3883194.58584,5.75136773147,10,
12465,518.818391112,868.77348,206016.501924,1.81013137219,10,
12466,518.828797762,788.12472,272317.962446,11.5094347887,10,
12467,519.020079881,968.21352,160007.427956,4.55076467103,10,
12468,519.08556738,842.61402,935642.244457,3.74224917725,10,
12469,519.158190898,97.456134,837932.798945,2.6741458667,10,
12471,519.170885613,55.054458,102499.361793,8.40821671944,10,
12472,519.178848186,1198.8837,127440.159139,7.25866563647,10,
12474,519.203876229,549.634632,25938.8987757,6.979200277,10,
12475,519.211131526,44.175294,386273.085218,3.85539827429,10,
12476,519.215837021,149.057769,2893156.15157,6.42946329389,10,
12477,519.22008926,760.49874,206260.243238,3.36179028395,10,
12479,519.259408557,372.448527,1587072.95386,5.05660752766,10,
12480,519.264256234,1384.73436,131648.494738,8.57846967067,10,
12481,519.271092684,459.121254,1850694.08659,4.01757025921,10,
12484,519.270284986,71.530704,288064.783988,2.96531545964,10,
12487,519.277179181,319.922391,2938446.31177,1.39548487186,1.0,[M+NH4]+
12488,519.28518036,409.121424,96395.723052,14.0839811745,10,
12489,519.27689022,239.97336,1074411.2186,3.63094110945,10,
12490,519.276896583,844.66872,149540.145488,5.98589183667,10,
12493,519.320170477,808.99185,312464.998184,5.85885780647,10,
12495,519.327265014,1258.59672,4215396.2168,8.07899216898,10,
12496,519.358203538,1382.51964,93814.4003849,2.68849009351,10,
12499,519.750146597,510.772674,290603.045095,5.60108539518,10,
12500,519.771758167,459.189834,661298.951444,8.86914238629,10,
12502,520.086957286,921.62892,182892.406952,9.97179412965,10,
12503,520.132463069,70.718178,2116283.90776,11.013126912,10,
12504,520.161490672,97.578933,148030.818103,6.36753911633,10,
12505,520.156956466,310.976508,182728.029448,11.2868184131,10,
12506,520.174617054,40.8506847,1881950.09458,14.9733748278,10,
12507,520.198694285,878.13078,890000.997994,6.87675940787,1.0,[M+NH4]+
12508,520.205609046,59.1408024,10446796.3345,1.92739149661,10,
12509,520.216346968,909.16224,63511.7437369,1.74145264076,10,
12513,520.25507029,766.99914,1679323.43407,2.59390895622,10,
12515,520.259056186,344.531766,201087.573465,3.42465306537,10,
12518,520.280539309,104.903298,138146.616372,6.69919479054,2.0,[M+Na]+
12521,520.302768268,693.80346,94526.6732948,13.2482030965,10,
15437,624.370963683,517.066149,7245180.26251,4.43047117951,1.0,[M+NH4]+
12524,520.348923512,709.25211,193490.109102,2.81348132746,10,
12525,520.339697043,1270.1967,1877612.73011,3.67228336806,10,
12526,520.808244271,819.6759,478902.16484,5.17053504448,10,
12527,520.976187548,593.846676,75915.0031612,10.7256278168,10,
12529,521.128209072,593.64276,5757062.8104,7.61935137406,10,
12530,521.148178318,46.8191235,1009180.12326,6.47622963343,10,
12531,521.161429258,283.600866,197548.144337,5.01401643429,10,
12533,521.202162354,877.905,166958.321121,6.48154786181,10,
12534,521.200325453,698.09904,89335.2095424,4.94324883328,10,
13053,538.244963382,1001.34741,131269.578537,11.8188385889,1.0,[M+NH4]+
12537,521.232234962,928.56852,115817.841923,8.5600417761,10,
12538,521.23832486,84.12024,2371118.06486,8.82911513011,10,
12539,521.243503808,1463.27844,51506.4365914,10.5907688286,10,
12540,521.256477436,684.40908,1019567.93697,2.53866475177,2.0,[M+Na]+
15108,610.330644357,348.213216,584104.730342,6.50505471569,1.0,[M+NH4]+
12544,521.269145204,565.851864,354779.527926,3.60565323623,10,
12545,521.279985962,595.199757,2422742.05626,4.82182097698,10,
12547,521.307804711,577.333875,1988065.65504,6.99365902357,10,
13866,564.358466518,758.98818,54668245.8619,5.14682189927,1.0,[M+NH4]+
12549,521.300611341,240.93774,158780.979071,8.70359342915,10,
12551,521.307122466,718.5279,269138.657151,2.42555375131,10,
12552,521.307656773,534.980514,344783.048003,2.38265819853,10,
12553,521.313603229,623.67378,70791.2110834,14.7124334893,10,
12555,521.342794041,1285.06086,751413.179819,7.47610379097,10,
12556,521.383091054,1342.4367,130600.495583,3.49191214292,10,
12557,521.436009666,1441.57494,55371.1305851,12.2977568073,10,
12558,521.478696636,1429.80144,615276.447717,4.19956702907,10,
12559,521.663065668,283.94574,71740.6277658,7.22653361783,10,
12560,521.71876239,706.62114,102392.039898,12.419974231,10,
12561,521.749019926,393.233172,1494400.7114,6.07816992702,10,
12562,521.792055664,989.99895,333517.081717,8.09458367521,10,
12564,522.153789978,848.14041,248656.100238,7.65868251899,10,
15672,634.272972507,267.559188,2014858.22698,3.89153788413,1.0,[M+NH4]+
12568,522.213949498,929.84034,500518.033771,13.0388486738,10,
14295,579.272922406,107.910942,2211816.49758,7.22737473356,1.0,[M+H]+
12572,522.255420558,343.20717,622986.219161,4.90668212036,10,
12576,522.287653391,878.70768,4430688.28908,4.16995960958,10,
12577,522.291999381,442.568646,482384.291462,5.31760879243,10,
12578,522.291866148,281.057001,234109.788951,4.94083286061,10,
12580,522.303893373,507.948669,730563.879396,2.93473121224,10,
12584,523.000841765,1137.83376,1094879.83317,10.0415519368,10,
12585,523.080486383,766.69806,31661.3402011,11.528719158,10,
12588,523.140943041,80.911548,75006.7394274,14.5228385285,10,
12590,523.197755049,268.083882,672376.703328,13.0058996189,10,
12591,523.205958789,42.3976218,2446249.50228,5.71406651402,10,
12592,523.227000978,923.73432,251699.316564,3.90023036539,10,
12595,523.250614982,254.513364,177576.674645,7.54305590952,10,
12596,523.269685319,857.87481,1991269.03412,5.21708447386,10,
12597,523.262089737,492.11421,565333.603358,8.84484530668,10,
12599,523.277493338,637.47372,997416.812008,2.03081613576,10,
12600,523.291150624,920.08605,1318786.87035,5.58936089026,10,
12603,523.295254977,442.428186,118516.245028,8.84799656667,10,
13127,540.334377621,1002.13482,979503.095495,6.81343755619,1.0,[M+NH4]+
12605,523.313706017,577.541538,53799.2856948,14.6412888387,10,
12608,523.381701661,69.237564,2256396.72645,3.49657444645,10,
12610,523.761070214,30.464688,20643.2047807,12.9948612183,10,
12612,523.780859949,605.58405,176058.77435,7.59368781129,10,
12613,523.787270631,752.75928,76636.1221866,10.5425487957,10,
12615,524.141712382,865.49403,44472.8110144,14.2553248639,10,
12617,524.194083122,45.0444174,241849.7603,4.04476736298,10,
12620,524.208620382,58.2775452,984810.410675,9.04111261645,10,
12621,524.220301581,355.795587,1308975.39258,4.27919586541,10,
12622,524.234654525,499.562043,252169.320026,8.50092615855,10,
12623,524.240482605,733.2126,267459.687773,6.82073189288,10,
12624,524.24421697,302.006142,78096.5986083,12.9449246919,10,
12625,524.261562939,1078.17198,16488473.7137,3.94495812907,1.0,[M+H]+
12627,524.270912585,152.385333,928377.04014,1.45793722804,10,
14887,602.314423713,466.038651,133205.59741,8.47086795542,1.0,[M+NH4]+
12633,524.311268381,1002.13521,44156.2768291,13.6778320859,10,
12634,524.303224266,939.82788,123788934.073,6.52147051461,1.0,[M+NH4]+
16513,687.431818419,1097.23146,907610.637332,5.64072608167,1.0,[M+NH4]+
12636,524.742163365,733.14054,143435.550592,5.6992980814,10,
12637,524.80759293,36.7270446,41482.9147952,10.0042436997,10,
12638,525.010971758,33.4419945,812061.839129,5.94535504947,10,
15091,610.11006723,908.71257,9635354.39566,8.04499952438,1.0,[M+NH4]+
15093,610.110207543,810.1311,28842746.2473,0.827118899853,1.0,[M+NH4]+
12645,525.168407767,858.03573,2091004.92017,5.26392121997,1.0,[M+NH4]+
12646,525.191416245,83.268369,107767.941495,10.4018572169,10,
12647,525.193266221,648.14514,133692.485714,10.9839755379,10,
12648,525.211100687,446.403498,301516.297705,7.52457172637,10,
12649,525.206751013,94.589307,459708.142642,9.63123605982,10,
12650,525.212150319,502.189713,72151.9934762,10.1003864553,10,
12653,525.246473985,331.919148,353821.014812,7.40678877757,10,
12655,525.264764977,851.43042,393302.301167,8.72692443171,10,
12660,525.345920146,1097.43618,44258.9625938,13.6584896832,10,
15536,629.349690282,515.598798,88656.0995301,6.94719720684,2.0,[M+Na]+
12664,525.748010506,332.018913,186227.784798,6.49949228554,10,
12665,525.776732138,449.547804,183473.492218,1.38896535934,10,
12667,526.012630001,33.4381632,394895.258724,12.2053296876,10,
12669,526.036059086,769.73634,119382.100184,13.7715300298,10,
12673,526.173897864,42.2401821,748397.233076,12.5195099361,10,
12674,526.178760109,403.819881,1202411.5884,2.16888238002,10,
12677,526.217431931,355.68228,55202.2117841,12.348450851,10,
12680,526.252715151,552.389346,925113.116845,7.4335592926,10,
12682,526.26669977,851.21304,53185.1993226,6.36727120053,10,
12684,526.298054113,563.829858,4793985.85886,2.58899657735,10,
12686,526.298208294,1266.84384,196149.206855,3.56380478723,10,
12687,526.307130012,590.989572,893321.635413,1.91291084814,10,
12688,526.306476299,401.797926,211884.709227,7.14814077664,10,
12689,526.35810204,951.01071,3185632.26624,6.37812843972,2.0,[M+Na]+
12690,526.39461597,1232.18178,132139.309554,8.21342913054,10,
12691,526.38755892,1422.99996,256112.268566,6.70051451738,10,
12692,526.482501671,1471.04358,195851.657016,11.5151613594,10,
12693,526.754290974,552.124995,484620.697592,8.7592717894,10,
12694,526.753033317,48.0992265,1025942.10564,3.73337583911,10,
12697,527.132893846,739.31388,66893.5350261,12.1432892939,10,
12699,527.157998698,42.0226704,4644260.50347,1.80160752367,10,
12701,527.169261809,929.68611,981721.298629,6.71057516994,2.0,[M+Na]+
12703,527.164630562,786.71946,650610.476301,7.7186067112,10,
12704,527.18399757,277.649013,120814.427352,10.1296137418,10,
12705,527.181964707,403.889991,282728.197527,5.38927477085,10,
12706,527.185233369,322.981176,32283.0816536,5.71576313189,10,
12707,527.210978959,272.56512,104442.663896,6.47477947894,10,
12710,527.242792614,878.44815,829494.600627,4.25938228315,10,
12711,527.256990208,127.78833,1252125.76584,4.01854920919,10,
12713,527.267920168,1032.99834,713151.88173,8.8358624115,10,
12714,527.266249656,1271.98428,74199.7960264,4.32485660125,10,
12715,527.283702624,645.58176,593149.329985,5.5563398944,10,
12718,527.318386845,390.266673,1391874.46968,6.74307790787,10,
12719,527.330199511,409.383888,57383.2894915,13.3745713618,10,
12720,527.354988915,411.479739,809943.527714,4.34441438363,10,
12722,527.35564257,1344.88278,588520.609407,10.7169940048,10,
12723,527.354716075,579.573984,2465361.0003,6.4770104417,10,
12724,527.385161108,1298.84658,110398.857995,14.2843384074,10,
12725,527.391408676,663.18687,83434.2742821,11.7068941679,10,
12726,527.413731655,1441.65252,1031426.38517,3.58815116885,10,
12727,527.414788529,1325.94162,77470.8698007,6.36985206537,10,
12730,528.16761067,731.87394,75563.9826729,14.2250047821,10,
12731,528.163983101,161.87109,71811.559466,3.80476645704,10,
12732,528.174132968,403.856928,67748.3162695,1.3343489466,10,
12735,528.195741755,946.00593,7912161.43819,5.32706183733,1.0,[M+H]+
12736,528.210678752,75.87555,3564109.15182,10.7985689868,10,
13782,561.284866471,618.60516,217093.13377,9.96415201046,1.0,[M+NH4]+
12738,528.244410839,895.55586,374506.332381,5.84736198616,10,
12741,528.241029432,127.926582,899388.244353,8.64975560063,10,
12745,528.263269106,1002.14823,343540.201254,9.24341143657,1.0,[M+NH4]+
12747,528.277394002,200.12259,12051750.8204,12.8791047995,10,
12749,528.331845172,1225.54203,205531.833823,5.41922730271,1.0,[M+NH4]+
12750,528.338791636,590.372946,46093484.4918,0.505403031431,1.0,[M+H]+
12751,528.350001427,760.82871,142343.379157,8.27235829462,10,
15434,624.332592971,480.807015,124608.046966,12.1092083811,2.0,[M+K]+
12754,528.357847411,579.511128,642716.348017,5.41044046123,10,
12755,528.712263728,75.970182,1650344.53709,12.9528746902,10,
12757,528.774778685,531.525984,419312.10578,2.72712787411,10,
12758,528.888194108,35.5350525,201151.916772,13.3831071558,10,
12759,529.108460374,138.053958,62169.2092625,3.93004987603,10,
12762,529.200067022,48.8221284,2452854.12325,4.30958981601,2.0,[M+Na]+
12764,529.238536254,941.62218,79099.1348725,12.4187536302,10,
14272,578.296657035,841.25298,6263129.04416,1.56186974721,1.0,[M+NH4]+
12767,529.238861511,772.35204,100874.785188,11.8524477133,10,
12768,529.243905195,72.196674,855373.795905,12.9596662782,10,
12771,529.265066382,621.9873,423857.706866,4.03481786919,10,
13862,564.319196949,532.945473,135016.449458,8.54071957021,1.0,[M+NH4]+
14772,597.299481737,764.2725,523784.953443,4.57868135553,2.0,[M+K]+
12775,529.297595044,582.195396,227659.761387,3.3016245181,10,
12777,529.312669018,829.91223,2516334.56942,3.2680703817,10,
12778,529.334009899,794.33076,3125663.65349,4.72070059674,10,
13213,543.349920587,1381.10046,146371.82832,14.5289613272,1.0,[M+H]+
12782,529.340288002,1375.03443,1684225.19324,2.97306603637,10,
12784,529.370212659,505.603209,89405.302411,5.87301500442,10,
12785,529.37714321,957.20001,76960.8961079,11.1893702755,10,
12786,529.407100218,1022.886,262868.641431,4.25264486038,10,
12787,529.476706846,1413.30144,257821.071929,8.55189241554,10,
12788,529.760080333,459.307143,263929.811066,4.85153990957,10,
12789,529.772173208,386.564349,664967.080749,5.19658903939,10,
12790,529.786559108,546.377286,1568202.56468,4.07508125946,10,
12791,529.788403754,454.096854,82012.9563941,7.37201740768,10,
12792,529.7992685,764.53752,184490.483882,3.73835997304,10,
12795,530.203295566,49.360581,406061.503208,8.30718677298,10,
12796,530.202715492,294.675492,184374.597802,7.58461375721,10,
12799,530.22153488,228.589494,94776.1142709,7.66089269277,10,
12801,530.23541245,312.250818,419831.198664,9.83839005259,10,
12802,530.237189084,682.37844,689323.146554,4.32364776423,10,
12805,530.271197346,542.649348,388899.253004,5.29980758629,10,
12807,530.292550125,933.4074,2434089.90074,2.42735151303,10,
12808,530.29412483,518.377035,113056.423797,10.2814579977,10,
12809,530.293202757,482.795952,87824.1751382,13.8529924147,10,
12810,530.30104778,136.543443,602012.056586,8.3616538551,10,
12811,530.31604787,829.91223,738438.986615,2.45942233801,10,
12812,530.329331193,332.27604,511870.134554,3.26451167358,10,
12819,530.381533908,1429.2417,205802.595943,14.3577190875,10,
15835,643.482659623,1501.3965,5152894.08557,3.7304424987,2.0,[M+Na]+
12821,530.687891751,430.321068,44204.5517966,7.52320431658,10,
12823,530.748545922,298.678947,125410.720467,8.90252307277,10,
12824,530.754466697,452.726442,197608.556126,10.0631909227,10,
12825,530.788373682,784.21218,174598.936308,2.11995304361,10,
12827,531.010335539,33.7566786,693958.67574,6.01893059579,10,
12829,531.196988029,1082.75481,125102.300189,6.06399604285,10,
12830,531.195430822,399.441798,45850.7899217,12.9551344368,10,
12831,531.193807175,921.92622,543262.365681,7.82102048004,10,
12835,531.248598059,787.40295,210261.909276,12.9913996443,10,
14699,594.283838994,53.1531894,841542.632001,5.37733886423,1.0,[M+NH4]+
12837,531.251374839,444.882252,147789.288078,7.31659237373,10,
12839,531.250263889,298.552077,49909.9169049,5.14904271861,10,
12840,531.250895649,389.667918,44790.8891914,13.7231779635,10,
13374,548.303269059,961.39839,3679052.54611,9.9032967073,1.0,[M+NH4]+
12842,531.275469999,542.338212,121016.207707,10.5830235546,10,
12843,531.276696163,53.7831708,1002372.76251,0.784715460506,10,
12844,531.289257225,249.572361,153706.99219,7.58649179096,10,
12845,531.292264557,698.40525,13523861.1741,4.12332110895,1.0,[M+H]+
12846,531.296294719,305.13441,2187349.47991,5.09062839095,10,
12850,531.303234161,136.410078,65143.6868713,11.7175012442,10,
12851,531.318631217,829.7916,104835.822528,9.58492192927,10,
12852,531.313369681,951.03387,500856.905519,10.6236117493,10,
12853,531.324896391,992.0982,215864.682338,11.0809451516,10,
12854,531.331514827,909.16224,70198.2868773,5.81259561665,10,
12855,531.332185764,332.189634,114589.360762,7.66734671174,10,
12856,531.332656038,298.205514,210720.532177,5.67471113425,1.0,[M+NH4]+
12860,531.370097931,1406.43276,170895.479255,5.04176831146,10,
12861,531.407273313,1482.8535,1374734.42854,9.8876782723,1.0,[M+NH4]+
12862,531.452139763,1522.3842,321780.29388,2.88420426169,10,
12863,531.735489743,119.407389,200126.766754,10.0960097053,10,
12865,532.177629309,931.18662,108743.476825,5.59761253465,10,
12866,532.196236019,67.08693,9304852.90949,2.77310119411,10,
12867,532.198391969,799.1982,191651.431549,8.5394912974,10,
12869,532.220051601,878.1732,104995.315477,3.63181772264,10,
12870,532.230766663,426.729048,282006.846048,7.24348757565,10,
12872,532.23773651,280.922634,178828.327284,4.65298219704,10,
12873,532.250920675,369.699468,195135.093305,8.64463137601,10,
14562,589.318719708,528.427845,7835848.19739,3.59742964341,1.0,[M+NH4]+
12876,532.271971667,877.81314,918118.794543,4.5137615436,10,
12883,532.316106305,105.559062,57936.7901807,10.2456628376,10,
12884,532.317143344,951.09576,120347.135551,10.986133737,10,
12885,532.351174622,1266.04932,405577.432599,2.74200401637,10,
12886,532.732312474,426.688308,132852.274881,10.3282206985,10,
12888,532.938294671,35.2857924,129740.907319,7.9274265501,10,
12889,533.169852482,827.12742,921085.91768,5.44399921215,10,
12890,533.174846673,149.39799,890811.528623,10.8950948569,10,
12894,533.238718694,315.833034,446436.723844,8.94288184489,10,
12895,533.254355501,369.803778,42685.8580271,5.95795839434,10,
12897,533.274855123,274.750683,1127104.50996,10.2397996323,10,
12899,533.29815699,698.26347,631394.609983,4.66405992571,10,
12900,533.292793774,198.544731,1969703.30871,4.51577917194,1.0,[M+NH4]+
12903,533.329100387,957.14019,357420.011476,6.65616176566,10,
12904,533.328453377,339.437898,69205.2866859,7.77839683503,10,
12905,533.344014013,976.78755,162696.702521,7.33682456629,10,
12906,533.340345293,1005.73329,2003903.57974,0.355148969692,10,
15170,612.370804498,741.16791,2260634.90313,1.08454626575,1.0,[M+NH4]+
12908,533.354781589,1266.27057,76013.3432946,10.134884156,10,
12909,533.441845742,1557.84864,1388845.62297,4.18452709448,10,
12910,533.761466872,535.060932,1002516.28388,3.85779409781,10,
12911,533.75393293,366.13728,179674.348581,9.18892327122,10,
12912,533.759604155,331.895784,69387.9023209,9.86749431992,10,
12913,533.842036539,1006.04358,1039893.12891,3.78113801166,10,
12914,534.157653082,91.091688,128653.672896,14.1867803405,10,
12918,534.2177108,222.100104,4354647.04237,1.75831019325,10,
12919,534.213865372,946.16766,21360367.6596,3.39127026853,10,
12921,534.230410507,427.314117,252681.483635,1.78646361488,10,
12923,534.229554846,706.84008,505674.508036,4.64761699012,10,
16243,668.302332559,626.80455,166025.412642,0.507569035038,1.0,[M+NH4]+
12926,534.254172374,1127.53359,2149772.39608,4.80054512709,1.0,[M+NH4]+
12927,534.253897543,972.30438,50278.7811607,6.74581145653,10,
12930,534.264475889,878.39025,258533.976512,8.1392238564,10,
12931,534.267390991,371.607372,975304.635419,8.39596135345,10,
12932,534.284542415,444.266709,163271.040767,6.53619352849,10,
12933,534.282946846,1408.14315,541105.472572,9.15569123981,10,
12934,534.273886768,488.674608,37200.4991985,12.5821016714,10,
12935,534.296338265,402.061671,92345.7324781,11.1993104233,10,
12938,534.311484281,570.816813,847705.862344,5.5767286462,1.0,[M+NH4]+
12939,534.302864044,800.84442,55604.7447422,13.8711953048,10,
12940,534.296971553,447.856932,128900.249184,5.8477787367,10,
12941,534.313276748,311.843403,74103.801844,3.47238395829,10,
12942,534.324166579,529.430469,2888887.39519,5.60319340021,10,
12946,534.343357769,1005.83658,337724.703916,7.09673101464,10,
12947,534.348103216,809.5521,111783.947673,7.79497147659,10,
12949,534.763774901,551.101932,387856.352025,7.4352718743,10,
12950,534.764388372,594.237912,1148695.6059,1.53898374554,10,
12951,535.047899632,740.89848,154295.162415,6.71122620968,10,
12953,535.141583475,277.097808,29254.0836673,14.6564459343,10,
14953,605.181947533,39.2686998,1059928.43676,5.8884300264,1.0,[M+H]+
12956,535.202365177,842.61402,404440.578816,5.00076099478,1.0,[M+NH4]+
12957,535.198815431,1293.07086,73576.9106998,12.1526246722,10,
12958,535.204438966,456.844854,61251.7841269,14.4112274636,10,
12959,535.213794158,135.657828,251869.282562,6.36015345454,10,
12960,535.226074444,115.85244,87937.4694876,6.46820536886,10,
16998,728.32142118,845.45316,712373.648331,4.03568669514,1.0,[M+NH4]+
12965,535.24950639,62.934546,185306.93019,7.32420987102,10,
12966,535.250415489,176.211462,114265.281323,10.5274568712,10,
12970,535.297981956,416.81829,23817.0149377,7.39843146733,10,
12972,535.323344595,941.28201,319198.836549,6.51607743187,10,
12973,535.316596903,718.0626,285359.91847,8.34255427677,10,
12976,535.506168257,31.1684241,80425.4728544,7.87690237494,10,
12977,535.766136658,721.51878,131660.579164,11.8847041066,10,
12978,535.818161565,1005.90303,206072.29719,4.16978949239,10,
12980,536.12791491,684.71715,398387.83325,6.45594860388,10,
12983,536.182324838,32.3680422,353530.684433,7.07853107797,10,
12985,536.220687899,547.756281,238106.483713,6.7354406368,10,
12986,536.220593919,288.803118,231088.530672,4.57503711968,10,
12987,536.232963632,961.0794,378204.320929,14.108097177,10,
15166,612.331606531,339.10056,171437.076058,14.8516710157,1.0,[M+NH4]+
12994,536.271228451,354.211146,129717.331646,3.17099102834,10,
12996,536.286138401,843.28116,540484.812097,6.42896512474,10,
12999,536.307401744,521.750088,3768550.56595,2.49577482071,10,
13001,536.326150189,941.23368,67606.734881,8.63521874493,10,
13002,536.355370302,922.2765,95542.6491467,5.66138922826,10,
13004,536.722083443,547.662426,116057.367226,6.31208662366,10,
14783,597.769194714,410.49636,2327702.1742,3.21197186991,1.0,[M+NH4]+
13006,536.754396343,384.742044,71900.5735843,11.478236232,10,
13007,536.761858195,677.34867,328984.652594,3.58649381954,10,
13008,536.797241752,590.9244,158383.749232,8.377870096,10,
13009,536.956380431,35.2217958,137888.105428,13.761499474,10,
13010,537.102339573,1033.12977,272873.884163,7.9192998607,10,
13013,537.181537471,339.437898,428618.294142,1.25909497107,10,
13016,537.192441038,115.026072,112464.794131,14.7729277299,10,
13017,537.209779204,384.047538,24139.1789789,11.7060618899,10,
13019,537.201227242,921.732,1674364.01393,4.62608215818,2.0,[M+Na]+
16322,673.329787237,466.839753,794426.947166,2.94639380019,1.0,[M+NH4]+
13021,537.21564031,861.98484,132535.499113,6.87509406368,10,
16879,716.325932121,411.278166,65835.1652686,13.3629398772,1.0,[M+NH4]+
13024,537.249321716,162.902334,310733.926407,3.87531012485,10,
13026,537.266052983,400.524171,653005.887881,2.05839738221,10,
13027,537.269846491,146.885724,3120132.54918,9.49972358506,10,
13028,537.2670312,577.856112,121396.135801,8.01216935486,10,
13029,537.263951774,961.04004,117673.830035,13.6189148394,10,
13030,537.274746919,553.927284,499836.400031,2.29895885163,10,
13032,537.289542186,843.31302,155374.833692,8.13776864457,10,
13033,537.30326495,768.04872,112067.108938,13.869805324,10,
13035,537.338733498,898.71036,142291.765354,6.17350307972,10,
13038,537.470000409,1491.50184,111344.889746,10.8536907297,10,
13039,537.534960654,1489.69794,7877671.30005,3.44087270435,1.0,[M+H]+
13040,537.676065427,1146.68364,1047070.62572,9.86465453611,10,
13041,537.744906642,459.208476,81061.6877835,4.03352058876,10,
13042,537.752820966,396.21204,66362.3733576,7.11147397634,10,
13043,538.010455261,1146.49218,900876.568425,11.2431784525,10,
13046,538.189646213,801.19593,267879.314407,8.50012061054,10,
13048,538.197197424,973.82028,122974.186539,3.33541350084,10,
13051,538.201875183,107.953686,1161620.95927,7.80786222481,10,
13054,538.250105004,525.721428,521306.51394,7.93971095371,10,
13055,538.269524443,400.663557,164727.604854,6.23105531192,10,
13057,538.277454603,962.35188,13398757.6086,5.98834993204,10,
13058,538.286714211,308.891013,125722.399256,8.89487462156,10,
13059,538.286743808,250.692366,62001.3787471,13.4524804126,10,
13060,538.301561628,801.58434,477133.932804,6.14962205804,10,
13062,538.334424406,575.79774,49450.5351646,5.41431832352,10,
13063,538.334277878,639.99216,120281.421423,8.78910678114,10,
13064,538.364081493,1466.46468,263590.933785,6.04939392326,10,
13066,538.790475061,455.911941,71588.5393512,7.6558199952,10,
13067,538.81229916,1004.79612,203086.043871,4.70545217683,10,
13068,539.132607408,767.39574,82273.20341,13.5046072021,10,
13069,539.147842592,927.5358,181347.888861,14.1207614903,1.0,[M+NH4]+
13072,539.201315109,76.036989,4147767.62509,5.60842658692,10,
13076,539.23112366,193.657599,1937049.80005,2.65333547209,10,
14436,584.303451062,435.16206,3174566.66109,5.17275927719,1.0,[M+NH4]+
13078,539.245558622,292.627377,1229005.86179,6.6801395672,1.0,[M+NH4]+
13079,539.246074152,809.04921,291221.614911,7.32002191599,10,
13080,539.242336873,517.744338,104450.462185,4.25274769089,10,
14730,595.271078057,318.843642,810102.033525,3.92562780729,1.0,[M+H]+
13083,539.245939512,200.12259,183390.859105,8.56751788383,10,
13089,539.33905667,1032.99834,1402688.09912,10.3217522229,10,
13090,539.385043048,1360.14393,663471.890465,7.91094285786,10,
13091,539.384443405,1266.93024,182949.814412,6.97677217326,10,
13847,563.466362466,1380.77349,434857.666913,14.1241048145,2.0,[M+H+HCOOH]+
14738,595.587934933,1490.20644,18630600.8139,5.44968523329,1.0,[M+H]+
13094,539.702943192,76.036989,1947617.55206,8.25743211023,10,
13096,539.760252218,386.300652,342968.204195,4.48716762776,10,
13097,539.764887475,579.01674,110464.070616,9.08277982531,10,
13098,539.779059682,404.64855,305826.859727,9.56894156032,10,
13099,539.803890126,496.045458,618699.733282,4.57265098594,10,
13100,540.068359655,721.71801,4507934.03819,10.0197032123,1.0,[M+NH4]+
13103,540.168870873,45.0838089,271182.015672,9.49038107401,10,
13106,540.194108367,500.09196,135734.114534,11.5913900041,10,
13110,540.212740466,1127.38332,158199.765896,4.8940954162,10,
13111,540.217977388,301.895628,40393.9720942,3.06568142577,10,
14158,574.265177111,320.265081,1559485.61472,8.79092394778,1.0,[M+NH4]+
13113,540.247967622,88.293681,220510.856093,12.1195196683,10,
15401,622.326225727,996.13728,440858.512433,2.33776089681,1.0,[M+H]+
13120,540.282344184,607.79298,88199.8002282,11.7976959412,10,
13122,540.297845004,841.25298,98364.6704218,6.13376797828,1.0,[M+NH4]+
13123,540.305912176,1258.59672,3325231.99768,7.98464394251,10,
13126,540.334990357,59.6321679,775108.784379,5.2087969315,10,
13129,540.729819375,319.261722,107420.13215,4.58938530225,10,
13130,540.769295342,687.29973,674587.061817,2.61484911387,10,
13131,540.768913498,423.449934,111699.289288,5.52994805627,10,
13132,540.811266242,593.314953,616743.371751,4.50141568219,10,
13133,540.988415793,33.4419945,3038181.22932,7.9161849396,10,
13137,541.152984577,220.381482,864467.335233,3.82964918664,10,
13139,541.197582926,149.371458,827760.989666,6.01280609247,10,
13140,541.188573868,490.829079,52109.6201753,9.65792683942,10,
13662,558.213797541,960.88434,852974.45784,7.37773348612,1.0,[M+NH4]+
13146,541.216701918,744.4065,187940.812931,12.2011012401,10,
16648,698.330194684,683.40402,191554.498505,5.61477756794,1.0,[M+H]+
13150,541.249029513,456.589062,386635.814864,7.09758641558,10,
13151,541.259725423,582.12336,47914.2588263,6.30030658789,10,
13152,541.270546113,687.31098,343495.64185,8.17142089424,10,
13153,541.297665115,465.355083,29751078.38,1.88133977219,1.0,[M+NH4]+
15913,647.386814478,612.13146,481676.723572,7.26948466726,2.0,[M+K]+
13161,541.407263274,1414.87542,139220.301353,9.79015426089,10,
13162,541.708809596,193.494342,136669.319521,1.83397479969,10,
13163,541.759047802,498.748584,110739.929056,2.45162601684,10,
13165,541.772107435,687.29973,109659.106445,8.60042077694,10,
13166,541.813215151,656.79789,254786.464296,4.86220862381,10,
13167,541.813781171,593.15586,73287.2731752,10.5532380426,10,
13169,542.130832893,878.0391,164932.532243,7.11778247847,10,
13170,542.19560415,47.1300432,702278.27756,10.8155005905,10,
13172,542.218846752,960.88434,261996.558622,2.41426886842,10,
3227,284.108829134,933.27324,656622.846047,3.73657539829,2.0,[M+Na]+
13174,542.237282214,767.05281,120529.268098,6.75846935278,10,
13176,542.258540645,873.99174,83191.9221946,3.74370846439,10,
13180,542.337350339,456.704058,71401.8924746,10.9492689331,10,
13183,542.430980914,1456.71933,84900.0478638,12.2712946844,10,
13184,542.452490696,1398.87642,373557.978105,5.82191886406,10,
13185,542.790709452,622.39296,23828456.365,2.4703722548,1.0,[M+H]+
13186,542.815523658,654.41745,363252.850646,10.8438437151,10,
13187,542.904031891,35.2217958,226935.827006,14.0353112997,10,
16021,653.23463177,1032.99834,431406.11376,7.06010939098,1.0,[M+H]+
13192,543.128233013,801.51072,364407.482814,5.02260306375,10,
13193,543.131990309,42.0828726,2454959.09044,2.51142483255,10,
13742,560.232615351,962.87694,7482865.29825,5.41488934375,1.0,[M+NH4]+
13199,543.200593058,1001.49936,266837.039596,9.63406981642,10,
13203,543.250974923,378.32667,112780.943181,11.1597169321,10,
13204,543.279327913,658.48764,180433.699612,7.46237505512,10,
13205,543.295804709,417.728799,87126.3911701,11.5642375799,10,
16628,696.367011414,622.77687,359758.547407,3.77208838186,1.0,[M+NH4]+
13207,543.290143285,750.83172,1144379.07333,4.63234120618,10,
13209,543.299530645,56.3634132,1258485.78241,0.289753304109,10,
13210,543.31686316,654.24759,165793.732664,4.44104173607,10,
13212,543.343866725,1161.17778,266501.851467,5.67074937117,10,
13214,543.349635057,874.09374,1011881.87995,2.57029304421,1.0,[M+NH4]+
13216,543.71644363,271.223112,61701.6326833,9.66308159772,10,
13217,543.754972772,696.04368,393761.60592,2.80720667635,10,
13218,543.76218776,376.098912,214120.009714,11.9272625203,10,
13219,543.78005822,277.097808,147412.603553,4.05655247381,10,
13220,543.791748455,750.81279,656612.965362,2.20755972972,10,
13222,543.804945707,1005.87333,263217.721558,1.85800361702,10,
12566,522.192855564,917.64051,257639.06499,7.11335060801,1.0,[M+NH4]+
13226,544.191664399,840.91122,63047.0436272,9.44627067273,10,
13227,544.200240303,413.250432,177315.264672,7.96461943771,10,
13229,544.229446754,1001.90754,121806.079479,12.9308469185,10,
13230,544.241422825,296.486388,702226.435499,5.75685665713,10,
13232,544.256616622,696.04368,216557.776554,4.090354881,10,
13236,544.277402388,515.372454,378195.904541,2.12427330627,10,
13237,544.294405144,1032.99834,1966884.04679,6.39765295735,10,
13238,544.297016913,463.50345,73149.1075813,4.2004690748,10,
13239,544.308476091,110.788212,1293486.89624,3.94249707223,10,
16704,701.382042352,542.15514,129646.350371,3.27983438264,1.0,[M+H]+
14565,589.337572518,258.627864,263477.627552,7.13168883258,1.0,[M+NH4]+
13243,544.316560814,346.366284,178525.667702,14.2612333543,10,
13244,544.333629553,721.77357,262385.380814,8.02964357366,10,
13245,544.329027681,890.84058,836324.925513,11.8025103131,10,
13249,544.352976211,505.16046,68593.8722887,9.7915112541,10,
13250,544.702241418,413.250432,78387.0674651,10.5552647409,10,
13255,544.799457219,775.99044,377541.237186,4.71661293384,10,
13256,544.830018633,800.01348,79191.6603759,12.4791896979,10,
13257,544.935095488,35.5472922,139689.956974,7.02034215054,10,
13260,545.0962246,842.94729,413494.85073,2.55359800725,10,
13264,545.194812335,165.71709,41253.4656046,9.26952643933,10,
13266,545.219817495,89.042682,770039.367555,6.73161562762,10,
13267,545.225832453,631.36146,605326.260589,7.12446307013,10,
13271,545.252864718,555.305718,343660.892894,8.24198541426,10,
13272,545.261434637,105.580434,31660.8596631,9.64212157199,10,
13273,545.275053391,379.521039,255505.946531,12.2763342768,10,
13276,545.290541496,596.385,41330.413685,11.5901863618,10,
13277,545.292639502,697.40514,187948.765492,4.21519266331,10,
13278,545.299689426,776.14233,82495.1315083,4.4514830451,10,
13279,545.311202581,258.924369,135658.272507,12.1349657051,10,
13280,545.303900866,67.780857,1149619.27487,6.60397243524,10,
14707,594.321902548,353.048733,56960.0395339,10.3292256536,1.0,[M+NH4]+
13283,545.328955161,126.367323,1945689.02661,10.734099929,10,
13285,545.328793984,199.890354,278755.485385,7.47236331005,10,
13286,545.328926782,382.658292,2980342.64209,1.40156364401,10,
13288,545.343952121,648.68697,1330735.57631,5.01428588215,10,
13290,545.683023842,148.725078,392053.713496,12.3801788303,10,
13293,545.790137799,375.38958,52283.7917961,8.8863102617,10,
13294,545.806929332,783.01842,196414.767937,14.0000274351,10,
14474,586.199630309,356.922906,5635288.70953,0.768558414572,2.0,[M+Na]+
13300,546.239000236,259.817247,3447174.44369,6.88682623017,1.0,[M+NH4]+
13301,546.252706915,111.984324,292947.222418,5.60354205228,2.0,[M+Na]+
13302,546.263726634,927.31905,491569.778148,7.24458970925,10,
13303,546.273894622,800.84442,2494237.59438,3.53853998552,10,
13305,546.287916349,149.07696,3112028.49077,13.0893593719,10,
13307,546.313724572,352.481274,38175.7925728,7.66814095243,10,
13310,546.348590955,800.96736,217460.231458,4.62387657105,10,
13313,546.3681267,384.919026,30777.26747,2.75404011616,10,
13314,546.740724634,259.817247,1656972.39196,6.23707964162,1.0,[M+NH4]+
15301,617.787825846,495.621786,350795.760161,8.70915097874,1.0,[M+NH4]+
13316,546.756733627,425.240307,470890.251477,5.86533303834,10,
13317,546.894034732,35.3633172,147149.884955,14.3818471035,10,
15410,623.148210797,1024.15188,535758.3397,6.7970369953,1.0,[M+NH4]+
13320,547.138193851,877.56054,215335.516721,10.0758745694,10,
13322,547.184153839,75.8223,3446214.5732,7.75447980144,10,
13323,547.205927594,923.87664,48178.8392323,14.8789290907,10,
13325,547.236164072,411.400074,190199.153419,3.46951550628,10,
13328,547.242244341,67.153299,48467976.8148,1.58627882245,10,
13329,547.241944811,259.817247,578541.550856,8.60623423474,10,
13332,547.271888973,406.421106,289448.50596,2.6841893893,10,
13333,547.262206782,731.9058,102903.511485,7.65641426898,10,
13337,547.290110076,724.01784,89866.0783436,10.9205178563,10,
13338,547.308244976,312.46065,3612033.62965,2.81997706895,1.0,[M+H]+
13339,547.323482324,603.70818,160449.748266,11.1179213059,10,
13341,547.352910031,1398.08886,697223.605767,11.2863111232,10,
13342,547.359526256,842.57646,410638.549778,7.66159013424,10,
13868,564.49822691,1530.85041,31277322.1048,5.15364068895,1.0,[M+NH4]+
13344,547.494113306,1445.48844,574610.221454,4.92894775199,10,
13345,547.685687084,75.8223,1631199.06106,6.20600924751,10,
13346,547.734470002,164.635155,3361408.49403,3.17428241409,10,
13348,547.74534322,495.469149,110401.462525,11.6310645121,10,
13349,547.745913191,386.399196,148523.279766,5.11585787632,10,
13351,547.776535127,328.101393,259763.794293,14.3979924006,10,
14402,583.202469029,858.40632,2178222.13874,5.10307493839,1.0,[M+NH4]+
13353,548.16028947,403.782834,45172.2883113,7.49656126575,10,
13355,548.186015407,259.682658,49795.8332843,13.8922412207,10,
13356,548.186942683,75.87555,574652.988027,6.26500673679,10,
15701,635.318228483,777.90657,4451271.86201,2.64025559816,1.0,[M+NH4]+
13359,548.249408725,1078.42332,93658.8288623,10.7909123053,10,
13361,548.286093941,297.133314,119527.556257,8.48114286747,10,
13362,548.286340773,828.06309,2198848.51134,2.77302270773,10,
13364,548.278127516,563.196486,117054.96786,14.311800664,10,
13366,548.274102198,684.34668,49592.0221021,11.9658733019,10,
13369,548.293577019,330.631581,268570.490472,5.61351837305,10,
13370,548.294637227,565.716732,203776.158241,11.9395408119,10,
13372,548.3115535,72.655674,1055921.62829,4.82806085974,10,
13375,548.311190193,164.642466,127989.963905,7.11333656587,10,
13376,548.345868631,1218.78162,1486891.30192,10.6413193875,1.0,[M+NH4]+
13380,548.497624666,1444.97424,169460.430172,6.20416736242,10,
13381,548.503263554,1566.76455,2860808.5475,6.22393306603,10,
13382,548.716602106,259.817247,298302.553621,8.17875222016,10,
13383,548.765660808,664.29405,6599863.30634,2.49486877376,10,
13384,548.767638083,719.3622,399007.664016,3.27577204719,10,
13385,548.788693975,573.000816,64893.3454119,13.4179149087,10,
13387,549.13338332,76.288197,217346.358938,13.223045496,10,
13388,549.143607101,827.12742,559512.060832,12.3819509855,10,
13389,549.147103926,840.59004,49516.2550111,8.3050748636,10,
13390,549.230257769,126.682518,689346.737356,9.9179288696,10,
13392,549.245181677,1114.90347,108079.703013,11.5807695204,10,
13393,549.246759632,67.16754,1649310.31911,4.64261634957,10,
13395,549.267023439,664.29405,2172193.41472,5.14060522554,10,
13396,549.289633183,828.06309,694894.379808,4.09837471729,10,
13397,549.286907037,861.65802,1937396.03111,4.98385367727,1.0,[M+NH4]+
13399,549.300497459,390.478434,103621.607133,13.3299656459,10,
13402,549.313614793,759.95115,541737.908653,6.22982916504,10,
13404,549.312203261,905.45154,76914.1254886,6.80692432597,10,
13405,549.336741222,579.511128,91412.7938259,11.9371024329,10,
13406,549.344152412,720.77868,122752.885502,14.8772107897,10,
13409,549.509704335,1462.30638,479919.819772,7.54930628928,10,
13411,550.117833057,106.598682,415448.259109,1.98817287024,10,
13415,550.163455142,149.057769,1869150.90501,10.5166854419,10,
13420,550.227326943,897.87804,156105.968153,11.3096900808,1.0,[M+NH4]+
13421,550.233700395,55.2587928,20072428.7319,1.81483041099,10,
13424,550.286616749,384.481605,312032.054953,2.45954907657,1.0,[M+H]+
13425,550.29880194,459.288501,4716153.36028,5.17631267354,10,
13426,550.288784852,976.66431,91782.7921282,10.7365292856,10,
13429,550.308148649,714.71886,588993.683845,4.3802666479,10,
13431,550.303554191,685.4268,1084114.90289,5.27525249769,10,
13432,550.298488584,961.1934,217056.344902,1.78986044724,10,
13433,550.322540669,851.43012,136672.034476,1.67569646068,1.0,[M+H]+
14647,592.333575358,723.85947,2075908.12842,4.46305569594,1.0,[M+H]+
13436,550.753240501,304.002129,150630.26785,12.6282606866,10,
13438,550.81022784,714.74628,330569.515548,7.5156769348,10,
13439,551.102013097,142.033269,120795.608704,9.73057733458,10,
13440,551.101899732,1242.38112,150121.457199,12.662806971,10,
13441,551.113820478,39.8895579,1379733.95424,13.0809238012,10,
13443,551.133864847,83.478117,336818.341466,10.3527769554,10,
13444,551.140723325,827.05836,49761.0051579,0.365568334799,10,
13445,551.169186389,942.65838,95237.413815,7.16326445819,10,
13997,569.227888194,903.63309,142342.150723,5.62932514993,1.0,[M+H]+
13448,551.195599861,116.665956,330179.963639,8.12783097485,10,
13449,551.208068552,438.221628,552231.201855,5.85910534048,10,
13451,551.236479749,517.360398,157157.335253,5.51591135017,10,
13452,551.245751689,403.127496,1253875.81559,5.12396266138,1.0,[M+NH4]+
13454,551.302489834,459.288501,1091068.54953,9.3810429222,10,
13455,551.310982898,425.939361,77390.1558773,11.9683668339,10,
13457,551.311250339,714.74628,95384.9002207,8.15400001034,10,
13460,551.31578975,597.755238,284291.501548,2.68266602799,10,
13461,551.348382703,1402.82844,119528.895968,12.6532804072,10,
13463,551.337741131,644.34627,292455.1968,9.13332581719,10,
13464,551.383952574,1308.92643,65515.452996,6.66389375216,10,
13465,551.709615072,438.313248,285432.380945,7.42297522652,10,
13466,551.792153458,630.44646,652069.380576,9.70884701581,10,
13467,552.130085558,917.74725,70293.9502734,14.2900472068,10,
13471,552.228305657,67.557303,1671213.8589,8.98549504682,10,
13472,552.229832007,135.39399,77329.5964786,8.97954572715,10,
13473,552.245262857,619.40502,138487.820977,8.09944650457,10,
13474,552.244451853,526.771728,365596.001567,8.20735434519,10,
13475,552.257492699,398.741046,247447.328221,4.55171142334,10,
13476,552.264347857,865.42869,346785.552917,13.6291170803,10,
13477,552.275143995,305.089137,802143.341186,6.90137166613,10,
13479,552.293061794,991.02228,479417.315783,5.2552153523,10,
13480,552.303928288,459.121254,214910.020046,8.50654867696,10,
13484,552.338672561,731.9058,102593.744598,6.78671977999,10,
13485,552.350171872,551.429496,829936.722555,4.55590885444,1.0,[M+H]+
13486,552.375132696,749.72661,364827.182407,6.55894081335,10,
13487,552.404286428,1381.21218,66572.4502782,5.43505394301,10,
13488,552.444710774,1452.05931,152243.992024,11.7700938235,10,
13489,552.685989412,1155.67272,985079.491047,3.26522819643,10,
13490,552.751657931,769.53207,2231535.98378,3.08789385105,10,
13491,552.75994135,398.962539,140798.737789,9.36580718011,10,
13492,552.786938361,617.1873,128381.553357,9.6027470127,10,
13493,552.797771,538.93908,72289.3486,11.8529249072,10,
13494,552.933000097,35.1304974,237094.747835,9.50591872247,10,
13495,553.104020527,1024.2102,292218.159277,8.66296778446,10,
13496,553.128324075,878.44815,285735.975304,12.9926898001,10,
13501,553.194966416,903.44412,298139.294041,5.71259678367,10,
13503,553.208285438,835.3107,44246.6383964,9.43205480428,10,
13504,553.216234039,927.55626,85421.1080385,6.04166946428,10,
14847,600.33482008,338.736018,5817033.47526,5.7786451408,1.0,[M+H]+
15286,617.290963202,769.20207,1007040.07278,1.72351962061,1.0,[M+NH4]+
13508,553.261333493,441.90606,267227.991348,7.84529568804,10,
13509,553.267385626,865.53738,72462.8037538,8.65337042263,10,
16240,668.272777227,266.052621,549616.28775,11.34374906,1.0,[M+NH4]+
16361,675.349283834,780.60999,377782.811271,6.17805890749,2.0,[M+K]+
13519,553.334123166,621.26145,22138255.1441,2.37123679038,10,
13523,553.399736584,1414.68315,11457979.6586,3.59545860151,10,
13524,553.458551555,1565.73234,1144890.61619,6.89125152921,10,
13525,553.650186347,31.4398557,116614.964602,10.8161980325,10,
13526,553.753145432,769.53207,502626.859081,4.17053238838,10,
13529,553.799039774,839.58765,267630.002864,3.42296737937,10,
13530,553.835721426,780.92049,106659.459906,12.5161258552,10,
13534,554.182616571,826.1436,290672.528613,10.0366203838,1.0,[M+H]+
13536,554.220598251,684.22152,494716.426838,5.17894099873,10,
13537,554.231182935,512.531838,803927.965463,6.69650667585,10,
13539,554.261667209,961.00665,283849.217859,12.1421713661,10,
13540,554.270381495,528.08472,2369334.17109,6.54302320391,10,
13542,554.282813254,622.39296,1317255.83468,1.60630950743,10,
13543,554.29682343,602.38506,1568672.93528,1.76112459704,2.0,[M+H+CHOONa]+
13545,554.300601959,839.57874,148885.304395,8.66246577921,10,
13546,554.332947871,887.99988,1825845.93803,4.36718451325,10,
13548,554.343602779,1244.64648,46611.1924089,6.42685614809,10,
13549,554.373444373,562.128234,84754.3287129,3.90013095439,10,
13552,554.441289191,1377.28242,3063463.30573,4.00975063151,1.0,[M+NH4]+
13553,554.784895222,748.14519,565825.196478,1.54610401167,10,
13554,554.784451126,622.46262,421466.109101,7.58506177914,10,
13555,554.815863521,824.76417,514625.725674,4.58651370415,10,
13556,554.891843863,35.349789,115883.898316,2.70865360983,10,
13557,554.962985046,35.3565531,102591.749242,14.2566830206,10,
13558,555.106999498,767.71914,48988.5095649,12.8794779599,10,
13561,555.183543742,1126.86171,825111.988022,7.14363616489,10,
13562,555.189172131,55.2587928,9649545.97758,1.68077156837,10,
13565,555.221917778,684.11118,87791.5641349,8.60886209352,10,
13568,555.253584652,607.83237,581947.942626,8.77722435588,10,
13571,555.280999476,575.786631,1404683.94378,4.60595647079,10,
13573,555.280725641,650.83656,10799484.5437,3.38505262259,1.0,[M+NH4]+
13574,555.281095033,598.319526,564907.904743,5.76518983329,10,
13577,555.35335499,1021.01895,1980710.28242,2.49655995091,10,
13578,555.385756675,657.48516,68099.752909,7.00515286346,10,
13580,555.743988198,426.283119,131510.425491,11.4538244209,10,
13581,555.782306303,790.51218,151965.333491,5.27048800886,10,
13582,555.7877623,610.93887,911243.563406,6.39406263819,10,
13584,555.810630024,784.67436,133337.328115,13.1863511177,10,
13585,555.855060886,1020.88542,1088156.3411,2.52619774611,10,
13588,556.154862867,400.902729,54163.0694478,7.18615039535,10,
14972,606.141806068,67.153299,2184245.9326,8.332230232,2.0,[M+Na]+
13591,556.167763291,840.78366,64597.4938739,12.0977168397,10,
13593,556.189853875,406.421106,168109.089876,3.86504749958,10,
15287,617.291285822,1003.87392,182897.444828,9.18579224911,1.0,[M+NH4]+
13599,556.263360832,558.8859,511082.781951,7.09241329501,10,
13602,556.276759546,566.831682,337162.478317,2.30049750873,10,
13603,556.290611368,443.45406,709946.590385,7.13329129148,10,
13604,556.289544386,611.07234,493042.574949,5.92468665345,10,
13608,556.356419871,1020.88542,370624.645323,2.92779837552,10,
13609,556.363116843,148.924038,3839878.0129,6.4181711807,10,
13610,556.365668207,1032.99834,4331488.56861,9.25390725013,10,
13611,556.381898236,740.29146,91388.0515052,10.6021957151,10,
13612,556.381427019,624.11148,94207.3428441,3.84225876134,10,
13613,556.504519719,1441.28724,701846.11826,3.68528843011,10,
13617,556.806914039,853.45485,140421.877852,12.1804903957,2.0,[M+K]+
13619,556.96607425,33.4419945,2235867.14466,5.46331498278,10,
13620,557.039365117,741.2568,244450.022079,0.450262544338,1.0,[M+H]+
13621,557.047162376,977.75766,39485.157714,2.48289014046,10,
13625,557.139099337,935.22885,1764554.82194,3.9952661379,10,
13627,557.162151199,1026.84237,295281.635202,5.1244591383,10,
13628,557.162384694,993.37578,455430.63075,9.41030277261,10,
13630,557.180449864,933.3585,515114.642592,5.79762236983,10,
13631,557.211689053,933.18798,187131.148084,3.69894408164,10,
13632,557.233573536,444.472437,1206652.76323,6.03155892266,10,
16473,684.366992746,546.721854,484102.243189,3.08028718344,1.0,[M+NH4]+
13634,557.234921599,470.956764,2223204.78753,5.31161258219,1.0,[M+NH4]+
14117,573.20652781,612.02586,1147992.98927,6.3246953556,2.0,[M+K]+
13636,557.232337009,356.928906,48734.0320175,7.94564286412,10,
13637,557.236872737,1003.8432,73871.6009227,8.66469361115,10,
13638,557.264202217,367.439652,181494.266561,8.99917773897,10,
13639,557.267023468,478.476948,118154.854822,5.50423652578,10,
13640,557.298400148,411.151194,728692.004742,6.26115551385,10,
13641,557.304356954,243.679236,274790.596534,4.89109646245,10,
13643,557.30399448,333.518022,372937.923128,3.57985076187,10,
14099,572.339788348,292.461315,3121616.40391,6.32800781596,1.0,[M+H]+
16436,681.322267414,744.72114,220589.543357,6.98850542259,2.0,[M+K]+
13650,557.791673518,851.0871,171491.950125,9.05875031571,10,
13651,557.799794305,411.02346,396765.095859,2.62337010196,10,
13652,557.831090779,1020.88542,210172.784215,5.91794679965,10,
15094,610.110166832,747.4647,8852330.1032,1.02225888799,1.0,[M+NH4]+
15546,630.119347861,701.85492,1031893.70471,6.5924831828,1.0,[M+H]+
13657,558.062865529,908.75514,377487.776646,5.90059335804,10,
15092,610.110305692,769.73001,12454003.1088,2.81143043075,1.0,[M+NH4]+
13660,558.17458954,75.8223,482524.343723,8.40635658211,10,
13663,558.232001685,873.55248,176736.123969,2.10173967039,10,
14584,590.26451057,88.723368,3894435.57183,5.61128655554,1.0,[M+H]+
13666,558.255338966,266.052621,531833.950072,7.7618213006,10,
13667,558.245591249,550.056738,110078.363541,14.4718171171,10,
13668,558.251673653,128.284446,1280144.62326,7.32738885914,10,
13669,558.26516443,525.452343,395821.264678,12.1372173472,10,
13671,558.287972214,197.045034,1416976.7379,3.6544316194,10,
16341,674.371232242,251.625624,743642.730297,5.75192322995,1.0,[M+NH4]+
13673,558.295041927,1270.15314,148117.820381,7.777545624,10,
13676,558.312918442,395.560629,132666.682346,9.81472090842,2.0,[M+Na]+
13677,558.332631606,1020.88542,84632.1966205,12.0679959454,10,
13678,558.348997112,843.0972,778048.985471,2.59999933826,1.0,[M+NH4]+
13679,558.347992099,869.1186,898798.542698,1.99406929069,1.0,[M+NH4]+
13680,558.349223381,554.960352,39436.877064,14.5765518261,10,
13681,558.360622857,303.791052,62371.3386285,9.25356490942,10,
13682,558.360644918,380.569788,858787.475211,11.662404587,10,
13685,558.368368295,660.59223,78506.2635539,6.18439742956,10,
13687,558.454934646,1473.8691,122508.925764,9.13078745215,10,
13688,558.750569194,282.22512,660492.699111,1.35803486856,10,
13689,558.766209359,525.803586,223606.698909,13.5049290007,10,
13690,558.805573359,793.65999,1072781.83416,4.73366766418,10,
13691,558.811092574,774.48852,229506.863548,12.1673059804,10,
13692,559.03650696,741.05268,103910.243505,13.1760039386,10,
13695,559.092555122,740.81949,307908.699562,5.17695393767,10,
13696,559.102189836,801.6129,262124.637212,9.59487875832,10,
13698,559.181409389,260.070804,396261.655971,7.96162855884,10,
13702,559.19800623,862.23156,707887.400898,3.21384692232,10,
13703,559.225501191,378.455574,111526.84815,9.26607598068,10,
13704,559.24055429,470.951946,92208.9248666,9.58306271678,10,
13706,559.255016713,664.29405,914448.818311,7.01110911099,10,
15358,620.280004975,599.672952,182990.513834,12.09017317,1.0,[M+NH4]+
13708,559.266618647,401.721795,560540.694414,10.293019547,10,
13709,559.283177474,311.08365,400007.426681,4.55070004289,10,
13710,559.283556792,258.072114,194803.576979,2.35279201682,1.0,[M+NH4]+
13712,559.291344981,196.87803,331572.551198,6.52953506497,10,
13714,559.307310959,599.058897,110909.785974,13.6197680307,10,
13717,559.307580681,1023.86031,1009091.95825,5.69802078914,10,
13718,559.311549469,774.49008,60709.6690981,11.3599756233,10,
13719,559.319369017,137.033076,97403.9850141,10.184837263,10,
13720,559.327555637,355.109463,291548.342564,1.91630591608,10,
13721,559.333796789,806.95221,546575.115207,13.1483911264,10,
13722,559.344587504,763.944,194708.374591,4.61120445207,10,
13723,559.344828059,203.858037,95984.4203755,13.9567794274,10,
13724,559.344574741,168.873834,39933.8619427,10.6476848672,10,
13727,559.359625122,822.48144,84065.5036871,9.2480534132,10,
13733,559.753433726,281.950752,104562.262246,4.23753710276,10,
13735,559.80849594,793.52613,199638.213843,6.609259777,10,
13736,559.835390764,806.80875,333858.07648,6.68609972051,10,
13737,560.07747616,537.194718,45300.9263712,11.4661463762,10,
13738,560.146943134,919.98162,532134.682231,5.67763634456,2.0,[M+Na]+
13740,560.182982107,419.594433,57494.6684472,5.02087988208,10,
13741,560.201052573,862.2009,127379.52589,13.3108022037,10,
13743,560.245654178,454.77732,88028.590119,13.6801609254,10,
13744,560.248764312,615.63462,347568.2475,9.40810588144,10,
16207,666.262783483,82.675743,5143774.4963,6.97033195756,2.0,[M+K]+
13746,560.257735331,664.41609,155023.056779,10.7493008695,10,
13748,560.269818662,1259.81286,67500.331369,11.8495472942,10,
13749,560.269545348,401.797926,85228.8301064,11.1401246314,10,
13755,560.327167706,724.9413,3772939.39683,3.25566046624,1.0,[M+NH4]+
13756,560.328757386,456.844854,89618.4555816,4.96444185985,10,
13757,560.347855939,403.954044,311577.109889,5.6163305928,10,
13759,560.748928722,662.3961,4531405.35598,3.33668814614,10,
13760,560.772266217,505.755459,225378.324659,7.04501148323,10,
13761,560.800065055,699.72594,835378.586509,2.22173622411,10,
13762,560.90911973,35.3816538,153917.455662,3.64464627628,10,
13763,560.997679253,613.68243,788323.981581,7.72697784386,10,
13764,561.043006449,593.696256,335351.02724,8.97096627412,10,
13765,561.04890427,925.14498,65829.013822,13.5803346413,10,
13766,561.06984028,842.99046,269185.279433,7.53567238192,10,
13767,561.109165954,903.60489,322762.09962,7.36107987264,1.0,[M+H]+
13768,561.099540569,801.24918,94994.6414881,12.151939475,10,
13770,561.141442684,49.6789488,221540.653054,13.3567698843,10,
14553,589.222076034,718.80267,354414.344079,5.2321445509,1.0,[M+H]+
13778,561.251006944,926.46711,203012.648473,5.61187754271,10,
13779,561.262412975,131.204829,256074.226355,10.2224242409,10,
13780,561.272914858,505.926711,138194.760947,14.6765447636,10,
16754,705.377066537,363.57834,509690.331654,6.26189872636,1.0,[M+H]+
13784,561.303041982,330.903849,463822.150932,5.45860096524,10,
13785,561.310660277,941.49612,61159.2491856,6.78061062854,10,
13788,561.321055765,1032.99834,2823858.91191,8.55363099213,10,
13789,561.324413409,569.943621,259177.528861,4.24991536483,10,
17486,773.390393578,857.7516,2078091.85594,7.0099886147,1.0,[M+H]+
13792,561.357927431,723.01932,362453.294492,11.5678387108,10,
13793,561.350186557,675.99606,105270.787559,5.59466389311,10,
13794,561.396341146,1236.0495,71630.2028396,12.5036993736,10,
13795,561.747790993,661.89708,882060.170842,6.07604304205,10,
13797,561.857028534,1248.04776,112483.46468,6.21618445812,10,
13799,562.133314429,927.31905,136977.632042,13.031483728,10,
13800,562.13046384,857.76186,808320.896404,10.543860257,10,
13807,562.22513409,126.0522,1120655.52633,13.7913313468,10,
13808,562.246479465,66.839919,2386503.53147,5.28681941654,10,
13809,562.238085925,471.985446,2084922.46362,8.1642200328,10,
13810,562.263105017,941.76549,83610.1744207,10.2202849578,10,
14753,596.314813437,360.735666,1051478.66854,0.919334520024,1.0,[M+NH4]+
13812,562.29001735,566.831682,471411.496892,4.27380933039,10,
13814,562.290752656,193.830531,623925.733238,6.85545360256,10,
13817,562.35520471,1126.69365,323085.292961,7.00217549956,10,
13818,562.358338928,1456.8876,48686.1437978,13.4181575678,10,
13819,562.36354158,516.720204,64014.4147504,2.63670122454,10,
13822,563.023985208,1126.7388,96435.6848011,8.06267236269,10,
13827,563.126752828,927.0402,358648.182341,10.3708333931,10,
13829,563.194902933,371.91474,277355.050557,3.56045710963,10,
13830,563.202271268,67.466925,1046790.12472,8.73771675128,10,
13831,563.234141278,928.56894,50763.7825974,11.3632526546,10,
13832,563.230783003,475.699632,715905.721375,12.9545915717,10,
13834,563.242162297,471.332844,342857.941061,7.71057920295,10,
13835,563.2679273,285.680244,155519.52348,8.32795601212,10,
13837,563.276406415,1381.04388,95102.0877728,5.78097829678,10,
13838,563.303200542,236.682441,63116.812712,7.46419234359,10,
13840,563.318359388,457.50459,2028383.98922,8.39744633241,10,
13844,563.32893143,854.71182,675437.441108,8.14228419578,10,
13845,563.346049169,840.6006,261818.393992,0.629505956255,10,
13846,563.441580828,1405.07832,173856.894364,4.14831607121,10,
18033,845.485313284,908.45733,2477888.246,4.15480426117,1.0,[M+H]+
13852,564.200672979,976.07682,68267.0675609,12.3464275202,10,
13853,564.211812938,749.83566,261028.634323,3.70160384765,10,
13857,564.263953141,1023.86031,1220228.59605,4.16183677406,10,
13860,564.302364121,491.970642,670048.365165,6.59089193094,10,
13861,564.304021827,1027.8696,233443.1123,2.28949770887,10,
13864,564.332003298,854.5206,124919.913112,8.7257303606,10,
13865,564.33612959,839.24424,288043.588028,8.58276721355,10,
13867,564.471198622,1504.63161,80717.7594348,7.88463272485,10,
13869,564.498100055,1506.03834,11062577.3295,9.29543707895,10,
13871,564.742751815,838.92636,265601.432251,8.62198057506,10,
13872,564.768108829,387.86355,206585.16591,12.8810253755,10,
13874,565.103966346,917.74725,647451.996855,8.23157233141,10,
13876,565.124906586,834.42273,80145.4620697,4.26522734306,10,
13877,565.160946111,423.513006,28372.8483598,7.75659522908,10,
13878,565.176869777,718.47246,274244.750094,6.49130623012,10,
13882,565.192501772,198.202104,2201234.24765,3.38132643902,10,
13883,565.243947108,437.410848,71496.1523846,11.3688888449,10,
13884,565.260946128,273.595896,1862451.30199,3.02676899438,10,
13889,565.307827807,1027.71069,40811.1721043,13.2779820499,10,
13890,565.309549816,1265.5854,94363.1693754,13.247407693,10,
13891,565.297811802,540.283908,196205.462344,9.38216101169,2.0,[M+Na]+
13894,565.399647135,1381.10046,4756999.55426,6.42363778236,10,
13895,565.457041913,1428.59094,136492.613727,12.5193750492,10,
13897,565.566119204,1525.28397,13847542.6662,3.85514413695,1.0,[M+H]+
13898,565.766460576,394.499937,405284.429558,6.40987694684,10,
13899,565.805755053,454.641432,126194.25779,5.49684815461,10,
13900,565.81800258,1021.01895,262686.259502,6.19539594017,10,
13901,566.107196268,917.64051,119054.46428,6.52743922763,10,
13903,566.158878386,802.97394,59953.8914765,12.3160035485,10,
13907,566.198674507,450.696564,234212.168894,4.49163243983,10,
13908,566.202169026,260.695152,72832.6665295,13.6632261105,10,
13910,566.260486993,630.53241,1715452.39896,3.75993669432,10,
13912,566.256575565,386.300652,33916.6456763,7.53356694148,10,
13913,566.268204465,97.785204,1838760.09544,4.43012336552,10,
15508,628.293476898,453.752814,57833.1122495,13.4305861545,1.0,[M+H]+
13918,566.292318737,277.111866,39298.869744,10.5104420947,10,
13919,566.308457691,1084.45338,2188177.1281,5.56426223629,1.0,[M+NH4]+
13921,566.317971637,666.55902,2246796.38478,4.12126330133,1.0,[M+NH4]+
13924,566.329165771,570.078984,606618.482905,4.72868295264,10,
13927,566.41934365,1023.68097,156023.756819,9.28862175619,10,
15326,618.360184874,788.85144,831747.498741,4.78501136936,2.0,[M+H+KCl]+
13929,566.569490477,1524.33672,5509473.19313,5.4531176928,10,
13930,566.948616502,35.0332437,167752.693283,10.8530259916,10,
13931,567.026697759,1164.18342,943669.97703,3.29024599429,10,
13932,567.099846655,917.74725,266078.606325,8.09253506499,10,
13933,567.109613407,50.9379174,142778.039434,1.50400408988,10,
16877,716.259558881,801.19593,534595.569139,6.96033387033,1.0,[M+H]+
13937,567.163756044,867.69084,60784.7325646,13.7425079623,10,
13939,567.252995341,977.47308,129302.854876,12.1426374191,1.0,[M+NH4]+
13943,567.261507583,396.993678,55682.4104341,8.51626656968,10,
13945,567.276919849,482.304903,1588589.49379,3.75229721644,10,
13946,567.28981762,794.21691,6351546.52615,6.93363375641,10,
13951,567.316405024,861.65994,519506.023571,4.54286432572,10,
13952,567.328369284,1209.32982,308509.223031,11.7818934719,10,
13954,567.324688611,358.265394,80850.6370905,6.61247041453,10,
13955,567.349072479,861.12159,1049725.00934,3.59885643356,10,
13957,567.350172655,1371.92952,522612.127906,4.17175238651,10,
13962,567.69538758,1164.0705,360590.480613,8.82098976915,10,
13963,567.756625964,739.72938,565887.354022,6.19618911512,10,
13968,568.174360257,941.28201,185454.095454,10.4823402623,10,
13971,568.224866011,903.43656,766313.530377,6.36354912907,1.0,[M+NH4]+
13973,568.246396932,341.234919,191141.16307,7.21846991882,10,
13974,568.255771478,800.86332,219040.742342,6.90558393667,10,
13975,568.279233942,415.475628,70748.2751359,5.01988595234,10,
13980,568.338830964,787.27656,350654.599205,11.2278763637,10,
13981,568.338036954,1426.44663,254718.401073,8.01304500564,10,
13982,568.352668427,860.68872,271979.604305,7.97368729598,10,
13983,568.72691747,842.5917,140769.843274,5.65722273511,10,
13985,568.810062384,671.87478,109909.88489,11.1153649294,10,
13987,568.907151665,35.349789,172410.280251,3.04245770924,10,
13988,569.077427367,1024.51953,141790.131832,8.23315528822,10,
13989,569.148938433,921.62814,143263.820736,10.5509790336,10,
13990,569.140729285,842.62545,350803.879825,7.85251833698,1.0,[M+NH4]+
13999,569.25002344,341.466276,29937.0743631,13.8089019643,10,
14000,569.266173601,74.342184,2803650.6016,8.58218715642,10,
14001,569.271409867,565.619619,78407.5916934,11.373006021,10,
14002,569.266983627,236.760864,226276.271777,8.07969452945,10,
16524,688.387110615,545.012163,280163.730918,13.4073539125,1.0,[M+H]+
14004,569.274876148,1218.86262,78944.0875257,8.33637423318,10,
14005,569.278657779,463.554606,116925.726696,8.01616566459,10,
14008,569.304519492,563.859606,142685.87944,2.87046462619,10,
15950,649.36611116,506.963589,212565.393125,6.05323346979,2.0,[M+Na]+
16174,663.370327041,652.20126,630399.59823,10.4622236353,2.0,[M+K]+
14013,569.400746368,1395.93342,299380.255087,13.9184941208,10,
14014,569.401607242,631.4439,955251.500064,4.74570764636,10,
14015,569.415302005,1380.09531,152509.771571,6.06200463289,10,
14016,569.432348661,1567.86222,1002601.72543,9.09054758791,10,
14018,569.699590802,84.132294,130695.865463,12.4693190503,10,
14019,569.753997184,567.33081,102482.631615,8.1544893917,10,
14021,570.190543882,974.69748,24566.0563874,8.00520382765,10,
14025,570.221631549,903.59598,546496.492623,4.26882802784,1.0,[M+NH4]+
14026,570.238887194,450.696564,120676.072778,13.01141367,10,
14027,570.255407054,435.929805,1448749.57695,5.11281041315,10,
14029,570.266867299,558.295116,105828.422673,2.94795705601,10,
14030,570.26797156,828.06309,181204.732309,10.5411344628,10,
14034,570.292594254,312.554376,58181.5578628,12.4489224757,10,
14037,570.348800255,724.88454,139705.22446,14.1952364943,10,
14038,570.368132835,645.75435,408698.238592,4.75042835019,1.0,[M+NH4]+
14041,570.747369669,664.00602,50965.2036245,6.39290727956,10,
14042,571.077946795,908.71257,338586.465983,4.29364186405,10,
15976,651.136581687,809.73636,6097425.70388,2.26293998391,1.0,[M+NH4]+
15974,651.136674549,769.40013,17774701.3921,3.94838123846,1.0,[M+NH4]+
14045,571.078258167,707.42313,544542.983618,7.29573080579,10,
14048,571.194865283,929.68611,90396.8720088,10.3324511771,10,
14051,571.23557105,1087.25631,185894.40914,8.63202325732,10,
14052,571.239291604,687.47178,81527.9802042,10.7144620033,10,
14053,571.247027904,125.894574,694817.282336,14.4798308961,10,
14054,571.246905299,47.8858512,3966597.10786,4.01946561001,10,
14057,571.286335785,557.360586,98987.4263356,4.49849591922,10,
14059,571.284196234,339.773778,90484.3988096,7.5575101257,10,
14062,571.303074762,780.73482,492242.068479,10.3576604271,10,
14064,571.319735267,908.58456,384606.743986,5.85823844901,10,
14066,571.344647798,198.994152,2491230.64641,3.5799837838,10,
14069,571.380935382,587.819484,4130224.34328,6.25779300457,10,
14071,571.417063958,1416.04698,469089.140226,5.18339089385,10,
14072,571.78617495,557.028909,43944.4315007,14.4600160525,10,
14074,572.079514989,747.477,69126.7495849,9.00397023022,10,
14079,572.140888549,840.67134,38911.8500301,9.65657008792,10,
14082,572.207903174,1003.52865,85382.0123798,11.6918633601,10,
14084,572.23485676,1032.98628,1862021.86208,10.7719017424,10,
14885,602.276612581,128.928969,627012.692052,12.2588111205,1.0,[M+H]+
14089,572.285605487,298.9923,90669.2122011,9.10373604921,10,
14090,572.303321037,459.638961,544147.814498,7.61247020229,10,
14094,572.306506475,780.62142,94557.1440501,2.78358678346,10,
14095,572.314737228,267.32025,2188674.24085,4.49276899931,10,
14100,572.339885812,194.692533,912339.602315,4.01710090763,10,
14101,572.357624602,67.762131,1073199.37749,4.26933813427,10,
14102,572.351287492,371.640684,708222.58642,4.37146026106,10,
14105,572.462924343,1531.51536,122646.607173,2.91333128424,10,
14106,572.728666498,473.316384,973731.476425,6.158254056,10,
14108,572.784224878,532.776594,1024613.37991,7.34716561744,10,
14110,573.077014704,701.85492,38126.7257694,10.0959973464,10,
14111,573.13634192,1027.36758,105819.500364,8.23933245627,10,
14112,573.13063182,1188.1056,123151.655613,6.54887651587,10,
14114,573.171708208,1001.90754,128111.237964,11.5739777724,10,
14116,573.179171976,247.41174,65432.1273737,6.19055076859,10,
14118,573.219009152,877.88022,142286.436104,8.24965710989,10,
14122,573.285739964,533.10585,573573.51277,7.90421530271,10,
14123,573.276276457,957.55986,244748.140492,14.6586142765,10,
14125,573.297179699,1417.54476,239296.255104,7.862241432,10,
15721,636.316646706,630.94083,2599068.62601,5.74307037566,1.0,[M+NH4]+
14132,573.336547292,280.204878,209828.469889,10.3292678926,10,
14136,573.355627339,371.971854,167215.067332,4.53422622794,10,
14137,573.360301506,464.434182,314204.636617,3.65293454272,10,
14140,573.465266276,1557.00558,12405322.5946,2.18026600374,10,
14141,573.47278635,1426.93311,213124.97876,13.3235702738,10,
14142,573.729731775,473.187261,213973.048191,4.72081718947,10,
14144,573.816107519,747.7362,121957.208366,11.2989028148,10,
14145,573.82890316,837.24234,104720.545836,1.25111833372,10,
14146,574.128900876,304.745394,132969.326438,10.6916817034,10,
14147,574.12894778,250.450986,162013.148855,10.5245243519,10,
14150,574.18785475,960.75942,262640.051171,10.9411381457,10,
14154,574.25433317,264.353313,285874.855702,14.0511221177,10,
15213,614.301357636,631.63242,236811.610824,10.8703314991,1.0,[M+H]+
14157,574.270689115,796.46265,151090.565065,6.06144285074,10,
14159,574.261693733,485.247588,313526.695218,4.361887533,10,
14160,574.282765946,334.00869,269940.85139,2.21189539735,10,
14161,574.297990823,547.836486,2483730.17202,3.63840637204,10,
14162,574.297694898,643.74606,393053.193661,5.07916487556,10,
16389,677.345913302,296.961315,71539.4761824,8.2758912349,1.0,[M+NH4]+
14170,574.811081433,539.270217,552821.835036,4.37352016537,10,
14171,574.802075849,626.53038,555819.841884,5.69463042329,10,
14172,575.066017281,740.74518,116111.856762,5.51079976149,10,
14179,575.243054691,358.265394,66195.1538733,7.8728344597,10,
14184,575.285238858,454.266459,2220829.71888,7.94643584,10,
14185,575.280644875,1127.53359,870357.51866,9.41061174018,10,
14186,575.27774715,97.778184,437858.314683,6.79673429197,10,
14189,575.3017574,626.1774,103768.507086,4.22438358661,10,
14191,575.314601832,260.447982,280021.035765,6.44796188832,10,
14196,575.339800768,421.20774,1366340.89775,3.52881649008,10,
14197,575.365452971,323.669706,39919.3294228,12.0168503221,10,
14198,575.369251906,1132.99746,214011.714653,8.56046644009,10,
14199,575.466030919,1474.02774,84999.5630289,8.97293352429,10,
14201,575.80080753,431.323827,381994.903348,7.78637433653,10,
14202,575.814271357,539.256972,80993.8853569,13.1222222099,10,
15696,635.23414751,962.98956,640874.812268,3.62382166676,1.0,[M+NH4]+
14210,576.220875254,256.69473,102057.218211,5.33794180731,10,
14212,576.24065869,127.60983,467610.730265,7.82448114867,1.0,[M+NH4]+
14213,576.260386815,1033.98156,82718.4035335,6.36128488448,10,
14215,576.276249444,764.28948,172437.954131,9.08135299685,10,
14218,576.297011812,736.53366,550140.879217,3.58556391969,10,
14219,576.289451483,454.299432,500985.955029,10.8598367947,10,
14220,576.298926476,355.91904,50556.8378674,6.93232636897,10,
14222,576.306372313,309.810384,93190.0610111,1.1160159408,10,
14225,576.32275937,324.347796,21579.247127,13.1216649174,10,
14226,576.324335663,296.140134,117957.410898,6.55164669485,10,
14227,576.334310439,1023.86031,4226645.98466,6.10713520556,10,
16466,683.42755566,714.69144,300868.51527,3.02909026659,1.0,[M+NH4]+
17158,742.40843163,597.181323,475732.885922,7.21056217107,2.0,[M+Na]+
14232,576.34316441,325.659387,82201.0820219,9.44716193269,10,
14233,576.388789086,1334.86842,113945.121599,13.4129528741,10,
14234,576.803712115,431.357562,73382.5810944,4.90373959425,10,
14235,576.977181809,35.1304974,182709.064641,12.7429261231,10,
14236,577.103889512,927.31905,373166.944211,10.6829129599,2.0,[M+Na]+
14238,577.129314036,801.19593,185751.907141,10.349537081,10,
14239,577.163714853,977.46315,188614.34369,9.99695565048,1.0,[M+NH4]+
14244,577.232754092,677.34408,95658.5191174,9.20332290036,10,
14467,585.791067403,545.107173,318317.233362,9.13859791165,1.0,[M+NH4]+
14248,577.29455671,1032.99834,506005.605245,9.51345378492,10,
14250,577.300963341,388.635915,3911483.67078,10.9844395316,10,
14252,577.318182468,67.466925,830879.259259,10.5717969319,10,
14253,577.328541285,1364.90886,131183.380629,9.35959521258,10,
14254,577.342072832,749.38881,1349502.98533,2.40959038096,10,
14257,577.366432639,1035.14316,1716840.54283,8.36866186939,10,
14258,577.726023971,388.42218,88032.3915562,9.41019314078,10,
14265,578.210583046,419.932305,95478.7559957,13.7898927079,10,
14267,578.23645989,306.123141,150800.126607,1.57673195349,10,
14271,578.291595365,48.3397935,855903.10926,5.98637384541,1.0,[M+H]+
14273,578.292423482,372.210774,224455.517016,7.99466827243,10,
14276,578.303508764,82.996677,782380.306604,4.48158305202,10,
15949,649.370119408,631.02246,156394.084692,7.24164343178,1.0,[M+NH4]+
14278,578.318003908,530.753535,662991.103729,3.44930107886,10,
14279,578.329037243,493.687392,160109.591028,9.27926843193,10,
14280,578.344625651,749.72661,212637.361487,4.38834247525,10,
14281,578.33769445,610.8054,595471.181073,6.40763946497,10,
16420,680.319497972,744.72114,723027.39734,6.33387574313,2.0,[M+K]+
14283,578.725130203,687.47178,194268.622317,7.15204289308,10,
14284,578.737927432,306.279648,70543.747935,10.0998696859,10,
14285,578.778207575,808.0662,223619.896045,3.22868668426,10,
14289,579.229741342,977.66721,147560.057887,11.8866763535,10,
14293,579.251870409,337.730397,129871.607888,6.19236822591,10,
14294,579.250458984,63.705792,8254742.56686,2.81494772622,10,
14296,579.272900516,44.2315482,312932.772108,4.3490141956,10,
14297,579.271850958,729.48006,226499.666062,9.20561314567,10,
15908,647.350841186,572.387856,320533.05934,4.32569574206,1.0,[M+H]+
14300,579.262500129,347.867898,1571620.72622,5.88288010347,10,
14305,579.322646519,289.519686,56676.0859826,12.8240442297,10,
15872,645.319902106,321.994974,1010313.40516,2.69755562469,2.0,[M+Na]+
14308,579.313478425,662.46666,127691.49604,10.8916740966,10,
14311,579.341861415,610.86858,132476.208211,11.7143439273,10,
14312,579.368746006,726.23817,95343.4845685,4.324116811,1.0,[M+NH4]+
14313,579.380159289,1474.74648,440809.711522,4.05785263883,10,
14314,579.394032207,1533.03096,5083421.046,6.80593485775,10,
14315,579.433327838,1267.03932,60687.657856,14.9441207901,10,
14318,579.808826702,462.415755,783463.04856,8.95654949053,10,
14319,579.821346007,773.80074,488089.094535,2.5633675052,10,
14321,579.844191202,1035.29442,200817.692836,10.6369357704,10,
14322,580.13260317,903.60489,326549.726891,9.04496766412,1.0,[M+NH4]+
14323,580.154060654,925.03803,696314.826141,8.80096461515,10,
15775,639.264952299,1023.88185,174014.646743,2.59823264749,1.0,[M+NH4]+
14326,580.265924564,347.74923,418662.063781,7.91520032897,10,
14329,580.280683437,869.40189,36826.6213754,8.4334207218,10,
14330,580.279594958,572.731494,76318.2004865,8.69363406443,10,
14333,580.31035434,545.107173,3399448.69712,5.08707628051,10,
14334,580.323217339,773.80074,264379.160074,8.09321319518,10,
14335,580.333510789,639.96504,65516.7732629,10.8506237225,10,
14337,580.439720065,1484.1288,136943.523809,3.99815307663,10,
14338,580.776610609,472.873776,44860.5103614,10.749583331,10,
14339,580.789869429,840.57948,123361.128934,9.62431313105,10,
14340,580.811785822,545.107173,2019275.04425,5.11122237449,10,
14341,580.824611773,774.10188,80567.4217984,4.58679888929,10,
14342,580.836707307,726.42714,1437013.23305,5.54698817851,10,
14344,581.083200973,740.73156,148987.401534,8.87105783637,10,
14346,581.094882887,613.9485,299186.530018,11.6949794452,10,
14347,581.09600822,865.99284,32542.0970592,5.8057408361,10,
14351,581.172973603,260.541378,55044.5812876,10.6461242225,10,
14352,581.179412744,862.30944,1610328.83269,7.79419333692,10,
14353,581.175344442,1451.46732,329417.258918,7.27271269242,10,
14354,581.195187765,1019.44566,31502.4754585,11.952155798,10,
14355,581.219891215,955.14174,316351.46776,8.47563094144,10,
14359,581.238381438,501.416202,220020.405831,9.9195843931,10,
14360,581.240853019,75.8223,412536.745996,5.04229504253,10,
15716,636.220685352,63.516003,952448.528763,10.4542105185,2.0,[M+K]+
14362,581.252950117,600.14142,117523.825391,14.6902139027,10,
14363,581.255124832,378.077301,191871.185766,7.50086772861,1.0,[M+NH4]+
14365,581.25602037,463.164198,149249.863946,3.49038751167,10,
14366,581.27796994,107.612676,65070.6033719,8.12626663002,10,
14368,581.289666818,1023.88185,2380047.22746,5.50828976576,10,
14369,581.305497364,873.17823,1530529.39408,6.25871077775,10,
14370,581.311514538,430.294083,209377.693102,11.0664377711,10,
14371,581.312563417,545.184969,738720.794136,11.6592374896,10,
14372,581.315766636,920.86212,306352.186417,2.30390487833,10,
14374,581.334398195,950.0628,87819.1575037,8.45393090718,10,
14375,581.702312019,1172.02095,822354.0965,5.66985985271,10,
14380,582.182818383,862.30758,361769.518028,11.0545099803,10,
14381,582.178827833,1451.46732,94026.2393674,3.90974100522,10,
14383,582.251369671,398.224056,92362.7348742,4.61761151456,10,
14384,582.250290681,1032.99834,1149595.96534,7.63500161737,10,
14386,582.25131056,116.078232,185330.765933,10.6853935264,10,
14388,582.267942607,308.199261,69344.6354119,14.3011852544,10,
14391,582.29548876,307.378845,68370.3129302,14.5406494038,10,
14392,582.312322942,830.8194,100507.580874,11.5725394128,10,
14394,582.325414629,857.55336,382375.560013,10.3436763482,10,
14395,582.360536509,627.20514,803654.453559,3.99331087683,10,
14397,582.472589147,1405.0443,14377807.8665,0.340621376962,1.0,[M+NH4]+
14399,583.094404493,1182.117,1706749.06683,9.88959138329,10,
14401,583.207692511,1378.12542,128036.176523,5.25425438523,10,
14403,583.205006552,718.70058,409113.79653,3.68813382669,10,
14405,583.219172482,107.742252,556651.364666,10.9805728801,10,
14408,583.254545677,313.24575,58321.2514792,1.06252867747,10,
14409,583.250548398,703.1964,92965.3038251,10.6950775786,10,
16403,679.231456901,193.657599,163456.330766,10.7194222612,2.0,[M+K]+
14411,583.262147375,684.00852,104379.635293,9.53663642005,10,
14413,583.271830668,307.786821,271189.626902,12.4170408434,10,
14414,583.283089091,239.630622,660750.048234,7.43273529498,10,
14415,583.32677973,409.721178,33247.1024123,11.1899804737,10,
14417,583.392166965,595.473327,49680.1852001,12.6188812814,10,
14418,583.460448795,1386.6063,485904.111304,4.65010357856,10,
14421,584.093964552,903.77289,146837.605788,7.11928784703,10,
14423,584.094696051,918.98664,40669.6870308,6.9141199275,10,
14424,584.14725021,925.18662,90681.4141105,13.4275573147,10,
14427,584.185328218,977.81109,98787.2701587,11.3680357425,10,
14429,584.205399363,315.721263,280140.540705,2.86020327251,10,
14430,584.207366539,124.812606,139792.705457,5.51381525618,10,
14431,584.246889785,1032.98628,161211.120904,12.1553571221,10,
14434,584.274831797,307.570176,57830.8114543,13.1300944807,10,
14435,584.296624536,423.514431,984771.051823,5.05255229335,10,
14437,584.30350185,395.892,2595247.68661,1.75553328076,1.0,[M+NH4]+
14438,584.339655807,523.129842,1482916.89279,4.94476703508,10,
14440,584.535763132,1471.31031,606774.371831,8.32231590722,10,
14441,584.79799637,423.449934,583350.301722,4.63461747226,10,
14446,585.135755276,842.5917,73843.9123735,10.8722342186,10,
16220,667.186046855,1024.15188,265352.24181,6.79618976904,2.0,[M+Na]+
14450,585.242512052,816.66288,181661.098868,6.09128279431,10,
14451,585.266234299,445.147749,103594.297376,11.0710226199,2.0,[M+K]+
14453,585.268160228,723.06468,312271.131421,10.3930214095,10,
14468,585.802073048,762.90726,1042824.82052,3.28477104807,10,
14459,585.32345964,337.317207,166651.213027,10.2798394031,10,
17167,743.382735023,522.694923,1590684.61586,3.45639930541,2.0,[M+Na]+
17317,758.386584873,584.92815,81053.2902192,9.00871647797,2.0,[M+K]+
14462,585.351363796,494.451975,318258.86748,10.3357419068,10,
14463,585.371816247,608.83968,160455.747415,7.12832278124,10,
14465,585.378722058,603.18522,73987.8813016,1.38599756926,10,
14466,585.481584905,1405.10361,131582.830879,4.97338892039,10,
14469,586.072462025,1182.00276,90274.5184052,12.2549059715,10,
14470,586.091389412,903.77289,97427.6301411,10.5687769856,10,
14473,586.18173551,977.63211,73949.4887146,14.6808578239,10,
14475,586.195305202,65.884674,4238553.48923,5.06793018,10,
14476,586.222629693,190.358466,152130.736952,9.39933155266,10,
14478,586.282789003,127.313823,6301155.06164,4.5356938258,10,
16814,710.285842969,264.826941,2899538.80318,6.28998339383,2.0,[M+K]+
14484,586.319103228,552.124995,7024463.91493,4.27036382451,10,
14485,586.304822129,763.61244,181449.495777,2.94087212741,10,
14486,586.345915659,488.868942,29393.8323292,5.90625284438,10,
14488,586.36330521,547.149861,265607.819395,7.43596325882,10,
14490,586.391543021,590.9244,291087.682113,8.12118724358,10,
14492,587.085218316,918.52488,32504.5681682,8.32574589227,10,
14494,587.113830234,81.544863,327188.875147,5.94482173072,10,
14500,587.209474876,1087.2414,202414.339376,14.3693402737,10,
14507,587.30285252,386.821536,65245.1485025,6.20686085581,10,
14508,587.322120724,552.204036,1869171.31249,2.11109801016,10,
14509,587.322690302,397.317174,347037.258077,6.34120331875,10,
14512,587.339523403,483.320784,1128789.68737,2.28564563611,1.0,[M+NH4]+
14513,587.339777464,547.071336,1686027.73428,4.30607558852,10,
14514,587.350705122,228.885978,2703654.4661,4.65239361218,10,
14515,587.35121402,247.580064,487124.472525,4.15523100587,10,
14516,587.375622936,343.070286,38901.6018881,8.26336707899,10,
14517,587.406181602,1267.03932,499856.902611,7.73436304494,10,
14518,587.411844558,1386.69042,338004.667542,9.79946223424,10,
14520,587.831063018,1035.36714,240026.521876,2.21410072052,10,
15938,649.156070206,803.45976,80662.1437269,9.81850296913,1.0,[M+NH4]+
14525,588.245482454,695.01288,86445.9849821,10.1932360932,10,
14527,588.285358587,67.466925,2144938.21444,2.68498940813,10,
16164,662.263235325,517.360398,233507.828354,4.61182187848,2.0,[M+K]+
14533,588.297569235,601.2891,148661.19354,13.8197810867,10,
15432,624.287456312,1019.81064,153808.220477,7.55069066976,2.0,[M+H+KCl]+
16573,692.360714923,737.13048,1009751.2259,3.56781270436,1.0,[M+NH4]+
14538,588.324486359,552.219039,311207.073092,8.85630060727,10,
14539,588.332561574,1035.36714,112132.048267,14.8785591686,10,
14541,588.342700514,483.41382,310607.813678,4.36057538315,10,
14543,588.40909042,1267.03932,171152.169874,9.53191181324,10,
14545,588.826167489,535.58211,228607.65066,6.56895125904,10,
14546,589.10378022,941.31012,201557.350106,11.5490571477,10,
14973,606.167330415,977.81109,183522.234751,6.02113998331,1.0,[M+NH4]+
14548,589.139744305,137.402637,234250.993504,8.29042461068,10,
14549,589.171811557,107.448957,155790.062434,9.77874228865,10,
14550,589.161672992,975.72774,94574.2181101,12.5997202672,10,
14554,589.259000864,482.550246,104706.735283,2.64518771264,10,
14557,589.281770436,851.43012,103014.566821,8.44470867661,10,
14558,589.29363982,286.389807,273769.150444,6.81450520814,10,
14563,589.329679791,131.038269,205570.155704,7.71262414201,10,
14564,589.329914704,383.524731,41587.4011344,8.34681284418,10,
14566,589.344682132,532.280847,116347.746377,4.20819261508,10,
14568,589.338680207,428.214726,250349.255773,2.07362373047,10,
14571,589.372778259,1199.21496,159585.36958,14.2826345172,10,
14573,589.387821496,1268.16576,236902.291422,7.2466189089,10,
15423,623.49893752,1405.0443,5227184.84904,2.59638511362,1.0,[M+NH4]+
14576,589.460412023,1483.21242,2848547.10407,11.0797097211,10,
14577,589.529831815,1566.63402,4715901.8678,5.255297928,10,
14578,590.117138417,923.50359,135792.74475,9.1689911092,10,
14580,590.20331907,345.671043,148309.094535,5.88296236541,10,
14581,590.230215105,400.965288,62561.0318545,12.9705634969,10,
14975,606.26383745,965.63496,6622181.46645,6.45781437694,1.0,[M+H]+
14587,590.303863166,486.86484,233571.174909,5.50374502337,10,
14589,590.312595527,565.448367,203407.128443,5.62859786657,10,
14590,590.314632051,388.896168,365436.610729,7.48661909935,10,
14591,590.321075558,494.165874,58294.5924517,2.39345685523,10,
14592,590.344745811,1383.50154,839833.414182,5.98112397727,10,
14593,590.354402269,739.60116,100487.326373,12.5299317031,10,
14595,590.380512428,926.80326,190061.151328,3.75853565375,10,
14598,590.533306515,1567.63302,1990211.30766,3.73781670118,10,
14599,590.725022818,98.124246,170533.261449,9.21861217924,10,
14600,590.812102395,774.06006,49910.5815035,9.74106113909,10,
14601,590.835406014,833.17944,153536.058159,14.1432092806,10,
14602,591.128306095,827.12742,137694.494281,9.62445633944,10,
14607,591.211546445,1362.27012,99125.9839289,8.90622835305,10,
14608,591.23000663,698.07666,44022.2763638,14.168519371,10,
16910,718.372270668,234.761178,358965.051017,6.40639379249,1.0,[M+NH4]+
14610,591.279852794,585.554811,251465.129548,7.66994826999,10,
14611,591.298077115,310.401711,378070.579825,6.74582553565,10,
14612,591.294398469,796.67946,191522.474957,4.98949110975,10,
14614,591.298053294,256.59324,285246.883372,5.75851887954,10,
14617,591.319875958,740.67249,205436.168273,7.14104259733,10,
14618,591.313304374,701.99397,4749340.84354,2.15108274902,10,
14619,591.315594421,388.855185,65098.1345915,6.89953600012,10,
14621,591.334479627,144.418326,1121804.30871,8.56362071165,10,
14623,591.324765318,528.412722,416117.581529,10.8129820248,10,
16671,699.404380602,645.25944,118666.953894,9.41416045697,1.0,[M+NH4]+
14626,591.785373464,784.38432,509069.48552,7.60809749005,10,
14627,591.794836536,608.38965,254833.042281,11.5363467985,10,
14628,591.802184347,545.339724,119531.822126,3.30607244189,10,
14634,592.260080955,1218.53226,92077.9943202,8.02074146864,10,
14636,592.279301457,686.95584,279468.76838,6.98858543404,10,
14637,592.27546624,374.260776,203516.868425,14.5999043552,10,
14638,592.279400207,729.33465,622984.575001,2.87842611878,10,
14639,592.29322856,231.833541,831414.41898,4.7214125956,10,
14640,592.293215617,174.088341,2847105.03475,3.69755074886,1.0,[M+NH4]+
14644,592.299675402,256.69473,42617.8440375,13.5499694249,10,
14645,592.308550839,400.421556,132820.29303,0.398148057103,10,
14646,592.324713699,700.77192,5434748.37625,7.05617050515,10,
14648,592.336177725,92.826924,57661.6752434,11.0187444351,10,
14649,592.337767296,144.083265,252860.652144,8.58543494675,10,
14650,592.349940392,777.8217,90512.7565775,14.1400920613,10,
14651,592.372138738,1227.68136,1015231.95796,4.74103634249,1.0,[M+NH4]+
16122,658.342834221,1001.87661,196397.43014,4.37759531801,2.0,[M+Na]+
14655,592.824196605,609.51813,5886749.9104,5.47806095884,10,
14656,593.003242652,31.0862196,594266.610303,9.57297143469,10,
14662,593.233758141,1026.2139,49063.8143193,7.42283598081,10,
16206,666.269248957,394.565997,387186.02969,12.9624569578,1.0,[M+H]+
14665,593.278913319,315.109143,131367.280498,9.39990766484,10,
14667,593.290897934,864.79959,180504.006183,12.3523372673,10,
14668,593.29642783,231.715854,194057.818892,11.4002681907,10,
14669,593.288508794,132.970098,82206.6425301,5.75643215165,10,
14672,593.327634043,700.74006,1130462.89213,6.29249907088,10,
14674,593.338346444,603.18522,154712.675483,1.30460009105,10,
14678,593.415334394,85.67262,88651.4809433,12.8487566313,10,
14679,593.597428874,1564.10172,5849248.43102,3.40724795358,1.0,[M+NH4]+
14680,593.738756415,300.179754,44355.02764,3.59007970094,10,
14681,593.775632649,395.726316,640977.446581,5.33258195003,10,
14682,593.783252566,670.4319,853637.455417,7.98737704104,10,
14683,593.806509691,408.927747,168320.082368,8.00363151035,10,
14687,594.109588224,903.52005,134899.3359,10.5845678428,10,
14689,594.159945955,1333.54488,434381.021645,3.33718063216,10,
14693,594.227908263,95.735748,55113.2687486,9.31810780423,10,
15100,610.282189566,241.965174,803205.980688,7.80686542939,1.0,[M+H]+
14696,594.255374997,634.34064,4849737.03356,5.30240058124,1.0,[M+NH4]+
14698,594.272637936,122.854716,2270132.94045,9.03086018537,10,
14702,594.268882367,344.574021,102796.706261,6.59635711938,10,
14709,594.325716583,744.24711,86726.060562,11.8308115687,10,
14710,594.339649628,723.80031,97098.9338702,14.0691295047,10,
14713,594.397013679,1418.35806,646570.973341,2.38287934187,10,
14714,594.473136336,1538.93571,1159652.16666,6.04293922783,10,
14716,594.786128708,670.52016,167018.188156,6.34824624136,10,
14717,594.821836117,675.36354,650875.212795,5.30490195551,10,
14718,594.826757323,447.187881,228889.752279,8.25944547878,10,
14720,595.117295092,960.31383,108186.01726,14.8367195673,10,
14721,595.160082242,921.732,261334.889554,8.70239855405,2.0,[M+Na]+
14722,595.174699727,1348.48605,10209405.986,10.1564152476,1.0,[M+NH4]+
14727,595.271732568,725.63706,120704.311472,4.72029231107,10,
14728,595.271645562,550.406181,543144.689863,5.28770117163,10,
15132,611.241953821,53.4122397,2803483.77955,3.65822176128,1.0,[M+H]+
14734,595.350928648,842.28303,322648.284285,6.96021213767,10,
14737,595.380254486,728.99289,80854.4612297,12.9605524507,10,
14739,595.605517854,1566.6564,349782.428245,3.13056514439,10,
14740,596.187184555,977.57676,89898.0426376,6.06285616455,10,
14743,596.233403187,981.89091,121384.448459,10.1446827772,10,
14746,596.256276099,977.76759,296812.342992,10.4746523558,10,
14749,596.275549512,549.386496,757337.326813,6.10368169202,10,
14752,596.306917266,840.24672,164623.67844,2.79867406805,10,
14755,596.377830456,1180.13766,690323.451233,10.3311900214,10,
14758,596.757355187,571.140183,457303.455704,5.62708581432,10,
15243,615.742555265,410.49636,607317.254627,6.46571130687,2.0,[M+K]+
14761,597.106214786,127.293072,415819.470738,9.22522767178,10,
14762,597.156019309,359.501217,99636.923907,10.2544533094,10,
14763,597.153526234,862.28397,1104576.62995,4.45042739655,10,
14765,597.231870032,116.694453,383118.081627,9.45408049587,10,
15224,615.240697764,872.14032,392256.438254,7.07625873254,1.0,[M+H]+
14768,597.267840928,410.49636,6338369.02656,5.17337395107,10,
14769,597.263308735,1023.86031,435805.144117,8.60360640652,10,
14771,597.287151175,302.628879,55887.831227,9.57909743887,10,
15192,613.273908691,847.33203,383691.909843,6.21643355794,2.0,[M+K]+
14775,597.30394629,296.139126,52727.2029996,12.7070842895,10,
15563,630.381210528,494.176419,397625.789376,5.50940862481,1.0,[M+NH4]+
14779,597.357246276,95.250057,148716.206493,6.84170042791,10,
14780,597.381683223,1143.42072,217064.921247,10.4845927951,10,
14781,597.396489996,996.06174,176522.097699,4.44781223509,10,
14782,597.512768728,1435.57083,130978.780765,12.2662453015,10,
14784,597.790754882,540.625101,1461954.91131,6.95661205591,10,
16620,695.912826411,31.4398557,112786.895282,9.71745672765,1.0,[M+H]+
14786,598.147861997,67.466925,1337352.50545,12.3833217786,10,
14791,598.224227939,1032.94329,64865.0847635,10.4545123676,10,
14792,598.221782431,1019.50629,81825.1759148,14.0169118723,10,
14793,598.235814523,710.38065,650709.045029,5.6773934392,10,
14797,598.266720092,1023.8457,99657.8698775,8.25171918255,10,
14798,598.282855101,663.81414,169638.711585,8.30512062011,10,
16753,705.377380718,255.124236,478816.515593,5.80428418122,1.0,[M+NH4]+
14800,598.29518904,1004.20941,59125.9076614,13.7101183167,10,
14803,598.355270383,498.641952,1058486.34563,5.93910580403,1.0,[M+NH4]+
14804,598.355259268,798.10836,221946.356607,6.23042446734,10,
14805,598.363377733,616.69926,488548.931595,6.32989996418,10,
14806,598.366674692,509.202828,1601247.18743,4.05005163569,10,
14807,598.771837329,410.450175,127077.976101,13.5730137777,10,
14809,598.793461895,540.541809,295045.611774,12.5109491725,10,
14810,598.856678452,798.10836,132333.626741,5.21622206411,10,
14811,598.892644452,31.0862196,89767.9358306,10.4937469927,10,
14815,599.194396069,107.766582,657859.382349,6.99898508286,10,
14955,605.267923576,443.45406,1247890.69475,4.40511631038,1.0,[M+NH4]+
14819,599.265947424,387.170358,2066468.13349,5.52850734421,1.0,[M+NH4]+
14821,599.29718104,254.513364,78281.9038568,7.64577269379,10,
14822,599.289017672,47.138949,296370.606244,13.6402247103,10,
14823,599.294989226,540.628848,69470.4498298,12.9292904341,10,
14824,599.331257204,1414.82631,92077.8243539,10.2888851646,10,
14827,599.357326241,612.21876,132271.837525,8.22222353688,10,
14829,599.375582965,833.52615,170435.74422,9.95188768189,10,
14830,599.375527292,504.719667,540347.017154,6.36708040078,10,
14831,599.379605297,1048.8879,1519958.02975,6.11307506156,10,
14832,599.376065139,419.035434,426776.220482,3.03165723701,10,
14833,599.389884524,1228.2285,131928.272442,14.9245720858,10,
14834,599.743116361,443.023191,275603.150541,7.71233830159,10,
14836,600.145516316,149.057769,701844.041864,13.7632119722,10,
14840,600.197485962,107.552076,126505.615777,10.3608210098,10,
14845,600.292971409,514.025964,156626.643434,12.0876909594,10,
14846,600.333936685,744.22149,66567.3740786,13.8197886171,10,
17840,816.396923806,685.41003,745582.387507,3.38455345972,2.0,[M+Na]+
14849,600.371391211,545.367474,47502.799578,7.90968927756,10,
14850,600.378964717,741.40089,156870.232416,8.69671027429,10,
14852,600.377880469,504.961992,156437.727411,13.7033747852,10,
14853,600.407256008,840.32382,245371.532842,8.28834458517,10,
14855,601.144836075,966.42858,286528.220498,5.79469985152,10,
14856,601.147701438,898.37484,55849.790805,14.4850505374,10,
14858,601.188696843,1053.57708,340218.342663,7.68324721788,10,
14859,601.188421572,1023.14514,402790.756996,1.9988503367,10,
14861,601.224702136,764.2725,93781.9747299,2.24972443345,10,
14864,601.258438036,536.161971,220745.080426,7.2041763822,10,
14868,601.281977257,268.24188,101040.189851,5.35885202173,10,
14869,601.29404544,172.478901,477383.935151,7.17262939994,1.0,[M+NH4]+
14870,601.30107178,631.61916,34011.32827,8.76443817358,10,
14871,601.32981826,232.296864,4681778.69608,3.52404822886,10,
14873,601.35511484,755.76825,230026.241847,6.59234378052,1.0,[M+H]+
14875,601.402718106,874.3503,1372717.13106,4.52653381074,10,
14876,601.860257657,928.55802,6021766.05031,1.99070189655,10,
14878,602.065162034,903.78012,49596.3555615,13.5579278522,10,
14880,602.170545445,899.367,31088.6297353,6.57405661804,10,
14882,602.218660189,1023.88185,884343.377441,4.44925361525,10,
14886,602.288778951,125.104449,340168.687017,12.248363603,10,
14888,602.317365734,649.36623,345460.358308,4.85379142895,10,
14889,602.324488607,274.343436,41945.7055102,12.6202528232,10,
14891,602.35853678,614.25264,398501.551306,8.27822793741,10,
14892,602.358162846,551.34477,42687.0242522,13.0686581991,10,
14893,602.361716997,928.33062,4011778.26034,5.90734760578,10,
14895,602.863204668,928.54668,1432347.83882,6.76172153156,10,
14896,603.055647341,740.8545,123049.137532,9.55911826559,10,
14898,603.140428781,902.77446,226534.594937,9.29583225184,10,
14794,598.253226116,977.67714,206764.278959,5.94216712003,1.0,[M+NH4]+
14902,603.236588503,378.165798,471301.560152,5.66981761231,10,
14903,603.295726315,782.29956,666509.83372,1.81151900597,10,
14904,603.296552958,57.609423,26948002.3991,0.614194601509,1.0,[M+H]+
14906,603.33563288,232.409352,220061.49869,8.65617797039,10,
14907,603.334320741,449.56932,1104418.75225,6.26251859099,10,
15701,635.318228483,777.90657,4451271.86201,2.64025559816,1.0,[M+H]+
14909,603.33990749,744.44484,217521.685013,6.04795648774,10,
14911,603.353515789,306.104268,45779.2435431,6.22216217765,10,
14912,603.370821536,689.88225,4709697.36364,2.26754235403,1.0,[M+H]+
14913,603.385632214,789.81891,1654145.77359,5.16965443662,10,
14914,603.370780577,319.150146,41289.8588514,14.8910020645,10,
14915,603.377299068,892.25484,277502.587757,8.46171458614,10,
14916,603.450307276,1253.47041,103783.373366,9.79683840192,10,
14918,603.543093385,1486.29138,162242.208306,6.14710608538,10,
14919,603.768943092,504.476592,56523.1487084,4.65497828078,10,
14920,603.774575755,370.212156,106133.898175,3.53283737899,10,
14922,603.817017859,700.47156,372061.698298,6.4494604596,10,
14925,604.146086821,962.87694,1413597.02515,4.13670517329,10,
14926,604.157330561,67.714302,772426.530691,13.1214657146,10,
14930,604.238839778,126.524697,318846.487474,11.6877025221,10,
14932,604.272215334,449.352198,859426.122206,4.62318160188,10,
14935,604.293447415,676.33308,108210.137762,5.64112144668,10,
14936,604.294660756,830.75832,234085.051511,13.0399047619,10,
14937,604.303055637,1371.92823,145369.334479,14.6059257797,10,
16548,690.327673047,420.71769,66231.2983442,14.6700298533,2.0,[M+Na]+
14940,604.312113,519.829041,137500.032426,9.31030634447,10,
14942,604.329646777,302.685009,1735811.82653,5.53626672918,10,
14943,604.338034961,449.352198,298404.973513,10.9349586769,10,
17003,728.396710901,802.11348,1455509.4719,5.57812213223,2.0,[M+K]+
14948,604.763384993,346.714299,414137.916383,9.65160013465,10,
14950,605.118842319,801.7887,108541.010382,13.1192148759,10,
14952,605.174635886,1019.78412,68834.4373094,13.2798679162,10,
14954,605.239406048,862.28397,146983.379302,10.8433186925,10,
14956,605.265008437,346.714299,256284.206356,10.9763893062,10,
15207,613.80300122,719.03118,172035.629342,3.34561911987,1.0,[M+NH4]+
14958,605.275561378,449.347716,229665.998722,4.98762785899,10,
14959,605.30309676,57.5534208,1463347.55852,1.55363884695,10,
14961,605.332929723,302.812692,483725.482771,4.00887262868,10,
16805,709.423550904,758.62767,934168.744246,8.51851853686,2.0,[M+Na]+
14967,605.524660526,1530.85041,54306310.6675,4.16430407836,10,
14968,605.524633684,1506.74592,13316624.3055,9.65935081439,10,
14969,605.76630195,346.714299,90435.893583,9.79541957324,10,
14976,606.280600238,704.16543,1733996.82891,5.06359478144,1.0,[M+H]+
14979,606.305556449,56.9690832,215634.542734,12.3137097219,10,
14980,606.31433897,551.352348,90725.999226,8.74162300281,10,
14985,606.324571764,441.391686,149614.541331,1.71073266099,10,
14986,606.335349006,302.696886,74562.9983483,0.748915998248,10,
14987,606.33487826,640.9884,108655.014716,11.078712859,10,
14988,606.368885709,869.1186,631987.342175,2.98370398388,1.0,[M+NH4]+
15686,634.7908333,704.50422,349494.692016,2.73785019759,1.0,[M+H]+
14991,606.807302165,30.5592993,66372.7807695,4.99229873538,10,
14992,606.843447891,850.76736,80990.1523888,10.609298729,10,
14993,607.086485579,842.95746,189228.137271,3.78614894657,10,
14995,607.101888825,827.09538,68987.1924091,12.7796684626,10,
14999,607.24572913,478.834974,77670.5524301,10.4178250551,10,
15002,607.270299857,385.265154,167064.404396,2.93824073842,10,
15004,607.281506717,360.175152,213911.728019,4.90075052069,10,
15005,607.28312295,523.787208,332375.677056,7.36523336222,10,
15006,607.297885847,1266.35748,94667.4699851,6.87395149298,10,
15007,607.292385581,274.669626,221251.727771,14.4795985086,10,
15008,607.29162816,55.577676,248654.694602,8.39881840559,10,
15009,607.306702551,1087.16955,105320.169697,14.8648032515,10,
15010,607.28987349,531.01737,76635.5816523,12.6272919281,10,
15011,607.307993391,576.568101,1567141.47733,3.61782243826,10,
16450,682.339985014,278.804127,398902.961042,4.08434086833,2.0,[M+Na]+
15015,607.329076995,892.8438,107029.11913,13.0740496372,10,
15019,607.359755567,1153.56948,7931165.90339,3.86484943938,10,
15020,607.353543748,507.87846,165889.646412,4.77738144345,10,
15022,607.380254989,656.90928,132034.229772,9.09901184262,10,
15023,607.41168925,1501.47189,172643.133852,13.2572506075,10,
15027,607.782381233,704.1978,138842.860987,11.2737722963,10,
15028,607.839027861,789.6054,925184.772748,7.72637557234,10,
15031,608.129660379,844.65108,69084.6445626,13.9490100492,10,
15036,608.186573578,755.35716,49623.5671052,10.6517382324,10,
15039,608.264270638,127.630077,1004204.0789,5.70902030382,10,
15040,608.267051336,458.972463,9460321.7215,5.58889831504,10,
15041,608.270326014,103.839627,1687184.61099,8.6974559001,10,
15046,608.311570031,576.645564,505695.446064,3.84434354884,10,
15047,608.301259722,551.954055,768727.464223,5.05015741596,10,
15049,608.312841759,230.914362,59598.3909452,6.54590370481,10,
15052,608.3475952,738.7092,268654.923403,4.26364849044,10,
15053,608.34807423,622.61712,190340.980559,12.4652850518,10,
15055,608.36325788,1153.64664,3049672.13361,0.693380708654,10,
15057,608.41501303,1247.71728,216339.175604,2.94617849316,10,
15058,608.526186538,1506.1566,62225.1805237,7.64379668297,10,
15061,608.781605841,540.625101,149541.653479,12.7598035809,10,
15062,608.819348735,732.21882,59513.4138489,4.53891818514,10,
15064,609.155388087,827.07687,184263.002621,11.4721082868,10,
15066,609.248480398,723.6852,68140.4758679,0.844104275151,10,
15067,609.258631809,1019.98791,44223.3926819,9.72931292383,10,
15068,609.270252386,458.800635,2786699.83035,4.78783553676,10,
15069,609.270071541,279.857322,301459.203848,4.71915598358,10,
15071,609.2690375,628.55778,85852.4254515,9.00751712698,10,
15073,609.287218133,356.468469,431420.251254,3.77300984638,10,
15075,609.323848115,377.478984,300343.197872,9.64206965376,10,
15076,609.323669168,513.876105,1162146.97295,6.10742716904,10,
15080,609.322291881,610.38972,723903.953778,7.97572278415,10,
15082,609.332867786,228.710922,34288.3100826,8.89164290003,10,
15085,609.354372205,1454.15892,247434.886794,5.93255911407,2.0,[M+Na]+
15088,609.41873119,1247.38602,54889.1991713,9.74102535305,10,
15089,609.84372137,1048.7904,237166.750726,1.9888237663,10,
15095,610.137662956,67.153299,827354.554564,14.3760886637,10,
15097,610.221177194,1021.88757,96773.5627086,12.5649977492,10,
15098,610.267062516,92.110749,564858.269811,2.91246403037,10,
15099,610.262888671,562.635522,2313043.39411,7.53467726369,10,
15102,610.295158433,652.98588,183361.756073,12.8895231517,10,
15104,610.294648002,803.2668,170556.27319,8.47041673291,10,
15105,610.290308296,356.331318,103364.951176,14.0652871724,10,
16549,690.365421731,677.42514,138966.674441,11.7453467958,1.0,[M+NH4]+
15109,610.32632206,470.677236,74015.448461,8.38922307567,10,
15111,610.332974556,608.40363,246589.740096,14.3937453944,10,
16427,680.408200177,628.43352,186558.790428,2.59486184941,1.0,[M+NH4]+
15116,610.48822665,1420.46844,1896495.42741,3.18108808652,1.0,[M+NH4]+
15117,610.551285848,1487.3379,277108.007858,14.4878495534,10,
15118,610.764299971,562.478919,1370355.79794,4.93857115787,10,
15119,610.781304327,486.616344,135286.899697,10.9805491018,10,
15120,611.053089739,1187.87472,645400.775563,2.79965619392,10,
15128,611.161739692,966.57138,53153.4887368,11.7565817927,10,
15129,611.175510568,71.345421,632346.087838,9.84107630743,10,
15131,611.219185353,965.95863,2383237.03401,5.31401692327,1.0,[M+NH4]+
15134,611.252468789,498.908466,279676.503196,6.35786318784,10,
15136,611.264308178,562.493859,769110.158885,6.87369142538,10,
15139,611.291810759,468.553458,147136.663733,2.6813683743,10,
15141,611.329297523,513.957645,47386.9259063,9.0171110174,10,
15142,611.334096098,1249.035,137374.449836,7.98502458013,10,
15146,611.370618648,1446.56118,122177.436268,13.005895086,10,
15147,611.387749017,1187.95473,588542.254403,12.8008589554,10,
15149,611.415984808,1313.15514,64976.1761487,10.1424499473,10,
15152,611.803341809,700.74006,94886.1371209,10.8994199804,10,
15158,612.218326725,796.78332,88078.2622455,11.6315674472,10,
15161,612.273229364,950.95086,93799.4131373,14.0207249082,10,
15162,612.27046557,324.347796,36109.3819639,6.19730437083,10,
15163,612.280863564,833.05239,256484.672384,7.67010692333,10,
15172,612.370940315,577.979994,242017.614992,8.34968449638,10,
15173,612.39457484,1126.16187,116200.729388,14.8001158217,10,
15174,612.795038261,676.00116,81074.7690039,14.4814231,10,
15175,612.851271218,928.54668,1481108.18625,2.84943976028,10,
15176,613.085973242,803.80782,27379.9538909,4.79242272776,10,
15177,613.085445524,844.3152,71963.4322225,9.37789931531,10,
15183,613.127104912,862.30572,255911.899551,9.37461663735,10,
15185,613.150755963,284.311872,144819.471889,7.6896575459,10,
15188,613.213577454,381.062997,47672.7385225,12.3453239585,10,
15191,613.261327469,444.266709,769523.941745,4.94932662037,10,
15194,613.283163012,832.58196,147757.127492,6.31504042787,10,
15196,613.301716058,1227.4185,72277.4773762,3.95466690811,10,
15199,613.355098664,439.472832,71238.2076113,10.994623721,10,
15203,613.390985017,841.25298,269235.281648,2.31322187686,10,
15204,613.410545514,497.40333,159138.632979,13.2620201462,10,
16529,688.832436278,455.577702,419310.794451,1.72406826218,1.0,[M+NH4]+
15206,613.797937506,341.137314,103842.635407,11.1069428336,10,
15209,614.219621967,965.92248,227664.483094,5.72921041054,10,
16272,670.231966063,411.356235,1589573.55426,2.48379628367,2.0,[M+K]+
15216,614.842199609,807.29034,3940922.73331,8.07448998667,10,
15217,614.837402981,824.8482,841719.994544,6.23942749229,10,
15218,614.929609805,1757.11056,55044.7967327,7.30457524412,10,
15223,615.177616237,1021.86348,190462.079731,10.0989298308,10,
15225,615.24065504,841.26444,97910.4975265,9.10467948508,10,
15227,615.255945292,388.814202,69050.4924948,7.53355866607,10,
16273,670.251263891,84.44193,380510.041664,12.5876712615,2.0,[M+K]+
15229,615.296155964,94.909692,1142631.27652,6.37734980018,10,
15231,615.309400533,409.477167,5372788.16604,5.10779006934,10,
15232,615.33420608,466.144062,194687.928002,3.11162224084,10,
15234,615.345475219,561.827475,330747.879455,4.87676687295,10,
16550,690.381216165,807.62787,902862.52608,7.07414019057,1.0,[M+NH4]+
15236,615.347240426,546.721854,49933.4268282,10.2928582197,10,
15238,615.353894632,321.2928,480934.988366,3.42841641754,10,
15239,615.381690538,494.176419,49145.6719822,13.8328273961,10,
15240,615.405817171,1361.94513,439666.733066,9.36947618342,10,
15244,615.795446311,272.093016,89997.0621879,2.27612242758,10,
15245,615.837796424,746.09976,167618.267015,5.87575225666,10,
15246,615.845033429,807.147,942694.782578,10.1039015417,10,
15248,616.039947115,619.7454,430479.649189,8.0184419748,10,
15250,616.066773495,908.71257,616676.118553,10.1451576288,2.0,[M+Na]+
15256,616.254504343,122.48238,202699.820801,6.07125130389,10,
15257,616.259189947,819.09198,45073.4382406,4.93121342484,10,
15260,616.271297556,493.34364,324190.149878,9.34435890674,10,
15261,616.281845988,718.74654,76586.9330315,8.4785927459,10,
15262,616.296354886,271.926612,56316.3134169,8.38555322321,10,
16969,724.361553103,427.314117,474232.59139,5.56503898589,1.0,[M+NH4]+
15267,616.347702951,538.594716,96848.5225634,7.22167097763,10,
15268,616.355829193,320.95356,62171.6036104,11.4861477209,10,
15269,616.365968056,444.266709,1249646.09043,4.95613432474,1.0,[M+NH4]+
15270,616.40209678,600.58818,345401.787854,6.30187675858,10,
15272,616.856765927,1047.43128,65320.2304626,4.15496481098,10,
16098,657.104222513,977.76759,77345.7230263,14.928472113,2.0,[M+Na]+
15280,617.173195537,1020.53226,146052.25709,8.67860492328,10,
16841,713.272398055,64.941546,2321125.69815,3.02732162075,1.0,[M+H]+
15289,617.313878196,411.014925,1681716.14129,1.75539617764,10,
15290,617.311721344,698.0328,74759.0314029,8.01345838163,10,
15293,617.325241853,350.405085,365763.588428,6.10656071769,10,
15294,617.324785955,220.209981,1302429.29702,4.80990856851,10,
15295,617.324009201,530.769336,217746.343509,2.34668034418,10,
15296,617.34911144,456.365682,142983.281919,5.12655742359,10,
15297,617.339943042,535.833465,1767286.21727,3.81030375069,10,
15298,617.349674537,667.22559,461476.993343,5.04276165195,10,
15302,617.826281738,30.8231094,88338.3963527,5.59645136619,10,
15309,618.20862805,63.531984,144663.80784,14.2366557526,10,
15310,618.234667177,796.51479,225547.023986,9.61545038525,10,
15312,618.218396783,50.5128042,725902.853513,2.34923756251,10,
15313,618.292813666,769.06914,263872.317442,8.24169002544,10,
15316,618.323955915,730.53864,2200843.50728,1.09818707983,1.0,[M+NH4]+
15319,618.334909171,427.073418,147793.691277,8.13273838965,10,
15320,618.333403281,673.97904,244858.282287,13.6500125039,10,
15321,618.326975745,350.069142,81863.7203139,7.1759698542,10,
15325,618.345691763,353.739984,271596.046406,10.0329027122,10,
15327,618.370762196,692.63154,33958.8905853,8.42236092097,10,
15329,618.738340606,324.767646,39229.445885,8.82310240179,10,
15332,619.158682027,824.96508,107435.210394,5.65960974653,10,
15333,619.150067171,1019.5434,84616.4155728,7.82798756449,10,
15336,619.267787494,365.756658,172886.433073,6.49131596269,10,
16192,665.288459373,414.941925,2118187.18788,7.12957170087,1.0,[M+H]+
15338,619.29652696,1032.99834,138874.813412,14.0093310811,10,
15339,619.291223071,107.305224,69846.2287702,1.97870698595,10,
15341,619.303621556,139.4667,204953.882866,7.80426793426,10,
15342,619.301002515,39.7746678,620552.331407,12.8795017848,10,
15343,619.329260574,403.543797,121041.859195,3.63336564493,10,
15345,619.344424792,808.46709,2125989.49188,2.87879586635,1.0,[M+NH4]+
15348,619.356147498,595.982571,139540.282244,7.00481071622,10,
15351,619.378311556,995.8545,185161.177573,2.78989543343,2.0,[M+Na]+
15352,619.824298274,718.63722,422596.956415,6.22466807021,10,
15355,620.264886326,432.597009,95405.4432963,9.56305834968,10,
15356,620.26854312,676.33581,332569.422315,3.86196309884,10,
15357,620.268516133,830.8194,330470.909822,9.94321142978,10,
15359,620.29080557,1172.63679,337421.516162,2.52121246201,10,
15360,620.298815563,119.237577,215760.931122,5.00941340108,10,
15361,620.306568871,302.845896,112335.459458,4.77045802667,10,
15365,620.324592976,443.25252,2607608.81072,3.80366780243,10,
15367,620.348301588,660.48357,749880.223631,6.01805049054,10,
15368,620.339564867,709.93701,1012628.35012,4.13636032997,10,
15369,620.415540594,1250.80989,30814637.8351,3.91097726575,1.0,[M+NH4]+
15370,620.415410049,1227.79446,5739030.42636,14.6758923657,10,
15371,620.415475874,1291.68012,3992791.4631,2.41600804031,10,
15375,621.253621668,562.803108,202464.573062,12.5343938204,10,
15376,621.277466233,700.8069,303819.95715,5.23240735388,10,
16396,678.345237547,455.326926,439753.887154,6.32464584822,1.0,[M+NH4]+
15378,621.293755652,1172.75232,63904.7845223,6.98992390568,10,
15380,621.323776333,383.351355,1693040.79196,8.13971242443,10,
15383,621.338976144,928.23024,145679.873818,6.33342529493,10,
15384,621.357470519,741.15474,66196.8446522,13.3424948749,10,
15386,621.366594213,1014.38856,93552.4253185,12.4619825912,10,
15387,621.392727028,1061.92905,1465345.28577,3.69158445341,10,
15389,621.727539151,372.892404,116447.881933,1.21960974444,10,
15390,621.755258522,562.520604,117838.497923,7.56790172625,10,
15391,621.850265747,723.85947,657888.709307,13.040236485,10,
15392,621.868683572,870.15708,127512.366998,13.0591618484,10,
15393,621.894277421,1061.90247,890793.095127,5.68559718447,10,
15394,622.133193886,966.70224,410323.93375,7.57782162241,10,
17590,784.307254937,45.9929172,971081.936135,3.99287654429,2.0,[M+K]+
15398,622.282757722,628.41306,1593954.89157,4.65747794179,1.0,[M+H]+
15402,622.353544298,617.14584,89233.7926536,12.0328743739,10,
15404,622.354820794,478.137204,898517.496941,8.77912474481,10,
15405,622.363839242,647.0022,307485.656657,7.9247004519,10,
15406,622.370359026,870.40698,66318.9312175,7.50468156256,10,
15407,622.395850414,1061.88378,343902.203424,8.92374331147,10,
15408,622.781337482,30.5612175,61432.5963184,5.8645745774,10,
15409,623.126565309,966.60714,662815.16269,2.32374775953,10,
15770,639.163926345,796.53351,398904.623747,4.41568308553,1.0,[M+H]+
15413,623.18971142,839.62644,68231.5629401,5.47281634667,10,
15415,623.268658335,531.436224,51217.8016313,0.968625147178,10,
15416,623.303395176,564.505665,462296.873485,3.39029064767,10,
15420,623.324331657,183.672402,728733.615065,5.69635969962,10,
15422,623.349846063,567.774894,59113.84487,10.3923129758,10,
15424,623.61913553,1525.28397,31661117.1775,5.56208467868,10,
15426,623.870123536,1061.68842,186019.467234,2.87867503539,10,
15427,624.067998843,925.20207,201362.93687,11.4650003174,10,
15429,624.238301899,265.973367,1291066.66078,7.27122182022,10,
15430,624.2523955,1033.0104,122711.74288,9.64749858245,10,
15433,624.311006537,700.47156,67624.2281383,9.3939784965,10,
15435,624.327397419,183.855216,178077.777519,11.2380197362,10,
15439,624.371851614,1062.02202,95956.8057002,12.2529270972,10,
15440,624.407121783,652.54194,8341095.13405,7.69099477238,10,
15441,624.480050984,789.14361,829341.24463,7.33114859339,10,
15443,624.767300733,542.577243,387006.07134,5.42703711389,10,
15444,624.79409978,348.781404,62295.4431489,6.20497681353,10,
15445,624.813591325,369.51678,58387.1546633,6.17367254163,10,
16530,689.093754298,924.98007,64980.7920939,9.40957340925,1.0,[M+NH4]+
15447,625.11576556,917.95788,24852.1653515,7.7037947726,10,
15448,625.146703896,1023.88878,102138.554095,11.6814224175,10,
15450,625.240936202,266.131368,279200.993204,11.4209961856,10,
15451,625.257320953,171.990654,238479.126758,7.40409728819,10,
15454,625.281928883,351.316026,436488.441922,5.88373912664,10,
15455,625.31868545,498.473142,402813.763566,6.93938315484,10,
15460,625.367511194,789.98736,133039.463053,6.55217077013,10,
15464,625.505216414,1405.0443,410950.842148,4.67046836368,10,
15465,625.728799426,1195.31328,494510.359465,10.1082972359,10,
15466,625.832998629,807.03459,474400.07625,9.17528211662,10,
15469,626.190524035,59.8446708,359732.811355,10.228825865,10,
15470,626.234080864,1438.1898,595275.782602,12.3395917247,10,
15473,626.286042176,760.83798,335450.988526,3.26375427622,10,
15475,626.302314993,516.482862,85797.4049687,11.7812707925,10,
15479,626.330117439,926.74476,83046.8601197,11.9198613538,10,
15482,626.376648773,517.05408,438155.171279,1.32004342264,10,
15486,626.416085666,1383.32994,3445109.71496,10.0170255329,10,
15491,627.192737358,966.24636,502982.796368,5.18615511671,10,
15492,627.234682344,410.323464,100685.320996,10.5111853614,10,
15493,627.249633202,443.421711,88092.3196846,11.0469599429,10,
15494,627.276640023,436.957932,165667.311259,11.2044004042,10,
15495,627.293702653,51.8332329,1491866.22968,1.72946753323,10,
15497,627.309246657,468.524391,1262069.55534,2.94570946637,1.0,[M+NH4]+
16634,697.237300006,740.74518,78535.8653119,8.54042926668,2.0,[M+K]+
15500,627.390107649,629.78754,500560.326186,7.00788478699,10,
15501,627.419155403,1383.44208,1302223.14441,3.77504678175,10,
15502,627.766995223,219.185226,572540.466183,4.51879742207,10,
15503,628.12062586,707.25282,5535082.14669,5.85231897421,10,
15504,628.153977694,967.51956,308871.758054,5.51455455721,1.0,[M+NH4]+
15505,628.209752098,83.910366,547518.959149,10.2383953495,10,
15506,628.232487958,1437.86442,54018.3476136,10.7644818168,10,
15509,628.304559783,298.044273,156805.599461,8.10419054209,10,
15512,628.315176809,39.2879265,558182.925003,7.13608190859,10,
15513,628.329726981,305.106396,168514.97438,6.08733457158,10,
15514,628.344836138,721.10511,110485.222388,8.49953699823,10,
15516,628.365869912,344.617482,891256.795081,3.94336653721,10,
15517,628.377253245,500.930712,60731.4408877,13.6121786685,10,
15518,628.764143998,334.904265,46572.6937061,10.1918796568,10,
15519,628.82112526,554.277738,162047.075418,4.76509236059,10,
15520,629.042073635,1016.15412,98097.3032639,13.6171868418,10,
15522,629.121957516,707.40456,2014431.59345,7.38560336313,10,
15523,629.190342112,1033.27479,715153.96949,11.0702193494,10,
15524,629.242949013,1019.86635,91731.0360405,7.28952300406,10,
15527,629.294218638,332.87514,83060.2598308,14.4062517842,10,
16581,693.30668652,278.849313,215853.197596,4.56496143427,2.0,[M+K]+
15533,629.325970156,739.0737,116317.931318,13.6779019573,10,
15534,629.314619378,468.213828,64950.9810073,12.3429952461,10,
15535,629.324682857,374.698578,91352.9130781,13.4282649821,10,
15537,629.361186237,365.079975,1288574.75518,1.84942592383,10,
15538,629.360981835,480.722448,376537.902364,4.57307112673,10,
15540,629.368855726,474.383517,157987.440043,6.38695741143,10,
15541,629.401046287,1400.84706,146726.094883,9.58601412052,10,
15543,629.797767363,1215.93909,68317.296397,8.9630290728,10,
15544,629.795656947,734.31552,699297.153077,1.87032675111,10,
15545,629.803049743,712.85133,162772.778085,11.8087163089,10,
15547,630.150804584,967.62168,206062.131618,0.733903804941,10,
15548,630.200554338,293.322135,2007124.33187,10.0910641446,10,
15550,630.268830622,369.208908,297391.661074,11.3751131584,10,
15552,630.282912033,551.950677,104841.200836,7.97754755447,10,
15555,630.310265796,473.016204,35922.1624639,10.296608507,10,
15556,630.320350911,261.575427,110043.124166,13.1833760606,10,
15560,630.357429771,58.8946131,622272.154112,5.21616217887,10,
15561,630.371549077,344.729355,44473.9485262,14.254477266,10,
15562,630.381444186,472.360524,474053.197129,9.05614960132,10,
17140,740.429266719,664.58358,193969.295963,10.7691703344,2.0,[M+Na]+
15565,630.39271713,801.63258,261254.806398,5.40581715258,10,
15566,630.392960122,444.583848,45918.0912638,14.614102233,10,
15572,631.151011245,1021.56315,81234.2462361,12.5390681596,10,
15573,631.172251273,1404.30954,133966.943863,8.99082925761,10,
15574,631.166600597,442.544982,73079.1338513,11.9353137544,10,
15575,631.174780918,55.577676,123392.256659,7.54051970814,10,
15578,631.239954313,1019.85909,60468.219046,13.2716072997,10,
15580,631.268199377,551.010915,46982.0069801,7.87721766022,10,
15585,631.319465525,474.338385,324407.31267,7.56695961093,10,
15588,631.326634922,825.62862,5670570.59599,5.94925417397,1.0,[M+NH4]+
15589,631.340232664,484.527018,150907.503506,12.2512475198,10,
15590,631.340515373,347.306025,1005569.91542,7.14772899714,10,
15962,650.313814514,501.921918,1414423.50468,5.28284276765,2.0,[M+K]+
15593,631.355890116,493.768353,108764.708157,9.77771302996,10,
15596,631.384393708,472.330194,133919.765092,10.3907383012,10,
15598,631.432551452,1291.38654,642290.771098,3.2860843083,10,
15599,631.553198413,1565.37906,1653394.74162,4.5723896021,10,
15600,631.57414654,1520.09544,239596.954855,4.03138248248,10,
15601,631.789066056,323.661684,150144.791806,5.39320846698,10,
15602,631.808471922,642.75876,130545.220153,4.66126033361,10,
15603,631.857141455,1061.93694,252009.244532,9.52820475625,10,
15608,632.209419202,634.4931,70091.5470905,10.2651807391,10,
15614,632.322688805,474.069405,79914.4519681,11.3131411786,10,
15618,632.324483914,418.071054,525484.644059,6.50988052427,10,
15619,632.33958209,731.20281,1437967.04795,4.08717442609,10,
15620,632.344148447,347.175612,246641.719685,13.9592832775,10,
15621,632.338939147,875.59965,286862.935851,2.19502090409,10,
15622,632.337094342,926.54526,63090.0370683,5.5318377394,10,
15624,632.360768716,550.15698,140551.83587,3.93988019273,10,
15625,632.339742643,837.5826,444655.921787,4.53151706616,1.0,[M+H]+
15626,632.360746836,287.977005,152267.641116,8.2156879879,10,
15627,632.361019134,342.816852,80894.3926621,5.5473853782,10,
15628,632.376166449,77.001423,335607.68079,12.6217073508,10,
15630,632.385844714,739.04544,479006.967385,2.85718830175,10,
15633,632.48433931,1312.49466,98673.7514228,4.34548573866,10,
15634,632.50337126,1508.42622,520001.248495,10.5066746366,10,
15635,632.751330408,265.851996,182254.318402,14.4015986233,10,
15636,632.79127689,350.847045,97348.3139981,12.6458405145,2.0,[M+Na]+
15637,632.798927997,400.039935,166111.56624,12.0940620204,10,
15641,633.075869028,702.19554,1369535.95271,6.69147823123,10,
15643,633.1485248,835.5681,32114.3749734,7.72431686439,10,
15646,633.298671481,464.210148,2192673.19511,7.50149554404,10,
15647,633.290718224,333.603771,4476831.65415,6.76661347397,10,
15648,633.30190804,437.694765,232865.277196,8.37397933587,10,
15651,633.301966949,157.365456,119732.383688,14.241091658,10,
15652,633.319891811,295.099323,835901.94617,8.65027475399,10,
16248,668.371017167,652.70625,327558.180917,7.36851989582,1.0,[M+NH4]+
15657,633.342516311,837.5766,118585.222559,8.20041464631,10,
15658,633.359940223,903.71793,474457.805621,6.11775341224,10,
15660,633.356019454,175.499463,2987655.88384,4.53372035842,10,
15663,633.430467347,1318.22136,62117.3371764,10.1518595205,10,
15664,633.819241404,658.49697,938323.756163,9.86780969901,10,
15668,634.077298077,707.42313,463800.91724,11.7529092384,10,
15669,634.133923215,1348.33992,1187208.27427,9.91216559398,10,
15670,634.14571578,966.53907,205101.952112,2.01943208364,10,
15675,634.318605806,492.998574,734735.206472,7.71210389978,10,
15678,634.337081824,714.93318,99613.535969,12.4629582645,10,
15679,634.341032798,445.556058,185316.321563,7.7597960301,10,
15682,634.362916307,903.77289,149684.089872,12.5640078181,10,
15685,634.774656463,267.640938,1110114.29772,3.40892928275,1.0,[M+NH4]+
15687,634.82242217,658.38384,222273.08363,8.24327267573,10,
15693,635.131625123,825.15297,60139.3489394,2.78965760168,10,
15699,635.300453732,233.329734,543798.336131,1.42771552644,10,
15702,635.333690825,1361.81289,335580.476035,10.0329373366,10,
17429,767.428414909,685.5816,87527.1473848,13.0182902567,2.0,[M+Na]+
15704,635.3393901,717.42468,1609108.84275,4.84499675592,10,
15705,635.355298546,741.06585,106051.056899,9.54366184692,10,
15706,635.350467979,553.921218,1550097.17328,6.57675650171,10,
15709,635.37289837,840.6561,276962.980197,6.2071645923,10,
15711,635.433523693,1312.34661,94512.919269,10.4721766363,10,
15712,635.779406465,254.778429,174191.601598,10.9358739298,10,
15715,636.195526442,1019.85909,77150.2123416,12.2559861463,10,
15718,636.294370013,105.925209,1561327.98769,4.99414350537,1.0,[M+NH4]+
15719,636.286367979,1227.23928,98089.6099386,12.9632721877,10,
15720,636.303041037,233.654814,111644.378315,13.1240491401,10,
15723,636.334722154,385.786611,64766.0688946,12.7161382549,10,
15728,637.047287124,908.71257,121149.513433,9.42441263504,10,
15732,637.103836196,966.62331,1031454.60468,4.40301379773,10,
15733,637.203042867,1001.80239,99750.660649,11.8778541652,10,
15735,637.220963474,387.090702,40106.3436866,2.48504078204,10,
15737,637.25951496,981.98916,87067.8074095,13.7863558184,10,
15738,637.318624251,444.700269,666322.238031,6.4973217453,10,
15741,637.329736587,387.519414,873756.558696,5.00666084309,10,
15743,637.34813352,724.68822,249950.431669,6.74534451828,10,
15744,637.354798826,600.7575,145253.613021,2.15245109267,10,
15745,637.384352037,1320.22296,149675.769312,12.7400101623,10,
15747,637.726270311,410.752686,63772.9527208,7.13860736496,10,
15748,637.793112452,396.871326,107201.916767,4.71384342696,10,
15752,638.141374905,769.40013,379367.261306,4.80189059442,10,
16041,654.136229482,809.98389,312968.558039,9.01041916158,2.0,[M+K]+
15754,638.227301167,410.502672,41401.4625372,13.6180442332,10,
15756,638.296321191,414.293682,483178.174943,9.06342604805,10,
15757,638.311148129,427.18497,208284.799069,6.57092193885,10,
15758,638.313714637,401.149176,202185.207379,9.85774800296,10,
15759,638.313613107,328.98534,34217.5584439,14.9039450668,10,
15760,638.322573292,444.803556,222830.922463,4.1116124442,10,
15761,638.313680513,275.398248,492078.757461,2.61272050158,10,
15762,638.333040182,387.516915,255798.370727,5.0473633875,10,
15763,638.334300505,622.12662,94744.1543176,11.6732040397,10,
15764,638.774442891,55.491606,349390.636263,11.5480876147,10,
16219,667.046299754,924.87438,151949.75305,8.71068510483,1.0,[M+H]+
15768,639.1426738,809.90946,42028.9328797,11.156677,10,
15771,639.163888006,839.57874,42159.8424735,3.42783620182,10,
15773,639.24203315,449.287587,279232.362204,10.4003514969,10,
15776,639.271403997,270.80238,82168.2579679,10.5557295197,10,
15777,639.27253626,312.022044,133027.950313,8.00504239326,10,
15778,639.279484271,640.30512,46392.546351,11.2338404769,10,
15781,639.317211247,274.791,114260.683571,9.6820422087,10,
15782,639.320006136,226.49673,70584.6377633,14.4620690951,10,
15783,639.313735964,605.36472,168198.576577,9.34634959687,10,
15784,639.386067605,1152.26181,516473.962893,14.6664114281,10,
15786,639.613936184,1486.10532,438839.806131,6.81028303813,10,
15789,640.22130136,393.318924,228531.006557,10.5015528492,10,
15791,640.256948477,369.141282,147020.9881,12.9174153785,10,
15792,640.265053697,666.22326,198141.490506,5.03470173968,10,
15794,640.30795762,732.21882,934489.433725,4.81148291338,10,
15796,640.331319108,821.33268,118511.824191,5.3084294332,10,
15797,640.364473863,489.661578,517883.890074,6.31792368699,10,
15798,640.401997401,519.976989,493838.979634,6.08113459023,10,
15799,640.43839897,651.07047,443246.614944,7.47170388854,10,
15802,641.254677613,390.902313,36973.1487696,10.7145614605,10,
16848,713.418440343,568.568937,659192.423185,3.25468060885,1.0,[M+H]+
15807,641.386135492,567.503754,141634.568512,7.64117122509,1.0,[M+NH4]+
15808,641.441572036,651.17751,141787.938548,11.0430752204,10,
15809,642.183430543,1334.86842,105552.426664,10.5412610068,10,
15811,642.28504013,302.928498,70761.4406471,0.411798678027,10,
15813,642.332632243,658.66746,379573.306135,10.8434301364,10,
15814,642.360284498,802.51452,417650.616045,8.02678614104,10,
15815,642.360073393,840.32382,297326.995405,6.19902774044,10,
17286,755.476577075,705.14934,2689508.43034,3.89805258906,1.0,[M+NH4]+
15817,642.381750889,368.843613,94881.904104,11.4050063983,10,
15819,642.418099124,620.0841,103719.235007,6.81758440714,10,
15820,642.766589037,221.279364,154405.639603,6.06338765131,10,
15824,643.292684365,647.07438,121931.201261,4.91124310744,10,
15825,643.315219199,49.3763709,207352.13526,11.3136477174,10,
15826,643.319263673,561.901059,606578.273689,3.08581181957,10,
17292,756.424861954,622.63953,195714.744063,10.9559258293,1.0,[M+NH4]+
15830,643.363141159,802.63731,135306.541242,5.43914856417,10,
15833,643.405749692,1074.02631,1371717.65616,1.78525598388,10,
15834,643.413182134,590.15511,52954.7351167,7.85730030035,1.0,[M+NH4]+
15836,643.691409551,31.4398557,437830.877379,3.54883097159,10,
15837,643.7949786,289.173438,151982.184276,14.1379182805,10,
15838,643.849434555,596.733189,284323.780138,2.62985320729,10,
17469,772.226520867,31.2739095,45916.7815855,8.63363983777,2.0,[M+K]+
15841,644.216100957,275.034999,734078.639015,4.76080378675,10,
15843,644.219269905,967.55076,223598.48114,8.35284903667,10,
15846,644.296551291,289.173438,81902.0925341,3.37522221412,10,
15849,644.322315467,561.901059,186695.592928,6.92292904854,10,
15850,644.335140162,390.792408,36027.1482915,2.45163117777,10,
15851,644.33957461,599.567949,4375141.30546,7.05054500835,10,
15892,646.376483933,334.433415,1773553.47795,2.48468219048,10,
15855,644.379578514,580.715862,36388.8096568,14.2204402344,10,
15858,644.408887586,1074.08028,352850.654438,3.97418864727,10,
15860,644.693966426,31.3674192,46725.9849581,13.0776921073,10,
15861,644.810245038,658.16466,114559.49937,8.01821616531,10,
15862,644.824038839,736.55328,569603.413918,3.78511057519,10,
15863,645.126225484,842.6592,133789.588761,7.09402198155,10,
15864,645.164134868,1033.28265,348505.893141,9.68451655324,10,
15867,645.271932861,912.55782,28316.6756859,7.94890405691,10,
14511,587.339356436,532.695987,3435642.37624,4.37238745149,1.0,[M+H]+
15876,645.356095423,327.305577,3637659.59252,6.57129331365,1.0,[M+H]+
15880,645.826837094,736.53366,128196.41639,11.1699222378,10,
15881,645.883318478,1074.25692,158137.257228,3.67531366436,10,
15882,646.168945396,31.2712416,83609.4217307,12.8998024111,10,
15884,646.235810137,500.730576,190505.996388,7.63766829726,10,
15888,646.340041686,156.663834,2330128.86283,4.96678999066,1.0,[M+NH4]+
18018,844.355067116,310.60383,1790625.20195,6.94345044678,2.0,[M+Na]+
15893,646.400060428,912.79911,738649.941012,2.23354054067,1.0,[M+NH4]+
15894,646.428136042,875.93307,696219.488602,6.16039558536,1.0,[M+NH4]+
15895,646.669642717,31.1803998,31198.252396,8.39423120157,10,
15898,647.21710122,1032.98628,239839.341389,14.6887823455,10,
15899,647.224168293,458.763702,59063.3711127,10.2563117913,10,
15902,647.289608437,689.5155,102092.849778,11.7822235381,10,
16195,665.328963568,713.81427,476704.826187,1.89697444504,1.0,[M+H]+
15905,647.335438794,142.894638,599115.000595,3.00181799237,10,
15909,647.350945727,652.71552,150256.579753,8.19127517924,10,
15910,647.371796809,279.822444,1507538.61161,3.33967940836,10,
15912,647.375297334,813.29934,244001.813627,4.3497884957,10,
15915,647.569076023,1379.07918,314559.83652,3.36519374686,10,
15917,647.835526849,710.03532,290863.945428,3.76171396862,10,
15920,648.24172878,369.22674,65656.8272326,8.89186680377,10,
15921,648.283607087,756.18057,127405.044373,8.40068280334,10,
15922,648.287959401,590.256774,112583.679138,8.34745759097,10,
15926,648.35801955,1333.57005,79987.6723581,11.6201152066,10,
15928,648.338633593,312.293136,187319.029494,3.18325558564,10,
17364,762.37700444,661.38408,956084.068741,5.76221076643,2.0,[M+Na]+
15932,648.382287272,636.75039,177594.461711,8.3287065616,10,
15935,648.838360673,710.03538,38236.2005625,7.15336475291,10,
15936,649.049876516,712.78995,436270.998333,14.164397071,10,
17013,729.235664282,1023.88878,149120.252961,14.6678846983,1.0,[M+NH4]+
15939,649.156557536,843.97536,101416.062167,2.50328545521,10,
15941,649.294714298,380.204172,355777.924471,8.76271579597,10,
15944,649.317590428,581.059173,31594.0431255,5.75778292831,10,
15945,649.335293827,323.353041,94921.0749138,6.12730657561,10,
15947,649.340800346,271.151748,124120.152081,10.2145413108,10,
15951,649.377556081,279.629955,65456.4163592,6.04163549555,10,
15954,649.442085372,1315.5009,106984.65857,6.38388421143,10,
15956,650.158195047,843.97536,22805.5401415,11.8713352676,10,
15957,650.161900607,1024.35474,164715.152599,5.74166983767,10,
15958,650.262955202,487.300488,113613.290692,13.4879302184,10,
15959,650.286137058,66.198552,4672285.07477,1.96031985974,10,
15963,650.335120392,185.220342,164225.931489,11.9958497678,1.0,[M+H]+
15964,650.347358125,725.02668,199190.899313,2.38510038577,10,
15965,650.349660355,502.596168,184156.248801,12.7123731882,10,
15966,650.360496197,434.246556,238002.552827,7.76363986961,10,
17702,799.455398969,640.14864,803700.729718,11.7574648991,1.0,[M+H]+
15971,650.802486732,439.983894,128947.41981,1.05940108838,10,
15972,650.849233733,590.823366,251798.828292,2.85235467023,10,
15973,651.086690325,394.824999,3046173.89574,13.2519284499,10,
15975,651.136507303,747.68544,14823656.6652,4.2860184408,10,
15977,651.138452389,967.88364,116440.220553,12.7122673049,10,
15978,651.156008357,1024.51953,232101.33331,8.54345588737,10,
15980,651.257179278,1227.52944,64996.1244325,14.2346408384,10,
15984,651.309034172,283.436001,638392.125843,4.03787228965,10,
15990,651.354798964,912.88938,54743.5876362,6.74355118188,10,
15991,651.486193641,1386.73596,122897.116356,10.1770143545,10,
15992,651.650423907,1565.37906,15500286.0255,3.59048124519,10,
15993,651.786499546,329.109006,162497.940916,4.46296338425,10,
15998,652.195034306,63.372732,234549.541363,5.32071757364,10,
16001,652.264156484,676.33581,115512.397359,12.5576293177,1.0,[M+NH4]+
16002,652.272975378,237.79161,48355.7842555,6.67412523511,10,
16003,652.2743344,799.11174,120282.018878,13.8881191589,10,
16004,652.293282447,430.213761,438819.736481,6.17650136982,10,
16006,652.308151698,673.60266,177184.659211,0.952059611707,10,
16009,652.316495551,1141.30758,87129.1038095,10.0386869213,10,
16010,652.364206219,663.90702,399429.58094,3.99713238698,10,
16011,652.391070476,791.67126,64050.8469599,7.37361549238,10,
16014,652.845128542,785.54382,864598.777284,10.0664584552,10,
16022,653.233361816,458.537352,38769.0993046,11.4227421457,10,
16023,653.26371237,409.723821,75845.3747931,12.4965813965,10,
16024,653.28835097,345.931764,751994.402269,3.97212627684,10,
16027,653.332150561,440.701302,62722.4222966,14.1616703895,10,
16028,653.347750385,785.56386,529693.051737,3.15075563646,10,
16030,653.422283811,863.9517,367815.667786,5.96233289612,10,
16032,653.502353139,1405.60932,502452.654998,7.65654952338,10,
16034,653.84799237,785.52552,227609.20228,10.4468100932,10,
16035,653.838817268,736.67634,45274.9061341,14.3465043516,10,
16036,653.870453955,1074.02631,242512.600343,10.8144117886,10,
16037,653.976045973,31.010655,30038.7045026,5.89994017571,10,
16045,654.27616346,526.052541,243961.157832,7.07355917804,10,
16046,654.287544565,622.80834,1516119.14634,3.94179135871,1.0,[M+NH4]+
16048,654.290951096,456.844854,150686.124561,8.90709877331,10,
16049,654.290922619,519.976989,70992.8406158,14.49844416,10,
16050,654.300065175,388.027776,58560.7871821,8.83244392953,10,
16052,654.321632388,683.73666,411627.885816,10.1535913214,10,
16053,654.321904893,731.37102,148905.130444,11.4890656694,10,
16054,654.315121088,378.471558,888345.42267,8.66570451252,10,
16058,654.381439447,705.82734,139225.823437,10.9866116616,10,
16059,654.416550346,820.85424,1171622.79973,6.04495520216,1.0,[M+NH4]+
16060,654.429166479,604.40544,222234.700622,5.50111424545,10,
16061,654.45425597,662.90106,915623.85011,1.3113883615,10,
16063,655.020119193,809.8596,32944.6532696,14.3116552017,10,
16069,655.244350582,285.706626,33010.1280227,10.8783184794,10,
16071,655.272392827,333.663804,89386.5259993,12.2482633267,10,
16072,655.279617997,525.973407,68635.0192618,6.47724919071,10,
16074,655.324536294,837.5826,462192.363717,3.90135945231,10,
16076,655.376478647,430.127934,978879.993318,1.04216341648,10,
16079,655.4576459,662.90028,323588.972172,2.97180978252,10,
16080,655.44953258,995.8545,146334.790697,5.07886975623,10,
16082,655.818578143,378.165798,46829.7107538,9.15309656033,10,
16084,656.225263805,1401.8778,271657.735453,10.7632678125,10,
16086,656.28650931,347.651955,66581.3181144,8.98208962913,2.0,[M+K]+
16087,656.314593033,635.52252,394642.369638,7.14121004184,10,
16088,656.328721421,612.15762,82412.6032816,11.6574577283,10,
16090,656.32817369,648.34905,8320498.82565,3.89246386675,10,
16091,656.360825575,342.791295,1523510.28402,2.66028823083,10,
16092,656.372128402,393.877578,380061.065513,9.62984631684,10,
16095,656.416765588,513.266268,146945.661264,13.2975284016,10,
16096,656.433250451,642.38874,1677334.67075,0.810096013643,10,
16100,657.236651655,477.600969,55429.5418039,11.9295478945,10,
16101,657.24599517,396.357978,101193.089405,11.5542065755,10,
16102,657.270641186,120.09063,386271.735997,8.86819113172,1.0,[M+NH4]+
16103,657.287122796,448.442769,624296.459582,5.96988564988,10,
16106,657.331483299,648.27453,3083145.86898,4.11656164981,10,
16107,657.336310928,1154.77362,1501481.78437,7.21354510707,10,
16110,657.375247483,393.666048,83344.106342,4.20325019727,10,
16111,657.400260798,473.557464,664669.027185,6.65000117927,10,
16113,657.410866734,664.91964,72940.0741543,12.084989097,10,
16115,657.830474473,679.08435,2590852.37177,6.07224048334,10,
16116,657.866248437,814.7271,174733.830454,6.50273311769,10,
16119,658.32236595,561.561252,299496.605566,10.0611684382,10,
16120,658.334340444,648.34905,658566.673388,3.85871156595,10,
16121,658.328351968,978.6834,277772.168574,11.2702896389,10,
16124,658.376497642,409.477167,241480.342225,7.46242775767,10,
16125,658.38748011,462.850092,81796.3364805,7.97881245713,10,
16126,658.387681491,347.060229,97932.5765063,11.1666905391,10,
16127,658.427927143,860.63475,259810.693679,3.50643301002,10,
16128,658.438974178,642.75876,90731.247562,8.8117726721,10,
16129,658.833190826,679.39287,694756.236918,5.56423792988,10,
16130,659.230309686,941.93214,51338.918925,8.62578075186,10,
16131,659.31328252,387.4347,28524.2662837,4.33639243329,10,
16132,659.325069044,561.561252,70793.4534914,8.33223822556,10,
16133,659.335430493,302.284443,3609486.81687,2.09720224404,10,
16134,659.33063335,978.7929,68132.8161684,1.88179080541,10,
16135,659.371571948,134.98845,600903.628368,6.68320342059,10,
16136,659.379710912,354.301032,130798.736314,4.21312431933,10,
16139,660.306777679,287.455752,1390649.10823,8.9279129382,10,
16140,660.309474108,508.085718,71435.2835414,12.7216747358,10,
17698,799.372511955,632.22822,460970.36452,7.06856368762,2.0,[M+Na]+
16142,660.337902136,671.14884,388864.133743,6.25233264605,10,
16144,660.358215987,1050.72633,153482.747467,3.34120548361,10,
16145,660.374632184,347.405667,319237.186227,6.30298441645,10,
16146,660.375652124,443.951826,424909.478401,10.3101843426,10,
16148,660.406977355,806.10084,137244.153197,12.2811040964,10,
16150,661.242987262,247.210626,59945.9154891,8.5483055323,10,
16152,661.296804101,431.167995,3457652.43589,6.81192862463,1.0,[M+NH4]+
16153,661.310116177,312.250818,1275349.46688,4.41884985742,10,
16154,661.315449246,177.091842,194762.615088,4.18398022389,10,
16583,693.306927712,1034.31678,204684.377738,4.32999459192,1.0,[M+H]+
16157,661.340891563,302.340387,220736.559753,7.13508041895,10,
16160,661.376092604,535.151406,253309.872708,5.16184026385,10,
16162,661.441978961,1250.80989,8790686.65673,8.98274048397,10,
16163,662.239879016,628.3926,194071.697605,6.78623305869,10,
16166,662.371640699,417.039048,561246.12039,6.32845298644,10,
16167,662.371512125,372.663309,688020.850815,5.67460692042,10,
16168,662.390322248,458.164572,50750.1614472,12.0327581139,10,
16169,662.407591196,462.994464,194641.285173,7.4913392716,10,
16170,663.154101387,964.38366,523911.737437,2.44371184773,10,
16172,663.308338126,617.31471,138602.810487,14.3123595778,10,
16177,663.453086984,1540.54146,47778605.7528,6.14669764952,1.0,[M+H]+
16178,664.313562373,77.631195,180151.546448,14.3167904862,10,
16179,664.329372889,465.232026,175608.4926,6.36539782799,10,
16181,664.325733092,197.554218,936650.297957,2.69996816382,1.0,[M+NH4]+
17264,753.446067045,509.106714,131467.905586,3.24839068719,1.0,[M+NH4]+
16186,664.401792352,654.30048,69588.9217021,7.14849151088,10,
16187,664.429314954,1288.23126,74105.3581546,11.2870804129,10,
16189,664.784500123,350.151861,232104.496809,3.05960445613,10,
16190,665.132725454,1024.33776,366756.009019,11.2512411902,10,
16194,665.331944884,809.79798,394121.036771,6.0217287875,10,
16196,665.335843484,320.556018,58858.284032,13.1471572109,10,
16200,665.41883388,1085.96442,1059456.68242,11.3835837745,10,
16203,665.802175211,396.265422,173005.290815,14.0780936045,10,
16204,665.920583012,1085.96442,668203.67812,3.9327207724,10,
16211,666.294195969,336.755304,556223.222526,4.77220816281,10,
16212,666.301349176,55.3701702,1025003.97554,3.35494516749,10,
16213,666.321578746,599.567949,343998.346358,10.0130981245,10,
16214,666.363309929,800.24946,150375.898073,12.973413727,10,
16215,666.381577915,565.237608,160092.385033,13.1355315573,10,
16217,666.42184968,1086.13473,260659.787799,12.039695744,10,
16221,667.226983322,43.3392894,768741.909469,3.07988072202,10,
16222,667.243932973,237.79161,72188.1559447,9.26747913352,10,
16229,667.304030578,55.405536,134583.376574,10.58097378,10,
16231,667.329167604,671.19912,164703.172168,8.37879282232,10,
16234,667.421163303,714.49554,160245.852834,7.01431228587,10,
16235,667.645176474,1519.76868,564599.408307,5.00911817585,10,
16236,667.896371499,1086.06381,127171.027297,12.3205311571,10,
16239,668.255600665,301.313886,39594.0092163,10.3893673324,10,
16241,668.272694724,172.302777,232504.476372,7.2989235415,10,
16242,668.293689454,679.41411,236795.393391,5.96808672137,10,
16381,676.822952669,364.12944,53317.4617302,9.45858614683,1.0,[M+NH4]+
16245,668.323985202,535.317969,139125.397412,9.0833250468,10,
16247,668.343303755,436.269933,186709.929179,10.9709069756,10,
16249,668.397158454,666.39126,5224282.60071,1.9679877847,10,
16251,668.433454286,754.51248,1757592.52339,2.49130089587,10,
16252,668.444683536,702.77394,1322399.51341,0.719061520675,10,
16253,668.648398389,1520.55426,213958.439041,8.56860109119,10,
16254,668.766220346,256.507863,415324.955529,5.82991202357,10,
16255,668.79495767,679.39254,175196.797528,4.03659234018,10,
16256,668.811127262,364.41978,70049.6891865,14.1800985371,10,
16257,669.171558963,963.66864,434439.684368,4.12644555807,10,
16258,669.211827277,326.674014,28051.1363495,10.0609409349,10,
16259,669.231180611,1032.98628,149806.23628,9.42753465296,10,
16260,669.258440921,326.835414,58530.3582805,6.08416932028,10,
16265,669.352799424,360.650286,126002.09588,6.71418543168,10,
16266,669.396848867,1308.23466,130145.836307,13.4019093596,10,
16269,669.436742388,754.53813,606498.338445,4.28621286774,10,
16270,669.471389555,1395.21768,877711.482551,5.7617965174,10,
16271,669.768449719,256.507863,84740.7163622,13.093130281,10,
16275,670.274689164,729.81942,115227.621553,6.80837176866,10,
16278,670.351520811,397.562169,77924.7521235,9.92337107942,10,
16281,670.449023811,726.21906,116043.627236,8.64277015009,10,
17242,750.404749378,661.89078,208356.250867,8.90852593033,2.0,[M+K]+
16284,671.091374735,830.85816,165104.565407,3.81104859317,10,
17566,782.058081444,813.04344,449333.932902,9.203021733,2.0,[M+K]+
16287,671.236305793,146.20533,231024.312293,3.9966417592,10,
16288,671.268222378,189.341838,121756.774581,5.21522029153,10,
16291,671.298294206,837.41547,457998.062922,7.17154886757,10,
16292,671.30280744,612.76494,704493.507593,3.80671771741,10,
16293,671.317168205,516.7446,120042.747826,11.969688912,10,
16294,671.354080759,1227.68136,112850.587446,9.94129248557,10,
16296,671.375907747,715.17402,337842.62282,3.78333148494,10,
16297,671.408004236,623.77074,73083.5971244,10.8597149309,10,
16298,671.444006457,840.62835,216101.948629,8.04297460464,10,
16299,671.513037131,1395.69456,319611.200529,11.468811183,10,
16300,672.092485591,831.15396,44291.5022178,8.40841473734,10,
16301,672.208989405,1452.1227,186007.366673,10.2423654561,10,
16305,672.331044799,400.965288,122220.815378,6.73947540167,10,
16306,672.371060071,726.40935,88888.8552635,9.9471117457,10,
16307,672.366885287,470.648466,176452.225176,12.4642160703,10,
16308,672.381939335,483.508962,68662.5493493,7.48023356161,10,
16309,672.392226199,689.53881,269258.603906,5.16290775143,10,
16310,672.390876126,734.6583,173357.020784,2.64762693818,1.0,[M+NH4]+
16311,672.403205526,631.87002,1329202.85794,6.42509723535,10,
16312,672.407337064,739.38084,257550.516257,4.59657611134,10,
16313,672.430361172,735.65196,144532.527916,10.4811550078,10,
16314,672.428216612,678.77838,39119.6375498,10.7908926525,10,
17702,799.455398969,640.14864,803700.729718,11.7574648991,2.0,[M+K]+
16316,672.810405317,411.434304,130284.528881,14.1833913988,10,
16318,673.20332423,1023.88185,414265.940689,3.49045966776,10,
16320,673.320647222,791.52201,85444.4442364,4.97598916537,10,
16321,673.314349217,129.206946,124240.580348,6.40991100101,10,
16324,673.370100844,402.605793,83575.9180954,12.2337289075,10,
16326,673.391515246,768.39039,1158731.1005,3.08639343812,10,
16327,673.387328503,556.319604,306521.595244,8.28567169685,10,
16328,673.387096787,425.46285,274289.566441,7.18026594765,10,
16330,673.386954892,234.818868,78057.0837855,12.3829145378,10,
16336,674.333423562,59.9496684,408571.665491,7.64930281769,2.0,[M+Na]+
16339,674.353892691,376.286976,298836.415293,3.95266553912,10,
16340,674.353234293,584.590776,432210.684514,5.1699617824,10,
16342,674.371395565,460.085688,1833546.73367,7.65389026479,10,
16343,674.386395677,744.56163,229552.456784,12.4192833798,10,
16344,674.379656768,875.35311,46941.1833155,7.06420029025,10,
16346,674.394620354,768.07992,418689.516817,3.36114831499,10,
16347,674.389905877,556.33023,80741.1625834,3.24838576145,10,
16348,674.408962361,631.95924,55030.4971067,9.06846008735,10,
16350,675.247017971,390.264672,322858.990661,11.5946802829,10,
16352,675.257400872,276.79257,57784.7857706,9.70067925167,10,
16353,675.281008583,84.132294,2708317.01513,3.35782972164,2.0,[M+K]+
16354,675.295190437,291.07131,208772.375328,14.3018383571,10,
16356,675.312406002,508.288479,958103.039689,5.12398554702,10,
16357,675.330270693,278.635188,681042.055428,4.37296775907,10,
16358,675.330332827,304.058886,752339.792783,7.68053591062,10,
16359,675.345009493,380.211165,77582.7516693,14.1148467477,10,
16362,675.366451938,165.339339,341720.044958,6.25456738275,10,
16364,675.406540992,832.36413,909034.64847,7.004581889,10,
16365,675.413402017,1002.5088,75006.283694,12.5388054499,10,
16366,675.796636963,290.93838,129229.626523,12.7083408582,10,
16566,692.215727593,392.930499,280894.574293,11.865973068,2.0,[M+K]+
16368,676.249617835,389.882622,75965.3130844,2.10605080263,10,
16370,676.298557747,290.928006,41020.2712841,6.31269223855,10,
16371,676.304115766,383.413737,67758.9211886,13.0792073888,10,
16373,676.315233006,508.392288,277869.009025,8.9360425809,10,
16375,676.343619872,820.58028,106364.497664,7.97018009572,10,
17633,788.374121742,786.42822,330406.107741,11.3706670155,1.0,[M+NH4]+
16379,676.384733393,1086.0468,113541.149766,5.4167974308,10,
16382,677.11697852,755.46558,39846.7080419,8.06624415165,10,
16383,677.228175186,400.479546,228767.960776,9.67305847119,10,
16384,677.303506769,736.21134,124279.853543,4.62208887563,10,
16386,677.336081881,461.960892,1102233.22361,5.76485733613,10,
16387,677.32876276,306.773199,104427.402491,14.5248693729,10,
16388,677.33139589,555.372615,45332.9418008,12.3630312225,10,
16391,678.262812417,270.706812,445978.532992,10.3872021151,10,
16392,678.310275043,648.41916,480017.242824,0.837046331792,10,
16997,728.296080133,70.090989,5361642.07072,12.6016675594,2.0,[M+Na]+
16394,678.323707155,122.458572,263930.268059,11.2310854118,10,
16395,678.344902241,534.796536,1334110.53583,4.23883347877,1.0,[M+NH4]+
16397,678.360510936,1086.08082,47111.0175215,1.88544720918,10,
16399,678.378695048,680.71347,314550.228516,6.39954738851,10,
16400,678.80469087,747.477,424675.514076,2.97921557136,10,
16401,679.135276938,1334.86842,198037.79771,4.87348639973,10,
16409,679.340247286,371.640684,173806.007243,6.19948666864,10,
16410,679.34018031,291.485085,315035.515064,7.26413698893,10,
16412,679.366488944,1255.5093,87167.4233425,10.4433178727,10,
16413,679.511220689,885.8364,535041.533327,6.88693493266,10,
16519,688.331085808,455.577702,691747.712387,4.64135227087,1.0,[M+NH4]+
16415,680.138660532,1335.19746,64225.0449353,12.917215767,10,
16416,680.251820352,446.176062,263062.872061,9.33840465995,10,
16418,680.323852812,268.489248,152217.02174,14.8672835774,10,
16423,680.350143242,909.49932,290975.168972,0.937971658408,10,
16425,680.361198237,690.05265,52786.3571756,12.227765512,10,
16426,680.397403429,606.24978,210752.778306,6.99872332169,10,
16430,680.513904059,886.06245,154158.84071,12.3997838944,10,
16431,680.821024794,744.72114,540907.809296,6.18388808469,10,
16536,689.333368927,455.577702,163869.924356,3.75172653978,1.0,[M+NH4]+
16434,680.851467532,909.426,219790.141755,10.764444502,10,
16435,681.148548813,796.5756,85741.4505381,4.60738859662,10,
16437,681.334456205,654.24759,6747416.95419,7.82278106551,10,
17365,762.388420082,595.135521,669835.871672,6.13011270202,1.0,[M+NH4]+
16440,681.353741219,443.789676,118148.164349,3.69996784896,10,
16443,681.418141853,1291.53333,92605.6453825,10.7798423676,10,
16447,682.288662151,312.01584,490564.738291,6.31219414684,10,
16448,682.29389202,599.34003,75779.4485476,7.45237743698,10,
17612,786.397499772,570.456492,121555.05472,7.95901214172,1.0,[M+NH4]+
16453,682.362161635,155.98233,670854.091003,9.55567952043,10,
16454,682.387385799,399.857229,280984.237781,3.27103712857,10,
16457,682.475393814,784.65228,70665.159509,13.570453481,10,
16458,682.757630271,261.45849,87571.2775162,12.985411617,10,
16460,683.285298652,717.73155,409433.037288,8.78396169456,10,
16461,683.280423692,860.64282,356586.527845,4.29717839874,10,
16463,683.339399962,621.11616,99572.9198547,13.246115982,10,
16464,683.353874021,464.676273,319936.392418,7.67617565376,10,
16467,683.426271334,1333.87428,429850.076338,2.12948070214,10,
16471,683.640380085,1379.22054,222512.405207,9.4232744957,10,
16472,684.255035756,43.5987369,8224433.23931,1.27327415366,1.0,[M+NH4]+
16474,684.367113137,497.219958,1301773.67133,7.17207633672,10,
17435,768.369251877,727.87413,70057.4884853,10.1961837841,2.0,[M+K]+
16476,684.40272485,488.971155,95249.5140358,12.438914047,10,
16477,684.428330884,561.461166,809953.395258,3.88876787481,10,
16480,684.764731504,1222.95498,216673.658742,8.13520062352,10,
16481,684.786111026,752.88138,328844.730537,1.94189587086,10,
16483,685.288000256,825.51792,96402.5195773,13.1589380548,10,
16484,685.369515836,547.055226,119557.4403,14.0002189795,10,
16485,685.369521015,497.068218,378858.454248,10.481561166,10,
16486,685.394879926,727.70112,95923.9580167,5.62154301567,10,
16487,685.387318349,624.69156,1106699.71426,4.45507837998,10,
16489,685.423454447,636.73965,1283771.98543,7.12190377757,10,
16493,685.78884152,752.5503,72921.3922371,13.633778315,10,
16494,686.260157262,96.241686,268972.776706,6.89752355345,10,
16496,686.386479711,738.04776,139248.150016,12.052700553,10,
16497,686.407739078,652.152,208289.948784,5.79093867636,10,
16498,686.407720546,714.07104,169077.133061,6.34066121075,10,
16500,686.426957764,636.58641,426462.962799,9.23413951455,10,
16501,686.442927825,786.42822,51473.8212332,8.81265670776,10,
17313,758.129232991,877.66218,17799532.3496,3.40521088201,1.0,[M+NH4]+
16504,687.06980021,963.66864,1288742.86978,9.79891793141,10,
16505,687.247115763,423.421452,5011104.39325,4.84759127261,10,
16507,687.2708804,339.866964,61263.2047543,7.44424718258,10,
16508,687.305380039,144.921444,337360.359142,12.5420889879,10,
16509,687.345259446,686.45211,1256360.11108,4.69129648568,10,
16510,687.348402382,506.32413,165352.825399,9.17446832577,10,
16511,687.402807304,245.405802,86369.810016,6.43219725194,10,
16512,687.402786679,305.717943,189916.601292,7.30117348881,10,
16515,687.543681227,1397.5782,254344.747846,13.8608131335,10,
16516,687.933606212,1097.22825,609566.10015,4.17716754997,10,
16517,688.250211244,423.421452,1692412.19845,3.68973760456,10,
16520,688.332753227,484.566204,97161.5433829,9.54947418315,10,
16523,688.365662757,733.93908,1265925.98764,2.22368640891,10,
16525,688.402279368,769.73001,4340208.91892,3.42861567959,10,
16527,688.434933427,1097.15238,237516.605471,5.04838975218,10,
16528,688.444469704,1539.92394,500698.027413,13.5751860239,10,
16532,689.246097134,423.421452,532066.442651,3.95905978467,10,
16533,689.247545611,81.640449,151326.710093,9.29072663634,10,
16534,689.298140758,940.40355,149237.897025,10.4702205479,10,
16535,689.319754397,327.18273,43816.2461374,10.9618047186,10,
16537,689.324272355,39.6004248,900239.583594,9.94646665564,10,
16538,689.350925782,686.6121,67303.0527386,9.85003542762,10,
16539,689.356896625,168.524592,83789.3527017,2.56694718203,10,
16540,689.382755679,325.190574,35657.9033817,6.90766826868,10,
16541,689.382326606,356.343864,206610.078872,4.80740334735,10,
16544,689.816584321,683.22192,409377.711684,10.6381969045,10,
16545,689.815981398,365.734902,66085.2313725,5.35195007594,10,
16546,690.182535728,126.682518,697585.37569,10.1329240652,10,
16547,690.213954426,43.655049,497955.006311,8.27428797033,10,
16552,690.426732803,931.91376,673796.500431,1.2786439216,10,
16553,690.50633556,1484.78244,309564.53613,6.38107878988,10,
16554,690.52940965,1558.46886,745362.755004,1.93221944961,10,
16556,690.808430705,455.464458,116378.738339,10.9309020401,10,
16558,691.231084438,276.807816,73118.5818557,13.1083831903,10,
16561,691.361864072,352.403364,415020.070263,6.25770255413,10,
16562,691.369624009,677.08842,34956.9405118,14.0066389268,10,
16564,691.412291309,721.18326,72978.0574459,11.29634074,10,
16567,692.215856467,308.93259,37383.2036467,13.5153235591,10,
16568,692.273056408,842.63634,70748.3925444,13.0407790175,10,
16570,692.295621408,792.00732,427674.034718,3.3049466211,10,
16571,692.303744106,1034.34942,672295.911903,4.79615432317,10,
16572,692.339242595,762.88908,676863.652074,1.95307766739,10,
16574,692.361444029,393.415602,243175.499349,8.19682395134,1.0,[M+NH4]+
16577,693.187683594,1452.5277,208464.770391,8.0765994695,10,
16578,693.24771293,432.531057,412984.069205,6.15963594846,10,
16579,693.268354309,262.153938,2452849.1112,4.67068038472,10,
16582,693.299187231,67.139058,1518899.53439,4.64934954884,10,
17460,771.398598698,284.475243,224964.057896,2.25854206783,1.0,[M+NH4]+
16587,693.356810447,666.55902,210539.051101,13.6285879024,10,
16588,693.348968243,488.331114,36091.6710036,12.06411863,10,
16589,693.363751392,736.91478,370657.182224,3.58434611677,10,
16595,694.280387137,648.61782,98492.2455054,7.60766235419,10,
16598,694.319071111,1078.17198,113757.174504,12.1942577568,10,
18190,870.359375125,416.690487,272385.087403,11.2716156556,1.0,[M+H]+
16600,694.318704631,669.63492,2249222.61047,7.52121665821,1.0,[M+NH4]+
16601,694.318171533,154.556145,455937.039127,14.7428791664,10,
16602,694.340087623,421.116489,1413477.34484,2.42574126091,10,
16605,694.358467648,522.06723,37906.5607117,12.8470434533,10,
16606,694.376188062,503.019141,113322.998371,14.9452230066,10,
16607,694.420904505,919.20138,139005.760253,13.3524185849,10,
16608,694.44891093,773.71692,23930.5777686,14.3726831272,10,
16610,695.298892659,458.537352,461377.58729,6.74069853252,10,
16611,695.322056927,669.92979,840113.821089,6.85832021927,10,
16612,695.335179806,532.433598,291309.310224,8.56020978764,10,
16613,695.331265963,376.13004,57486.2186287,12.6013801423,10,
16615,695.375384205,919.20138,113226.470737,8.61944833164,10,
16616,695.391246638,1347.3441,144683.692308,5.39918322296,10,
16617,695.407966242,549.902115,75882.3579229,6.68937198868,1.0,[M+NH4]+
16618,695.466516776,1462.1112,1033609.74667,5.20970700887,1.0,[M+NH4]+
17974,836.793590744,30.5592993,35590.4440529,14.7285937703,1.0,[M+NH4]+
16621,696.22950769,120.117816,87834.111128,7.55768895695,10,
16622,696.2844956,76.882806,107406.63128,12.8834113192,10,
16624,696.294124272,217.322667,101027.791109,13.9604760043,10,
16627,696.338319141,343.561806,22413.6014241,11.258470965,10,
16629,696.428235685,827.27253,535502.164286,4.53352372105,10,
16631,696.469886174,1461.9933,476767.908297,4.89634552457,10,
16632,696.540214731,1441.22385,1170695.00973,1.94569384527,1.0,[M+NH4]+
16637,697.3661746,747.82278,527843.349864,4.68564239231,10,
16844,713.35799593,360.514053,131871.829912,8.98922259132,2.0,[M+K]+
16639,697.387306543,477.442515,1728117.49102,7.62874971576,10,
16642,697.459905054,673.63992,1412801.99393,5.17050289121,10,
16643,697.528190118,1409.8542,361997.863435,6.98924247724,10,
16644,697.652486213,1595.07978,943978.947426,5.43624624209,10,
16645,697.848469616,626.60655,223712.362118,5.30604475144,10,
16646,697.896642531,1097.21256,161603.989541,8.08455818328,10,
16649,698.346139634,244.368174,946669.505915,5.92575256946,10,
16652,698.382414276,638.71521,7017967.66292,8.08013243166,1.0,[M+NH4]+
16653,698.398107806,1097.22825,98396.0095411,6.48901270517,10,
16654,698.386214621,360.061782,27002.799483,10.0486166548,10,
16655,698.407719983,698.71218,230861.546093,13.2650535103,10,
16656,698.418085138,472.329072,23383.4338894,11.9918791441,10,
16658,698.463815664,673.56726,518683.387169,4.88544754123,10,
16659,698.820298865,629.78754,102748.119859,12.0173878878,10,
16660,699.232792877,1335.19002,378771.034867,12.2831388231,10,
16662,699.255093003,1457.86179,528077.51101,1.85693800834,1.0,[M+H]+
17812,812.338451346,72.497796,3563279.87544,8.89909020233,1.0,[M+NH4]+
16665,699.302665686,122.327214,315633.565839,11.8701022773,2.0,[M+Na]+
17603,785.414242544,372.930657,113913.672758,6.45559817929,2.0,[M+Na]+
16670,699.402921309,397.991916,350847.74016,2.88656425992,10,
16672,699.410608025,698.37258,59291.2772254,12.2949779081,10,
16673,699.423350087,524.106147,3516821.67363,6.19508171023,10,
16677,700.253047274,1457.56626,375236.028985,4.93780316155,1.0,[M+H]+
16678,700.265055002,67.08693,9670842.93185,2.18815142777,10,
16679,700.297148479,716.69616,118069.638022,6.84818113454,10,
16683,700.36207147,317.160099,374022.832458,5.27347329247,10,
16686,700.397913482,502.020969,39986.473866,13.4739071895,10,
16689,700.438209633,864.2889,556041.479726,6.6384452617,10,
16691,700.449640338,600.70386,59186.7907322,10.7066752972,10,
16694,701.246086028,93.793932,263676.282807,6.33706332972,10,
16698,701.32089047,413.690046,124431.342349,7.58751343068,10,
16700,701.33590216,562.830981,2365876.26571,1.89130969797,10,
16701,701.364286426,107.089833,90936.2986938,13.5155556675,10,
16702,701.37475662,589.053252,36283.9473062,5.97608128143,10,
16703,701.381971416,289.838496,271863.018614,5.47069614201,1.0,[M+NH4]+
16707,701.418667322,727.76682,31441.8071851,14.7184853478,10,
16708,701.427504168,524.106147,87658.7117773,12.4992165674,10,
16709,701.441160967,822.69732,72006.1983412,14.4527323337,10,
16711,701.492369484,851.55672,137094.839485,13.3228496585,10,
16713,701.822069553,413.816637,65282.7570859,9.16477410423,10,
16714,702.191907296,740.68611,131645.389467,11.942503069,10,
16715,702.29703156,629.93715,96027.56912,6.06123945357,10,
16717,702.339016043,562.830981,852066.720896,5.73291905011,10,
16718,702.341074323,245.405802,140049.251369,5.44534417452,10,
17420,766.400758759,933.18798,426947.234764,6.63432411872,1.0,[M+NH4]+
16720,702.384447239,588.037128,634320.954374,5.33379293581,10,
16721,702.381392519,673.97661,417667.668691,2.50608358815,10,
16722,702.381239066,744.44484,139793.581989,10.961141018,10,
16723,702.38203281,797.1297,99140.4701208,10.0059190295,10,
16727,702.938527286,1066.34529,180120.812231,6.81482298577,10,
16728,703.226157138,72.60411,1896069.55742,8.75227364298,10,
16731,703.323472854,78.315804,3770717.62314,8.2042398925,10,
16733,703.363412561,934.36437,452027.918677,4.13471307746,10,
16734,703.384628069,674.01429,143295.773144,5.90860578097,10,
16735,703.397675267,454.541082,1177713.32967,2.04752527475,10,
16736,703.397788243,302.340387,284409.487599,2.6986443876,10,
16740,704.270564969,312.356142,158878.278891,7.21885435593,10,
16741,704.335530042,313.891953,605507.52472,3.60478903086,10,
16742,704.360233454,799.03101,132863.860493,2.0845314247,10,
16743,704.360739389,627.55116,184761.846138,11.130842008,10,
16744,704.397098043,859.69848,650074.996338,12.0683745032,10,
16745,704.409123827,591.659388,327583.480611,4.93160249941,10,
16747,704.521653458,1503.75369,684017.984064,6.59650505969,10,
16749,705.338772474,314.064162,199757.360201,9.27886716358,10,
17225,749.381854636,685.4268,281227.640327,10.5217952706,1.0,[M+H]+
16751,705.355981377,636.73965,2088283.60731,6.95165,10,
16755,705.366961199,518.907462,191891.475617,7.48384447261,10,
16756,705.392278029,532.097226,304026.842526,3.66380540191,10,
16758,705.88440706,1012.68192,202940.053166,11.0231115688,10,
16760,706.327251707,1085.71332,190720.989947,11.1267668871,10,
16761,706.339548823,845.60622,3821509.16968,3.20449798735,10,
16762,706.352613312,953.08752,301688.136619,1.44396389227,10,
16763,706.350684327,607.83237,238117.478221,8.0781130844,10,
16764,706.358733864,636.73965,762527.272571,5.96624901848,10,
16767,706.379561147,363.57834,151896.272019,6.63928021302,10,
16768,706.385734058,1012.85358,155007.007192,10.4375995313,10,
16769,706.379474438,466.527072,96910.5501917,5.34967406802,10,
16770,706.394983943,532.097226,94573.2372868,3.24196545866,10,
16771,706.390936247,853.18656,490835.08939,8.19596871393,10,
16772,706.399662759,881.39988,1581577.31135,3.90967733926,10,
16773,706.427997099,581.086866,24562.1810038,10.500313386,10,
16774,707.14798703,740.94243,219671.270157,6.42892696968,10,
16775,707.16201613,830.75832,168619.97644,5.26774910798,10,
16776,707.338484941,274.343436,409644.524736,11.683764901,10,
16778,707.355367562,952.98546,100183.70495,9.31767533849,10,
16779,707.37959385,583.913028,692355.767599,5.2568573523,10,
16780,707.396731888,713.09211,2605700.19034,5.19835821873,1.0,[M+NH4]+
16781,707.785546948,322.703148,130901.192073,4.9050296973,10,
16782,707.996891534,31.0862196,405782.644693,11.0315493148,10,
16784,708.239453648,842.64777,224575.278353,4.01372635093,10,
16785,708.31500318,136.549701,85463.6898542,6.73020304878,10,
16786,708.334155343,807.18972,80160.3300727,11.4529335345,1.0,[M+NH4]+
16789,708.341399359,274.320882,135909.601386,8.99271210784,10,
16790,708.337151504,727.94388,60734.2207243,7.11555770354,10,
17459,771.398714215,606.24978,489544.372488,10.2797320556,1.0,[M+NH4]+
16792,708.36617172,463.50345,75242.2626157,4.30235107283,10,
16793,708.381774492,583.913028,136492.559456,2.83542409317,10,
16795,708.51075229,1540.65354,6194556.28686,10.0811709486,10,
16796,709.229504003,423.421452,273787.455424,9.44354913338,10,
16800,709.314180937,600.61296,205199.281302,9.54287912766,10,
16802,709.350572927,422.890302,56766.0130429,12.0784795144,10,
16803,709.350882021,381.613422,61541.7902653,14.2089194747,10,
16806,709.420285915,1503.43134,448239.272512,12.4478815808,10,
16808,709.445042497,1107.98376,903880.386101,6.43124670496,10,
16810,709.946773217,1108.18842,656458.595204,4.09371057808,10,
16811,710.245833244,262.153938,603860.138152,13.1943184455,10,
16815,710.309778329,157.197468,67885.1457157,13.5393210072,10,
16816,710.313084421,694.12869,48036.9334223,2.41114219438,10,
16819,710.349751507,823.43298,83827.0521767,14.6881928903,10,
16821,710.407407203,650.67054,102332.767633,11.2183432471,10,
16823,710.448004198,1107.97629,247521.548525,5.49713424373,10,
16826,711.149250413,1024.2045,215037.746547,10.6522660774,10,
16829,711.29779284,541.976094,29758.3182514,11.2853049739,10,
16832,711.402762433,533.10585,1326102.27865,4.11210945914,10,
16833,711.475577902,663.18687,1422163.7785,4.69306497475,10,
16835,712.361822089,294.513288,1258224.79953,7.27719148957,10,
16838,712.47877492,662.9514,526032.992337,5.46415215439,10,
16840,713.19472819,842.64777,318852.215388,4.08716517266,10,
16847,713.418846695,606.01113,173728.105357,10.4522582178,10,
16849,713.418452126,495.377262,293308.75659,2.76930736401,10,
16852,714.24110633,83.811048,118337.564374,13.6393647586,10,
16854,714.308637293,572.854434,259632.58349,11.6549872648,10,
16855,714.338500476,823.09176,268262.489472,9.5184109694,10,
16856,714.356167881,578.338248,666659.413145,6.20846596657,10,
16859,714.377646067,548.101407,146001.330225,5.27126545237,10,
16862,714.440416054,704.90142,145206.827511,10.2831885142,10,
16863,714.527864157,1420.6428,117267.272257,14.9417792482,10,
16865,715.046721044,968.81262,44139.7213128,12.4242827382,10,
16867,715.299495542,254.086497,348776.04934,10.5293909221,10,
16871,715.39738428,571.825503,129142.46745,6.80263525757,10,
16872,715.40070694,877.43505,244499.491529,3.49138925942,1.0,[M+NH4]+
16873,715.423853973,568.669848,26815.680276,12.0363908935,10,
16874,715.442071238,704.58762,40932.829606,3.89829557691,10,
16875,715.80094863,254.003139,213701.044667,6.30197570392,10,
16876,716.248681201,327.803913,149529.770401,10.3109556105,10,
16880,716.356793161,359.624841,1449253.46835,5.94472036871,10,
16882,716.392628205,451.707456,63532.0567237,8.07215217296,10,
16883,716.392638033,199.199598,106458.895247,1.32796768768,10,
16884,716.418514146,602.45481,163399.485891,9.66240255308,10,
16885,716.555957635,1549.70472,412887.684531,5.04798460944,10,
16886,716.84597803,31.010655,174633.16655,6.44239427993,10,
17698,799.372511955,632.22822,460970.36452,7.06856368762,1.0,[M+H]+
16890,717.338099029,781.2717,1829470.92487,6.8641439686,10,
16891,717.359676127,359.501217,465521.308033,5.78435066956,10,
16892,717.35539726,562.151478,105631.616997,7.99237224395,10,
16894,717.392292944,774.3162,1428850.36157,5.23110928614,10,
16895,717.413467517,441.647553,340664.87318,3.13348413676,10,
16896,717.413471675,277.990374,81342.1291067,5.60113673312,10,
16897,717.413479103,491.342511,307080.518495,6.3852223413,10,
16899,717.421385828,602.06286,41728.7549727,10.3518085017,10,
16900,717.427556454,776.65383,117121.888387,8.24579798615,10,
16902,717.821827144,357.597903,284081.649989,10.0728418609,10,
16904,718.323410192,357.597903,202766.827272,8.22644911678,10,
16906,718.341133067,781.2717,685565.061953,3.68668676527,10,
17652,792.345036918,426.34368,126616.969809,1.83698606206,2.0,[M+K]+
16909,718.371942253,557.194791,85523.4645378,12.8179385306,10,
16914,718.451361199,1461.9933,92800.3331375,2.2542005388,10,
16915,718.811013935,269.190936,110482.061393,6.57705650721,10,
16916,718.841724165,30.820194,50411.2874586,9.9939110378,1.0,[M+NH4]+
16918,719.286070851,413.59905,74568.9368367,9.21354090482,10,
16919,719.341613595,781.54944,143056.07018,6.73940268043,10,
16920,719.356372743,383.842749,181229.395114,7.50548447432,10,
17935,831.39869015,609.48528,94587.0474337,9.24961417089,1.0,[M+NH4]+
16924,719.392873653,350.151861,42006.1092114,9.67555692689,10,
16925,719.533727795,1324.14807,381958.229568,4.88227116353,10,
16926,719.788569256,854.52654,209865.6113,13.696878914,10,
16928,720.244649016,312.009636,98574.1801928,14.805557431,10,
16930,720.348248964,85.098672,169510.377267,13.5325837833,10,
16931,720.356261871,413.816637,128446.941365,10.1054909991,10,
16934,720.367050303,444.465684,242503.765692,9.97438748882,10,
16935,720.39544454,564.610248,176337.648035,6.32851148686,10,
16936,720.402765102,582.951006,109130.729318,8.00838746946,10,
16937,720.428134056,866.01777,2303431.2956,6.76313445911,1.0,[M+NH4]+
16938,720.437314666,691.24041,238223.208028,6.60602785962,10,
16940,721.250815521,149.07696,961820.002312,5.54339313476,10,
16941,721.279739172,828.04632,53034.0851396,7.17469539293,10,
16942,721.299465231,643.56864,93503.2108912,7.47740043474,10,
16943,721.350852243,553.469307,216988.281182,13.8494359546,10,
16945,721.350952283,699.7713,291611.382632,5.51556906946,1.0,[M+H]+
16946,721.397596124,564.523098,40570.7056463,11.3425647725,10,
16947,721.398462464,953.32686,65997.5628233,9.86309303412,10,
16949,721.506152984,1540.65354,92048599.5718,10.3875669628,10,
16950,721.801177142,30.464688,80056.5699871,9.16524555138,10,
16953,722.353514087,699.75885,91140.3580245,9.61701584263,10,
16954,722.368321932,127.650324,782036.205208,9.50944945395,10,
16958,723.122148659,740.71794,71911.1613136,2.2416413686,10,
16959,723.163963945,145.275216,78970.2560745,9.85939633273,10,
16960,723.310450722,289.890876,218391.803119,10.1444357478,10,
16961,723.329869454,487.178883,89188.148282,11.7601104344,10,
16962,723.405859268,921.732,167352.027793,8.2114467266,1.0,[M+NH4]+
16963,723.427464998,881.37261,1509974.23021,7.86774435585,10,
16964,723.438784161,649.70523,2604644.82021,6.26237829814,10,
16967,724.311977243,90.203442,939306.340978,0.861196741236,10,
16968,724.337895096,1004.17059,452798.678207,4.12392893481,1.0,[M+NH4]+
16970,724.371619904,246.272178,378190.838186,3.34773368184,10,
16971,724.459498346,821.19276,527806.402228,4.52404793968,10,
16973,725.311793944,877.0788,208786.169623,5.02735168039,10,
16974,725.320749049,515.289165,302053.173817,2.52930088896,10,
16978,725.386102562,913.19046,239206.148625,9.5132245648,10,
16979,725.382369722,434.923308,221293.07361,6.0443940229,10,
16980,725.446141177,649.43376,168289.344417,4.54131077789,10,
16983,726.264636626,1066.50342,214991.506957,10.3638998034,10,
16984,726.273050769,496.179618,72023.7704662,8.95653387155,10,
16985,726.320246429,347.708019,146806.209002,9.43712037903,10,
16987,726.388695848,913.50588,84397.5583287,9.09651923033,10,
16988,727.262604705,289.864686,139794.172891,8.44495512187,10,
17163,743.235962612,98.131323,4219170.64854,4.96074606091,2.0,[M+K]+
16990,727.276374565,453.614556,33243.1734241,6.92681624871,10,
16993,727.470634091,627.28665,259578.348827,6.46032434179,10,
16995,728.262214056,1066.51398,138838.92548,10.5478723255,10,
16999,728.323731585,590.771991,191038.611168,9.02338848147,10,
17000,728.335238837,540.625101,128309.576386,11.6147437589,10,
17002,728.357731656,835.26963,122332.734381,13.9512568822,10,
17004,728.400845451,443.929029,148842.630107,11.0778536483,10,
17005,728.418577732,575.615571,2321936.06293,6.15611471989,10,
17007,728.43016567,513.570846,66296.5189907,13.5198704676,10,
17009,728.473531964,627.46344,67883.2445959,10.5384721694,10,
17010,728.50722431,1498.86456,331944.434398,7.69350482298,10,
17012,729.168499053,842.61402,117069.541723,10.497544497,10,
17014,729.268765687,428.103426,349417.577999,5.59493141794,10,
17015,729.267369068,97.792224,73236.3286602,5.66716080963,10,
17019,729.339162432,142.894638,131731.988248,3.39520489382,10,
17020,729.351590081,201.904104,229358.809339,6.50433418593,10,
17023,729.377012115,516.803727,475383.29153,7.31734150868,2.0,[M+K]+
17026,729.413459117,617.3931,1292839.69376,6.81080579751,10,
17027,729.421690125,575.538918,886714.689141,5.66211118668,10,
17589,784.155837848,741.05268,255730.605703,1.59987802564,1.0,[M+H]+
17030,730.243939672,1422.58458,216394.096538,10.4068317813,10,
17031,730.29990055,254.267736,109936.878501,14.4061366674,10,
17032,730.316098197,807.45966,452352.020765,7.27596530974,2.0,[M+Na]+
17033,730.354512242,503.359143,154731.008459,14.1579929596,10,
17034,730.373670316,558.762852,183659.314824,3.71213718274,10,
17037,730.408851262,403.543797,112698.55386,8.04655836919,10,
17038,730.402397344,801.91818,107483.220234,10.4703343825,10,
17039,730.408752931,525.632508,79595.1443177,5.59091799999,10,
17041,730.424383941,575.409123,198909.856224,9.68526141308,10,
17042,731.210145638,423.39297,24037.1881693,4.51515713982,10,
17043,731.244652779,1422.33699,107229.043025,12.3603035396,10,
17046,731.375247116,558.576846,41441.2545143,6.58786743577,10,
17047,731.392916796,310.262769,240731.440333,13.3283467568,10,
17048,731.392729348,464.210148,424338.556442,5.46791825876,10,
17049,731.419400978,617.3931,86669.7961059,9.47536383341,10,
17050,731.411850663,403.293105,32310.8721974,7.08269195829,10,
17051,731.428514179,599.677284,103245.977586,11.5168521771,10,
17052,731.457796728,1118.1639,717753.687533,4.88640280772,10,
17053,731.555954215,1558.53558,1621321.01368,6.51575444406,10,
17054,731.879137395,474.338385,1342312.20504,9.96700992766,10,
17058,732.395865768,464.846208,105743.991527,7.54325948398,10,
17059,732.387739459,523.936833,135072.097638,10.9787697871,10,
17060,732.38812721,420.835812,120014.29883,2.18659461004,10,
17062,732.413154242,576.989316,254026.745815,9.82745626461,10,
17063,732.46080363,1118.0313,242634.407413,4.93050380819,10,
17064,732.819785954,30.820194,88252.8230516,3.71488011209,10,
17065,732.882016805,474.338385,418253.585886,7.31061047162,10,
17069,733.332681369,665.97639,134866.370411,12.97587261,10,
17070,733.381230936,459.771816,199877.944136,14.43153169,10,
17071,733.387389228,740.74518,544283.852161,5.96595469077,10,
17073,733.410138232,877.85544,180526.029702,11.6950979177,10,
17075,733.415905065,355.964025,84217.1968356,3.98912766874,10,
17076,733.833921559,515.289165,438652.907146,9.04433059762,10,
17077,733.847800529,583.98132,57487.3062889,10.4925321161,10,
17078,733.872377262,750.0354,252972.674911,11.5635238032,10,
17081,734.32065868,699.96093,103727.812127,13.5815301268,10,
17086,734.396062978,878.80836,170930.644667,14.244267831,10,
17087,734.407829262,700.80378,236655.824313,10.710568282,10,
17088,734.452034512,949.75818,327192.63616,6.07428461208,10,
17089,734.532378692,1477.13763,467809.814287,4.74183737856,10,
17090,734.910152784,881.6031,3981697.36744,7.14120756228,1.0,[M+NH4]+
17092,735.249193498,289.864686,222208.146687,6.96545991194,10,
17096,735.535308369,1477.3005,157401.966729,14.6170652049,10,
17097,735.750872245,289.864686,130950.750561,9.24228169981,10,
17099,736.251225946,289.890876,63881.7204164,13.3034112038,10,
17100,736.307247553,595.642701,352374.229548,10.5750169441,10,
17101,736.368737725,821.79846,124383.879766,12.707931096,10,
17103,736.394802958,680.39715,157455.165023,9.15730865488,10,
17104,736.387254899,478.614087,535815.38276,4.36260400186,10,
17106,736.812791302,514.952838,57325.9167662,11.3004475943,10,
17107,736.83914404,487.867137,149037.036015,9.58594024373,10,
17109,737.341392576,152.22327,483201.669569,12.1208325171,1.0,[M+H]+
17847,817.431801006,861.63678,146815.860412,3.85063639532,2.0,[M+K]+
17116,737.56647055,1441.22385,551326.918336,1.60496778208,10,
17117,737.563338689,851.43072,45544.9156032,10.8524568747,10,
17118,737.801540623,61.873107,298521.11386,7.1822658939,10,
17119,737.864858337,528.849798,129693.547194,7.99987360877,10,
17120,738.180513468,1335.54042,225449.643316,7.62293631629,10,
17123,738.33836128,359.724414,77847.0275293,14.6817701536,10,
17124,738.365022786,877.85544,204317.063641,11.7938884597,10,
17127,738.836884521,30.6539106,38829.714855,12.6885232873,10,
17129,739.319793984,781.39638,149904.835341,8.70569205957,10,
17130,739.32500635,899.19012,63267.7691733,2.95889870731,10,
17867,821.395022316,424.640742,1264984.81944,5.29991874434,2.0,[M+Na]+
17135,740.317441534,91.183746,11830050.7401,5.43197096324,10,
17136,740.355224758,212.036166,459411.407517,10.7448324606,1.0,[M+NH4]+
17138,740.360577983,643.43904,125036.169884,4.1443406104,10,
17139,740.42924794,784.36695,129578.65206,10.2137562464,10,
17814,812.486497095,761.52984,374499.727717,4.0993622731,1.0,[M+H]+
17144,740.551219854,1414.03254,665299.659635,3.84413913306,10,
17149,741.325289477,54.2032344,688353.948676,2.21712494071,10,
17150,741.380824975,725.36646,317295.575667,3.87844097409,1.0,[M+NH4]+
17152,741.389317303,391.539078,472254.863753,14.3533321743,10,
17155,741.922073207,1118.07636,137858.110287,7.58939390164,10,
17161,742.869636236,474.338385,96309.7155758,14.4241539952,10,
17162,743.236238456,289.864686,172794.228299,10.0420389323,10,
17164,743.323666425,877.58562,167480.881641,8.94810683303,10,
17166,743.371894596,474.338385,58330.4713481,8.8906900897,10,
17169,743.429011814,548.524176,56257.9281779,8.17582321992,10,
17173,744.237591458,289.917996,51402.430886,8.66584432762,10,
17174,744.296182959,827.09538,132928.492328,12.0613469078,10,
17176,744.377042004,762.92106,146284.128643,5.763122828,10,
17178,744.402620384,655.94814,433036.904416,10.5536005245,10,
17180,744.426194666,421.377867,163381.455785,6.70770265356,10,
17183,745.350476249,488.210325,150850.984282,14.5817821663,10,
17186,745.390320068,604.74363,581516.345969,3.52662499283,10,
17187,745.420773863,649.6284,176012.891898,11.939112434,10,
17188,745.852752764,487.992576,106119.107381,12.3770545908,10,
17190,746.275077139,92.155458,7152460.72563,4.9121728108,10,
17194,746.40370952,330.903849,370907.859129,2.55564267068,10,
17195,746.429496291,878.93448,5033315.98231,7.66425414701,1.0,[M+NH4]+
17196,746.463238849,1088.10483,240266.830943,9.79119946032,10,
17197,746.931093628,879.08271,3679509.13948,9.43361288474,10,
17198,746.964750731,1088.26206,160528.721944,13.5422709895,10,
17200,747.348410114,760.5114,1145399.6489,4.3529077164,10,
17201,747.3884204,504.12021,107491.19362,12.9234620399,10,
17202,747.387500527,178.625712,1559649.3156,6.09711286744,10,
17203,747.430472156,879.15123,2712391.53545,11.5502116805,10,
18086,853.000019856,881.63037,1319210.06707,7.99298207949,1.0,[M+NH4]+
17207,748.280302101,92.155458,350606.882422,7.81625795651,10,
17208,748.277503726,877.81314,228742.47065,7.47103248729,10,
17209,748.289103283,274.710366,41751.4178187,10.17731392,10,
17213,748.382512703,84.764298,763641.209983,6.35499080778,1.0,[M+H]+
17214,748.386459338,540.201237,323506.055222,5.08767038163,10,
17215,748.423181133,663.28587,785028.555995,5.55180089896,1.0,[M+NH4]+
17216,748.429754443,878.83398,521797.286534,10.7336090714,10,
17217,748.803081832,256.507863,8124915.19795,6.1542804449,10,
17249,751.421863124,878.44815,2300616.51432,13.0702420759,10,
17219,749.189037828,1023.87492,47521.1613023,13.4753197842,10,
17221,749.237884803,149.057769,605285.593638,12.0154182585,10,
17223,749.304670103,256.386801,5524815.72279,6.10014674034,10,
17228,749.417870383,685.46178,94717.8006427,5.73371380568,10,
17229,749.544055603,1304.13327,144449.263108,14.5999740883,10,
17230,749.806019494,256.386801,2473656.42468,7.01589348575,10,
17236,750.341114409,406.863375,94502.1296511,10.8577767991,10,
17239,750.385223953,685.72014,94828.1071158,12.5359519935,10,
17240,750.400016542,575.615571,189119.730513,5.70162417433,10,
17243,750.907797992,661.6524,170249.936753,2.24100807,10,
17244,751.159760063,842.64777,285174.908239,7.78454391703,10,
17248,751.382493291,185.718279,436820.781922,7.82111644818,10,
17250,751.433979166,812.35065,171418.778706,1.3317560702,10,
17251,751.470039691,845.26674,842363.116419,2.21233336467,1.0,[M+NH4]+
17253,752.369332307,680.04732,177675.14635,3.55076445224,10,
17419,766.405017549,360.849531,212163.35095,13.2872244142,1.0,[M+H]+
17256,752.866553744,415.994301,446014.941194,9.70406072952,10,
17258,753.304988891,640.30512,70028.1329172,9.96115380018,10,
17259,753.350720797,498.075834,236613.638831,12.1547676911,10,
17260,753.368091069,416.29605,328555.396655,11.4449602113,10,
17265,753.471183963,1128.06558,638922.727934,6.70431110029,10,
17266,753.475588347,845.3184,52149.2693809,12.310391606,10,
17267,753.519663479,1461.31242,1163033.18021,13.7987606621,10,
17270,753.972548473,1128.006,454047.899854,10.350376807,10,
17272,754.369847801,451.469877,121894.98897,5.7841026901,10,
17273,754.372178989,399.137415,76389.1174585,4.6122454102,10,
17274,754.370886794,366.493704,178122.007508,9.06917594891,10,
17277,754.428099797,719.88288,814940.165016,3.29477032835,10,
17278,754.47416462,1128.0792,197330.257607,3.65809937374,10,
17280,755.366063775,42.717447,688903.775248,12.6820867253,10,
17281,755.409460888,879.02454,391012.241135,14.8358369582,10,
17282,755.407266981,733.14054,87267.0141343,8.90596669654,10,
17283,755.430199776,648.60924,259421.059997,6.1971774196,10,
17285,755.464561478,672.75873,170217.399304,5.98635070674,10,
17388,764.323659983,257.547312,170335.113238,8.97118836677,1.0,[M+NH4]+
17289,756.243119767,383.004723,188189.261338,13.4078979183,10,
17290,756.312410801,257.547312,1267194.81057,3.48451759963,10,
17291,756.413437755,878.08836,428083.830106,4.75210129129,10,
17294,756.42805124,870.83121,572903.841575,8.45932745192,10,
17296,756.479704073,705.21378,1083598.66214,6.38333057031,10,
17297,756.813939427,257.547312,546449.104438,6.45016040741,10,
17298,757.245298567,383.004282,47515.0419661,11.4114650791,10,
17299,757.263253691,463.093257,94989.9422175,9.26868309748,10,
17300,757.316050214,256.855491,1094958.01789,8.87493910873,10,
17301,757.31331734,674.72976,293206.059837,6.09948678712,10,
17302,757.340931004,448.68132,533276.289082,13.1904480602,10,
17303,757.360439352,849.71406,633420.740445,5.00452902633,10,
17304,757.419197272,475.907586,45356.3861812,7.71788962636,10,
17305,757.421149113,878.37516,745825.641562,1.22009781587,10,
17306,757.444296416,649.70523,450855.935572,6.64935805539,10,
17307,757.429949608,871.52121,330590.375249,6.37957212539,10,
17308,757.444492259,446.641521,75973.0243252,8.74869048611,10,
17309,757.444393052,520.092468,1055206.86486,5.25537597763,10,
17707,800.157003037,963.94911,1400571.45762,10.8678345755,1.0,[M+H]+
17315,758.364269639,849.66354,193406.149975,5.55385172666,10,
18082,852.423528274,864.60261,188302.675137,4.48180749686,2.0,[M+K]+
17318,758.410511731,726.51258,77412.5866475,8.26320290921,10,
17319,758.403811044,496.620954,1192318.96188,8.93714682684,10,
17320,758.423169157,878.44815,412549.502806,14.71496263,10,
17323,758.447568437,519.742206,385881.114546,6.56060582283,10,
17325,758.89128124,878.19846,238512.926152,12.037427706,10,
17326,758.922734657,878.49096,207864.588878,2.86168819638,10,
17328,759.199319119,148.725078,869516.041411,10.8118664819,10,
17330,759.319331222,858.03573,1517608.54919,10.9246518206,1.0,[M+NH4]+
17336,759.423419492,548.343432,129296.238701,7.40543413658,10,
17337,759.459756863,508.052298,122245.31769,8.34188371376,10,
17338,759.793622447,256.507863,963774.265783,5.67903242471,10,
17341,760.295314297,256.507863,657166.997523,9.69554700217,10,
17342,760.359987574,815.29434,214539.132428,9.3963770315,10,
17343,760.397939123,513.266268,222624.241853,8.62584435004,10,
17346,760.79654885,256.386801,302636.416871,12.2732033192,10,
17347,760.860342429,815.18796,55508.8904487,11.6689654544,10,
17349,761.24764186,456.49002,112250.011219,9.05716102998,10,
17350,761.245698062,92.159478,28267421.9874,2.98200451524,10,
17351,761.258523349,928.56852,283288.332549,10.064776334,10,
17353,761.377481189,55.3722018,125884.900701,13.5024784417,10,
17355,761.40076759,513.322518,78843.4883822,9.92305230844,10,
17357,761.405413598,877.88022,485516.387625,2.26653032512,10,
17360,762.249316854,91.845174,9185007.84261,6.10243019618,10,
17362,762.36170499,222.871044,23101.0422532,10.4079004646,10,
17363,762.365390205,884.52474,2396083.26495,11.1769101277,10,
17367,762.40902283,823.09176,108373.84611,12.5849883765,10,
17369,762.413516931,878.05764,360906.112947,7.46696613266,10,
17371,763.08448048,876.4281,10204386.336,5.60902499818,2.0,[M+Na]+
17372,763.084335568,964.23024,3326494.96281,13.8399755884,10,
17375,763.287480874,799.46208,30311.3857785,5.46232407435,10,
17376,763.34321935,641.86086,209053.086235,4.65192239003,10,
17380,763.45015244,890.67933,2841020.57856,6.75944505347,10,
17382,763.852049972,471.29544,119702.039781,9.98195311354,10,
17383,763.935757172,1128.29658,105895.762709,8.11128638902,10,
17384,763.951633928,890.84058,1966723.393,6.42363110574,10,
17386,764.249810121,877.56054,108266.79076,8.20318683404,10,
17389,764.365449104,621.04623,298634.091927,8.0389296754,10,
17391,764.429388691,667.93674,2432988.92942,3.69150248927,10,
17392,764.437290709,1128.29658,75694.1153823,12.3642718641,10,
17393,764.450571138,890.57997,1438695.29844,5.81986617654,10,
17395,764.867739307,621.19065,211016.669735,7.01825697459,10,
17396,764.951218981,890.83704,663724.471677,5.19625443491,10,
17397,765.215503216,149.057769,1922183.79124,5.51945411756,10,
17398,765.252414143,92.159478,179760.228995,10.1857507768,10,
17399,765.26792277,365.138355,60783.8475322,14.2643287833,10,
17400,765.372776035,274.750683,178831.106606,9.41029202854,10,
17401,765.364260939,1004.01252,132800.489771,9.02981228065,10,
17402,765.382397881,555.281781,334664.998876,4.7632940827,10,
17403,765.37683893,680.40888,75952.1485917,5.51583401205,10,
17405,765.410915076,778.59234,198769.03249,8.97218716436,10,
17409,765.927270011,890.96106,1437613.56726,5.22461926097,10,
17695,799.15566598,876.59223,12536387.0779,4.50948673861,1.0,[M+NH4]+
17412,766.277731286,827.09538,81090.7692195,8.71369425572,1.0,[M+H]+
17413,766.313551327,921.62814,87131.2311066,14.2328362372,10,
17416,766.367964716,1004.23914,31566.4665572,14.0890795877,10,
17417,766.383707336,555.29646,102267.46822,12.5367581952,10,
17418,766.405221509,321.287772,127964.427627,5.83936837053,10,
17422,766.428989112,890.96106,1051407.51707,8.2297030146,10,
17423,766.801520157,257.547312,189575.328525,7.87625501132,10,
17424,766.928395536,890.83704,742908.92668,11.9795757412,10,
17426,767.303024348,257.633754,129730.147252,8.79663986967,10,
17427,767.335173037,584.701128,530384.280228,4.78521980339,10,
17430,767.429038771,891.1599,318914.566766,10.2847023924,10,
17431,767.437933716,1540.65354,1813346.66421,9.91543885889,10,
17432,767.778531874,256.422486,612201.315432,2.2943405994,10,
17434,768.338053677,584.701128,191348.513801,3.53576761511,10,
17438,768.476564384,1098.80418,205425.729251,9.36599899524,10,
17439,768.781907045,256.507863,192915.799514,14.7285835757,10,
17440,769.329871452,760.86096,64466.4341326,14.2510793086,10,
17441,769.383106457,481.085889,1039692.31388,6.91855610117,10,
17442,769.405719908,891.28398,371685.075317,7.17618677481,10,
17443,769.419813682,602.90856,507391.941833,5.04138467235,10,
17450,770.443315017,928.56894,88718.6104402,13.195671905,10,
17451,770.443746013,792.53175,2729794.91589,3.36395360368,10,
17454,770.784288283,256.386801,146617.672874,7.7966561755,10,
17455,771.270188797,1422.22092,126210.519024,3.87063408495,10,
17458,771.362655127,311.326656,395503.568947,8.02164073105,1.0,[M+NH4]+
17463,771.446923454,792.53175,1196769.78364,6.05653910747,10,
17464,771.443562156,419.215668,46285.2088806,7.05223875753,10,
17466,771.556416524,1472.7651,156689.776348,9.49403492777,10,
17467,771.884059707,891.34386,193133.663058,10.7793160843,10,
17468,771.892054507,857.87481,7622318.71834,5.75735262563,1.0,[M+NH4]+
17470,772.27274769,1478.77062,281270.018208,3.39991940908,10,
17474,772.391752853,857.87481,7335863.96128,8.38519513031,1.0,[M+NH4]+
17475,772.401455918,284.720256,59501.4887131,6.55305786431,10,
17477,772.449938003,792.363,268948.293475,3.50920714339,10,
17478,772.613452078,1453.40382,229863.539635,7.45068549022,10,
18035,845.897742568,298.334943,89200.9902413,8.77969116061,1.0,[M+NH4]+
17480,772.891435524,857.77455,2848302.08271,8.86044805906,10,
17481,773.258355326,929.24616,143302.308925,11.8066038736,2.0,[M+Na]+
17482,773.273691972,1478.01789,200250.977628,9.98190655872,10,
17483,773.31426942,109.96368,161613.142704,13.3910022695,10,
17484,773.354457686,847.26,115657.332232,4.27552352308,10,
17485,773.393639347,484.533786,129625.649906,10.2459883073,10,
17487,773.438944478,739.3947,63444.8485211,12.5160113628,10,
17488,773.438555656,638.38362,321860.652541,10.5374896785,10,
17490,773.816294745,295.506276,51736.57784,10.2352869911,10,
17491,773.867587826,857.87481,5015600.00607,7.86618184685,1.0,[M+NH4]+
17492,773.888011329,586.867614,78456.1975262,10.1819155196,10,
17493,774.271732852,1477.95426,127814.061672,13.5942730159,10,
17494,774.368664787,857.87481,3624242.45885,8.14609198199,10,
17495,774.376893866,621.11616,357218.0704,3.77153001845,10,
17496,774.398530879,378.269604,64266.3263992,10.9370825361,10,
17497,774.398650851,428.272944,141000.755125,13.4247533701,10,
17499,774.786943302,257.547312,117384.754677,10.3305042849,10,
17500,774.838326782,707.9184,180040.020763,3.48044520204,10,
17501,774.869036475,857.87481,2893902.92474,5.50780242724,10,
17502,775.284926412,857.87481,2287065.54359,7.07830247817,10,
17503,775.28844123,257.593932,68072.0007716,12.1621951321,10,
17505,775.368253208,857.77455,1394402.21927,8.90520020295,10,
17507,775.434094954,618.79383,1259665.11184,6.79678901151,10,
17508,775.484388952,1137.63948,678414.829956,6.60271355653,10,
17509,775.478570845,962.16702,254976.707704,2.53150488549,10,
17511,775.868816876,857.71437,604180.511971,5.51388404739,10,
17516,776.487180605,1137.40896,210447.4208,7.52025072063,10,
17518,777.170222032,843.25884,116135.452083,1.43733315343,10,
17520,777.372799831,344.264541,182571.186782,7.5349354515,10,
17521,777.412925863,797.85912,343394.906855,4.61354871469,10,
17524,778.296942811,62.074212,556721.436693,4.47670976964,10,
17525,778.390943223,746.82546,51368.3993589,5.71002015845,10,
17527,778.415721353,797.85912,113452.142457,11.9968348077,10,
17528,778.550884133,1282.81872,69721.0714343,11.9875837384,10,
17529,778.769686361,256.386801,165367.822919,4.64260329708,10,
17531,778.834586759,246.37536,61456.1929694,14.4418299197,10,
17533,779.210973949,864.93705,54532.9313325,7.9576561587,10,
17534,779.230355784,928.23114,41113.9470461,13.1571840508,10,
17536,779.323789303,858.0837,1272731.14646,11.880864177,10,
17538,779.537837851,904.18563,77512.4016707,11.3869000902,10,
17544,780.35051641,361.996782,102832.698962,4.46387595957,10,
17546,780.403001776,718.41702,981254.288901,5.8157752891,10,
17548,780.496505052,759.98424,206551.771618,4.95532225589,10,
17550,780.810797647,64.023792,161587.029241,13.6152640114,10,
17554,781.343575284,92.284743,1214240.176,7.2753836611,10,
17555,781.348096024,891.70662,205797.675631,8.38409887886,10,
17556,781.384406833,778.59234,130479.134097,7.95646705185,10,
17558,781.419739459,450.693831,139667.254104,5.46972815674,10,
17559,781.437271765,876.9168,3666442.38149,5.13292591712,10,
17560,781.514102834,1410.52266,100509.659166,4.9246480526,10,
17641,790.30291357,337.090611,356132.810202,6.7655226951,1.0,[M+NH4]+
17562,781.804374725,80.911548,3614663.9453,7.70662357505,10,
17517,776.84706657,858.03573,2262589.99587,9.74960550714,1.0,[M+NH4]+
17564,781.855103783,857.87481,1620945.22248,7.18782408022,1.0,[M+NH4]+
17565,781.939252026,876.9168,3103308.13511,6.08437903505,10,
17644,790.804576954,336.840585,259021.713033,11.4893498944,1.0,[M+NH4]+
17569,782.305556957,81.171741,1621866.08444,7.19490141331,10,
17571,782.33085779,451.808322,395718.036391,8.53685789069,10,
17573,782.356182647,857.7516,1195765.06109,9.77916562917,10,
17575,782.38707299,778.54182,34340.8212811,13.3480494661,10,
17577,782.400121734,323.729514,54040.8256103,8.64201300446,10,
17578,782.41871357,763.23858,254343.242636,1.80549439194,10,
17579,782.440005168,876.9168,1390165.79938,5.55997916629,10,
17647,791.305788689,336.752103,105966.474541,14.0670203427,1.0,[M+NH4]+
17581,782.855499151,858.03573,966307.543407,10.7962381671,10,
17582,782.941748581,876.69429,405148.741913,10.3408756311,10,
17583,783.387881422,408.148731,464393.152145,13.5523381361,10,
17584,783.397979866,746.82546,177248.731888,10.8153089512,10,
17585,783.421505451,763.23519,97201.5910171,8.62597964129,10,
17587,783.57370451,1394.1924,8019396.23065,11.8541493168,10,
17588,783.869136447,583.476051,67791.7528925,8.23127929941,10,
17591,784.332453774,857.87481,1510955.26771,9.17838134152,10,
17593,784.45531003,637.31574,393638.710381,10.4865123967,10,
17594,784.488833353,894.95676,2444345.09168,5.56675448571,10,
17598,785.195849091,858.3837,1100537.5593,6.4671168731,10,
17599,785.258748707,930.45936,109234.460779,10.7140016577,2.0,[M+Na]+
17600,785.333219526,857.76186,946388.622989,10.7708156604,10,
17601,785.35814992,908.79189,163444.249277,2.77576945351,10,
17602,785.392988201,408.01005,28252.3479135,9.10111583071,10,
17606,785.458331445,637.31298,135961.197543,8.8090328679,10,
17609,786.159888463,842.11434,979151.257798,4.86570579358,10,
17610,786.360629855,211.917474,93247.7316753,12.075432622,10,
17997,839.423570506,327.532038,96192.075906,7.58053454491,1.0,[M+NH4]+
17613,786.411103334,668.26578,96537.4302189,7.30850695109,10,
17616,786.474475119,900.13302,219534.79072,10.3313077146,10,
17617,786.494677387,894.9912,203191.189205,8.65608381068,10,
17618,786.592857895,1437.7923,225454.19674,7.01266674108,10,
17620,786.818001736,759.15336,270944.914435,8.52658449844,10,
17621,786.999850218,321.68289,69865.9237142,13.5923649286,10,
17622,787.216725655,878.5416,214664.241049,14.824539573,10,
17623,787.237950715,841.0038,57015.7120637,8.95890137994,10,
17629,788.160195635,876.9168,235597.721748,13.7305922383,10,
17631,788.295472083,921.95151,149228.332425,11.4855791024,10,
17632,788.31478757,120.802062,275687.611085,13.3187125679,1.0,[M+NH4]+
17634,788.375663409,395.951676,214328.461948,14.0654022973,10,
17635,788.392402799,523.61901,972134.38631,5.32689594629,10,
17639,789.434082064,591.325011,92355.5626654,12.8326066685,10,
17643,790.44716298,895.05504,93850.5327934,6.7256017933,10,
17645,790.930662711,1173.1725,57976.2519015,9.52634035693,10,
17646,790.991185771,1107.97242,125270.511743,5.42721203036,10,
17648,791.396234133,389.239794,27634.0156501,12.5174139254,10,
17650,791.46542755,767.85717,2940280.10467,2.3010078466,10,
17651,792.244511887,801.10452,113300.719167,10.8396491721,10,
18341,910.339414798,410.809629,3996459.1522,5.73951850731,2.0,[M+K]+
17655,792.779815689,336.977457,142138.977462,11.2798479042,10,
17656,792.846524175,426.626184,81818.6045235,13.2874445133,10,
17659,793.368093461,272.243805,381157.031019,4.17565843001,10,
17661,793.387000625,769.65744,110235.818355,13.649399991,10,
17662,793.407798991,388.896171,134836.029953,13.5458818276,10,
17664,794.370880142,272.10969,120225.038964,4.62755854141,10,
17666,794.411000562,861.12159,641911.856805,2.48601860447,10,
17668,795.402514346,814.3836,982663.110064,4.73385605964,2.0,[M+Na]+
17669,795.421321237,739.3947,225240.690732,12.1918224111,10,
17670,795.41168146,860.98752,334141.946574,9.50052927735,10,
17672,796.345602776,582.647811,334454.721374,2.94464101853,1.0,[M+NH4]+
17674,796.419184048,487.896954,66256.5427608,7.32361701199,10,
17676,796.888617882,861.33432,377247.642467,6.98238416889,10,
17678,797.382298349,510.576144,286829.505076,6.94325560739,10,
17680,797.450896145,735.59883,91103.3199246,5.64920552687,10,
17682,797.487065458,616.71423,443424.985137,4.66075718073,10,
17683,797.497019723,1146.68364,608298.930784,7.51247295917,10,
17684,797.889647494,861.17238,207832.352481,7.8826587297,10,
17685,797.998769846,1146.83682,433808.439578,1.39550755931,10,
17686,798.292827393,933.18798,714857.305984,2.06191895261,10,
17687,798.363694346,515.798355,71997.7185485,12.8571086358,10,
17690,798.489970757,616.4148,172438.998877,10.3787385878,10,
17691,798.494141206,923.24484,528587.894087,5.37908977751,10,
17692,798.548740919,1439.81856,147556.259645,8.54885855799,10,
17694,798.864621222,515.682525,78887.4454688,11.288984567,10,
17696,799.155271365,841.59648,18573442.8185,3.05322539462,10,
17697,799.352929743,440.077203,209205.896255,13.9061036365,10,
17699,799.366798633,861.4434,277020.885505,12.7090768529,10,
17701,799.455632864,588.037128,739667.820396,5.88090079443,10,
17703,799.54759823,1394.33244,1721440.15303,8.59837397972,10,
17704,799.56076652,1454.08956,148113.790429,5.80539669284,10,
17706,799.868207636,861.5541,227758.751856,1.78687562899,10,
17709,800.329928992,647.4675,256217.477223,6.03020703637,10,
17710,800.342460816,375.43767,179322.343093,4.75360860318,10,
17711,800.355253442,440.017434,67861.5617499,3.7179581969,10,
17712,800.375338585,632.22822,166925.179798,12.6930525757,10,
17713,800.375731764,237.448236,78199.3339881,13.0057487173,10,
17714,800.388900257,362.721972,2792393.18909,4.10327725797,10,
17718,800.519453199,1462.95096,136117.503149,12.337810978,10,
17719,800.593776184,1391.49312,575231.503801,14.9984943736,10,
17720,800.844362426,375.413625,126403.982698,8.67347416493,10,
17721,801.145335966,32.5050768,421980.435714,6.09812582323,10,
17725,801.391890679,362.682159,1061517.92543,4.58421840913,10,
17726,801.391610883,573.025311,894855.300437,4.57414287427,10,
17728,801.43390055,664.58226,220439.893741,7.00182922189,10,
17729,801.445795901,558.060972,55823.4045524,9.74853934293,10,
17730,801.453455017,492.799986,105555.134652,4.54299133219,10,
17731,801.844635099,861.63678,215051.282964,9.25728218876,10,
17734,802.394998273,362.721972,244264.715795,8.06167339886,10,
17735,802.394601448,573.025311,351975.482598,4.9926052194,10,
17738,802.587880309,1408.2204,92755.364671,4.6040685901,10,
17741,803.392210116,630.5994,116934.228379,2.35539947133,10,
17742,803.394011819,572.926272,83320.808067,7.31364003993,10,
17743,803.48603197,576.568101,161097.061456,5.54802974718,10,
17745,803.835239311,281.847642,111484.564844,14.1961530638,10,
17746,804.154549869,876.48582,68749.5824436,14.4755155538,10,
17748,804.262916365,1441.90236,160409.300868,13.0489677401,10,
17749,804.289010577,120.748818,239184.301638,6.73213325122,10,
17750,804.357904599,375.38541,51965.6369065,14.6960831478,10,
17751,804.383079398,308.433246,34517.7663794,9.01908896318,10,
17752,804.423710134,758.82189,113573.031667,6.19931133307,1.0,[M+H]+
17753,804.424198486,699.42081,599107.966822,6.29886730901,10,
17755,804.489310971,576.598734,58459.669547,10.7281470472,10,
17758,805.427501914,699.43278,269604.110748,8.54781601817,10,
17759,805.44473991,778.70742,546948.365276,5.0316234021,10,
17762,806.291636841,346.263018,47043.1983809,9.95281891952,10,
17764,806.403041079,649.70523,2326768.70938,5.83472318529,1.0,[M+NH4]+
17768,806.583136663,1335.19746,464720.593236,8.06404933354,10,
17769,807.350833593,432.344016,158045.089525,3.72260009618,10,
17771,807.383697487,320.635725,1725898.40129,4.82163699428,10,
17772,807.38729538,796.51479,454274.242967,4.95348620008,10,
17774,807.421439352,738.04776,329848.030995,4.21490331948,10,
17775,807.585997796,1335.19374,185189.691341,6.07921962913,10,
17777,808.015489176,1183.06479,664625.069565,12.1259354527,10,
17778,808.328668542,493.687392,156254.52826,7.4985552021,10,
17780,808.394101908,546.720915,92730.7657167,6.84270927807,10,
17782,808.39088695,796.5756,167385.032113,4.71226575437,10,
17886,825.437649923,961.47483,778213.33242,14.6366966551,1.0,[M+NH4]+
17785,808.455134927,833.39484,1314173.33072,4.39080419602,10,
17786,808.451968295,507.455769,83036.1990274,11.3651715431,2.0,[M+Na]+
17787,809.018649763,1182.91584,89040.9877071,14.7488622869,10,
17788,809.272245397,826.43958,63918.5858122,13.0728284718,10,
17789,809.327099411,369.919305,201582.268002,9.33986132326,10,
17790,809.341717173,448.94958,188187.791757,10.6999037314,10,
17797,810.34189213,310.641846,353621.230604,12.1134242528,10,
17798,810.374707766,1055.87793,277770.593265,8.09431536672,10,
17799,810.398453349,401.721795,127588.344579,6.80880349252,10,
17802,810.470675049,669.26211,82854.9473819,9.11640825066,10,
17804,811.193322625,917.30556,144037.778595,3.27077037493,10,
17805,811.355363969,61.873107,88994.2487608,14.0965263957,10,
17806,811.378172548,1055.64744,93297.3520415,13.3109867159,10,
17808,811.395138465,738.57204,93570.2661316,4.69541531146,10,
17811,811.819639371,44.175294,427496.532797,2.94957680434,10,
17815,812.53075862,747.4893,33931.9878814,8.12326672069,10,
17816,813.299166684,1477.85265,233023.601001,11.1594128742,10,
17817,813.300686326,654.6414,70681.2205236,14.6491851009,10,
17819,813.397994101,408.77718,43034.6385801,4.29983428501,10,
17822,813.444651604,501.73557,34771.824636,10.8486575835,10,
17823,813.449531585,912.55782,547050.900016,1.3052777704,10,
17824,813.481900216,708.59802,186383.930398,6.85684116687,10,
17825,813.489008524,761.52984,132343.479069,7.79190139442,10,
17826,814.268178779,933.3585,429313.280605,4.14241244602,10,
17827,814.299941498,1477.85265,164077.491674,12.6039722906,10,
17828,814.343280333,72.380304,256856.352248,9.74388438616,10,
17830,814.405689471,643.84137,92486.679157,8.09280025815,10,
17831,814.452575704,912.84696,252960.254107,7.17172395305,10,
17832,814.484893064,708.42753,61621.9680913,5.65654772177,10,
17833,815.298069532,1477.95426,102750.620924,4.40953583951,10,
17834,815.330501593,1055.85618,84281.6418499,5.12407256572,10,
17836,815.363202509,232.622814,320272.684814,8.61267316006,10,
17838,815.895218926,685.41003,842328.917004,2.37342803757,10,
17842,816.445527338,552.219039,3448179.03635,4.85292982028,10,
17843,816.824764982,439.735956,119194.967725,9.5962315078,10,
17844,816.898010745,685.24785,339967.998928,4.38326752041,10,
17845,817.343960366,293.361756,44286.7449364,9.92399975195,10,
17848,817.44858852,552.219039,1369319.17801,6.31508849428,10,
17849,818.333144812,275.039898,48101.415663,3.03571374563,10,
17850,818.451249796,552.219039,349812.531446,7.33363663638,10,
17851,819.217142167,916.27569,73972.2365557,5.21769687354,10,
17852,819.398632708,681.92328,1413167.55469,4.48827209235,10,
17853,819.509785143,1155.4458,584484.277957,11.9141949037,10,
17855,820.307084242,384.392481,41559.5358148,4.23816637876,10,
17856,820.307213039,331.845291,91842.7065206,7.26172443026,10,
17859,820.393904652,596.262654,96247.7240761,8.79851308742,10,
17862,820.597797838,1357.5048,183540.363337,12.3093981244,10,
17863,820.898003502,610.37973,2412638.5009,7.09296183637,10,
17864,821.327141883,861.93744,91155.0221,10.39261671,10,
17868,821.399399453,610.37973,2025795.94624,7.28110929328,10,
17870,821.89682501,424.640742,1040495.07215,3.27342477073,10,
17871,821.900852297,610.37973,979219.378794,6.96262504095,10,
17872,822.359173881,232.697418,138084.045997,8.6315254507,10,
17873,822.398055229,424.640742,491958.455609,5.69747775293,10,
17876,822.990527813,31.1684241,145009.498516,12.5283119034,10,
17877,823.159079332,859.05144,711994.072702,11.9476446319,10,
17878,823.193091599,927.8145,60123.1497286,6.07334664784,10,
18158,866.3372656,310.742655,96739.5256863,6.66300052018,1.0,[M+NH4]+
17880,823.418437803,550.759869,61376.8193903,6.60281622076,10,
17881,823.785501855,310.641846,179457.220365,6.07809867779,10,
17882,824.286827323,310.641846,89826.6162791,11.8264662899,10,
17890,826.40338922,504.135846,55515.062677,13.1127820055,10,
17891,826.444930592,770.06136,1363126.04167,3.25977534687,10,
17892,826.441067532,663.06852,472379.537564,7.45876235734,10,
17895,826.455934094,587.26065,78187.5126475,13.9983414652,10,
17897,827.305795578,1002.13482,404017.271277,5.81440885087,2.0,[M+Na]+
17898,827.342750101,862.2009,161186.027944,11.4113068016,10,
17899,827.358895972,336.977457,250491.181935,9.11663770768,10,
17900,827.443878994,662.90442,187053.596495,7.68026979779,10,
17902,827.468466392,917.94324,147517.724637,3.16656057145,10,
17904,827.915588924,961.0794,122402.702504,6.46777065841,10,
17905,827.945652304,31.0862196,155263.670614,10.9658214161,10,
17906,828.340492404,1003.34283,74856.9422979,11.4622323086,10,
17909,828.416268046,961.15608,104494.776793,11.445186418,10,
17911,828.551598652,1480.14234,381583.30705,8.1473155216,10,
17912,829.182231826,1436.08992,348117.697375,14.3457988858,10,
17913,829.251018425,922.92084,67246.9065804,8.0537676575,10,
17914,829.366652046,144.251016,179709.619593,12.2179743891,10,
17915,829.396123815,1002.49659,64891.8374806,10.4117171715,10,
17916,829.403320884,738.06132,74773.5292382,9.76039233536,10,
17918,829.47656649,579.199374,108005.47487,14.8377941001,10,
17922,830.052645257,448.440057,544004.065767,6.38555775807,10,
17923,830.277214183,33.124911,202974.21863,3.22869107525,10,
17926,830.425499545,440.530446,49427.1859187,14.8175630548,10,
17929,830.721388947,448.270431,458915.445025,6.40803790728,10,
17930,831.055264342,448.440057,219537.965271,14.3398518604,10,
17931,831.177573236,917.91069,50993.4735505,6.74931483213,10,
17932,831.270565769,310.612158,209012.802879,10.2568573055,10,
17933,831.374713968,939.16284,61921.8556903,8.86123716406,10,
17936,831.434882569,635.19078,170066.112162,4.79665574115,10,
17938,831.456278678,510.21933,332304.425147,7.4899468416,10,
17940,831.772076119,310.641846,144752.444315,8.53871088174,10,
17941,831.839106008,30.820194,84701.3649188,1.99948680049,1.0,[M+NH4]+
17942,831.888827874,610.37973,246121.256886,10.7547778197,10,
17944,832.385938987,424.521825,161300.235664,13.0428629324,10,
17948,832.466213414,598.789005,88783.7490538,8.30734704427,10,
17949,832.887892672,424.549689,103533.190112,9.36601543966,10,
17950,832.901463727,30.8136147,65950.1098666,11.8501583515,10,
17951,833.291559132,275.74125,207981.715375,11.0845284438,10,
17953,833.38884207,424.427838,31292.3258655,5.45393489146,10,
17956,833.804122959,699.75885,1009672.7489,4.24750608703,10,
17957,834.305584501,699.79197,751025.300473,4.83417554678,10,
17959,834.320434712,43.8580452,321978.857472,10.5273137269,10,
17961,834.381120144,1032.98628,98732.8020327,11.9058382057,10,
17962,834.515482446,1126.95168,99764.1551556,3.77970586768,10,
17963,834.806390978,699.7713,389675.312728,7.64332626796,10,
17965,835.418816975,576.931251,400780.725446,5.07817164174,10,
18073,851.400847845,322.333284,592036.619255,2.82695335792,1.0,[M+H]+
17968,836.281257938,699.47826,64741.3824725,6.93287018221,10,
17969,836.341836867,484.334904,465424.767474,11.1209793527,10,
17970,836.375045482,339.025914,568168.604847,6.91005057754,10,
17971,836.385184476,365.175918,46461.8387416,14.0049365888,10,
17975,837.252755434,862.41711,331383.16846,11.5699027813,2.0,[M+Na]+
17976,837.328627529,417.039048,2331670.07446,8.2933051788,10,
17979,837.367406697,963.0291,1360193.28408,2.52546328779,10,
17980,837.370049341,60.997674,206320.270865,0.348268889537,10,
17981,837.378344806,338.768268,197387.402299,8.86171147563,10,
18075,851.43804173,962.74758,2043589.3454,9.75638994039,1.0,[M+H]+
17983,837.714106613,448.101183,67792.4225371,14.8327644588,10,
17984,837.830276322,417.039048,1736831.543,7.69202692849,10,
17985,837.83049412,356.343864,387834.039614,2.05594719625,10,
17986,837.939686555,961.96185,775981.33538,8.31550522688,10,
17988,838.331710939,356.4618,184478.385008,4.85604630617,10,
17989,838.418826409,453.855273,224956.311948,9.72363150045,10,
17991,838.439135214,961.87491,574960.016176,5.03066847478,10,
17992,838.832998105,417.078045,312713.624531,14.7573679308,10,
17993,838.83313658,356.132088,54408.373044,12.4434062945,10,
17994,838.939721308,962.07132,312220.731458,5.41748439064,1.0,[M+NH4]+
17995,839.325627905,293.674065,78837.4173116,11.6052196069,10,
17996,839.334146106,417.039048,92139.8949398,9.63680639275,10,
17998,839.558908532,942.81894,186056.102297,12.3334336997,10,
17999,839.805449847,417.039048,306872.267559,12.3758891245,10,
18000,839.914894097,961.83969,534546.25113,8.47471204914,10,
18002,840.303923039,960.79896,158879.616528,9.25899822044,10,
18003,840.338947806,350.969982,79497.2674846,8.05029941945,10,
18004,840.37498574,610.59024,68030.0108972,12.5749892366,10,
18006,840.408477979,555.305718,86022.0226116,5.14097453173,10,
18007,840.416750182,961.7928,535834.255127,8.62875607601,10,
18008,840.808909326,417.216627,111848.155971,6.0339326958,10,
18009,840.917398912,961.84974,422591.031582,5.43045928492,2.0,[M+Na]+
18010,841.277913712,275.629158,198457.74653,11.1447127505,10,
18011,841.417228418,961.75596,195696.304392,9.58725112819,10,
18012,841.52321639,1163.90223,423277.64709,14.0193414335,10,
18013,842.024668863,1164.29634,337373.145861,4.74311298694,10,
18014,842.392289401,961.55727,327544.802026,6.88371390088,10,
18133,860.439982063,1023.86031,747016.209564,6.30328794106,1.0,[M+NH4]+
18019,844.384916029,271.30725,211932.64833,3.66689306927,10,
18020,844.512499571,797.0295,173333.687599,14.8728107142,10,
18021,844.876577177,408.049362,136574.412737,11.4500088632,10,
18022,844.886657011,271.091118,157314.654662,9.99528486743,10,
18023,844.895145494,298.507254,259476.780877,3.0357175598,10,
18024,845.153593721,918.24882,44151.4362843,9.53779774174,10,
18025,845.289404021,1441.45032,100669.067772,7.39974461464,10,
18028,845.39690237,298.678947,212031.419859,12.5996817268,10,
18029,845.387421593,271.151748,68918.9559271,9.79534074516,10,
18030,845.412618629,897.69969,140569.103177,6.12023183779,10,
18031,845.435776465,429.611511,149437.440589,5.31451693905,10,
18034,845.689866579,328.763892,76328.0682234,14.9665853103,10,
18036,845.986777091,908.54469,2269137.69139,4.63020780175,10,
18037,846.290987705,1499.16939,110238.748949,8.79372711196,10,
18038,846.307916362,45.3396084,3539937.91186,0.867006255399,10,
18040,846.360605235,310.574142,181096.121104,13.9792627695,10,
18041,846.437298354,429.36975,43062.3964989,13.8161783211,10,
18042,846.456732003,698.43405,63729.017579,6.69856806993,10,
18043,846.488088532,908.37774,1138630.59118,6.83228436424,2.0,[M+Na]+
18044,847.292023582,1500.30186,88879.9128678,10.4927423902,10,
18045,847.310692298,45.2805318,1030239.96907,7.7065454768,10,
18047,847.429576836,706.62114,36039.4451672,10.1416427859,10,
18048,847.791554611,417.039048,126174.197611,14.8682365693,10,
18049,847.812903824,30.8231094,32672.6182398,4.82085979532,10,
18051,848.302726756,401.552043,182370.894024,3.79246891086,10,
18052,848.36837601,1024.15188,291997.967435,8.13131526719,10,
18054,848.875389054,30.730473,41761.2510308,13.1507259931,10,
18056,849.340486833,605.24826,67412.2304153,11.7765972819,10,
18062,849.939483513,962.74758,3693559.73132,10.477669933,1.0,[M+NH4]+
18063,850.323547096,1003.20543,83220.3043324,3.81339441882,10,
18066,850.439873078,962.74758,5706062.73649,7.25160048079,1.0,[M+NH4]+
18068,850.92669493,730.72404,194981.023879,2.47720968709,10,
18069,850.938979114,962.75673,1605996.8288,12.1492556479,1.0,[M+NH4]+
18070,851.262434948,45.441552,976555.755678,7.51432557065,2.0,[M+Na]+
18072,851.385818606,83.959617,995580.735869,3.40683695003,10,
18076,851.465303923,825.26499,594454.464085,8.59733951554,10,
18077,851.915128148,962.98956,2419788.01397,6.78655343653,1.0,[M+NH4]+
18078,852.265954271,45.125052,193960.005801,13.4699633441,10,
18081,852.414850174,962.79471,2093871.18696,7.43440558894,10,
18084,852.51788234,726.39156,60318.1923562,10.2886126678,10,
18085,852.916619292,962.87694,1777895.95949,9.00445051636,10,
18091,853.426095456,864.90162,57055.4603641,4.79665030312,10,
18094,854.508178071,634.33452,107243.674033,12.4838270526,10,
18096,855.298727932,268.78056,108113.061561,9.91126341501,10,
18097,855.361069978,643.77624,71468.7455931,13.6248680293,10,
18099,855.470580922,846.11235,48705.7355596,12.8905598363,10,
18100,855.484571491,1023.86031,620558.918352,6.69368920343,10,
18101,855.536360171,764.96346,141757.946358,5.79850488252,10,
18105,856.453097747,581.777994,195282.021038,8.17656993047,10,
18106,856.476527422,722.86005,305098.978629,7.24187658359,10,
18111,857.397190027,269.111931,190957.231077,14.8677838884,10,
18113,857.471711709,539.51943,58348.3990124,8.62653468474,10,
18114,857.471675628,522.43191,119374.289426,8.88159963348,10,
18115,857.479365586,722.79093,114610.187936,8.87771754867,10,
18116,857.484297382,1023.88185,97059.9360064,14.5034560279,10,
18212,875.32156263,962.95002,760906.738687,9.21617481298,1.0,[M+NH4]+
18118,858.373298884,963.0291,280474.246422,9.46397265238,10,
18119,858.434703503,785.43804,263657.514951,6.60206202706,10,
18120,858.47109071,874.24884,2148399.42676,4.95135182036,10,
18122,858.463342911,1023.86031,114730.659469,13.8626564731,10,
18124,858.782498565,417.334932,47736.4771794,8.42750781867,10,
18015,843.279269208,1002.16491,256678.325283,11.9009895377,2.0,[M+Na]+
18126,859.348870167,963.06675,2625284.41398,6.30791220571,1.0,[M+NH4]+
18127,859.430204036,562.520604,1354936.5685,3.04139626913,10,
18128,859.437202047,785.09418,94888.5456683,9.95800812259,10,
18134,860.942164063,1023.88185,155694.169015,8.14991165441,10,
18137,861.481205604,786.10581,163316.46014,11.3769286983,1.0,[M+NH4]+
18139,862.328894413,77.528052,71990.7817248,11.4334320111,10,
18141,862.380897253,962.91648,600711.060857,9.00284998185,1.0,[M+NH4]+
18144,862.918615824,1024.00242,172325.516577,9.29497170855,1.0,[M+NH4]+
18145,863.243600409,963.62865,388550.374214,11.3315594438,10,
18149,863.918905575,1023.80154,115952.551654,10.7690926063,10,
18150,864.037917298,1171.86936,273609.844739,12.2896270444,10,
18152,864.323338491,432.038814,33948.2993072,11.6977207017,10,
18153,864.337012349,1023.88185,193288.538502,8.85539756437,10,
18155,865.403735557,494.447415,116294.072932,6.33059317762,10,
18157,866.192802422,923.89572,59529.8226306,9.54007486526,10,
18159,866.366374985,269.151738,43190.8863605,11.0558229192,10,
18162,866.417575212,964.08114,453792.230478,11.4790237876,10,
18165,867.374555153,322.333284,136558.548107,10.1462844748,10,
18167,867.417281377,964.23213,413866.119939,9.0905962313,10,
18168,867.453419241,659.96178,148671.005892,2.83392382936,10,
18170,868.283324472,406.767045,41377.5921516,8.51172746982,10,
18171,868.364429397,88.940796,705362.029879,12.7630413052,10,
18174,868.510083625,918.63906,433638.176077,8.8792005634,1.0,[M+NH4]+
18175,868.512532092,770.04681,156676.216189,7.22745455319,10,
18176,868.51315672,723.5364,263998.065544,5.4821687335,10,
18328,904.917231613,350.272674,138589.276777,14.3354871425,1.0,[M+H]+
18178,869.257606136,963.35502,1468221.50199,5.97929477006,10,
18179,869.291134551,1024.16721,286979.499158,6.53786832769,10,
18180,869.367434382,89.042682,231598.031236,9.48561199474,10,
18182,869.397033916,349.812018,173074.451855,5.80023630798,10,
18183,869.397471895,964.40136,203643.108729,12.7660852214,10,
18187,869.515156229,723.51168,97574.8712597,9.89145465332,10,
18188,869.721191893,687.8394,70456.0345796,14.5350456825,10,
18189,869.898072802,349.765473,75714.3700824,6.95665232045,10,
18193,870.366107554,962.7096,403825.427148,12.8443366808,10,
18195,870.467225261,675.02655,760212.951682,3.56595877059,10,
18199,871.433656691,301.659636,55245.8670634,6.19308551981,10,
18201,871.477509738,439.453722,81989.0908279,8.99852813123,10,
18206,873.383321018,1023.80154,116822.293097,4.47315976729,10,
18207,873.544994266,936.61518,460559.161051,3.44895693756,10,
18208,873.861374229,180.395712,250095.869958,11.5567002537,10,
18210,874.465270318,823.8039,139369.841375,9.86784934483,10,
18214,876.08412672,1105.65192,390601.84467,12.290046588,2.0,[M+Na]+
18217,876.344557519,96.237828,6053972.6152,4.59143381374,10,
18218,876.360623837,1023.8457,89062.8143066,14.6161444771,10,
18219,876.481348389,646.91976,93889.9336549,12.8178345707,10,
18220,876.860447969,1023.5604,87733.1429389,14.5783255328,10,
18222,877.496725591,936.98826,114582.38621,4.62272045583,10,
18223,878.312898192,422.483613,691654.472761,5.39200634598,10,
18225,878.839731954,1023.86031,101738.212795,10.9308590892,10,
18226,879.28136837,1461.1302,98097.8527044,10.1067070257,10,
18228,879.380397689,67.87149,844934.9494,11.6001539862,10,
18229,879.440574732,468.863196,201268.418576,8.45111694089,10,
18232,880.274916814,594.237912,58138.6362898,14.4410097263,10,
18233,880.414970542,459.136884,173897.129211,9.25803562994,10,
18234,880.44343726,468.873129,70056.8216142,8.52369546161,10,
18236,881.404250756,801.1236,173759.039876,6.34572353988,10,
18237,882.307189383,366.13728,93688.0541387,8.17096625839,10,
18239,883.36986442,271.265181,25996.8489809,3.06930579074,10,
18240,883.398420988,965.23557,613659.08238,13.4464723183,1.0,[M+NH4]+
18241,883.427564829,659.85834,155467.382815,9.50680527109,10,
18244,884.41329345,690.73584,61967.2059667,10.7882984541,10,
18246,885.232868178,963.26904,1080210.00074,7.21943628081,10,
18247,885.396659574,965.34876,275293.503367,6.6145313695,10,
18248,885.466332939,679.0524,88063.0782745,5.71400661451,10,
18250,886.235689686,963.1134,443635.98163,6.17800525363,10,
18251,886.324733788,1023.86031,396698.100495,5.61327090946,10,
18252,886.354380592,297.305628,258641.724223,8.19292994441,10,
18253,886.365601551,386.437059,296873.835126,3.40787755907,10,
18255,887.317952678,1499.33202,121842.066385,3.66918332762,10,
18258,887.482678308,496.453827,264077.328844,9.71258125163,10,
18260,888.137770611,1111.52076,1459383.91646,7.14667722938,1.0,[M+NH4]+
18261,888.318545951,1500.16998,100973.581043,6.34102692094,10,
18329,905.289103966,114.837762,1403813.73291,3.76551279448,2.0,[M+K]+
18267,889.528474404,908.00136,35252.5078324,7.33712633784,10,
18270,890.348370405,67.153299,1068843.51879,13.309569686,10,
18271,891.138476867,1053.84828,378516.647866,1.20239348639,10,
18272,891.272931113,72.655674,772990.367126,14.432483024,10,
18275,891.347508021,489.714078,24985.113638,10.0644181479,10,
18276,891.368054022,298.507254,106793.892421,3.02693202701,10,
18277,891.453357963,439.58319,81963.9348856,7.76684768562,10,
18279,891.869125341,298.334943,89479.8802013,14.2155175048,10,
18282,892.27688758,73.433436,148629.809273,10.39709396,10,
18283,892.328488459,450.795621,2088660.89908,5.96344219172,1.0,[M+H]+
18284,892.363668502,605.36472,315469.28476,1.29315919157,10,
18285,892.415246755,402.783132,109861.445429,8.35028431813,10,
18286,892.476263151,825.84732,114878.702826,14.7798903627,10,
18287,892.49229978,517.667472,59329.0665848,10.4347758309,10,
18291,893.366738297,605.24967,99094.5312641,10.4127057583,10,
18293,893.471893521,507.763161,111924.505341,10.9917448196,10,
18294,894.310164712,965.92248,146990.578718,4.85901568178,10,
18297,894.635373023,1345.36254,176634.955143,3.96462129558,10,
18298,895.307457732,965.68707,89205.7898335,8.15156763259,10,
18299,895.491585844,945.47184,238563.599133,8.53517480511,10,
18302,896.411444839,1098.6123,141292.286732,10.5982713509,10,
18303,896.461364767,762.45894,205738.510272,6.94583291885,10,
18304,896.950023814,857.66688,344463.597117,13.2069623552,10,
18305,897.373767696,801.17685,94155.6461009,11.831080167,10,
18306,898.263065166,966.18078,236312.716617,10.6372223911,10,
18307,898.375470137,125.579388,2766546.61514,8.69702433066,10,
18308,898.375488864,202.56579,1562961.41411,2.8680551373,1.0,[M+NH4]+
18309,898.37595558,323.122584,204141.718494,4.39500146503,10,
18310,898.415785343,351.098526,35438.291876,14.7572861965,10,
18313,898.877593707,323.122584,166877.411939,8.65954153592,10,
18315,899.378639947,323.260353,78108.4210161,11.1826448019,10,
18317,900.262297493,966.31866,78246.6963195,12.0976565237,10,
18320,901.874136132,250.441179,61629.1580576,8.17326712858,10,
18321,903.311326971,1032.99834,238729.050536,14.9418747831,10,
18323,903.330552512,323.12304,39725.9139182,14.2800466664,10,
18324,903.386023196,801.24918,156713.269183,9.82823065351,1.0,[M+H]+
18325,904.005229397,945.74946,647492.462399,7.56980237515,10,
18327,904.35702519,328.284276,35681.8058769,13.7619482852,10,
18330,905.309456016,1032.98628,93013.4640956,12.3815307567,10,
18333,906.511073036,768.74682,114794.286551,6.52620462907,10,
18334,906.999821429,933.49488,551738.363136,4.79100000301,10,
18337,908.064048722,1187.82927,153747.044361,7.81958162893,10,
18338,908.359200129,232.91025,56649.0599439,9.39806188645,10,
18340,910.068820804,1053.65052,451718.780092,14.3473473193,10,
18342,910.357234168,445.156068,76282.2701807,8.51084006502,10,
18343,910.425459478,535.161462,43551.4572816,11.0527948015,10,
18344,911.31793652,323.122584,146465.565955,11.1076561214,10,
18346,911.819395826,323.463264,102399.64407,9.87075297523,10,
18347,912.15477018,1105.55718,333901.956436,7.15422025099,10,
18350,912.513659542,624.66834,91062.9492158,7.42812899636,10,
18353,913.898634021,516.692961,198367.312493,13.3785547079,10,
18354,914.295618104,96.783342,61365.3375589,8.94661293984,10,
18355,914.399834697,516.720204,165266.809519,11.9140300388,10,
18357,917.112116899,925.30821,165975.212481,5.43445619808,10,
18359,918.317473911,1251.26184,248228.875101,10.0919023973,10,
18363,920.357446904,123.986592,3539285.88788,4.11366664234,10,
18364,920.500615415,850.06266,350494.060781,9.40104567218,10,
18366,922.375946586,286.80288,236632.972044,8.62036386705,10,
18367,924.514036413,562.999668,178413.840981,5.80977188253,10,
18369,925.362906554,428.243835,3574776.91075,2.61088593079,10,
18370,925.362775388,371.113044,741282.983688,8.58575029919,10,
18371,925.497227714,664.07853,139872.300157,12.745030185,10,
18372,925.864496712,428.243835,2975724.79521,2.26457349155,10,
18373,925.864539814,371.264181,595478.642986,8.97759939973,10,
18374,926.366029696,428.341374,1590979.46582,2.44973360681,1.0,[M+NH4]+
18375,926.36594995,371.113044,312600.500034,8.4159187024,10,
18376,926.370671073,560.087484,34361.4237906,10.785880666,10,
18377,926.867308188,428.243835,617451.232098,3.99714319353,10,
18378,926.867319371,371.264181,105091.994167,11.3786990898,10,
18380,927.470780234,641.38578,37153.4801041,14.3108787648,10,
18383,927.838721897,428.243835,461041.4181,7.43868335368,10,
18384,927.838863655,371.285664,87567.2520305,13.8410968549,10,
18387,928.534015972,739.05957,258868.758291,8.53775435836,10,
18388,928.613738141,1378.34463,79160.9695162,12.5693217911,10,
18389,928.842932247,428.243835,207270.086088,13.2697398432,10,
18390,929.344089386,428.159076,78607.8386253,13.9487217518,10,
18391,929.537179114,738.97743,105337.094872,13.9975262448,10,
18392,930.077634259,1195.27848,111154.626568,14.3369887699,10,
18393,930.412294649,728.47791,57343.8010573,13.8330936786,10,
18394,932.370841318,439.453722,52799.403739,13.983547402,10,
18395,932.854326096,185.876586,856577.524476,3.03273843906,10,
18396,934.178379418,860.79804,405115.052981,14.4656249116,10,
18397,935.334297442,71.535252,540592.59442,5.90511529328,10,
18398,935.358904017,43.3830282,2518340.55359,5.37161363348,10,
18399,935.825714349,428.341374,198153.31693,6.41113483908,10,
18400,935.86033449,43.2828576,2177415.45172,6.03258459005,10,
18402,936.327446717,428.341374,163263.110906,7.22764836099,10,
18403,936.331435102,123.510198,3412527.1089,14.7879807811,10,
18405,936.406604357,422.604792,29397.7321053,7.18828079702,10,
18406,936.828389522,428.214726,100933.12309,2.84203224883,10,
18407,937.098628356,801.10452,69698.2716114,6.67498734213,10,
18411,937.372408763,285.899286,35516.4375208,6.29632316895,10,
18414,937.984681314,31.1684241,200932.15262,7.03793813359,10,
18415,938.284033665,1434.42081,68333.824272,10.7590094423,10,
18416,938.422834575,726.40935,116072.292448,11.7730820451,10,
18417,938.830948783,428.341374,100099.103996,9.58062141569,10,
18419,939.332484873,428.214726,83082.6273955,5.41402107706,10,
18420,939.833146698,428.06718,40777.1539492,7.55330626137,10,
18424,942.940320669,31.0862196,198010.707111,7.02831791032,10,
18427,945.269105625,842.64777,129875.091198,10.1698132945,10,
18428,946.329743753,842.63634,49963.6651868,6.93207956064,10,
18429,946.816520518,428.243835,71774.9490676,11.7423498249,10,
18430,946.833520679,30.9154245,52591.1392898,14.9575579967,10,
18431,946.847393799,43.3392894,596187.892011,5.39454672324,10,
18435,947.552285918,668.59803,138164.113692,8.60280974653,10,
18436,947.895523008,30.8231094,97202.152002,14.0253359662,10,
18437,948.554801323,668.26968,61515.2879725,4.55588192534,10,
18438,949.237437147,1024.17384,159742.2697,9.31767718399,10,
18439,950.333672424,404.994726,55499.7752419,9.82308124145,10,
18442,953.409613452,476.442084,76343.5030798,11.4047944276,10,
18444,955.152943344,967.65576,87460.5670101,9.17058533244,10,
18445,956.370881747,199.534224,231523.680994,6.23853274171,10,
18446,956.56220906,957.67224,63043.9407401,8.67743413913,10,
18447,957.374432884,199.534224,91148.0817075,14.4770052687,10,
18448,958.449929271,472.500765,32340.1462623,14.7014294654,10,
18453,963.089240528,566.731146,47173.0881627,13.5992130422,10,
18454,963.492113675,828.39441,193973.791775,7.57487064568,10,
18455,963.525057161,646.122,49414.5985434,8.46769729033,10,
18456,963.52520558,668.59992,72036.1384617,13.2723415201,10,
18458,964.349313919,418.020552,34821.9119574,14.8320983994,10,
18459,965.455392212,779.25144,48754.3034122,1.84470973752,10,
18461,965.865632586,30.8070354,17397.3200962,1.78665103323,10,
18463,968.428510427,922.11321,315581.731477,6.4331082667,10,
18464,968.824475193,30.4666062,39677.341695,9.19545044719,10,
18465,969.44893148,99.130068,431295.95366,7.51776208538,10,
18467,973.448992614,404.858814,203465.393421,11.0777485473,10,
18468,974.11756788,404.897172,77229.100227,3.81154418972,10,
18469,977.092840897,593.846676,176629.223887,7.24520663027,10,
18470,979.310694022,1434.36891,85577.6554941,11.6354242277,10,
12151,509.240021118,564.167661,497632.268753,5.22392812289,2.0,[M+K]+
18473,981.459600694,419.763057,159631.957673,3.67651663616,2.0,[M+Na]+
18475,982.447468284,1134.76506,79477.3973522,12.5809817852,10,
18476,982.900321981,233.673852,212778.157211,12.5003907262,10,
18477,983.074077703,880.99581,6314234.90698,9.40123510117,10,
18478,983.401804658,233.386047,178966.360281,6.35436095364,10,
18479,984.444252574,610.59738,68814.9153555,7.08900972272,10,
18480,986.911382408,333.988896,63068.5998367,4.59306574079,10,
18481,993.943023182,401.040336,58891.6154261,10.9893272069,10,
18482,995.916435901,303.701382,128907.243381,7.11029702606,10,
