peakID,mz,rt,maxMeanIntensity,RSD,bestScore,bestAdduct
1,100.917169839,35.8200798,65122.4268619,12.8711788129,10,
318,157.034881692,58.8268134,50743012.0274,3.11720132401,2.0,[2M+H]+
3,101.008631115,28.2768162,322849592.998,8.84304134354,10,
4,101.070392027,482.132172,73636.8643256,1.5967643006,10,
5,101.115682122,112.205643,565253.660272,9.71216611265,10,
6,102.010648085,28.2025092,39859774.172,8.57218639367,10,
7,102.09156732,261.922914,96331992.4371,2.67043789259,1.0,[M+H]+
8,102.970504699,28.4621766,539506312.159,2.25378907712,10,
9,103.009448849,28.2750387,43826493.0867,7.95556854104,10,
10,103.054348456,73.486035,1837507.28878,14.8385125223,1.0,[M+H]+
415,166.085925502,160.186221,16986298200.4,1.02232351935,1.0,[M+H]+
12,103.086864262,39.6589221,18055448.1528,4.5288917792,10,
15,104.049633127,569.414565,102082.360052,12.6557473693,10,
260,150.058048046,61.369368,2415155342.4,1.74266487348,1.0,[M+H]+
18,104.107199594,39.6589221,772430379.527,1.4888991077,10,
19,105.003486497,28.2007317,357378099.713,1.16636828206,10,
20,105.03986166,28.2768162,12247212.1961,4.7839578638,10,
21,105.033646339,1068.71892,15103247.3855,4.00483909012,10,
718,191.091085608,436.794102,3622389.63399,2.23711375837,1.0,[M+H]+
23,105.104241143,39.3123645,2850729.9555,4.30263670094,10,
1198,219.133598876,27.8881029,36875955.9504,3.37370058051,1.0,[M+NH4]+
26,106.111403349,39.215508,1744357.38828,3.53802024597,10,
167,136.969396693,32.6137989,2230026.91522,8.85363484897,1.0,[M+H]+
28,106.963336044,28.5140457,15088474.1789,2.73968862589,10,
31,108.052643962,214.760958,1584140.28561,3.4941316238,10,
32,108.948760199,34.8077028,188677.450722,9.22294177596,10,
33,109.031845026,52.6469592,195209.222329,9.70692704268,10,
34,109.034723754,28.3816326,2417449.82563,12.8943516955,10,
35,109.578755915,28.8291348,616140.355028,13.251108413,10,
36,110.035006539,123.459777,6843190.81757,3.94194284588,10,
37,110.071417588,38.402331,10872441.98,3.61817644242,10,
38,111.091788308,134.328711,5696772.82377,2.67823639303,10,
39,111.089415723,35.419167,1350585.94814,3.20426064162,10,
40,112.037011323,37.7832396,1406189.77666,2.79964002816,10,
1148,217.129124688,47.1585519,10040485.2065,0.723369967697,1.0,[M+NH4]+
42,112.087023345,37.9983903,32125584.7056,8.40156197764,10,
43,112.895822798,36.4904871,12952119.4825,1.83294284571,10,
1862,245.076310825,81.103782,50433249.3259,2.91071063069,1.0,[M+H]+
45,113.04765015,47.136021,886232.285664,5.18721128865,10,
47,114.060700004,30.0797985,11399301.4438,3.44169005543,10,
50,114.892742235,36.4904871,3944759.47357,2.55201287839,10,
51,114.987718286,28.3816326,11983918.4859,11.703993729,10,
52,115.054297593,299.60049,39435697.7056,1.16805187123,10,
53,115.988484035,28.412142,1304790.41905,13.8506387953,10,
231,146.11721692,43.3275786,1323237044.03,3.12460261203,1.0,[M+H]+
57,116.986017283,28.4621766,668411482.091,3.46776267894,10,
58,117.057304502,73.329972,9024858.29599,3.73735631444,10,
59,117.057302958,299.444241,58153829.3212,3.07149207301,10,
60,117.05754773,160.235808,7022211.19107,2.88750163544,10,
61,117.067880511,42.7920495,1362026.01809,7.37262483172,10,
62,117.102300513,40.2844887,20891487.2175,2.23777631248,10,
63,117.576195676,29.215353,1246672.82239,9.06556448265,1.0,[M+NH4]+
603,182.080838054,73.486035,7836515737.34,0.258914947716,1.0,[M+H]+
948,205.096699157,299.60049,5948487292.5,1.71825264106,1.0,[M+H]+
67,118.065243983,160.186221,43886719.6809,0.884503347149,10,
70,119.016022032,45.9370506,7127711.08224,0.902158446631,10,
71,119.018976095,28.2007317,1090229802.79,0.492563910711,10,
72,119.035269105,385.793142,1181436.8046,7.40090249144,10,
73,119.035257461,123.561897,28420628.01,1.15226300389,10,
75,119.068436754,73.448157,4560135.17002,6.70654249448,10,
76,119.068468799,299.60049,43896533.6655,2.80334091379,10,
77,119.083340784,47.4725541,8061824.93858,1.66417766891,10,
78,120.003231519,36.3743295,2806188.73211,2.25593464774,10,
80,120.065516415,39.6589221,28170411.588,2.28847045387,10,
1294,223.107279645,275.169984,178726859.558,3.35405155431,1.0,[M+NH4]+
83,120.943005378,23.0851962,428821.168699,11.5438287638,10,
85,121.022994707,28.2007317,12147831.4076,1.70217900656,10,
86,121.039606955,69.899532,1754051.59031,8.45715944869,10,
88,121.077936939,160.186221,32993810.7697,2.54810632232,1.0,[M+NH4]+
92,122.924509193,35.1734211,14431978.9528,1.71722955452,2.0,[M+K]+
94,123.013813304,28.2007317,89990180.7071,9.31816288766,10,
96,123.050234821,28.433697,4553177.72347,6.53741999778,10,
97,123.055192901,46.0341426,43200037.9886,4.03802797985,10,
523,176.110689781,69.253848,6483838.9466,1.80214162531,1.0,[M+NH4]+
99,124.014617148,28.2768162,12202702.0125,8.23354218742,10,
104,125.011367359,28.2007317,15066896.0408,8.71681220787,10,
685,189.018651031,87.45444,81858448.9262,2.31892600126,2.0,[M+Na]+
106,125.036276708,64.498314,3337913.75693,1.76295608353,10,
2634,269.137973412,68.934717,2073684.77522,2.63353586235,1.0,[M+H]+
109,125.107283543,250.246968,24388261.6988,3.65913910633,10,
110,125.115341297,578.765088,211435.275107,14.8550254186,10,
111,126.000693437,638.21268,271729.912159,11.1367635264,10,
112,126.045801875,64.834872,1712171.98079,3.03284080473,10,
113,126.110653289,111.714042,85052.8244091,10.6874616672,10,
114,127.050122223,215.668713,12783797.2997,3.37110958842,10,
115,127.084174463,33.9706653,674814.217213,5.54766636472,10,
116,128.027973161,84.099906,674419.718594,4.03289431022,10,
117,128.031760548,36.9187599,1852747.92877,6.34378820902,10,
118,129.052095718,67.345629,7379591.00597,1.06833534313,10,
119,129.102123428,48.1019337,70721891.7734,2.08225149629,10,
232,146.16497931,30.6586779,33609754.8866,6.23204583671,1.0,[M+NH4]+
121,129.576018503,29.3719185,2395618.44718,4.59638325286,10,
122,129.594229524,27.8359233,1274979.29784,6.21392000052,10,
123,130.049713762,67.157334,62653703.4903,1.87033713158,10,
124,130.049757308,39.6253644,37720028.1981,2.14854391095,10,
8108,433.243884044,299.60049,4665017.50724,9.23445170977,1.0,[M+NH4]+
2466,264.170129552,333.01644,3028960.49183,2.49514007819,2.0,[M+K]+
127,130.932784035,29.0889849,1936553.20797,8.71989921018,10,
5376,344.945965242,29.140545,6439722.78975,1.93247562297,2.0,[M+K]+
129,130.981695331,1669.99248,746034517.282,6.34826663325,10,
132,132.044168978,299.444241,4448147.33217,5.00570252678,10,
1514,231.144684714,67.297026,7922820.2527,3.46139135891,1.0,[M+NH4]+
137,132.101721085,79.581891,18799791857.7,1.12999877561,1.0,[M+H]+
138,132.958151043,24.1482546,25002232.5212,8.38223376088,10,
140,133.034461778,28.2768162,700745717.51,1.08862695252,10,
143,133.097026482,31.026105,4633934.60265,6.84331536551,10,
144,133.998911024,28.2750387,10291306.278,4.11111505239,10,
147,134.108235644,79.581891,31140426.0906,1.63508336203,10,
148,134.117445716,41.544771,2236923.41231,2.06819999055,10,
149,134.957969928,28.2750387,3458128.83267,9.40134307855,10,
150,134.996289305,28.4621766,644732454.123,4.51891528532,10,
151,135.022027262,37.2809544,152949.351005,11.9632837173,10,
152,135.067646689,73.329972,3338481.27666,4.8682806765,10,
791,196.096495595,273.079602,47121261.524,3.46933107552,1.0,[M+H]+
723,191.178983035,1073.9595,76817658.9915,5.80998748717,1.0,[M+H]+
155,135.976950937,36.1547964,961815.981893,2.60779031279,10,
157,136.013972833,181.429974,113604324.574,1.39451082378,10,
159,136.030687442,61.354089,493594.091762,8.43333143471,10,
3266,287.116486645,45.9072447,2291894.82651,4.88502433639,2.0,[M+Na]+
3681,298.096180398,385.951584,555064577.198,4.09285125084,2.0,[M+K]+
2585,268.103519122,101.803383,154838777.921,3.72867350872,1.0,[M+H]+
1064,212.112439077,50.9398725,198920880.508,3.58986961137,1.0,[M+NH4]+
165,136.075478799,431.051343,65200737.6237,0.976339727623,1.0,[M+H]+
166,136.952951114,23.745666,9491840.50713,7.01038269208,1.0,[M+H]+
169,137.010960794,181.429974,1073985.32312,3.81360847955,10,
170,137.017302235,181.31601,6040277.35854,3.0058004454,10,
171,137.045552196,156.117099,84207706.5644,1.26427732836,10,
1077,213.09772323,70.51722,485418.678075,2.50063789987,1.0,[M+NH4]+
2627,269.087404127,123.63618,1271224608.2,3.35526483159,1.0,[M+H]+
175,137.075679124,73.448157,44947664.0857,173.406825641,10,
178,138.057878509,37.9983903,7363165.40651,4.67508631865,10,
180,138.107319696,28.0444791,2744839.32941,2.93452384065,10,
181,138.581133962,29.4019887,930094.551806,4.19178248513,10,
182,138.906242475,36.2476971,1513597.14737,2.61089039424,10,
2535,266.14725619,47.450271,8218400.92344,10.6593465233,1.0,[M+NH4]+
185,139.097666747,39.0406458,993391.354566,0.939658223094,10,
186,139.122737576,319.782684,17255190.7931,2.40184080771,10,
187,139.122725186,476.392362,3305663.89893,5.40987846928,10,
188,139.147864505,963.5367,1119229.54932,2.55299634839,10,
189,140.001595531,67.259394,208113.557818,11.3319005399,10,
190,140.049129758,299.703708,3738091.80867,3.2322708311,10,
191,140.067752316,47.1879867,38013135.8609,2.84481101188,10,
192,140.089737866,295.585488,440203.449994,10.7683400005,10,
193,140.126067045,320.005242,1418691.72024,2.1428114029,10,
194,140.903296348,36.2476971,1056150.61307,3.16249160103,10,
195,140.94883767,22.7608263,623661.996724,8.47888275188,10,
196,141.101959103,153.944307,26121880.1538,5.2696381399,1.0,[M+NH4]+
197,141.113195612,49.3843392,1075098.49088,6.80200520116,10,
198,142.043198201,94.315569,1113199.68501,2.51308650417,10,
199,142.047295731,38.4091134,5863084.09537,2.66564371148,10,
201,142.10544475,153.895308,1648409.24773,2.98878843892,10,
202,142.589304333,27.9619188,5915244.16858,0.84481191329,10,
203,142.900390926,36.0377676,143160.265418,8.9001969877,10,
205,142.938438335,34.2087303,5226267.37074,2.57996120296,10,
206,143.027219635,88.089318,1128873.78924,3.60188565072,10,
207,143.031217065,66.394938,5263885.05777,3.56146092893,10,
208,143.066357779,30.3942921,12972970.7151,2.78151527394,2.0,[M+Na]+
209,143.125810841,749.32959,220717.781202,10.6636904249,10,
210,144.01113432,438.540906,461537.381855,7.74267082422,10,
211,144.044145701,299.60049,13984746.2413,2.00523569003,10,
213,144.174422715,780.01524,50223211.8069,2.52528994524,10,
214,144.174446403,795.85809,13453275.4459,1.93169268404,10,
7481,412.196498332,765.30735,10449248.2119,6.98574704816,2.0,[M+K]+
2486,264.912391609,35.7070164,753202.248438,5.2519163042,2.0,[M+Na]+
664,187.007645128,1658.838,540430991.062,0.675880272482,1.0,[M+H]+
1145,217.096814058,448.152231,21049741.1113,0.887632272922,1.0,[M+H]+
223,146.026751368,171.044802,2370824.54844,2.06210330665,10,
225,146.034713617,72.692784,1360094.25715,8.61536071105,10,
729,192.068541085,353.22888,21946820.7793,2.03215170009,1.0,[M+H]+
1767,241.115414309,198.146394,868914.164451,8.28723438361,1.0,[M+H]+
230,146.092173208,45.9072447,1870793.85777,2.93136796534,10,
233,146.994133353,1708.10226,5156056.73191,14.2947312882,10,
234,147.013617301,28.2007317,86598820.8827,4.33981701449,10,
235,147.024856634,28.2768162,5848940.76022,1.42100713122,10,
236,147.046822017,69.824184,283835981.727,65.982129544,10,
2790,274.175543508,89.362014,48108251.3629,3.49288754965,1.0,[M+NH4]+
239,147.066316196,569.161716,1767198.96634,2.64394125879,10,
240,147.063071918,116.294544,157175.43599,7.30312262819,10,
241,147.073660779,33.5320401,87667441.9354,65.9417400313,10,
242,147.117187097,39.8762688,6798375.63837,1.01499404935,10,
243,147.168275453,30.8648748,2324067.30349,2.09410769222,10,
2317,260.094534696,73.173906,4746002.89303,4.82075989279,1.0,[M+NH4]+
245,148.060129208,40.5970515,50397423.5144,0.850903825945,10,
2261,258.10953388,40.5023886,1578359105.69,2.45399195301,2.0,[M+Na]+
247,148.09646888,41.5381155,8735441.70864,1.93927563048,10,
248,148.113653255,39.8762688,28600869.6366,0.877477197655,10,
4396,316.985573108,37.74843,546186.303373,12.0064640414,2.0,[M+Na]+
250,148.975570397,28.4621766,195434963.788,1.56157403708,10,
253,149.124687212,43.0995912,372108.833313,14.8203848817,10,
255,149.992571101,37.5628188,2493029.47604,4.78867476793,10,
1589,234.115361894,962.40768,158731074.269,2.15780464468,1.0,[M+H]+
1590,234.115390936,975.19851,46332951.8642,1.58124150122,1.0,[M+H]+
259,150.013563945,36.4904871,4051244.44928,2.59758431527,10,
263,150.076995284,549.250017,280889.786397,9.04315340766,10,
266,150.125038488,816.77337,1465559.18251,3.70215574172,10,
267,150.932088477,36.2476971,566258.270414,4.68987568662,10,
272,151.044907321,28.2768162,158200510.892,9.60933226981,10,
1407,227.174917168,254.579349,16988904.9187,2.04332387442,1.0,[M+NH4]+
3145,284.098374998,117.586671,45377070.6412,3.64388844523,1.0,[M+H]+
1762,241.089230807,215.991894,784529.205167,3.78499650429,1.0,[M+NH4]+
277,152.056432774,103.714914,9996085.39295,4.63012236092,10,
278,152.07033194,214.533897,363387150.606,3.01625552983,1.0,[M+H]+
279,152.104217729,717.99276,611003.261819,4.40768991228,10,
280,152.140701897,933.57123,20655469.7475,1.53488570628,10,
281,152.946901468,32.6137989,16132054.1064,3.59098456652,10,
283,153.006755268,28.2768162,66526684.5881,12.5342434858,10,
284,153.040157106,255.215409,386003.022265,7.88661466213,10,
285,153.060102857,65.267148,6746736.74943,21.4092534389,10,
287,153.100353473,129.017337,131661.516378,14.498472117,10,
289,153.950273323,32.6137989,238064.2915,11.047521349,10,
1262,222.096728125,43.7035533,36140940.6015,2.77893122938,1.0,[M+H]+
3183,285.082310102,181.31601,853724046.706,4.08672800101,1.0,[M+H]+
292,154.043854915,117.52701,70613.0526947,14.1440616336,10,
1986,249.095324666,38.4091134,100040505.093,1.66052097495,1.0,[M+H]+
294,154.066511403,69.196527,374046.144774,10.2542917604,10,
295,154.07197158,87.265212,294639.347434,5.14269109749,10,
296,154.077120899,214.694706,1045731.44108,14.4832071601,10,
299,154.158742326,721.60896,35183484.8861,0.903863492805,10,
301,154.158710211,706.32219,16355390.16,2.91744779006,10,
302,154.880085202,36.2476971,606288.2929,5.67722546244,10,
303,154.907104756,28.588548,2511886.9126,4.04707414066,10,
304,155.042462702,37.5628188,4204349.79346,3.99020504473,10,
305,155.055955221,123.58143,1024635.11953,3.10854401755,10,
1658,237.069287987,33.1260153,13302840.2366,2.78208866622,2.0,[M+Na]+
1890,246.033219078,33.3345744,1572923.62453,5.25805567584,1.0,[M+NH4]+
1741,240.131458268,35.5879464,1388922.40417,3.5826789739,1.0,[M+H]+
311,156.076548025,38.0966682,96372415.899,0.940742041337,10,
312,156.112790641,44.9416566,833048.144876,7.1025963229,10,
313,156.174444458,819.29976,18318720.5226,3.25722520742,10,
1642,236.131014785,1059.10302,122574601.521,0.737956092033,1.0,[M+H]+
1643,236.13100211,1034.13345,113331737.532,2.49706515598,1.0,[M+H]+
4983,332.899630626,35.7810543,524623.244346,10.8848714756,1.0,[M+H]+
1237,221.091616058,126.473676,34926849.4141,2.33489130247,1.0,[M+H]+
320,157.075897845,299.977872,3679318.38952,6.7582205853,10,
321,157.07576449,88.404726,1024925.63544,2.05196587876,10,
323,157.108203995,38.5030764,1442855.98906,6.64525773705,10,
325,158.036269361,58.534122,931848.370524,68.1646523352,10,
327,158.05979756,88.36725,2755086.71257,2.63156254356,10,
330,158.099853559,398.79465,100709.543163,6.38820118269,10,
331,158.128734699,39.6589221,1479897.66114,3.62139767888,10,
332,158.136568944,375.260262,148208.751686,8.27356532852,10,
333,158.58620842,92.851719,236967.696897,8.41556531977,10,
334,158.843508799,36.4486752,139753.176871,6.30724241312,10,
336,158.927548823,28.7773938,2471254.84367,9.36599674191,10,
6874,390.954681798,35.7070164,294447.769798,10.0291767204,2.0,[M+K]+
338,158.996170545,65.782059,4347127.89749,6.94583967813,10,
339,159.012841325,1656.38325,1492554792.87,7.64825753338,10,
340,159.027347451,155.371212,1550641.1599,8.43892050846,10,
341,159.026862652,123.47955,3484618.8744,4.90641393669,10,
1753,240.986964339,58.6386459,1048262.98604,3.91106893869,2.0,[M+K]+
347,159.084233663,53.4739065,527093.996952,8.57579546147,10,
348,159.091421113,67.968534,390320.990426,10.4767086145,10,
349,159.112549733,118.232109,59673730.4744,1.44686801981,10,
350,159.112450651,45.5935578,37334034.1039,2.45436386334,1.0,[M+NH4]+
352,159.997840206,36.2427375,84107.2979478,5.17420278107,10,
353,160.01273654,1656.50352,115285714.64,0.816991592245,10,
354,160.03662714,48.7106526,14106254.163,2.30465905876,10,
2808,275.069554089,299.60049,4874980.80059,2.42558226957,1.0,[M+NH4]+
357,160.112804119,118.052583,1306848.19278,155.323101461,10,
358,160.107800462,90.6453,951534.255935,3.18286502041,10,
359,160.132936076,438.126966,13163646.7877,1.16079832389,1.0,[M+H]+
360,160.180585263,30.3149436,5106568.20208,4.81271097034,10,
361,160.928686647,35.8250493,451763.958465,7.36011500629,10,
1657,237.063811578,56.9294964,1175845.44333,3.82443611763,1.0,[M+NH4]+
363,161.040497968,28.2025092,4466160.38025,2.02873893894,10,
365,161.091864506,112.06317,7841680.0035,3.10102549121,1.0,[M+H]+
366,161.095749452,1155.04518,61455349.0569,0.774562726659,10,
367,161.107057541,223.52484,188717.003644,10.7643751856,10,
368,161.128188543,37.4688564,9106465.41988,4.56036307077,10,
2287,259.099384466,955.74189,44344302.7414,2.62089814211,1.0,[M+H]+
371,161.132142414,873.08493,23313371.7054,0.788961781962,10,
3078,282.101989786,456.42279,291985.878947,10.1598329703,2.0,[M+Na]+
1343,225.086517183,82.713192,28031997.1109,5.61813269155,1.0,[M+NH4]+
374,162.057933614,127.991829,1579029.53804,7.60333142161,10,
376,162.075739679,50.9687982,143779530.55,2.11386671333,10,
4488,319.184126768,526.117692,16054224.6654,1.8916345484,1.0,[M+H]+
1780,242.060699775,827.58933,3280024.67477,4.29600652777,1.0,[M+H]+
380,162.112128757,40.2844887,1036688542.44,1.29461083878,10,
382,162.925713567,35.6229588,137676.787302,14.2184746253,10,
1137,216.950320641,28.8273579,197126356.858,5.97864138804,2.0,[M+Na]+
3189,285.105120661,88.087716,12182041.8956,4.08253436403,2.0,[M+K]+
385,163.038629512,1205.8047,37084024.4024,2.8495798484,10,
386,163.038614033,1397.35308,27224640.9902,3.04237569111,10,
387,163.061038406,73.004784,29872571.8052,2.57305252832,10,
389,163.089627687,506.670006,304041.944863,7.04119316085,10,
391,163.147791434,1065.46734,31545114.3193,2.61013284996,10,
392,163.147804619,921.31308,27082130.5672,4.0324242574,10,
393,164.029092675,38.0618016,5830519.15901,2.64656738844,10,
395,164.037313073,975.33348,1190115.97143,5.42489696963,10,
396,164.037299132,1019.823,283167.750189,4.0613361419,10,
398,164.056394888,104.184513,21924696.9287,1.14004033644,10,
400,164.073610616,129.500592,1958163.1804,5.5518872424,10,
402,164.083501342,718.82364,960882.360196,3.50788959858,10,
403,164.104170534,749.4909,1813064.37149,1.17884884273,10,
404,164.092591848,381.254886,117605.988462,14.4488207659,1.0,[M+NH4]+
405,164.09270832,171.044802,341572.171003,6.2007943678,10,
406,164.908951132,36.3220428,805180.696086,5.38903685191,10,
407,164.920356654,34.2087303,13259139.8062,1.90170626269,10,
409,165.060566111,28.2750387,34745823.5634,10.4070726681,10,
410,165.113309801,191.646576,1782105.73219,1.45785900214,10,
411,165.163535448,973.89465,26862620.2563,1.40031227331,10,
412,165.966365516,37.6848888,422743.648402,11.6859334709,10,
413,166.024815067,28.3816326,9001193.98233,4.4762232629,2.0,[M+K]+
416,166.080485559,719.06496,240495.371074,5.72071819178,10,
417,166.105218265,119.339394,446454.424498,8.47501012377,10,
3810,301.168266892,92.250972,19427523.5109,2.11868714621,1.0,[M+NH4]+
419,166.119890771,862.00395,6187764.08683,1.65713440662,10,
8315,441.214044288,68.460345,7129687.69814,5.16061342627,1.0,[M+NH4]+
421,166.158751584,976.44003,4683382.05509,0.843363433595,10,
422,166.618061127,27.7242492,1973967.01022,9.85784311857,10,
424,166.986120652,28.4316672,52673666.5902,11.8832832736,10,
425,167.012825485,21.8994978,3148140.86797,13.1603840802,10,
426,167.03105306,100.861602,236637.138368,9.27878850628,10,
427,167.031040745,377.840898,551055.924247,10.689541314,10,
1292,223.096153199,929.99514,20215357.8112,2.18230034715,1.0,[M+H]+
430,167.075428658,90.638955,328338.125278,6.74939508208,10,
433,167.12317548,861.89472,478478.287358,1.81022655149,10,
434,168.014458139,78.656124,2930677.74263,3.35133286312,10,
436,168.084534398,433.201164,144650.591171,11.6721538044,10,
437,168.101569741,566.599467,33825884.0649,0.48209409966,1.0,[M+NH4]+
904,203.1386526,160.186221,325613282.945,1.30326731484,1.0,[M+H]+
439,168.099103907,276.620481,1429287.38377,2.78842402201,10,
440,168.122740474,128.856336,18838398.6429,4.4877223886,1.0,[M+NH4]+
441,168.920755115,33.2031753,1228807.5388,2.32576738273,10,
442,168.995587072,32.8834254,4997484.83995,5.09681446634,10,
443,169.04649841,286.09023,2141870.29087,4.13582068213,10,
444,169.043366165,181.537254,1390057.67167,3.46055076473,10,
446,169.094548173,34.8492945,56828188.8122,2.07041013638,1.0,[M+H]+
451,170.026708909,241.64235,214668.894378,6.27822757787,10,
452,170.050149864,410.589042,116633.898994,5.22972831355,10,
455,170.064692119,461.682174,136508.379905,9.11127809232,10,
4483,319.168692329,66.08547,3360659.03889,4.3383425033,1.0,[M+NH4]+
683,188.127753038,578.774655,37582871.2768,1.20766224671,1.0,[M+H]+
458,170.189979198,895.26156,2736807.51689,4.43757657556,10,
462,171.016345845,37.3968573,873519.21997,12.6280066721,10,
463,171.05283316,34.8031143,290656.84506,8.34047017369,10,
464,171.04367617,214.949328,159753.272655,13.3553489413,1.0,[M+H]+
466,171.062196988,50.2503321,722241.947944,1.91041158835,10,
468,171.156884951,825.9882,156654.27366,8.77866109127,10,
469,171.960833677,33.24858,141335.620735,5.81393709028,10,
2767,273.968629423,438.244473,740240.464557,10.7601056838,2.0,[M+K]+
471,172.005863822,638.46348,1365358.78459,2.98146694877,10,
472,172.049579017,549.539586,121066.661766,12.2532708984,10,
473,172.07130858,152.619996,171033.877749,5.95438083887,10,
474,172.089963758,49.6781826,588165.909895,2.45486070865,10,
475,172.107826199,108.512424,299021.661514,12.6882707862,10,
476,172.132844884,588.438879,51837845.2726,5.10152695528,1.0,[M+NH4]+
477,172.169249297,1044.61257,36444566.8555,2.80334560981,1.0,[M+H]+
478,172.589190693,116.276331,181908.200714,4.79618153028,10,
479,172.851178269,36.3743295,473505.280955,1.44319536537,10,
481,173.011960958,144.189675,1163553.64756,3.63171494787,10,
482,173.02843312,1650.79434,3562721567.58,8.91135840551,10,
484,173.043119749,100.861602,250876.25039,6.63938738436,10,
486,173.091781587,51.1975221,29117834.3701,2.86230449197,10,
1196,219.133478283,145.892595,1206541902.39,2.56019956056,1.0,[M+H]+
2194,255.206144551,722.08338,7779818.11773,4.01005068437,1.0,[M+H]+
6093,366.201569483,596.228469,84763716.0351,2.3255522027,1.0,[M+NH4]+
491,173.164602069,913.16961,866537.279855,3.14388142566,10,
493,174.035882771,61.347183,1454509.83561,8.21505671245,10,
495,174.058099201,99.580104,2240412.88241,5.14663791664,10,
496,174.057992002,353.384766,1575776.83818,4.6238524724,10,
1478,230.042053379,53.7250194,1634340.7257,4.98153984435,2.0,[M+K]+
499,174.091291679,299.535606,2985236.19669,6.95121646989,10,
501,174.148534747,590.625348,5292785.08506,1.30229552857,1.0,[M+H]+
502,174.184936798,396.049086,8057589.18734,2.31037873427,10,
503,174.848722086,36.1547964,90734.8583206,13.3481898769,10,
504,174.886288454,34.2087303,438235.426761,2.93172939333,10,
506,174.968556632,66.199179,1546740.88051,1.67670892596,10,
1953,248.063576479,54.4133739,1337093.19913,3.86489163217,1.0,[M+NH4]+
8848,463.195853341,66.560775,1864865.55342,7.20459732789,2.0,[M+K]+
512,175.086277651,517.085562,5441295.99073,3.65346112356,1.0,[M+H]+
513,175.1154528,427.739034,239281.500647,6.66292346309,10,
5541,349.229922125,38.7217941,13970689.9384,6.63564898697,1.0,[M+NH4]+
515,175.122602397,305.832864,730227.173221,3.16991180568,10,
516,175.132622157,766.59753,1894965.27117,5.88865812834,1.0,[M+H]+
519,176.01379623,37.0453899,378229.635797,5.48664358258,10,
520,176.065406396,82.70904,3587286.01943,8.38810145721,10,
524,176.118059277,189.394824,609635.213062,6.94632579306,10,
525,176.140647307,962.28951,77849884.2109,1.76565063945,10,
526,176.140673837,975.03951,54782165.2733,0.602410054838,10,
527,176.135950657,766.59402,131431.506184,3.85690306266,10,
3502,293.152930957,45.7802412,5213060.06838,4.73209952083,2.0,[M+Na]+
529,176.606320194,88.415724,177617.280648,14.0735984813,10,
530,176.936960193,32.1129243,1400503.10288,51.8598091411,10,
531,176.983983312,57.0569538,2104239.14793,5.96362238913,10,
532,177.033451751,66.308154,4592171.9497,6.26836962206,10,
534,177.063174246,139.361175,681432.545556,8.38570189268,10,
535,177.099423416,405.79047,334379.47964,6.40984264921,10,
536,177.124288438,799.17771,2387028.87655,4.31423107676,10,
537,177.124529741,829.20276,6938409.24783,1.41371653053,10,
7337,407.219287614,897.6339,430921.152214,5.72217785715,2.0,[M+K]+
2950,279.063035716,982.62945,1494990696.48,1.6532724539,2.0,[M+Na]+
543,178.008479734,35.4987978,846408.911893,3.26495530523,10,
544,178.052941326,308.243748,94657.3786887,9.24547240314,10,
545,178.05829676,37.7832396,22354519.7028,2.39690300772,10,
546,178.098940429,852.12867,18791404.3522,0.764898135293,1.0,[M+H]+
547,178.111831368,139.121928,264894.950518,6.94524089456,10,
548,178.105198215,275.946342,472815.805376,3.16470060348,10,
550,178.133544008,356.429382,15525715.8151,3.43172611287,10,
1484,230.113111461,50.3087415,40804330.499,2.71292003063,2.0,[M+K]+
552,178.156034261,1034.46966,23052027.8081,9.60337728009,10,
553,178.156272907,1058.94408,64526608.6644,0.672630338616,10,
555,179.037330011,132.403215,204738.33821,5.21743698365,10,
556,179.039787363,28.2768162,22324339.0454,6.34715430851,10,
3260,287.059551567,56.8360158,308754.486142,4.48445536512,2.0,[M+Na]+
559,179.067152086,69.158022,212975.849992,7.58007749026,10,
560,179.084559245,260.648598,2749983.78534,2.14635232588,10,
561,179.08996527,38.0966682,9627893.11292,3.77844921281,10,
562,179.115061458,612.46335,280278.204139,4.37080852997,10,
5822,357.248916753,92.402937,253502719.725,4.16897119074,1.0,[M+NH4]+
2887,277.10753894,905.67303,7398930.94689,6.64199581588,1.0,[M+H]+
565,179.567362464,25.693725,4702902.46657,4.23563358802,10,
566,179.902484971,28.5140457,3599580.54986,2.50060640395,10,
568,180.062678255,367.465884,1068307.38382,4.43207673959,10,
569,180.087637842,145.638897,6722518.40278,3.38804723533,10,
570,180.087621416,311.548617,4623602.88232,0.323139961933,10,
571,180.086249877,40.251123,18519202.1695,1.77465857871,10,
572,180.095978844,852.12867,6042896.26959,1.0531446088,10,
573,180.135547142,959.71986,24375295.9782,1.20740975051,10,
574,180.135886811,56.5960302,5459459.09388,3.37331014392,1.0,[M+H]+
575,180.174263526,851.94129,45487777.6287,3.35327823349,10,
2325,260.130925958,1065.4449,44807988.0536,3.7255122128,1.0,[M+H]+
1843,244.190228683,992.62575,102565671.32,1.1159720899,1.0,[M+H]+
578,180.897800605,31.3922028,7205942.81336,26.5158885583,10,
579,181.001662258,28.2768162,41395493.41,10.0266570088,10,
580,181.012582748,58.22502,113776.920565,9.59845438592,10,
581,181.028630917,1618.10316,66723210.4294,9.6971820764,10,
582,181.037531145,67.040214,1099660.85424,14.6815028493,10,
583,181.046457703,375.854394,5770950.64703,2.00758830609,10,
584,181.07738252,38.3117685,416890.788646,4.67832971751,10,
586,181.090833399,311.474748,239321.82981,6.83272152848,10,
587,181.094421742,117.531162,16562018.7141,1.87701525378,10,
588,181.108019589,60.980715,20970861.8025,0.592307716011,10,
836,199.132546256,930.31479,49959707.0417,2.13133339616,1.0,[M+H]+
590,181.125579847,67.371522,804184.312151,5.17337393395,10,
591,181.169487483,856.17744,152450.404121,9.75796519226,1.0,[M+NH4]+
593,181.169558,479.114739,2215775.88883,2.47461595556,10,
595,181.902614974,28.5140457,6391731.44012,0.99078499761,10,
596,181.961378239,36.4486752,293726.666056,5.65218729838,10,
597,182.021010836,65.782059,1209537.59374,5.76663427675,10,
598,182.030033881,97.01001,510935.606131,2.26415251665,10,
599,182.050073766,376.175832,335218.698254,8.30622503015,10,
7356,408.125700669,42.1654269,7755875.3919,7.98685273217,1.0,[M+NH4]+
601,182.059795124,266.075352,720457.677701,1.47699187721,10,
602,182.078225897,267.334284,821702.909604,4.86655035582,10,
2470,264.195264488,574.575966,1537415.48564,3.76430018838,2.0,[M+Na]+
608,182.190015226,588.545031,35533666.8593,1.44434548482,10,
2397,262.146583389,1160.89644,6769565.1758,6.65414543103,1.0,[M+H]+
3776,300.195089897,922.28079,13210675.3598,6.37854452263,2.0,[M+K]+
611,182.181025191,851.80242,246857.96495,5.76854252023,10,
613,182.96183341,28.5140457,5358241.5,2.71867150956,10,
614,183.02416226,66.244095,1716241.58359,6.5199499753,10,
1106,215.048060177,518.550132,5143201.86486,2.07163510906,1.0,[M+H]+
3732,299.161107189,1040.50116,45913911.1892,3.98148299556,1.0,[M+NH4]+
2559,267.13336588,133.68684,78509284.4056,3.66497880807,1.0,[M+H]+
618,183.064943406,664.66251,5450026.6532,2.18590973861,2.0,[M+K]+
619,183.065124553,593.521464,401776.122215,6.84962910294,10,
3240,286.175477149,333.447444,69137347.4507,2.71043334309,1.0,[M+NH4]+
626,183.193377835,922.91433,278184.341201,7.51196833817,10,
627,183.61012938,129.845931,45170524.8086,0.971349093679,10,
628,183.911744863,2.94478896,1273826.96938,8.61256843671,10,
629,183.962682929,28.4640111,1185085.07807,5.74120268204,10,
630,184.005956066,366.55101,85927.2411003,12.8500010281,10,
632,184.0729887,40.1892063,22424302.3824,1.14708711497,10,
634,184.084915187,73.591032,35334923.0219,2.31188642158,10,
2523,266.039557846,827.37288,644981.979269,6.47552402257,2.0,[M+K]+
1214,220.117498444,230.019846,984851701.181,3.03325694135,1.0,[M+H]+
637,184.106580759,40.2495765,11529919.8357,3.20191398645,10,
638,184.89933142,35.5038888,102504.353013,3.15475053979,10,
639,184.959514815,28.5122112,1381944.81029,2.37371598258,10,
642,185.032025093,38.4091134,9843742.06754,0.836083846549,10,
646,185.114449605,673.32705,438829976.893,9.9363928113,2.0,[M+Na]+
647,185.172708678,917.54232,163942.745502,10.8237581858,10,
648,185.959571603,36.7448706,62219.721626,7.73337225057,10,
2197,255.958173089,438.244473,3217571.49248,0.707397099,2.0,[M+K]+
650,186.021690939,626.87172,125900.051008,14.8762974506,10,
5680,353.064784415,104.348664,793228.154553,8.92782085375,2.0,[M+K]+
653,186.065326627,718.5687,657308.408985,3.78848012383,10,
654,186.069196376,82.006524,353711.268954,9.94453983992,10,
3577,295.128249447,414.313848,503385906.499,3.052318696,1.0,[M+NH4]+
656,186.083098286,827.80578,236621.913813,13.1342645185,10,
657,186.101674337,925.74456,488680.360796,6.45148052096,10,
658,186.105660323,50.6319579,285399.503532,12.688294488,10,
659,186.105716607,96.705918,260797.407844,12.5918281979,10,
662,186.922336029,28.9037544,1548651.4724,8.00418446753,10,
663,186.931423433,33.2031753,820965.480396,6.84927778799,10,
3951,305.110114849,119.037429,867770.238621,6.32289889547,1.0,[M+H]+
668,187.107399767,58.6681839,606321412.762,3.63668744567,10,
2871,276.162231092,931.27278,14656455.7043,4.40534047987,1.0,[M+NH4]+
670,187.107312502,78.014286,61556862.5444,4.14781194105,10,
672,187.14373918,579.726456,5520425.0938,5.23214886719,10,
673,187.143773276,493.058298,16159722.2546,0.542790584448,10,
674,187.990381193,35.9158245,221963.099849,8.43298087528,10,
676,188.037288387,114.012675,1760463.60949,5.6213730212,10,
677,188.034848312,40.2844887,1298484.67318,6.48880855699,10,
678,188.062361094,718.62984,152649.795644,11.9164439708,10,
679,188.066205198,62.455587,565056.108703,13.2308092158,10,
922,204.068676867,452.501664,459487.315752,12.0847953646,1.0,[M+H]+
684,188.140605947,976.15173,1759111.73926,3.4467002298,10,
686,189.05196489,128.718615,1936957.21017,6.15275543765,10,
687,189.063210308,328.011747,182340.767008,12.2585173761,2.0,[M+K]+
691,189.109058874,1155.18867,416344688.833,7.32899758565,10,
692,189.123018217,149.40384,122888497.012,2.38018768252,10,
693,189.122962276,167.727159,309260616.032,2.52386772992,1.0,[M+NH4]+
694,189.159406263,38.4091134,23502143.4685,2.9944157561,10,
695,189.167546731,725.98062,136430.568038,10.878485394,10,
702,190.089291736,490.835814,2546500.95507,4.9810029362,10,
2423,263.123247596,88.049745,11629038.905,5.32658237501,2.0,[M+K]+
704,190.120216893,167.567478,1864117.41664,6.10044085629,10,
707,190.587184983,27.2614794,4614293.7781,5.08919436357,10,
709,190.988497607,28.4621766,8044795.75237,4.77201821396,10,
1652,237.027675122,66.345282,2236989.67501,8.59151607985,1.0,[M+H]+
712,191.039973629,37.9983903,27164620.0639,1.19050339184,10,
713,191.048129857,53.4085314,387199.131825,8.16131148748,10,
715,191.078757827,252.504411,744693.359438,9.6703436947,10,
716,191.078732758,218.258649,274684.79811,11.8932082906,10,
717,191.084500123,65.927343,285069.116957,9.35939073116,10,
719,191.102282599,89.043384,1207837.12935,5.21798848306,10,
720,191.115169859,593.831283,1866105.32354,2.83246437744,10,
721,191.124635671,1155.36081,2592974811.28,11.2200815189,10,
722,191.163735638,884.24121,36869844.7641,1.67598321088,1.0,[M+H]+
724,191.9891531,28.5140457,1775456.59531,4.35130005014,10,
725,192.023970197,37.083774,2869349.63688,0.870961056455,10,
1012,209.091741465,182.265693,16835522.7956,3.07463757373,1.0,[M+NH4]+
728,192.068389228,75.204099,2830589.62044,3.97746317477,10,
731,192.09902409,770.4798,2246905.78298,1.69740582856,10,
733,192.10527123,88.648398,126197.097948,14.2439396978,10,
734,192.120478629,39.965331,936067.581317,1.02578689203,10,
736,192.15914395,53.465757,7047398.21309,2.49783013045,10,
3363,289.185281834,964.69674,879170.777801,12.7313865357,2.0,[M+K]+
738,192.195487065,877.59732,142103.38733,7.23519260084,10,
739,192.629153757,116.255034,251421.381842,11.2607543087,10,
741,193.001599763,54.4406856,4079361.68378,4.32998663219,10,
742,192.998407952,37.1205804,2134794.56262,4.25607891374,10,
2712,272.033544632,624.53781,4306469.19869,3.6570804722,1.0,[M+NH4]+
744,193.055384472,66.523335,3824746.42587,5.50212597349,10,
746,193.068609209,182.486634,169827.261167,14.6290501317,10,
747,193.086068838,706.48362,3886622.02567,0.934856968556,10,
748,193.1026526,770.14692,134361.651623,6.6596087632,10,
749,193.108180401,90.6453,353184.939942,1.38335905045,10,
750,193.119214866,533.954316,233308.899187,5.68687556986,10,
751,193.130846586,727.85115,29243307.8587,13.6828044261,1.0,[M+NH4]+
752,193.162419836,53.465757,585125.932253,4.1436927915,10,
753,193.162619717,766.60104,123232.910396,1.7429545758,10,
754,193.633048763,98.621916,14443284.5625,2.56941625201,10,
755,193.987969325,438.244473,7519708.87407,3.3798572519,10,
3069,282.034551196,35.093358,2283284.93949,9.26914952338,1.0,[M+H]+
758,194.02022284,624.45486,104248.337702,10.3243567187,10,
760,194.066956587,285.291297,1616375.22127,4.86445555482,10,
762,194.066106344,60.389778,531201.705008,10.4716001517,1.0,[M+NH4]+
765,194.153604871,554.685387,6524478.65093,3.07901570751,10,
1067,212.164072411,806.95008,7359935.86755,1.4983904355,1.0,[M+H]+
768,194.928066612,35.5879464,525045.213897,5.43966356412,10,
770,194.991291184,438.357282,387153.829033,7.67280065987,10,
772,195.005004202,68.460345,1027316.04257,9.97249123479,10,
773,195.025348659,86.520276,433631.502629,3.4222944255,10,
775,195.073721697,312.909372,123966.049005,9.8381709171,10,
776,195.101227286,1062.48126,34055660.1479,6.82501818369,10,
777,195.11006097,254.420286,233121.28256,11.8386511619,10,
778,195.114175205,948.45975,24270423.8493,9.31777893783,1.0,[M+NH4]+
3921,304.186104652,189.069822,67352854.2735,3.47285058303,1.0,[M+NH4]+
2498,265.078950398,216.476955,12999509.4906,7.85475248375,2.0,[M+K]+
781,195.146551853,913.19574,87017.6451579,9.42644867802,10,
784,195.977167942,38.0618016,381694.735125,10.5204850007,10,
785,196.006485475,35.8250493,92470.1480508,4.44667434813,10,
787,196.063446113,962.07078,854574.761364,6.64251059289,10,
788,196.061785159,45.5653242,6742548.33856,51.3325836469,10,
2863,276.133805812,427.623156,1910547.26373,2.37525816392,1.0,[M+H]+
790,196.094051975,486.174675,7082762.6005,2.80289024862,10,
792,196.0940513,237.13809,383377.228658,2.64342027299,10,
793,196.122026338,96.3747,11728128.1439,11.902657302,10,
795,196.166610442,941.06946,312227.295455,11.7643913737,10,
796,196.868216423,34.2087303,3771674.30289,1.81753234595,10,
2686,271.089345578,407.128026,444408.563419,7.78401753679,1.0,[M+NH4]+
800,197.039765893,66.66234,1426709.58834,5.90842104797,10,
804,197.100604556,38.0966682,110829185.106,2.67605299301,10,
810,197.150700031,963.72021,25233325.8212,0.801668326139,10,
811,198.060910049,31.9779852,927633.04331,5.16735904462,10,
812,198.062118243,54.5415195,1037522.46934,9.68676676476,10,
813,198.05460927,110.420916,283268.065414,1.47832612749,10,
814,198.073331547,391.380087,435558.163605,9.72377195286,10,
2084,252.131256284,155.170812,1654286.02736,2.63675844531,1.0,[M+H]+
818,198.088627842,43.4198028,9447009.83181,2.97625075291,10,
820,198.109549188,126.452331,687808.450993,12.5410573646,10,
821,198.11775533,68.91828,991450.441219,9.197944269,10,
827,198.939521476,28.8273579,19280586.3435,7.87608833437,10,
829,199.05177994,835.60989,526012.053006,7.36695404736,1.0,[M+NH4]+
830,199.053129641,196.166946,161001.70956,12.5825949908,10,
831,199.060124132,961.51299,787101.10281,6.90810860938,10,
2113,253.092523656,156.111372,6545592.37563,3.15327546042,1.0,[M+H]+
833,199.068643501,38.4091134,992153.496073,6.09473781061,10,
834,199.090964268,379.94814,113079.388426,14.0925026273,10,
3923,304.172362819,41.4083832,824418.624206,9.0352853671,1.0,[M+NH4]+
837,199.151804876,825.9882,659565.939775,4.56992689253,10,
838,199.188187846,992.44734,2917481.67805,1.76026297479,10,
840,199.949455484,24.808632,79995.9473809,14.5832573711,10,
841,199.990430159,35.4987978,949984.010868,2.08328043914,10,
842,200.040287144,37.5628188,21305662.8061,2.0011471622,10,
843,200.031644871,51.0685137,857881.323595,8.62337901911,10,
844,200.073566563,795.69666,1040068.36991,3.36115304542,10,
846,200.070282827,266.218539,2893819.93048,2.16435536228,10,
847,200.088793335,404.01759,683436.976065,6.83704604238,10,
849,200.084947283,107.54967,314259.743097,10.3765531636,10,
850,200.104163351,955.3491,586310.738799,2.50593168783,10,
851,200.139023873,498.498306,5619982.4336,2.54267088095,10,
853,200.200502567,1160.10657,105029527.576,2.77658260834,1.0,[M+NH4]+
854,200.572843467,353.394126,362282.009632,8.15369528393,10,
855,200.580591049,425.046168,151622.559177,7.27801948553,10,
857,200.876798954,35.8250493,261461.127751,2.39936667017,10,
858,200.91265517,28.5903825,8391473.73857,3.67358456095,10,
859,200.954405532,214.856145,277186.808894,7.53639743792,10,
860,200.972746137,28.5140457,20296088.2197,10.5415081216,10,
5524,349.149898448,309.934869,14917271.5284,6.20959428169,1.0,[M+NH4]+
862,201.048537399,835.37097,91506.9193492,14.8751989602,10,
863,201.060517247,28.0986438,1362932.60047,9.99633476228,10,
864,201.079419411,899.49696,145757.222407,7.65964519,10,
865,201.073031465,144.919428,5156304.35572,3.18929303396,10,
867,201.109403705,400.23327,1230106.61826,6.46149938937,10,
869,201.648605701,112.647738,238700.996887,7.30325803793,10,
870,201.9733557,28.5140457,4568329.33394,9.56131898016,10,
871,202.005918692,37.5628188,694786.277194,9.45804206768,10,
872,202.016509288,366.55101,582070.516214,4.97340098844,10,
873,202.022937193,66.38241,1617630.60174,5.29348682996,10,
5575,350.173581197,228.751719,48044828.061,7.77019928636,1.0,[M+NH4]+
876,202.068184874,37.8765741,5578732.65283,5.50139183592,10,
877,202.083488624,199.286517,251408.644137,8.43293986587,10,
878,202.085870015,583.106334,371946.406511,9.56649399434,10,
5565,350.125209169,439.734468,5185298.28687,8.564700085,2.0,[M+K]+
881,202.154748989,92.239821,2551989.19532,2.71787382184,10,
4530,320.191836527,43.6422669,887523.615594,8.1358930478,1.0,[M+H]+
883,202.156216882,1065.28653,76414470.5824,0.238637055535,10,
884,202.179705506,71.138934,31210303.9212,2.21465368379,10,
885,202.207234695,1159.9485,487310.528132,12.935778842,10,
886,202.873815786,35.7070164,157100.830614,13.1854600789,10,
887,202.952156893,215.016582,340231.740276,5.92486653321,10,
888,203.006800115,33.573888,318404.778442,5.03605927956,10,
889,203.034362445,87.780282,1510478.8806,3.5644171409,10,
891,203.070118143,31.7714577,2560272.81379,4.92919702107,10,
893,203.080957731,299.535606,4253825.00185,12.3123425812,10,
895,203.081056311,88.404726,645450.190195,3.19489282347,10,
896,203.102249163,49.49052,112553452.5,3.78186413159,10,
3548,294.205683048,1155.04518,80478484.2387,2.99608794962,1.0,[M+NH4]+
899,203.110048676,100.864794,361452.774742,9.85080276412,10,
900,203.112411421,755.2929,448675.566519,13.2113215834,10,
902,203.117612054,712.69212,122707.757978,11.5352318878,10,
905,203.146766866,40.6597647,81538067.8014,64.9443219566,10,
906,203.138703315,136.259148,180974495.379,3.47601185831,10,
907,203.15807558,92.200059,203278.259419,8.02942355678,10,
908,203.163814075,964.4757,5079126.72233,4.39587627735,1.0,[M+H]+
912,203.219580999,891.71577,613327.064484,2.8225349293,10,
914,204.03627083,353.069508,1275272.37919,3.68099327476,10,
1166,218.069632134,261.922914,2562784.33246,4.79598533656,1.0,[M+H]+
919,204.062817404,242.292405,9687454.17304,6.38646045925,10,
4035,307.121568932,153.25722,2275417.84976,5.24411134922,1.0,[M+NH4]+
921,204.062804921,408.093396,94237.5996496,6.43373785861,10,
924,204.097436039,276.611886,142830.045339,13.8852725593,10,
925,204.105004109,677.47575,2704071.53637,3.18146974241,10,
927,204.107198453,899.00502,1012647.34195,5.00257815963,10,
928,204.122684048,56.3004336,3101428426.0,2.74616574709,1.0,[M+H]+
929,204.134489632,89.362014,180652.466115,2.76590903434,10,
930,204.141916948,77.662842,12960011.1572,2.22457257863,10,
934,204.17191194,1160.89644,11807037.3671,3.16838618721,10,
935,204.178464315,261.604473,118878.804933,13.465168996,10,
937,204.562777926,274.848672,624705.848843,9.48623199898,10,
938,204.932982929,29.008758,2168234.68782,2.98792335901,10,
946,205.060405962,577.479456,514987.507056,4.97981159466,10,
947,205.103977018,1015.05048,357874640.775,6.18914916262,10,
949,205.108270576,677.38026,193632.437157,5.97296178388,10,
951,205.117842185,309.612435,1319371.54874,7.37840131612,10,
952,205.121960728,1077.75198,42140575.4169,3.43823512279,10,
2762,273.191515621,427.794033,633259.707131,6.46832622904,1.0,[M+H]+
954,205.117791562,372.869886,68627.0594896,10.3533898116,10,
955,205.130648011,728.17368,609730.876935,6.63240475629,10,
956,205.137396493,29.605374,1119505.13236,6.88529855312,10,
957,205.155817156,973.68288,667370.213075,8.0334641069,10,
958,205.609112902,132.911493,442988.925756,10.1663435913,10,
960,206.004878047,28.4621766,1360626.068,9.95396886437,10,
961,206.015462249,61.362462,771269.84306,13.3593073439,10,
962,206.039534281,50.8111704,415459.232277,3.53196727515,10,
963,206.042064668,407.243784,1984257.33992,1.9008304641,10,
964,206.054922737,37.7832396,1300432.58483,5.04301948076,10,
2820,275.141781148,522.231258,15915560.768,3.94798486264,2.0,[M+Na]+
966,206.07838517,426.021351,475063.644146,5.99915852818,10,
967,206.084226144,169.65435,2210969.68157,3.26193118014,10,
968,206.084244504,473.833371,246442.547743,6.35679864517,10,
969,206.097085388,299.60049,210306109.994,165.097928878,10,
971,206.128645657,283.538418,1047365.65825,5.89147397447,10,
972,206.12857204,237.014598,901968.808618,11.5143098847,10,
10837,560.339156082,1034.44137,495448.249149,2.0021588627,1.0,[M+NH4]+
974,206.612778624,63.222906,299614.896715,9.18113858401,10,
976,206.893609607,36.1547964,2363514.31846,2.98707643842,10,
977,206.941860526,33.8426169,577753.98358,3.48261048296,10,
3335,288.955077707,28.8273579,4720220.45991,4.97322574796,2.0,[M+K]+
1982,249.022894927,624.53781,682721.230658,11.694781448,1.0,[M+H]+
981,207.035115602,36.1118709,255970.520179,5.22979372503,10,
983,207.064931759,857.36298,268442.175821,11.4683238949,10,
984,207.07944698,85.563318,37542252.7219,3.69343011218,1.0,[M+NH4]+
985,207.071070693,66.69978,617729.612214,5.25922111275,10,
986,207.079407819,309.535758,221897.813583,10.8773421788,10,
987,207.081863823,522.510066,112797.395963,10.853291909,10,
988,207.103456552,299.288118,28484317.4803,2.01533888665,10,
990,207.591930227,114.632916,443635.430132,7.28621302093,10,
992,207.997884911,36.7922058,943010.928371,9.3252121565,10,
993,208.017148883,37.8765741,534881.039936,7.38143308947,10,
996,208.071031728,54.4406856,504312.305329,9.50173720955,10,
3867,303.115199566,373.292073,1420030.95261,5.73017589526,2.0,[M+K]+
998,208.099774921,816.61251,6165741.91829,1.93802543278,1.0,[M+H]+
999,208.107629872,127.969236,1114345.70531,5.37610870224,10,
1000,208.127373709,1033.5234,308689.365017,14.9503099731,10,
1001,208.130410631,666.91887,13176724.3042,1.4574808873,10,
1002,208.890640922,36.2476971,1527933.34024,4.14319097222,10,
1003,208.972115914,36.3743295,237094.518774,13.7174123629,2.0,[M+Na]+
1004,209.011980662,37.7832396,638015.092254,4.00113425558,2.0,[M+Na]+
1007,209.063464223,83.038383,649465.07367,6.35118130114,10,
1009,209.05931871,1006.14087,1672052.60644,3.90110835181,10,
1010,209.06552515,624.38331,2981746.96206,4.79860387785,10,
1011,209.07518105,85.878348,1319926.25826,4.24898685403,10,
1013,209.089122906,61.033128,32974448.6551,1.38674202037,10,
1014,209.09725172,372.927756,147088.998326,11.9815527129,10,
2511,265.154115864,404.501091,135729176.89,3.65215306849,1.0,[M+H]+
1016,209.128148265,190.457916,116258579.6,2.3806063274,1.0,[M+NH4]+
1381,226.154569393,108.00645,50927575.5111,2.70735587452,1.0,[M+NH4]+
1018,209.151044971,883.55331,2972696.44879,8.48632570627,10,
1019,209.18958228,1063.70388,34418458.4215,1.71752497158,10,
2167,254.218889323,1102.5564,5934112.44702,5.11326476168,1.0,[M+NH4]+
1793,242.554986263,24.8818782,127965.805543,9.05607040363,1.0,[M+NH4]+
1022,209.585810069,425.106525,184652.506584,10.3552007157,10,
1023,209.589337876,138.514776,2040567.19532,5.75155657773,10,
5161,337.623705073,69.24444,429405.80244,6.1749850338,2.0,[M+K]+
1026,210.091228119,138.149442,346095.21803,5.18970639837,10,
1028,210.095691691,816.75072,178402.743771,10.7850066862,10,
8765,460.122828307,80.839161,2030698.41402,13.7885098467,2.0,[M+K]+
1031,210.113924217,41.8516812,2701832.56924,2.12928272059,10,
1032,210.115500271,933.82188,48610614.4182,2.22065423149,1.0,[M+H]+
1033,210.129027172,403.931712,259979.782327,8.41646967357,10,
1036,210.14603482,725.91645,8544342.33376,1.2165361935,10,
1037,210.146022288,913.80084,1359676.24945,2.23545093404,10,
1038,210.145895503,865.02354,312683.650071,2.98258180706,10,
1039,210.887641732,36.1168305,217270.637487,9.31375175691,10,
1043,211.053671875,32.0578176,3485774.40811,2.99523843273,10,
1044,211.057335235,95.413236,258986.794131,10.2457204029,10,
1045,211.070908129,248.634969,210013.180603,8.05171958092,10,
1046,211.09017706,38.7217941,1748124.24481,5.75741657695,10,
6055,365.131613716,651.87531,823552.939131,7.24606221571,2.0,[M+Na]+
1050,211.110895743,1137.88536,167897.334727,5.09796786944,10,
3015,280.15732423,210.168207,45053761.4761,10.3163985399,2.0,[M+Na]+
3540,294.117745813,63.867501,24512144.5505,5.4045254927,2.0,[M+Na]+
1055,211.60696012,241.601604,176182.642799,12.9278995109,10,
1056,212.054441655,32.0077635,241643.585003,12.0815588766,10,
1057,212.048462143,140.291655,124299.502659,14.7735706678,10,
1058,212.067750532,850.8837,508002.392806,3.63584603811,10,
1059,212.07745339,100.18536,1419458.53047,6.04325672225,10,
1060,212.076436754,60.435522,805424.343323,3.99727483677,10,
1061,212.088957353,494.328126,171243.430057,5.26766498051,10,
1065,212.14890194,264.785976,3829925.75727,3.97668200254,10,
1066,212.14294985,1210.49487,12013395.6796,6.84891296218,10,
1068,212.200538773,1002.01722,2007758.56143,5.01675390395,10,
1069,212.6172001,101.010324,196280.562793,10.0727989285,10,
1070,212.842093612,33.9742554,589859.642746,6.2822372515,10,
1072,212.935641581,26.9500122,1592960.33975,3.32179461953,10,
1073,213.051222535,32.2959801,418409.035475,12.3214951619,10,
1074,213.06326323,408.694161,370563.628348,9.76405406751,10,
1079,213.126925795,1069.71579,3059443.30904,1.49585713394,10,
3202,285.16888099,959.84994,3746475.00313,5.15460461208,1.0,[M+H]+
1081,213.12304193,71.680644,20570285.588,4.37299616509,10,
1084,213.203927547,1002.14313,168615.279173,14.9071865943,10,
2311,259.991157757,215.016582,7846575.37082,4.13029091752,1.0,[M+H]+
1087,214.005883408,36.8240565,2326422.79593,1.59829388685,10,
1088,214.03843305,32.13525,349770.965043,4.26839485653,10,
1091,214.078231748,353.389446,3463156.57429,5.15716894809,10,
1092,214.076326658,436.933032,1877590.17052,3.13130698359,10,
1094,214.08121565,770.46954,104439.824444,11.4936602537,10,
1095,214.096497286,954.0963,302751.473621,6.73359361907,10,
1096,214.110953917,934.52418,1188728.95994,10.2668090372,10,
1097,214.130253403,1069.55967,349320.698212,5.81917987224,10,
1099,214.151410026,930.13557,909320.676258,7.95464449924,10,
1101,214.646577874,171.982008,188339593.49,4.00595136794,1.0,[M+H]+
1102,214.835809877,36.1118709,429893.798317,7.13100669564,2.0,[M+K]+
1103,214.917187475,28.8273579,54101590.9026,7.69118495617,10,
1105,215.002514216,66.394938,2199631.08039,3.6266864034,10,
4239,313.120994007,184.345701,2594971.57583,4.90856846643,1.0,[M+H]+
1109,215.087449574,31.8485796,14117961.8029,2.98269688563,10,
3309,288.154682773,61.788018,74612075.4025,3.64362773147,1.0,[M+H]+
4111,309.191461839,79.744728,2980852.30353,9.00123329147,2.0,[M+Na]+
1112,215.138628647,270.542226,46649506.2812,1.80678500692,10,
1113,215.183161848,925.56636,864079.860651,2.40027940584,10,
1114,215.58154859,430.955274,172563.695716,12.4263067758,10,
1115,215.964323848,35.4541149,400894.314744,9.10270958197,10,
1925,247.019953832,638.37243,13325954.5658,4.72531324205,1.0,[M+NH4]+
1117,215.988883893,28.4621766,3030329.37399,8.04893844822,10,
1119,216.01425743,37.5628188,10316983.5261,1.02198002956,10,
1121,216.051437594,518.421444,243970.012332,10.8758312109,10,
2956,279.097263053,110.585646,2153598.03256,2.28411164187,1.0,[M+H]+
1123,216.075440481,151.816848,174374.644226,11.6570469993,10,
1125,216.079687884,49.6781826,32330487.6374,5.48934344095,10,
1126,216.087921901,32.0578176,1166794.47936,5.8225674147,10,
1127,216.094363883,587.425092,874762.967281,11.1811929078,10,
1128,216.101624073,797.38878,711465.463142,3.22143581268,10,
1831,244.107752722,310.011114,947601.651518,3.49875235646,1.0,[M+H]+
1131,216.159067552,826.08744,10334071.0137,2.06120660975,1.0,[M+H]+
1132,216.170414505,97.327449,443035.500357,10.4981301523,10,
1133,216.195402586,927.74979,18757775.9381,3.07761475194,1.0,[M+H]+
1134,216.562643352,171.688812,674104.548458,6.77636009457,10,
1135,216.597317754,114.366054,1204987.13963,3.60557414969,10,
1136,216.922421073,36.2476971,16211914.5003,2.56794418877,10,
1140,217.080867071,839.82456,456054.862328,8.59934113203,10,
1141,217.085421935,129.040428,682925.656434,10.6313743197,10,
2860,276.128024374,264.522294,436978.310365,1.5141736681,1.0,[M+NH4]+
1147,217.117869842,61.473708,195764186.857,3.90979885753,10,
1149,217.136659102,185.150826,88394.9676944,2.69816501442,10,
1152,217.162571487,992.78424,356462.25829,3.59321711963,10,
1154,217.586789015,64.84203,432613.001091,13.6493791289,10,
1155,217.623164857,139.806276,126222.280658,10.7554038523,10,
1158,217.973707349,638.46348,240476.940678,13.0688798717,10,
1159,217.979791791,37.5556692,457359.662441,13.3776695163,10,
1161,218.047874098,94.791327,4274013.39421,4.00152236558,10,
1162,218.051817259,353.22888,493133.09792,5.99192120089,10,
1163,218.04227814,37.720146,2765043.31573,1.34706695999,10,
1167,218.075946275,427.643034,146630.267582,8.93058653321,10,
1168,218.084114406,645.6396,665246.568949,1.92826516268,10,
4697,325.192156993,235.52646,2264478.03684,1.80557895509,1.0,[M+NH4]+
1172,218.114679755,661.08468,278582.499886,7.02553508195,10,
1173,218.120572123,827.94396,4201093.583,3.15681908772,10,
1174,218.138335862,103.719984,1109341494.23,3.00022616124,1.0,[M+H]+
1175,218.530159878,106.263111,956852.598889,4.06619898417,10,
6415,376.160741525,267.174786,2802282.80969,11.5694978167,1.0,[M+H]+
1177,218.910149996,28.8273579,2133512.54808,8.80996098523,10,
1179,218.982082392,65.782059,1571333.25246,12.0576355483,10,
1180,218.983296626,28.5140457,220772354.085,1.2341729628,10,
1182,219.026193032,39.0342423,8905628.72188,4.53417889833,10,
1184,219.047086233,916.42008,42337304.272,6.88726155832,10,
1186,219.076023307,452.59611,141038.743439,2.66493048316,10,
1189,219.09874616,651.77703,35674932.9426,1.20652999968,2.0,[M+Na]+
1190,219.098780673,608.92422,11603094.4575,2.40503613139,10,
1192,219.110063104,561.14133,231311.132036,7.56611594489,10,
1193,219.128632718,236.267526,50326617.2113,3.76354958798,10,
1194,219.123961857,827.70342,390282.441211,5.24255716141,10,
3774,300.191109193,127.009998,6577858.80079,4.08881744528,1.0,[M+NH4]+
8631,453.269646821,840.31131,1133047.14246,7.09774481906,2.0,[M+K]+
7154,400.208615098,846.7899,32759864.4946,3.93705618323,1.0,[M+H]+
1202,219.581464157,813.08646,1019708.11566,6.25902041478,10,
1203,219.983911285,28.5140457,52857261.4484,1.46470133458,10,
1205,220.03676923,242.455344,166564.004122,3.98122834252,10,
1206,220.030584661,61.347183,696442.480707,8.73248541192,10,
1207,220.045104893,214.694706,4433619.268,0.827077455376,10,
1209,220.099216377,656.54697,3730487.44944,8.1969807525,10,
1210,220.099604327,766.58154,192805.009586,6.36018024367,10,
1212,220.099982133,347.286756,268708.43396,6.98507365582,10,
1213,220.107802657,189.557322,708052.810407,2.81335222704,10,
4968,332.217250499,317.683872,34108216.8473,3.12960248457,1.0,[M+NH4]+
1217,220.169263849,715.02426,5426842.30065,13.4239221529,10,
1673,237.195601241,787.13409,10308903.8432,4.45872299882,1.0,[M+NH4]+
1220,220.597996224,846.95184,138923.736944,11.3225488634,10,
1222,220.957407665,33.7670775,557188.381035,6.57757001541,10,
1224,220.99750344,123.63618,4032763.97584,2.16755541783,10,
1225,221.011668881,630.5175,951110.950764,6.13709812577,10,
2649,270.018001487,407.593281,883572.229964,7.7541019184,1.0,[M+NH4]+
1227,221.050189022,66.364962,796098.746563,4.01832896641,10,
1228,221.050479184,37.4688564,642321.28952,11.1608534054,10,
1229,221.058672937,129.500592,646241.725914,4.32546091668,10,
1230,221.091702571,247.340652,14760062.357,9.57256022837,10,
1231,221.08031814,675.87792,527787.102658,8.92360133416,10,
1232,221.09111273,300.06912,4344411.86493,12.6863430363,10,
4172,311.123061577,220.366644,521856652.934,4.74246808808,1.0,[M+NH4]+
1234,221.089316518,203.670948,3707136.01883,10.6213051102,10,
1235,221.08612451,321.717684,1448612.32823,2.70268983154,2.0,[M+K]+
1238,221.093486533,87.892719,16665048.5438,11.0427753861,10,
3731,299.161107505,1113.05955,134796349.638,2.69969250237,1.0,[M+NH4]+
1244,221.15074622,1170.57993,4417835.59476,5.58009831271,10,
3802,301.107345032,921.47313,44136434.5861,3.63798170164,1.0,[M+H]+
5117,336.181585599,41.7579564,2184713.88975,6.00295427768,1.0,[M+NH4]+
1247,221.200834251,759.34053,5148152.13879,3.51255158971,1.0,[M+H]+
1248,221.587901444,321.717684,196079.280024,12.4702618588,10,
1249,221.627878657,68.302095,2619128.32654,4.63425110149,10,
1250,221.641799608,235.460094,59010741.0166,3.19511025591,10,
1251,221.641863126,89.378778,23061150.69,5.01616605842,1.0,[M+H]+
1252,221.654338883,153.306873,1846997.94697,5.54413592492,1.0,[M+NH4]+
1255,221.981861794,54.448776,2722850.73533,4.36559059257,10,
1256,222.028793501,37.7832396,736141.733144,7.76843053097,10,
1257,222.04275989,214.306836,561767.053834,4.04147086555,10,
1258,222.073274583,218.582517,1016575.92537,5.39324199786,10,
1259,222.067667063,435.971034,242347.917474,11.0974654899,10,
1261,222.094417116,88.406571,2060696.01465,6.23572103697,10,
8099,433.203056482,45.8479578,12249955.7752,14.4585259153,1.0,[M+NH4]+
1268,222.141295747,145.873686,744018.764387,6.00803022623,10,
1269,222.146044303,835.04742,23042292.4246,2.11042293815,2.0,[M+Na]+
1270,222.145972915,783.28731,7098403.2647,2.51835949434,10,
1271,222.146037938,754.66077,10887108.0942,2.10154587903,10,
1273,222.169542472,879.10452,2389375.79205,4.25892637569,1.0,[M+NH4]+
1276,222.562655028,375.052452,1796786.47774,3.9324090182,10,
1277,222.591552615,153.306873,733278.166171,12.7253983825,10,
1278,222.867464677,36.4486752,3225955.16695,2.08413529411,10,
1280,222.996895265,309.612435,254602.507453,14.3733956666,10,
1281,222.994143828,87.469902,6965345.43849,2.1634483898,10,
1283,223.020147479,86.512407,11223723.4423,2.49251209626,10,
1284,223.013371747,35.9158245,89642.8881976,10.9360562396,10,
2682,271.05730371,33.251361,531800.168798,10.5581128654,2.0,[M+Na]+
1287,223.057368816,344.68413,2288916.59501,1.42055564319,10,
1288,223.091697418,425.10609,1141135.97129,11.0397295978,10,
1289,223.087322843,780.20373,323435.775199,4.58882137147,10,
1290,223.083606537,353.548569,1480500.53724,9.36272043833,2.0,[M+Na]+
1291,223.095570344,840.18078,3087081.77805,14.4112634116,10,
1295,223.107342121,204.321204,36152436.5421,3.66668526587,1.0,[M+NH4]+
1296,223.115307603,506.526192,499416.272772,5.46448616431,10,
5468,347.236497989,493.073991,45631954.1028,4.09095339094,1.0,[M+H]+
5295,342.238023655,544.350822,55692192.3439,3.42209947493,1.0,[M+H]+
1300,223.141781771,985.44198,179510187.776,189.923722991,10,
1301,223.14381454,573.492093,290434.400311,9.36590428867,10,
1302,223.165652412,1066.82202,44265293.1595,0.68474132513,1.0,[M+H]+
1304,223.216353937,868.57914,284887.165211,11.5502960099,10,
1305,223.565536593,241.154277,710433.902033,5.6406075882,10,
1306,223.570529822,219.068589,159685.752441,12.1139012018,10,
1307,223.59290914,425.049411,491789.59741,3.28222123748,10,
3289,287.649954994,61.938114,754182.21087,8.42002409397,1.0,[M+H]+
1309,223.946070307,36.1547964,234268.267037,4.39750052454,10,
1753,240.986964339,58.6386459,1048262.98604,3.91106893869,1.0,[M+H]+
1311,224.02355053,86.836782,430867.87695,9.85103024228,10,
1313,224.046017752,223.273242,359693.977366,10.7721039515,10,
1314,224.051270624,31.7397603,979583.581636,5.06445704699,1.0,[M+NH4]+
1315,224.055853636,1214.7102,204152.966045,12.8607436462,10,
1316,224.073422695,571.903407,1160189.03939,4.15282432107,10,
6449,377.184662303,423.666276,69668325.192,4.08145927657,1.0,[M+NH4]+
3545,294.144256056,200.423202,58518670.5959,5.49249638951,1.0,[M+NH4]+
1319,224.080703243,255.207978,459684.898165,5.18564634871,10,
1320,224.104281784,666.91887,271078.670381,14.2752840545,10,
1323,224.125268163,713.57595,5189471.64851,2.33132940169,10,
3617,296.151159666,760.29117,13158774.5642,1.85104813352,1.0,[M+H]+
1326,224.154519014,1155.36105,523508109.51,6.90162044695,10,
1327,224.161615124,837.71775,7707775.92937,1.26436241097,2.0,[M+Na]+
1328,224.169581673,973.57608,11304907.4153,2.11916201915,10,
1329,224.175312702,357.069945,8977666.19353,1.18875573578,10,
4347,315.69382619,152.619996,247825.241713,10.1571588793,1.0,[M+NH4]+
1331,224.612713202,129.500592,551109.498099,6.58284991758,10,
4388,316.604069379,243.757095,457184.961652,12.6925416281,2.0,[M+K]+
1333,224.864590892,36.4904871,2272720.35681,1.02450540441,10,
1336,225.009284612,58.6312401,320915.617651,8.45697353808,10,
1337,225.012165532,692.28768,303375.321782,11.7873931787,10,
1338,225.006640505,624.29898,1529718.19202,4.52428487794,10,
1339,225.022382065,34.8031143,400537.782388,6.26220979585,10,
1340,225.068692902,385.475397,318075.568567,10.451338882,10,
1341,225.069201645,32.2461123,681342.12034,3.88258895924,2.0,[M+Na]+
1342,225.084102214,101.010324,2625226.56982,10.4682336462,10,
2957,279.098649366,1085.52591,12426543.4916,7.99399936904,2.0,[M+Na]+
1345,225.084646979,357.438498,90192.2540912,12.1219172621,10,
1346,225.099588073,712.8504,471837.385904,6.3742786968,10,
1347,225.114810587,243.430908,468994.853335,6.12809978679,10,
1351,225.120385274,784.38666,1235550.43705,3.06840315949,10,
1352,225.120498243,136.580406,21226779.011,3.45514143691,10,
1353,225.120418278,78.289155,14516638.4545,2.52935336656,10,
1356,225.139681422,92.400009,314819.19223,5.38173513978,10,
1357,225.134041309,55.0434984,26349527.8578,2.22453488118,10,
1817,243.16623998,31.9303311,371179.898131,5.16168981208,1.0,[M+H]+
1361,225.538246206,106.263111,680537.349498,5.6763399936,10,
1363,226.053007633,276.943041,322716.240353,5.76431245268,10,
1364,226.046381988,624.45486,1660689.27546,5.75396380788,10,
6395,375.223119261,95.278356,84473337.0147,4.79960320295,2.0,[2M+H]+
1366,226.074537349,749.4909,313597.612677,10.3706065798,10,
1367,226.074518025,851.96706,895390.479434,5.22030590305,10,
1368,226.083266185,680.69982,1372652.91085,4.40127429294,10,
6518,379.188826163,619.05903,370482.49644,8.18309804979,1.0,[M+NH4]+
1374,226.119859593,726.23877,301490.050044,8.34432185479,10,
3456,292.088201844,1058.62653,16889552.0993,8.65065410124,2.0,[M+K]+
1376,226.123794376,136.533186,1899055.32328,2.78596072188,10,
4487,319.183907759,588.865089,2821585.7637,4.59678131221,1.0,[M+NH4]+
1380,226.143120884,637.57305,1383302.00029,5.92309973862,10,
2246,257.22165024,758.21148,428312.418029,7.63097476131,1.0,[M+NH4]+
7549,414.224132128,647.49762,14579639.0677,5.76494588642,1.0,[M+H]+
1385,226.890634787,34.0551258,1621331.21264,4.02551503589,10,
1386,226.951176621,34.7282652,58571443.4856,2.23679454692,10,
2384,262.042437549,624.38331,591103.735988,2.02875193054,1.0,[M+NH4]+
1388,227.03153482,32.1668883,2930277.25414,1.43429300565,10,
1389,227.042394831,577.385781,451674.539993,11.8212424364,10,
1390,227.065762088,220.202424,671805.913412,5.12408265391,10,
2863,276.133805812,427.623156,1910547.26373,2.37525816392,1.0,[M+NH4]+
1393,227.090991869,714.59343,7710044.5878,2.15475321513,1.0,[M+NH4]+
1394,227.084284477,555.352455,5213919.42323,1.98040873996,10,
1395,227.090247465,33.0141975,1639646.01796,4.47550515589,10,
1396,227.099580444,836.43075,515339.514456,7.03756749109,10,
8080,432.279305565,637.89267,27730546.2642,3.77052705012,1.0,[M+NH4]+
1399,227.10223114,291.32235,10995125.1787,2.77864198686,10,
1400,227.113421813,38.6870514,279308700.407,4.98066452239,10,
3019,280.174567098,733.40988,425763.550383,4.16172911585,1.0,[M+NH4]+
1410,227.211343309,689.10498,246610.099531,9.35378683004,10,
1411,227.58370986,295.204236,702224.889266,4.08760114353,10,
1412,227.954490276,34.5279249,1876300.71225,5.01695070966,10,
1413,228.06605988,473.52342,300295.762483,6.6266677993,10,
1414,228.065928416,169.636884,99466.3870197,9.77717909415,10,
1415,228.068495793,244.41003,628828.131328,8.26730393719,10,
8544,450.19740581,261.922914,14994588.8255,12.321718963,1.0,[M+NH4]+
1417,228.071746648,61.033128,4762997.99062,6.19876623455,10,
1420,228.080014009,284.320794,146139.88614,13.0038039008,10,
1422,228.105517858,291.339432,1002961.34685,4.97967200397,10,
1423,228.120151493,659.17776,1061060.72048,4.22215538023,10,
1427,228.145176793,50.9398725,235840.044572,12.4316657303,10,
1428,228.178313062,254.419905,1992470.51938,2.67981358814,10,
1429,228.170389859,226.838151,1086066.42117,3.02091280787,10,
1430,228.178364535,433.294479,1056036.84876,3.73536527813,10,
1431,228.170224261,67.989342,269796.499058,7.70839810943,10,
1433,228.195327067,1107.79626,24492369.2304,3.56474393076,10,
1434,228.195316339,1381.38822,55342008.562,6.91956430837,10,
1435,228.195341848,1000.41567,199108638.911,0.640650595113,1.0,[M+H]+
1436,228.56436128,275.359608,881657.645761,3.38015838017,10,
1437,228.586682468,846.7899,1408173.12056,12.1179707151,10,
1438,228.580904823,350.350194,390835.066318,7.72874026068,10,
1439,228.649807878,196.518699,113203366.774,7.53125072463,1.0,[M+H]+
1440,228.662231402,157.382688,30221243.4983,12.1954072847,10,
1441,228.812519801,35.9158245,158456.828323,3.29000013129,10,
1443,228.907509054,28.4640111,1666151.53253,6.20850499258,10,
1444,228.923757193,33.8897949,1505039.51605,4.90036576532,10,
1445,228.955496004,34.7282652,541474.559645,10.3220913442,10,
1450,229.079075725,38.4091134,1181572.31655,7.82491317964,10,
1451,229.081239227,59.2722669,401442.067611,3.82222409233,10,
1452,229.086534892,809.92869,206106.634877,10.3239471482,10,
1453,229.088544457,846.58392,122717.897821,14.0480289552,10,
1454,229.101616326,434.420526,1788846.18663,3.11738530831,10,
1455,229.099872461,547.87983,714415.867953,3.22748593412,10,
1456,229.096132463,931.6596,181295.433331,8.61951621104,10,
9399,489.306230706,766.275,15435401.2029,6.14904642691,2.0,[2M+H]+
1458,229.125325647,709.75002,258616.943533,5.66153253837,10,
1459,229.118044515,317.683872,24390847.4872,2.36971285138,10,
1909,246.144329332,153.94347,452281380.77,12.5546372658,1.0,[M+H]+
1461,229.137185031,67.662504,693118.819654,11.2450966706,10,
1462,229.133014066,375.903528,245344.315842,10.3491299165,10,
1463,229.15421414,230.495403,86142715.1658,2.77104448939,10,
1464,229.154234889,124.263861,79857945.4959,7.62387607143,10,
1465,229.154331265,186.569985,38836252.6976,3.58426422769,1.0,[M+NH4]+
1466,229.142830327,904.88322,2230687.10653,13.838761065,10,
1467,229.154226552,392.094402,53778955.1116,1.86815305208,10,
1468,229.154149343,532.173558,31731330.7179,7.19876712474,10,
1469,229.154214517,61.982847,237702733.192,6.77800530368,10,
1470,229.162429652,870.64248,141795.541483,1.17734317764,10,
1471,229.190512364,787.90482,194567.025851,7.17224780142,10,
1473,229.572303517,331.521006,145316.483927,10.595799291,10,
1474,229.596460897,248.81334,116281.486637,11.4262141379,10,
1475,229.651925308,91.438509,10930604.6602,2.40267594364,10,
1476,229.979855125,36.9187599,1038324.49428,5.6724286069,10,
1477,230.024301474,353.705508,188506.377536,11.6164367442,10,
2201,256.07453443,195.21414,1430814.26532,1.2579610239,1.0,[M+H]+
1480,230.075507244,135.158436,420661.672885,6.85511490347,10,
5613,351.165534931,141.815958,20771543.6877,5.27693310952,2.0,[M+Na]+
3881,303.210251288,349.701693,5019437.89659,2.72633468875,1.0,[M+NH4]+
1485,230.138348777,96.05826,36758687.6814,2.17938164183,10,
1486,230.138217094,145.575528,36500723.8387,2.31446660059,10,
1490,230.174620055,917.39244,9870931.75758,1.08417013749,1.0,[M+H]+
3320,288.202288625,66.719151,55111633.837,4.36534774741,1.0,[M+H]+
3549,294.205687752,1002.16449,7642305.39193,3.87554167782,2.0,[M+Na]+
4738,326.206513987,727.20627,4092726.55298,3.5299307239,2.0,[M+K]+
1494,230.24736674,1029.36357,14628808.4462,3.98866619455,10,
1495,230.247417193,890.103,1429804.03394,4.74007781939,10,
1496,230.809877088,35.9158245,160791.303954,10.2402338923,10,
1497,230.921154959,33.8426169,221831.349317,8.55730647045,10,
1600,234.96076901,28.7756169,198033326.087,4.89429889939,10,
1499,231.016111614,58.1750298,241193.403493,10.476527472,10,
1500,231.025143256,289.776171,953747.995957,3.8869212334,10,
1501,231.025206869,260.004732,178761.683418,14.0631392798,10,
1502,231.064930878,31.6602966,12602633.6546,2.459076467,10,
1503,231.060312746,624.38331,2369707.34745,3.00994985224,10,
7810,423.197338085,699.40905,9107531.81206,9.88234141882,1.0,[M+H]+
1505,231.090639773,116.87601,77556.7068597,8.70445526017,10,
1506,231.085860299,446.919798,423237.370234,12.0083684349,10,
1508,231.11176326,970.52655,569028.243668,6.22168804415,10,
1512,231.137507943,1069.71579,6331277.83784,1.95343034606,10,
1513,231.133505454,330.926124,3640478.27279,2.43170709112,1.0,[M+NH4]+
1515,231.169863883,284.493984,648551885.453,2.68562365918,1.0,[M+H]+
1516,231.169804347,231.289218,458809874.351,3.55767622845,10,
1518,231.169887217,194.566575,435416801.314,2.5611950476,1.0,[M+H]+
1520,231.250701737,1009.00563,1917711.64599,4.2093715694,10,
1521,231.568050395,375.052452,1905494.70106,10.3263764511,10,
1522,231.612154715,89.357982,405335.493458,6.59108740544,1.0,[M+H]+
1524,231.988107703,37.7832396,1161979.93915,7.93407903459,10,
1525,232.01632578,37.9983903,556621.08834,9.06308589343,10,
1526,232.02685792,165.823281,4295189.57071,3.37437858381,1.0,[M+H]+
1527,232.057513885,291.535674,4108579.70138,5.21137970393,10,
1532,232.096490248,414.124788,2180608.57852,1.14411780935,10,
1533,232.093378388,766.91652,183706.306822,8.73395424953,10,
5008,333.202735137,294.728175,796756.5609,8.2035901907,1.0,[M+NH4]+
1535,232.128672045,414.184536,332248.695874,9.98635204164,10,
12869,739.433161213,745.7796,29089032.0765,9.51921814979,1.0,[M+NH4]+
1538,232.132966476,338.935692,250526.480729,13.042232208,10,
1539,232.13606899,940.70946,6536292.50163,5.81009500096,1.0,[M+NH4]+
6323,373.243809448,246.368658,29533070.4316,6.22059531427,2.0,[M+Na]+
8372,443.232874428,224.739588,484011.422624,12.5012452088,1.0,[M+NH4]+
1543,232.14404257,151.007946,520650.906421,5.56538805965,10,
1544,232.1619946,745.13517,172575.066364,12.0522415717,10,
3506,293.181140992,42.7920495,1278851.43351,12.6569956099,1.0,[M+NH4]+
1550,232.527510691,106.244136,638257.264351,8.21924394035,10,
1551,232.896283388,36.2476971,16829616.6891,2.86262716276,10,
1553,232.998893855,28.5140457,216726582.151,1.47414911843,10,
1554,233.02547544,88.087716,650126.376213,11.03258991,1.0,[M+NH4]+
1556,233.041003066,456.103908,552748.064186,7.61934741109,10,
2626,269.08751843,192.466953,29394699.8235,4.09048318614,1.0,[M+H]+
1558,233.081580493,971.66502,752518.533856,5.89364988396,1.0,[M+H]+
1559,233.090967082,1161.30732,1212179.6922,5.75165975323,10,
1560,233.086587399,397.501026,86164.061526,13.8824416957,10,
1561,233.094860488,578.687247,193044.634054,9.25542932927,10,
1563,233.125574926,631.37676,1323752.82891,2.17813842934,10,
1564,233.132515656,65.466123,7219516.34207,2.950676315,10,
1565,233.1395326,940.72248,685753.227193,6.83743456443,10,
1566,233.149081651,144.824928,182835689.912,11.9572529643,10,
1567,233.149052265,163.623465,279424817.915,2.10811367525,1.0,[M+NH4]+
1568,233.161831962,931.59558,434857.606929,7.25036712259,10,
1569,233.18545309,43.1058657,1017076.55673,5.23380812321,10,
1570,233.200739288,893.81289,1172366.68623,2.49329659927,10,
1571,233.58363873,477.394926,184717.604206,14.9755829856,10,
2061,251.634056038,52.5183114,61369673.6407,3.74401085253,1.0,[M+H]+
1573,233.619871516,171.95295,781603.068496,8.06472218733,10,
1579,234.024874127,523.988001,329165.542266,14.7504642467,10,
1581,234.045860875,36.1547964,188446.123482,7.42484401928,10,
1582,234.057964851,772.41597,179416.365112,10.9330792106,10,
1584,234.059392952,99.903672,102145.062578,11.0248512419,10,
1587,234.093830609,600.34449,2230927.86657,6.11325176437,10,
1588,234.096671692,40.2779652,4905255.58547,1.27809351819,10,
1591,234.120107738,109.132536,445569.805057,6.10564944347,1.0,[M+NH4]+
1592,234.133825594,118.070607,28108628.0008,2.57786858513,10,
1594,234.144428678,29.5303824,18978992.2461,1.49253272304,10,
1595,234.146103035,1042.43412,197024.529231,6.3250797276,10,
1597,234.204388889,893.6943,105767.93398,3.11576351983,10,
1598,234.625820254,131.37243,118718.546252,7.37099718429,10,
1604,235.048556718,27.180198,1529259.77318,13.6701024571,10,
1606,235.059478241,980.30826,503044.069916,0.643472342731,10,
1608,235.056319538,38.0966682,38045760.0925,2.60904055531,10,
1609,235.072656828,608.88312,312699.579821,12.3679524154,10,
2120,253.117696819,256.011405,243651013.99,2.35422426927,1.0,[M+H]+
1611,235.110601134,280.856106,219647.797851,6.08067610482,10,
1612,235.123366498,42.1056351,9912727.0431,50.2958660602,10,
1615,235.117505959,481.802562,106724.076408,11.1410357601,10,
1618,235.16869861,1160.79093,215014845.834,2.46508461611,10,
1619,235.180022124,438.449094,65877559.6481,1.1828705879,10,
1620,235.188252816,990.97266,120927.282982,11.2854829341,10,
1621,235.588697178,448.576914,170478.280092,13.279537499,10,
1622,235.594449837,846.7899,861869.031979,13.4707005692,10,
1623,235.594416585,647.37951,899117.159071,10.4397042559,10,
4612,322.683655483,141.745086,1208816.67605,5.61613839035,1.0,[M+NH4]+
1625,235.670015562,392.408019,20605899.3591,1.99364214679,10,
3101,282.663885124,298.194927,6589637.56063,9.29376357496,1.0,[M+H]+
1627,235.670051391,347.017161,31202849.086,2.44072257044,10,
1628,235.896890522,35.672004,88966.5664509,13.2274114107,10,
1630,235.999999397,431.002038,555420.003024,12.2868451379,10,
1632,236.011621667,87.77169,967988.062713,3.51892976717,10,
1633,236.022590917,214.533897,23144459.5558,2.41545832641,10,
1635,236.051787576,129.040428,313195.217635,8.25860060049,10,
5205,339.096903786,431.147412,574991.78856,7.84363210805,1.0,[M+NH4]+
1637,236.067809453,323.166249,372997.220582,11.4412707374,10,
2632,269.12031103,444.838911,6473051.16422,2.52888901835,1.0,[M+NH4]+
1639,236.091257992,513.567063,282451.719627,14.4233253291,10,
1640,236.08242298,614.62386,147737.323564,13.7212244821,10,
6184,369.121948465,58.49253,5231238.44754,5.00864529383,2.0,[M+K]+
1644,236.14870041,49.9933704,753876288.868,13.9954901175,10,
1645,236.160051642,36.7857483,3630079.37687,6.42997210293,10,
2481,264.641909318,264.309042,7984976.56015,1.36026924554,1.0,[M+H]+
1648,236.908621689,33.4466394,7820403.79179,2.74390051368,10,
1649,236.935351763,33.8897949,349382.303051,10.7458202621,10,
1655,237.028570315,37.4331144,251001.215896,14.702625477,10,
1659,237.072893535,587.107029,12457792.8061,3.29083813365,10,
1661,237.089814987,77.078634,45497760.5615,3.26721274817,1.0,[M+NH4]+
1662,237.086183406,542.51196,835056.71493,2.57599865506,10,
1664,237.084739377,108.170796,592625.442329,14.0262471552,2.0,[M+Na]+
4027,307.093536381,795.05025,927361.509328,6.72707607338,2.0,[M+K]+
1666,237.114833833,963.46224,1244363.13774,9.91441912276,10,
5742,355.02813924,61.347183,683940.529932,11.3784160543,2.0,[M+K]+
1668,237.122858704,465.897543,3469823.29678,6.47217877132,10,
1669,237.122838835,195.21414,33098170.0136,3.03119640978,1.0,[M+NH4]+
1670,237.122807419,287.052675,75367204.8942,3.41294910405,1.0,[M+NH4]+
1672,237.159104849,809.71956,181649.679849,7.18558447002,10,
1674,237.231949305,936.0267,734770.385688,8.37239208365,10,
8196,436.218230199,281.139363,49980676.4337,3.90087695926,2.0,[M+K]+
1678,238.044631074,37.8765741,6106342.31313,1.34708045668,10,
1679,238.05553843,214.533897,892877.134213,12.5562562383,10,
5488,348.139397884,49.6781826,4724516.53109,5.10173360323,1.0,[M+H]+
6522,379.200204422,116.45586,1815416.77907,6.33537199294,1.0,[M+NH4]+
1683,238.089477101,100.18536,457993.594379,7.54560300169,10,
1686,238.115071234,917.94675,846239.35049,4.22824234181,10,
1687,238.115020786,795.00282,683247.598567,5.52400624974,10,
1692,238.140846547,992.78424,612879.170747,4.72307558311,10,
1694,238.164402031,128.932866,348902.658995,6.63448101878,10,
1696,238.19113501,502.344318,667978.808925,2.15725864196,10,
1697,238.199015092,830.07066,106378.457273,14.4738899849,10,
1698,238.648683143,63.867501,616593.844347,6.25679309687,10,
1699,238.84131181,36.4486752,1734590.45743,3.68039286387,10,
1700,238.852541634,35.1734211,263576.497554,9.71851229473,10,
1702,238.953580801,28.8273579,4472345.64081,3.35227126763,10,
1703,238.994720429,36.0377676,90667.6034297,14.4393684616,10,
1704,239.008263915,123.855618,1238482.87528,4.22292636544,10,
1705,239.025288553,58.3140507,585855.946341,7.39762530735,10,
1706,239.02586119,518.550132,170296.861205,6.96576947598,10,
1712,239.102212629,110.255391,73971522.3977,3.65742821705,10,
1713,239.096310083,95.436858,860715.128851,7.83566773834,10,
1714,239.099657931,151.067337,773950.390517,4.04308921651,10,
1715,239.12729503,763.512,1722402.93789,3.57061900663,10,
1716,239.127089596,1131.53358,2304030.13704,14.5264959331,10,
1717,239.136123966,104.150661,21505124.6462,5.24150516664,2.0,[M+Na]+
1718,239.136176763,891.4368,228895.452089,7.05728065755,10,
1719,239.138496701,214.372527,2684180.37549,7.14313243813,10,
2696,271.157450512,1230.69762,5761716.72343,6.95835560859,1.0,[M+H]+
3764,300.154951893,374.732202,3163117.28123,4.51946590433,1.0,[M+NH4]+
1723,239.161257476,1044.42636,92473046.1516,8.33268895202,1.0,[M+NH4]+
1725,239.24767902,818.97612,123998.365289,13.0258385866,10,
3777,300.602103371,334.298748,36119385.9991,4.5453171321,1.0,[M+NH4]+
1728,239.596968739,780.5283,205286.769452,7.33264256356,10,
1729,240.007468961,624.38331,5029590.74849,9.17714556069,10,
1730,240.015718431,214.694706,699834.931502,4.78426318244,10,
1731,240.017514298,407.03616,399813.520496,1.39975674099,10,
1732,240.029664032,94.633701,215729.372222,13.6569214776,10,
1733,240.039228537,649.812,489137.659791,13.5524133818,10,
1734,240.070879597,62.770968,2756405.51472,6.79255872405,1.0,[M+H]+
1735,240.075623059,279.888618,132417.335355,2.69832979977,10,
1736,240.083663168,170.063688,1506088.06924,2.69978528392,10,
1738,240.109008628,81.783315,1700672.39586,11.6479872595,10,
1742,240.139257097,54.4133739,8384905.03468,2.55244570048,10,
5469,347.236467138,339.729561,36933626.6177,4.94724956386,1.0,[M+NH4]+
1744,240.169960994,256.48473,102569.954487,7.09264408431,10,
3738,299.648453706,853.74618,1174419.70747,2.2075695036,1.0,[M+NH4]+
1747,240.609657818,415.85277,3781639.49227,0.604668437672,10,
1748,240.607797161,620.76072,85601.8582878,4.09231397138,10,
8731,458.260002962,431.051343,259645345.098,9.84107851334,1.0,[M+H]+
1750,240.838522273,36.4904871,1276156.55163,3.39727470546,10,
1751,240.952207262,28.8273579,1777068.38424,4.64635674518,10,
1752,240.96673083,27.1276959,4316311.72957,3.63404958338,10,
3823,302.04414575,407.68404,352902.699021,3.9223970494,1.0,[M+NH4]+
5146,337.105492233,915.56913,788974.670537,5.03432287789,1.0,[M+NH4]+
1756,241.030745907,241.275102,201525.665191,6.13395152292,10,
4322,315.131473931,870.03351,488090.812101,4.83703375431,1.0,[M+NH4]+
1759,241.057997858,452.321229,2822099.94301,4.52586019956,10,
1760,241.058047417,50.2133862,2122494.80772,4.92277661912,10,
1761,241.067648251,638.02137,85566384.7025,1.582453931,10,
1763,241.094117898,533.481204,110358.025196,7.00827784644,10,
8371,443.24973692,642.27342,6937221.64592,7.28108878495,1.0,[M+H]+
1765,241.094528269,160.193814,1768267.11848,3.87999026068,10,
1766,241.101382239,600.27012,1985974.03134,5.72924474476,10,
1768,241.111383976,416.097024,656440.396557,4.59954818675,1.0,[M+NH4]+
1769,241.127829461,683.25378,242803.945615,6.51175178391,10,
1771,241.159861245,344.865876,39914795.3496,0.943983785851,10,
1772,241.157506314,988.26072,10023064.9105,1.42748517897,10,
1773,241.165448973,328.60188,87111.2802575,13.5728440802,10,
1774,241.198533989,1068.23064,180028.611977,6.36417597248,10,
1775,241.234954886,1110.00993,550911.404051,8.63059302743,10,
1776,241.603358481,600.24723,397492.523736,5.38163616324,10,
1777,242.05096645,870.35142,316365.856419,8.69110237461,10,
1778,242.058899346,128.312958,692235.563118,9.05146415137,10,
1779,242.061306394,452.397105,254777.563282,11.2263368936,10,
8431,445.207235875,707.61267,9911760.71589,7.08995702324,1.0,[M+H]+
1782,242.086432429,44.364237,8340932.08352,5.00148024525,10,
1783,242.086191289,261.912222,701169.766502,8.26619363462,10,
1785,242.118659929,97.327449,146136.124455,12.365105518,10,
1786,242.12300299,578.658279,2040485.26727,3.73503823883,10,
1787,242.122860733,931.02246,540788.039178,2.85247850126,10,
1788,242.120289645,485.404188,116972.90269,14.948195304,10,
1789,242.1493612,159.299811,51326262.4699,4.69907247836,10,
1791,242.141555257,933.57123,44490507.8069,7.61444268066,10,
1792,242.157368852,70.509063,15689270.5119,10.4968836036,10,
1794,242.582422966,707.61267,421592.219627,11.9456946426,10,
5517,348.981066665,34.1620473,935562.597821,7.28442724854,1.0,[M+NH4]+
1798,243.005047223,32.2959801,590242.556212,7.94333350405,10,
1799,243.027123388,87.58209,1583723.93866,7.15230606759,10,
1800,243.03407997,56.742018,1308888.39855,4.5564423866,10,
1802,243.079173597,677.43306,755559.962247,3.90631960106,10,
1803,243.077419057,87.694278,2116757.72348,3.32313661445,10,
1804,243.08717395,813.14745,23518453.7458,1.46303364839,1.0,[M+H]+
1805,243.087038586,637.47486,397215.944799,8.15920388843,10,
1808,243.12622208,1138.6449,2034963.10086,10.0421982138,10,
9690,502.260981555,52.5183114,76699849.5455,7.56212010265,1.0,[M+NH4]+
1810,243.133394214,159.249975,37901190.6675,2.27703706141,10,
5605,351.102219079,505.211934,292781.66366,10.5558258329,2.0,[M+Na]+
1812,243.133473026,472.554993,20694612.7393,1.36009826194,1.0,[M+NH4]+
1813,243.140946758,814.5294,238817.114578,6.01932288119,10,
1814,243.143677075,766.59753,382073.032761,11.0500448217,10,
1816,243.152746917,159.249975,4872706.72753,6.70700289361,10,
1818,243.20603322,880.67073,761485.204382,4.39171006651,1.0,[M+NH4]+
1819,243.568094429,530.537016,474851.109285,9.40515579351,2.0,[M+K]+
1820,243.599516631,1189.8207,294107.222586,14.870961933,10,
1821,243.654909867,218.650956,16904595.0143,10.0672356518,10,
1822,243.989780205,67.047744,388773.550157,7.30043954181,10,
1823,244.076330196,925.64496,1232064.58263,3.54896749412,1.0,[M+H]+
1824,244.074606948,87.138792,352475.489389,6.89000946114,10,
1826,244.088899307,408.925272,138263.866391,5.46605730297,10,
1828,244.093897298,506.5155,5196642.08704,6.24852108576,10,
1829,244.092266462,47.1879867,202145307.382,1.3553413296,10,
1830,244.10714644,760.46178,116279.741171,11.6155224042,10,
1832,244.123464263,53.8100535,43105735.5099,90.9996995432,10,
1833,244.120855944,578.774655,159355.366703,7.20423314266,10,
1834,244.117511329,339.570627,20125404.6558,4.10919682313,1.0,[M+NH4]+
2368,261.143980663,312.587112,231766071.853,3.90211455182,1.0,[M+NH4]+
1839,244.166755983,1110.32625,268901.793558,13.3615806081,10,
5124,336.212107175,41.5381155,2738119.29573,6.02406520676,2.0,[M+Na]+
4920,331.204308041,936.21756,21819856.4028,5.11205247902,1.0,[M+H]+
1844,244.205426374,917.78832,1280098.46869,2.11384935154,10,
1845,244.22664416,1074.19224,10102970.51,11.4185663,10,
1846,244.263000726,1032.05856,65364111.0098,4.67475585917,10,
1847,244.263001846,1050.82953,38829576.1213,3.2311546849,10,
4935,331.694281469,307.436364,172615.107168,7.55790734512,1.0,[M+NH4]+
1849,244.610225186,152.296188,1300307.47748,4.15066569953,10,
1850,244.644432109,66.407466,17538738.832,0.66507471146,10,
1851,244.657119427,363.714981,22359076.6077,2.72823750414,10,
1852,244.657141654,320.433,81923128.7227,2.7009597778,10,
1853,244.662635234,173.194128,534332.258761,5.07991393571,10,
1854,244.901791784,33.8897949,1632504.01758,8.71557690973,10,
1855,244.929348088,34.6135719,418085.09213,4.12717366955,10,
2493,265.026673287,887.75346,4362942.2908,1.05474157622,2.0,[M+H+NaCl]+
1857,245.011506286,36.7448706,272665.543675,7.50384469719,10,
5416,346.178954355,411.695526,34547714.5965,3.9723053483,1.0,[M+NH4]+
4022,307.084511533,967.03176,10822681.8924,4.6291607529,2.0,[M+Na]+
1864,245.085610695,45.3950505,1701677.79897,9.76007153878,10,
2395,262.118070527,308.323056,35405261.7727,2.62234094445,1.0,[M+NH4]+
1868,245.114254245,1068.61014,45624378.5736,0.937945050856,10,
1869,245.10610068,829.62498,197207.781042,9.1114663786,10,
3458,292.096139314,766.59753,715213.227479,1.5177393308,1.0,[M+H]+
5812,357.185876371,357.551823,1747878.22227,7.82229171285,1.0,[M+NH4]+
1872,245.120796417,339.531504,2103379.92659,3.82375017461,10,
5226,340.159627252,40.251123,11025222.2952,5.50792932399,1.0,[M+H]+
1876,245.158924824,320.433,19452986.2003,2.90802986522,10,
1877,245.1854309,393.51183,1118199536.11,2.10620275737,1.0,[M+H]+
1878,245.185562373,421.429401,262678550.595,2.12700211138,10,
1879,245.185466149,374.412201,112179608.839,4.35056166454,10,
1880,245.1854888,343.902813,224302304.324,3.89376021655,10,
1882,245.583619448,204.366588,199902.084445,14.533701955,10,
1883,245.625280144,84.611478,704348.813105,3.16388410631,10,
1884,245.654391003,429.610032,32389972.0193,5.18216623672,10,
1885,245.654351887,457.61916,43355339.0151,10.3165154638,10,
1886,245.654342706,286.295736,3330470.1174,3.14360385564,10,
5303,342.656555536,321.075807,1206487.23381,6.31433160083,1.0,[M+NH4]+
1888,245.953796525,36.4548327,252365.177495,10.872741294,10,
1889,246.027957288,67.194966,1007720.68093,5.49830170842,10,
1892,246.073194044,423.768408,1013959.79464,1.81214032355,10,
1893,246.075661818,266.218539,3333763.88937,3.45426738996,10,
1894,246.073539256,925.28004,334049.662695,5.89509231675,1.0,[M+H]+
5966,362.18699421,114.337047,247278.565047,8.52772665713,1.0,[M+NH4]+
1896,246.090261983,245.882526,9127291.07383,3.29761629649,10,
1897,246.079658952,81.150102,4877007.45698,7.58214123776,10,
4311,315.067516457,555.352455,1307173.08028,3.50040519815,2.0,[M+Na]+
1901,246.112941035,1001.07072,70097604.8854,3.76964473941,10,
1902,246.112919337,987.86883,92299168.2836,1.32500499536,10,
5352,344.104507391,933.72981,12531539.0857,11.5853874943,1.0,[M+H]+
1906,246.131385241,699.01614,630999.252177,5.56083872894,10,
1907,246.151676056,1025.23677,19266162.0147,5.85543445058,10,
1908,246.144282684,56.6146836,126010533.325,9.58203861564,10,
1910,246.151891358,710.10978,353378.771736,8.39560377232,10,
5294,342.237878031,380.833272,1360779.09695,8.26371416636,1.0,[M+H]+
1915,246.180798403,407.825772,1086724.75888,7.57077881077,10,
1918,246.242277286,889.09998,10945409.5114,3.03894345672,10,
1919,246.564113231,148.502151,2136236.09167,4.6555009681,10,
1920,246.600346246,263.854251,428528.712254,10.8703854123,10,
1921,246.783609481,35.8300188,64043.5609042,14.832087788,10,
1922,246.943405435,28.9037544,49691255.5646,1.60710452161,10,
1924,247.01448673,28.5140457,62902557.5898,3.27176677351,10,
1927,247.0784521,51.1975221,654044.947786,10.6082300013,10,
1930,247.091892444,59.4605598,4859451.40188,3.33289070868,2.0,[M+Na]+
1931,247.093895655,246.044466,584609.308936,9.74290379699,10,
1933,247.110587732,121.891209,6292438.22101,13.6244921566,10,
1934,247.116167516,54.8565819,689822.047948,7.42759222247,10,
1935,247.106794344,643.45518,286644.150794,8.80955191816,10,
1936,247.108630261,1159.19832,270180.073427,9.26375339799,10,
6944,393.197029223,191.968452,3844399.94212,5.23289159414,2.0,[M+Na]+
1941,247.17992553,870.19452,446245.877711,9.81680414383,10,
1943,247.191521534,393.507276,8872041.56739,1.86333040478,10,
1944,247.200843063,438.034404,118639.016368,11.8539037746,10,
1947,248.015107398,28.5140457,14968830.1394,4.46961935025,10,
3217,286.021688018,62.883864,1029911.95716,5.24004642823,2.0,[M+Na]+
1950,248.025915098,353.075382,591310.768538,4.72288135719,10,
1951,248.061250273,37.5628188,463886.301992,13.8638904129,10,
1954,248.058278104,93.20967,550907.234952,7.47160466687,10,
1955,248.077319318,230.019846,478008.178777,7.97652978317,10,
1956,248.070044995,899.81868,404929.224991,7.51984130601,10,
1960,248.086087035,245.905584,308499.939695,4.30367196229,10,
1961,248.100142624,223.770084,4491804.12213,3.03773796623,1.0,[M+H]+
1962,248.095336673,59.4605598,323132.996567,12.5309939056,10,
1963,248.097785884,34.931421,1571615.46263,1.05537992792,10,
1964,248.094580908,338.34075,361159.207503,5.81814057358,10,
1965,248.105695538,319.882248,135767.891527,12.500126618,10,
1966,248.123753024,481.48992,2000897.21026,3.84173885827,2.0,[M+Na]+
3014,280.164948072,141.584148,2060517.45191,5.15334646278,1.0,[M+H]+
1969,248.130984745,691.97169,3795970.24699,3.1423131589,10,
1970,248.161746714,841.07934,166123.742039,14.2796510982,10,
1971,248.197943228,1200.92496,4201662.14229,13.7464155303,10,
8722,458.223648845,467.316804,4398019.29983,8.1070087983,1.0,[M+H]+
1973,248.597973677,96.505164,278422.606112,9.70862052728,10,
3447,291.643503223,620.99142,6007390.53105,3.14344768392,1.0,[M+NH4]+
1975,248.607066771,431.051343,22846128.8598,3.25516041179,10,
1976,248.623259743,116.009298,935622.438635,2.92918060813,10,
1977,248.870163878,36.1547964,7404056.60926,3.16689317715,10,
1978,248.900088383,27.2614794,5250288.23823,11.960122404,10,
1979,248.950633274,87.770592,748595.823719,6.74258801965,10,
1980,248.976369815,28.6952688,143409986.662,5.71702638612,10,
1983,249.034991809,35.9158245,1791701.22904,5.24733897765,10,
1987,249.095864061,905.17386,210176.240403,13.3375341285,10,
9130,476.305835308,683.27652,20402599.3645,1.80265974936,1.0,[M+NH4]+
1989,249.104590714,101.976228,1032120.28938,8.79251514987,10,
3840,302.146642143,312.443616,16761465.0374,3.38749926718,1.0,[M+NH4]+
1991,249.122907456,133.624692,1539154.66584,5.18674948744,10,
1993,249.147935784,1069.71579,47176702.3849,1.63789911741,10,
1995,249.156862015,433.294479,14957740.1984,3.38511302806,1.0,[M+NH4]+
1996,249.180172564,41.5381155,5262429.97965,6.76119189982,10,
1997,249.181951836,1074.14106,181073459.856,7.42767840966,1.0,[M+H]+
1998,249.183796475,1264.04958,11379364.5079,14.034543189,10,
1999,249.184045396,1312.36512,6428187.54704,5.19093154153,10,
2001,249.58608565,504.232161,12759507.1558,2.39588867288,2.0,[M+K]+
2003,249.618231218,683.25378,493270.133115,14.0366662853,10,
2004,249.640877108,155.806314,239650.144185,14.5541498686,10,
2006,249.982512124,61.160079,1081101.21866,12.4501527844,10,
2008,250.038469864,35.5038888,88145.3295094,10.611389587,10,
2522,266.032976339,74.528217,22288693.0771,2.68957892188,2.0,[M+K]+
2010,250.061647297,135.738924,86956.2515906,4.47703034504,10,
7097,398.202354501,54.3566478,15750139.202,5.61897541369,1.0,[M+NH4]+
2013,250.080886531,37.7897652,186532.69961,5.74077168581,10,
2014,250.085776766,1340.37666,443378.951554,6.55893610746,10,
2015,250.110236945,156.432345,922626.82751,9.82368557721,10,
2928,278.117941317,641.9151,1754749.62785,2.68363246714,1.0,[M+H]+
2017,250.115601376,278.5266,1000903.61815,7.84192028212,10,
2018,250.14090514,578.934963,363231.072275,8.9672499165,10,
8825,462.197600283,523.368072,2420815.27976,7.86369398944,1.0,[M+H]+
2023,250.581007696,118.392795,988831.422114,2.33043190415,10,
11319,586.19893495,353.548569,9820954.47705,2.11537263453,1.0,[M+H]+
2025,250.607285874,1112.26524,402510.576746,13.3977849081,10,
2026,250.644408085,69.885846,1015364.3201,5.71817350965,10,
9199,480.101027468,594.789531,6927020.95649,2.01541459595,1.0,[M+NH4]+
2030,251.008988344,28.588548,1166445.50879,9.78929798363,10,
2031,251.030235272,38.4091134,4112352.82299,7.08897908748,10,
2033,251.047818822,464.608674,556555.635515,12.3172529296,10,
2034,251.063375993,108.822921,9537693.46065,2.27721053212,2.0,[M+Na]+
2037,251.081946185,547.940142,1688860.02407,5.84205521697,10,
2039,251.094290513,835.32513,8262826.38228,62.6210053095,10,
8854,463.254147085,722.08338,676538059.237,7.3715546779,1.0,[M+H]+
4639,323.178959946,462.867171,389884.933224,10.090480872,1.0,[M+H]+
4131,310.13907639,318.491253,11760114.4363,3.99653476671,1.0,[M+NH4]+
2044,251.102076041,688.7175,322425.571589,2.33206851424,10,
2046,251.112063277,281.139363,667262.635906,6.76486584687,1.0,[M+H]+
6375,375.11134546,58.358775,1358911.3962,8.67274074545,2.0,[M+K]+
2048,251.124855114,904.7991,34251416.873,2.80436665462,10,
2049,251.135701922,465.409332,16743981.8813,192.406936197,10,
2052,251.136183111,186.460944,577059.481073,7.77529431774,10,
2053,251.174809931,1038.936,303500.397047,7.25669796884,10,
2054,251.172348404,787.65702,2046227.02717,1.86746618968,10,
2056,251.211236823,823.50105,3640453.49427,4.02905698519,10,
4338,315.603499815,270.681039,26098018.2476,3.91992682516,1.0,[M+H]+
2058,251.601730145,334.779189,269426.445323,13.5106264861,10,
2060,251.61774052,169.958754,206035.005769,9.13176713913,10,
2062,251.923452299,27.574983,1927176.99308,14.5068784099,10,
2063,251.941616076,28.9019775,1866314.21707,8.00646785252,10,
2064,252.028391251,56.9551788,1080375.21226,10.9253444087,10,
2065,252.034807737,407.68404,81227.2355476,13.6772403337,10,
2066,252.040863066,195.571206,203937.220217,14.7175748511,10,
2068,252.065787065,640.90236,177655.11842,13.2664277221,10,
2069,252.064882927,755.2929,348356.530866,6.21972446971,10,
2070,252.071148871,214.533897,1358060.53294,12.0781902036,10,
2071,252.097257396,100.861602,982859.40873,3.69928881003,10,
2074,252.108596003,117.909669,1118415.67685,2.78483824511,10,
2075,252.115479745,278.901144,317499.388791,7.37819546494,10,
2076,252.115411762,152.458092,1034220.56866,4.69282381472,10,
2078,252.108946302,58.1924337,1134154.15212,8.62092737953,10,
2079,252.131435554,540.270015,884430.926658,4.9518879286,10,
2080,252.135289332,110.273295,564515.268218,8.08284892539,10,
3835,302.120305126,53.279019,18744066.6398,3.62668235367,2.0,[M+Na]+
2082,252.133643069,171.92904,1147646.99823,3.80507046276,1.0,[M+NH4]+
2083,252.141765311,461.434101,8948526.89632,1.05112813256,10,
2085,252.143564184,513.90756,393572.171159,5.46263442941,1.0,[M+NH4]+
2087,252.16297933,28.2768162,7171101.70472,3.40109594613,10,
2088,252.192917608,1001.98431,1624464.07191,3.64836983789,10,
2089,252.206637164,778.07274,309707.421971,4.52840989281,10,
7366,408.211981363,707.61267,1735155.68569,4.18349484167,2.0,[M+K]+
2091,252.21452685,823.5957,538136.709914,5.77152066964,10,
8906,466.228828107,428.116104,65968703.7124,7.97949912043,1.0,[M+H]+
2093,252.612985582,58.1750298,369909.072967,8.92316185626,10,
4817,328.701833358,406.534278,19994297.4633,2.30731653605,1.0,[M+NH4]+
2095,252.63699322,52.5183114,2022853.86804,5.3964735935,10,
2098,252.985859244,87.613128,636984.093595,8.98567897872,10,
2099,253.019400207,35.8250493,115647.78333,11.6151786898,10,
2100,253.022005539,87.772788,656145.726262,11.2488140381,10,
2102,253.047476963,876.76647,307865132.622,2.15766426692,2.0,[M+Na]+
2103,253.046759367,554.690706,151157.115494,8.56443757104,10,
2104,253.04747468,969.7851,839207.861997,7.98550022642,10,
3605,296.083263132,816.77337,2702756.13661,9.50964675514,1.0,[M+NH4]+
2106,253.067809478,400.638717,2456321.88565,4.92190938642,10,
2107,253.079051165,140.654931,301529.704368,7.30919964422,10,
2108,253.067831133,209.249718,237847.436474,9.92417737097,10,
2109,253.084643341,77.392695,4921108.52875,14.9741978372,10,
2110,253.09270135,251.063469,2872199.69433,2.40402615392,10,
2111,253.101638007,395.094078,601017.572682,10.7770720847,10,
2112,253.09430541,600.89031,693303.690521,3.12627079939,10,
2114,253.109931999,806.11803,9063242.00076,2.63466335185,10,
2116,253.12903748,98.125014,17344845.4384,2.07203092377,10,
2117,253.117645977,76.764693,13885507.2745,3.21042704799,10,
2118,253.117843036,112.66764,69297169.4775,3.42442763292,10,
9748,505.239108309,152.188056,480912.124219,11.5614187588,1.0,[M+H]+
2122,253.117823171,172.333812,2459236.65419,4.6620374336,2.0,[M+K]+
10297,533.207368532,431.466282,80365.6567113,8.92605205303,2.0,[M+Na]+
3850,302.206744625,235.621536,136601455.026,5.91502158446,1.0,[M+NH4]+
2127,253.151722643,388.096026,1796897.01076,3.32865529169,10,
2130,253.162239067,897.38334,90443.8786498,11.0650921917,10,
2131,253.17350068,175.851696,246480.438318,4.64546416016,10,
3323,288.252559365,1093.97463,29643400.492,3.05434681681,1.0,[M+NH4]+
10079,521.2713522,70.199907,602567.814395,10.8499381203,1.0,[M+H]+
2135,253.995098543,214.533897,846168.865513,0.776413497333,10,
2136,254.008435363,165.834936,1069749.88352,7.17874338512,10,
2137,254.018469209,37.9050558,1552368.65475,5.93395230434,10,
2138,254.033114197,407.082093,1091125.84961,4.61738984549,10,
2140,254.050932856,97.805829,1268273.49845,8.6228675991,10,
4511,320.036994707,898.52898,421953.913305,2.42130851528,2.0,[M+Na]+
2143,254.071048674,400.813647,182805.375624,11.4760180543,10,
2656,270.100690133,667.02486,281932.320779,12.7160574897,1.0,[M+H]+
2146,254.091071122,293.353242,420651.526982,9.71971823136,10,
2147,254.09596671,251.224218,205055.950957,9.3772955789,10,
2148,254.101773234,809.7885,354083.190563,7.9221424156,1.0,[M+NH4]+
2150,254.113157064,398.704464,395919.531738,11.1461178709,10,
2151,254.109451751,869.9946,185806.576424,8.59358719637,10,
2152,254.121125034,112.855518,8840639.97058,3.04599859033,10,
4248,313.168071433,172.251606,21062314.0679,5.32762406797,1.0,[M+NH4]+
2154,254.121006304,76.770846,1354532.65661,2.56936961009,10,
2155,254.125913605,129.897366,227010.790973,0.863279018347,10,
2156,254.1186431,330.977124,764718.744326,5.96980982855,10,
4666,324.225064653,945.73947,1468206.99044,9.3708992106,1.0,[M+NH4]+
2158,254.135971474,225.384462,1444358.40893,3.82959261861,10,
2160,254.13697258,70.193253,309305.011052,12.2265997069,10,
2162,254.147079706,507.812202,3188483.45595,6.15709623578,10,
2164,254.172114544,834.7239,34904062.0638,1.31246195488,1.0,[M+NH4]+
2165,254.171987698,645.04809,2773347.51218,3.40973382159,10,
2166,254.185769984,308.96724,11963038.3143,1.67583232547,10,
8982,470.22390798,365.233263,4744057.50096,11.4403303693,1.0,[M+H]+
2169,254.607033757,617.21436,7406993.17884,3.9796179139,10,
2170,254.641396323,224.416272,7646523.9883,3.13092137416,10,
2171,254.931427742,28.7756169,3080676.16384,3.70513610185,10,
2172,254.953567183,973.30314,135711.3842,7.44843165028,10,
2173,254.992069255,289.108044,648482.357962,5.92238232813,10,
2175,255.02531611,618.64008,174330.607518,7.3640596376,10,
2176,255.058916134,38.1901308,1929562.39558,1.71711585677,10,
2178,255.094684943,93.838827,2550246.53722,3.97927625911,10,
4279,314.131495458,45.7802994,5765882.01757,8.45484983868,1.0,[M+NH4]+
3197,285.117537817,929.74632,415641.26799,8.04393842289,1.0,[M+H]+
2181,255.10882548,617.28834,1626421.14306,4.27584138469,10,
2184,255.107897129,44.5890168,4095270.8199,3.755108377,10,
2185,255.131103431,65.927343,4657291.92781,3.52023684036,10,
2188,255.158422828,969.34137,30914886.8661,4.8848661854,1.0,[M+H]+
4289,314.189426853,148.762968,1520663.02101,3.99147769002,1.0,[M+NH4]+
2191,255.175311603,645.20715,251302.132738,12.9366778146,10,
2193,255.175337943,965.12898,335904.769735,5.57529568896,10,
2195,255.214246692,1109.08752,309234.567019,13.3408358876,10,
2196,255.242290151,1166.3784,218488.309588,10.1030766144,10,
5379,345.028076044,38.0966682,1090707.64697,3.53137310749,1.0,[M+NH4]+
2199,256.020470256,407.68404,59292.6767279,0.995023539788,10,
2203,256.080955415,265.263036,1728787.12312,4.91473856339,1.0,[M+NH4]+
5478,348.078665584,38.3743686,5688301.9764,5.41431418689,2.0,[M+K]+
2207,256.111165247,44.6801745,362227.06615,6.24533838212,10,
2208,256.112446121,481.846674,17003142.9621,2.3099533365,10,
2210,256.13602711,841.2837,2373901.88073,5.85909660563,10,
2211,256.126344273,34.293636,1726057.36977,4.26717006692,10,
2213,256.143266697,1151.61726,695856.900164,7.921086598,10,
2214,256.147912941,65.789526,208754.942232,12.7307362792,10,
2215,256.157104681,987.86883,20303334.4976,5.95564064216,10,
2216,256.157032662,1001.69976,13376322.4332,4.47220294365,10,
2217,256.176101648,129.299676,275886.438522,13.3399947338,10,
2218,256.595399815,568.372404,1552783.81862,6.18869884207,10,
3474,292.620409671,88.727424,190794.268375,13.7072476498,2.0,[M+Na]+
2221,256.636010065,70.201842,849500.36679,9.31583952394,10,
2222,256.666788268,153.73485,1659520.1483,0.985159310784,10,
2223,256.812477055,36.4486752,574906.138997,11.8500880695,10,
2224,256.929762822,28.7256528,1024673.97185,13.0353665838,10,
2225,256.94421899,26.5004487,3772997.60455,8.47715737881,10,
2226,257.05593718,38.0966682,600548.001066,4.60199018781,10,
2228,257.081304896,829.84782,3360121.57986,7.65965276319,10,
5602,351.059914546,894.86586,601109.357227,4.68481981848,2.0,[M+K]+
7302,406.171224603,375.052452,98172539.3158,5.38534377067,1.0,[M+NH4]+
2232,257.088129936,46.5097788,2474378.93227,6.659914895,10,
2233,257.100372497,83.9796,409392.32987,9.33696698499,10,
2234,257.103049653,743.19951,730892.980538,6.20977610077,10,
2237,257.110197294,62.869839,1160616.4924,5.9850480557,10,
2238,257.10767594,135.158436,854622.06489,4.89989109403,10,
2239,257.12790152,902.88858,27090928.1656,3.36061510929,10,
4174,311.135822997,965.41143,36137334.9903,3.89895142699,2.0,[M+Na]+
2241,257.130801838,693.25959,922226.227288,3.40021067431,10,
2242,257.15056821,1160.73861,54849763.646,2.0334407742,10,
2244,257.142233575,1230.38868,166600.995622,13.9310375709,10,
8574,451.202557983,964.8711,297061.318931,7.28090063804,1.0,[M+H]+
2247,257.221698579,958.1889,934300.148616,3.16052462309,1.0,[M+NH4]+
2248,257.588809243,244.734963,2233101.15,5.45902733741,10,
2249,257.603183729,343.447752,300837.577076,13.128159303,10,
2250,257.603992033,234.239838,679923.702216,7.68140162601,10,
2251,257.639655646,52.2104058,2423748.12417,4.34431756911,2.0,[M+H+Na]2+
2252,257.641607222,223.200342,284877.362953,10.0028862905,10,
2255,258.017390186,624.38331,600692.929152,12.2193424637,10,
2256,258.064481636,427.320534,175994.813862,14.6209678163,10,
2257,258.072515833,186.460944,1254408.98673,3.51459555727,2.0,[M+Na]+
5818,357.212418274,578.444202,2181019.12782,6.03809001619,1.0,[M+NH4]+
2262,258.117295967,331.248135,6716787.6593,3.39932165455,10,
7068,397.168174496,376.820703,454678.129502,3.08863916695,2.0,[M+Na]+
2267,258.205833747,992.48712,4821947.25014,1.45494657746,10,
2268,258.217080752,408.793518,148508.937404,14.1892976218,10,
2269,258.278587033,1104.51429,11653877.7189,1.65184192855,10,
2270,258.582036098,257.766852,1216537.04914,3.60813058436,10,
2272,258.665023084,110.603676,839549.539872,4.6250291894,10,
13085,774.948803302,33.0141975,396403.849397,11.4102491587,2.0,[2M+H]+
2275,258.96301807,28.5158802,1467820.93394,4.05438648321,10,
2276,259.027331113,37.7832396,1552304.98653,6.08171470359,10,
2277,259.019933312,218.001588,1038167.17929,1.72865469294,10,
2281,259.073735107,168.134436,1412927.04458,6.32596824247,10,
9191,479.223855347,346.334634,13865552.3884,4.84809246955,1.0,[M+H]+
2284,259.095996366,1042.04412,722037.96447,6.42484730778,10,
2285,259.092073788,209.034459,289569.026346,9.74547157642,10,
2286,259.099324641,894.98274,43261146.6374,2.56334460044,10,
2288,259.093556501,1058.30952,3815352.78211,6.58683571036,10,
2289,259.102148743,584.016732,350954.067872,1.67243302944,10,
5334,343.21506242,352.054185,29492269.2647,3.10509914889,1.0,[M+H]+
2291,259.104996421,466.056672,3891278.7095,4.56459565125,10,
2293,259.107083735,698.72214,213681.834488,9.56380758575,10,
2297,259.123465713,378.592017,180954.267912,7.7385413741,10,
2298,259.120619967,330.875124,99028.3142374,13.8154087407,10,
2300,259.141190303,649.49022,128876.258563,14.3614846592,10,
2301,259.143676222,31.6602966,406017.837613,13.0630270324,10,
2302,259.143582172,928.55352,2600148.1515,3.6668363358,10,
2303,259.200912139,291.32235,159081.084351,10.1623686082,10,
4926,331.258523495,992.46723,508173.067948,7.25489549263,1.0,[M+H]+
2305,259.2373781,683.89602,192486.699051,8.5998013792,10,
2306,259.245716741,1228.76106,1222008.48342,2.46843526548,10,
2308,259.616753888,539.53932,202043.465189,10.2617914561,10,
3477,292.646523807,68.295186,1470919.62987,2.53649873364,1.0,[M+NH4]+
2310,259.902417522,34.7282652,403752.919997,6.9906750557,10,
9786,507.115451734,38.2771308,268925.165207,12.4496073097,1.0,[M+NH4]+
2316,260.071408287,229.777716,844063.54724,4.01645883956,10,
2320,260.108103993,287.166978,301876.658334,8.31147398913,10,
2322,260.128408964,1113.33093,21241965.1359,8.54674970657,10,
2323,260.128479988,1095.80958,23827459.6731,3.65121771667,10,
2324,260.129343252,35.2614447,729610.213485,4.01033564005,10,
2326,260.139095254,387.133524,993651.504626,3.27895154757,10,
2327,260.159909446,68.879652,502749633.888,3.08246108759,10,
2328,260.159910911,159.299811,206826813.955,7.3143012346,10,
2329,260.159952958,139.845738,96227180.9494,3.52259375777,10,
2330,260.167494964,1092.45696,2249176.68519,10.7057899303,10,
2331,260.167613261,1037.76309,560838.667307,4.27778544902,10,
2332,260.167413268,814.44954,260675.903912,12.6342353175,10,
2333,260.196285772,61.66131,268369428.455,2.54056400348,2.0,[M+Na]+
2335,260.193302288,933.66165,546864.237903,4.69054871144,10,
2336,260.1963578,90.952224,9493635.92925,3.58531718525,1.0,[M+NH4]+
2337,260.196338554,110.743176,8668679.17801,2.43761037137,10,
2338,260.196317389,133.748988,9213383.69665,7.03019139228,10,
2339,260.221636043,987.94164,431106.204021,2.17659338987,10,
2340,260.257911941,1025.38494,2301364.64927,6.27233426935,10,
2341,260.577591246,428.003277,304805.920749,9.74099959123,10,
2342,260.588866781,187.113318,291029.079811,9.98270028299,10,
2343,260.875361433,33.8897949,524763.298368,7.17993259905,10,
2344,260.923288577,28.5903825,1949314.16163,4.07966940547,10,
2345,260.985561842,36.4486752,147370.482875,6.09551104477,10,
2347,261.021995542,943.28814,792324.671717,4.00052338006,10,
2348,261.039798745,466.680678,3002131.57467,5.3885574542,10,
2349,261.031722738,780.85272,264756.199315,12.9383460665,10,
2350,261.035806775,207.197952,100343.86392,6.73308437065,10,
2352,261.053964467,299.288118,4096536.43196,7.35715690466,10,
2354,261.051667097,966.84606,202667.304824,11.7219463197,10,
2356,261.072828978,53.1498708,1132374.94411,5.69230363169,10,
2357,261.07083445,407.502522,378737.715785,5.63707970399,2.0,[M+Na]+
2358,261.072686129,675.88386,1850566.47901,2.50843937458,10,
2359,261.076215258,634.44372,354976.918606,11.9716805205,10,
3650,297.10068052,178.136073,4013604.84172,5.48881854035,1.0,[M+H]+
2362,261.090098644,443.974782,184135.590879,7.04289199047,10,
2363,261.114985503,920.93844,66433613.1182,4.28737384739,10,
2364,261.120726495,53.1498708,517427.793271,6.42019413121,10,
2365,261.138921088,136.0593,360998.975308,2.72757925116,10,
2896,277.131626,766.59753,2810354.79337,12.9169380008,2.0,[M+K]+
2367,261.143937508,339.570627,649031530.219,3.85524137501,10,
5820,357.212419091,270.203916,187840223.512,6.60444531303,1.0,[M+H]+
2371,261.155224718,29.4536748,9415064.50347,3.3073233944,10,
2372,261.188466938,538.511577,6282743.81094,6.34508569001,10,
2374,261.199940327,410.662524,78843.8496704,6.78346695006,10,
2376,261.205423116,1134.17385,386389.997012,11.2960863485,10,
2377,261.261419249,1025.5359,302263.928987,6.73287932045,10,
2378,261.63087228,91.272102,321398.623509,9.34729195525,10,
2379,261.922600714,35.7070164,171590.605987,6.38147206457,10,
2380,261.961142133,35.9519619,81653.4921201,13.0378213714,10,
2387,262.067385267,436.978164,179358.515872,5.69617378161,10,
2388,262.073924149,178.446198,3885962.77447,6.10829397849,10,
2390,262.110096716,86.147592,346648.06754,10.1871136054,10,
2391,262.110282809,556.447578,968046.644205,7.61128969357,10,
2393,262.10675595,797.68854,540313.732188,1.67604535214,10,
2394,262.127926634,53.4943695,161431387.485,2.60025170875,10,
4521,320.163180599,375.372633,3814828.31957,4.24402487744,1.0,[M+H]+
2398,262.147629907,420.569721,1147006.69091,2.97357283735,1.0,[M+NH4]+
2399,262.146517915,749.16798,10639623.7757,1.47772914927,10,
2400,262.144953051,41.4439575,4845112.68087,5.71639269209,10,
2402,262.14671367,828.26718,422017.07743,4.75167481894,10,
2403,262.177427937,968.47347,125113.667368,8.81467091713,10,
2404,262.237109805,911.83896,10242365.0945,2.11956811128,10,
9686,502.228608036,687.14031,12060819.234,6.29587695688,1.0,[M+H]+
2406,262.59598825,372.691398,162277.808705,12.229966423,10,
2407,262.638781641,234.976659,7288995.57524,5.0585697233,10,
2408,262.638780191,98.93616,311521.928507,3.58030391259,10,
2411,262.991965509,28.7452329,29233043.5942,7.66037437861,10,
2412,263.012759731,35.3795751,2055074.57926,5.98533780028,10,
2413,263.025483866,887.68632,1200695.80049,3.50698617045,10,
2414,263.028489366,780.82455,203074.55522,14.5632192494,10,
2415,263.038778891,624.38331,7208808.29046,1.98456521357,10,
2416,263.044488243,82.10328,4007053.68712,5.8731118217,10,
2417,263.06059779,51.1605162,3079428.97524,0.614547650569,10,
2419,263.085553249,177.167823,215504.271033,6.97157937439,10,
2959,279.100340161,291.64236,1430948.61598,2.33834649622,1.0,[M+H]+
2422,263.105591194,122.435556,2348760.19746,3.51949352231,10,
2424,263.120259995,500.092059,9482745.56685,3.24895495552,2.0,[M+K]+
2427,263.141866744,320.754687,47260707.5153,4.30812557598,10,
2428,263.138348428,722.24169,51168529.7544,3.78393201119,10,
2429,263.138513103,268.769415,2173728.37104,3.50058751773,10,
3695,298.167630328,973.52928,4687549.24914,3.76840924608,1.0,[M+NH4]+
2431,263.131196424,53.5950765,18787516.6285,3.44688226131,10,
2432,263.141771324,372.488391,57061742.3535,4.66693561542,10,
2434,263.180547937,1049.66808,242612.295535,11.7176271122,10,
6908,392.176468194,43.1058657,11899255.6516,3.51424905754,2.0,[M+K]+
2438,263.585173398,551.663898,141202.58618,6.27727123304,10,
10154,526.178090509,378.041508,2286560.45068,9.39877185863,1.0,[M+NH4]+
2440,263.652336829,410.34141,15671631.0892,2.12298681423,10,
2441,263.652291107,430.635648,9517670.17931,4.52829062232,10,
2443,263.984796859,214.856145,217409.862269,7.67849704879,10,
2446,264.049790371,80.843685,1708026.68426,10.6428156819,10,
2448,264.056175761,35.910855,141345.765165,12.8676477092,10,
2449,264.057114485,816.45102,914311.98636,6.27517247068,10,
2451,264.082845057,141.946491,441249.228644,14.3441266615,10,
2452,264.071686871,34.8492945,575816.559342,5.77168232779,10,
2453,264.089493645,119.153172,211129.382943,8.10108588095,10,
2454,264.099057389,291.375669,820376.627993,10.1244724225,10,
2455,264.094195666,377.949078,995880.014902,5.36459106185,10,
10862,561.263217273,39.6652632,2514980.5525,6.71529048917,1.0,[M+NH4]+
6891,391.206507238,578.464464,1712355.4293,7.90652563638,1.0,[M+NH4]+
2460,264.123916921,308.402364,249923.112264,9.3233375434,10,
2461,264.122525885,203.389716,5840124.6812,10.7536566623,10,
2462,264.118334801,39.9717354,1764801.30822,7.39990884871,10,
2464,264.142337933,140.84946,87288.5222392,14.7722687323,10,
2465,264.145267457,293.874354,17149566.8268,4.18871093234,10,
2467,264.180678863,265.11798,7007124.23751,5.18342181621,10,
2469,264.193029413,42.7920495,462850.32613,13.6440518676,10,
2471,264.206440333,940.56099,132691.650895,9.1484165804,10,
2472,264.582425502,664.01766,2612843.31106,6.05836616621,10,
5048,334.701766254,633.25299,15496068.4136,8.03451030795,1.0,[M+H]+
9420,490.291841297,1195.50033,8773999.22779,11.9743790028,1.0,[M+H]+
9425,490.291996676,1176.6627,4901031.38831,8.16723226304,1.0,[M+H]+
2476,264.61993646,356.749881,289585.920829,6.39150372732,10,
2477,264.619932742,292.2816,95706.4987764,7.99259241706,10,
9774,506.260101768,501.36987,126984649.028,6.97836902059,1.0,[M+H]+
7881,425.719843586,62.297778,1034347.42216,11.5486652129,1.0,[M+NH4]+
2480,264.617209044,172.22676,250129.522637,14.194327941,10,
2482,264.641787899,63.538284,214686.800062,6.61376803015,10,
2483,264.655272139,410.662524,509195.145082,8.96007201602,10,
2485,264.855386563,33.8897949,1066402.04544,5.85086063242,10,
2490,265.008760471,35.9158245,1637640.0973,4.10026134565,10,
2491,265.018821038,393.27315,88405436.7609,1.55127522041,10,
2492,265.018914878,87.45444,1759766.14674,8.19424198476,10,
2494,265.046628958,714.82989,211924.325996,12.4230735484,10,
2495,265.047492712,905.02968,38899716.7031,3.13583728232,10,
5521,349.098443994,921.63276,120615141.334,4.72959092473,1.0,[M+H]+
2499,265.069187214,38.4091134,31698211.9266,1.78898580549,10,
2500,265.090738211,295.585488,1132482.69403,9.67496404683,10,
2504,265.125710733,94.802859,647533.96242,13.9361239421,10,
2505,265.121174659,308.96724,426995.117739,11.453909992,10,
2506,265.124607825,1195.45482,1026922.13102,9.74079981397,10,
2508,265.137034575,344.865876,1493668.61227,4.8556565347,10,
2509,265.140476861,936.37719,49956596.0153,2.90031156106,10,
2510,265.132117855,1001.38224,116375.921976,12.4830103087,10,
2512,265.152270639,290.75685,138446.811661,9.68946201744,10,
2513,265.154087233,351.949314,59532322.732,2.76440797341,10,
2514,265.159730532,617.44905,23208459.066,3.23006672249,10,
2515,265.178706068,1142.31192,8662181.56486,8.89001745564,10,
2517,265.201183141,42.7920495,531064.687034,7.41915621329,10,
2518,265.596957083,63.552312,551941.290799,8.1923707297,10,
2519,265.617309611,685.50438,94785.8000166,14.2872812153,10,
2520,265.902756637,27.5224899,1821410.49552,14.1552372205,10,
2521,266.03311855,242.292405,268694.715787,10.2332575511,10,
2526,266.089494358,464.941293,142028.976406,8.65182617918,10,
2527,266.072684223,933.43548,2234897.26736,8.06330900916,10,
2528,266.101708511,65.129442,424630.588629,14.5724500135,10,
2529,266.099217519,444.170163,154170.43611,12.3411106574,10,
2530,266.096786303,303.362304,854031.842345,4.04854698308,10,
2531,266.096662822,255.858852,745911.157808,5.18633704735,10,
2532,266.095693586,35.4937068,99084.2889324,7.73658284472,10,
2533,266.141413979,962.28951,6648592.01204,11.4555455651,10,
2534,266.141091048,293.672862,538366.889424,8.34542368692,10,
2536,266.141971621,912.48366,303503.407734,7.46521352457,10,
2541,266.247312229,937.85274,80116.8879587,5.9992182577,10,
2542,266.594457389,365.87739,219145.735934,12.2051934019,10,
2543,266.649071165,57.4098408,21965101.4125,1.29852309622,10,
2544,266.926984241,31.9779852,10187998.922,2.24584326829,10,
5170,338.073876478,73.173906,8342693.52202,5.10597340854,1.0,[M+NH4]+
2546,267.015678102,393.115275,5622620.42522,3.51713169829,10,
4551,321.062231176,430.732095,1035392.24777,5.54596982597,1.0,[M+H]+
2550,267.076809739,279.54798,3223120.01491,3.69054606115,10,
5859,359.097930779,857.47428,846645.479647,4.60194310567,1.0,[M+H]+
3154,284.131426094,64.978845,5452260.08935,3.92509861885,1.0,[M+NH4]+
2557,267.109809117,699.07077,4784092.0846,5.02064999188,2.0,[M+Na]+
5390,345.131231855,293.5566,758992.676352,5.27888765379,2.0,[M+K]+
2561,267.131031078,857.58558,101046.86607,11.3333196356,2.0,[M+Na]+
2562,267.144565568,84.137601,33002074.0378,3.38374163843,10,
6097,366.21839118,52.2390258,213537.797139,14.2748298397,1.0,[M+H]+
5071,335.150160582,1296.94632,583877.114309,6.29975713442,2.0,[M+Na]+
3734,299.184511243,1069.71579,40186029.3521,4.13897699538,1.0,[M+H]+
2567,267.149439057,140.810244,429017.050659,10.6066713754,10,
2568,267.171315916,1161.37026,30195057.915,4.48016106487,1.0,[M+H]+
7717,419.249120052,343.743129,94405315.3011,6.52572005433,1.0,[M+NH4]+
2571,267.225151936,712.44924,1654525.62133,5.5219021195,10,
2572,267.52135399,88.256601,350112.474593,9.68807693916,10,
2573,267.604935823,431.051343,945128.286772,6.11481058887,1.0,[M+H]+
2574,267.632987916,592.388778,2915275.08487,4.27315638699,10,
2575,267.659783729,799.57641,426591.810033,12.7053659783,10,
2577,268.02741248,37.3682649,1182161.42175,3.88149029008,10,
2578,268.059130712,927.97902,622725.571309,45.3580886911,10,
2579,268.066687915,952.04907,4189657.88235,4.59224869101,10,
2580,268.077787308,268.929108,1457111.40093,5.40091286435,10,
2583,268.081823155,1228.77831,852930.588653,5.83883506704,10,
2584,268.088988467,857.0391,358941.419618,4.93062087409,10,
2586,268.097044905,976.15173,1974044.13501,7.52798517756,10,
2590,268.126124078,80.164779,6459203.16662,2.59261848009,10,
2591,268.120911699,430.905969,274212.739978,8.34221921062,10,
2592,268.120860083,330.603567,1077594.54286,6.12272815221,1.0,[M+NH4]+
2594,268.120977733,399.284154,335949.122557,5.49728091375,10,
2596,268.133833295,1024.92264,788645.31506,2.64179424021,10,
2597,268.136577603,352.421754,293957.563664,7.66899608801,10,
2599,268.153614359,1006.11852,481386.438648,5.99020821541,10,
2600,268.135245487,336.01926,85602.2863265,11.4052894877,10,
2601,268.159475448,1064.58054,14972973.2511,21.8875196214,10,
2602,268.157102133,1033.79577,18843029.0042,11.3693773166,10,
2603,268.16258759,507.800445,25632061.2437,7.57194063944,10,
2604,268.170738147,393.827772,2564442.0016,4.38824922574,10,
2605,268.162594427,38.9372691,2480968.16718,5.36839466657,10,
4737,326.195300204,925.49418,2331674.87499,4.48146107923,1.0,[M+H]+
2607,268.201278047,418.100022,158746.124358,8.54749148197,10,
2608,268.201478493,383.177508,229682.973873,13.7609178739,10,
2609,268.613444122,322.264368,1642288.76502,8.2386960616,10,
2610,268.640791641,668.83536,1650921.31875,8.9405989267,10,
2611,268.656944276,275.814162,8197811.14752,5.11108736897,10,
2612,268.842684158,35.8250493,138347.892317,4.5205082034,10,
2613,268.863869947,35.7070164,201775.883214,9.38480583515,10,
2801,275.005497761,87.58209,9116513.7912,1.55005656004,1.0,[M+NH4]+
7392,408.99856328,31.9279311,681667.217461,8.43674095546,2.0,[M+Na]+
2617,268.997556701,214.533897,1875627.23278,9.18211718094,10,
2618,269.020621265,33.251361,1269421.48632,3.08799388832,10,
2620,269.039117147,969.62769,937321.326109,6.23629024906,2.0,[M+Na]+
2621,269.062619417,80.6454,1789412.65008,5.6677944995,10,
5057,335.050616862,952.24524,1841930.36021,2.0384564457,2.0,[M+Na]+
2624,269.089008798,875.78628,959826.282051,2.50516931449,10,
2625,269.08904682,806.06493,232148.137357,11.5905092424,10,
2628,269.089062117,643.33806,457458.825194,6.2161511261,10,
2630,269.110229538,288.545742,412348.30581,0.920015220739,10,
2631,269.110115935,141.067056,4419493.43792,2.86027433755,10,
2633,269.123726087,50.6243661,22383868.136,3.68899439743,10,
2636,269.160129304,59.7763116,131643069.679,2.64213159018,10,
2637,269.164239663,1069.64505,986158.990713,4.82397632142,10,
2639,269.229892137,883.39287,190845.672267,9.90376672479,10,
2640,269.587601359,826.84215,279115.668031,10.6342694689,10,
2641,269.599687716,130.800846,1751774.08013,8.82344336027,10,
2642,269.603028819,112.32336,305564.415472,10.7926253311,10,
9646,500.270468221,461.752053,9259927.86819,6.72618550924,1.0,[M+H]+
2644,269.639760989,68.91828,457341.75185,12.1099115466,10,
2648,270.005184532,638.71938,231752.372093,12.5097477181,10,
2653,270.08433304,65.257773,2183127.32037,4.13757111329,10,
5328,343.162832068,1056.0879,26635493.3346,4.30049415043,1.0,[M+NH4]+
2655,270.091413551,351.780132,404243.27475,11.9636547781,10,
2658,270.115926683,58.8511833,1128541.6029,6.76944006949,10,
2660,270.094324535,207.043524,277575.738603,8.40364878094,10,
2661,270.108735392,929.60388,674042.341283,6.7306026853,10,
2662,270.123165679,628.51026,190021.012818,13.8322249774,10,
2664,270.141884346,36.2476971,578971.096049,9.6171469644,10,
2665,270.15020068,830.48115,895477.987414,74.8554934905,10,
2666,270.16699356,684.08043,529818.21857,4.71607590585,10,
2667,270.180759545,309.934869,1228651.07774,3.19730401605,10,
2668,270.225022753,787.79058,82942.8985516,9.27152054685,10,
2669,270.27852375,1234.87389,88118023.9653,2.90656626438,1.0,[M+H]+
2671,270.607175959,284.653608,277756.80069,11.097307854,10,
2672,270.607309396,322.200627,852270.513063,5.9308197816,2.0,[M+Na]+
2673,270.607416616,52.5387198,1631370.42786,1.03559120697,10,
2674,270.797025992,36.1547964,439261.185968,3.11664347164,10,
2675,270.957412702,32.2959801,1804336.09639,5.35142957415,10,
2677,270.997510324,638.71938,287566.111369,8.08231635153,10,
2678,271.028334112,50.8110492,301794.83296,8.12232334806,10,
2679,271.032786829,38.0966682,1040386.88321,9.98884832664,10,
2683,271.059457102,252.6546,555515.521186,10.1639920445,10,
2685,271.079773624,208.547523,4033543.90001,4.04136523408,10,
2687,271.091803461,59.1276636,478436.553548,6.67196194132,10,
2690,271.104732045,434.030658,279845.420124,10.3522038357,10,
2691,271.1262997,359.320569,574687.650047,6.67207062542,10,
10062,520.331923253,723.66852,16931034.563,7.262321893,1.0,[M+NH4]+
2693,271.143505565,431.002038,334582.274617,7.22513761223,10,
2695,271.166183337,1165.48887,73460736.176,2.62685256973,10,
2697,271.175839072,345.1395,30707352.5535,8.23169784113,10,
2698,271.17576552,306.389934,57432580.4475,4.42833344433,10,
2699,271.188434234,507.781125,34320693.2743,3.05394973937,10,
2701,271.219663535,1203.84072,157284.292797,12.1673590596,10,
2703,271.586446945,390.51102,840570.417312,7.80292609018,10,
2705,271.598967211,637.54305,5183282.65947,4.03948971405,10,
2707,271.69020355,487.270548,3144957.3577,8.22998731933,10,
2709,271.951637287,35.8250493,709864.639515,6.54094033819,10,
2711,272.006866832,438.405912,454991.092374,11.164246165,10,
4431,318.067479482,962.44839,12407931.9402,2.20387970344,1.0,[M+H]+
2715,272.068915779,38.3397309,355335.899864,14.0922269084,10,
2717,272.088125012,390.022902,126616.290322,10.4284575703,10,
2718,272.080433778,38.3117685,4257090.97896,3.7074069496,10,
2719,272.100080583,1076.43489,641508.001276,5.68508670182,10,
2720,272.096769345,474.481419,9577365.76571,2.16638233811,10,
2722,272.105696389,45.0922659,1278563.40083,4.94063137371,10,
2723,272.11637314,826.00557,412496.002896,5.50833288178,10,
9753,505.260640564,259.844412,125383102.975,8.98900068533,1.0,[M+H]+
2725,272.107308797,292.392612,3701082.16395,4.75491353833,10,
2726,272.110666138,1266.39306,136914.204087,6.78747637903,10,
2728,272.1229116,870.96606,72163.9193875,6.53455511411,10,
2730,272.15206077,905.67303,969817.303822,5.99034427265,10,
2731,272.152025738,963.87909,1229678.34413,4.45896192356,10,
2732,272.170997974,42.8879502,304658802.003,3.19748015748,10,
2734,272.221423937,1109.50668,2642900.34118,3.61194363575,10,
2735,272.25775271,1251.58734,36654953.4209,2.56596502991,10,
2739,272.794194597,36.3743295,659906.779877,7.67308562651,10,
5134,337.025095443,87.45444,644457.41382,9.73312390925,1.0,[M+NH4]+
3945,305.072342384,898.28613,5888276.87957,2.51873226967,1.0,[M+H]+
2035,251.076899014,273.723612,2185466.55624,3.84128831702,2.0,[M+K]+
2747,273.087398573,90.638955,2503816.41254,5.87337799794,10,
6525,379.205329375,424.946088,10464235.5003,5.25313382606,1.0,[M+NH4]+
2749,273.08396595,688.74987,1538511.68641,3.15176476582,10,
2751,273.11212229,866.31687,249500.934612,10.4566654584,10,
2752,273.107492156,40.5970515,3967898.13637,3.81202067826,10,
2754,273.120295278,461.434101,235772043.5,2.18161296077,2.0,[M+Na]+
2755,273.122977386,738.15102,141052.117187,12.733031,10,
2756,273.128528161,52.833876,1526380.03855,4.19946847185,10,
2757,273.136649767,964.61397,10409265.0326,4.58522318786,10,
2758,273.162953185,49.3917432,605971.998169,6.76555499746,10,
2759,273.155704812,745.3278,55611.2137669,2.87239165083,10,
2760,273.168566157,922.92195,1214829.90255,4.3610025383,10,
2761,273.176758111,269.2296,620430.571767,8.39168999271,10,
9817,508.250514536,306.389934,5951676.69685,7.14524270667,1.0,[M+H]+
2769,274.007320481,732.06102,396506.891979,9.558120462,10,
2770,274.004901182,438.269418,200185.360951,3.72585686155,10,
2771,274.009217823,87.772788,788807.365704,13.4199278501,10,
2772,274.022823104,67.157334,291413.127035,11.8563002361,10,
2773,274.036450368,486.339372,156027.74793,8.30365767252,10,
2774,274.062077515,273.723612,340080.222633,6.02098817038,10,
2776,274.068004348,61.294458,1129762.27449,5.6832414554,10,
2783,274.126688238,684.26598,341193.569715,7.40295531961,10,
4332,315.192389222,1232.77731,56815809.3503,2.79151980873,2.0,[M+NH4+HCOOH]+
2787,274.140720909,897.55293,1399424.41302,4.58484164705,10,
2789,274.148942152,88.574346,674405.839971,12.3239083016,10,
6275,372.150544422,181.158009,2865391.67942,9.30929560991,2.0,[M+K]+
2792,274.18282408,1075.32525,1608643.09403,9.18924246606,10,
2793,274.208159217,1240.6482,743686.030238,7.25498551507,10,
2794,274.273345917,1006.45884,24420083.6407,2.48558757122,10,
2796,274.657766639,822.04803,1657368.32671,3.60118695357,10,
2797,274.791355772,36.2427375,299866.872433,6.79531321695,10,
2799,274.880728344,36.1547964,1201481.98768,6.14334611784,10,
2800,275.001018048,37.8765741,979068.066586,7.65983661903,10,
2802,275.007807156,67.259394,193474.295265,8.18744356117,10,
2803,275.03095917,809.6019,191397.361562,13.6227857526,10,
2804,275.03181788,902.30214,1362989.88323,4.44259122377,10,
2806,275.05689268,30.926652,2204359.03406,8.81136348724,10,
3944,305.078550444,251.704596,2100701.16714,7.25141188518,1.0,[M+H]+
2810,275.09966218,547.157454,130439.774777,12.4518224342,10,
2812,275.099713303,112.991325,3178375.77053,4.99214911634,10,
4604,322.174572703,314.931684,25911772.1016,7.82853429962,1.0,[M+NH4]+
2815,275.101909982,46.874862,50557039.6782,3.12607813973,10,
2816,275.102083002,212.375958,883429.245085,1.93198051218,10,
2817,275.101963393,657.86688,306749.443264,4.82544008472,10,
2819,275.126473297,461.363412,2360778.16798,2.63316211539,10,
2823,275.138419118,902.85006,3691485.91042,5.37280736074,10,
2824,275.151217075,727.1445,287314.064857,7.06411348743,10,
6165,368.21492336,339.729561,4805789.74514,6.1577655761,1.0,[M+NH4]+
2826,275.178828556,233.5269,6108580.75532,3.46241081613,10,
5461,347.191682321,158.001657,157128137.885,1.77453244696,1.0,[M+H]+
2831,275.1958339,578.774655,506841.905154,4.94983789851,10,
2832,275.59426164,365.71608,1945904.02384,4.50761379094,10,
10635,550.23591358,365.87739,2585786.39038,9.25318477331,1.0,[M+NH4]+
9907,512.3070179,588.865089,110473255.249,11.3270994737,2.0,[M+Na]+
2835,275.630523921,795.57807,120740.357595,14.0290543893,10,
2836,275.65222783,309.289869,34119958.3054,3.02018036729,1.0,[M+NH4]+
5273,341.602815252,343.26219,532296.117358,7.99492608845,2.0,[M+K]+
9909,512.343343785,799.41453,32043689.426,8.16665558981,1.0,[M+H]+
2839,275.959278363,36.0377676,187403.635013,13.5778479385,10,
2840,276.000384983,37.15005,3559875.13421,2.16039139217,10,
2843,276.028594372,436.978164,439074.481399,11.6522066665,10,
2845,276.057131427,827.29896,1443739.78299,5.25852778303,10,
2846,276.077991133,251.063469,431548.690216,8.58722448041,10,
2847,276.073329197,578.774655,475873.918337,3.74602160375,10,
2848,276.074801286,230.019846,60670029.3048,6.16779447422,10,
2850,276.070436476,430.856664,424606.259597,2.61395098159,10,
2851,276.089386879,72.654777,9235936.01016,3.63450406499,10,
2853,276.102752635,255.845976,877515.704786,5.45230182929,10,
3537,294.117896754,88.73385,92381497.3843,12.7601620613,1.0,[M+H]+
2855,276.107270317,210.492897,31740922.9867,3.33895981208,1.0,[M+H]+
2856,276.110091016,539.136195,316560.848336,13.3817727404,10,
7298,406.131169286,44.6261496,673833.447457,10.4936188216,2.0,[M+K]+
2859,276.123126638,941.57688,269727.698075,12.4813231445,10,
5358,344.132293026,379.768158,338811.355634,3.03603127335,2.0,[M+Na]+
2864,276.14367557,96.216447,540125311.161,2.63955780775,10,
2868,276.154931136,205.947144,7646378.44809,6.79710443117,10,
2869,276.154745197,227.797527,19054690.0436,6.4226344893,10,
2872,276.195177409,991.51473,11102785.5728,2.42115095646,10,
2873,276.260776948,1283.06868,108468.234092,6.16701276905,10,
2874,276.268035925,837.07788,183936.819719,7.03241896457,10,
2875,276.279639129,1006.29978,244907.131397,12.7076436241,10,
5592,350.715340799,366.820008,1600134.16686,10.2307896356,1.0,[M+NH4]+
10246,530.292437671,378.911892,53806390.024,9.04582501426,2.0,[M+Na]+
2878,276.788622744,35.8300188,50119.8673798,13.6095860155,10,
2881,277.00620259,353.075382,465204.711955,13.3565530092,10,
2882,277.040908771,38.0966682,1485734.54823,7.72645328906,10,
2884,277.054384973,31.1814996,418261.320149,5.05055350665,10,
2886,277.067550939,562.715331,1916344.42292,3.03657100522,10,
2890,277.117842482,132.082836,938269.684865,4.10169628596,10,
2891,277.117694056,602.49579,14995391.543,1.51569169774,1.0,[M+H]+
2892,277.121664059,44.0489865,6128851.0034,4.92767766265,10,
2895,277.137462265,522.231258,585471.088626,6.70580228714,10,
2897,277.132095646,57.5774616,440017.924362,10.5121332745,10,
2900,277.174782075,51.3768651,338152.246478,11.5210029622,10,
2901,277.179199128,1166.91537,217316689.488,3.95893569395,10,
4414,317.17165928,1040.47926,199701933.538,4.96193099774,2.0,[M+Na]+
11066,571.38037751,443.247279,17702269.6036,7.00983025252,1.0,[M+H]+
2905,277.188481715,471.449796,16499135.7107,8.36069687427,10,
2906,277.18840823,425.26428,3351508.7473,12.3998165763,10,
2908,277.200380171,933.82071,781587.840031,8.31412329604,1.0,[M+NH4]+
2909,277.609784274,585.669336,296338.942958,13.8695659311,10,
2910,277.62117642,132.659184,645176.302226,6.7789823611,10,
2911,277.644868927,367.172385,760657.728166,7.59212755044,10,
2912,277.669938878,616.16334,10213437.4552,3.7285522455,10,
2913,277.999902936,53.17824,398656.974339,11.5034391223,10,
2916,278.056598311,324.40062,142760.522149,12.8011106513,10,
2917,278.072690427,925.83378,1616655.46345,3.83948676134,2.0,[M+Na]+
2920,278.101377497,578.614212,244469.806154,14.3752554857,10,
2921,278.114932776,547.801521,1099942.19498,10.7031749153,10,
6887,391.200032323,227.31852,80384589.8182,9.25293370087,1.0,[M+NH4]+
2923,278.108320611,34.6093608,1303534.57632,4.80286908702,10,
2924,278.112703356,143.51103,407218.767983,11.7383642831,10,
10004,517.297071637,257.449032,30137202.4813,8.31630262015,1.0,[M+H]+
7925,427.217531958,72.662994,3230080.0143,5.0285256376,1.0,[M+H]+
4143,310.200452591,1046.20476,27975077.6314,4.58122863693,1.0,[M+NH4]+
2931,278.133951315,41.5381155,21986866.1691,4.29759159525,10,
2934,278.169808487,240.623724,176901.416318,13.0672173688,10,
2935,278.185997553,383.488014,1148323.5829,7.45112215474,10,
2936,278.210735702,1079.88738,355194.680126,7.85219030353,10,
2937,278.577517045,687.11088,330562.956546,10.2409883665,10,
8416,444.723887809,267.351228,5822815.62364,10.5980576298,1.0,[M+NH4]+
2941,278.933123449,28.978374,1176602.6397,4.47601458367,10,
4943,332.08202367,393.115275,9647175.45671,2.96406571001,1.0,[M+NH4]+
2945,279.04096466,32.6137989,734452.275999,4.76208861873,10,
7036,396.116607259,50.3087415,746666.842165,10.1604694882,1.0,[M+H]+
2947,279.043250474,951.92262,317859.832049,5.55133994365,10,
2948,279.063124487,1062.43734,11028477.9498,1.74443945364,10,
2949,279.056667877,876.92628,99444060.4166,4.48826329723,2.0,[M+K]+
10348,536.217533569,64.82097,32161628.9029,8.44251703745,1.0,[M+NH4]+
2953,279.090613699,344.865876,204899.679807,11.9828003965,10,
2954,279.085279269,679.31988,773632.838063,6.26118981783,1.0,[M+NH4]+
4593,322.133987402,962.826,1677984.01401,11.7416409414,1.0,[M+NH4]+
11123,574.264311526,359.160069,6702568.07119,8.96376610004,1.0,[M+NH4]+
2961,279.105326463,414.124788,1167917.36324,11.1594148311,10,
2962,279.104608208,334.094376,607761.910168,5.73297263503,10,
2964,279.12549091,922.37763,45164754.936,3.35157090601,10,
2965,279.117704427,41.094513,1249652.59661,2.01748288596,10,
2966,279.136746212,86.781621,8502055.27162,3.80684969356,10,
2967,279.133293306,100.371264,1560453.42331,8.10240109863,10,
6086,366.165152753,259.844412,45328987.7128,7.04738398718,1.0,[M+H]+
7461,411.181043846,151.97772,1522833.54914,11.1930156731,1.0,[M+H]+
2971,279.137567045,41.626926,2265803.03008,4.61104622846,10,
2972,279.169648661,530.695827,420415853.565,1.23350002563,1.0,[M+NH4]+
2973,279.169716347,477.669738,70715604.5846,2.82468716892,10,
7101,398.247630548,508.102248,4128737.06091,12.1948152272,1.0,[M+H]+
2975,279.169799405,396.695664,342660.824407,2.29630529395,10,
2976,279.16750244,130.919922,893536.497906,7.1982091345,10,
2977,279.173292187,235.07172,2656371.80575,5.85027047451,10,
2978,279.185920919,434.742099,73448722.1131,5.61322203849,10,
2979,279.185858333,463.185231,122746187.033,6.31652318477,10,
10056,520.254639632,745.13397,6715309.55914,12.1841631554,1.0,[M+H]+
2984,279.605681783,330.764442,1516249.07089,2.2275343556,10,
2985,279.618457763,91.278822,760797.97424,8.02457018038,10,
10788,558.287314211,251.223411,17000337.2884,8.00447774495,1.0,[M+H]+
2987,279.687673803,434.742099,21230154.1391,4.44269589439,10,
2993,280.045635776,214.533897,678864.956587,3.50821077311,10,
2995,280.059894728,968.76378,236348.483238,13.4994566233,10,
2996,280.067557865,230.019846,1168978.08933,7.91703118057,10,
2997,280.089565036,80.682723,8470753.39325,2.33393560674,10,
3000,280.09430678,319.299123,6476470.31209,4.3200737622,10,
3001,280.096950762,929.59569,1207674.04812,7.87926622524,10,
3006,280.126239487,90.330792,31896130.8699,3.44061992039,1.0,[M+H]+
3007,280.128602591,107.047707,22383404.3643,3.94101710183,10,
3009,280.128754316,266.059473,50769070.7251,3.58146952078,10,
3012,280.13836754,53.7250194,188778186.684,3.74876297281,10,
3013,280.144761468,67.036215,9705141.38508,2.73088417949,10,
3020,280.187709756,1055.76978,4866532.43291,5.15562091423,10,
3021,280.190106532,721.60917,1892456.21393,4.49080653948,10,
3024,280.224119901,1229.66532,25230129.1838,4.67090372231,2.0,[M+Na]+
3025,280.237721024,753.85365,9822766.76995,3.83708524408,1.0,[M+NH4]+
3026,280.62636286,966.78645,272668.656499,5.37093235029,10,
3027,280.65914372,209.790078,11736472.6464,4.62020217255,10,
3028,280.664874895,109.479306,189555.430419,4.64194730336,10,
3029,280.825828958,36.2476971,688923.498123,1.43632266151,10,
3030,280.88950407,35.7810543,885037.38981,2.86104515803,10,
3031,280.960736442,1655.94396,84594683.447,10.726539089,10,
3033,281.017925256,214.70874,353207.147,8.89159318983,10,
3034,281.031298526,393.27315,5756275.99287,1.75225817199,10,
3035,281.042364306,685.95141,2799691.71599,12.1162366204,10,
6071,365.178528275,144.962502,7486025.68015,5.10106882755,1.0,[M+H]+
4515,320.095949353,207.735957,7367286.76545,12.3732880339,2.0,[M+Na]+
7040,396.176452052,171.958098,306752.176116,9.93600373656,1.0,[M+NH4]+
5207,339.114099958,1094.22588,943482284.029,4.87794127737,1.0,[M+H]+
4026,307.087812785,1073.82513,754468115.288,5.16605484645,1.0,[M+H]+
3048,281.092131788,935.22759,3662274.8716,10.8128220485,10,
3049,281.106091069,278.544699,4767124.9105,1.89055301628,10,
6094,366.201723041,312.83781,7216446.28457,5.38429025637,1.0,[M+NH4]+
3051,281.125333668,928.7142,1583048.00923,2.03378030852,10,
3052,281.123426794,58.809789,1509071.58638,4.41809821322,10,
3053,281.127659162,729.84612,123019.745301,3.59764512571,10,
3058,281.148972165,399.26721,5667418.31688,2.02254778417,10,
3059,281.14172704,53.7250194,22373667.2432,3.7908567458,10,
3062,281.190902239,1055.80716,606964.848176,6.40996177519,10,
3064,281.601626229,728.1135,291966.51321,12.2012090552,10,
3065,281.607302062,1056.14778,1133360.53052,3.08833379855,2.0,[M+K]+
3066,281.607354239,856.28928,1377081.28812,5.51341213804,10,
3070,282.040057147,375.212697,3374324.4102,3.41513055271,10,
4266,314.070530848,230.019846,4955028.47423,5.99812018663,1.0,[M+H]+
3072,282.062108388,981.15318,6271252.16998,14.668625466,1.0,[M+NH4]+
3073,282.066714856,816.429,294681.433348,8.96657426439,10,
3075,282.077889022,238.434462,78052.1520449,6.65664088727,10,
3076,282.080191827,152.61834,313904.489286,7.95561904073,10,
3080,282.112769823,940.61151,279957.092166,10.7943153969,10,
3082,282.112683355,883.87386,688940.528089,5.30035332911,10,
3083,282.109166748,856.0656,327636.572826,9.75283313884,10,
3084,282.119306841,142.779027,267385.842109,11.1555698491,10,
3086,282.119018613,70.987782,11620169.1663,5.33756258402,10,
3087,282.119273289,216.251952,576002.188363,4.35001186146,10,
3088,282.141683433,159.55425,35663563.3076,5.27277686181,10,
3089,282.136684781,475.387542,2417390.90777,4.21539089271,10,
4696,325.185962821,191.028084,550702.591661,5.70451251436,1.0,[M+NH4]+
3092,282.1515371,815.5503,6467183.86771,2.79900181522,1.0,[M+NH4]+
3093,282.162340594,298.351242,22973922.1681,12.2703891556,10,
3094,282.163544976,88.73385,234908.422599,9.77661308783,10,
3095,282.162469284,331.728435,8969619.9588,6.79037763937,10,
3096,282.166935162,538.511577,2557332.42742,2.71048054767,10,
3098,282.191861558,290.684226,1259975.04732,4.22783503593,10,
3100,282.638245251,857.26182,389706.54959,4.74589114655,10,
3103,282.884694035,35.7070164,109073.587742,3.74598498294,10,
3104,282.904658861,31.9779852,13046216.1075,0.97535541369,10,
6621,383.003974198,32.2959801,2697641.47809,5.59627797312,1.0,[M+H]+
3106,282.988082398,35.018136,59747.8853119,7.40083907902,10,
3107,283.013190677,214.694706,6553624.8068,6.4290318239,10,
3108,283.026588785,33.573888,245036.011194,9.16595876142,10,
3110,283.043479804,375.373014,216742.857154,9.54354815033,10,
6906,392.143467304,46.5324978,3968914.83173,8.99507008966,1.0,[M+NH4]+
3113,283.07168842,368.143017,413076.850106,12.5982471138,10,
3114,283.1029316,255.215409,1772488.70368,5.52483717102,10,
5685,353.12966868,1162.4775,148082950.043,10.2295503463,1.0,[M+H]+
3116,283.09671429,1109.8872,124187337.235,11.9486579045,1.0,[M+H]+
7805,423.126469497,47.1585519,5363064.16324,3.92225173238,2.0,[M+Na]+
3118,283.096512088,1135.68969,35643801.3545,2.47016823133,10,
6833,389.202168828,231.607839,32427019.198,8.01818537874,1.0,[M+NH4]+
3121,283.104812459,465.579234,1371492.13411,2.83212197336,10,
3122,283.125179552,67.836684,22510313.5504,109.849822265,10,
3123,283.128212341,120.29946,38929578.8499,3.27356621049,10,
3127,283.126097672,420.55854,336559.059207,4.1666362811,10,
3128,283.117716251,614.98332,282086.832998,14.2790898548,10,
3129,283.137206385,34.6950078,899025.724136,1.77461424054,10,
3130,283.164520411,47.099082,1336730.62115,8.55095543363,10,
3131,283.154725597,814.90332,712744.930385,2.7585361442,10,
3134,283.649074074,89.685672,843980.344247,11.2576300632,10,
3135,283.963937884,87.780282,1314175.82652,8.29278662632,10,
3136,283.976539474,32.2959801,724040.247717,6.71023860706,10,
3137,283.984585941,407.255964,114641.805217,11.3130231296,10,
3138,283.997238943,407.727846,358377.058463,13.3925430053,10,
3139,284.016801247,214.760958,609761.824779,7.82212937503,10,
3141,284.061064468,407.03616,92043.1903838,7.15342307414,10,
3142,284.062189476,975.85536,443492.060503,5.75587320076,10,
3146,284.09814948,105.136398,16198597.1989,4.73873803564,10,
3148,284.116405856,754.97583,422089.661299,9.39247709119,10,
3150,284.107217734,348.586506,234615.259762,3.2505887493,10,
3152,284.128383971,951.16665,210008.566788,6.95247972872,10,
3153,284.125416389,262.889484,979198.624499,9.32496298341,2.0,[M+K]+
3156,284.138601427,726.63315,420629.517485,3.80041546504,10,
3157,284.147834364,608.68704,2362871.9401,7.76831034771,10,
3158,284.151244098,90.005166,253566.192581,2.43276017935,10,
3160,284.167227418,899.8035,4529082.3612,3.43668740493,1.0,[M+NH4]+
3161,284.167314187,1049.66808,124903.362688,7.7080761163,10,
3162,284.294101372,1265.42016,37408790.5135,3.94805789404,1.0,[M+NH4]+
3163,284.599808928,104.989734,3432333.48781,3.66618035483,10,
3166,284.617252805,540.010944,310156.158846,4.99420552088,10,
3167,284.643410068,825.9882,587738.344328,9.64944127094,10,
3168,284.679687433,380.410272,280165.101935,10.9537442666,10,
3169,284.8203849,36.0377676,245259.163207,12.9553951757,10,
7224,402.901344527,32.6137989,14776720.3723,7.44736740178,1.0,[M+H]+
10932,564.971877108,32.0578176,1071824.46643,6.81512299421,2.0,[M+Na]+
3173,284.973019559,32.3764485,759477.508792,6.36420129841,10,
3174,284.994434575,35.4987978,1046934.76892,3.14563910008,10,
3175,285.010395963,780.69036,553768.573401,5.07446728777,10,
3176,285.011930621,36.2863884,164036.74247,9.84415306549,10,
3177,285.045806982,988.49031,370114.343201,12.406013858,10,
5321,343.109078929,627.77295,942875.53869,11.3159990253,1.0,[M+H]+
3179,285.075104314,317.683872,1556258.88014,3.37438732861,1.0,[M+H]+
3180,285.073647826,835.49667,4177478.92565,2.51336079909,10,
3181,285.087125164,372.970956,3451650.71062,4.81366281362,10,
3182,285.082792708,41.6335815,2521345.3289,10.4967777176,10,
10921,564.248684764,68.934717,113767206.034,6.11619167432,1.0,[M+NH4]+
3186,285.085890933,623.01186,1214794.61648,6.55207589791,10,
3187,285.114622102,435.391224,3299176.13989,5.76818210755,10,
3190,285.112448588,1190.99616,13425335.1623,6.72745435945,10,
10259,531.291727344,616.16334,42660833.3438,11.7860165534,2.0,[M+K]+
3193,285.128254959,326.076438,461036.355564,5.07616612146,10,
3194,285.120710296,57.4098408,1682407.90546,6.53534398327,10,
3195,285.121105192,350.350194,743291.532567,6.54137023291,10,
3196,285.122763843,668.52375,4148955.35287,4.22204331257,10,
11018,569.266848187,61.040406,7215536.75263,2.39384026921,1.0,[M+NH4]+
3200,285.155944097,1159.72704,552662.199581,8.7931706617,10,
3203,285.289658802,1012.18302,371566.386987,8.62825493178,10,
3205,285.62522348,489.370278,594634.973782,4.8075840287,10,
3206,285.62453797,616.06122,2097849.18634,6.98919886896,10,
12937,749.303817452,322.683306,12314810.3232,9.23985108859,1.0,[M+NH4]+
3209,285.632992066,711.40152,4678159.30082,7.69472041222,2.0,[M+K]+
3210,285.632992597,767.895,1722687.70743,2.17639338231,10,
3211,285.648756245,822.00864,2040950.34094,2.97681421079,10,
3212,285.925840935,29.1422622,1477136.61212,5.42219548385,10,
3214,285.966976787,37.4688564,978527.144732,4.574764328,10,
3215,286.00066312,106.403076,450352.81402,5.37552744138,10,
3218,286.022984894,407.359542,131527.412469,7.94881011626,10,
3219,286.024455169,827.80578,430186.829242,7.19169095164,10,
3220,286.076969982,627.68262,228099.975409,10.0223045118,10,
3221,286.082391859,79.280562,4455746.857,3.3960494482,10,
3222,286.090457861,373.014156,300981.247227,10.4427865016,10,
10300,533.237821408,395.571462,2437102.61664,12.4436489016,2.0,[M+Na]+
3226,286.121013367,99.900729,454597.402676,9.56298763198,10,
3227,286.121465981,52.5183114,762227.039972,6.54583902595,10,
3228,286.105031265,383.882769,434276.038114,3.33667479966,10,
3229,286.127948074,67.930275,685760.302427,4.19195953172,10,
3231,286.121070831,119.564808,541304.504842,13.6644821863,10,
3232,286.132011883,917.22108,264169.574148,10.8251913767,10,
6324,373.243751746,118.554603,142494.854392,11.8972234668,1.0,[M+NH4]+
3234,286.15023975,53.4085314,23841702.3763,3.13163886083,10,
3236,286.150464211,822.04803,533220.887542,4.80407380392,10,
3237,286.175412377,167.924283,494223775.556,3.10468501274,10,
3238,286.175367021,254.889102,70422512.8729,3.94470453962,10,
3241,286.182694516,864.26976,292376.091964,6.99206144308,10,
3242,286.200658753,701.48925,38231362.7808,5.19184417295,10,
3244,286.193663078,471.609042,679372770.744,7.93852344938,1.0,[M+H]+
3245,286.193668754,427.623156,26199691.7868,5.38465574817,10,
3246,286.591898514,367.658205,497463.880269,11.671841265,10,
3247,286.624731274,199.737582,98361.6779921,14.1646373628,10,
3248,286.61965539,378.66801,223284.039797,2.94241416606,10,
4460,318.661734253,471.290982,6470804.44353,6.20911184359,1.0,[M+H]+
3251,286.771006723,36.2476971,270693.48426,7.26159423335,10,
9297,484.849155434,35.3795751,332451.036944,9.97315603975,2.0,[M+Na]+
3253,286.897421574,32.2959801,464139.012543,2.73897079409,10,
3255,286.969868021,66.979839,355275.057509,12.9504035601,10,
7641,416.966032031,888.14961,505900.15351,5.37346262091,2.0,[M+K]+
3259,287.052821495,621.63561,384331.833451,1.40587326933,10,
3261,287.075598,142.137216,271813.422896,13.7290716581,10,
3262,287.075578007,212.598399,527403.878925,1.10703138046,10,
4563,321.122083089,105.77283,100706638.995,7.20452620474,1.0,[M+NH4]+
6656,384.137225454,686.17506,3794785.62021,7.61905419684,2.0,[M+K]+
3267,287.111653672,729.70794,137769.919592,6.47930980854,10,
3268,287.109480387,336.704187,5364518.30168,4.88009652357,10,
3269,287.112952967,140.688456,186756.376649,14.1943747094,10,
3270,287.109561179,486.362304,137441.311526,14.5938602394,10,
11833,618.31549063,543.616887,600062.849035,4.78826023069,1.0,[M+NH4]+
6604,382.160095167,436.677093,1138692.82512,8.47287309002,2.0,[M+K]+
3275,287.138446251,624.53781,7237059.51196,2.19074518084,10,
3276,287.135169281,826.18668,194446.852598,11.526671811,10,
3277,287.152767103,67.930275,5374941.44894,9.1414819927,10,
3278,287.153673529,53.4085314,2727886.141,5.97622612795,10,
3279,287.149398593,427.623156,185592.683317,4.23417727095,10,
6945,393.212066215,291.375423,17576216.5483,8.50527871586,2.0,[M+K]+
3282,287.192611214,293.136048,286766.530927,9.38354695114,10,
3283,287.196670493,471.232914,36976235.8919,6.92466459911,10,
3284,287.232289849,755.96418,178260.012944,4.51461630072,10,
3285,287.268642921,1000.4025,2875833.40219,3.35098028546,10,
3286,287.313128455,1150.23306,123530.046507,14.7789399715,10,
7136,399.631841433,379.551828,775154.154605,11.5922503647,1.0,[M+NH4]+
3288,287.631917404,378.806022,206934.372562,5.95443086341,10,
3290,287.662804846,264.163236,159548.615033,12.2187164226,10,
3291,287.925503912,35.4987978,142420.919302,7.9080887838,10,
3292,287.958684807,28.7452329,4166246.41151,4.87658692338,10,
3293,287.984041827,165.558012,1298855.8226,9.90073276014,10,
3294,288.012004426,35.3795751,223997.949233,10.2412519468,10,
3299,288.100398385,52.0526559,921210.093943,13.9793484734,10,
3300,288.110776168,962.28951,32530122.9768,2.81341931588,10,
3301,288.110799261,974.85003,9578955.47175,3.26633843737,10,
3302,288.112906389,336.570618,467304.213663,10.830667244,10,
3303,288.128386874,578.818587,270928.720241,8.8154980677,10,
3304,288.125803477,800.49042,326391.24155,5.69307178701,10,
3307,288.154883989,94.632576,53257216.3412,3.37061499012,10,
3308,288.162190817,1031.28651,277477.599739,9.6625738128,10,
3310,288.162336512,349.327563,5955521.83812,3.19480958219,10,
3311,288.162160966,898.31841,2270280.61236,4.80040959283,10,
3312,288.156107687,1092.29883,862502.787429,7.14954812619,10,
3313,288.186198828,243.267531,278173.075167,7.31217932773,10,
6541,380.190777107,258.088782,1789531.89712,9.24809036891,2.0,[M+K]+
3315,288.191128202,194.566575,39048285.4973,3.96550043545,10,
3316,288.190982255,82.87704,2507318.3844,3.5345892564,10,
8369,443.223907639,215.829963,6860120.54471,10.1180587598,2.0,[M+K]+
3321,288.203910531,712.29912,153595.184148,14.9586327812,10,
3322,288.194966974,893.55402,490744.074728,5.37467189776,10,
3324,288.289020981,1048.11645,68367144.3997,6.52146244538,10,
3325,288.288936395,1026.81549,64021781.7853,5.27592246366,10,
10400,538.276481186,966.65184,5712057.04211,9.91048163195,1.0,[M+H]+
3328,288.623712396,253.782786,341166.771277,8.31534015342,10,
3329,288.62371407,91.118571,1868468.30331,1.69005635368,1.0,[M+H]+
3330,288.635752685,367.143132,316286.838576,8.39043061637,10,
11161,576.297611987,66.394938,37332515.6745,9.29999090684,1.0,[M+H]+
3333,288.768203734,36.3743295,379114.641847,5.08366027504,10,
3334,288.921237386,33.4466394,46533759.2626,3.29160657074,10,
3337,289.021145456,87.732435,1113340.86547,3.01433093919,10,
3341,289.072548437,421.050408,324818.309832,7.39185797912,10,
3343,289.071066689,726.23877,1096437.35445,7.85244069912,10,
3344,289.084415932,256.968657,346913.244234,8.47994798185,10,
3346,289.083745971,47.8090932,979330.807575,1.02786286161,10,
3348,289.10010571,96.070539,788240.660229,14.0671191752,10,
3350,289.099392327,396.856146,700440.889685,2.88290432321,10,
3351,289.103293182,310.181748,266197.319806,10.0192685188,10,
10418,539.244536242,267.813165,5015448.01489,8.84497947653,1.0,[M+H]+
3354,289.115284036,293.613798,2693460.06984,4.32457637208,10,
3996,306.144183599,239.029404,26684605.3357,4.92251912629,1.0,[M+NH4]+
3356,289.120909157,849.54141,182303.795778,9.51105573503,10,
5183,338.170307506,340.047696,12205841.0081,3.84456440254,1.0,[M+NH4]+
3358,289.119132355,1019.2113,112341.277795,14.5803152898,10,
5398,345.226407743,1180.7643,451261.556456,11.01426423,1.0,[M+H]+
3361,289.165441043,898.31841,204230.092092,8.35368457384,10,
3362,289.158025509,646.31958,430274.355149,13.5439479404,10,
3365,289.194541073,130.960908,20639552.8224,4.63432407414,10,
7338,407.227608771,153.57591,1366358.94226,8.65230829468,1.0,[M+H]+
3368,289.247838986,992.48712,191076.967655,12.8518289829,10,
3370,289.598951812,636.74649,4810528.07029,2.20720462559,2.0,[M+K]+
3371,289.60121657,267.955596,152071.565484,7.07715633009,10,
7103,398.700163396,68.635146,767059.322787,7.95984193041,1.0,[M+NH4]+
3375,290.073940595,979.00083,6329834.88582,89.7617996116,10,
3377,290.069900241,214.694706,393714.812152,4.46440314384,10,
3381,290.101695066,1007.71869,2341522.10887,5.49845408271,10,
3382,290.101430409,891.71577,156341.58869,6.84093520076,10,
5098,336.114354757,962.28951,30021651.5277,11.3112033976,1.0,[M+H]+
5099,336.114347667,975.1686,4867566.37939,12.708617001,1.0,[M+H]+
3387,290.125397804,475.755609,19443188.6507,4.43416207373,10,
3388,290.11830603,293.295738,249663.59775,9.12057953798,10,
3390,290.137797471,738.19566,734621.986116,6.507518562,10,
3391,290.150015454,1265.09916,649231.716381,13.0725438872,10,
3393,290.177667953,879.26508,745006.846925,7.39550708444,10,
3394,290.177749399,969.09099,13701298.7074,5.41450431965,1.0,[M+NH4]+
3395,290.171999139,941.88294,166052.342443,13.5616261191,10,
3396,290.173773921,1168.72584,172475.661683,1.66570268387,10,
10576,548.235599381,215.668713,5631819.47869,9.14415556948,1.0,[M+H]+
3400,290.208572057,66.69978,380787.796559,12.3401968791,10,
3401,290.268233944,1018.7067,25455088.9938,4.41622202259,10,
3402,290.268283084,907.16337,6193290.99819,3.1839540948,1.0,[M+NH4]+
3403,290.612360278,1079.67501,286246.674929,14.8657568582,10,
3405,290.624340758,726.8214,242191.492903,9.55062395495,10,
3407,290.631824278,365.555262,362654.248308,7.56574005578,10,
3408,290.765467839,36.1118709,196902.252137,13.1561887192,10,
3410,290.894100286,33.5707311,412476.642472,1.68770773673,10,
3412,290.941782747,32.4859524,749395.584822,6.55293565819,10,
3413,290.983805779,638.72046,108156.768174,4.75862211359,10,
3414,291.020756938,37.0453899,509889.031478,9.32516136262,10,
4465,319.034193802,230.019846,29001012.8869,7.16599403265,1.0,[M+H]+
3416,291.048561494,251.063469,320010.757872,9.63528809421,10,
3418,291.047049283,25.061004,331444.259293,8.07178993045,10,
3419,291.059806649,986.26593,61971688.4905,71.4047631765,10,
3422,291.094702152,564.487464,899099.494331,4.61732794106,10,
3423,291.094662528,104.354169,4799950.19338,6.45030399107,10,
3425,291.094481181,58.8341589,496352.739694,8.4853133271,10,
3426,291.091909636,281.476512,202162.222868,9.95155880711,10,
10400,538.276481186,966.65184,5712057.04211,9.91048163195,1.0,[M+NH4]+
12482,684.25411292,43.4198028,17167270.608,8.77292901528,1.0,[M+NH4]+
3429,291.118021049,104.020635,24183795.0609,4.2884583986,10,
3430,291.12812952,475.706796,567277.580122,6.0298882942,10,
3431,291.165665195,54.671646,2204470.77536,5.15154241762,10,
6010,363.19314518,850.02771,702401.514089,4.85980648638,1.0,[M+H]+
3433,291.173008847,436.516968,3350676.36131,4.702574026,10,
3434,291.167034548,869.55618,65384.1447653,11.0436211673,10,
3435,291.167194967,956.66034,160908.902083,6.95736657801,10,
3437,291.228788934,1201.88175,41865900.5977,4.21204376975,10,
3439,291.242360615,745.94109,3121069.27873,4.45556108323,10,
11545,599.194091856,334.298748,10976064.3084,7.96655549362,1.0,[M+NH4]+
3443,291.602059391,434.67303,300345.958142,9.21348796449,10,
3444,291.612724577,373.567638,1532146.73935,4.02139503606,10,
3445,291.614762877,896.73798,274542.052837,7.44345060577,10,
3446,291.643927696,117.084393,151639.649988,13.0497892268,10,
3450,292.024128806,969.7851,689438.265134,14.0876769934,10,
3451,292.04570649,987.73353,359534.214372,9.9594755872,10,
3455,292.069407625,42.7857078,367350.509933,6.64442676391,10,
3457,292.092197437,400.072332,621987.288967,5.26497499893,10,
8664,455.212542382,363.151446,1291234.73786,6.16261429556,1.0,[M+NH4]+
3461,292.128529644,212.75946,6163060.98452,3.70880722673,10,
4909,331.125633737,470.278542,425475.690034,8.95428848747,2.0,[M+Na]+
3463,292.123818181,35.7420288,362374.418227,7.68230413528,10,
3464,292.131689516,345.653004,691626.981303,3.39386307833,1.0,[M+H]+
3465,292.141140371,402.017028,2206048.18,4.23233096516,10,
3466,292.144748539,139.121928,8203278.35595,3.73678279359,10,
3468,292.175589535,288.766236,266582.561697,14.675220842,10,
3472,292.283937791,1282.8072,224068.283821,9.10725214321,10,
3473,292.613634405,779.53017,1070293.63967,5.27931359005,10,
3475,292.642456431,111.575046,885198.065324,4.89943079154,10,
3476,292.642951444,402.322332,465017.540876,8.68716212774,10,
11289,584.302893015,392.72514,3021821.93007,8.65740895093,1.0,[M+NH4]+
3479,292.851795722,36.2476971,1054356.18813,5.10047905992,10,
3480,293.014776412,38.1901308,1435643.41305,9.52038148521,10,
10897,563.081543784,987.25671,743304.138854,4.7874580086,2.0,[M+K]+
3482,293.049996629,393.27315,13139455.6503,1.565450406,10,
3483,293.05254926,980.56653,4624197.26084,2.0500421401,10,
3484,293.057772432,1062.75432,68107186.1941,1.47639414065,1.0,[M+H]+
3485,293.056552027,32.5675824,94167.9996728,13.4934264826,10,
3486,293.072220638,627.61218,208721.910323,13.450164344,10,
10558,547.232392514,698.10276,16527180.8439,9.72617969056,1.0,[M+H]+
3490,293.102522589,819.19395,580228.843601,4.83235389935,10,
3491,293.115975158,62.568183,3103003.98502,6.35820793561,10,
3493,293.112530775,177.274857,265029.022422,12.8421211284,10,
3494,293.115939129,293.5566,1592793.26134,6.86074334169,10,
3495,293.130625984,278.721981,2189970.90969,6.23207501977,10,
3498,293.137187779,942.78222,2029527.02508,10.5276988138,10,
3499,293.137119833,901.75122,1725984.219,1.69968805135,10,
3500,293.149014837,732.22242,149209.59919,6.18598795617,10,
3501,293.142632915,760.29657,2064321.28183,3.94014336416,1.0,[M+H]+
3503,293.147538778,139.121928,289239.456315,10.3903103001,10,
3504,293.152351711,506.826066,546331.251107,4.86781265809,10,
3508,293.183131698,660.63111,4325953.92646,7.15094617531,10,
3509,293.182962587,354.552246,66180997.2184,2.04572247589,10,
3513,293.619798275,792.46992,702505.180135,7.93771379897,10,
3514,293.630332741,735.61428,11877815.7063,3.27218735777,2.0,[M+K]+
3516,293.644500551,760.14516,475420.84893,4.99399681205,10,
3517,293.662652937,145.555806,9627119.2704,4.36796960593,1.0,[M+H]+
3518,293.673381887,760.14516,971735.19857,12.1350664129,10,
3519,293.930287431,35.8300188,75451.0913491,9.29110834571,10,
3521,294.002478491,50.9610852,701850.135337,13.5527050291,10,
3522,294.027822682,291.962112,823398.525429,5.85014566735,10,
3525,294.045531969,37.4688564,223599.418322,4.27377273111,10,
4939,332.031705647,230.019846,923858.544938,8.39569044839,2.0,[M+Na]+
3527,294.077410302,851.96706,133400.324599,11.4277823652,10,
3528,294.075672813,951.8529,1098554.49627,8.1138924084,10,
3529,294.082172092,34.6135719,513741.193944,10.6222539664,10,
4771,327.131250059,456.982599,8464200.95267,4.20183715423,1.0,[M+NH4]+
3532,294.09998291,1253.19744,166296.73948,13.0616286648,10,
3534,294.106848681,52.833876,1020291.77726,10.3163709789,10,
3535,294.107733543,189.325356,1366935.71518,6.3207425572,10,
3538,294.140224601,901.57698,133592.351854,13.2030797609,10,
3539,294.132031599,735.61428,3548005.82066,2.12338307406,10,
3541,294.141070316,987.79458,298268.251007,10.2750610209,10,
3542,294.128563358,39.9781398,649705.554724,12.316074931,10,
3543,294.144111513,132.082836,66444577.2381,4.30839037714,10,
3544,294.154066744,96.05826,1070828886.41,3.85835713897,10,
3546,294.178071291,85.078071,1950141.15397,7.98150486765,10,
3547,294.180532887,58.8268134,25173834.774,4.24125251082,10,
3550,294.239729366,1255.1289,64479036.6815,2.42614479349,10,
3551,294.239984703,1058.58588,313623.052207,11.6873904302,10,
3552,294.253335462,866.04648,95525.3404661,13.0616008588,10,
3553,294.253281298,797.04078,231363.502864,4.82586782535,10,
10631,550.222401553,409.337655,5675487.07221,3.09544102872,1.0,[M+H]+
3556,294.592699146,287.6943,663349.717555,2.2387160567,10,
12133,644.216262065,96.387726,360901.940639,10.7982551034,2.0,[M+K]+
6586,381.662487067,277.55673,517764.789524,7.2227680712,1.0,[M+NH4]+
3559,294.633730643,735.66402,520496.596622,4.91304687254,10,
3560,294.878281774,33.8426169,3329988.28747,5.47721141418,10,
3562,295.027773683,35.2614447,374874.047466,10.3715241679,10,
3564,295.053865137,35.0870208,272928.976278,9.93214049912,10,
5278,342.052309764,1062.07578,2134764.65325,4.76935417011,1.0,[M+H]+
3566,295.063844738,230.094714,973662.171153,8.22990844151,10,
3567,295.05811064,829.4238,18622989.7409,2.9395744531,10,
3568,295.073179492,207.735957,590650.025067,9.25339753954,10,
3569,295.089430357,291.215418,433735.887982,5.01466523718,10,
4802,328.117581998,998.81574,51537049.8499,12.3336120277,1.0,[M+NH4]+
3572,295.094471034,1177.14156,415623444.923,4.89385736004,10,
5686,353.129620823,1130.16303,22356857.2268,11.6841056699,1.0,[M+H]+
3574,295.099580692,406.025025,1156277.02494,6.35854154667,10,
3576,295.112622703,277.55673,326916.657821,5.08061625568,10,
3578,295.128270615,503.450055,4881458.9419,4.50643848252,10,
3579,295.128128603,155.008218,482674.930565,10.2959135032,10,
3581,295.147273125,356.109696,973094.502233,4.98102308654,10,
3584,295.164594412,371.52345,117765412.946,4.37703500928,10,
8402,444.244382,289.616049,164515805.545,14.9126070969,1.0,[M+NH4]+
3586,295.159597728,70.184664,322831.125215,2.85117110722,10,
3587,295.164714511,436.612782,4054020.04445,5.06151726663,10,
3588,295.177859693,957.99258,178678.618575,9.30656530132,10,
3589,295.188433498,512.765565,46171147.9444,2.24551309838,1.0,[M+H]+
3590,295.189648382,1081.09734,246104339.443,4.70989317891,1.0,[M+H]+
3591,295.188381789,534.818568,179949816.814,4.36073857607,10,
3592,295.18377801,98.763513,1518462.9124,8.12408016016,10,
3593,295.187454311,1240.6569,75680234.5605,3.87773242967,10,
3595,295.194005389,1347.36423,15979444.4776,10.4900419648,10,
3596,295.198504602,909.67782,107535.418365,12.922934229,10,
3597,295.210820264,857.58558,340809.370876,8.50620371971,1.0,[M+H]+
3599,295.601322022,405.83991,217088.810553,8.13721265048,10,
3600,295.690148904,512.605257,14887140.1948,3.93044498023,10,
3601,295.690033696,534.818568,60310943.9317,4.09406517762,10,
3606,296.089414744,862.131,977695.534541,5.56844990463,10,
2202,256.074977046,933.8208,4074810.93826,1.74332489838,1.0,[M+H]+
3610,296.0981902,67.35309,1120997.46532,5.10102677153,10,
3612,296.123199468,55.9863087,7160225.91752,4.87940529245,10,
4282,314.14752731,933.6627,20940788.7055,2.47406484049,1.0,[M+H]+
3616,296.134567142,304.696992,3656430.06889,6.14504650994,10,
10693,553.33338104,651.28533,73024260.5925,10.3488340389,1.0,[M+H]+
3619,296.157375207,178.895097,11118743.634,5.89271384738,10,
3622,296.17042474,776.51898,300878.971906,11.4625521492,10,
3623,296.191552917,512.605257,2733043.90183,6.68058562545,10,
3624,296.191546271,534.818568,11303035.3793,1.85920816377,1.0,[M+H]+
3626,296.19382337,767.57088,1216218.44614,13.5070603613,10,
3627,296.232558494,831.90051,134265.499783,9.91892829191,10,
3628,296.639808247,822.20916,428158.52036,11.4066904042,10,
10943,565.361450756,760.29657,2500145.51344,4.17499404559,1.0,[M+NH4]+
3630,296.649981277,475.596861,4373257.66173,6.26802377135,1.0,[M+H]+
3632,296.667881472,129.500592,833706.361818,8.40689495483,10,
3633,296.799815974,36.1547964,346454.679901,7.26858059988,10,
3635,296.992372891,65.078652,765895.64521,6.12047058675,10,
3636,296.99254759,214.760958,438777.929825,12.2998073898,10,
3637,297.010687756,51.0608007,426283.644435,4.65385442756,10,
3638,297.028853936,160.966467,6013790.61649,9.89726958743,10,
3642,297.045050576,87.453216,1311505.36183,0.817570699889,10,
3643,297.066032525,123.47931,2672623.71608,3.14780966877,10,
3646,297.067142796,876.60573,48469764.1303,8.36766312093,10,
3647,297.087778365,573.305583,782348.493842,11.0036918548,10,
3648,297.093767768,390.107646,333254.784664,6.33901983699,10,
3649,297.096632491,106.901418,375222.95261,13.7007021044,10,
3651,297.08370066,47.5087638,1725076.19274,10.3219816588,10,
3652,297.110047438,1200.1263,724794730.119,5.08065430599,2.0,[M+Na]+
3653,297.107361595,132.981312,3043769.19593,1.66035628653,10,
5721,354.182593288,111.070146,628202.185437,14.7345776409,1.0,[M+NH4]+
3655,297.126758876,55.9298334,900367.731324,14.8777219169,10,
3656,297.123674599,522.231258,381350.974572,8.91146697768,10,
3657,297.126107298,448.311537,4686615.03268,7.61563218179,10,
2822,275.138386014,937.01646,21679865.6149,3.85529812328,1.0,[M+NH4]+
4955,332.176003664,495.788118,69110854.2659,3.93191900188,1.0,[M+NH4]+
3661,297.138144338,381.254886,466566.579499,8.3079498053,10,
3662,297.153988618,760.46658,665580.69033,7.40566738833,2.0,[M+Na]+
5423,346.232859731,570.573273,29777357.3277,5.83964360657,1.0,[M+NH4]+
3666,297.216370803,1089.95685,248189.608976,6.8751838038,10,
3667,297.216586441,893.85498,3091191.95821,4.78893449616,10,
3668,297.216800685,92.568792,125509.002714,3.01202900264,10,
3669,297.224473393,1150.91787,1278304.19124,8.34966841423,10,
10982,567.27615037,373.336014,4928455.51724,6.18603995499,1.0,[M+NH4]+
3671,297.657961523,451.137918,4468694.2633,6.04580498218,1.0,[M+H]+
3672,298.004785752,375.260262,208301.773243,10.2988882473,10,
3673,298.034848275,349.541256,388548.261958,8.7746803782,10,
3674,298.03941294,67.297026,1487280.42516,4.57754374759,1.0,[M+NH4]+
3675,298.052080345,89.17365,369523.195726,11.5329065518,10,
3676,298.052027781,270.184224,191237.640418,7.68114316242,10,
3677,298.056940325,229.702716,720130.68485,12.0728808355,10,
3678,298.076879435,948.91236,3723731.94597,4.9790551009,10,
6024,364.085080491,1161.60171,3660685.58155,8.32994900786,2.0,[M+K]+
3683,298.094637522,52.9628886,954834.342746,7.23661567804,10,
3685,298.09861973,987.62226,140441.634321,12.0450028884,10,
3686,298.094168226,430.510404,1783453.58828,6.06533344847,10,
3688,298.115432173,1058.4555,425211.911353,2.75047163417,10,
3690,298.128819761,110.78706,514464.943928,1.93481851947,10,
3691,298.108649517,373.248132,81169.6916063,12.7889155231,10,
3696,298.198224518,1081.35792,180458.381089,10.7027112687,10,
3697,298.236415537,1258.67136,114231.225395,10.964094774,10,
3698,298.611455189,135.668238,795597.653795,4.66055447424,10,
3700,298.620573303,365.233263,3542284.57482,9.03500752103,10,
3701,298.641633054,320.593503,223800.353735,3.39701707981,10,
3702,298.647483808,241.034844,234637.10113,4.85238339346,10,
3703,298.797046822,36.2427375,375815.551556,4.57914779607,10,
3704,298.878410223,32.2959801,1121015.16364,0.786919945044,10,
3706,299.001912325,888.20472,300978.507365,12.13608982,10,
3708,299.039506071,31.026105,3366104.39876,6.44897743774,10,
3709,299.050159502,1095.83538,5895269.721,4.06773289272,10,
3710,299.069536473,948.99195,1520056.99771,5.30746928806,10,
3711,299.086167749,967.76691,43783478.5338,61.0485174507,10,
3712,299.090355772,555.352455,200510.018849,4.53452984419,10,
3714,299.082948493,870.02886,1161302.91193,10.9694184833,10,
3715,299.090881372,317.522433,2142952.01905,2.30175161654,10,
3716,299.080985696,269.866344,1291471.16559,14.5990207009,10,
3717,299.097742704,255.215409,390154.24951,7.17311633816,10,
3723,299.107382453,1026.49791,226331.772534,11.7102174267,10,
3724,299.111125584,34.9658634,135668.886429,13.4735967679,10,
3726,299.112382147,553.354956,1332907.11205,4.21513888765,2.0,[M+K]+
3727,299.122651137,968.63295,1053833.84091,11.2096838063,10,
3728,299.117591209,90.6453,972531.632024,8.3588434331,10,
3729,299.133255982,929.75475,3545192.33677,0.731627105077,10,
3730,299.138394655,1018.23114,198976.048636,14.9907229858,10,
6478,378.205703045,1296.90978,443355.510265,14.9462636967,1.0,[M+NH4]+
3736,299.207000526,48.9508848,199587.103464,6.58653447254,10,
3737,299.245602819,1282.8072,208512.438415,11.9647022937,10,
3739,299.650106557,156.747408,2820298.2412,8.87398638326,10,
3742,300.038589971,407.404659,182206.557849,12.791488181,10,
3743,300.037614397,353.069508,1298010.50877,5.914801421,10,
3744,300.039588146,252.6546,220323.514926,6.25657477893,10,
3745,300.086367437,971.62302,1820566.70284,3.3871205504,10,
13527,932.351545862,245.061093,4594797.81516,6.98911450764,1.0,[M+NH4]+
3750,300.094584556,170.353059,481338.399921,13.4626625422,10,
4270,314.110331323,362.513262,3424543.98804,4.9828159714,1.0,[M+H]+
3754,300.115984472,41.3196987,3741094.35776,13.3270840493,10,
3755,300.092799499,963.87909,7101666.48661,2.185605105,10,
3756,300.111372379,825.92592,637003.226621,14.6855450585,10,
3757,300.128039103,721.60896,6378219.1086,10.1829342503,2.0,[M+K]+
3758,300.112893905,378.911892,2247744.73835,3.86985134543,10,
3759,300.120429165,345.671754,4117696.45616,4.74389334338,10,
3760,300.12575637,696.16626,2350281.47899,3.81969140544,10,
3761,300.142263527,99.724203,11767082.4741,4.05939283632,10,
3762,300.164324518,1155.04518,158054662.228,3.64176634017,10,
6349,374.202615963,107.860734,151698650.758,5.29512628572,1.0,[M+H]+
3766,300.178657453,429.897306,9861819.53502,6.33660353482,10,
3767,300.191189304,407.728473,170301999.732,3.03600400819,10,
3768,300.191098625,69.086064,20493501.1355,9.89445195544,10,
3769,300.188472779,359.800197,2707409.93285,2.19711764777,10,
3772,300.191174,242.130027,106337790.837,4.62956514637,10,
3773,300.191123507,269.725917,426916194.348,5.36403471331,10,
3775,300.202919432,1146.74418,149733.470471,11.3282593164,10,
3778,300.609266386,251.063469,474312.91077,8.59439087892,10,
3780,300.658140651,146.228004,1030926.14249,5.82402521246,10,
3781,300.794336369,36.1118709,135969.736228,4.86273763065,10,
5474,347.888812546,33.8426169,316102.650394,9.17591539704,1.0,[M+NH4]+
3786,301.023674876,407.269719,348069.656495,3.85947035682,10,
3787,301.051948824,555.485955,267557.463612,11.1419378478,10,
3788,301.074716708,1057.04052,3546228.67771,2.99527762239,10,
3790,301.077392224,1191.99684,37324307.7338,6.77448093472,10,
3791,301.072545326,31.026105,3561291.58549,7.37044528726,10,
6763,387.085471851,214.533897,541708.091092,11.064927923,1.0,[M+H]+
3793,301.084414129,567.841206,787673.486013,4.23149249779,1.0,[M+NH4]+
3794,301.085130501,963.87909,2799734.40027,4.39308343497,10,
3797,301.098405982,334.298748,8656231.93868,3.40321574328,10,
3798,301.092563062,804.52704,5229154.95639,3.91015363373,1.0,[M+NH4]+
3799,301.115165916,258.729783,34745029.1285,5.29703485652,10,
3801,301.105871396,32.2959801,481822.101973,3.40046463707,10,
6737,386.201340682,567.497832,1253663.29898,6.13853204586,1.0,[M+NH4]+
3804,301.120048247,243.885468,144067.258439,13.3433724679,10,
3805,301.123487435,65.774592,1147320.23831,7.11587278419,10,
3806,301.125501419,522.189822,1058613.16158,4.4434148992,10,
3807,301.140239047,1205.9337,704620594.403,4.36425134917,2.0,[M+Na]+
3808,301.140365732,1190.40807,457116407.879,6.46166786601,10,
3809,301.176640026,1150.82493,110959970.227,3.72094080368,1.0,[M+H]+
3811,301.175660819,109.10223,400180.036222,6.33372405221,10,
7550,414.233779761,139.484151,30671163.5829,7.89292533765,1.0,[M+NH4]+
3815,301.180782735,365.449506,981984.120847,8.63587679172,10,
3817,301.597038524,430.409031,407288.885517,4.2774385913,10,
3819,301.631454184,411.592722,303337.175578,8.40523956602,10,
3820,301.665762563,193.596642,2603841.42963,4.2571347993,10,
3821,301.940717893,37.4617068,158181.366935,9.06365787318,10,
3822,301.974553178,28.8291348,1482248.73448,6.02249345389,10,
3824,302.066263854,152.669712,689850.108198,12.5324463774,10,
3828,302.110409067,107.199327,805430.401687,7.09609479916,10,
3829,302.105581727,36.7857483,130883.47407,13.6448969494,10,
7367,408.207164135,371.202201,2610217.59002,9.10785694814,1.0,[M+NH4]+
5840,358.174990787,308.566248,12004898.3363,7.34534791396,1.0,[M+H]+
3837,302.149593743,420.143715,8689564.57086,4.34200948482,10,
3841,302.170318505,157.062282,94864832.7437,4.21992386636,10,
3842,302.167634273,193.90332,605692.371275,6.24223320958,10,
3844,302.183229418,842.18538,151488.022857,4.1655508044,10,
3845,302.20185515,922.12071,154888.928827,3.24269921714,10,
3846,302.196178747,578.444202,27049413.6361,6.46192877121,10,
10669,552.197001861,252.184536,702370.712549,11.9340927573,2.0,[M+K]+
3849,302.210755189,977.54973,10154152.5404,5.94585344438,10,
3851,302.2107638,798.44541,1386770.74744,1.9130525038,10,
3852,302.206754723,316.23387,125743629.652,2.82497404693,1.0,[M+NH4]+
3854,302.206786259,401.051394,72247176.2364,2.89785371214,10,
3855,302.206804812,417.458268,48335476.9944,3.98648248568,10,
3857,302.608911963,307.517244,459680.871906,11.7340334038,10,
3858,302.880762689,36.1547964,1122467.4669,8.26546721334,10,
7174,400.902057895,29.008758,3638038.85272,2.59906006453,1.0,[M+H]+
3861,303.043525107,38.0966682,2187398.33776,7.49389637852,10,
3862,303.056630233,951.60084,8433157.44956,3.49110576366,10,
3863,303.06979801,31.5304509,725158.879837,7.79753689165,10,
3864,303.071342714,104.99568,488139.021413,3.32695792331,10,
3865,303.104427452,117.84876,4118077.2586,6.4261029408,10,
3866,303.094486917,479.225934,73236.7333382,10.5881587273,10,
3869,303.123679023,53.3717688,1925060.5143,6.78791867824,10,
3870,303.130871515,399.26721,4152769.26103,2.96730736333,10,
3872,303.144649276,101.328951,11338319.729,4.48337646239,1.0,[M+NH4]+
7737,420.196591658,63.552312,44960881.5609,6.95770163444,1.0,[M+H]+
3874,303.139438639,47.4725541,1312616.65364,7.15519828401,10,
3875,303.177037037,39.0342423,1850460.33664,5.88646746485,10,
3876,303.172844219,758.3685,2575715.58857,4.14093604968,10,
11202,578.292317492,375.485004,198669.25667,12.1521837595,1.0,[M+NH4]+
3883,303.21024051,252.974346,36476407.1778,3.46823851029,10,
3885,303.214323557,1251.18066,258917.617334,9.60751924067,10,
3887,303.308157435,1085.20947,608356.3268,9.80911845924,10,
3888,303.463720475,325.915629,355830.416043,6.82209239914,10,
3889,303.616809732,373.37976,271143.774816,13.9969580617,10,
3890,303.639621122,522.889386,637111.998033,6.66906514864,10,
3891,303.665256226,380.12145,250615072.115,5.27051315773,10,
3892,303.66524837,352.054185,410074368.543,2.3128598427,10,
3894,303.98587485,35.4592059,113181.70409,5.90744612363,10,
3895,304.013498886,299.703708,5694844.85585,8.80993200951,10,
3897,304.023392214,281.299803,831751.393391,7.24546310677,10,
4855,330.030960965,375.212697,1104165.27349,3.82825208655,1.0,[M+H]+
3899,304.041358073,598.638654,413422.294595,11.2737070227,10,
3900,304.043202378,1060.04211,8423200.8234,2.1667481514,10,
3901,304.055391288,181.429974,4345844.71481,3.23230402902,10,
3904,304.073977115,123.69093,720605.391622,7.46900962539,10,
5956,362.113228198,933.981,3053633.88816,10.9236728221,1.0,[M+H]+
3911,304.104831521,152.079924,147985.56159,8.727944562,10,
3913,304.134312921,399.118146,614057.673208,5.65497992677,10,
5500,348.194462721,452.18178,18536529.7565,6.68206128933,1.0,[M+H]+
3918,304.16086995,39.346176,90822235.8434,2.49129814424,10,
3920,304.185951062,73.325001,92870950.4654,3.4954406877,1.0,[M+H]+
3922,304.186034414,237.785214,20879930.4373,5.52871011156,10,
3926,304.234623552,1121.6046,192674.09149,5.68373824438,10,
3927,304.267066575,992.46723,245881.339692,13.0074056647,10,
3928,304.299136248,1089.79839,36779656.0109,3.65648102092,10,
11696,608.269546855,70.193253,3588031.56327,10.4028640673,1.0,[M+NH4]+
3931,304.638712392,475.595982,33381863.4591,10.6867833267,2.0,[M+K]+
3932,304.742141625,36.1547964,138438.97568,9.05840950318,10,
3933,304.895424711,33.5707311,31153339.4341,3.89931932001,10,
3935,304.998023824,969.08166,714258.06749,4.93162992735,10,
3936,305.008347027,33.654507,500448.388335,7.94414751292,10,
3937,305.021455874,299.482494,4761715.92676,14.3581096836,10,
3939,305.036640701,1050.63066,33059856.5021,13.7445757838,10,
3940,305.052640664,951.92262,337935.190787,2.74569645988,10,
3941,305.054913125,230.019846,5519683.68008,6.73759199197,10,
3943,305.066475648,929.28336,247095.473583,12.515953467,10,
3946,305.072238951,1062.12,43049951.4193,2.46519340305,1.0,[M+NH4]+
3947,305.072125213,181.581606,1990830.61663,7.0031163728,10,
3948,305.078642448,958.40142,437218.330138,8.34789674703,10,
3950,305.084893059,233.366595,6086378.984,5.17355612312,10,
3952,305.110578041,65.11566,1498741.65561,3.94140011542,10,
3953,305.109963117,311.299494,1136329.37748,9.93146014645,10,
3956,305.129460775,1227.81564,1661696.08261,3.43928504139,10,
3960,305.183212103,617.93103,2438774.22039,5.00703673975,10,
9983,516.255640341,146.095683,324273.989133,5.25694361811,1.0,[M+NH4]+
3962,305.185132982,853.73706,286357.92152,8.52685472876,10,
3963,305.189548767,159.03018,17639760.875,3.76724608007,10,
3965,305.216479021,1230.69018,147975.171738,12.5164713466,10,
6357,374.28934522,1223.6691,499477.690924,10.9512035104,2.0,[M+Na]+
3967,305.244410194,1370.74266,15185347.7887,2.71797911301,10,
3969,305.646601886,451.22373,26413395.2421,5.96627553597,2.0,[M+K]+
3970,305.646536845,405.888276,629207.991519,3.24066463303,10,
9037,472.715760272,279.512259,2273509.70941,4.41524850394,2.0,[M+K]+
3972,305.675294042,859.20204,197498.196527,4.92266494601,10,
3973,305.948555819,37.7897652,169512.126647,9.115037178,10,
3974,306.020892817,981.3864,1906863.89138,5.35368480181,10,
3976,306.0444265,214.628454,854905.146147,4.47728576537,10,
6408,376.117873371,110.707116,220698.417972,7.97522128361,1.0,[M+NH4]+
3978,306.060981781,41.5054959,3167116.74461,8.269071123,10,
3979,306.075739224,898.35096,650780.779775,5.40396729054,10,
3981,306.088914652,359.640573,324834.310955,12.6811166585,10,
3982,306.084137059,974.40345,1805990.9951,11.4905830993,10,
3983,306.087470422,40.5023886,727910.23767,8.177442848,10,
3984,306.103917583,1058.62653,191587853.256,1.69749633489,10,
3985,306.103937918,1035.41376,53226703.1145,5.74903128522,10,
4946,332.119475752,1160.73849,19608405.3742,6.88493463973,1.0,[M+H]+
3988,306.120809783,726.72291,1072400.42774,2.54637695008,10,
3989,306.11770413,58.49253,920383.144146,4.29566221698,10,
3992,306.144093103,292.657359,10420662.5408,2.47320198801,10,
3995,306.145967951,562.428345,2582080.50223,10.6002812505,10,
3997,306.147480641,308.000931,38253131.5408,6.8424665983,10,
3998,306.147645459,137.546088,6966648.46943,14.2854599934,1.0,[M+NH4]+
4000,306.14725248,509.719314,835112.388775,0.6227047086,10,
4001,306.159902788,102.927792,4328457.98235,2.46551856293,10,
4003,306.21487004,563.649057,17854560.6163,6.09886741953,10,
11127,574.318534394,240.496092,8231440.79736,9.1838939848,1.0,[M+H]+
4005,306.649742783,450.991044,1131298.02917,5.06173392797,10,
4006,306.706824426,334.007994,4966683.56093,6.87937112344,10,
7698,418.797916907,36.1547964,759494.495568,9.09483854597,2.0,[M+Na]+
4008,306.828684259,36.3743295,764964.966573,4.73276878768,10,
4010,306.993735321,36.2476971,849629.66177,5.35654372304,10,
4011,306.994186345,913.51812,145308.449719,14.170700336,2.0,[M+K]+
4652,324.058365318,68.295186,5264753.53508,5.40952479315,1.0,[M+NH4]+
4015,307.048358355,929.60388,2466933.52968,6.98882941369,10,
1294,223.107279645,275.169984,178726859.558,3.35405155431,1.0,[M+H]+
11336,587.105596043,1062.59571,1929287.41032,9.61243588054,2.0,[M+Na]+
4019,307.069381001,280.833846,1005402.38153,13.6928907794,1.0,[M+NH4]+
4020,307.087881427,1158.52572,26124233.9469,2.65208940967,10,
4023,307.079516061,50.5876077,508964.575297,2.86429152864,10,
4024,307.082528213,65.47365,1344783.44429,4.37646407687,10,
4028,307.095809505,1047.20481,12853132.8586,2.27258458548,1.0,[M+NH4]+
4029,307.09737302,689.86818,313858.623607,2.06420894926,10,
4031,307.100474456,38.4091134,842607.037244,8.00909431858,10,
4032,307.115811814,59.7924648,318791.336372,1.74688166632,10,
4033,307.108307596,462.318666,4722826.84943,3.0188139339,10,
4034,307.109985836,330.875124,886598.435454,7.07581898054,10,
4036,307.119499049,424.082298,1691794.53899,5.91462971385,10,
4037,307.123898878,726.4449,97836.2564968,11.2091412261,10,
4041,307.142159683,1077.88254,461534.588433,10.9029265404,10,
4042,307.163694953,413.298642,132966.238104,12.3138398632,1.0,[M+NH4]+
4043,307.173383702,793.11435,1858912.60615,5.8651619907,10,
4044,307.200946799,830.54583,1028675.00359,1.67673832793,10,
4045,307.237331994,905.39238,132415.250708,10.7547905213,10,
4046,307.237199222,810.64806,872465.354416,3.90937339557,10,
4047,307.266749978,923.5557,261904.863757,14.9170111752,10,
5886,359.689450271,261.275478,1598253.05721,2.92009380466,1.0,[M+NH4]+
4050,307.675124779,793.11435,501806.545027,2.47588194756,10,
4051,307.71010793,333.687492,171768.204837,6.76078272549,10,
4053,308.036831457,951.8529,306758.020197,10.7812191578,10,
4054,308.043727142,424.08804,352629.726129,8.41197087868,10,
4650,324.037879806,230.178033,1165241.03777,3.68415379186,2.0,[M+K]+
4060,308.084554454,233.135352,2581028.26341,7.61408696135,10,
4061,308.097706823,1191.10458,104881468.482,5.11817993168,10,
4062,308.105533045,87.77169,9731874.87447,5.34625315933,10,
8339,442.216429391,68.460345,688462.635329,8.44029457585,1.0,[M+NH4]+
8494,448.128323296,38.3464062,531480.097626,9.9780818784,2.0,[M+Na]+
11181,577.300616677,424.946088,19517808.4436,7.97318768555,1.0,[M+H]+
4066,308.127184445,1077.88254,369689.515383,1.85755676622,10,
4067,308.120979214,280.459476,706451.895153,2.02253031573,10,
4071,308.150166901,386.666892,2135761.21172,6.65352181149,10,
8685,456.280335426,331.570311,4396108.72035,7.6261480713,1.0,[M+NH4]+
4075,308.182614479,701.64981,2702100.10918,2.6779849351,1.0,[M+H]+
4076,308.181498131,68.879652,848356.825891,5.76465510606,10,
4077,308.197628951,1307.2221,95053.0719169,12.2606229751,10,
4078,308.229116234,1080.72564,401293.174803,11.8831505329,10,
4079,308.217388562,31.6626384,2876980.69046,5.38549874984,10,
4081,308.278720539,1311.67203,334704.982196,12.0285950082,10,
4082,308.282556341,1265.4291,222498.780197,4.48961567651,10,
11459,594.254697352,752.72397,6985578.28904,6.03734158666,1.0,[M+H]+
4085,308.627846189,305.908683,179439.908168,7.68706404545,10,
4086,308.624992588,800.54649,4851717.08097,4.02143833757,10,
4087,308.624493124,136.938555,363787.521287,14.6987874385,10,
4088,308.680551389,289.295982,380473.581089,6.78620912798,10,
4090,308.825772601,36.4486752,583612.425273,5.06848755848,10,
4091,308.888108083,33.5229231,758114.374592,6.41613783374,1.0,[M+NH4]+
4092,308.939604441,902.01831,1747711.13993,3.97752661146,10,
4093,309.04101465,123.479052,2457682.47934,5.28864247433,10,
4095,309.087918703,233.366028,222581.34687,10.195446911,10,
5144,337.096432311,1191.08922,10071062.0933,2.07134222093,1.0,[M+H]+
4097,309.10344626,1164.26406,12398654.0666,4.0060410912,10,
4098,309.105667494,40.2910122,1921762.86222,5.32635188647,10,
4100,309.120970274,627.22218,312246.021339,12.6099647161,10,
4101,309.11760927,929.76318,569032.701955,6.09539957362,10,
4102,309.126507238,800.60256,1316335.55212,6.2066472781,10,
4104,309.141000673,1385.40186,103436.487225,12.0248760506,10,
4105,309.14718377,260.648598,6348227.42686,6.08681993397,1.0,[M+H]+
7599,415.25427072,441.658038,90309635.3001,7.48804573445,1.0,[M+NH4]+
4107,309.165569756,156.432345,6311523.78057,5.14816925505,10,
6140,367.220150002,452.021658,8049659.2978,6.25697915945,1.0,[M+H]+
4110,309.167536612,432.972966,21744150.4957,4.57264158588,1.0,[M+NH4]+
4112,309.191402367,121.122549,1043792.44403,7.52198249125,10,
4113,309.202876572,1270.72389,64672574.454,6.26757629252,10,
4114,309.202891128,1223.48307,329497575.535,2.51831099769,2.0,[M+Na]+
4115,309.204940569,1154.03352,34767304.0384,2.8811906507,1.0,[M+NH4]+
7163,400.2683226,1084.31688,1029820.60038,6.77242462784,1.0,[M+NH4]+
4117,309.250192343,1241.62722,161458.659135,2.80745798453,10,
4118,309.588943463,402.305394,425358.689946,2.74080905942,10,
4119,309.608565086,353.063634,139395.284679,7.80293067311,10,
4120,309.612757378,326.137752,357441.589547,7.74167780368,10,
4121,309.63282599,883.37484,555489.748621,10.7032417954,2.0,[M+K]+
4122,309.667408348,156.438684,1645502.16401,5.66180656736,10,
4125,310.088969216,546.311592,123972.758121,12.2329781846,10,
4126,310.101280406,87.462783,292554.352375,8.12662651561,10,
4127,310.094769472,73.338189,7038025.4616,14.2887447117,10,
4128,310.102133013,40.2844887,3934629.64208,6.91209815934,10,
4129,310.095501307,235.07172,610887.641217,7.36973090894,10,
4130,310.116224023,933.50247,3209368.23609,3.12174686994,10,
4134,310.13871802,214.694706,10014611.6861,5.53889341644,10,
4135,310.1366765,95.09685,20130579.851,5.42949388962,10,
4137,310.14405076,1104.36534,356028.522355,4.54017748686,10,
4138,310.172932024,256.968657,11754688.8438,4.05205269762,10,
4139,310.173017442,131.306427,37548177.4596,5.71668550963,2.0,[M+Na]+
4140,310.175324534,636.61551,16602939.1591,8.53578502731,10,
4141,310.177070321,342.432384,4467747.24557,1.85166912385,10,
4142,310.173129079,153.576066,16359410.5482,0.738794632416,10,
4145,310.219812113,898.11765,72928.4858853,13.8186309503,10,
4146,310.21943523,792.7473,166754.304237,9.30723996571,10,
4147,310.234427538,1161.11718,58607701.9274,9.85962699484,2.0,[M+K]+
4148,310.258074999,1130.8809,2852832.5333,4.72575822255,1.0,[M+NH4]+
4149,310.259444846,706.23024,212487.965649,3.80950178731,10,
4150,310.309700469,1365.95187,42943014.0203,3.75483973691,1.0,[M+NH4]+
4151,310.601706717,409.378398,180072.958463,6.7636961839,10,
4152,310.64388563,53.6324619,741979.12689,2.13031204047,10,
4153,310.665649287,151.653072,1339737.618,5.12436346494,10,
4158,310.936329258,902.2089,551229.212813,10.7050991964,10,
6651,384.006505353,32.611704,147013.817529,7.43344301652,2.0,[M+K]+
4161,311.060572928,393.27315,37829145.1239,4.73187534514,1.0,[M+NH4]+
8469,446.996467958,876.63456,1172415.8306,8.87560054611,2.0,[M+K]+
7328,407.140912071,334.458939,872938.557929,10.0535403121,1.0,[M+H]+
4166,311.08601254,1186.64142,2860173.89567,6.38501575788,1.0,[M+NH4]+
4167,311.090015987,47.823267,2132158.62951,10.4170386978,10,
4168,311.102767885,849.38079,163220.189986,9.80973135916,10,
7216,402.232490786,592.940973,975488.989402,6.38690940559,1.0,[M+NH4]+
4171,311.097881478,341.40957,251293.620976,9.56145188675,10,
4173,311.122870268,351.48063,1794745.54352,2.05574087501,10,
4177,311.142580493,183.546564,2318750.54793,2.35105987897,10,
4178,311.159453764,281.819742,1614896.69472,5.48089470173,10,
4179,311.162262768,346.847748,589196.994273,6.66159240286,10,
4180,311.17653072,256.968657,1371676.4486,4.78182787557,10,
4181,311.178982286,105.148614,329971.481815,7.22101239424,10,
4183,311.176519231,447.354609,597550.818097,4.04211429197,10,
4185,311.184599604,1055.94093,34704969.575,3.35852935408,10,
4186,311.17648913,294.728175,1262484.68644,6.11669757725,10,
5294,342.237878031,380.833272,1360779.09695,8.26371416636,1.0,[M+NH4]+
6582,381.260277458,1142.31501,28866969.8744,7.17499769192,1.0,[M+NH4]+
4190,311.251511322,720.49839,461541.264848,4.44812113606,10,
4191,311.26871361,955.41822,431622.154257,7.31134834755,1.0,[M+NH4]+
4193,311.58660925,334.007994,205341.094275,9.61398057922,10,
11288,584.303101695,522.871191,4136761.342,6.07785869789,1.0,[M+H]+
11566,600.334037216,343.261635,21880400.1531,7.72430315397,1.0,[M+H]+
4198,312.079838528,181.31601,865558.688266,6.33015063895,10,
6061,365.148050236,71.765124,27543596.2867,4.36816859052,1.0,[M+H]+
9187,479.151515702,933.98031,3604553.52317,3.19984275175,2.0,[M+K]+
4205,312.129570208,311.548617,7986877.55407,4.8948307212,10,
4206,312.152601916,423.608538,906280.338386,7.51951701042,10,
6215,370.165030399,736.58139,712920.43198,5.67077460544,1.0,[M+H]+
4210,312.162097777,801.93156,463380.271126,11.7017732639,10,
4211,312.1751665,824.47074,741544.769178,11.9566731988,10,
5768,355.258772673,822.30216,965708.738061,5.1336012392,1.0,[M+NH4]+
4213,312.210855074,1223.30322,423344.12269,10.7507043359,10,
4214,312.229515747,1161.30732,441613.702775,1.66540475279,10,
4217,312.263838518,742.39257,2262203.34771,5.52253078476,10,
4219,312.625509793,684.88581,4548247.71863,5.92705279598,10,
5245,340.738258039,608.28291,19263358.0496,5.05155488997,1.0,[M+H]+
4221,312.706800543,533.861004,43442262.9891,2.94602091946,10,
8951,468.72600314,626.06946,3852794.35315,8.86646224473,1.0,[M+H]+
4223,312.837426693,35.7070164,408841.628184,7.06371687517,10,
4225,312.919512007,29.140545,3916155.81028,3.62628586667,10,
4227,313.035358001,34.532136,307495.140803,10.3049434926,10,
4229,313.047550575,948.13644,1080871.55182,7.75062807,10,
4230,313.065432753,299.756682,6088642.51348,5.16485333416,10,
4231,313.06962464,317.74899,482847.363946,1.88125684412,10,
5955,362.10178506,956.1966,728785.387961,11.0110770234,1.0,[M+NH4]+
7914,427.094101912,43.7341779,8389281.93149,6.43981972278,2.0,[M+Na]+
4236,313.106284423,472.62093,2412606.80514,1.93224055373,10,
4240,313.12105155,324.19437,616391.626987,10.2552993707,10,
4241,313.120942039,340.50264,650713.293057,2.15480513675,10,
4242,313.133167041,311.710302,886595.164178,7.19053047622,10,
6793,388.180557647,54.8565819,166719837.868,6.19933219881,1.0,[M+NH4]+
4244,313.154033339,608.16912,2697679.25845,7.86492766007,10,
4245,313.176650709,1308.7833,15398006.2741,4.26521178363,2.0,[M+Na]+
4246,313.175024933,73.63713,69264785.5549,4.68420419906,10,
4250,313.208916692,793.11435,196530.821911,6.23914331794,1.0,[M+NH4]+
4252,313.266460704,742.55358,220546.593712,10.8981187751,10,
4253,313.562805991,181.31601,2685136.97305,3.14125482478,2.0,[M+Na]+
8811,461.690690082,344.384754,655918.735393,7.38913755926,2.0,[M+K]+
4255,313.652663788,375.260262,305158.682728,8.86820263294,2.0,[M+Na]+
4256,313.644015016,487.963182,2883445.78248,3.28459585751,10,
4257,313.665700126,236.590404,12137631.2267,10.3521771482,10,
4258,313.664179164,888.20472,1314309.43657,6.06353166856,10,
11360,588.374365938,859.09107,53893044.4154,3.74145322844,1.0,[M+H]+
4260,313.67824528,259.365912,112990695.631,5.99585213008,1.0,[M+H]+
4261,314.020447961,33.654507,648126.088832,7.66488123108,10,
4262,314.027540208,987.79458,833914.018785,4.50431536694,10,
4264,314.049207507,926.06694,239990.673442,13.6003521746,10,
4267,314.072425391,837.59703,1253250.94696,8.07699157327,10,
4268,314.091103107,105.926199,20588802.191,5.77429563918,10,
4269,314.101987644,971.66502,12707532.4158,7.26982729251,10,
4272,314.112943806,603.33432,55472.727613,13.9123477236,10,
4274,314.109884595,504.596076,252242.364217,9.26415504667,10,
12497,686.260252259,96.229038,10510663.7979,6.52816891705,1.0,[M+NH4]+
4278,314.119444434,933.82242,2531822.16718,3.25291511688,10,
4280,314.131398297,221.101584,864257.388264,3.7353351432,10,
4281,314.141529155,866.42856,234918.412435,6.30810291353,10,
4283,314.163141687,53.1579,552219.068792,13.0330153793,10,
5719,354.170104815,1019.81931,1537318.9652,3.93006496648,2.0,[M+Na]+
4287,314.170454886,551.210574,383701.974082,3.65336535812,1.0,[M+NH4]+
4288,314.164730362,922.84872,259286.807982,13.4289656123,10,
4291,314.206665438,334.779189,177713133.84,3.9079906413,10,
4292,314.222578111,823.17825,611826.963782,3.44409650236,10,
4293,314.247160322,1094.88762,286808.038654,12.0274608271,10,
4294,314.331965045,1388.53623,209708.805497,10.5670116296,10,
4295,314.642264809,336.818871,809653.428837,5.99419078116,10,
4296,314.66780991,236.429403,455417.024678,8.74460408951,10,
4297,314.673663768,93.20967,217791.52993,7.72069021625,10,
4298,314.681317032,259.365912,6912426.59313,5.04743131987,10,
4299,314.695449086,292.965387,224972.626583,6.02054185395,10,
4300,314.77076133,36.073905,101052.558149,6.08608166807,10,
7061,397.042038392,31.2127599,745126.793829,11.2269975143,1.0,[M+H]+
4305,315.039640575,1078.2519,24071349.1747,4.21369695645,10,
5443,347.082833499,895.62486,37390704.073,5.03782763165,1.0,[M+H]+
4308,315.056505268,852.28116,9076621.01199,5.53101034878,10,
4309,315.064114935,964.19778,1380236.32445,3.07540239201,10,
4313,315.088049499,31.026105,954318.128477,6.45278677105,2.0,[M+Na]+
4314,315.085404183,330.926124,244551.889098,7.41981576639,10,
4315,315.082370841,145.911504,391535.303203,7.64034833418,10,
4317,315.098303694,354.989076,708581.053271,4.38401140257,10,
7002,395.130226786,272.139486,802237.841488,8.74607411325,2.0,[M+Na]+
4321,315.134067669,506.5155,12636622.1561,4.0234382437,10,
4323,315.1315117,971.69751,9704254.06097,2.77586829522,10,
4324,315.147407687,187.221483,2661271.59629,6.38134550623,10,
4325,315.155952369,1142.38212,44449778.7228,5.58923775784,10,
11963,629.335077004,123.79305,5340880.65539,7.80543298507,1.0,[M+H]+
7122,399.152850798,401.197023,1348746.99576,0.56112203986,2.0,[M+K]+
4328,315.180933592,989.4462,240100.668919,13.5707897116,10,
4329,315.187230178,33.366207,769760.848938,6.86343999616,10,
4330,315.181007888,1019.82186,567731.484678,2.26072700795,10,
4331,315.18967005,149.717064,380927.140131,9.06652307794,10,
4334,315.210281223,334.779189,28358296.6965,4.23642390603,10,
4335,315.238482798,816.06573,154289.395686,11.7510628835,10,
4336,315.252299456,1326.73749,11944832.0606,4.52946310448,1.0,[M+H]+
5949,361.364833817,1203.00006,380626.119563,7.1844471136,1.0,[M+H]+
6488,378.662715529,261.126231,524355.326479,10.4842304605,1.0,[M+NH4]+
4340,315.621439179,449.270673,2185354.10133,10.4397036881,1.0,[M+H]+
4341,315.63499788,667.25172,1991914.43167,5.66099760539,2.0,[M+K]+
4342,315.630752681,451.137918,331547.754134,7.23948200299,10,
4343,315.657480027,793.11435,431693.175205,8.23284402029,10,
4344,315.675602842,108.781236,2328857.63242,5.33164742572,10,
4346,315.686577031,793.11435,2714001.74462,3.74291041176,10,
4348,315.985946032,36.8240565,246244.346191,9.93536932555,10,
4350,316.032392595,60.846579,391584.357148,7.63527906815,10,
4352,316.049565641,936.92547,6245625.53183,5.77606430413,1.0,[M+H]+
4354,316.05983667,733.19358,230799.246921,11.3911237328,10,
4355,316.085309132,34.7615226,203981.173946,13.6859142158,10,
4358,316.113744129,130.896147,1163080.4307,3.76730393437,10,
4359,316.110672421,398.450526,154308.77098,13.7292910036,10,
4360,316.122876688,942.48201,212306.274578,9.93166704119,10,
4361,316.128537233,631.16256,3997232.16108,3.52042543584,10,
4363,316.124852812,261.275478,998118.646327,9.94099316976,10,
4364,316.126123231,412.525662,146896.92182,10.7114549874,10,
4365,316.126162206,454.825926,1796102.79994,2.99518041772,10,
4366,316.120750717,393.588771,2080913.14868,3.67144514087,10,
4367,316.126168954,132.175395,3471401.99049,7.337163758,10,
4368,316.137886823,506.670006,1358595.95711,3.86318499503,10,
4369,316.142473465,1160.89644,1826573.35066,3.41424829573,10,
4370,316.144716064,933.981,3142869.20859,0.944605716042,10,
4371,316.163047889,222.473775,429509.982388,5.12024642575,10,
4372,316.154663066,981.83646,5304999.47733,2.40719807466,10,
4373,316.178920322,1159.84287,2371928.22521,8.00093654984,10,
4375,316.187261071,1266.69522,134881.211472,3.48310812274,10,
4376,316.180651968,948.3762,147472.91198,10.4810432249,10,
4377,316.189000376,1037.76564,127734.097834,13.8514587758,10,
4378,316.192460766,302.260989,13293511.9258,5.97248863356,1.0,[M+H]+
4379,316.192247955,342.089499,4841463.47394,10.9126808117,10,
4380,316.192483483,139.522677,1197201.59668,1.11520085094,10,
4381,316.211086156,398.621268,8788089.88227,1.83816906135,10,
8125,434.122603481,458.179908,438282.333273,12.3090289925,2.0,[M+K]+
4383,316.222412552,501.855936,110327634.468,4.20100678683,10,
4384,316.222369216,338.140314,117976599.025,5.49729492011,10,
4385,316.222370629,356.851188,275896291.129,2.90796220953,1.0,[M+NH4]+
4386,316.238017888,895.62894,266527.829396,4.84678687832,10,
4387,316.255714929,1326.80922,2110737.3594,4.57327067021,10,
4390,316.613166883,137.223774,2322027.34889,4.77862069489,10,
4391,316.662173423,256.489347,15469107.286,10.6493219321,10,
4392,316.693466955,139.645338,398633.676948,6.42701741072,10,
4395,316.951041909,29.140545,4558241.45214,4.29897538782,10,
4397,316.993036889,638.43198,929441.958885,3.7044610275,10,
4398,317.022231851,35.8250493,1795455.64229,6.2554382759,10,
4399,317.038806898,230.020278,1707737.55829,9.93672969989,10,
4401,317.050132047,31.2127599,4928092.53325,9.25701313605,10,
4402,317.057780037,1118.86935,57615613.8939,4.84195543892,10,
4403,317.089184064,258.80667,2261227.88983,8.22111179308,10,
4406,317.114821586,80.477592,2908308.73114,13.6202261454,10,
4407,317.129216728,131.855583,454470.294671,10.132528535,10,
4408,317.120100796,293.874354,2564203.07708,6.28053023815,10,
4415,317.171591971,1080.83616,119869525.854,2.06373462457,10,
4416,317.188203246,854.39445,1269327.3876,10.6979770062,10,
6349,374.202615963,107.860734,151698650.758,5.29512628572,2.0,[M+Na]+
4418,317.181239026,63.236937,55847779.2233,4.69646626375,10,
4419,317.183325065,496.107246,109708895.693,4.44422360944,10,
4420,317.181276543,150.25656,141401791.143,3.7219187384,10,
4421,317.188692771,655.61838,251938.106432,14.3445686914,10,
4422,317.195064641,1088.81775,1070958.18383,7.4416307633,10,
4423,317.186479459,1058.98416,241493.639079,8.5142521274,10,
4424,317.214573015,398.470392,1380551.46542,3.5786142928,10,
4426,317.251065692,949.3953,484908.845948,3.29099474593,10,
4429,317.98484499,36.5843934,311437.844196,5.86124891748,10,
4430,318.059128212,1138.96194,22734201.9724,11.3330551164,10,
5657,352.185838198,395.490153,155312478.857,4.89369328226,1.0,[M+NH4]+
4437,318.128876066,39.0406458,5254211.65317,7.69892392593,10,
5712,354.147420887,450.58479,1878180.84214,5.51381163333,1.0,[M+H]+
7587,415.210536518,281.62098,727869.198939,12.0628396829,1.0,[M+NH4]+
4441,318.154395024,705.12624,128706.849236,11.1178210519,10,
4442,318.150027432,371.402136,236221.457298,11.0159302008,10,
4445,318.180537618,593.966823,14918388.5329,8.60337732762,10,
4446,318.192100979,854.39445,187286.072739,12.2841267555,10,
12209,652.410256819,822.8553,2038019.10077,4.20358011796,1.0,[M+NH4]+
4448,318.201770483,249.602097,59554993.5705,4.42805565769,10,
8176,435.280156866,136.09827,548631.862232,10.2885963406,1.0,[M+H]+
7072,397.215767418,393.746586,2132558.86911,4.02513482837,1.0,[M+NH4]+
9510,494.235389671,365.555262,1714165.31311,6.86270198669,1.0,[M+H]+
4453,318.209384359,809.28147,371527.185402,13.13213938,10,
4454,318.228624296,337.981434,1778654.04027,5.28363612721,10,
4455,318.239611609,1217.15247,21264384.4435,8.05578907838,10,
4456,318.299631037,1015.05012,11816921.2846,5.73225785947,10,
4457,318.608236494,261.295728,600482.346974,6.7779847487,1.0,[M+H]+
4458,318.665947005,793.11435,4556574.36542,4.58170495907,10,
4459,318.661710124,497.064501,18201005.5921,5.69082558347,2.0,[M+Na]+
4462,318.860325625,35.1024813,446657.697438,50.7151531944,10,
4463,318.913187403,29.140545,2672149.77417,9.43937214927,10,
4464,318.936849939,32.4859524,10323949.5134,2.8146402691,10,
4467,319.074030626,334.298748,5509824.90327,6.91058471708,10,
4469,319.097729579,53.055759,236247.058294,5.8642446857,10,
5456,347.144392839,386.587023,1854738.57262,5.77074507282,1.0,[M+H]+
4472,319.114379393,128.456556,164741.517986,3.05980424803,10,
6887,391.200032323,227.31852,80384589.8182,9.25293370087,1.0,[M+H]+
4475,319.139336971,356.429382,32404993.5328,4.05502227883,1.0,[M+NH4]+
4477,319.139514225,198.146394,5466551.9549,5.60829141085,2.0,[M+Na]+
4478,319.129728016,1261.87956,203621.631045,10.8256042132,10,
4479,319.142486401,457.142226,890033.283805,14.454739552,2.0,[M+Na]+
4480,319.152898221,80.22453,3823763.30594,4.71125599877,10,
4484,319.16761792,541.534257,1028178.83682,4.19644368199,10,
4485,319.168145647,348.736758,26510750.3834,4.13829409373,10,
4486,319.167138296,793.11435,900069.444095,4.10852865632,10,
8729,458.244694454,69.054588,551882.462582,11.0448381196,2.0,[M+Na]+
4490,319.193912271,1341.15666,7876826.58239,3.50055577789,10,
4491,319.204316552,874.39092,125856.891346,9.7391595316,10,
4492,319.198491226,846.04716,322209.859137,0.198484718401,10,
4496,319.232382362,1230.54513,576772.366535,10.6410281837,10,
4497,319.237101408,919.3914,95619.2372382,7.06478897133,10,
4498,319.230665399,356.842044,233370.139866,10.6004266677,10,
4503,319.668382802,792.8517,92195.8038014,7.04978020527,10,
4504,319.684025014,311.225619,10098750.894,3.98113310159,10,
9782,506.748934716,603.4593,2368195.97862,10.2580447212,2.0,[M+K]+
4508,319.995806772,375.053013,1267360.50005,6.04189396279,10,
4509,320.016756957,349.653102,251839.393767,14.1703853948,10,
4510,320.03668632,1062.7989,843615.230336,10.0412849776,10,
4513,320.068850216,181.429974,4518942.89545,6.41175838659,10,
4516,320.103752196,99.262554,611027.863848,9.09839245795,10,
4517,320.117929435,405.219648,228895.234299,12.0907686166,10,
4518,320.134476949,610.20789,7250884.35648,4.76960201385,10,
4519,320.148465429,937.34127,2865991.98469,3.14656122837,10,
4522,320.154658776,1014.09972,286163.254516,7.97308605854,10,
4523,320.159938132,404.875404,23385011.3701,8.62852467275,10,
10632,550.223374334,290.735919,52071166.9578,9.14985777562,1.0,[M+H]+
4525,320.181001767,101.010324,49407054.8375,4.85036356444,10,
4526,320.180889292,132.269058,222561092.789,4.52441232769,10,
4527,320.185814562,311.225619,3034955.99531,4.46206635532,10,
4529,320.18831368,872.14044,413045.596184,6.63340501265,10,
4531,320.205804025,275.350416,222758.113677,12.8312028951,10,
4533,320.207545503,327.955626,399728.379547,4.25438394614,10,
4534,320.255245974,1194.60783,30963328.6179,5.19609268705,10,
4535,320.532313511,24.7353858,76712.9257489,9.14633173613,10,
4537,320.613829241,334.298748,3001589.77892,5.76453391314,10,
11598,602.317446898,826.86609,605571.783307,7.63542066641,1.0,[M+H]+
6203,369.65758458,344.175681,453450.683763,13.6149157743,1.0,[M+NH4]+
4542,320.663282691,250.073226,208436.745578,8.93509829337,10,
4543,320.679361249,66.719151,1181768.04299,10.1995724928,10,
4550,321.048646252,172.333812,334059.95875,9.35870873067,10,
4552,321.058841408,233.135352,628607.099208,10.345306084,10,
7425,410.156543346,871.71564,857667.118929,13.5161920981,1.0,[M+NH4]+
4556,321.067249861,829.30338,16223671.3068,4.1431395831,10,
4557,321.079877935,255.056532,607370.943781,8.46786819807,10,
4561,321.105097166,589.891224,142495.511382,13.0607657035,10,
4564,321.139753536,40.1892063,2817892.24015,7.06417516168,10,
4567,321.163123175,457.937037,7378984.74355,3.4750269349,10,
4568,321.161828147,682.31157,6187842.05549,5.06903705372,2.0,[M+K]+
4569,321.184403665,132.33744,30889944.1246,6.01250573977,10,
6135,367.214801931,1363.39227,29286867.7212,1.93344374259,2.0,[M+K+HCOOH]+
4572,321.214399148,842.7852,231674.048311,13.012342851,10,
4573,321.239315262,1284.3894,39285945.1178,2.72286333964,10,
5190,338.340880682,1398.36705,857711679.516,2.51604072951,1.0,[M+H]+
4575,321.630817484,670.44999,5310577.46032,7.47063278276,2.0,[M+K]+
4576,321.641499104,375.372633,2363615.19885,3.14348730165,10,
4577,321.645142395,111.714042,300044.299075,8.26684503734,10,
4578,321.650215466,434.811024,599088.601984,4.38976867606,10,
4579,321.663178976,134.489592,18286924.3315,3.73594874918,10,
4580,321.667097484,768.37515,267917.111771,8.19030221142,10,
4581,321.681487952,89.004189,218338.50605,14.0246834209,10,
4587,322.101634383,65.445192,1034514.71149,5.27687837798,10,
4588,322.09708729,646.5795,780778.647963,6.01120386772,10,
4589,322.083387468,385.72701,481750.44291,6.78860016126,10,
4592,322.120938147,69.58365,151116.136605,9.75924189995,2.0,[M+K]+
4594,322.137042947,321.741612,220190.704306,11.9018906358,10,
4596,322.152646393,1058.93142,28869687.859,11.6928931348,10,
4597,322.149049578,40.5376464,4670596.7082,11.3666488431,10,
6084,366.147288408,247.98747,548853.379641,9.06168416275,1.0,[M+H]+
4599,322.159012783,502.007802,125005.152192,7.86857001376,10,
4600,322.172888436,268.769232,20018108.9158,4.70692643617,10,
4602,322.160077852,44.3342421,21821032.5465,2.40193442956,1.0,[M+NH4]+
4603,322.175364821,357.069945,23988175.3608,3.96419761117,1.0,[M+H]+
4605,322.19178725,137.223774,14703520.3164,5.63240559804,10,
5977,362.237649413,1105.89963,1915507.35597,2.99933933553,2.0,[M+Na]+
4608,322.284492193,864.86304,938107.444974,6.95564758504,10,
4609,322.60396675,294.191736,706957.978769,6.03406324883,10,
12134,644.215476338,256.170663,315960.141891,14.803939612,1.0,[M+NH4]+
4611,322.63110213,336.863691,4649239.34674,3.72113973062,10,
4613,322.691313493,466.152546,14941569.0791,7.83631746824,10,
7383,408.686622981,222.798084,1886689.11893,6.49119458179,2.0,[M+Na]+
4615,322.802393077,36.2476971,171378.391849,4.04960204277,10,
4616,322.825267964,33.8897949,685946.341914,6.52383908556,10,
4619,322.967281734,36.1547964,705373.619858,11.6641149273,10,
4624,323.064249759,176.85969,102163.620543,8.32819751223,10,
4627,323.082341252,980.75208,123825433.049,9.11203274939,10,
4628,323.103225343,302.484246,1686351.65604,9.39105395645,10,
10717,555.112588478,1062.43734,7748140.16832,1.41144335673,2.0,[M+K]+
4632,323.12838483,854.4105,115050.81173,11.0873623221,10,
4633,323.134403205,92.571348,1105344.46885,3.1467491292,10,
4634,323.14007545,351.949314,2325879.45363,4.85603016152,10,
4637,323.176520884,268.798323,2785341.82295,4.35242798776,10,
4638,323.178884596,498.344061,671849.323903,0.677968715676,10,
4641,323.168700036,90.313224,154173.570326,7.27949298848,10,
6282,372.192996584,113.335542,699943.507371,3.00593936838,1.0,[M+NH4]+
4643,323.194858085,137.178426,809874.024466,8.07878759459,10,
4644,323.225027536,1385.66928,15057403.5343,6.91344836412,10,
4645,323.610271938,449.270673,15058052.8802,5.03675564681,10,
4646,323.632064678,761.90019,5109924.19209,6.70042211711,10,
4647,323.650628665,919.10208,281309.142005,14.2691765453,10,
4648,323.673223819,128.534397,20798717.4278,4.46986130265,1.0,[M+H]+
4649,323.691551739,214.628454,8219665.30308,6.23726076571,10,
4654,324.1023172,53.3717688,587870.735527,11.1071131035,10,
4655,324.1004198,170.319936,215490.316217,14.659112952,10,
4656,324.111966754,449.11092,4215710.91012,5.91201130416,10,
4657,324.114521448,1058.62653,18197882.531,12.3578121901,10,
4659,324.120484367,348.898134,476953.845598,7.49339869947,2.0,[M+K]+
8504,448.244973769,1171.21824,959639.199086,6.99237888684,1.0,[M+H]+
4663,324.171019697,120.625779,3488990.81308,5.4682990579,10,
4665,324.187633791,1037.96028,216753.511916,8.8916452586,10,
4667,324.235720172,719.21115,159117.112545,12.560534409,10,
4668,324.275057643,789.72372,314636.253963,8.32484972288,10,
4670,324.639792018,120.85905,296345.458718,8.05744447286,10,
4671,324.654373835,644.09154,4031910.82045,10.649960662,2.0,[M+K]+
4673,324.88571635,35.1734211,227361.525835,4.44841750303,1.0,[M+NH4]+
4674,324.964482707,35.7810543,481620.625591,5.56225902754,10,
4675,325.023656626,393.27315,1536137.78226,6.91362597717,10,
4678,325.051464799,48.7613658,1988045.23201,5.02087210151,10,
4679,325.061821991,68.460345,403232.032907,8.76861480897,10,
4681,325.076283731,393.27315,9457383.18536,11.1713196804,10,
4682,325.10292224,98.125014,251955.813894,7.09811795967,10,
4683,325.098383705,877.72656,5579014.6216,0.964884931782,10,
4684,325.098490886,905.8335,24485797.2213,1.83370595065,10,
4685,325.098503646,627.68262,363036.946878,8.01846999961,10,
4690,325.138881014,484.572798,1449838.41655,8.07077730755,10,
4691,325.142465544,563.591034,356295.217663,7.10730315987,1.0,[M+H]+
4692,325.158222082,292.496793,6486785.57648,6.0848049108,10,
4693,325.158267849,189.719322,5391785.6576,2.69812312124,10,
4694,325.154845043,1283.12874,745379.665975,6.02738142761,10,
4695,325.172763102,595.41534,175700.403422,10.8894725669,10,
4698,325.204761972,683.14284,2057244.60269,9.01104798699,2.0,[M+Na]+
4699,325.23416096,1274.2587,23782737.3582,6.36279166609,10,
4700,325.247789685,963.42192,2767763.1785,1.98334556656,10,
4701,325.24779918,827.92392,107056.843736,13.940022729,10,
4702,325.606787932,449.459667,158359.863231,5.27791472852,10,
4703,325.61591208,336.339888,298152.194449,6.95631122396,10,
4704,325.617339754,792.57303,208705.472479,14.0687994872,10,
5795,356.684128758,357.551823,5371176.11977,4.32145439527,1.0,[M+NH4]+
4706,325.662080791,749.32929,2982197.65787,3.71717114376,2.0,[M+K]+
4707,325.655539819,797.70081,137735.954138,7.11906246383,10,
4708,325.714751277,515.006061,30507300.0783,6.02169434034,10,
4709,325.714768024,494.351679,6635179.01057,4.14272968772,10,
4711,326.036998567,439.092165,345803.75881,8.78561788135,10,
4712,326.03478815,31.6602966,423126.054719,6.33794236239,10,
4713,326.083871076,40.9172622,686314.941103,9.993494558,10,
4722,326.126079023,1242.85404,252811.769369,7.63710797359,10,
4723,326.130088207,987.41559,21339344.3674,2.91998595246,10,
4724,326.134011351,105.626232,24511784.3276,6.095718961,10,
4725,326.132115548,343.422507,673448.576443,7.57303137626,1.0,[M+H]+
4726,326.134841415,967.68648,198688.773849,3.91683502323,10,
4727,326.146769972,256.809219,335795.972261,8.76637499825,10,
4730,326.158940462,857.93718,134597.735832,14.0583831299,10,
4731,326.167928707,145.892595,24956014.9386,4.26789790032,10,
4732,326.167766039,159.249975,16609271.8999,7.19861858677,10,
4733,326.170454971,543.243516,3676283.46723,3.88260245858,1.0,[M+NH4]+
4735,326.181399333,45.9305838,14853900.7761,14.9290518062,10,
9394,489.265740513,64.82097,29194532.6776,7.70821678119,1.0,[M+NH4]+
4740,326.251396064,963.49947,444212.132357,11.8288771871,10,
4741,326.377392954,1178.09955,88854146.4744,4.09103104942,10,
4742,326.55563963,334.298748,612820.610492,5.42853889331,10,
4743,326.59509248,449.139912,1138314.37735,2.76858148007,10,
4744,326.624367664,232.636206,8120394.02813,3.374917272,10,
4745,326.633425924,342.98037,252257.413716,12.2355281898,10,
11898,622.838266009,33.2031753,3276642.60762,10.0813292716,2.0,[M+K]+
4751,327.031040328,31.6602966,370797.497764,2.50961231517,10,
4754,327.054624908,281.460732,956184.543062,6.29306414614,10,
4755,327.051077993,34.2087303,13651415.9469,4.73647667123,10,
4756,327.067273062,54.4325952,3047163.89935,4.52458498675,10,
4757,327.085671726,504.891438,408407.601417,2.29779792631,10,
4760,327.096288001,386.996022,251674.477942,9.99121691442,10,
4761,327.102090087,145.682544,1557448.00064,4.52411851441,10,
4762,327.114002151,1062.43734,64849954.7346,5.58836586827,10,
4763,327.115480444,54.634263,2868184.01124,7.17357513043,10,
4764,327.113975126,1034.77752,778860349.765,4.97194100133,10,
6279,372.177366471,631.46568,4350523.46269,6.089395245,1.0,[M+NH4]+
4767,327.126806577,42.42165,5528766.11311,6.99556426182,10,
4770,327.131480283,876.69582,16115213.9048,10.6918846231,10,
4772,327.131166774,272.413476,246038.63365,13.6279302667,10,
4773,327.139167852,325.693506,762520.201789,5.57574716754,10,
11987,631.326039041,817.68216,19702528.4127,7.51743941499,1.0,[M+H]+
4775,327.1316557,627.35976,133027.211268,4.81560368524,10,
4776,327.185828874,528.13707,17880559.6493,3.77118869281,10,
5365,344.22725813,527.728074,57746979.7268,3.09440269047,1.0,[M+NH4]+
4778,327.219977901,1347.24363,98768783.9155,3.18336847344,1.0,[M+NH4]+
4780,327.612607296,697.458,540415.312511,9.52863456555,10,
4781,327.61270193,607.92348,475307.633003,5.5793153421,10,
4782,327.652538568,817.84422,214809.44868,6.39338542168,10,
4784,327.718049471,438.034404,1176850.05945,4.19410497019,10,
4785,327.730437143,525.479568,10193257.2449,3.87141843338,10,
4786,327.730415237,502.969428,2433334.40277,0.668973356833,10,
4787,327.794284515,279.530172,687074.044661,14.4651620214,10,
4788,327.998598194,108.636015,379501.322812,14.8664549456,10,
7801,423.025697858,38.1901308,1905548.54139,6.66564587986,1.0,[M+H]+
4790,328.036123638,230.178777,2745335.14244,5.69791734639,10,
4791,328.052841024,215.668713,260691.475019,5.19345788793,10,
4792,328.054783514,962.38635,1335539.11644,5.86151343435,10,
4794,328.077794558,360.450012,517144.813699,8.30866302316,10,
4795,328.087797337,543.404391,412403.366249,9.12820282151,10,
4796,328.08627687,230.178777,5031615.70073,4.86435660703,10,
4797,328.085180973,34.8492945,497334.925098,3.96115572537,10,
4798,328.093027489,265.580973,806737.906748,4.13811638291,10,
4799,328.095533842,54.709029,461135.254536,10.3046811255,10,
4801,328.126760039,933.57081,2449777.18203,8.29833520692,10,
4803,328.113168789,64.347843,2740493.20645,3.68848910196,10,
4804,328.129414676,305.832864,2908725.14383,6.79674200263,10,
4805,328.126197388,238.759458,344728.188688,3.54518438388,10,
4806,328.13357519,543.616887,2392204.28542,3.22923101966,2.0,[M+H+K]2+
4807,328.149632497,478.354176,531404.832491,6.60616203458,10,
9894,512.234223373,241.966905,749723.411685,7.23965762818,2.0,[M+Na]+
4810,328.197660116,334.183248,851911.750727,10.2012672111,10,
5424,346.232899935,363.566628,333147190.401,4.77485831441,1.0,[M+H]+
4812,328.222294239,339.570627,3399352.61252,4.04430321299,10,
4813,328.611307309,340.168878,310746.245717,6.4325184624,10,
6847,389.690705301,347.81763,856094.140017,10.1923603168,1.0,[M+NH4]+
4816,328.683618273,327.232116,16867871.5176,0.95825593096,10,
4818,328.71998901,581.558904,12408284.9462,4.24850228763,10,
4821,328.897221216,29.2170702,15463264.5346,4.67916069759,10,
4822,328.973125684,36.1547964,172478.853248,9.78045242037,10,
4824,329.035666996,38.0966682,2646881.09422,4.19391996694,10,
4825,329.033450518,951.88884,3936647.72766,4.20445472749,10,
4826,329.038725142,898.20696,288613.536231,2.53616178193,10,
4832,329.120130181,221.824836,5144420.87256,14.6186240959,1.0,[M+H]+
4833,329.119916614,685.8264,147632.465432,13.0129341903,10,
4840,329.18112345,77.392695,112051208.856,3.79442689053,2.0,[M+H+NaCl]+
4841,329.18126689,155.170812,50529734.5709,7.1491639543,10,
4842,329.185368888,327.232116,5521484.33628,4.22974236363,10,
4843,329.214536986,809.92869,464767.360453,7.46336627949,10,
8488,447.280308504,446.516166,9193072.29338,9.43844528911,1.0,[M+H]+
4846,329.251141606,952.98498,352332.814169,10.3403316736,10,
4847,329.315327949,1096.24899,558050.613445,7.30267948685,10,
5824,357.346722658,1234.88622,418790.493394,7.89632879777,1.0,[M+H]+
4849,329.638882175,434.902596,3439495.85486,3.9251442057,10,
4850,329.646279899,744.65073,1809138.94707,11.7068310822,10,
5185,338.201362584,822.77511,1068381.85454,2.35644204152,1.0,[M+NH4]+
4852,329.704844776,406.534278,1158862.37852,10.0349436141,10,
4853,329.99756664,32.8369026,401919.460719,11.8957078878,10,
4856,330.035811913,24.8818782,170583.413777,6.69487971822,10,
4857,330.059146883,142.137216,2552696.09396,4.39073377515,10,
4858,330.059084847,88.415724,24311621.5535,5.5687510631,10,
4860,330.103820883,1064.97009,50034418.2871,2.83099525098,10,
4861,330.103180957,596.958531,469646.49339,8.47168290962,10,
4862,330.093261519,372.369144,339115.232738,4.66597769646,10,
4864,330.125029641,933.72981,35349717.1759,14.0632887193,10,
9175,478.264909408,513.887499,35784332.0728,5.4627423158,1.0,[M+NH4]+
4866,330.1539885,1308.49197,150971.908832,11.1017393408,10,
4868,330.149144617,971.37945,5598764.562,7.68634493258,10,
12278,659.334720928,323.32806,10210571.8971,9.08812290286,1.0,[M+NH4]+
12279,659.374817719,852.93708,4015732.17662,3.59429433985,1.0,[M+NH4]+
7921,427.172537445,329.03337,2096506.60487,8.12643893878,1.0,[M+NH4]+
6087,366.165235596,226.517148,32676285.2195,5.02181263182,2.0,[M+H+KCl]+
10459,541.297103694,475.697613,85831700.1057,3.30992643212,1.0,[M+NH4]+
4879,330.237915771,445.882158,98097107.0441,2.33979994439,10,
4880,330.23795967,505.53231,29339969.075,4.53691342851,10,
4881,330.271264862,1063.97412,356897.616049,9.93681952044,10,
4883,330.60864807,216.251952,285201.86913,4.17891472376,10,
4884,330.641633347,434.49003,149414.742623,11.5620346418,10,
4885,330.677886965,57.2443173,473624.378935,11.8583578999,10,
4886,330.676105602,327.425124,1275929.73524,4.83180503667,10,
4887,330.681062368,212.436396,15200277.1105,5.88739070249,10,
4888,330.706813838,573.607842,4873661.65439,10.638485644,10,
4889,330.752867934,36.073905,148626.391796,5.91099979987,10,
4891,330.93031947,29.0889849,13411474.5828,0.855284946411,10,
4892,330.953703505,918.67434,248514.370969,10.1227970069,10,
4893,330.992943906,665.2494,2625586.57699,12.9063923389,10,
4895,331.035277718,981.20352,6055998.95507,4.5260277945,10,
4897,331.062629721,142.066719,189633.632064,12.0076975454,10,
4899,331.062849822,88.406571,2568376.40176,3.93445164519,10,
6879,391.102897712,1186.7514,4874571.27757,11.1183600401,1.0,[M+H]+
4901,331.08200641,969.11421,526223.474018,14.5082737877,10,
4902,331.087827669,1110.48474,1024626215.11,11.0281234783,10,
4903,331.095234568,403.052031,2415712.15948,4.99815849735,1.0,[M+H]+
4904,331.091877417,449.299848,516227.645856,9.52269773951,10,
4905,331.092554798,271.81923,181592.595046,10.1978855038,10,
4911,331.135481079,355.628514,876036.066463,5.85145765566,10,
4915,331.164694063,32.6948877,490376.697542,11.4283440253,10,
4917,331.187173046,1139.41305,66596990.6567,5.29456376811,10,
4918,331.196874275,238.050903,46482531.7136,5.59592765005,2.0,[M+Na]+
6542,380.180737147,294.887175,95026482.0396,5.30118393814,1.0,[M+NH4]+
4921,331.196823978,175.779882,123263610.583,5.2724143349,10,
4923,331.205254728,312.587112,30333933.4164,3.77141026603,10,
4924,331.205198607,354.873126,10535083.0681,5.80464656327,10,
4925,331.233138087,45.5935578,50969300.2618,3.53897901483,10,
4927,331.303113276,1224.58368,104785.877371,9.73316112233,10,
4928,331.339306365,1149.41532,1270978.16992,8.15418680517,10,
4929,331.589530409,368.111016,186357.909683,2.98403351661,10,
4930,331.596331728,449.159058,1340020.20801,7.10341613694,10,
4931,331.609549455,673.96752,452243.108886,4.37594839776,10,
4932,331.626503145,93.040515,357478.103815,5.51814175959,10,
12312,662.370349401,243.757095,172887.987844,13.7677757558,1.0,[M+NH4]+
4934,331.688901023,351.309759,6972466.83113,2.68786292843,1.0,[M+NH4]+
4936,331.903855458,35.4937068,149929.089631,8.5756590596,10,
4938,331.962522176,37.1205804,266826.168878,13.4532037713,10,
4940,332.050520298,962.38842,417354.402533,8.86377218673,10,
4941,332.059674337,925.57311,322012.147683,7.63908899625,10,
5405,346.080089107,210.87321,789064.862113,4.9440223021,1.0,[M+H]+
4944,332.097883119,449.382288,334279.662931,13.2660847984,10,
4945,332.098564674,403.070337,268951.249515,7.61219824405,10,
5526,349.153244234,131.056209,22144428.6483,10.8436496644,1.0,[M+NH4]+
6937,393.179259872,265.263036,3490703.25566,8.1725076767,1.0,[M+NH4]+
4950,332.117801576,342.16338,396539.916615,5.2996978145,10,
4953,332.15485146,294.728175,363994.588577,12.0021982593,10,
9589,498.230043562,154.895778,781627.267329,12.7565732224,2.0,[M+H+CHOONa]+
7484,412.218219296,315.261369,12014574.5164,7.1809775482,1.0,[M+NH4]+
4960,332.182615858,843.9978,150272.271423,9.63189003042,10,
4961,332.180570655,66.06516,1213069.93077,5.60322036851,10,
4963,332.211724838,54.634263,738810.2536,0.678947196509,10,
4964,332.217155944,254.419905,1040328275.25,3.5455522028,10,
4965,332.217210339,387.628764,84973062.8704,3.55204124511,10,
4966,332.217275636,442.294353,121387972.128,3.40874858933,10,
4967,332.217241395,285.769863,202646201.735,5.24435715441,10,
4969,332.217173789,232.493346,128915549.462,5.52863094825,10,
4970,332.217279902,360.76926,73057513.1973,3.8052961997,10,
4971,332.244228308,446.112351,1399193.14168,4.81791428239,10,
4972,332.242446175,897.14334,870591.512855,2.70932213739,10,
4974,332.315151882,1056.24621,1002911.77761,10.7210568898,10,
4975,332.330296775,1151.56698,18122958.7331,6.47021971255,10,
4976,332.596650568,449.382288,573712.292227,5.94012393284,10,
4977,332.673821301,393.827772,5906554.67226,2.72826667002,10,
4978,332.667952152,381.795708,9694722.45795,5.40734792536,10,
4979,332.678641673,733.03158,237244.436868,7.32684123755,10,
4980,332.677567496,496.107246,22419116.0799,3.86183840036,10,
4981,332.673804913,421.31865,7102120.41655,11.4126827775,10,
4982,332.842720219,33.8897949,1435167.22435,6.51883967739,10,
4985,332.961374653,33.2746404,1091224.4249,30.5224993438,10,
4986,332.996232516,35.9158245,1792741.19361,6.1184113831,1.0,[M+NH4]+
5444,347.0907,602.33478,1492717.52453,2.22417550808,1.0,[M+H]+
4992,333.098182285,82.406289,240056.812984,10.507086038,10,
4993,333.10344682,1191.10458,392073910.825,4.93499735303,2.0,[M+Na]+
4995,333.115187453,174.271932,179557.842001,4.63476975754,10,
4998,333.131202312,563.357457,2084582.9293,6.71174031632,10,
4999,333.155078416,240.007089,5128197.49678,6.93482907623,10,
6936,393.1733822,382.116705,1003277.18678,8.49315169453,1.0,[M+H]+
5001,333.166490893,1055.40504,108470224.78,7.15711312347,10,
5002,333.154725828,304.242114,1975681.88336,4.13304334816,10,
5003,333.17885128,483.128679,2993739.59105,2.57302742077,10,
6550,380.217195746,496.267059,50568122.0268,3.68304639943,1.0,[M+NH4]+
5005,333.191416319,92.891601,2640419.09907,4.71417839522,10,
9835,509.230651742,111.390288,2016996.0139,2.07162192274,1.0,[M+H]+
5009,333.202624066,63.881718,1014499.09955,5.41445830159,10,
5010,333.211545759,1230.70569,469723.718605,10.4331452312,10,
5011,333.214126746,858.01032,185799.544251,2.83571106601,10,
5012,333.220713518,254.419905,169490288.659,3.60603519176,10,
7410,409.23137542,360.917451,533593.601311,8.58273655549,1.0,[M+H]+
10913,563.728663092,270.362853,2458006.66998,9.07960412516,1.0,[M+H]+
5020,334.083125638,35.7810543,211940.68789,6.73655919882,10,
5021,334.088284547,150.047151,1477743.14406,3.56917375753,10,
7889,426.087167284,73.949442,4214278.80294,11.0332007142,2.0,[M+K]+
5023,334.111419822,311.548617,5658151.72941,6.07427977096,10,
5025,334.108646561,220.919394,757671.718841,7.96964051765,10,
5026,334.120904497,343.101318,3121572.06243,4.48529939702,10,
5027,334.138989994,490.514061,20540167.2259,4.9668356295,10,
5028,334.166630694,321.236871,423021.98558,8.11435277924,10,
5029,334.17852976,455.387103,8637417.3277,8.82644066278,10,
5030,334.188592133,1046.33337,254402.156517,7.75774846772,10,
7979,429.194299459,1249.25904,350000.085128,13.1920496514,1.0,[M+H]+
5032,334.196415738,158.001657,159447763.972,9.50129722424,10,
5034,334.196514437,132.46899,39118370.1232,6.94970641648,10,
5035,334.205239818,148.762968,143790.63235,9.73957828176,10,
5038,334.245703626,742.39257,2306211.22451,4.30714557889,10,
5039,334.294326371,1023.79398,7160446.54427,7.3208050716,10,
5040,334.307179699,1388.59452,31492171.8395,3.41435053705,2.0,[M+Na]+
5041,334.337113764,1151.61681,352303.577349,13.1327166903,10,
5043,334.577033814,270.86124,1421699.54476,5.69954809897,10,
5044,334.613461867,323.55012,691177.682137,6.66683710209,10,
6646,383.685758344,694.91814,547091.937756,8.8489388757,1.0,[M+NH4]+
11979,630.380683143,642.97728,13334006.4882,11.5837376668,1.0,[M+H]+
5049,334.707356176,541.054197,78418287.671,3.32330532856,10,
5050,334.725423775,611.0685,13799923.0784,3.04548505814,10,
5051,334.725382724,630.41274,4592528.28659,7.95457848632,10,
5052,334.91427555,32.564487,20952758.7267,4.32392666543,10,
5053,334.956651888,37.7832396,170350.099926,14.2005585388,10,
5055,335.039820609,798.28416,271876.282796,5.12735850265,10,
5056,335.043920592,870.52644,346272.22247,5.32230743691,10,
5059,335.068458002,968.51166,679962.200749,14.3130465842,10,
5060,335.083474879,39.440451,12825957.1071,3.54395841708,10,
5063,335.115216364,311.474748,640367.493365,6.62850926573,10,
11984,631.303526644,325.754622,10872089.5275,11.9194720631,2.0,[M+K]+
5065,335.124582051,1223.00574,6449090.64475,3.83513241331,2.0,[M+K]+
5606,351.11407473,973.44813,45529399.3089,3.04744958163,2.0,[M+K]+
5068,335.139304211,732.76428,5338025.07685,8.30298518764,10,
8393,444.184314648,223.283775,526388.533248,5.24200843952,1.0,[M+NH4]+
10091,522.201812363,42.1654269,26094596.8932,10.3235847948,2.0,[M+K]+
6632,383.173044903,1083.70032,1747605.12726,8.8141575761,2.0,[M+Na]+
5074,335.182257769,455.46567,1332346.48127,8.65430176288,10,
5075,335.199991382,132.269058,5621570.52728,6.88209998413,10,
5078,335.248804134,742.55358,289128.825997,5.9874512832,10,
12369,670.231053042,400.715586,761965.713519,9.5012549466,1.0,[M+NH4]+
5081,335.626237002,289.295982,1201635.35354,6.43135796124,10,
5082,335.629642188,274.527549,1717603.07091,5.6304512222,10,
5083,335.6295906,149.72553,3784447.07675,4.19011805388,10,
5086,335.648657409,355.469757,386326.129306,11.7887712763,10,
5087,335.65535686,99.740478,251751.377199,11.7484092036,10,
5088,335.691358825,581.342151,4447132.24294,5.02612882544,1.0,[M+H]+
5090,336.01495319,37.15005,1025858.81358,10.52622883,10,
5093,336.056033818,36.6721422,143495.440351,6.3758515023,10,
7674,418.042448424,106.263111,478980.500909,7.1063496174,2.0,[M+K]+
5101,336.119521765,543.386946,176206.22149,7.97747242083,10,
5102,336.12783529,1222.98396,1249040.78292,5.9390712744,10,
5103,336.131308412,274.685139,382642.077626,14.8599777566,10,
12022,633.319450922,404.8974,3238158.08452,9.1842213076,1.0,[M+H]+
5106,336.157844566,379.551828,1504575.84844,5.41906624572,10,
5107,336.165907362,720.97584,1794820.73568,2.34832679105,10,
5108,336.154534082,230.495967,73314156.2535,5.67497892264,10,
5109,336.158762656,42.4468659,1490518.11671,2.7178699487,10,
5110,336.159412715,1100.49948,258551.640372,12.6515561198,10,
5111,336.157967286,324.458118,14507638.5568,7.91488473922,10,
8344,442.265167739,415.655022,75937276.7733,8.28828440412,1.0,[M+NH4]+
5113,336.159678901,1019.50464,288285.732825,8.9828801838,10,
5114,336.156838927,842.7753,590295.572687,8.70181990116,10,
5115,336.174765168,455.386539,257166.330275,11.8420314667,10,
5116,336.191094716,415.655022,19128102.9438,6.28879238961,10,
5119,336.191017036,394.618272,24234614.2864,10.1245803266,10,
5120,336.191104771,587.745588,11693679.3744,3.81181782815,10,
7483,412.208579298,643.18848,4859823.47688,5.74295691706,2.0,[M+Na]+
8337,442.196377637,447.702783,106044020.609,8.83040044132,2.0,[M+K]+
5123,336.200773945,1249.01274,153707.635245,7.52799632235,10,
5125,336.252400816,930.77217,860588.433505,4.32324631811,10,
5126,336.243984279,1340.83593,137134.149659,6.67119126635,10,
6751,386.634782888,421.859778,1315710.64604,5.45604716678,2.0,[M+Na]+
5128,336.668287363,151.33068,336114.462454,6.12393044846,10,
5129,336.847288895,34.6195074,820885.824189,48.2755065437,10,
5131,336.934432628,31.9279311,891271.240131,1.84681707408,10,
5132,336.929680201,66.42177,1464381.83477,4.73451944049,10,
5133,337.008067778,33.251361,2982753.81881,6.31243699465,10,
5136,337.040596925,921.89769,679577.9748,3.10991770344,10,
5137,337.050301283,108.142728,190130.304146,11.2708087,10,
5142,337.103867723,1134.07107,12453002.0608,5.51627923523,10,
5143,337.098264287,1062.7989,23701278.2495,2.83376439528,10,
5145,337.116678351,41.0058876,863066.2428,4.86114886641,10,
6604,382.160095167,436.677093,1138692.82512,8.47287309002,1.0,[M+NH4]+
5148,337.135669133,738.79788,5430118.60233,8.47623740146,10,
5150,337.149821839,151.01322,7384425.01159,5.37223445032,10,
5151,337.146370413,718.95642,2215456.91868,9.30444200011,2.0,[M+K]+
5152,337.158521333,416.057532,297712.931883,6.81435408103,10,
5155,337.187972575,1084.4616,425871.986365,3.51939408245,10,
5157,337.21732369,895.58388,168318.881109,14.759636201,10,
5159,337.23400765,1122.23721,147706464.978,9.91799519725,10,
5160,337.295355907,801.21747,1840848.45264,5.53082295462,10,
5162,337.661640864,351.669624,1037720.36425,2.62390382444,10,
5163,337.699554278,822.81429,3371934.75382,2.22047196133,10,
5164,337.700584413,758.69013,1089667.58034,4.04259717627,10,
5165,337.901147859,387.624762,132406.951731,13.9892925876,10,
7969,428.997281225,31.026105,3036211.36645,5.48076091768,1.0,[M+NH4]+
5167,338.029339809,97.01001,430054.212858,6.54802041595,10,
5171,338.083160414,365.87739,7140946.11269,8.17775221481,1.0,[M+H]+
5173,338.090395924,1155.29652,489389.543606,10.6774784023,10,
5174,338.083007884,334.094376,6268233.10474,5.50152587071,10,
8889,465.233545068,326.077383,9714979.57586,8.31176829295,1.0,[M+NH4]+
5177,338.101550735,374.793006,327471.613198,8.38740888089,10,
5178,338.11954219,244.083531,1109554.94153,10.4544397968,10,
8543,450.185077747,385.634274,197256.55586,13.2574474984,2.0,[M+Na]+
5180,338.136906728,67.662504,4890464.94501,5.24056972479,10,
9029,472.261716594,230.727966,6340469.62077,7.26957675116,1.0,[M+NH4]+
5182,338.174743644,39.0342423,3062439.65356,5.10674479099,10,
5184,338.175005097,1198.46166,385702.910433,14.7100844485,10,
5188,338.290555726,862.76499,6159330.03656,4.88634294851,10,
6674,384.346375802,1372.97175,49767202.5974,5.30615958264,1.0,[M+H]+
5191,338.633501675,376.91382,183226.439925,7.71238804113,10,
5192,338.653886215,796.1094,796735.575931,4.51698934396,10,
5193,338.642056134,343.422507,267916.688846,7.09004078092,10,
5194,338.702413422,822.7617,192026.510914,9.44026023835,10,
5196,338.93687047,33.9776649,282456.217315,6.96025430993,10,
5197,339.017879428,951.40626,1145638.64255,9.3714704764,10,
5199,339.039580501,1123.05651,264920555.288,6.12613614333,10,
5200,339.049685182,31.6579548,224728.577659,10.1499899471,10,
5201,339.058183004,97.342482,31622011.4524,4.93743894419,1.0,[M+H]+
5202,339.084410421,1057.041,1870311.76124,2.8759355977,10,
5203,339.086898512,365.772126,702900.071884,4.81339736412,10,
5204,339.084446273,901.42932,2624941.20233,4.86331777789,10,
5208,339.114202255,1177.55904,21957665.6147,5.74038661417,10,
5209,339.164661636,959.46645,700445.525592,8.21017889389,10,
5210,339.156028531,846.90708,85855.2659618,10.076359212,10,
5211,339.173777678,141.099528,6255322.91653,6.17450022878,10,
7765,421.229422632,338.458317,1587663.46468,11.7837746929,2.0,[M+Na]+
8013,430.26505971,51.25581,40205776.0238,4.41741384829,1.0,[M+H]+
5215,339.294809219,862.76499,948697.145628,2.97370505462,10,
5218,339.694053305,617.8686,1949866.645,4.24206294422,10,
5219,339.717760491,463.504104,22899661.4104,14.4351413822,10,
5221,340.109447361,887.04672,224744.281843,11.7766214479,10,
5222,340.12560421,1058.98416,2374206.71969,12.585303106,10,
5223,340.144060807,951.60084,1046719.94144,6.31276103504,10,
5224,340.154492512,1059.89664,5674236.25846,3.36815668444,10,
5228,340.174669742,971.66382,299972.976526,10.4033849904,10,
5229,340.183556379,135.703581,20326919.0505,12.8052445766,10,
5230,340.186031347,288.866112,1639265.35877,5.91917562728,10,
6222,370.207613577,59.4905232,62690088.1312,5.99403768201,1.0,[M+H]+
12586,696.436234315,850.02771,765335.96218,4.01492114145,1.0,[M+NH4]+
5233,340.222234743,293.571672,474088.635743,8.10510107699,10,
5234,340.258814697,619.54272,4423144.99443,3.64339588919,1.0,[M+NH4]+
5235,340.258717917,890.95386,694187.215127,4.01444151604,10,
5237,340.258709643,587.427966,6269049.38107,3.75847054484,10,
5239,340.356653215,1418.35161,22272049.566,2.31460483876,1.0,[M+H]+
5240,340.640098163,240.333717,4242673.0153,6.1843999658,10,
5241,340.656878578,807.66231,538913.169268,8.01242911533,10,
5242,340.679040173,822.77511,4153152.67759,5.75437720753,10,
5243,340.667481498,732.97554,1964139.49842,6.33542087334,10,
5247,340.870946209,33.5707311,687855.273373,6.74832613314,10,
5248,340.931339904,33.5707311,11945425.9011,6.77061549283,10,
5252,341.052686868,962.94492,750276.965026,3.97338536073,10,
5253,341.100057127,49.714272,956496.028863,11.9370455709,10,
5254,341.119647756,797.63691,321247.788279,2.2503286582,10,
5802,357.124567928,905.67303,11569877.5375,12.3288499135,2.0,[M+K]+
5257,341.153235309,198.472206,3157046.52092,7.54108626744,10,
5258,341.162216734,448.66029,3727388.80303,4.16237550749,10,
5259,341.162137682,469.07142,15326482.5682,4.97776498212,10,
5261,341.170179117,113.639577,9817987.80496,7.96074382095,10,
5262,341.17052139,678.12936,9953496.83263,0.539293938329,10,
5263,341.180265177,822.77511,893978.830087,6.26686391687,10,
5264,341.180269579,967.83306,764567.275321,7.15853090967,10,
5265,341.187564803,249.457092,359649.633244,8.77057163089,10,
5266,341.199238348,1347.36423,47805105.8397,5.78449793016,10,
5267,341.221526585,969.92112,208220.115159,2.53149284719,10,
5269,341.24280319,934.13904,966093.700584,3.25751840733,10,
5276,342.014051572,215.607204,649247.278974,3.91004955743,10,
5277,342.036544835,977.21163,905630.077204,10.8707655615,10,
5280,342.103227286,884.6592,319401.258042,3.83035402726,10,
5281,342.116752425,39.0342423,2672075.90799,5.34266017384,10,
5282,342.140299873,94.632576,278696.590415,12.9796255655,10,
5284,342.136595932,346.978002,1459223.86096,0.399239828692,10,
5285,342.136166378,439.965528,773318.356652,5.82022254711,1.0,[M+H]+
5286,342.142428874,933.88896,7880914.9977,5.80633871033,10,
2470,264.195264488,574.575966,1537415.48564,3.76430018838,2.0,[M+K]+
5288,342.15535547,178.242915,12457268.7504,4.27058288567,10,
5289,342.157059381,802.87002,233590.146221,10.6551257942,10,
5290,342.190060381,1074.72078,547613.28768,10.6576178994,10,
5292,342.209390625,903.74568,675159.949245,5.19622940277,10,
5293,342.220078063,805.39818,186356.856091,13.8397880476,10,
5296,342.246198402,897.15051,239900.868792,12.4307366775,10,
5297,342.335879645,1244.51718,546624.825133,6.54691954384,10,
5299,342.628512735,355.310016,191926.872521,14.8006980452,10,
5300,342.634269095,319.560126,468150.953664,11.7935054757,10,
7999,429.736927923,422.22834,26738516.7719,5.30774882931,1.0,[M+NH4]+
5304,342.711052736,903.24744,198894.649858,11.2343907064,10,
5305,342.727079428,473.363235,17039754.0113,4.22923788571,10,
5306,342.72719836,450.904725,6326937.80944,6.5690253104,10,
5308,342.796438965,35.8250493,211861.071085,9.49728774,10,
5309,342.859810199,34.6950078,970605.711113,5.41487134338,10,
5310,342.90399143,33.573888,395887.698326,7.69142956561,10,
5312,342.988425322,37.8765741,1101705.5975,4.19464769947,10,
5314,343.036934399,766.92021,201916.272438,7.07455618328,10,
5315,343.024985651,34.2087303,9239115.62877,3.914273982,10,
5316,343.068053372,981.4578,5719862.72302,1.94895170337,10,
5317,343.086457492,997.54062,39131027.1996,14.8203932293,10,
5318,343.100483713,42.1333659,2466596.70141,6.42461741016,10,
5320,343.099117319,200.155545,390091.38016,8.30107822656,10,
5322,343.107712257,343.127118,160000.738214,4.33961450878,10,
5323,343.12771093,464.368542,247471.56355,6.53873522814,10,
5324,343.137876137,792.8517,260476.325047,2.08393237598,2.0,[M+K]+
5325,343.148543731,1230.6939,252554.459386,6.61693148662,10,
5326,343.148809545,290.735487,285678.695358,9.78731544101,10,
5327,343.148376397,128.612238,144043.109385,6.40020392827,10,
5329,343.162327447,149.733996,370864.533168,4.04812205369,10,
5331,343.171505638,249.426348,172513.622522,5.26069507588,10,
5332,343.197034153,115.344174,23636342.4757,12.0579679926,10,
9192,479.249324363,372.809577,1705704.98018,8.65657836466,1.0,[M+H]+
5335,343.20807881,40.2844887,7501295.19931,6.1551988059,10,
5336,343.219342208,486.362304,3542958.43106,3.55762119795,10,
5337,343.23319744,52.5183114,89924419.8739,9.39326531962,10,
5338,343.261680697,1028.10612,75093797.9562,14.8815873551,10,
5339,343.261770035,997.19514,131173977.745,1.82024101799,10,
5340,343.294696237,1110.00993,20609026.8614,2.43372780667,10,
5341,343.331389679,1146.65424,788147.857003,2.45704061763,10,
5342,343.604314378,421.199904,1119651.69219,3.53834690047,10,
5343,343.696472495,651.4236,1452421.81552,4.94106178952,10,
5345,343.993088212,81.152349,3956632.22117,7.0539618913,10,
5346,344.003697091,47.1879867,1112389.16679,12.4378360311,10,
5348,344.037028109,956.1081,822490.69328,2.53926032458,10,
5349,344.058923933,34.844706,226068.249392,8.50319952025,10,
5350,344.074532494,75.78009,905970.962346,13.8354967367,10,
7210,402.142363014,854.7324,624790.411242,7.86229457694,1.0,[M+H]+
7088,398.152615923,80.526219,3013544.17899,4.69482232148,1.0,[M+H]+
5359,344.142151206,44.0489865,1803209.84619,8.34064509947,10,
5360,344.163179937,608.60373,581827.352704,7.29443912081,10,
5361,344.164851896,996.46215,30317651.4552,14.7771659911,10,
5363,344.175710012,987.09771,440250.016677,11.9754460197,10,
5364,344.206069851,815.6604,2226350.70612,0.919111418786,10,
5366,344.253546337,557.833866,167737557.432,4.39677697326,10,
5367,344.253595879,530.68257,75580232.3778,1.54287779532,10,
5369,344.253652283,593.671158,103593188.86,3.18198845881,2.0,[M+Na]+
5372,344.684164233,109.72203,608092.745944,93.5200881808,10,
5373,344.793555144,35.8250493,237235.503422,7.80540141992,10,
5374,344.865561958,36.1547964,534651.395834,8.64310968054,10,
5377,345.000525339,81.163404,1439906.43425,14.6473610834,10,
5378,345.009759651,38.1901308,2365675.64925,6.56555314265,10,
6437,377.006305767,123.47931,3125097.6742,6.02854304858,1.0,[M+H]+
5381,345.049925667,813.14745,883546.214657,4.52839648953,10,
5382,345.058322352,472.884297,178611.602131,12.8547129803,10,
5383,345.058258816,505.211934,209638.005062,11.6454794279,10,
4035,307.121568932,153.25722,2275417.84976,5.24411134922,1.0,[M+H]+
5386,345.114928596,438.449094,115901.586574,11.8166211727,10,
11760,613.141554459,955.74189,1323485.39538,10.5320039143,2.0,[M+K]+
5389,345.13344112,1145.16246,8229656.49597,7.63820581128,1.0,[M+NH4]+
9887,512.179316964,646.48416,414290.45434,6.78779971069,2.0,[M+K]+
5393,345.143888952,283.354014,2929106.06738,4.38717020139,10,
5394,345.155124892,373.248132,1632865.93506,7.47648787869,10,
5395,345.182092437,121.102269,3973139.75004,8.64452135157,10,
5396,345.212602955,101.33973,128612757.1,6.32207977973,10,
5397,345.209481635,815.90367,338249.838764,7.31667574104,10,
5399,345.645041356,90.131655,107621.831353,14.0420915514,10,
5400,345.947112048,29.215353,1660479.81639,10.6165453759,10,
5401,346.054060342,103.862385,33985560.7442,7.18618091167,1.0,[M+NH4]+
5402,346.066255721,962.60721,2628394.03747,7.21169949819,10,
5404,346.090217211,133.526715,658361.78074,7.5337512262,10,
5406,346.095625819,34.6135719,527507.37071,11.8398077547,10,
9149,477.219879689,339.252756,1668813.10101,9.66682413164,1.0,[M+H]+
5409,346.123405226,956.01636,704963.84837,11.1074393996,10,
5412,346.149821025,344.865876,398393.51955,12.8395541,10,
5413,346.153959377,299.535606,1140402.01071,12.6186342417,10,
5414,346.154721363,646.15014,490614.66962,8.58169309174,10,
5417,346.188484029,546.718446,496247.536884,1.43879859073,10,
5419,346.196410414,306.79299,1046186.13027,7.74030241924,10,
5420,346.216089019,75.517161,8150037.24954,3.40690314491,10,
5421,346.217592517,341.52225,5530626.60067,14.7522381638,10,
5422,346.232761215,557.249706,26035213.7779,1.45412269321,10,
5425,346.232926188,478.954365,36966154.9109,4.03009759877,10,
5426,346.242642156,1387.58022,4626430.6138,7.34415501259,10,
5427,346.255504296,1456.31982,679579.073134,11.0932313855,10,
5428,346.330749575,1091.38221,907451.856444,4.08329526409,10,
5429,346.622321981,340.53357,280328.776992,12.1723594673,10,
5430,346.676603741,85.086099,317156047.886,4.9806578738,10,
5431,346.725659812,613.08534,18077018.3728,8.90044407459,10,
5432,346.726775205,35.9158245,92323.8047644,13.9228756755,10,
5434,346.907876179,29.140545,31287954.4349,4.92042392127,10,
5435,346.943283646,29.3219484,1625003.75221,2.13387581284,10,
6995,394.998001865,181.113789,1892395.0756,9.0041478512,2.0,[M+Na]+
5438,347.038935758,81.103782,814325.788301,14.7893100664,10,
5439,347.044193693,627.54306,248281.850524,3.20976549809,10,
5441,347.059519527,1060.20042,5821714.38428,2.64347380658,10,
5442,347.088862884,858.44469,237853.994219,5.8586098543,10,
9215,481.207217467,834.68601,545106.77572,6.85030050346,1.0,[M+NH4]+
5446,347.079547728,624.38331,109396.442406,11.5514770884,10,
5447,347.084484087,40.2242808,1061243.12852,4.75495212636,10,
5448,347.084223749,171.044802,124167.045116,14.1405032528,10,
5450,347.101292021,118.59942,993772.556482,8.90756501021,10,
5451,347.106625134,705.70803,251606.813416,9.59524814083,10,
5452,347.127113628,312.515364,8381550.78154,5.25244981494,10,
5453,347.126347596,1136.9361,341844.691093,9.94901891949,10,
6063,365.155187481,143.870805,6624770.55411,2.81128631253,1.0,[M+H]+
5459,347.170842599,403.590282,1159696.60192,3.5657734137,10,
5460,347.169525004,923.17008,270603.636852,8.96714669685,10,
8038,431.189133383,855.36675,150646.350428,13.6587782501,2.0,[M+Na]+
5463,347.228040864,45.1226202,34830093.4545,2.53145358551,10,
5464,347.228186327,139.160772,154287.384229,5.00561090714,10,
5466,347.229683869,963.49947,12604803.0792,5.14849647688,10,
12242,656.327510825,675.55902,35920455.8504,7.38365578408,1.0,[M+H]+
5472,347.66855627,827.0511,137477.561118,1.43228276717,10,
5473,347.675029846,66.69978,1207917.50668,10.2146874458,10,
5476,347.936831393,37.0453899,142253.006827,7.58270263578,10,
5477,347.957990935,35.7810543,152513.092357,11.7321621495,10,
5479,348.103842542,83.027322,870545.760593,14.4941749515,10,
5480,348.098412467,36.4904871,247539.926524,10.4321762888,10,
5481,348.094128618,602.7882,170752.098719,8.21990739209,10,
5483,348.113197243,53.3717688,500404.908862,14.1259035996,10,
5484,348.120178623,1136.82909,904133.120546,6.35047946558,10,
5485,348.124736384,38.6870514,2673311.61643,5.97681097754,10,
5489,348.149135948,866.75208,588741.260692,2.65073911235,10,
5490,348.149188457,901.25448,811748.72201,3.31885961397,10,
5491,348.157848658,257.29359,33849933.8462,6.11965593412,10,
5492,348.159622062,1178.63694,180300.409622,10.3609406216,10,
5493,348.163129681,418.018032,231110.169298,4.33055719624,10,
5494,348.156283616,1046.49642,194034.862175,9.06704322718,10,
5495,348.172033605,1150.66662,289013.239903,14.7931889228,10,
5496,348.184869481,411.661275,361442.265906,4.23025636227,10,
5497,348.190546525,758.37309,1033270.58849,7.5701591339,10,
5498,348.191048306,377.840898,368891.04238,11.0430723378,10,
7018,395.217912485,397.164396,386441.565818,4.52950764801,1.0,[M+NH4]+
5502,348.212099776,42.1654269,14435022.7793,6.39820149088,10,
5503,348.233304607,963.49947,2259279.61965,6.15975995578,10,
5507,348.300172567,958.40106,612631.319489,13.5430618406,10,
5508,348.310252385,1328.08722,429975.627659,13.0443744709,1.0,[M+NH4]+
5509,348.659685157,290.787612,728211.145577,7.44647236352,10,
5511,348.813539748,36.1547964,536640.774442,5.74917524229,10,
5512,348.874734571,35.7810543,716824.240312,10.2057261662,10,
5514,348.940847004,28.8273579,10963844.2358,8.69607803033,10,
5515,348.970347176,35.8250493,549066.1211,9.71775665415,10,
5516,348.989213429,1076.59299,26889232.8628,4.72480501551,10,
5518,349.078702343,71.144775,13617963.9161,5.23040724831,10,
5519,349.08141847,972.34398,322348.573575,13.2436589117,10,
5520,349.098466994,958.58391,15741583.3803,4.03392894153,10,
5522,349.115794546,700.98666,199948.7267,9.98914145992,10,
5523,349.135285942,114.632916,790699.724919,7.46040343966,10,
5527,349.149990214,348.736758,22729761.3662,4.19425033135,1.0,[M+H]+
5528,349.152175818,1190.94567,43736224.7249,6.40312170749,10,
5530,349.165995273,146.528031,11109177.6845,2.75739633473,10,
5532,349.166238247,92.573904,2856867.65906,1.29739991601,10,
5533,349.173810489,428.807844,1838767.4203,5.84387910922,10,
7457,411.18642436,255.37416,27286961.0308,3.3593663795,1.0,[M+H]+
6062,365.162928968,1040.77536,12806225.4273,5.59827728048,1.0,[M+H]+
5537,349.197727612,1171.59357,89123442.8927,5.67821033922,2.0,[M+Na]+
5539,349.20741604,69.196527,521665.570099,12.8243925022,10,
5540,349.224432598,1240.98618,142214.627517,1.93684359741,10,
5543,349.240959679,492.73881,345086.257211,10.0204006769,10,
8408,444.270353736,1369.47762,538239.607782,6.40739613965,2.0,[M+Na]+
5546,349.293882808,1068.6102,691924.95701,9.97743404919,10,
5547,349.666058391,852.90939,503909.84713,3.00937534439,2.0,[M+K]+
5550,349.712704653,536.260947,94917030.0123,3.69810738909,10,
5551,349.713029664,513.727002,20492328.9728,3.41952377786,10,
5552,349.71279111,423.45603,10109971.3469,0.776615311784,10,
10201,528.768830591,444.360909,11311210.6879,7.5186244327,2.0,[M+Na]+
5554,349.730901036,500.08881,87554745.3522,4.69402179882,10,
5555,349.730889532,477.94605,19823366.9969,0.788820672344,10,
5556,349.731041381,517.79445,34261212.4419,5.83351484578,10,
5558,350.028691277,638.05281,267732.518372,13.2578019888,10,
5559,350.062482831,1178.25951,510349.893275,8.77772000432,10,
5560,350.055304666,461.682174,202748.051764,2.83591378879,10,
5561,350.08196911,70.792215,1214870.68086,12.541709304,10,
5562,350.085554267,311.709681,346507.059112,9.20611236626,10,
5563,350.110525684,933.6627,12655523.7159,3.71488882864,10,
5564,350.120391784,202.13874,17045902.5625,7.47553000862,10,
5568,350.154438925,1191.11994,10166233.0372,7.60001169011,10,
5569,350.162462989,669.16593,1045336.14171,3.96322361736,10,
5572,350.178170844,272.758164,5167355.02863,5.04157318166,10,
5573,350.170280147,255.693036,65061044.017,4.80160276606,10,
5576,350.173587713,57.8759343,1725096.10316,7.2088250253,10,
5577,350.178285223,97.343796,1510907.9488,13.8698624043,10,
5578,350.16922302,146.830932,561047.879539,8.78498784618,10,
8097,433.182253439,200.911077,1943576.39872,7.79770774446,2.0,[M+Na]+
5584,350.206696726,485.694555,22645296.3585,4.57262197122,10,
8102,433.21090915,465.579234,9958521.97448,9.13234637302,2.0,[M+Na]+
5586,350.20667617,601.353462,39277133.9074,13.0189816682,10,
5589,350.341019584,1194.38424,109689.345361,9.11511804203,10,
5590,350.678789643,272.919288,951988.998979,4.27124953184,1.0,[M+NH4]+
5591,350.702320708,318.491253,7658181.1796,4.25950648255,10,
5593,350.722465446,729.78975,1523250.90244,6.10950057914,10,
5595,350.890947301,32.7738816,13526292.5055,5.14862933384,10,
5598,350.967416641,35.1734211,265294.113013,9.09006635318,10,
5599,350.986216778,1076.59299,25376523.8559,5.01621204883,10,
5600,351.049399804,32.2959801,2542329.05534,5.04565335936,10,
5603,351.085521444,414.444042,474088.295068,10.1355322853,10,
5604,351.09847996,1223.00574,592801.545178,8.94453498806,10,
8473,447.096027082,181.322694,2404448.12493,13.7966705466,2.0,[M+K]+
5608,351.122130495,76.150188,3036147.61535,8.67103334433,10,
5609,351.121954898,343.743129,2034049.74865,4.28701203581,10,
5610,351.139919605,430.510404,1142412.10066,4.14169945914,10,
5611,351.160547487,349.271784,2442637.52994,99.801968749,10,
5612,351.165519359,233.205723,15695067.8838,5.46738033638,10,
5615,351.173909449,393.272898,19307778.6202,5.82006759557,10,
5616,351.170184456,1249.29705,509359.433229,6.65999885967,10,
5618,351.173740433,255.852414,11679130.793,3.73070802825,10,
5620,351.176875114,228.510078,7888861.29889,8.5169897356,10,
5624,351.210150359,596.068536,8266612.39511,2.83336497969,10,
8712,457.338530255,1323.3282,245146.328532,9.63447020794,1.0,[M+NH4]+
5626,351.237752313,1363.3839,221480.84829,12.1092352978,10,
5627,351.249805456,1331.85768,82071927.322,2.75885663681,10,
5628,351.263274141,963.1815,622090.358197,4.19123516193,10,
5629,351.305558324,1348.48545,254482.651444,10.1597383834,10,
5630,351.639399697,116.882514,541018.832589,3.05513297333,2.0,[M+K]+
5631,351.641134312,415.777404,1072571.33771,6.94412618532,2.0,[M+K]+
5632,351.641174752,339.60975,351420.97559,13.2239864411,10,
5633,351.695565339,544.097259,6277539.87439,5.46101870313,10,
5634,351.695480437,531.647952,2165941.07417,3.37664609737,10,
5636,351.730254953,671.2503,16073665.3633,5.72509456089,10,
5637,351.851849015,64.526394,808385.150172,13.5520384032,10,
5638,352.040844338,88.415724,886756.236838,10.8482576538,10,
5640,352.062394069,270.848514,409591936.594,10.0910428593,10,
9719,504.202722699,1058.13918,42358846.5358,3.24566446573,1.0,[M+NH4]+
5643,352.120852042,379.801884,2873212.07301,6.80648377781,10,
8096,433.182366158,323.005125,7656409.06983,6.44865434982,1.0,[M+NH4]+
5646,352.118493692,445.24641,266930.293955,13.0653516817,10,
5647,352.135253204,399.589149,1389745.47489,6.77042971434,10,
5648,352.1307058,1062.48126,708740.181964,3.02816204516,10,
5649,352.149486356,466.680678,813272.003561,4.55457417154,10,
12646,703.322564898,54.3566478,6287387.89463,10.0214127629,2.0,[M+K]+
5651,352.159359476,41.9472651,11619272.6374,6.56190974915,10,
8381,443.285544883,627.4377,19318357.9056,9.97333802285,1.0,[M+NH4]+
5654,352.161302634,497.383122,2609125.4424,5.8873550202,10,
5656,352.185970597,495.468369,27261549.3189,3.87320416474,10,
5658,352.185925347,294.251736,39508052.9086,6.46138136815,10,
5659,352.186114694,220.455198,7594894.96916,8.07860166587,10,
5660,352.206077549,88.406571,566272.516412,8.77950370234,10,
5661,352.207783219,250.073226,104798.272996,6.22324509419,10,
8228,437.228458569,388.023276,242080.914494,14.8088296844,2.0,[M+K]+
5665,352.244988393,1288.20846,16862862.8104,1.88054689857,10,
5666,352.250360106,1006.78584,202415.036188,11.2001449014,10,
5668,352.622115211,315.682872,217939.065793,1.87218179911,10,
5670,352.670212375,459.77142,1182864.69147,6.34463425867,10,
7644,417.018424136,87.415182,672745.47543,10.1088567711,1.0,[M+NH4]+
5674,353.036964477,281.118141,180114.149524,11.8210558113,10,
7326,407.109809707,79.581891,1388848.5726,5.21586839466,1.0,[M+H]+
5682,353.075362103,916.53312,311165.756184,6.90558731774,10,
5683,353.090960047,110.707116,114053.454757,13.6624954207,10,
5684,353.110030811,439.894785,272109.020057,2.75739805234,10,
5688,353.162761346,1189.13937,528854.814846,10.9655667801,10,
5689,353.163232933,41.8516812,1412621.92164,12.6481357923,10,
5690,353.156194757,101.155854,677259.766466,11.7952164564,10,
5691,353.154682685,24.7308198,723819.037413,8.0646966149,10,
5692,353.170295283,141.391434,158776.398951,12.613166163,10,
5693,353.180157184,1070.03208,671793.081374,3.14190014307,10,
5694,353.185559204,936.37998,523980.063131,13.3145722871,10,
5696,353.223573513,445.794345,541518.62131,8.38256718851,10,
5697,353.227309038,42.1654269,7156590.17089,10.5050626388,10,
5698,353.235570289,1363.39227,37256885.9793,4.47797148095,10,
5700,353.665965348,560.945826,4594713.96118,4.70115291755,10,
5702,353.675156968,633.32199,6594683.37427,8.70379025233,10,
5703,353.69133501,576.903036,32267489.7099,5.34225182821,10,
5704,353.900805654,35.5038888,88894.049638,10.4747344193,10,
9212,481.007158736,31.9279311,1211165.51468,10.8054869687,1.0,[M+NH4]+
5707,354.077750953,277.945488,1191151.4554,4.95961441108,10,
5709,354.114284336,266.394492,693111.742529,8.494879938,10,
5710,354.114836494,457.54353,382595.702156,7.83693624966,10,
5711,354.122670883,206.310366,287599.544622,9.75628905599,10,
5713,354.147349002,389.061774,2732266.0257,8.86046456415,10,
5714,354.143589812,306.30738,731776.017187,14.5601891952,10,
5715,354.142405674,1058.98416,350414.480603,8.5179003927,10,
5716,354.165256829,179.213409,7627008.66569,4.83766686464,1.0,[M+NH4]+
5717,354.176346527,41.5054959,52781085.2796,9.31184898634,10,
5718,354.170066544,1102.61583,4403492.50365,7.7872800454,10,
5722,354.191281286,495.468684,242385.810232,7.84814591892,10,
5723,354.182720784,63.581148,520414.43014,4.41323716056,10,
5726,354.201339642,165.507978,4212976.99233,3.69391595407,10,
5727,354.199036106,563.396844,1394376.76488,4.36972789064,10,
5728,354.199135569,338.576628,1825634.61733,5.61992092822,10,
5731,354.284281116,1145.59515,113308659.807,2.47600728627,1.0,[M+NH4]+
5732,354.33561376,1238.08659,216789.675026,6.37331675292,10,
5733,354.355285559,1186.54116,531589.943075,2.02841852844,10,
5735,354.646715177,382.01715,367420.923964,5.45603924078,10,
5738,354.822000518,35.8250493,407914.485466,9.31085461815,10,
5741,354.945352777,31.9779852,483517.448458,13.8929263965,10,
5743,355.038362344,38.1031308,4991502.75216,2.54847899087,10,
5745,355.072400481,123.63618,5442232.8407,6.98568766463,10,
5747,355.1062797,52.2104058,251562.916894,13.4049268152,10,
5748,355.105997941,379.656384,251878.536484,12.0027425907,10,
5749,355.115540627,1159.41066,1089505.81849,8.02068361959,10,
5750,355.120185181,421.31865,608603.005448,13.8764560221,10,
5752,355.141988916,959.59734,4307554.14988,3.15606466332,10,
5753,355.135338583,915.53142,109821.436472,14.6978609761,10,
5754,355.150937052,389.147271,346503.368176,6.871969054,10,
5755,355.145290714,1199.96676,316808414.583,5.4060723492,10,
5756,355.148635744,1054.45281,2149992.45993,0.560964216926,10,
5758,355.159861884,968.0061,438178.233192,11.0946173872,10,
5759,355.168716608,219.23127,1231904.03977,6.39343192034,10,
5760,355.168784603,284.812548,6535286.52334,5.59725146316,10,
5761,355.18002877,41.53146,8251910.09207,7.07130037226,10,
5762,355.196800936,118.063794,19010162.1784,4.85194210872,10,
5764,355.216317154,139.521744,218471.75821,11.3807871262,10,
5766,355.220585518,585.188961,87364601.4011,5.19643799933,10,
5767,355.251069308,1385.66928,70580689.7242,2.32436431347,10,
5769,355.261538411,1086.99,90357111.1317,4.06913160007,10,
7493,412.728300448,635.46897,6124751.71736,4.19136432941,1.0,[M+NH4]+
5772,355.662238988,329.67612,222635.473204,10.9854738858,10,
5774,356.026793276,214.760958,339483.789075,3.15905045459,10,
5775,356.041921943,38.0966682,522257.964992,13.3333713395,10,
5776,356.121020732,490.496778,211202.099299,10.83408251,10,
5777,356.11884656,782.63712,3993315.95083,5.19464575615,10,
12388,673.350268411,418.218963,3225483.81265,7.48860666633,1.0,[M+H]+
5781,356.144368078,82.403106,6507027.68316,4.96886283897,10,
10609,549.229527122,191.822205,1849534.55718,6.49271356821,1.0,[M+NH4]+
5783,356.164736342,791.54544,334220.52986,4.48754491917,10,
5784,356.178524165,237.400593,2525861.52441,5.13012308115,10,
5786,356.172314733,758.53434,1600434.55618,6.39487288868,10,
8135,434.223560673,71.457903,71853842.1171,8.94569098388,1.0,[M+NH4]+
5788,356.2273046,1239.6846,189850.707791,8.07108244172,10,
5789,356.240938619,566.402775,14149806.4785,3.0137484225,10,
13042,767.301263492,327.48924,755081.388352,5.31347437039,2.0,[M+K]+
5796,356.684333644,175.779882,260914.529584,13.8004819656,10,
9697,502.839449894,32.9320416,4274153.34461,8.97631407168,1.0,[M+NH4]+
5798,356.907321695,33.573888,15724832.3853,3.31194797265,10,
5799,356.988570708,31.7397603,1024103.11374,3.39401441571,10,
5800,357.064625612,1162.16079,50638887.9042,4.56371585767,10,
5801,357.10471415,830.71632,417493.362514,12.6207729267,10,
5803,357.141639185,368.627196,1523842.2295,13.6558684915,10,
5804,357.140543258,1161.30732,295444.211101,6.30967311872,10,
5805,357.130357215,323.55012,623008.366416,13.6892447744,10,
5807,357.146239309,40.9990476,1050657.38134,6.83245523758,10,
5808,357.151462751,794.35764,254302.150819,3.51276359944,10,
5809,357.158346121,111.714042,628161.146444,5.39877135836,10,
5810,357.157402055,968.9646,1058050.76745,9.10472300465,10,
10190,528.240446103,123.009111,5582976.28324,10.8807287151,2.0,[M+Na]+
5813,357.179731308,833.30478,758715.208112,5.48515181985,10,
5814,357.195707607,45.8479578,10108096.0076,1.25937330131,10,
7217,402.242445356,407.314836,8060100.63649,4.05823125493,1.0,[M+NH4]+
5816,357.194233877,281.101728,478437.694421,4.89222413585,10,
5817,357.212378227,147.804474,21554985.3324,2.84559452746,1.0,[M+NH4]+
5819,357.223503734,69.718815,453203.995933,12.7256217451,10,
5821,357.220632496,729.73338,409984.664921,8.38330879861,10,
5823,357.235069501,849.72921,370627.742535,9.15454631055,10,
5825,357.639440168,312.83781,488972.427646,10.382430665,2.0,[M+K]+
5826,357.641339163,681.99003,351357.228926,5.70017013403,10,
5827,357.643414101,368.822274,414762.208096,11.8911409283,10,
5828,357.691874207,325.370004,7368583.37828,4.94195744004,10,
5830,357.906495847,33.52608,1141720.0225,6.11458888784,10,
5831,357.946043072,34.532136,150072.291864,13.7609911362,10,
5832,358.074532223,35.5879464,216838.806269,12.4071931868,10,
5834,358.120256778,1164.21117,1051935.78239,8.34421125973,10,
5836,358.127898413,963.34194,1969724.61137,10.5001435382,10,
5837,358.136568901,553.590897,311144.838041,4.08603717151,10,
5838,358.157680755,96.387726,313279.523998,8.33216541343,10,
5842,358.21508475,593.18172,366983.034307,14.4138196641,10,
7487,412.26810653,1069.64505,643855.894773,6.15684183467,2.0,[M+Na]+
5844,358.36704953,1201.08426,14506966.3787,4.3515879128,1.0,[M+NH4]+
5845,358.649119377,541.14069,1481937.73159,1.38303703498,10,
5846,358.705313322,57.2776452,1331774.52967,9.89681201119,10,
2027,250.867500432,36.1547964,3257937.5196,4.03121031692,1.0,[M+NH4]+
5848,358.842196408,36.1547964,1477263.14347,6.7230905758,10,
5849,358.881266178,33.573888,571125.216649,13.5298694345,10,
5850,358.902556506,33.5707311,1909197.27545,5.61752519864,10,
5851,358.929004746,32.6948877,743204.170018,11.1250892452,10,
5852,358.998966153,34.2087303,2036498.4494,4.25479431164,10,
5853,359.023288046,887.77188,375776.67772,12.3380946694,10,
5855,359.044170241,947.51598,3547547.3917,2.85829844361,10,
10755,557.06187433,813.73089,11983699.0851,5.03748394386,2.0,[M+Na]+
9585,498.17079297,970.98852,429657.544735,8.48030120079,2.0,[M+Na]+
5862,359.10909088,379.97526,274472.761502,10.1664401433,10,
5863,359.111493846,439.64478,185531.794593,6.25640173831,10,
5864,359.107186538,461.363412,229682.032532,4.88760919349,10,
5869,359.131774262,151.33068,144118.155193,6.94353976474,10,
6416,376.174614909,940.5492,3585699.12671,3.56966673271,1.0,[M+NH4]+
9476,493.167110229,181.632267,2834615.56071,10.3348786449,2.0,[M+K]+
5872,359.176523632,447.833169,237109.480733,12.5534595289,10,
5873,359.210910254,386.347764,5641331.52073,2.67514632859,10,
5874,359.223453139,266.410629,45786198.7759,107.909536345,10,
5875,359.227960895,155.626554,30808203.8152,3.14239482153,10,
6778,387.259369344,497.544198,30066927.3582,3.45336281832,1.0,[M+H]+
5877,359.228148265,429.449595,60728657.8673,3.66105083143,10,
5880,359.246764719,1347.08751,19726497.9533,13.1537664744,2.0,[M+Na]+
5883,359.314795397,1369.61304,551653.528225,4.3174748577,1.0,[M+NH4]+
5885,359.651430941,382.01715,527842.003037,7.43293693971,10,
7386,408.707955878,371.324382,701941.015943,6.61212884647,1.0,[M+NH4]+
5888,359.712543129,849.7488,3253064.83009,3.54098454686,10,
5889,359.709625223,521.590128,10223569.7006,3.49113275916,10,
5891,360.060485181,339.531504,798931.253454,4.07207355501,10,
5892,360.077992625,837.31284,163646.165996,3.12292140109,10,
5894,360.089362335,971.82489,5631655.99308,3.81215774604,10,
5895,360.098403411,70.184664,652107.987931,14.5615056099,10,
5898,360.126909514,368.755128,186548.19715,8.607608184,10,
5899,360.13116816,339.437244,255588.524126,10.3903198646,10,
5900,360.149169648,41.2242981,84434528.3248,5.61613122472,10,
5901,360.152304576,141.099528,2232591.28959,5.55494296607,10,
5903,360.157908279,423.55752,786608.367667,4.05724461127,10,
5904,360.166958901,35.1734211,117844.152168,9.46265237081,10,
5905,360.190731179,261.126231,423001.428948,10.1051377411,10,
5906,360.181354388,455.94867,232817.89768,10.9476384291,10,
5907,360.195368834,84.137601,1045697.43113,9.47485383232,10,
5908,360.194313212,494.670561,78422374.4797,5.06447239882,10,
5909,360.195079924,151.228083,446112.570587,8.58978663554,10,
5911,360.213897808,920.2731,332770.807087,9.63760790849,10,
5912,360.206369125,61.017666,666190.786474,1.82247556319,10,
5913,360.222513478,152.93694,466726.935146,12.6121850677,10,
5916,360.273540653,966.0132,322490.014195,9.06379896779,10,
5917,360.322738211,1377.24462,42938293.1851,4.40798107677,10,
5919,360.373430824,1201.31277,342880.535311,7.04401923812,10,
5920,360.641277566,370.618266,183965.772704,7.30553693278,10,
5921,360.65215641,459.20829,1603290.35837,8.57272466757,10,
8714,457.719192255,431.866098,5527371.79163,8.25964502523,2.0,[M+K]+
5923,360.697268571,97.94898,6902217.53262,5.18025088185,10,
5924,360.839262738,36.2476971,1080368.77481,6.98985801796,10,
5926,360.9234432,29.140545,14288221.7465,2.59942695182,10,
5927,360.999390217,36.1580088,181138.160563,8.20628807645,10,
5928,361.02486404,181.429974,6081016.80443,1.28904821796,10,
5932,361.07994929,836.96268,186742.299807,12.9408120831,10,
5934,361.1108886,373.932762,212694.105206,9.55334080322,10,
5935,361.117110448,308.645244,444566.201441,5.05111514329,10,
5936,361.11912384,690.39564,390331.239205,8.31179495671,10,
5937,361.138030816,669.91557,417672.712746,5.19511899828,10,
5938,361.138582819,130.241079,3264292.92503,4.66957952745,10,
5939,361.138521609,829.74756,497185.910309,9.88273142778,10,
5941,361.190855765,139.484151,310375.912753,13.8960296485,10,
5942,361.197925039,515.80488,19485144.9731,3.87755141324,10,
5943,361.2090664,843.71601,215585.905869,6.75383419229,10,
5944,361.21537218,373.292073,270917.777417,12.3438125993,10,
5945,361.207240156,158.93772,107567672.866,6.74235794363,10,
5946,361.234187585,206.224584,2206086.84067,2.77188620559,10,
5950,361.649845893,414.698148,760966.793955,1.76153956281,2.0,[M+Na]+
5958,362.119612839,502.337004,362971.487764,11.4638109931,10,
5959,362.117901879,1012.82232,4296661.98128,5.20030470427,10,
5960,362.131477099,332.171121,721833.570893,4.00202764525,10,
5962,362.131384164,198.50496,402506.461817,3.05369035006,10,
5963,362.165437527,365.39376,184975.392847,9.38132934364,10,
5964,362.166027498,45.9072447,24459455.7446,10.970809963,10,
5965,362.175252351,1161.26436,511621.142865,14.3487322767,10,
5968,362.18012924,972.46026,219924.652921,11.4837623109,10,
5969,362.196207923,506.028381,1707893.66305,7.4746088308,10,
5970,362.202448066,63.853284,980140.091366,3.25844104464,10,
5971,362.201001223,209.142948,200147.950505,14.0405001942,10,
5972,362.209923683,491.317062,54871467.8695,9.36763899826,10,
9433,491.164528187,971.69751,1434903.83514,9.22086282607,2.0,[M+K]+
5974,362.20658046,583.373346,91498831.6917,6.60492643299,10,
12879,740.461562383,874.68666,260133.498554,8.56693601047,1.0,[M+NH4]+
8547,450.209026296,609.04896,2514716.64568,6.97851418414,2.0,[M+H+NaCl]+
5978,362.236312502,206.272773,136852.9788,10.3275961249,10,
5979,362.240443461,587.426529,11130700.2703,6.61159040555,10,
5981,362.282213838,1347.24363,481143.888395,11.1868355139,10,
5983,362.325363979,1023.31098,727687.77939,8.67017088702,10,
5984,362.32562504,1098.36336,340436.591595,5.69095975238,10,
8609,452.739348305,64.152834,2073579.32252,14.5578858581,1.0,[M+H]+
5987,362.691924316,849.86367,3150771.93103,5.28756876015,10,
5988,362.696468644,315.49824,140990.316895,12.1096348755,10,
5989,362.709789484,690.61428,134843.428756,13.9727663835,10,
5991,362.732899046,779.20578,284558.130298,7.3947119402,10,
5992,362.83633268,35.9519619,136947.112572,11.011133967,10,
5993,362.853306152,35.8300188,1141025.38498,5.29348326829,10,
5994,362.885388344,29.140545,15318865.9561,7.29882250882,10,
5995,362.915300901,790.89888,765145.053387,9.27906637351,10,
5996,362.923179552,31.7056995,5533417.00781,44.5010283624,10,
5997,362.95644382,28.9019775,8626921.57969,10.2107881951,10,
5998,363.072708894,1060.84956,4329843.17091,3.44201185223,10,
5999,363.068977002,167.394636,456034.334348,11.5361095049,10,
6001,363.085457349,379.656384,318048.795201,13.0681906974,10,
6002,363.122685087,981.22803,4095160.46679,8.29777725019,10,
6003,363.128085239,967.38987,136756.00602,14.1085862613,10,
6004,363.12129964,1012.81566,493799.002526,4.90844489755,10,
6005,363.146939755,1150.93368,23346355.7948,4.3934264688,10,
6008,363.175403614,51.8869983,8525831.23606,3.47579865522,10,
6009,363.185635293,370.113888,1620623.35362,7.51786811189,10,
6012,363.224587205,934.13904,1227482.83881,3.64054892792,10,
6013,363.230329013,1296.87324,80591.6436848,3.78392891635,10,
6015,363.24382818,587.427966,2004837.08642,3.77768213356,10,
6017,363.634044842,418.059027,235203.906657,10.5798694734,10,
6018,363.630059533,139.521744,1093043.39082,13.2861748713,10,
12519,688.401354366,731.25195,16086352.8589,9.68673528737,1.0,[M+H]+
6020,363.693764314,639.30084,21078436.3267,4.68704662434,10,
6021,363.693894851,621.15276,4445485.14124,6.26249651135,10,
6023,364.052589178,38.4091134,2061733.12422,5.82228104662,10,
6025,364.090474742,53.7819324,1809407.07414,5.66568959082,10,
6027,364.098619482,38.7217941,1272160.8363,7.16497812038,10,
6028,364.113126807,522.551379,444267.983935,4.65237338477,10,
6031,364.165469725,534.020943,522708.602318,13.5005133077,10,
6033,364.186116096,236.752464,358448.780461,11.8973641104,10,
6034,364.189228401,398.865651,13805767.4469,5.23401261971,10,
6035,364.189421257,423.027153,14480083.1315,3.89816015669,10,
6036,364.196929662,305.104926,1216300.66691,3.6559481188,10,
6038,364.228108905,934.20612,154567.499587,6.22325800602,10,
6039,364.243315635,49.1751387,605638.7879,12.3826617691,10,
6041,364.621885128,436.655172,251656.902141,7.73110759188,10,
6042,364.667393601,813.32154,1833748.91889,1.80280193597,2.0,[M+K]+
6044,364.850292919,35.7810543,516943.900614,3.35900665488,10,
6045,364.924561445,66.308154,2275329.79177,4.03256100666,10,
6047,365.060960582,948.64356,1293026.09752,7.95509101096,10,
6048,365.067775907,181.429974,526099.473219,7.25887684921,10,
6049,365.101513583,414.313848,663752.078584,7.18385858906,10,
6050,365.097213265,1204.29462,38702178.5024,4.73268160441,10,
6051,365.104548633,41.1299553,21167904.2552,7.27071782493,10,
6052,365.119935314,713.55411,6621002.52997,8.2246586682,10,
6053,365.127120082,235.07172,231727.700781,14.4758819075,10,
9046,473.119044326,108.142728,625781.897545,7.00295800012,2.0,[M+K]+
6056,365.130495202,146.528031,3241348.27718,5.41917810033,10,
6057,365.126971348,54.3566478,2074672.19149,3.936591555,10,
6058,365.131185429,557.177022,166490.636735,11.5164570963,10,
6060,365.151292197,38.6870514,1736004.1279,3.30937648074,10,
6064,365.1481698,110.78706,20255353.9751,9.30574405562,10,
6067,365.169077052,727.36719,303387.616161,10.7367761079,10,
6068,365.178619397,301.947489,9613312.98252,3.59504077668,2.0,[M+Na]+
6069,365.185419555,705.99975,383700.437787,11.2896439707,2.0,[M+Na]+
6890,391.207172145,335.903316,148217787.954,6.96286284232,1.0,[M+H]+
6072,365.238593568,49.934706,10510709.3689,5.17142137634,10,
6073,365.301771606,1402.45044,15659913.7755,3.59284573079,10,
6074,365.36000556,1393.32192,1891624.92377,4.23585165131,1.0,[M+NH4]+
6076,365.646362282,780.33909,1154138.19198,4.56861728661,2.0,[M+K]+
6077,365.649617093,404.554026,456437.998211,10.3750570461,10,
6079,366.123500008,92.571348,971453.447504,3.72226107388,10,
6080,366.12330891,793.11435,541818.032511,2.81400153121,10,
6082,366.139958522,499.461564,2034639.06169,7.40339334398,10,
6083,366.133072808,1190.51802,14097439.1164,9.92858203375,10,
6085,366.14811405,780.33909,409670.914631,13.8005542712,10,
6088,366.165659173,112.368765,651695.699875,10.3306330732,10,
7536,414.153868647,426.076908,370274.942351,12.7586614373,2.0,[M+Na]+
6090,366.158005775,296.535624,593639.338287,14.860399828,10,
6092,366.182430578,115.591449,1240806.72497,5.10941328169,10,
6095,366.216818665,656.27958,3469037.57729,10.283898489,10,
6096,366.220991687,87.455664,182225.444159,3.00771199834,10,
6099,366.263046466,1013.46018,4644848.72914,4.73305622901,10,
6100,366.26051314,1294.37562,142758.822462,10.3762185197,10,
6101,366.284105783,1184.15898,91240.685315,14.6270197579,10,
6102,366.320461451,1271.51148,168901.780944,10.261077176,10,
6103,366.372137115,1409.43759,22117845.3024,4.59199445646,1.0,[M+NH4]+
6104,366.372241281,1425.94641,14427367.2111,13.5924242833,1.0,[M+NH4]+
6105,366.610735345,339.411255,1002120.29525,7.05909132649,10,
6106,366.637579484,250.086282,5736740.28417,7.17080915573,10,
6107,366.636069387,654.61581,3124594.96149,6.05842831631,2.0,[M+K]+
6108,366.69742698,369.754959,296164.621361,14.8602595736,10,
8285,439.731577559,853.87887,132701.206549,5.64393914977,1.0,[M+H]+
6110,366.704809338,498.82356,2050852.08404,6.06502313558,10,
6111,366.784468466,36.2863884,434043.663038,9.96616384602,10,
6112,366.865845896,32.6137989,4187930.49864,6.91836403716,10,
6113,366.940491852,32.6158938,407000.009409,10.975130239,10,
6114,367.026988268,32.2959801,5053430.90099,5.39580036831,10,
6115,367.02055062,101.502174,171902.011674,10.359828795,10,
6116,367.055401577,45.5935578,3332418.98085,1.75606807636,10,
6118,367.076775951,964.19778,1354238.97642,3.19695821918,10,
6119,367.082121201,631.69776,192214.438107,6.19611637449,10,
6123,367.132214553,1356.17559,861776.574456,10.1860081208,10,
6124,367.136931642,78.020127,19381077.2651,5.94204080367,10,
6125,367.139412645,1150.6827,534758.791103,10.4697861707,10,
6126,367.135645536,972.57654,5683852.91558,7.02224112597,10,
6127,367.149353151,326.883807,122936469.519,6.3663285372,10,
6129,367.162601894,973.44813,3605760.89212,9.65715876236,10,
6132,367.169515195,316.005,569959.757471,6.39347528005,10,
6133,367.186368174,335.849481,177103.514008,9.39370724561,10,
8434,445.239491239,76.093215,28831437.6146,5.38533081767,1.0,[M+NH4]+
6136,367.206398855,514.845933,2210459.76606,4.29196227189,10,
6137,367.216396368,1063.74948,1281531.34096,4.66618261158,10,
6139,367.205149128,601.512963,15117417.0695,8.09017643875,10,
6141,367.22003865,474.481419,16616995.6238,3.51837662944,10,
6143,367.261585656,985.78686,4091697.23756,5.2815005571,10,
6144,367.6438801,682.97724,207765.466097,7.66809401057,10,
7529,414.009606322,123.63618,4856216.64538,4.1368929469,2.0,[M+K+HCOOH]+
6148,368.015250475,192.320586,121545.736157,3.91536636792,10,
6150,368.050784179,117.526953,521902.741399,6.13675040965,10,
6151,368.105458928,65.768967,528682.802931,9.76097522429,10,
6152,368.104830535,1136.82909,4823743.22332,6.03228743666,2.0,[M+Na]+
6153,368.130106677,398.058468,685802.881149,6.37601632492,10,
6154,368.118830897,1144.84626,4023598.60305,12.5750318819,10,
6155,368.131504727,222.072456,100327.328929,4.3467507105,10,
6156,368.152865539,326.561748,22256898.805,6.9324965357,10,
6157,368.162752747,686.01369,6118099.21418,6.99865282536,10,
8668,455.254518083,767.56218,981699.958498,11.0146012648,1.0,[M+NH4]+
6162,368.180927986,321.39681,16590853.7639,4.91273188186,10,
6163,368.19974149,1363.40064,336461.438097,13.0005840978,2.0,[M+K]+
6166,368.217167973,160.186221,17226887.1684,7.96244736553,1.0,[M+NH4]+
6167,368.235903893,915.53904,376642.411808,7.59754591545,10,
6168,368.278632144,890.74857,341032.238327,7.30971309318,1.0,[M+NH4]+
12604,698.381645834,605.55429,15791163.8254,7.7910520775,1.0,[M+H]+
6171,368.698284145,387.468825,1569422.26005,9.15791193798,10,
6173,368.888586133,31.6602966,264167.968761,10.7334818239,10,
6176,369.051770514,214.760958,189964.252548,4.89379539362,10,
6178,369.071902885,414.379341,532612.04022,2.87115440509,10,
6179,369.088489613,123.63618,2974724.37842,4.62292883646,1.0,[M+NH4]+
6185,369.134342324,1161.36012,350151.853302,5.92449593632,10,
6186,369.152585253,63.867501,1296603.30266,4.62623102194,10,
10879,562.244093597,1162.7943,3388276.1954,10.1692874516,1.0,[M+NH4]+
10881,562.244482442,1177.55904,2110431.49427,9.03465121098,1.0,[M+NH4]+
6191,369.184671615,321.717684,3136999.65031,4.54192733624,10,
8343,442.255396011,854.05479,3319319.27433,4.31339312474,1.0,[M+NH4]+
6193,369.18731564,225.635832,280858.696274,7.25130307221,10,
6195,369.22098633,160.277802,2976214.9931,10.0678324261,10,
6196,369.230306088,1385.72112,41233163.6191,1.11408207102,10,
6197,369.248771026,41.2242981,46140156.5779,7.04891116413,10,
6198,369.248857348,692.6559,6377273.05282,4.86534893387,10,
6199,369.391530647,1446.45924,305855.932298,12.0103029524,10,
6200,369.625123051,871.61286,126522.472673,8.75269527694,10,
6201,369.639405665,414.698148,3935960.68569,4.01964348808,10,
6202,369.652198561,151.974816,158398.268499,8.80309838092,10,
9356,488.119020824,353.22888,422225.759544,14.8817648948,1.0,[M+H]+
6210,370.116227074,854.4105,400678.918907,7.09730375971,10,
6211,370.136492137,657.09204,922221.751647,3.5776814204,10,
6212,370.144596246,568.160331,3336847.20416,8.18647236733,1.0,[M+NH4]+
6213,370.154601116,923.17008,264119.05215,2.50400170892,10,
6214,370.160939779,1069.71579,729294.797474,8.00893151221,10,
6216,370.157201796,792.96024,2442385.37129,12.8536260354,10,
6219,370.169927381,43.4198028,187234888.09,4.48296113511,10,
6220,370.189104806,253.294602,294816.280309,12.8865401156,10,
6223,370.234449434,150.361818,119430.200094,12.5032357857,10,
9464,492.269781083,692.93763,8255303.39335,8.09603444438,2.0,[M+K]+
6226,370.366973326,1249.33506,130252.672701,4.95856571665,10,
6227,370.481028907,418.741896,1144183.32776,1.22342973962,2.0,[M+K]+
6228,370.656658191,879.74622,824939.02973,8.68753962801,10,
6229,370.667415505,345.976884,257914.632565,6.28662738484,10,
6230,370.691690956,366.55101,149361.361576,2.64418054982,10,
6235,370.950389025,624.45486,634041.27308,10.9098860339,10,
6440,377.056268599,192.305328,281456.590077,14.8843952191,1.0,[M+NH4]+
6238,371.012395036,123.47955,4298445.00215,5.12871741145,10,
6239,371.036034722,522.290448,636062.440641,7.01080797622,10,
6240,371.030832343,37.8765741,2387395.85421,7.0611630045,10,
6241,371.050396036,192.466953,589697.985816,14.5873888692,10,
6243,371.056831492,46.6592634,1917487.64477,6.26528306391,10,
6244,371.067807846,181.265106,5210473.69599,8.12292747385,10,
6245,371.112346767,54.4214643,19687445.5646,4.92842663331,10,
6247,371.136575365,969.09099,969409.183648,9.82175752973,10,
6248,371.139519911,865.66962,164278.902819,12.7394306465,10,
6249,371.139766434,656.95872,114347.587151,9.41749066596,10,
6250,371.162162294,822.97515,655686.667265,5.13834201036,10,
6253,371.191734367,381.695898,3243235.66155,0.255380677429,10,
6254,371.193980093,1199.69046,40698568.7259,6.48256458155,10,
6255,371.228073484,392.800086,119672672.736,5.64075620434,10,
6256,371.228197853,364.109445,29003246.178,6.63747923847,10,
6257,371.228116409,340.366689,17257083.8196,6.58010123334,10,
6258,371.22804207,272.461488,115872904.203,4.25473616298,10,
6803,388.253162257,586.689594,34685514.8942,2.95449160897,1.0,[M+NH4]+
6260,371.239506282,856.82613,154601.97829,4.92915197812,10,
6261,371.314677591,1400.87517,183815595.579,4.01146090507,1.0,[M+H]+
6262,371.362356307,1199.2848,506324.856885,8.98202919708,10,
6263,371.649553109,294.251736,358166.594238,11.7217044144,10,
6265,371.657032634,790.57476,223497.378131,10.7755861412,10,
6266,371.697013302,438.449094,11768453.3906,14.7555293534,10,
6267,371.69716254,418.65804,4994574.04277,4.87019962666,10,
6268,371.733325171,725.53923,7916326.88819,6.36549695641,10,
6270,372.088885195,905.71509,911218.211506,5.09422515392,10,
6272,372.114218013,728.43666,124625.10958,13.4305613257,10,
6273,372.118413171,314.770806,1174587.03228,7.19623459931,10,
6274,372.135633364,933.72981,1224226.92212,8.08738483708,10,
6276,372.152577652,458.179908,1843251.76469,3.50700406223,10,
6277,372.160652452,203.504298,920358.988311,76.8754812811,10,
6278,372.154554259,594.789531,3241839.98698,7.09754037961,2.0,[M+K]+
6283,372.196046434,1199.92344,9121164.23202,1.76777850968,10,
6284,372.19463737,345.555246,179945308.898,3.6988743815,10,
6291,372.231419731,434.030658,2876384.47728,3.83621740151,10,
6292,372.243247203,1184.28348,1038909.2823,2.76345126259,10,
6294,372.329262787,1200.06084,1074648.11011,8.08051702977,1.0,[M+NH4]+
6295,372.3826846,1255.1292,287550.283072,1.43276399745,10,
12664,706.339050841,802.66575,10821401.9566,8.40221055734,1.0,[M+H]+
6297,372.697241823,401.197023,16370189.5175,3.61036194603,1.0,[M+H]+
6298,372.704772314,533.71776,9749494.22515,3.44208236837,10,
6299,372.704928053,514.207566,1827212.58823,6.15526804508,10,
8956,468.970650838,35.4541149,299871.713682,7.85875824778,2.0,[M+Na]+
6302,373.113434175,1178.57694,3438707.40332,14.1229451718,10,
6305,373.109518979,220.778718,607860.60645,8.13638056895,10,
6306,373.139597858,499.141068,474543.214794,8.73577240161,10,
12765,724.364672555,802.81041,1142141.34136,7.32201488837,1.0,[M+NH4]+
6309,373.157993222,663.06402,282687.702264,5.15841626473,10,
6310,373.174959848,705.99975,4633922.6002,3.99315645848,10,
6311,373.159659999,142.41738,212062.580914,9.92715284487,10,
6312,373.19859977,401.036961,5597162.76345,5.50126009411,10,
6314,373.204239988,1363.3839,285542.478431,5.68575576538,10,
6317,373.221213382,1038.23514,165822.120999,6.68344741348,10,
6318,373.234022743,272.59773,2488057.7566,7.53585148699,10,
6319,373.233835412,433.938156,163839.605664,10.4596562701,10,
6325,373.243763372,486.975369,68180149.71,7.79650391801,10,
6326,373.2438483,323.812809,19757820.6377,6.58297609477,10,
6327,373.255084985,91.290351,19159272.9834,4.44235515663,1.0,[M+NH4]+
11341,587.255022529,1084.25958,1050169.91418,8.28363181234,2.0,[M+K]+
12676,708.354639456,594.470406,5805322.38817,11.1450395403,1.0,[M+H]+
6331,373.649741796,802.87002,546340.187047,7.11797050337,10,
6333,373.687032271,85.234284,602850.593088,12.234845579,10,
6607,382.196489672,401.518275,14978234.2272,3.7515518957,1.0,[M+NH4]+
6336,373.706956304,784.71003,488898.359494,14.6234444268,10,
6337,373.724270434,779.20578,576635.01981,5.79151651572,2.0,[M+Na]+
12829,730.630144913,1400.24823,47403720.7195,6.95776271401,2.0,[M+Na]+
6339,374.029189079,526.875456,659786.545836,5.01755735959,10,
6340,374.045779647,33.5707311,1669969.30856,7.23618439629,10,
6341,374.076501937,505.065063,356730.659422,8.74856577643,10,
6342,374.076371294,472.554993,406516.480914,9.01140674138,10,
6343,374.112135776,52.1817858,678273.12032,11.8370835962,10,
12681,709.313744275,329.461875,2781475.67378,9.44426228809,1.0,[M+H]+
6345,374.13552327,1259.3091,239947.619407,9.73832614122,10,
6346,374.151461912,38.4091134,717819.35275,6.40186863925,10,
6348,374.179261818,748.66698,2252347.89969,42.313009988,10,
6350,374.196947573,237.237777,32727375.1039,7.03555693651,10,
6352,374.198748846,777.60504,372979.92178,3.80958353311,10,
6354,374.222728747,561.784848,18647244.2028,7.12255856072,10,
6356,374.247758835,317.039433,3171147.5275,5.8097654149,10,
6358,374.286583354,1494.08346,592259.092833,0.812405583981,10,
6359,374.629189378,373.656654,1227980.61448,5.91339455893,10,
6361,374.688993685,42.8879502,482008.978031,12.7223262311,1.0,[M+H]+
6363,374.694573782,65.129442,4751745.98866,6.42805411907,1.0,[M+H]+
6364,374.71495328,614.71848,9865272.56453,5.27226608843,10,
6365,374.724422098,562.072581,7771691.55827,4.54874781875,10,
6366,374.816030112,36.3743295,972260.344237,8.13088575622,10,
6367,374.844592857,567.201834,13993624.5851,5.49616068525,10,
6369,374.903180337,32.2982622,444756.693015,13.7865803964,10,
6370,374.981214355,35.8250493,283055.750356,13.7893488583,10,
6371,375.04082962,33.5707311,1046535.48044,7.67957824252,10,
6374,375.080580321,973.94064,517588.065118,6.12503630258,10,
6377,375.132277985,645.31974,736516.740208,13.1817814995,10,
9338,487.188820748,148.329867,1939811.06771,6.69346998288,1.0,[M+NH4]+
8702,457.204786122,363.612126,854395.946494,11.1502102699,1.0,[M+H]+
6381,375.175944625,314.287686,1552896.64065,5.13988179391,1.0,[M+NH4]+
6382,375.188178577,41.53146,7633466.93257,6.46461985216,10,
6383,375.197207886,66.08547,5651173.80814,7.14795983222,10,
6384,375.201784781,484.73361,14999487.9527,5.96999494148,10,
6385,375.197765493,143.350716,274022.9621,8.03440248171,10,
6386,375.202109042,449.857782,11686366.3746,9.59710297245,10,
6387,375.201760163,517.11381,11985887.8371,2.39877240761,10,
6388,375.200898161,1111.55004,164867.507028,13.7948848855,10,
6390,375.216545696,614.39697,4217546.87135,6.84950931681,10,
6391,375.222978455,309.934869,65812571.1965,5.64840364199,1.0,[M+H]+
6392,375.223037731,354.828516,55954327.809,3.21738191812,10,
6393,375.222962575,69.551784,45071224.0232,5.98734947843,10,
6394,375.223035507,334.735506,49409324.9137,6.86086951903,10,
6396,375.23229887,434.168022,256644.490313,4.07163997141,10,
6397,375.231391805,622.1907,624157.105094,3.17681472173,10,
6400,375.522831963,514.54893,12006853.8892,9.69546204987,10,
12700,712.360983909,357.491943,3446067.20267,10.8959473173,1.0,[M+H]+
6402,375.686422601,917.39244,397431.045797,5.03276929783,10,
6403,375.694661311,787.90482,151533.406832,6.85945537725,10,
6404,375.709797725,349.549002,2700925.03733,6.89541080138,10,
6405,375.990566512,31.9279311,264123.61491,5.16938978072,10,
6407,376.10488418,37.15005,168903.367052,3.73482359874,10,
6409,376.147350646,250.246968,203675.887895,13.0884517227,10,
6410,376.151534247,686.17413,41724070.8137,6.01426386933,10,
6411,376.144864351,324.136062,296034.712842,7.2427355552,10,
6413,376.161115583,91.118571,230506.743115,7.35445951838,10,
6414,376.15818428,41.2242981,1789551.31941,9.44696791767,10,
6418,376.181336189,442.419918,222517.099881,9.98740903937,10,
6419,376.201041095,943.10502,254392.317356,11.3716848566,10,
6420,376.200973743,1028.41536,157061.030417,10.58959617,10,
6422,376.225585682,546.97614,54254977.67,4.93491923266,10,
6424,376.2264646,436.516968,171183.324793,10.3073299012,10,
6425,376.222180006,670.44486,214645185.772,10.1480621257,10,
6426,376.296743665,1398.44286,36422762.0716,7.27086830049,10,
6427,376.308422471,1321.67184,223867.951013,12.2932464157,10,
6428,376.353743219,1432.17174,687215.370674,7.14066137908,10,
6430,376.696025994,148.77438,1945022.63295,4.85390997931,10,
6431,376.813261726,36.2476971,717766.907981,8.54906720223,10,
6432,376.875466,33.573888,220463.213398,11.3111196729,10,
6433,376.90109196,29.140545,6411474.99399,4.83783974102,10,
6434,376.976261369,37.9980189,784011.105913,9.98751511613,10,
6436,377.006281244,192.466953,303145.634278,6.3352732118,10,
6439,377.06482518,379.323012,680778.172974,8.50039478023,10,
6441,377.121464209,414.698148,651402.222276,4.92894956906,10,
6442,377.120802899,392.090898,760977.691801,8.32203040956,10,
6443,377.129899203,264.309042,395132.501048,12.6423094438,10,
6444,377.14017076,400.715586,460438.317986,9.99123625822,10,
6445,377.144600914,637.38366,112389587.222,4.5477524552,1.0,[M+H]+
8539,450.146741011,371.52345,627232.473345,5.12828429845,1.0,[M+H]+
6448,377.181126407,387.54315,19945017.5543,6.95637767815,10,
10080,521.270488332,332.009994,167488.480528,8.61258380026,1.0,[M+H]+
6451,377.183708332,185.155758,9193980.32486,11.8372861168,10,
9393,489.244654185,463.344795,20830526.82,6.15161288659,2.0,[M+Na]+
6453,377.184768526,135.567558,3054893.8109,5.59885202594,10,
6454,377.19253943,1137.62217,92288437.1183,6.23878852719,10,
6455,377.202649239,1363.3839,366893.054795,1.00039122706,10,
6456,377.215417219,560.945826,34282038.8888,3.48619352294,10,
6457,377.209992444,603.48912,1143521.14283,10.6368072721,10,
6461,377.676685163,65.294784,2697933.34071,11.1996212376,10,
6463,378.080187455,113.80158,16436779.9347,4.85496662453,2.0,[M+K]+
9281,484.202968262,91.927416,2004274.62189,10.1924536763,1.0,[M+NH4]+
6466,378.136092316,39.352521,715873.550105,6.04496622763,10,
6467,378.143345888,62.605938,1858311.47735,6.6064870307,10,
12725,717.33721744,785.68008,5927141.59087,13.9130682547,1.0,[M+H]+
6471,378.172958107,762.23976,2449191.51025,4.71040382071,10,
12976,755.317594741,52.2024357,5326143.56502,8.7487890193,1.0,[M+NH4]+
6473,378.168405881,438.86178,350121.133771,2.95375512055,10,
6476,378.185277451,886.48842,106803.685357,13.454296574,10,
6479,378.219205701,560.428074,2532486.40899,4.18935821284,10,
6481,378.241498476,573.38499,58279660.3399,6.30868704264,10,
6482,378.241475337,554.045766,106102094.731,6.4259488741,10,
6484,378.333404595,1321.62537,22062151.8513,8.34940056484,2.0,[M+Na]+
6487,378.642634176,357.236268,222159.905261,3.51826964392,10,
6491,378.717280537,786.00312,2153203.19608,9.22472029858,10,
6493,378.743167157,531.158007,5837469.25973,9.03735315435,10,
6496,378.839012373,33.8897949,2620838.51718,3.94584726208,10,
6497,378.879594642,28.2768162,1580007.43254,8.13329120626,10,
6498,378.899795482,34.2087303,9082575.89919,5.78194197164,10,
6499,378.94010599,66.308154,797433.708457,3.7443205731,10,
6500,378.990864815,35.4987978,348826.401518,11.0900313026,10,
6501,379.002921548,123.949986,1505913.60604,8.47287749782,10,
11397,591.070212896,1061.64333,1157257.81366,9.61375960683,1.0,[M+H]+
6503,379.000463891,33.8426169,597635.254532,9.77880765611,10,
6504,379.037150142,34.8031143,2276354.36494,6.62158455853,10,
6505,379.0356036,181.113789,2015365.80498,7.13506508986,10,
6506,379.038171603,97.659282,366375.52915,7.11939666798,10,
6508,379.090443402,293.353242,194503.127046,8.70055104284,10,
6510,379.123116966,965.5689,773593.989597,8.05400763326,10,
6511,379.135077928,278.883543,1245389.0736,10.3103496034,10,
6512,379.142790386,308.888994,102016.345953,8.76509923836,10,
6513,379.164781744,52.5261519,844906.670052,11.2210725055,10,
6514,379.159554012,1053.71205,381058.249389,6.67388544818,10,
6515,379.166184671,1264.30554,412858.735312,5.15906134376,10,
6516,379.167987123,364.934016,1704091.84753,12.8387974167,10,
6519,379.180059765,185.155758,280527.774916,10.036167346,10,
6520,379.196745383,536.581317,27911291.0543,8.29515588311,10,
7871,425.238481916,657.57186,1585028.51866,6.4261014312,1.0,[M+H]+
6527,379.247779593,874.98102,256496.610389,11.587414597,10,
6529,379.652639367,417.05691,211279.206905,12.4910036371,10,
6530,379.690734923,1005.66399,596103.804036,5.72647296231,10,
6531,379.69363111,578.526804,4248853.42751,6.68254783675,10,
6532,379.694257389,647.92317,6822025.61202,6.24977784611,10,
6533,379.710562122,308.566248,267498.849938,10.4311208995,10,
6535,380.119043474,864.38034,1640141.96413,5.13325722733,1.0,[M+H]+
6536,380.128611005,802.7508,420354.831359,9.10563443262,10,
6537,380.137925504,187.866105,110812.98855,10.9897284952,10,
6538,380.166591576,638.66013,172471.668914,13.6887511306,10,
6539,380.163942143,258.406614,227553.126364,3.78921485325,10,
6540,380.15488587,297.478494,850281.703463,6.1485204816,10,
6543,380.183454923,423.506775,457961.500603,12.9530973662,10,
6544,380.180783521,333.223248,10921039.2853,5.68430619172,10,
6549,380.199420674,292.2816,3295622.37616,4.61424756969,10,
6551,380.221971642,869.61333,350414.760107,2.14936746365,10,
6552,380.227622879,1389.26814,792553.47349,1.09084744159,10,
6553,380.339933773,1321.56498,523779.925484,7.39265503205,10,
6554,380.348987255,1237.28289,307354.773463,7.70472671938,10,
6556,380.693605611,503.129805,4503133.47873,11.8056643115,10,
6557,380.694599533,138.191718,11683229.9613,10.7150866999,10,
6558,380.725816435,355.628514,998534.13277,3.71112466748,10,
8518,448.747330602,36.0806931,203952.157401,9.78311715043,2.0,[M+Na]+
9256,482.869976126,31.6100529,1586519.87383,9.70152684665,2.0,[M+K]+
6562,380.92589162,35.9158245,300512.190083,7.91245377563,10,
6563,380.987198905,35.5038888,228049.935668,6.17588608267,10,
6565,381.07834115,41.1653976,9204199.20439,4.50987633003,10,
6567,381.1111798,1295.34,334513.154612,13.8023336416,10,
6568,381.12843449,584.86953,672090.711567,6.45731163645,10,
6569,381.128530705,626.32056,1381919.5266,6.68989258256,1.0,[M+NH4]+
6571,381.139564715,47.1879867,11657443.9572,7.26628663569,10,
6577,381.203890191,359.492136,186612.829603,6.9674760667,10,
6578,381.196459066,608.24334,2793970.66474,6.82636441886,2.0,[M+K]+
6580,381.235327223,1060.80726,389705.126396,9.51810284583,10,
6581,381.234733295,1279.26774,323248.844547,11.5819891162,10,
12883,741.320187855,88.247823,6713944.26814,6.84005137989,1.0,[M+NH4]+
6585,381.65937471,802.97202,743461.416233,6.77382383637,10,
6587,381.659570951,839.78478,300793.190607,4.47108181173,10,
6588,381.691906509,381.695898,1283675.02083,5.98919213175,10,
6589,381.706417163,779.41638,465272.513827,11.3458459803,10,
6590,381.725597959,874.61118,2282074.35046,4.8633706107,10,
6591,381.724732814,368.466387,1122329.33961,5.18767408196,10,
6594,382.048675784,385.877766,855176.207903,4.26678462498,10,
6595,382.08897732,79.894443,4535395.35839,9.94224928192,10,
6596,382.081758839,41.1299553,830457.835007,11.0732245406,10,
6597,382.119498138,329.24763,220936.505632,11.9945699995,10,
6599,382.131763019,626.3916,197129.622191,13.4231151681,10,
6600,382.153433499,1013.93724,808119.114413,5.25600089782,10,
6603,382.159971915,510.527817,1854825.09295,3.77748168773,10,
6606,382.196421219,236.752464,32665006.6126,6.22264403303,10,
6608,382.19523512,68.00328,987518.179094,7.07637960197,10,
6610,382.218962617,763.19643,198304.898932,12.7621288877,10,
6611,382.270968755,1269.76014,168638.793124,7.90732028169,10,
6612,382.677419392,749.97633,126023.26739,13.1658947403,10,
6613,382.699692958,482.6478,4360782.02848,6.45556893029,10,
6614,382.703155592,644.29545,28272535.955,8.13257003663,10,
12743,720.427454006,1005.66375,2178132.28915,5.26541888445,2.0,[2M+H]+
6616,382.717884561,601.69254,55613510.2042,4.24566159276,10,
6617,382.717821818,584.863596,14032391.6698,1.84275533269,10,
6620,382.92282628,35.9158245,335508.426728,9.71465207041,10,
6622,383.02708386,1061.12424,573567.285041,4.9859333649,10,
6624,383.140243874,973.57608,9066266.13055,12.7978408122,10,
6625,383.14166957,205.622331,1871693.79301,9.11300908784,10,
6627,383.140067785,1199.60418,7775422.65511,2.12730238663,10,
6628,383.136969179,1069.66554,1716303.75666,7.05083492299,10,
6630,383.165127485,39.6589221,8404788.89475,7.58629121763,10,
6631,383.168500609,75.473814,1838112.08249,6.64832007038,10,
13032,765.448821772,742.39257,13898028.8744,9.60060007362,1.0,[M+NH4]+
6636,383.22934234,1539.83475,7739573.4295,14.6601494541,10,
6637,383.227169078,1150.86804,234646.402861,8.64834013968,10,
9555,496.238809812,116.276331,386457.10112,10.6422239011,2.0,[M+Na]+
6639,383.282314012,1416.76257,820743.861383,9.54736393188,10,
6640,383.301790028,1369.63749,485702.495719,9.18255741194,10,
6641,383.637529466,802.87002,135536.06223,10.6476855544,10,
6642,383.642597424,357.712008,464419.508811,11.8233776531,10,
12796,728.396300102,917.49942,2060180.55296,4.79759062662,1.0,[M+H]+
6644,383.689018943,401.197023,5829080.73229,4.28169057523,10,
6645,383.685620861,653.87181,4642904.13805,9.90707133431,10,
6648,383.785501844,1397.74158,4739172.64722,5.69609406361,10,
6650,384.010154419,181.31601,1795088.81206,8.76223369341,10,
6652,384.034377056,466.044486,8108415.82171,5.11567078304,10,
6655,384.067060482,106.263111,4820584.03234,8.35677715959,10,
6657,384.139214032,137.868459,2891313.27321,7.18764445666,10,
6658,384.152784239,244.408905,286049.892762,7.29764432883,10,
6661,384.15294167,1161.41292,403523.734703,5.21175857875,10,
6662,384.145111581,205.574448,230944.172006,5.6824366849,10,
6663,384.157933368,374.412201,2384329.87853,8.45062465386,10,
6664,384.172752766,807.66231,821552.480003,7.78617284664,2.0,[M+K]+
6669,384.192555724,1340.36055,2683589.72029,8.94300807275,10,
6670,384.200625634,236.492958,317170.866552,5.28230696707,10,
6671,384.231886366,353.069508,4825488.68575,1.62656596528,10,
6672,384.250258075,116.132166,137701.337268,13.7374763659,10,
6673,384.287382597,1397.89797,2486860.28978,10.2915444983,10,
6675,384.647525054,277.297362,85966.8706112,1.26661718298,10,
6676,384.674447899,807.27282,299999.608517,9.74902723275,10,
6678,384.715340911,349.549002,44035132.3438,4.75876871645,10,
6679,384.737377857,794.24247,706730.904192,11.1819869327,10,
6680,384.73626858,897.55293,580919.508803,7.30675549415,1.0,[M+NH4]+
13281,818.586417835,1398.05418,608115.986818,13.638004885,2.0,[M+Na]+
6682,384.844797469,36.2476971,1819291.1296,4.23771300228,10,
6683,384.856152737,34.0873233,2320243.64288,4.70449381042,10,
6684,384.929441217,624.62076,473636.66239,7.76281792469,10,
6686,385.009580184,35.4987978,578634.088268,13.8653171087,10,
6687,385.037814343,465.897543,839923.439876,6.5589267736,10,
6688,385.029602126,214.533897,810149.27879,10.696251784,10,
6689,385.042915132,322.136886,135911.820554,0.393596865316,10,
6690,385.066056206,123.63618,3552125.75192,11.1976710534,10,
6692,385.072459916,44.6500542,1327460.899,6.30241968167,10,
12214,653.109645324,181.265106,1150943.29795,10.9246298171,2.0,[M+K]+
6694,385.103831351,945.79224,202301.188286,3.71687280061,10,
9285,484.219222376,354.188382,4692744.39597,3.18962852349,1.0,[M+NH4]+
6696,385.128278281,39.284898,2310617.16655,4.8199343757,10,
6697,385.142507277,137.868459,338222.808407,6.73836885857,10,
6699,385.147417602,467.804238,6586870.89411,3.58428737333,10,
6700,385.162616986,61.347183,1780370.56297,5.94749302232,10,
6701,385.182210041,95.437668,352134.932241,5.00866975867,10,
6702,385.179595573,137.021298,1068534.1189,5.50431924334,10,
6704,385.243607489,568.320273,173060853.348,6.01035325521,10,
6705,385.243758261,418.539528,119279267.595,5.01757874008,10,
6706,385.243684425,539.615508,42221309.352,5.60119179148,10,
6707,385.24372526,289.936044,7215850.72792,7.6068080032,10,
6708,385.243712499,360.916629,323126175.266,6.22365463403,1.0,[M+H]+
6709,385.291635122,1302.35946,10337464.0986,4.44676555788,10,
6711,385.610726167,249.972384,185599.318995,6.45672601081,10,
6712,385.684063052,111.048765,153869.9173,5.66738483978,10,
6713,385.686753247,150.36897,1052527.76662,3.84842268524,10,
6714,385.690713281,828.89094,280875.67843,12.2960559654,10,
6715,385.692614004,293.238234,581994.656094,9.63241439925,10,
13062,770.442925868,795.37347,8047691.45816,3.33836974569,1.0,[M+NH4]+
6717,385.725211436,841.48782,407662.971534,5.55650744346,10,
6720,385.873545691,771.28698,219024.445083,14.3557086123,10,
6721,385.933964353,35.4541149,107520.389455,12.1087880432,10,
6722,385.972208271,36.4904871,168522.478877,12.118672774,10,
7528,414.009564162,192.466953,562125.238568,11.3973957006,1.0,[M+H]+
10817,559.541276324,123.58143,508630.78435,0.318183883984,2.0,[M+Na]+
6725,386.029838656,466.1403,882070.483185,8.57741940176,10,
6727,386.087898882,35.8250493,102964.744782,12.6530564487,10,
6728,386.11204748,99.259671,1904307.96327,7.65519277653,10,
6730,386.12932317,643.59198,261218.232204,14.3172944333,10,
8591,452.113368778,80.958336,1627668.99035,12.5352122049,2.0,[M+K]+
6732,386.129969958,736.30764,291917.03867,7.78977111231,10,
6733,386.156686854,619.47003,1384562.91836,5.44237479367,10,
6734,386.170933522,350.81838,532993.141845,11.7234686465,10,
6735,386.188434602,150.473304,321171.677404,13.0007556615,10,
6736,386.192224174,104.671608,361036.310386,9.60108263269,10,
6738,386.211215445,116.255034,268199.579423,1.32300518436,10,
6739,386.211513677,1346.8326,154468.24854,8.00871241883,10,
6741,386.219978742,349.549002,585879.203739,6.53794544137,10,
6745,386.256953666,1234.78716,358931.479121,12.008685095,10,
6746,386.276834957,773.39802,96968.5375153,11.8329024121,10,
7555,414.283919739,1171.75314,675819.956952,9.1056574572,1.0,[M+H]+
6748,386.311769385,707.84652,242225.592745,6.39320433813,10,
6750,386.398258796,1271.52651,3689748.90895,7.48389028261,1.0,[M+NH4]+
6752,386.691531066,682.15032,19394147.0171,1.90917146833,10,
6753,386.71269431,366.095754,2155043.97257,5.36637825694,10,
6754,386.711804828,524.511186,4201440.21441,7.1196077271,10,
6755,386.720366286,476.233419,7203052.63536,2.33813969007,10,
6756,386.72041385,497.844789,27552899.8141,7.19377525088,10,
6757,386.724263739,650.77872,198761.306192,14.0598774531,10,
6758,386.852846463,33.9742554,179132.63956,13.2219179379,10,
6759,386.924125039,32.8053921,5422691.07932,6.40211824402,10,
6760,387.007200225,181.429974,4626911.80728,5.76016608718,10,
6761,387.045077561,181.265106,6013763.45042,12.0275925505,10,
6764,387.133213868,38.4091134,664286.711701,4.29101663206,10,
6766,387.136514933,421.638018,430354.431057,4.29240338282,10,
6768,387.160807557,115.645863,205714.950297,3.11949160272,10,
6769,387.155085487,549.283698,826535.795621,4.07195015026,10,
6770,387.169381302,37.2446973,304058.826069,2.3964909945,10,
6771,387.19315343,681.96978,8792728.03493,2.98188571636,10,
6772,387.199929166,453.983424,6201812.84793,5.89946221508,10,
6773,387.222863717,270.999543,141592544.602,6.18975008793,10,
6775,387.229901119,818.24292,577765.716483,2.55320247829,10,
6782,387.675461775,578.934462,3122999.4336,7.04355998504,10,
6783,387.689612366,88.685379,231329.149821,13.6622546477,10,
6784,387.697576505,461.045298,1100426.18739,1.83307506832,10,
6785,387.731181519,818.24292,146707.354455,12.4105216074,10,
6787,387.968193107,34.5237138,220574.953815,8.36080754748,10,
6788,388.098548208,125.208177,4298973.97366,3.97980621519,10,
6789,388.109829885,328.334427,617975.54152,7.59365987228,10,
6791,388.144963663,426.027786,116549.386302,13.389505433,10,
8498,448.203038143,121.97574,6310560.82519,5.72870103242,1.0,[M+H]+
6796,388.203836081,869.38761,426031.753349,14.1489445297,1.0,[M+NH4]+
6797,388.207570703,1274.43798,423359.911717,9.47683138027,10,
6798,388.227299131,143.004438,888243.064301,8.21685947147,10,
6800,388.218272114,95.436858,94760193.7539,5.00547513599,10,
6802,388.22016314,501.215373,44463027.4177,10.6145405121,10,
6805,388.254400484,389.550264,275184.300026,6.43864052248,10,
6806,388.252006343,418.741896,180259.040294,5.04359907854,10,
6808,388.263093849,416.173146,2489647.11254,5.87859389851,10,
6811,388.68645634,276.973482,732268.881245,7.35942781728,10,
6812,388.701480348,121.595859,630896.36502,3.56137350858,10,
6813,388.69212118,249.811881,562777.637359,8.61354125761,10,
6814,388.702543451,603.48912,282631.068733,7.00479635098,10,
9467,492.730162137,35.9158245,196176.792812,14.8053372423,2.0,[M+Na]+
6817,388.983888151,37.1427132,130292.944673,8.75089261983,10,
6819,389.020084221,33.5707311,9147234.10422,6.98892947194,10,
6820,389.133341577,816.6288,84982.3469764,11.4293018031,10,
6821,389.129982367,367.143132,997697.441558,6.58125535866,10,
6822,389.147915182,405.51828,259436.814882,3.85420896612,10,
6823,389.144649701,277.55673,120056.646841,7.11490948678,10,
6824,389.142503512,112.41417,294229.998538,5.40462245853,10,
6825,389.165832958,39.346176,15262766.7884,5.28843737809,10,
6826,389.176187054,341.52225,206323.264046,6.71683337522,10,
6827,389.180968299,397.574214,9312852.80095,4.24723742983,10,
9367,488.251089368,508.604565,13318927.2938,10.1060727724,1.0,[M+NH4]+
2694,271.150929632,745.13517,13588577.0741,4.01418949445,1.0,[M+NH4]+
6835,389.219685498,1260.59982,123534.922221,8.09693316588,10,
6837,389.217397691,549.926322,15604924.4984,5.3837894081,10,
6838,389.238559258,369.272073,171054706.868,8.51718360276,10,
6839,389.249506525,42.7606779,16397706.1508,7.38481765887,10,
8759,459.386918166,1400.87517,1467138.63891,8.76621739636,1.0,[M+H]+
6844,389.396306516,1245.15996,940407.500479,5.27352657937,10,
6845,389.636671561,397.493151,396092.018419,8.29692729979,2.0,[M+K]+
6848,389.691382953,814.8186,366167.483265,13.7026925845,10,
6850,389.707485956,516.125061,9183781.16512,7.39933616194,10,
6851,389.70813424,355.469265,2919703.87772,4.02932884635,10,
6852,389.733216054,789.84426,675838.823834,13.2769304996,10,
6855,390.096356359,386.831457,297429.665479,10.0283600563,10,
6856,390.117283996,1356.01584,360491.161731,13.8719722883,10,
6857,390.162617571,457.937037,20277353.2137,3.25770658693,2.0,[M+K]+
6860,390.190995669,892.96446,475647.17278,4.74267097037,2.0,[M+Na]+
6862,390.20651206,231.289218,4316042.8738,8.70922009107,10,
6863,390.212978827,188.411316,100123.251876,6.35324727156,10,
6864,390.232839371,218.420208,397572.109733,14.1728486277,10,
6866,390.25193684,1350.2304,539268.83416,14.2043399803,10,
6867,390.288202365,1400.87517,2901251.77249,6.2210599025,10,
6868,390.653471244,234.33153,11684535.981,6.87306194437,10,
6869,390.68874523,291.108486,307567.891163,12.2996381579,10,
6873,390.853904395,33.5707311,338076.491491,11.3523464988,10,
6875,390.998059791,393.196329,8719005.97808,4.01110476229,10,
6876,390.998067708,87.45444,1364272.34536,8.86862388008,10,
6881,391.160293562,549.710013,5462081.1303,3.5389451284,1.0,[M+H]+
10278,532.279737985,50.5661442,696705.236179,3.80816472003,1.0,[M+NH4]+
6884,391.179455809,398.960154,167615.877502,11.6407776029,10,
6885,391.180883462,833.5176,207076.501326,6.04434729211,10,
6888,391.199660383,390.903711,12125354.6099,13.6036637232,10,
6889,391.207222056,362.610132,53135016.6649,12.1659778244,10,
6892,391.206182523,102.773172,474311.774205,14.1692302347,10,
7340,407.233445478,1350.24084,1415711.78265,5.69945209661,2.0,[M+K]+
6894,391.283327752,1397.4288,264106041.113,4.51648322964,1.0,[M+H]+
6895,391.670593079,401.197023,7986954.63599,4.16624284738,10,
6896,391.670288218,226.517148,656892.801145,9.62465775776,10,
6897,391.694522944,878.46219,118829.265235,13.3430636682,10,
9653,500.717402801,315.422373,168536.280198,11.7765746591,1.0,[M+NH4]+
6899,391.707831009,578.123082,498214.443156,10.7646000173,10,
6900,391.70885136,362.563254,14156459.504,8.77339734358,10,
6901,391.712382423,756.26292,185289.999538,8.27429872426,10,
6902,391.708729475,335.697888,49515847.6808,5.58820044308,10,
6903,391.743343317,680.39286,242684.990702,5.24424863489,10,
6904,392.104475644,44.7768255,937959.736687,4.94757035713,10,
6905,392.126606968,466.533609,164772.932138,11.1666973523,10,
8816,462.085614156,152.02737,837177.220672,5.69645733776,2.0,[M+K]+
6910,392.197115682,326.238192,5962350.58216,8.46118392722,10,
6911,392.214791563,770.48217,1750596.02836,4.27061316971,10,
6912,392.212103197,458.329416,665498.880998,8.68377805539,10,
6913,392.217115735,515.325309,73515995.336,3.86831106318,10,
6914,392.216998933,531.792822,401084074.13,3.41554827291,10,
6916,392.253479397,742.71507,14835539.9997,6.36535076562,1.0,[M+NH4]+
6917,392.253484432,729.46608,10836216.5886,9.37555906977,10,
6918,392.253490874,706.32219,35329094.0663,3.61565146483,2.0,[M+H+NH4]2+
6919,392.263380259,1350.02784,223143.533973,7.15458482174,10,
6923,392.747676921,897.55293,509651.477152,10.4836981564,10,
6924,392.749206165,617.99346,9209420.74276,5.16290350078,10,
6926,393.001091935,181.265106,3548243.22993,7.97244545063,10,
6927,393.051042832,181.113789,6484629.38184,5.64585743187,10,
6928,393.085575032,963.91647,1247245.14032,12.4979251875,10,
6929,393.099437959,260.95773,194622.721223,10.4790833849,10,
6930,393.114727349,886.07784,335760.544325,7.89934695459,10,
12919,747.347741392,768.37515,3167577.04632,7.44654498983,1.0,[M+H]+
6933,393.155045121,42.699828,1964616.72266,9.72359124112,10,
10277,532.250777456,369.14589,747566.125685,9.15259058766,2.0,[M+Na]+
8226,437.213745166,196.871832,1443936.25229,7.46635549503,1.0,[M+H]+
6940,393.175560229,849.91296,539788.812321,2.36314541747,10,
6941,393.202555611,1311.38688,990908.481995,7.14222453228,10,
6943,393.193606849,38.4091134,2341158.34027,5.00058900284,10,
6946,393.212186601,312.67668,9437539.88693,6.19418934017,1.0,[M+NH4]+
6948,393.222195527,252.01485,23492775.0866,8.10310881948,10,
6949,393.218853631,770.49006,164522.067363,9.84138760607,10,
6951,393.338021404,1452.5034,1237029.48266,7.95275581328,10,
6952,393.634182424,429.668778,451210.175428,7.2824879551,10,
6955,393.696026543,329.67612,779655.306534,10.8203938381,10,
6956,393.740764627,888.49209,800008.212667,9.10524013669,10,
6957,393.985738581,34.5237138,418701.691738,9.50473065326,10,
6959,394.10146712,50.6610132,267743.445544,4.72779468881,10,
6961,394.152540968,1046.49642,278138.944752,6.01541883723,10,
6962,394.142614832,446.919798,416141.248649,10.6662928834,10,
6963,394.16011725,215.830644,137880.860748,12.2569909819,10,
6964,394.159931828,631.37676,509852.212157,4.57043581128,10,
6965,394.163598253,729.91986,163190.254002,9.10224279808,10,
6966,394.171177649,285.450297,1444427.11564,8.44031319546,10,
9674,501.28487314,106.727712,534714.048052,6.65390011214,1.0,[M+NH4]+
6968,394.171244047,171.92904,21524633.6091,7.30825103979,10,
6969,394.189650949,321.717684,51326538.5716,5.47083595815,10,
6970,394.179803796,369.398256,1275694.75941,4.2332530003,10,
6971,394.189447269,347.622132,21696760.9948,6.72860273585,10,
6972,394.179758432,276.781917,3634695.94742,6.18844974992,10,
9776,506.281131371,272.413476,3636553.31249,8.47495168319,1.0,[M+NH4]+
6977,394.211992553,586.593852,11215757.0414,1.46527307381,10,
6979,394.232795141,457.778352,30394427.7324,5.61623790258,10,
6983,394.313737175,912.57618,73847.1562658,13.5312870501,10,
6984,394.345942011,1452.5034,46316689.9877,5.34291107424,10,
6985,394.638052589,189.26652,261650.550445,14.5117224945,10,
6986,394.655724867,401.357901,1333124.89733,2.73794510036,2.0,[M+K]+
6987,394.689170638,858.44469,949209.636398,4.13244047893,10,
6990,394.721601439,741.7095,6774923.0475,1.36868662639,10,
6991,394.813153706,33.8897949,831381.962991,7.4521646481,10,
6992,394.873771258,34.293636,5164405.53232,7.7957998854,10,
6994,394.977085799,33.8426169,750799.218832,9.00952550456,10,
6996,395.027218224,594.789531,9696576.17143,1.02778627192,10,
6997,395.038459709,34.2087303,2596422.38027,7.58229920214,10,
6998,395.066680068,123.63618,2976865.15612,7.11577482701,1.0,[M+NH4]+
6999,395.095449691,820.13619,169905.330762,13.4095248307,10,
7000,395.113412509,846.7899,2441058.29774,4.09020490396,10,
7001,395.113426997,813.14745,436075.316289,3.98249967807,10,
7004,395.176101133,42.1654269,1297267.8365,14.6929355772,10,
7007,395.169188562,340.246002,126764.335706,13.3141971284,10,
7008,395.191873456,323.005125,31593548.1996,4.89246770221,10,
7010,395.199480002,268.609983,262012.372041,11.5109953768,10,
7011,395.203139358,1038.23937,8225227.35354,10.8833213027,10,
10768,557.254056197,54.671646,24208585.0865,9.2023829828,1.0,[M+H]+
7013,395.212587061,818.46195,661154.476498,11.9261635713,10,
7014,395.222228736,318.286524,1886401.51423,65.2586121301,10,
7015,395.227968175,68.927811,3032181.27258,7.36518476261,10,
7016,395.218379725,415.3359,295051.942203,3.54436153873,10,
7255,403.738828944,897.55293,1985241.16787,6.28294536885,1.0,[M+NH4]+
7020,395.262343814,110.125674,197694.360634,9.76069648003,10,
7022,395.331684177,1238.08659,1380503.99802,6.92339537726,10,
7024,395.687302334,219.484452,417066.542908,14.1239712367,10,
7025,395.693658593,322.264368,874776.315093,11.1054509829,10,
7026,395.713569866,818.24292,275319.816235,3.57465255193,10,
7027,395.718131651,266.696418,9152942.55509,6.20761865005,10,
7029,395.87738177,34.2045738,231112.636814,10.3897996212,10,
7030,395.961957907,87.377148,177621.772823,14.1959272072,10,
7031,396.001118402,36.7922058,475495.147418,11.8039096519,10,
7033,396.072436934,34.8031143,197955.539023,10.2879546706,10,
7034,396.098749686,645.00084,303871.608867,2.44267184286,10,
7037,396.117938694,637.41336,530077.804364,7.67938780262,10,
7038,396.152103306,747.2685,1962742.32775,10.8392183997,10,
7039,396.155503632,646.36884,298275.629643,12.1779881976,10,
7041,396.169114515,286.731486,390973.836023,9.65663585878,10,
7042,396.17594861,494.658684,1150764.71865,5.4257106606,10,
7043,396.186458301,469.63224,3454513.22737,8.80846694222,2.0,[M+Na]+
7044,396.185053751,418.100022,385510.312459,13.2080669491,10,
7046,396.195614478,102.773172,654156.479661,4.80567004481,10,
13180,791.464339974,754.33842,6336142.24734,7.49883902302,1.0,[M+NH4]+
7049,396.254211578,897.38334,166084.272031,8.00097778018,10,
7051,396.675737616,745.58652,1154476.32067,2.30086651486,10,
7052,396.687827054,469.961298,1004903.67838,3.45706044277,10,
7053,396.709343585,795.3258,480908.435283,10.6409766741,10,
8878,464.872146282,31.9779852,5448279.49841,7.98710904053,2.0,[M+Na]+
7060,397.020908422,951.8529,981457.273204,6.29596824264,10,
7063,397.105290397,164.721597,1033851.56709,3.08218381245,2.0,[M+Na]+
7064,397.107582451,1244.1957,2951419.21795,3.16184169144,10,
7066,397.142356429,1360.98117,110517.016898,14.7567429344,10,
7070,397.171007778,241.358958,2035208.70553,9.57659788575,10,
7071,397.182110753,1111.79415,2781697.15771,4.95199239907,10,
7073,397.210464552,795.53523,184924.897071,12.2556859316,10,
7075,397.20658155,751.10613,1675885.23284,6.12569697893,2.0,[M+Na]+
7076,397.213822226,870.64248,1083446.01834,6.70393254103,2.0,[M+Na]+
7080,397.598192539,357.331512,203830.98082,13.4261160392,10,
7081,397.645450335,385.718454,444249.618095,14.2877802569,10,
7084,398.043738553,31.0281324,278060.243447,11.9528564661,10,
7085,398.099576435,38.0902056,232066.180361,14.6257160726,10,
7089,398.148384119,790.90596,3581165.75518,2.479843131,10,
7090,398.155053789,366.55101,148275.854142,13.4216980431,10,
7093,398.176735572,70.184664,1245132.89798,7.57718185199,10,
7094,398.165550616,802.10478,163407.163328,4.73556662045,10,
7095,398.185955244,1111.59189,406321.910283,4.18715743039,10,
7096,398.196651874,259.206351,753668.431339,7.3525381309,10,
7098,398.193019285,842.37678,3756098.19359,2.6098866061,10,
7100,398.238952691,481.205112,30789845.3102,3.10663849524,10,
7102,398.417628975,1377.35322,177230.569888,7.3754506742,10,
7104,398.70425912,390.826893,400925.074842,10.4728056721,10,
7105,398.740515716,498.344061,37991971.9301,4.67171264208,10,
7107,398.740896483,35.9158245,160594.422045,11.7184484918,10,
9937,513.886154865,28.9037544,1740793.44321,8.78009713351,1.0,[M+H]+
7111,398.978257255,32.32626,337352.342725,10.001308339,10,
7113,399.045531016,123.47955,2111160.59418,6.92614279027,10,
7114,399.074109822,1133.82492,143818.316064,3.79612971417,10,
7115,399.126790721,713.4147,127995.995065,7.28062674542,10,
10341,535.234722963,46.5552168,398057.229624,11.9920434672,1.0,[M+NH4]+
7118,399.129992768,410.020656,95651.9732696,12.4514298461,10,
7120,399.143785822,39.440451,6187559.11705,4.81463718871,10,
7121,399.151925993,791.01126,545518.716166,3.63069521829,10,
7123,399.16648025,135.567558,322253.326368,10.5515229741,10,
7124,399.166670346,423.55752,1321177.38544,4.68243773723,10,
7125,399.17688479,967.19238,11930351.2313,3.33576654618,10,
7126,399.160295817,39.346176,987192.86562,6.52072791113,10,
7130,399.248695234,673.75293,37052504.4536,4.76928190531,10,
7131,399.259343806,389.627958,10751570.288,6.02345540862,10,
7132,399.259390833,369.59427,3226654.53367,9.77406783084,10,
7133,399.259468234,408.854409,29437487.4387,4.36419318066,10,
7134,399.258795168,1327.84767,974337.149949,10.5367133393,10,
7135,399.254442661,772.01898,2295183.49988,10.3283815489,10,
7137,399.656292054,401.357901,1336462.9036,8.00676983307,1.0,[M+NH4]+
7138,399.713361203,226.757844,516841.203029,8.46677030233,10,
7141,399.892248067,35.4541149,127515.774976,7.36286065311,10,
7142,400.030435802,192.466953,3734682.10333,7.32894727103,10,
7144,400.062235529,113.984172,815832.176486,4.99687563984,10,
7145,400.080851919,631.09212,430513.960355,9.92444156663,10,
7146,400.108065451,207.898209,504750.65952,13.6380356343,10,
7147,400.109893506,61.033128,1745663.17653,7.32785472099,10,
7149,400.131269422,1056.55368,378145.312915,9.37971850604,10,
7152,400.150735987,324.515616,237069.982521,4.10997294051,10,
7153,400.167848645,53.7624048,288857.669546,11.1016299196,10,
7155,400.208631452,813.14745,6044352.30474,5.52082296538,10,
7156,400.226905674,330.106434,531979.613766,9.29920402977,10,
7157,400.218270713,95.72985,20324833.312,6.9421826934,10,
7158,400.235982785,1137.62217,483514.967867,9.88296939369,10,
7159,400.229668431,150.36897,277529.418705,12.3703656913,10,
10223,529.341895747,681.99003,3139563.88288,3.40618004396,1.0,[M+H]+
7161,400.253138532,1237.99863,446323.932903,10.2685668673,10,
8144,434.32320258,1400.79756,5006276.98996,9.43797197119,1.0,[M+NH4]+
7165,400.413933716,1286.60472,2222949.03659,5.77556671634,1.0,[M+NH4]+
7166,400.652744766,237.237777,261180.058841,6.63126805003,10,
7168,400.668711222,619.30836,4741246.86798,6.91631736211,10,
13211,800.387957564,396.049086,6325044.57396,5.38214481934,1.0,[M+NH4]+
8414,444.68135083,772.41597,791174.731855,4.03450891118,1.0,[M+H]+
7171,400.745382334,681.04062,580364.433574,1.90757018518,10,
7172,400.817815729,36.159756,461386.927379,7.40706865608,10,
7173,400.830095367,33.8897949,1244524.91442,9.89706073899,10,
7176,400.959644495,772.75242,295851.862919,11.3327502415,10,
7178,400.994844672,33.8897949,670586.355784,12.8414054851,10,
7181,401.061852284,181.31601,2040280.89029,12.5465627101,10,
7182,401.081475383,379.447272,277523.625243,2.65064399398,10,
7184,401.129406626,123.63618,1281231.86779,3.79438946555,10,
7190,401.176263486,339.927618,2360975.74055,9.73399277723,10,
7191,401.189832937,370.881519,317442.589095,10.4873224768,10,
7192,401.182956048,967.04724,272737.881361,6.00248219136,10,
7194,401.19895013,594.948966,2622381.42553,1.7977965948,10,
7195,401.202363177,778.90332,92818.2401072,7.67108275865,10,
7197,401.207675402,253.951596,593803.248092,13.691393866,10,
7199,401.224761203,39.0342423,4217837.7718,4.67714331162,10,
8734,458.296275652,392.250333,74773492.3199,7.31726372635,1.0,[M+NH4]+
7201,401.252324453,1142.54073,195819.792738,14.5508597743,10,
7202,401.265554224,408.925272,560782.411123,6.95093763531,10,
7203,401.26117094,897.78606,214365.265768,3.63611278773,10,
7205,401.674978661,578.609406,3223924.84066,8.62293727268,10,
7206,401.691535836,601.82748,915815.762197,6.79125560018,10,
8003,430.004550312,181.113789,5510979.74593,4.04093188849,1.0,[M+H]+
7209,402.104429618,73.865268,2100369.55198,10.7623441379,10,
7211,402.158390759,46.8227718,1905991.44529,5.51797844014,10,
7213,402.201488172,742.17123,16562515.3275,8.92291199667,10,
7214,402.198966773,579.734022,3340567.14453,5.58391466257,10,
7218,402.242393349,298.819677,5397983.70387,5.18785363442,10,
7220,402.243228503,359.800197,7435750.63509,4.47868316846,10,
7221,402.244191294,247.199088,382834.015212,5.78625948938,10,
7222,402.393213394,1204.91046,5344174.64507,5.52906803771,10,
7223,402.541497429,616.26546,455619.938428,7.37601484295,10,
7225,402.93545494,28.7452329,2840326.82961,8.9035295126,10,
7226,403.012719448,181.006692,537050.31862,10.7138430839,10,
7227,403.037594183,951.8529,423228.334228,3.61977879031,10,
7228,403.055210047,804.48918,239728.441011,9.64179070414,10,
7229,403.097185218,414.502908,404824.754303,4.23621928419,10,
7230,403.1103564,584.86953,330675.932196,9.76520061318,10,
7232,403.124975033,111.43605,261616.177162,14.0033252244,10,
7234,403.149036701,457.937037,1037710.47397,7.19198881282,10,
7235,403.158059339,117.866538,512755.989602,9.90294893439,10,
7236,403.20089958,973.89465,165116.408454,12.9741420315,10,
7238,403.206692348,115.150428,1299717.43033,7.40452295151,2.0,[M+K]+
7239,403.228600145,309.289869,2199745.59902,3.80849444087,10,
8482,447.219054976,260.322588,1677693.52402,10.0096760747,1.0,[M+H]+
7243,403.217958392,110.747334,11593019.2373,6.84969546664,10,
7244,403.235184362,1293.73248,182498.965022,5.60395643052,10,
7245,403.238028912,1063.65828,299798.026743,8.14503309417,10,
7247,403.242666827,359.800197,542157.360652,13.2705850725,10,
7248,403.254225594,475.277988,133352718.015,11.2289300663,10,
7249,403.254215973,262.889484,5470432.85123,10.9660300266,10,
7250,403.290538202,1385.43612,303847.23086,8.39070109214,10,
7252,403.688937783,706.47942,349472.415081,13.0787231623,10,
7253,403.692177157,45.2562828,761805.09894,7.27668576123,10,
7254,403.705076036,614.87865,3612248.97864,10.699175261,10,
7257,404.093383772,61.017666,1292017.94637,13.9762607261,10,
7258,404.159042985,347.273268,557201.885224,6.78013370105,10,
7260,404.168285862,469.644174,2174785.33243,6.11627145491,10,
7261,404.192018695,294.092244,3502904.29225,6.38172100649,10,
13242,807.382817373,421.210155,4252763.65055,5.95298322058,1.0,[M+NH4]+
7263,404.214272603,765.46848,17779684.3761,5.87446097555,2.0,[M+Na]+
7264,404.206192249,256.164852,959278.598613,12.7208894031,10,
7265,404.248957307,349.058697,1262978.0764,2.29500089035,10,
11404,591.287020037,372.124212,1571678.78965,7.06330836696,2.0,[M+K]+
7267,404.667466817,364.889262,1207925.85756,5.81558716659,10,
7268,404.681074179,402.644145,814831.701781,7.69335826342,10,
7269,404.685339607,36.0016302,120515.464437,5.30235689941,10,
7272,404.716064841,765.46848,6927643.69431,6.39542785377,2.0,[M+K]+
7273,404.714748482,726.62442,548880.770308,5.4841277814,10,
7274,404.836216744,35.8250493,599211.699037,8.00356992551,10,
7277,404.995005644,33.5707311,4131106.76572,6.1253930172,10,
7278,405.156552486,34.293636,2760061.97167,8.94202566975,10,
7279,405.157963444,439.602099,833011.634152,6.69610966703,2.0,[M+K]+
7280,405.171478066,402.085905,232736.191936,12.1586487733,10,
7281,405.176226537,567.544956,1064928.53632,8.93709848503,10,
7282,405.186165481,344.40675,1069906.60493,2.65979026636,10,
7283,405.196498359,870.74628,900835.846731,6.81049755494,2.0,[M+K]+
7285,405.194680834,294.100587,280257.789059,12.9624846069,10,
7287,405.217235884,765.46848,1539727.91264,10.290919018,10,
7288,405.239009165,1377.7434,692553.363913,11.2869760757,10,
7289,405.252908894,348.907254,157544.149228,14.624900176,10,
7290,405.280864066,43.7035533,1900337.73549,5.36817081833,10,
7291,405.302260699,1436.75154,291556.017822,11.8086222036,10,
7292,405.322263035,1385.72112,363559.741,5.9584192709,10,
7293,405.670042803,401.036961,1117211.30398,4.40964102088,10,
8561,450.727600823,787.00878,3013389.60084,14.0412794807,1.0,[M+NH4]+
7295,405.706563987,289.725606,3530989.08642,8.2830227296,10,
7296,405.92306547,31.9779852,704331.68118,10.9872462313,10,
7297,406.124989737,1299.43326,246122.548638,2.38918658792,10,
7301,406.157376859,137.342544,153200.948829,6.89861808647,10,
7303,406.183158254,264.137106,2418103.86628,11.9523015678,1.0,[M+NH4]+
7304,406.180015589,612.79392,147135.546112,9.72467361671,10,
7305,406.201204631,69.093093,678493.197778,12.4693696313,10,
7308,406.207706625,290.045352,836958.47184,13.5370156677,10,
7309,406.25201539,1414.389,482816.30033,9.67440283371,10,
7566,414.76089085,918.94107,444229.55949,13.2269923916,1.0,[M+NH4]+
7311,406.285426144,988.26072,101123.469024,14.3463490239,10,
7313,406.364468508,1358.62455,209938.469995,13.09349859,10,
7316,406.772843951,35.9158245,285143.891542,3.91506813806,10,
7321,407.0304702,181.113789,2301977.98428,4.96355174074,2.0,[M+Na]+
7322,407.051679657,38.0966682,2952312.87787,6.71453886415,10,
7323,407.052394442,951.88884,393620.686004,12.2595294331,10,
7324,407.078724074,61.376274,428144.027086,7.35712555903,10,
7325,407.094305564,110.908776,348624.039614,13.6121775383,10,
7327,407.106709505,160.506198,5828808.33956,9.20885773942,10,
7330,407.170318616,299.756682,6050768.08208,9.23642873282,10,
9344,487.248641219,43.1058657,14939255.5402,8.14289829819,1.0,[M+NH4]+
7334,407.228114295,93.840507,18876234.8373,5.81910565841,10,
7335,407.227789718,425.10609,104393903.802,5.0016513211,10,
8603,452.230306314,524.625501,809619.84681,9.73066277327,1.0,[M+NH4]+
7339,407.224590005,690.96852,123969.140098,4.26698024579,10,
7342,407.248940032,147.804474,722736.065098,6.19187997572,10,
7343,407.262350336,806.30418,227445.287837,6.6202355393,10,
7344,407.272796435,860.27394,95010.3175895,10.8991428717,10,
7345,407.293370121,988.30848,785635.477565,7.05069356442,10,
7346,407.32354688,1228.9287,212034.206849,5.93220286628,10,
7348,407.676643386,396.843522,139914.715562,10.7385996665,10,
7349,407.678565799,355.310016,707759.452549,7.1941811276,10,
7350,407.705388941,371.292885,7499351.0401,6.64590584876,1.0,[M+H]+
7351,407.728520796,754.1766,5317497.69991,4.51503728388,10,
7352,407.723593993,291.750366,141673.995514,6.6627129025,10,
7354,408.086425712,123.89517,893008.449584,8.06186920801,10,
7355,408.125565721,817.12251,94099.2892386,3.44681891845,10,
8642,454.180602053,131.306427,795116.644806,7.01222516881,1.0,[M+H]+
7360,408.183395387,756.27492,638143.352215,9.31277678176,2.0,[M+K]+
7361,408.18647321,188.419827,6331502.30975,6.21972629649,10,
7362,408.185921205,220.131576,9588118.07878,5.73908800252,10,
7363,408.191211797,593.18172,290646.181848,3.64090021076,10,
7365,408.196419505,330.977124,657476.075971,6.00423101785,10,
7368,408.223477251,138.271395,526605.61462,9.61735266189,10,
7369,408.223652627,82.73079,953385.507306,6.53531537053,10,
7370,408.223332863,65.47365,758552.940944,4.58488433445,10,
9769,506.227523758,441.43428,587872.311202,6.39210384804,2.0,[M+Na]+
7373,408.232358666,387.305136,1231477.90408,12.2294760253,10,
7374,408.231603011,153.357054,156490.132051,7.20535783062,10,
8852,463.238254963,905.07081,908213.089209,9.52380287062,2.0,[M+K]+
7377,408.296855538,988.39176,159987.51225,14.8837484426,10,
7378,408.307410487,1381.38822,209158318.668,5.87914936948,10,
7381,408.635368019,380.512641,655921.294931,9.20631119153,10,
7382,408.647851546,476.710731,232190.512534,14.5664741933,10,
7384,408.684574904,755.93964,223715.301422,12.1478509635,10,
7385,408.713280737,292.296798,4854354.30319,9.06660870374,10,
7387,408.725833139,502.328997,40259848.6904,9.59204473484,10,
7388,408.769515999,36.1118709,418139.551419,11.6160963894,10,
7390,408.900400004,1047.4515,219421.779987,4.87329312429,10,
7394,409.082556885,192.466953,742224.283966,4.06385561678,10,
7395,409.082370185,123.63618,10571443.1883,5.14862231692,10,
7397,409.137710636,381.052902,519650.55041,7.66949036893,10,
7398,409.145710595,327.528189,938934.273892,6.31445724161,10,
7399,409.157327676,703.90407,464236.140862,10.5223092433,10,
7400,409.156589451,405.196902,988152.303709,8.92381632025,10,
10505,544.271195004,46.0276758,4071486.82882,2.79730659771,1.0,[M+NH4]+
7404,409.212963007,1298.99235,617666.374458,9.17431435471,10,
7405,409.207430792,201.396957,28109306.698,8.14864058395,10,
7406,409.207004823,855.41706,132178.696794,3.83220257194,10,
7408,409.226951323,304.378998,199865.365227,2.34009760624,10,
7412,409.251997917,514.527123,10166373.2103,5.27390223735,10,
7416,409.741241965,754.99704,2650490.98359,2.82212674458,10,
7419,410.039874445,220.364046,1528693.00084,8.79194819208,10,
7420,410.046087062,937.49826,3137182.2088,2.22445850009,10,
7421,410.059203351,322.136886,262971.508146,12.0743909094,10,
7423,410.08797163,35.7810543,140533.166574,13.3761108903,10,
7424,410.094028651,335.903316,202563.265142,13.1116004142,10,
7429,410.202722398,600.56859,328374.235953,2.83644685283,10,
9802,507.284070848,702.29439,6798870.79602,10.6654746577,1.0,[M+NH4]+
7431,410.211278719,77.555286,809379.650412,9.51348922746,10,
7432,410.206554022,767.05626,68439416.214,5.26334405861,10,
7433,410.216428875,1298.87172,84872.6714698,8.25086883915,10,
7434,410.222265587,1055.41476,1004041.54094,9.28427495512,10,
7435,410.237285321,1306.81074,271589.358487,7.19987207514,10,
7436,410.242763374,754.9833,1096408.48799,3.44736780711,10,
7438,410.273532413,1400.95278,10648082.5398,3.61216179184,10,
7439,410.302163777,1237.99863,149469.005222,14.4892057946,10,
7440,410.346737097,1280.87736,271987.083401,5.62099247496,10,
7441,410.552340567,1047.4515,785031.443329,14.9000918627,10,
7442,410.641950869,429.610032,684565.753824,7.8340117524,2.0,[M+K]+
7443,410.700174863,291.535674,4177870.14794,4.89914395561,10,
7444,410.728327882,900.60813,151957.928455,9.19444962058,10,
7446,410.85703697,36.0377676,659684.697156,11.3510529474,10,
7447,410.886844651,1047.4515,430941.930301,3.8147724796,10,
7449,410.951626945,33.7670775,316072.607941,13.8751185544,10,
7450,411.012156667,33.8897949,2404797.30843,9.01745100179,10,
7451,411.061909114,181.158009,815109.239265,7.40781887279,1.0,[M+NH4]+
7453,411.143408073,429.551286,144999.155954,3.81531916982,10,
7454,411.161309348,975.00852,838548.5402,2.06791664172,10,
7456,411.178521374,221.101584,2149512.23789,8.25550713684,10,
11099,573.225500105,337.82169,2200574.63848,9.9040597374,2.0,[M+K]+
7465,411.222941844,600.24723,21096119.3486,3.27810911466,1.0,[M+H]+
7466,411.234145049,158.001657,1899927.43345,7.27271149797,10,
7467,411.326524363,1180.17993,414342.330676,6.73575763851,10,
7468,411.689354621,396.049086,3332476.14196,10.3947297245,10,
9315,485.781243589,765.30735,682982.990582,7.23672968526,1.0,[M+NH4]+
7470,411.737578385,816.38943,219487.140751,14.8856445768,10,
7471,411.762564574,727.26804,1486352.91084,12.7911254455,10,
7472,411.974813985,36.7922058,218032.371994,13.1638231135,10,
7473,412.110443629,54.1173372,419184.329914,7.24847438752,10,
7475,412.156808557,402.510918,1009784.82871,6.50413003601,10,
7476,412.171458722,1040.65017,1445224.46166,13.3639808819,10,
7479,412.187547193,353.394126,2039523.67027,3.84407488426,10,
7480,412.190291191,594.80109,2350932.74429,7.97977488558,10,
7486,412.231365307,764.98473,876796.530967,5.74430185726,10,
7488,412.377107378,1403.55837,771953.327388,1.12839562102,1.0,[M+H]+
7489,412.640239969,439.763163,124586.198884,6.44649754553,10,
7490,412.663419869,402.322332,874256.890625,4.4807359247,2.0,[M+K]+
7491,412.675821758,669.73332,314459.467383,12.979309723,10,
7494,412.71686154,36.0016302,91220.8882931,4.51334244128,10,
7497,412.861808142,31.8168822,2703008.73944,6.65028716874,10,
7499,412.996857467,38.1031308,1285139.04333,8.60058260055,10,
9607,499.005001358,30.8194605,647697.70578,14.9825872669,2.0,[M+Na]+
7501,413.140663977,456.345411,23940032.1128,8.40930492507,1.0,[M+NH4]+
7502,413.140843582,409.40802,216296.829331,3.90898893271,10,
7509,413.199371039,765.28596,898593.689622,8.59890254035,2.0,[M+K]+
7510,413.201950385,112.32336,147671.743714,5.57919574561,10,
7511,413.205996882,900.60813,457421.725229,10.4732015281,10,
7512,413.208824845,702.55386,390927.205251,6.78763807676,10,
7513,413.227992829,680.86044,26505358.3804,2.39702329025,10,
7984,429.233069467,600.89031,1363455.80284,13.8533955646,1.0,[M+H]+
9483,493.220205281,686.202,1163732.5331,8.69870418399,1.0,[M+H]+
7518,413.303149566,1380.75357,1866805.08492,3.04008294422,10,
7519,413.662424734,858.60639,593192.321403,6.7920039293,10,
7520,413.663930397,787.78092,621704.600127,10.3018210711,10,
7521,413.664028445,235.205094,163212.046811,11.7771199533,10,
7522,413.674746051,318.33,970371.252368,3.17343613626,10,
7523,413.699882939,113.505018,711148.048781,12.4086692277,10,
7524,413.691821674,59.476839,274162.503573,9.34379640002,10,
10088,521.718246914,730.92849,1588979.72489,5.65826045216,2.0,[M+K]+
7527,413.754575326,521.309562,7243286.40607,5.58467174139,10,
7531,414.029790133,181.158009,2104702.85359,4.22316568514,1.0,[M+NH4]+
7533,414.120279973,35.0114841,350999.766815,13.0414010115,10,
7537,414.161269758,311.387121,239939.053216,1.85619717471,10,
7540,414.187875893,835.13619,1800266.28858,6.24233173523,10,
7541,414.185916581,227.079474,441349.045587,11.3307696245,10,
7542,414.195989128,49.0476786,12193386.538,3.35242621757,10,
7543,414.201282664,578.123082,2103346.52509,11.6803220314,10,
7544,414.196179539,1057.29606,580220.530167,13.4169351033,10,
11591,601.85984557,915.70014,19313926.776,5.30770936785,2.0,[M+Na]+
7547,414.223117394,781.82697,130374.692501,8.41550313979,10,
7548,414.227231912,730.60494,12375452.1273,7.70075106491,10,
7551,414.233851852,221.176086,74618880.8196,6.66325585612,1.0,[M+H]+
7553,414.230362621,796.39302,220255.967874,12.0442342857,10,
7557,414.372290246,1240.02432,104899.008105,3.53817352538,10,
7558,414.429616338,1299.79374,7759501.85563,8.31091676111,1.0,[M+NH4]+
7560,414.613322023,123.47955,3951802.67758,10.1260289221,1.0,[M+H]+
7561,414.684502055,879.84384,195951.221269,11.9216480081,10,
7562,414.696457674,614.87865,4470750.26443,10.272652404,2.0,[M+Na]+
7564,414.713517069,442.201038,2430189.964,7.85219504043,10,
7565,414.728496594,731.15124,3200303.17172,3.0588730341,10,
7567,414.875149094,33.8426169,1324040.6315,11.2207522831,10,
7569,414.893061774,915.93306,1129790.78169,3.31272788416,10,
7571,414.953695205,28.8273579,2563884.00147,5.67941922039,10,
7572,415.016635438,30.7885719,1123212.14387,7.87462500559,10,
7573,415.041218863,117.586671,233676.121465,9.18519896288,10,
11542,599.1419141,123.47931,1581511.89569,11.0257005327,2.0,[M+K]+
7576,415.120467878,40.0661358,895317.487625,8.34623169069,10,
7577,415.127737277,463.888182,201283.116911,8.23575357867,10,
7578,415.130917153,403.857219,134259.484983,10.2088506505,10,
7579,415.132776503,609.1326,296589.822849,11.1858029368,10,
7580,415.149039354,111.413169,212804.108619,11.1058160032,10,
7582,415.162525371,1070.01039,574281.215901,13.4326225772,10,
7583,415.158023129,91.591476,146117.467286,8.18346754943,10,
7584,415.170285733,155.579304,572573.239361,10.4300725,10,
7585,415.186592756,421.370028,3830721.38633,5.97261186544,10,
7586,415.188334707,756.26292,787978.768359,1.86152655228,10,
7588,415.210053348,1143.47091,624247.520167,8.09457558968,1.0,[M+H]+
7589,415.209136175,754.1766,4157917.78306,3.38857340402,10,
7590,415.20813725,652.06872,417281.313633,1.58565566371,10,
7596,415.233082031,728.06118,34428722.5176,3.1345467324,10,
7597,415.233027035,688.78224,13472596.8754,7.79375048796,10,
7598,415.254385027,421.429401,46423540.4847,7.10099954357,10,
7600,415.254261004,466.851864,171201403.118,4.80207513415,10,
7603,415.286433603,1171.79808,114275.033249,6.79277410311,10,
7605,415.643067674,365.071887,200530.646883,12.5181172837,10,
7608,415.722040442,777.10227,3235703.88381,6.13251941214,10,
7609,415.954600158,28.7256528,1159374.62343,3.96004122007,10,
7611,416.086155607,36.4904871,231443.474493,11.5991834548,10,
7612,416.140219187,173.545599,1130054.68106,9.230577782,10,
7613,416.151214891,424.946088,682249.77499,6.31204068547,10,
12315,663.256775204,181.429974,985360.41316,8.78557729834,1.0,[M+NH4]+
7615,416.176250538,1389.55326,1019621.8286,5.04798109736,10,
7616,416.191854988,128.373522,8740718.89382,5.38248559199,10,
7617,416.184858369,656.90412,124302.733412,10.6263979054,10,
7618,416.180789687,374.526384,436490.230744,1.26616524914,10,
7619,416.201420994,100.224048,433159.523,9.32518490555,10,
7621,416.220401402,494.829684,9405423.88063,4.78842690272,10,
7622,416.220609874,478.034052,2960670.45044,9.78678585045,10,
7625,416.249476329,240.333717,20462407.4359,9.17432598139,10,
7626,416.249270169,105.148614,1348630.66313,10.7391239666,10,
7627,416.249512863,187.11801,54169610.4398,6.12674273112,10,
7628,416.249415565,276.458979,117321476.833,12.5268723257,10,
7630,416.258053697,327.65055,464695.608309,11.4288083231,10,
7631,416.258030273,313.321305,770497.486153,10.7313319171,10,
7633,416.258321917,466.374486,23351874.9982,7.76725821433,10,
7635,416.258223496,513.26619,3960876.76519,1.74049074748,10,
7636,416.258899365,364.61277,1321344.61186,6.6273537176,10,
7638,416.749129881,804.28422,833915.971321,6.81052941365,10,
7639,416.915582849,28.7756169,6597726.31856,9.80490593859,10,
11775,614.973511862,33.846207,564271.210461,11.5820640949,2.0,[M+Na]+
7643,417.004938072,958.12236,383440.555864,6.70984388787,10,
7646,417.124075525,181.265106,1226849.81217,9.12185251724,2.0,[M+K]+
13199,795.401792316,803.94186,3231546.43845,9.05361248841,1.0,[M+H]+
13259,811.396828769,613.43085,12180944.7732,4.08643410813,2.0,[M+K]+
7650,417.215883666,402.33927,1268926.41164,1.46918497179,10,
7651,417.216880449,149.717064,912314.436092,0.75624668209,10,
7652,417.238515504,918.78006,1460903.48632,5.30730438693,10,
7653,417.233526597,211.627023,4901486.43736,7.20958909295,10,
7656,417.233129931,156.747408,2677593.21914,4.85780239144,10,
7658,417.248773839,668.20281,6697574.95242,4.92603687997,10,
7659,417.252875194,276.458979,22401224.6466,12.2472707247,10,
7660,417.24461994,108.834552,11681356.4561,6.69394190145,10,
7664,417.269417635,63.236937,1992600.09081,12.3876128481,10,
7665,417.269881594,469.545855,227548329.47,3.86209541296,1.0,[M+H]+
10771,557.310719855,334.298748,722234.065831,11.6934569384,2.0,[M+Na]+
7670,417.737892224,766.60104,717633.599793,5.02993814325,10,
7676,418.072505379,334.299003,147725.876047,13.8544204926,10,
7677,418.06863988,962.50824,952329.168754,1.41544592384,10,
7678,418.16555123,335.789364,448974.466428,12.744472405,10,
7679,418.174495154,275.00601,17315548.4848,11.1522524351,1.0,[M+NH4]+
7680,418.167872347,469.937322,2193456.42569,8.21443953909,10,
7681,418.181030324,846.62814,206474.742759,12.0726154349,10,
7682,418.180910853,804.04332,165416.682277,6.70758840737,10,
7683,418.20753867,350.510694,16721233.1437,7.11248004187,1.0,[M+NH4]+
7684,418.207410852,397.018032,656831.126806,8.69555829729,10,
7685,418.218101129,532.904943,39480950.1905,2.77509965864,10,
7686,418.218700076,863.5152,241969.484691,14.4147070931,10,
7687,418.23750687,211.788771,474300.062817,12.2941130071,10,
7688,418.236373819,697.08648,1909808.02542,2.91526781291,10,
7689,418.237937395,309.212124,626203.814429,2.43375457068,10,
7691,418.265064692,129.101808,174309.059766,3.52028845162,10,
7695,418.696876977,371.292885,3346763.61303,8.39042149684,10,
7696,418.684027751,613.80672,111052.582375,4.90642423904,10,
7699,418.877133124,32.6948877,11779822.6753,7.47975607426,10,
7701,419.036749897,32.564487,1738526.6684,11.5223123555,10,
7704,419.158506943,42.1654269,1712658.33707,8.28835581357,10,
10022,518.27951727,547.557702,1811577.90006,1.47397092788,1.0,[M+NH4]+
7707,419.175008258,138.391299,552675.915107,8.36602357106,10,
7708,419.176431182,222.875706,1446440.9693,7.65656985136,10,
7711,419.203928859,641.59584,1353738.18648,5.86061131029,10,
7712,419.195012859,317.361564,3849442.11075,6.45485730355,10,
7713,419.228047835,506.028381,14570467.4522,13.6207264506,10,
7716,419.232216844,432.557028,903544.35832,9.38854309424,10,
10835,560.310528459,210.112584,527120.560026,12.0993913041,2.0,[M+Na]+
7720,419.249377263,409.246896,7275273.41246,3.66761935304,10,
7722,419.249132087,470.07993,31511581.5775,1.20319732674,10,
7723,419.249127116,434.58153,44678243.7231,3.7720693975,10,
7725,419.671029738,395.890089,5281015.86938,8.09857848409,10,
7726,419.691369131,764.66148,2221081.37641,9.66398899633,10,
7727,419.705793878,728.49621,664595.740062,14.2128715564,2.0,[M+K]+
7730,420.130071708,790.90596,689933.068597,0.523730092731,10,
7731,420.134566683,81.141294,871202.127069,7.65085920138,10,
7732,420.172410823,594.789531,1756284.43437,4.22520385991,10,
7734,420.186899106,410.051718,2896722.86226,9.97506572686,10,
7736,420.190108958,331.941,3154459.30686,11.8023774281,10,
7738,420.212218995,1395.07062,540359.99026,7.33214344015,10,
7739,420.212614558,1361.47554,138489.627271,7.5904914526,10,
7740,420.231555936,506.173566,3138064.49823,10.5696646633,10,
7741,420.234058073,330.319362,203283.774774,1.75115307672,10,
7742,420.252726761,434.420526,8608020.95166,4.93471856585,10,
7744,420.252657884,469.764294,5978233.28625,3.39774885602,10,
7745,420.258189502,1331.37735,294564.611656,10.534060634,10,
7746,420.259560395,747.39273,3835582.17497,6.94726320359,10,
7747,420.27728162,469.327416,626939.811193,6.32716214066,10,
7748,420.288970165,1423.91601,750387.396049,12.119868723,1.0,[M+NH4]+
7749,420.331055476,1331.61246,228288.851888,13.0037074657,10,
7750,420.354289788,1567.51134,231866.869542,8.52257466711,10,
7751,420.732390552,754.9833,2061046.01865,6.52646247576,10,
7752,420.761189832,747.2034,1761955.35521,3.39347165918,10,
7753,420.794760493,36.1547964,231206.827534,14.9117568474,10,
7754,420.811286203,35.8250493,554126.526542,7.75400508916,10,
7756,420.899371742,31.9779852,4931210.44378,6.35141650234,10,
7757,420.969256884,33.5229231,769893.438684,3.66053795948,10,
7760,421.131545559,34.2128868,1269658.27335,2.30876360314,10,
7761,421.148375055,404.232774,313721.709263,14.2948831116,10,
7762,421.14461609,465.006294,216976.8169,4.02941308119,10,
7766,421.23397156,754.98303,899026.205721,5.96506547632,10,
7767,421.231620973,1238.08659,9389714.89952,8.79179230198,2.0,[M+Na]+
7768,421.233096023,506.18343,265340.70614,6.68827651035,10,
7769,421.254563564,434.420526,1064351.50733,6.51372055096,10,
7771,421.341367246,971.48235,1066837.53073,10.445133873,10,
7772,421.33936369,1268.00322,2471305.70707,8.25221108382,10,
7773,421.653480799,391.613532,173634.90911,5.90303232644,10,
7774,421.730861749,338.483496,596116.152106,13.5555898564,10,
7776,422.101115946,192.554043,125671.66954,12.4621501943,10,
7778,422.158071628,485.72343,258031.505626,12.8077396809,10,
7779,422.190455552,526.064568,696859.510709,9.11237263181,10,
7781,422.190641903,813.08646,1244386.79349,3.7739040837,10,
7782,422.187135639,43.7341779,15171071.5926,6.05268080575,10,
10787,558.250927105,122.749308,2132282.81433,10.029461579,2.0,[M+K]+
7787,422.237254815,69.868152,378928.824402,14.6628458302,10,
7788,422.23891934,706.47942,5945963.07076,13.5797621057,10,
7789,422.244534331,408.651792,274666.654433,6.63823203783,10,
7790,422.257200372,343.58238,236128.562717,10.3271827353,10,
7793,422.359426621,1367.20467,235303.990875,3.60288963718,10,
7795,422.602514041,123.47931,10555041.5905,6.35313852942,2.0,[M+Na]+
7796,422.678401143,614.87865,4559118.23116,2.65443133852,10,
7797,422.745682885,36.0377676,234209.666386,3.60632821355,10,
7798,422.74706597,562.105212,587661.272292,7.8150947078,10,
11773,614.841778093,702.1329,17504393.1645,14.3132819832,2.0,[M+Na]+
11541,599.094309137,123.47955,826623.398496,14.0102255092,1.0,[M+H]+
7803,423.061618429,192.29007,405584.318981,9.21189175515,10,
7804,423.103655589,123.32268,2614235.83746,7.12941659478,10,
7806,423.16852675,421.210155,4644442.2791,7.79682888423,10,
9490,493.264629453,548.422761,41401717.6046,7.56438101692,1.0,[M+NH4]+
7808,423.187032805,765.94992,565815.6981,7.70312869984,10,
7811,423.19693918,386.495406,3530172.02233,8.01032891012,10,
7813,423.20574272,223.12215,1437100.53893,5.84341149959,10,
7814,423.205303148,181.625958,1223511.41368,1.27330402887,10,
7816,423.234176173,98.125014,33651300.4897,5.82945963304,10,
7817,423.234342037,1123.18755,3798414.94645,9.53626055046,10,
12032,634.320443518,798.36282,1191152.43681,5.6071263973,1.0,[M+NH4]+
7820,423.25902212,460.145991,6438739.20225,14.5599793471,10,
7823,423.429942617,1392.92877,387115.340181,14.4046249679,10,
7825,423.671836679,756.58668,245688.967759,7.93955612273,10,
7826,423.688256681,726.88389,813571.612964,6.29064817456,10,
7827,423.704235382,776.9412,1860577.08794,6.76967100699,2.0,[M+K]+
7828,423.701552741,717.46914,335109.10652,5.10994867187,10,
7829,423.719630262,635.56011,4133257.53992,9.03916650112,10,
7830,423.737492592,731.41416,197515.37443,14.5243051385,10,
7831,423.756686941,686.84748,2788658.72147,7.61438356877,10,
7832,424.140482115,336.339888,186813.940028,10.4453003015,10,
7833,424.147546258,421.849971,228668.48124,4.98103459703,10,
7834,424.155935945,480.563046,162377.359697,11.3824198498,10,
7835,424.168243637,295.143234,419721.108224,11.9236287399,10,
7836,424.170610745,385.409514,853932.456019,2.67675195798,10,
7837,424.190019465,726.88389,385407.072616,4.67959772745,10,
7838,424.181887262,248.131476,3159972.67965,6.77733616859,10,
7839,424.193116072,894.70554,1513757.61989,10.5487900963,10,
7841,424.206861919,494.032308,530395.85798,4.22852656067,10,
7843,424.218252135,46.5097788,2292868.56355,3.53927194698,10,
7845,424.24903157,736.30764,1267233.94613,6.68983459892,10,
7846,424.253304188,1383.39306,763797.241142,13.660496183,10,
7847,424.262219138,1359.53925,1432300.73877,5.58479011806,1.0,[M+NH4]+
7848,424.295523995,988.30848,294190.547726,13.4230155272,10,
7849,424.309074584,1418.23782,1587594.49664,6.92524042601,10,
7850,424.362386144,1310.6595,292987.162099,7.88501967602,10,
7851,424.705193639,772.25442,13707870.1566,4.51076406028,2.0,[M+H+K]2+
9957,514.874658035,34.2087303,2959764.4264,8.67628282266,1.0,[M+NH4]+
7857,425.165729361,982.76868,2601010.18728,7.94811059768,10,
7858,425.162515811,1263.98616,70871.0902063,10.7017945097,10,
7860,425.184491118,411.270597,7706774.95858,5.52021080365,10,
7861,425.199744369,110.585646,960447.699572,5.46372349602,10,
7862,425.201169285,527.193948,4982872.22618,3.17692601077,10,
7863,425.196512607,894.65904,243939.742948,14.7743963728,10,
7864,425.198398025,299.22336,2428952.36329,7.60917268765,10,
7865,425.206595666,772.25442,6238880.92253,8.02776514562,10,
7866,425.213559632,1272.7947,4173669.58982,6.49133756288,10,
7867,425.228616621,836.75424,688826.024442,6.61551685654,10,
7868,425.227658243,1059.64314,676254.166125,4.24076964896,10,
7869,425.208287215,302.260989,17701560.5403,9.22017089191,10,
9170,478.203616299,343.767498,200145.809613,10.8519960412,2.0,[M+K]+
7872,425.260843729,1292.45412,185266.850256,13.9223161417,10,
7873,425.274797956,633.48198,9284109.02142,8.60392691672,10,
7875,425.562077787,1059.6663,339302.389473,4.38862587996,10,
7877,425.697719873,287.373048,781736.860721,8.73247919975,10,
7878,425.692914475,357.117636,409847.60245,11.5273231508,10,
7880,425.708113774,772.09353,1584498.10533,9.77896792034,10,
7882,425.71793419,339.888753,7589355.90757,7.08010447501,10,
7883,425.730119843,836.51277,242158.251835,6.59118973435,10,
7884,425.720204462,766.60104,636946.241307,14.2701582524,10,
7885,425.751748974,918.78006,1671059.47974,5.46479964253,10,
7886,425.790689782,756.27492,4721832.37245,7.25247384794,10,
7888,426.055081932,1162.99668,1454400.94194,10.3223264354,10,
7890,426.079539171,181.537254,523231.452706,6.68256282834,10,
11195,578.272455006,1046.37669,793689.251225,7.34332880617,1.0,[M+NH4]+
7892,426.172057218,329.139939,17499139.8697,7.43923164958,10,
7894,426.201147917,863.41344,557503.26814,1.92939330452,10,
7896,426.20533096,62.907288,408820.113209,8.5489369356,10,
7897,426.206511019,142.17768,279938.237251,9.30300015192,10,
7898,426.232299243,603.6198,262742.013567,9.2483178566,10,
13375,851.464254366,811.38543,1282143.54294,8.99460825338,1.0,[M+NH4]+
7901,426.260295893,1072.51014,1606607.48339,7.56066857656,10,
7903,426.362358995,1419.78972,504009.872586,6.70290802375,10,
7904,426.448883707,1409.45949,337102.840134,7.44070184174,10,
7905,426.673657391,329.139939,6721868.62884,7.46229148917,10,
8297,440.678309683,371.292885,2108160.63183,6.44951813922,1.0,[M+H]+
7910,426.916333104,32.7263982,443899.781425,10.4519077734,10,
7912,427.031714844,948.2172,772630.014298,3.72790757735,10,
8426,445.16036145,548.744382,992056.060685,8.46227486621,1.0,[M+H]+
7918,427.158573306,222.720462,1436485.09217,4.5422110106,10,
7919,427.167827641,250.57566,1750709.3169,14.3136505124,10,
7920,427.16786827,344.384754,4395413.99828,8.11582821868,10,
7922,427.182420312,1046.33337,157101.812551,13.6868551647,10,
7923,427.181514342,981.3879,66227539.7134,6.90129941263,10,
7924,427.180658976,371.52345,1149688.02833,8.99941716894,10,
7926,427.270981779,1402.60848,1286918.04923,5.88407957554,10,
7927,427.290573348,586.947093,31873104.7737,13.1527307181,10,
7928,427.388667033,1319.8626,1278197.63754,6.58087226952,1.0,[M+NH4]+
7929,427.681525364,371.042268,275055.924995,12.883925318,10,
7930,427.739103673,637.44486,2584246.48989,2.82023424775,10,
7931,427.75737848,555.004764,25566209.6236,6.99460913107,10,
7932,427.757469651,536.262072,4097676.11558,8.76329822623,10,
7933,427.770151205,616.80543,13609668.5786,9.79060610111,10,
7935,428.0494337,662.39124,124494.148395,13.550525318,10,
7937,428.107631504,814.5132,180310.669353,10.8106915593,10,
7938,428.113103113,224.65734,336633.909817,1.23932687517,10,
7939,428.141310055,317.942868,328108.265987,9.2593995311,10,
7941,428.16665885,1053.25728,290508.968469,5.84647671089,10,
7942,428.156663229,132.015558,868406.411113,8.85149889525,10,
7946,428.180067997,284.668974,6474451.67455,5.23828088517,10,
7947,428.212498592,477.669738,637484.360767,10.1190288152,10,
7948,428.209799755,408.73653,571985.554349,9.2472129965,10,
7949,428.20481118,918.35394,504605.997874,3.58203537562,10,
7951,428.229480746,918.7506,3890255.97786,7.46353904802,10,
7952,428.249489359,227.40009,59768159.095,5.92090063766,10,
8213,436.773962401,938.59116,319841.430283,8.67858893907,1.0,[M+NH4]+
7955,428.263335729,785.64414,473640.654146,8.02023531056,10,
7956,428.287664091,1436.59845,1095578.59961,9.22061043195,10,
7959,428.351193894,1408.80195,1210689.82609,5.0624756918,1.0,[M+NH4]+
7960,428.391935242,1319.97732,245776.481029,3.38620081613,10,
7961,428.445330404,1312.3146,589503.036641,8.1093676101,1.0,[M+NH4]+
7962,428.661796814,613.80672,135602.491692,11.9888653368,10,
7963,428.715020328,755.14497,1012084.97068,7.76310144515,10,
7964,428.71848577,470.021418,16097721.8033,9.17067938554,10,
7967,428.897951187,29.1388278,1345664.3247,5.76341474641,10,
7968,428.911057446,31.9779852,1018613.72777,8.93504265852,10,
7970,429.047099799,906.054,880788.082322,5.0186666195,10,
7973,429.136451745,118.232109,1492381.66923,7.74329501392,10,
7974,429.147286647,68.879652,1137617.70701,7.74335529196,10,
7975,429.14641011,1296.94632,477467.273676,5.26838417104,10,
7977,429.17221284,840.79677,1334772.73782,7.59472721499,10,
7978,429.176142405,691.00506,2698444.78474,8.19058676442,2.0,[M+K]+
7982,429.216959046,423.52944,3578811.85398,61.326181581,10,
7985,429.23029917,147.499746,287517.354603,13.7346916046,10,
7986,429.253420441,417.664536,2567525.3313,5.99236886024,10,
10209,529.213188351,264.945039,66262183.602,10.163767204,2.0,[M+K]+
10864,561.286955605,380.512641,2200644.26251,8.26648104853,1.0,[M+NH4]+
10081,521.278466442,424.198152,367216.932635,12.5122855521,2.0,[M+K]+
7990,429.269959933,524.784501,170166522.21,12.8499555857,10,
7991,429.306328356,607.80186,7789595.13493,8.02190184782,10,
8413,444.422856378,1373.10216,876970.612159,12.8561447112,1.0,[M+H]+
7994,429.44859139,1312.15386,136304.566646,9.45251681324,10,
7995,429.660642616,264.799854,763078.521489,10.477947423,10,
7997,429.720599822,790.25106,517246.700811,4.17993473852,10,
13398,858.469952454,882.79602,6926942.26024,7.58286099189,1.0,[M+H]+
8000,429.736798576,439.573533,33616676.814,4.98382839686,10,
9469,492.771386678,692.93763,4290838.1144,8.8956261299,1.0,[M+NH4]+
8004,430.059944657,106.244136,245068.155681,13.4992698666,10,
8005,430.121054072,50.8448862,292269.183406,3.13056976992,10,
8006,430.167427607,221.900964,936703.447688,8.74610825086,10,
9816,508.239440559,418.643601,6008265.67942,5.69091075099,1.0,[M+NH4]+
8008,430.211894075,152.93694,143481.971921,13.9686308535,10,
8009,430.222149079,86.820468,2224208.39871,4.78738800703,10,
11582,601.268477129,535.223637,5306090.32417,3.65759459225,2.0,[M+Na]+
8011,430.242452918,1397.11581,13550249.2226,3.93830089305,10,
8012,430.258776842,963.24303,1157356.34857,5.24850182647,10,
11906,623.323500621,263.513724,3076821.35781,13.0044566549,1.0,[M+NH4]+
8015,430.255107059,227.23695,1438175.68374,6.70625982337,10,
8018,430.301428549,70.832088,400332.093309,10.1825657313,10,
8020,430.367027128,1374.57462,180003.160279,13.994901086,10,
8021,430.650430358,421.210155,814459.544611,10.6143553087,10,
8022,430.690094933,170.340411,978722.877413,11.8058739338,10,
8023,430.708110062,67.345629,924829.276333,8.65244444956,10,
8025,430.739522223,552.415116,24468762.2575,9.79404785823,10,
8028,430.931161396,28.8273579,2464802.2896,12.1970052457,10,
8030,431.087427177,123.63618,3117275.06165,7.59701264735,10,
8031,431.111112362,343.26219,2722879.60137,9.6109952387,10,
8032,431.128036723,328.067868,170300.321083,3.89613526109,10,
8033,431.13043525,1016.163,330282.951016,12.2689330701,10,
8034,431.140003838,133.29552,44034662.1191,11.3542229896,1.0,[M+H]+
8500,448.216723119,1049.98644,436854.471387,5.15433976152,1.0,[M+NH4]+
8041,431.212181358,45.2197083,1292356.89707,4.33207271668,10,
8042,431.212886089,1070.9817,34693404.217,6.09616148158,10,
8044,431.228007435,557.851458,3362919.76624,14.6548594168,10,
8045,431.224184446,942.1146,288345.950924,9.28354414644,10,
8047,431.244328361,710.35569,6822349.39293,4.57252393999,10,
8048,431.23351738,215.730222,718002.483055,8.67022489938,10,
10358,536.343285996,776.45604,11780219.2341,4.94344536052,1.0,[M+NH4]+
10098,522.291234836,415.974897,2686179.44109,8.75761615626,1.0,[M+H]+
8052,431.264434255,712.77126,3561703.27058,11.2786025861,10,
8053,431.269181553,51.234528,6671779.92013,4.86046047673,10,
8054,431.285525143,468.913239,210724788.498,6.07069017331,10,
8055,431.324141842,1310.70078,169878.714362,9.83130964205,10,
8057,431.391732115,1221.8907,587924.513982,12.8895543711,10,
8058,431.65527607,421.220406,187550.563481,9.91649249492,10,
8060,431.71617226,157.15605,429624.234638,14.6714675674,10,
8061,431.745840784,710.35569,3063653.29453,6.88553136672,10,
8062,431.754341842,787.13478,4279409.9143,7.73582899901,1.0,[M+H]+
8064,432.136303901,103.550706,588438.727029,14.113122898,1.0,[M+NH4]+
8066,432.175988632,619.15434,124574.192438,5.2686548724,10,
8067,432.187041965,114.478392,938271.734618,2.33274197079,10,
8069,432.211507264,357.65373,477054.377317,25.8852927588,10,
8070,432.221069264,39.284898,39945123.5482,5.953515044,10,
8074,432.247474443,710.51658,724455.684921,7.26581521813,10,
8075,432.258932654,994.40778,40737467.7047,7.45004581016,10,
8076,432.258897964,1018.54737,19770923.1958,12.0229515981,10,
8078,432.278103707,423.449037,328611.070952,7.56237879396,10,
11064,571.329889132,1034.42376,305323.167852,6.88352400468,2.0,[M+Na]+
8083,432.298521857,1408.93626,360349.750623,2.12907598986,10,
8084,432.774639276,36.1547964,583949.335665,10.5437672863,10,
8086,432.942777775,33.8862048,193183.871887,13.927037211,10,
8087,433.081058635,50.9186598,369940.355197,6.67854994893,10,
8088,433.103654375,1255.39827,426838.312921,4.30077965129,10,
10581,548.26666456,246.044466,4019309.87795,9.194776862,1.0,[M+NH4]+
8091,433.162495737,34.2128868,506609.412007,12.4752375873,10,
9412,490.210811594,664.01766,25788511.0258,10.0452174639,1.0,[M+NH4]+
8093,433.168577331,338.02299,738310.798737,10.5389927766,10,
8094,433.189537455,665.95518,11586489.8828,10.5452064344,10,
10541,546.252513305,120.392244,1072986.08218,7.13518088304,1.0,[M+NH4]+
8100,433.198536392,634.57674,296547.097339,14.5600648582,10,
8101,433.209563211,1184.24538,928940.470691,4.95889002505,10,
8104,433.226054964,694.71225,202848.351919,12.7101062668,10,
8107,433.254058292,409.890402,582073.111207,4.14322298719,10,
8109,433.243625152,460.94142,60490711.1568,7.90755308946,2.0,[M+Na]+
8110,433.248321515,346.300764,1137309.49324,6.73173717017,10,
8111,433.245746651,988.7478,409589.611264,8.03415078659,10,
8112,433.264729244,264.944724,3464746.23588,7.66431317078,1.0,[M+H]+
8113,433.264773077,394.460211,31708626.3135,6.12679335258,10,
8114,433.264588894,145.555806,518412.656112,10.7982590121,10,
8115,433.261900576,994.40778,9856582.54035,12.6997389393,10,
8116,433.264679002,289.18611,3716006.74743,8.75307340377,10,
8118,433.2840018,87.787776,170201.531771,11.998263374,10,
8119,433.301334417,104.501391,2223813.85966,13.1345288271,10,
8120,433.686824066,442.387668,1213183.53372,5.82017339473,10,
8122,433.721135577,440.992575,9467471.25465,14.919492454,10,
8815,462.032443954,113.942988,246072.608533,7.4118363493,1.0,[M+H]+
8124,434.125655104,401.37315,192697.365897,7.92470434225,10,
8126,434.138932377,402.322332,249198.928596,5.80792116954,10,
8127,434.166060611,64.813812,16654441.3638,8.24081606153,10,
8128,434.161166771,371.202201,847847.556837,5.59692827293,10,
8129,434.165146341,664.00584,177023.171189,14.3595969356,10,
8134,434.21409902,764.9868,1782218.08365,4.9900911731,10,
8136,434.237405572,1273.4736,262196.472103,5.81147746385,10,
8137,434.238744804,109.775796,193994.995584,3.97918486828,10,
8138,434.246287303,845.64555,1530165.06181,4.19514032971,10,
8140,434.250041128,346.978002,165569.101462,14.0566320059,10,
8141,434.273564975,842.7009,153524.593327,12.1171637192,10,
8143,434.29366983,468.694176,616007.005601,1.89425092567,10,
11248,580.83620336,658.51026,7224151.5146,11.3830739458,2.0,[M+Na]+
8149,434.852472479,32.7263982,4562389.03298,8.1424529105,10,
8150,435.014037172,32.6137989,3666924.28459,8.2485854771,10,
8152,435.146210574,258.088725,227254.215566,13.0757807314,10,
8153,435.150096025,648.88461,9438625.99077,5.6784181252,1.0,[M+H]+
8313,441.19724166,104.326482,3919527.77447,6.56822831275,1.0,[M+NH4]+
8155,435.164549313,51.5790228,397975.346512,13.0848012945,10,
8157,435.18999616,307.355808,4886134.10192,7.36319875809,10,
8158,435.187374393,323.55012,120909.152572,13.5269400891,10,
8159,435.207997677,975.9123,428301.848628,11.1089108104,10,
8160,435.206199974,280.657548,529084.423664,6.50301523488,10,
10178,527.254844671,44.6863902,15532852.9338,4.12116941133,1.0,[M+H]+
8162,435.218704922,61.690272,7859761.24343,1.74627729923,1.0,[M+H]+
8163,435.228676529,1331.53746,290216.091717,13.7329406125,10,
11972,630.268495978,383.488014,698055.30216,8.12009828432,2.0,[M+K]+
8891,465.233621342,528.296814,7310338.20138,3.56713742289,1.0,[M+H]+
8167,435.227333767,202.97745,7823720.29878,5.62137258005,1.0,[M+NH4]+
8168,435.239213169,406.805406,91698606.2726,6.8388208566,10,
8169,435.239051634,390.668148,127608403.191,6.99708467871,10,
8170,435.249477589,845.81925,320294.212533,8.02013440433,10,
8172,435.266941804,680.16165,2679386.91835,5.8326122515,10,
9986,516.284769614,450.904725,712745.251746,11.6965202671,1.0,[M+NH4]+
8175,435.270022298,394.9344,654836.491427,6.19156248245,10,
8179,435.718714789,325.915629,3358969.05785,10.5961486202,1.0,[M+H]+
8180,435.740634704,390.668148,57514425.0603,7.61309934387,10,
8329,441.773199387,686.4957,1482048.14758,5.69690618919,1.0,[M+NH4]+
8184,436.138224414,395.730402,479012.052818,6.17863015028,10,
10091,522.201812363,42.1654269,26094596.8932,10.3235847948,2.0,[M+Na]+
8188,436.185253272,213.020076,4555419.94164,13.0313113725,10,
8198,436.229651911,734.89407,4986326.63524,10.4810390071,2.0,[M+Na]+
8199,436.23818065,687.49248,1906594.96277,9.01440984807,10,
8200,436.229692395,776.92038,106862.55821,13.8635538368,10,
8202,436.246906942,486.494745,90819572.1265,7.7554897771,10,
8205,436.247055705,773.22285,134958.778284,14.5946920783,10,
8206,436.377555639,1444.71084,3627136.24868,2.69569594955,1.0,[M+NH4]+
8210,436.739484483,687.43188,411613.886042,7.29590481352,10,
8214,436.768794319,36.0828285,221832.810376,8.36554069885,10,
10637,550.236575412,406.831275,710113.637518,8.38919079152,1.0,[M+NH4]+
8219,437.201827898,897.46482,175044.712397,7.67898976827,10,
8220,437.213402651,97.169262,2815584.30016,8.51354059166,10,
9479,493.186808086,995.20239,156504963.966,5.73132690392,2.0,[M+K]+
8224,437.213609953,130.311651,206605.675937,8.49385501963,10,
8236,437.70645292,755.6418,754898.202049,6.09405913992,10,
8237,437.728237099,811.01754,231052.546541,6.15460736867,10,
8238,437.736314748,830.28705,692767.818455,10.0293499299,10,
8240,438.143266892,43.994532,2845330.09652,3.23066688886,10,
8243,438.182497975,40.4671308,483895.97968,10.6036693451,10,
8244,438.196062542,1143.58158,778186.851995,8.99000150093,10,
8245,438.203211804,1370.74266,312696.638513,13.753706068,10,
8246,438.217298205,994.72623,6371357.23207,9.74981768228,10,
8249,438.231638789,448.897536,409592.231413,4.63605629454,10,
8250,438.244880103,744.16701,585327.955518,7.38196888238,10,
8253,438.333369055,1380.41841,665792.38292,9.89504342312,10,
8254,438.605980864,181.158009,2802938.60554,7.75384298868,10,
13442,876.344105948,96.229038,8953288.71171,7.18606720769,1.0,[M+H]+
8256,438.722692841,522.272694,194879.986342,14.722990594,10,
8257,438.718020509,53.48622,2175058.50921,12.0323371761,10,
8258,438.746257318,357.225132,3363402.34319,7.30565080011,10,
8260,438.871949121,32.2483944,500711.028731,7.18996431051,10,
8261,439.022327944,320.915376,312266.663838,10.1642994801,10,
8262,439.056494214,181.31601,2306016.12304,7.0888995994,10,
10333,535.130970453,905.35125,1270814.40783,5.4158941214,1.0,[M+H]+
10034,519.147871256,73.12284,2396647.82075,12.0111664009,1.0,[M+NH4]+
8266,439.128216581,38.381151,1079049.61404,14.0731204936,10,
8268,439.13102024,416.815524,245071.264635,6.48808859866,10,
8269,439.164233301,37.8765741,421711.855278,9.8359932522,10,
8270,439.167675184,458.179908,403420.910288,6.98180558352,10,
8271,439.179285704,369.398256,733269.612996,1.49272214849,10,
8272,439.181065667,523.148076,168151.034054,9.98863695561,10,
8273,439.210676946,59.9405901,473190.703702,10.8275632487,10,
8274,439.208569538,1142.45232,226216.544094,13.0282797608,10,
8278,439.251892748,938.59116,1143273.36309,3.79809322114,10,
8279,439.253104971,158.930502,2404181.90402,14.4203653157,10,
8280,439.245147883,597.335466,718601.587644,2.05126592372,10,
8281,439.288138331,806.1093,347470.698852,1.57991383527,10,
8283,439.344424433,1398.21057,1043089.77409,9.5657603384,1.0,[M+H]+
8284,439.72497146,889.94205,439850.932313,11.7514161182,2.0,[M+K]+
11314,585.80155007,746.58627,2514959.32993,9.20860153977,2.0,[M+Na]+
8287,440.071701422,149.717064,471813.529654,1.58036809089,10,
8289,440.158845647,966.84606,146726.86402,8.50328134519,10,
8291,440.194039592,763.04673,1683168.9716,6.93015420394,1.0,[M+H]+
8292,440.199197355,66.738522,2138927.39924,4.79097194801,10,
8293,440.227067383,890.46396,166182.299034,8.37529635211,10,
9491,493.272079997,692.93763,1292592.95832,10.3774427319,1.0,[M+NH4]+
8298,440.715599455,36.1498368,139180.615816,6.04399539785,10,
10677,552.750902506,692.13225,9911119.88064,7.8633945534,1.0,[M+NH4]+
8301,440.765192379,673.00806,6397153.43738,10.7931804165,10,
8302,440.759812832,770.81328,560990.184363,9.01739050881,10,
8305,441.031288462,33.5707311,3640459.83957,7.78548534258,10,
8306,441.068985308,594.949593,26462095.3268,3.53291596123,10,
8307,441.14637462,98.586354,2785335.19332,6.89188838677,10,
8308,441.157826532,222.788496,1010222.65429,9.73910274151,10,
8309,441.179381169,446.430039,26847245.4925,14.9327585348,10,
8310,441.177391416,62.31927,646109.074684,1.40604284227,10,
8311,441.178964545,370.94001,653935.33221,13.926929359,10,
11342,587.28548813,280.33548,781067.247006,7.60049375998,1.0,[M+NH4]+
8314,441.197218038,763.02114,252475.670808,8.93829281474,10,
8317,441.212961988,790.3671,509388.791925,8.35740147603,10,
8319,441.233636228,692.29275,2525789.35135,6.58339175273,10,
8320,441.243383766,39.0278388,2637275.83881,8.84466208999,10,
8322,441.296423707,1428.98382,783848620.378,11.9163104059,10,
8323,441.306112942,676.5159,375269855.364,4.71103498727,10,
8324,441.306183183,657.25179,186105532.35,6.27359206624,10,
8325,441.317349256,804.58899,444994.820742,13.8227619228,10,
8327,441.71522613,68.460345,2961055.17464,5.82600182576,10,
8328,441.736650608,671.4108,4332659.2133,6.31446091356,10,
8330,441.785656704,747.71541,885730.014323,6.83355834802,10,
8332,442.070425973,594.777972,6224984.96228,3.47153515929,10,
8335,442.1932101,292.677852,581763.395261,7.20708211928,10,
9942,514.210339514,1361.14806,597455.163502,12.5404410671,1.0,[M+H]+
8341,442.240241893,257.928843,2933186.84772,5.94880389378,10,
8342,442.264295939,254.260842,5550805.43152,6.77001006285,10,
10530,545.307275423,820.27035,204769.503176,11.0415085799,1.0,[M+NH4]+
8346,442.265077669,350.350194,46939251.4233,6.14932931425,10,
8348,442.278773082,886.26906,231187.493003,9.37460853168,10,
8349,442.286911356,747.85038,384952.997746,9.25150891513,10,
8351,442.309771414,666.75831,35994307.213,4.13413718602,10,
8353,442.367250373,1390.7688,200616.729903,12.2310041881,10,
8354,442.461044148,1323.54948,422277.294708,14.7048266528,10,
8355,442.714217367,754.96956,1180530.73855,4.7389001082,10,
8356,442.745437388,787.13409,8595495.19999,6.54442777691,10,
8357,442.744455733,444.292164,4414150.59373,8.99560896916,10,
8358,442.762711986,584.607186,87952901.2227,12.5922547439,10,
8359,442.803302305,36.1547964,1082465.07837,7.87415646187,10,
8360,442.864699596,33.7670775,1225372.53958,6.5263551732,10,
8361,442.877504164,29.140545,18272329.6648,4.18031358088,10,
8364,443.180401057,206.549202,172866.628193,6.86940989751,10,
8367,443.199171424,1361.15412,95597.8973208,14.5799184015,10,
8368,443.210240821,107.54967,1743628.12053,7.01411303398,10,
8370,443.223522966,408.793518,566853.869187,3.63459781972,10,
8374,443.249780173,68.246589,462214.309346,14.3478309224,10,
8376,443.264217689,584.70921,39262130.4961,9.13967164254,10,
8377,443.264213583,567.22608,8584338.04298,4.49966512054,10,
8379,443.267992732,254.355546,1069865.82758,8.08146295979,10,
8380,443.276623706,726.94638,461576.553103,14.2294349841,10,
8382,443.296538775,50.5293858,347253.393365,13.0303122967,10,
8383,443.305101086,94.484418,481755.383914,1.61405228195,10,
8385,443.394531577,1372.98438,450865.169102,11.4704478187,10,
8387,443.723567119,483.610056,29052574.7995,7.45935545979,10,
8388,443.723440588,464.143296,7197996.60408,11.5434098341,10,
8389,443.765536495,584.671416,11206643.8889,12.0472785572,10,
8394,444.180272821,772.25442,3046064.6954,7.34439383342,10,
8395,444.198420632,856.50144,170371.780654,14.0946728411,10,
10264,531.312816334,309.689112,531333.612722,2.48350001393,1.0,[M+NH4]+
8399,444.228879813,734.37642,94232.3583048,12.8695963752,10,
8401,444.244453465,103.867455,15959671.3711,9.80401674308,10,
8404,444.255770151,46.473399,8711410.01696,2.28335381066,10,
8405,444.258837566,1068.76815,5606764.68414,11.8231735287,10,
8406,444.264473866,904.53096,318667.208501,8.6487820584,10,
8409,444.269406673,350.510694,1206388.95898,12.890613012,10,
8410,444.289919544,478.267926,2307028.56056,11.1466043482,10,
8411,444.293049318,153.893634,600286.962352,14.0701647124,10,
8415,444.698465701,309.689112,99597.3190519,6.56927193746,10,
8418,444.73086398,385.711638,1715384.73393,9.83709127648,10,
8419,444.800484669,36.2476971,803002.211951,7.73063191003,10,
10480,542.977354842,30.8957634,1003878.7439,4.99830105676,2.0,[M+Na]+
8423,444.99094267,968.577,98665.221302,7.93518930776,10,
8424,445.014188753,955.69602,906828.234235,5.11271593718,10,
8425,445.079373055,549.733707,121136.272132,8.66820026931,10,
8428,445.190448308,99.724203,296112.578401,8.2105909924,2.0,[M+K]+
8429,445.18848142,38.6870514,3515104.12447,9.15156824089,10,
8430,445.181565103,418.741896,133308.755768,7.65934106573,10,
8433,445.204248815,342.16338,178671.201283,3.62650312556,10,
8437,445.248702622,43.7035533,1170343.8838,11.5608253168,10,
12403,675.311556078,511.97931,1858363.46883,3.97694051244,1.0,[M+H]+
9222,481.315013294,737.71146,1036051.49706,10.2891839124,1.0,[M+H]+
8441,445.295895659,97.98192,1303505.74626,6.94301352273,10,
8443,445.750653543,786.97266,793737.13938,10.796404833,10,
8444,446.0374475,106.244136,584028.181543,12.5768684441,10,
8447,446.195127945,1359.86838,865789.765245,3.16320226846,10,
8450,446.212039479,811.2969,98151.6533899,12.4434076193,10,
8451,446.223874953,963.34194,542610.031607,5.78834415387,10,
8452,446.231789308,613.48398,338305.162335,13.9051276501,10,
11889,622.281504783,325.103625,698908.035212,8.01720287216,1.0,[M+H]+
8455,446.259962849,61.668276,47891222.3172,5.84295557398,10,
8459,446.258092411,644.14134,942638.013909,2.74344534888,10,
8460,446.286617569,446.516166,318710.67002,6.05545513875,10,
8461,446.594865471,181.27179,8202657.40934,9.38928462196,10,
8462,446.687280822,772.41597,828850.322478,7.58567174265,10,
8463,446.696024462,291.019806,402509.221092,6.28018850223,10,
8465,446.815065859,35.8250493,390817.951173,14.6364429491,10,
8466,446.826084075,33.8897949,1851308.38204,9.96813360123,10,
8468,446.978125853,35.4541149,249259.911821,6.53197606881,10,
8470,447.026878441,97.501539,1530696.88211,7.86240430108,10,
8471,447.024680914,34.5279249,818029.438323,10.3457971222,10,
8472,447.042891883,32.0578176,226697.313797,13.282629719,10,
8475,447.134597562,187.606449,851176.006082,6.27809339134,10,
8476,447.134968866,114.957672,347953.099349,12.9628633196,10,
8479,447.197516272,256.176834,805509.243716,7.90785221026,10,
8480,447.211979367,402.482772,305786.9954,12.3325058463,10,
8481,447.21224359,825.44172,146046.208129,8.68343478274,10,
8485,447.245521341,212.053326,748623.248288,6.47306763924,10,
8487,447.280432261,361.875075,1545754.92039,8.31174635101,10,
8489,447.422615995,1208.5347,180404.392938,9.80253253584,10,
8490,447.739478511,486.628422,1000575.38998,8.58484655246,10,
8491,447.754854442,567.361272,11678713.4231,3.48398964983,10,
8492,447.764898295,938.6271,1311798.61007,9.79461726953,10,
8495,448.136164921,299.665374,1767858.9023,8.42674151182,10,
8496,448.156747117,864.9165,342473.910388,13.0581233958,10,
8499,448.212547876,692.4543,13253261.0859,7.19234574213,10,
8501,448.224899213,786.32616,423726.41425,13.7463082563,10,
8502,448.219929064,842.7753,176156.85492,14.7891734554,10,
11238,580.295178705,1190.40807,2934786.76555,7.56648462578,2.0,[M+Na]+
8506,448.251530132,590.949588,460621.786297,14.0611021952,10,
8507,448.258084026,462.850992,216477.484948,10.4032371115,10,
8509,448.26565122,154.845624,988442.70281,7.23329251246,10,
8874,464.299864766,1390.92822,288951.100494,6.66643052933,2.0,[M+K]+
9806,507.74925906,790.49004,4096576.82194,7.57112763757,1.0,[M+NH4]+
8515,448.708312111,360.916629,3778352.63475,12.3113052833,10,
8516,448.72727152,830.44779,559359.241159,13.41944921,10,
8517,448.7319188,44.6500542,426660.066892,13.2333908791,10,
8520,448.894606318,31.9779852,1008414.15397,11.607170134,10,
8521,449.140351681,879.52344,1538689.53162,6.70505981002,10,
8522,449.147945904,1229.9706,467356.880307,8.16956896819,10,
8524,449.176281831,525.104316,631071.385778,5.99190308036,10,
8525,449.213574401,882.63552,1957131.96978,14.8133495664,10,
8528,449.238716014,630.58788,7233671.19197,12.8721066839,10,
8530,449.258167575,352.436874,1065440.44397,10.2642626724,10,
8532,449.359143606,1453.1331,34962412.1571,4.84119508056,10,
8534,449.714963513,882.79602,422288.248821,11.526535126,10,
8535,449.752397682,626.30973,15117161.5823,11.0256379128,10,
8536,449.778143974,740.29464,7012164.93188,9.23006210023,10,
8538,450.144100017,879.54975,244279.433903,11.9996143353,10,
8540,450.160897936,180.992334,719439.784395,12.2827317001,10,
8542,450.179832387,423.927783,202888.571567,8.52044731276,10,
8545,450.200719934,46.9719546,15332725.1092,3.09333669037,10,
8546,450.2040374,791.65422,1058468.88884,4.03164321362,2.0,[M+Na]+
8548,450.242500127,938.59116,2997051.89417,8.73833318269,10,
8549,450.254289506,626.1489,6250542.80938,9.70583376261,1.0,[M+NH4]+
8550,450.24220139,358.203642,1048210.84964,5.84788411894,10,
8551,450.273861068,957.11646,1013069.39562,5.15790125066,10,
8552,450.280015768,230.654406,6224263.72217,7.32947672588,10,
8553,450.279734934,740.13348,3630590.88065,8.74934689874,10,
8556,450.356671575,1397.4288,54188103.2314,6.70929489624,10,
8558,450.4082796,1497.59934,116407.44186,9.03657818402,10,
8560,450.635438492,425.909157,470807.777561,13.0009342214,2.0,[M+K]+
8562,450.74425846,938.6271,1246945.05146,7.61185591698,10,
8563,450.744467966,36.1118709,248750.882761,11.9981394744,10,
8564,450.755189707,626.22834,1904562.8866,7.13931049562,10,
8565,450.781086544,740.81814,971404.343429,10.4074929476,10,
8566,450.827087895,32.8519149,720175.10329,3.97386148806,1.0,[M+NH4]+
8568,450.990593784,32.6137989,2237849.04678,7.59355913594,10,
8569,451.031368267,955.55448,1366491.45741,7.31867882534,2.0,[M+K]+
8570,451.113949867,1255.66254,149225.201387,14.744143457,10,
8572,451.161131211,772.10592,487668.423494,11.9319923365,10,
8576,451.217775466,351.47013,11749758.4796,4.84202750059,10,
8578,451.217899658,513.586566,13167785.6688,9.00166213583,10,
8579,451.23466035,263.819466,127539.297319,9.23660936723,10,
8580,451.240430091,647.63454,8871453.1187,9.01177291893,10,
8581,451.245376667,938.6733,338743.242305,4.82107358223,10,
8582,451.246334857,750.11502,1004293.60058,12.540082421,10,
8583,451.275589106,145.46037,893826.227689,9.59265487258,10,
8587,451.631580069,80.519505,936005.257977,11.9820169723,10,
8588,451.713443486,142.710285,510933.431327,11.2964242237,10,
8590,451.726008242,367.428945,860754.059104,12.5334878629,10,
8592,452.125741721,334.298748,2224903.94164,6.71394027398,10,
8594,452.125980551,400.701906,336023.435347,11.0043650133,10,
8595,452.203542518,734.80863,363710.501617,6.90784010837,10,
8596,452.200706523,370.436142,124912.83104,6.37301900535,10,
8597,452.21271482,203.833827,3903818.53587,7.49926824095,10,
10580,548.263556041,539.295825,37647316.8142,6.34184056134,1.0,[M+H]+
8600,452.22452173,590.860095,12113058.7733,8.76048777273,2.0,[M+Na]+
8601,452.221922076,882.53772,472843.822719,1.35262186958,10,
8602,452.224299657,657.22536,1240320.63284,3.78027322638,10,
8605,452.25818399,466.692363,435233.276283,13.0449092758,10,
8606,452.414522241,1470.00768,258549.785702,7.72805464175,10,
8607,452.727716773,671.57043,4204328.52656,9.67350364092,10,
8608,452.74120376,773.54541,426558.34655,9.75020500093,10,
8610,452.754722047,768.86046,882442.916296,6.35438424875,10,
8611,452.831919668,36.0377676,1627222.97713,11.4719994209,10,
8614,452.99711186,35.3795751,336155.034939,8.6891088057,1.0,[M+NH4]+
8615,453.090877074,151.97772,278410.109356,6.5073664721,10,
8616,453.086977376,637.57305,420089.276225,11.4326352906,10,
8618,453.138138415,151.97772,541478.142034,13.9076555889,10,
8619,453.166479393,1143.47091,288310.082925,14.7616491552,10,
8620,453.195332527,355.309449,1225988.45576,3.41033857561,10,
9439,491.227141695,296.156052,10042218.9018,8.52121321616,2.0,[M+Na]+
8622,453.205935466,227.638212,1844434.44942,6.24523464353,10,
8624,453.212351727,610.36827,3348142.21457,2.32684810607,10,
8628,453.232702805,271.477917,1540280.39266,13.9071292013,10,
8629,453.23374779,324.136062,3095354.44298,7.98510731924,10,
8630,453.230264514,1350.2304,227776.436367,12.4036585206,10,
8632,453.267885068,427.623156,258332.962208,6.8248061222,10,
8633,453.267309629,740.41704,122013.475588,9.65465574298,10,
8634,453.342534837,708.90396,2427021.77419,5.30198080877,1.0,[M+NH4]+
8635,453.342438514,749.00673,5625435.72173,3.64144801143,1.0,[M+NH4]+
8637,453.895773589,634.25772,6289033.91781,8.62639092209,10,
8640,454.159428897,641.57961,736901.092649,10.7331794411,10,
8641,454.175510937,1049.77752,761980.64995,9.39663441195,10,
8643,454.202790584,38.7285072,5353205.21346,7.63335108705,10,
8644,454.192123442,286.938372,128152.142059,13.4417478063,10,
8645,454.218659696,361.08927,248539.626907,7.24236526976,10,
8646,454.242166992,860.83179,175030.99547,11.8294077459,10,
8647,454.248461094,117.222792,228326.770403,3.6677141599,10,
8650,454.357144988,1429.95606,229469.664896,5.1261552111,10,
8651,454.372902921,1289.23062,435695.625949,8.91037313322,10,
8654,454.780970966,716.63571,6731993.17468,11.3508210646,10,
8656,454.911457821,32.8834254,2914702.71961,9.93256352914,10,
8657,455.056237551,906.25632,1106707.48694,8.2293077854,10,
8658,455.08000873,181.429974,2438596.67408,14.5640992209,10,
8659,455.162713748,351.780132,450596.800854,14.5045882443,10,
8661,455.187287844,995.80434,1327699.27462,8.66453158199,10,
8662,455.195657076,175.36593,355512.701805,11.8619649369,10,
8665,455.224082089,336.223944,2259456.7074,7.28644708494,10,
8666,455.225520561,460.639359,1718443.06819,4.43048159664,10,
8670,455.283089885,104.036979,1793477.64946,13.0919396772,10,
8672,455.322021917,720.81684,40363621.1465,6.23034169386,10,
8675,455.733409497,324.458118,337786.526455,3.08947285734,10,
8677,456.12934721,321.419124,305959.600434,9.02518077089,10,
8679,456.21774635,80.01312,3588648.85054,7.41428387208,10,
8681,456.255299825,52.2230856,546382.591032,8.32336922767,10,
8683,456.279162821,1325.85264,230531.924488,6.11135196872,10,
8684,456.274238329,974.16516,271833.221848,12.3302522467,10,
8686,456.280779182,414.255774,68339400.2891,6.75601967661,10,
8687,456.280593125,537.139572,57842220.8236,5.7751281876,10,
8690,456.843717115,33.5707311,4158789.51556,9.39996881736,10,
8695,457.139043645,50.6458296,247149.753585,7.29320197355,10,
8697,457.177010046,321.717684,136565.576329,13.0699076106,10,
8698,457.178260721,224.33433,311696.689712,14.1158875817,10,
8699,457.183310274,878.78358,374635.675821,10.4785311284,10,
8700,457.180650454,453.762417,2447998.36016,10.1648748658,10,
8704,457.232369734,941.23992,395999.919935,3.43830421618,10,
8705,457.247417393,1121.68452,490690.108338,5.34362624401,10,
8706,457.256172513,1233.57873,238868.814933,6.33006239172,10,
8708,457.276177874,1228.13652,63886001.0354,8.10734912924,10,
8709,457.284116136,331.19814,858209.399591,3.83099008316,10,
8710,457.284335475,623.01186,4207350.65805,7.13818313713,10,
8715,457.732600757,836.59266,597376.866653,4.56775774154,2.0,[M+Na]+
8716,457.731614774,285.144459,4418714.34528,9.15200815318,10,
8717,457.846219844,33.8862048,236123.972501,8.10329418247,10,
8719,458.181001208,1347.336,370133.125271,11.4036205306,10,
8720,458.197296813,139.19886,233224.634593,13.5804901307,10,
8724,458.238541611,672.36918,6621221.64084,13.0805098065,10,
8725,458.238898772,620.99142,46413728.9662,8.45584106619,10,
8727,458.2338918,836.8689,251988.718984,14.2779880038,10,
8728,458.229632099,605.03724,363936.357959,11.0369648763,10,
8730,458.243496955,451.777032,177826.373603,6.03399065487,10,
8732,458.271167709,61.017666,15738658.5745,4.45896626532,10,
8733,458.286425878,414.379341,2250070.29097,6.73719032551,10,
11931,625.317950564,426.875286,1385673.21065,11.4769103013,2.0,[M+K]+
8737,458.745722358,567.361272,4599249.00555,5.65717178493,1.0,[M+NH4]+
8738,458.747943934,841.12149,521050.648065,5.68693502382,10,
8739,458.81176109,1350.58332,229527.257267,14.2352557057,10,
8740,458.840800769,33.5707311,521742.859628,13.3197087406,10,
8743,459.082151367,375.052452,534281.566095,7.18567687614,10,
8744,459.128157255,580.374834,1034615.00225,8.61062415695,10,
8745,459.135815774,485.987046,450707.882715,2.17302224199,10,
8746,459.203450868,281.101728,265826.399265,3.70482132162,10,
8747,459.216356821,872.43318,198169.116493,10.1526158255,10,
8750,459.242473599,612.78648,3007731.72587,5.95563332076,10,
11681,607.303619514,101.964954,908542.159879,10.9281312484,2.0,[M+K]+
8754,459.262636614,609.24492,46035557.1448,4.71733259801,10,
10440,540.334323144,61.683306,3369095.43275,11.8003846708,1.0,[M+NH4]+
8757,459.300246062,91.285542,1027695.13887,8.06497183944,10,
8758,459.316620416,284.652924,583716.261017,13.2217360744,1.0,[M+NH4]+
8760,459.686570291,43.8303279,861344.418203,14.9411615787,10,
8761,459.699588828,361.076634,1117589.00362,8.48378278914,10,
8762,459.717663999,52.1817858,1981514.87186,13.5865012558,10,
8763,459.724313248,767.895,635264.035815,6.46311996094,10,
8766,460.14714604,49.934706,4814956.80341,5.82992071918,10,
8767,460.221184987,405.702588,618407.150358,9.79900356433,10,
8770,460.235042579,882.50103,674110.841313,12.6796641113,10,
8771,460.239169615,295.522671,54983144.4397,6.36635647959,10,
8774,460.254360365,552.923454,13930814.226,10.1348031636,10,
8775,460.265662637,599.925465,5192364.29293,4.35020677844,10,
8777,460.312008198,97.487574,284458.505499,8.76089621568,10,
8778,460.30858192,1444.8801,238845.545286,12.1632288129,10,
8779,460.57367605,776.19726,151857.482377,3.48210211642,10,
8780,460.710052347,671.73252,2402344.87435,6.70143144323,10,
8781,460.743427094,626.30973,9502096.5601,11.5684124099,10,
8782,460.755787096,945.41964,255219.90325,8.9014206492,10,
8783,460.769029494,740.09304,345041.890612,10.7508417658,10,
8785,461.001912098,106.244136,1885038.37024,5.37282177212,10,
8786,461.063008051,956.1081,505450.044804,13.265524407,10,
8789,461.137898443,423.55752,102741.945775,7.88304384706,10,
8790,461.147264418,967.21872,956367.600223,12.285192242,10,
8792,461.202203409,705.03237,301098.947687,11.084275095,10,
8793,461.199532977,384.774264,1016151.75819,5.659494448,10,
8795,461.213358136,89.040102,767558.42273,6.81026814106,10,
8797,461.22465538,405.565266,259343.819673,8.27963191983,10,
8799,461.24272172,295.522671,11508661.8181,7.05947387675,10,
8801,461.264915232,957.02772,940759.175518,10.6327518933,10,
8803,461.274890803,619.21965,20350493.3901,9.47449524121,1.0,[M+NH4]+
8804,461.27469111,675.19191,41940305.2951,11.4758487637,10,
8806,461.301653752,1339.31724,194741.052427,8.69963396182,10,
8807,461.322773898,602.65578,2325671.8055,9.69908269506,10,
8810,461.683525008,731.33016,152723.644769,13.6169494087,10,
8812,461.745402788,769.1769,164884.385938,6.55307775093,10,
8814,462.006114404,106.263111,222426.348271,5.81327775531,10,
8817,462.082141438,637.57305,264343.357212,9.38100065553,10,
8818,462.101046813,212.75946,160879.457764,9.44573581811,10,
8821,462.135222483,481.562184,156706.488063,6.23478695235,10,
10052,520.187451347,325.494132,495343.392486,13.4054527559,1.0,[M+H]+
8827,462.237095124,354.188382,75218424.5234,3.72050940808,10,
8828,462.244082984,218.905956,268253.951257,11.5382489889,10,
8829,462.251261041,692.97852,312679.363141,10.0028588521,10,
8830,462.254834578,142.388847,12749691.3626,6.63939165606,10,
8831,462.260387443,1112.26905,2426372.78283,3.47328552457,10,
8832,462.254734444,456.982599,765601.877352,6.29591414725,10,
8835,462.280904346,112.205643,131883.480057,8.36634488825,10,
8836,462.280714308,228.274647,150441.599791,12.3203009086,10,
8838,462.711539326,882.59217,509855.028024,13.5847225196,10,
8839,462.716394468,367.621764,234817.051519,7.43734648479,10,
8840,462.753461509,693.21816,155374.649433,8.38724628859,10,
9470,492.788867108,580.701897,18333573.2468,8.24937907504,2.0,[M+H+CHOONa]+
8843,462.861084961,34.2087303,4572372.91748,7.27251892084,10,
8844,462.999592449,34.5237138,508543.473383,14.4372038476,10,
8845,463.025792809,34.2087303,1704117.2031,8.36358937057,10,
8846,463.179300424,762.87309,122955.632311,5.95568806026,10,
8849,463.201330476,523.269576,429777.18752,11.2899775291,10,
8850,463.216313842,1022.20668,214770.851314,9.34449288409,10,
8855,463.244440875,1357.9347,200207.738803,10.1057749172,10,
8857,463.263847045,1112.18328,495660.356503,10.4488464398,10,
8858,463.719016492,389.390889,712620.985395,13.7017678407,10,
8859,463.728667292,118.188414,769190.885649,12.3427825115,10,
8860,463.732504334,773.6928,498775.95016,10.0864021173,10,
8862,464.126066687,41.094513,754069.396243,10.0406711921,10,
8865,464.19935296,66.42177,229696.716568,9.52609379048,10,
8866,464.214960177,746.55642,125343.350258,3.45994279268,10,
8869,464.246853319,254.905086,687860.457345,7.82996047932,10,
8870,464.248001202,524.19144,3562053.35681,6.35290231861,10,
8871,464.247320346,622.36746,5850330.16316,4.44885898563,1.0,[M+H]+
8873,464.260614839,141.906153,218814.501992,9.86875016506,10,
8875,464.442863475,1323.71004,199759.390668,9.42372980298,10,
8876,464.765188849,660.95334,13392736.6051,9.16785861173,10,
8877,464.770147413,812.89098,519437.682679,11.6805773087,10,
8879,465.061512981,972.02424,349646.559752,9.51777450039,10,
8880,465.145065262,353.394126,387182.548368,9.12393013511,10,
12091,639.260889438,1206.18057,351505.934745,9.71797517346,1.0,[M+NH4]+
10743,556.260070175,373.451826,2734024.94159,5.3047468884,1.0,[M+NH4]+
8885,465.21373301,655.94982,21868186.7461,11.0827268979,10,
8886,465.215923096,382.27671,1782989.61061,7.75046791966,10,
8887,465.208068486,355.628514,369703.070641,13.0326345592,10,
8890,465.233417673,354.828516,5864513.36182,7.0559756058,10,
8892,465.241211599,853.79568,296017.893998,5.025606251,10,
8894,465.259670704,462.548538,454798.053966,1.52303307031,10,
9839,509.384397884,1333.30134,513385.513589,5.81252333319,1.0,[M+H]+
8897,465.715035487,836.59266,270914.876428,13.6320465753,10,
8898,465.70971619,740.09304,771638.092318,12.0415374591,10,
8899,465.738768143,492.45255,1416232.66793,10.1298228465,10,
8900,465.765542247,755.31918,171975.267653,11.5278986902,10,
8902,466.147946631,336.660258,630273.204829,6.9023041271,10,
8904,466.189925477,125.762958,297713.549958,10.3602387611,10,
8905,466.210876001,147.592056,356745.828459,2.6194799925,10,
8907,466.217482745,462.707235,4701889.67716,7.21447932912,10,
8910,466.284631249,276.960342,108033.627709,4.29774866788,10,
8911,466.698222373,62.305224,1453336.76596,8.59240945167,10,
8912,466.819597728,1467.58356,265760.395347,9.6457264788,10,
8915,466.965427284,32.6137989,432464.237135,9.61893028097,10,
11616,603.176483701,1186.11237,1557965.85203,6.55869440957,1.0,[M+NH4]+
8917,467.140874984,353.384766,177032.588851,12.0785946233,10,
8919,467.170436669,38.4091134,1210857.05334,7.86628415701,10,
8920,467.172426573,65.748408,1036059.99185,13.1514533488,10,
8922,467.188045639,1126.90878,1134402.61886,9.99854134608,10,
8924,467.219433536,504.571377,907155.87368,5.28864770931,10,
8927,467.228060859,810.82692,3856501.64785,1.5565017622,10,
8930,467.315558061,1479.30573,2865001.88054,5.17510857593,10,
8931,467.356713497,1265.33736,281020.463402,12.1144035626,10,
8933,467.681914876,361.015311,1101139.84601,12.6900004527,10,
8934,467.684582926,764.33988,167852.278505,12.1219532374,10,
8937,468.201925368,267.015288,366449.74945,10.6273021511,10,
8939,468.196847908,410.265918,1878542.2749,2.03810426361,10,
8940,468.200281228,382.661526,252824.574758,10.8186117477,10,
12464,682.253846192,118.696893,1158553.28377,13.3762744104,2.0,[M+K]+
8946,468.649570728,442.294353,553078.496393,12.3554433054,10,
8947,468.691402522,325.915629,718942.111988,13.4771210537,10,
8948,468.691593055,575.86671,280953.815491,9.85920812867,10,
8952,468.760213398,474.478017,24698562.5179,7.47451226357,10,
8953,468.798271328,1372.2732,389000.940929,3.95031451521,10,
8954,468.81785088,33.8862048,904600.823125,9.34065573247,10,
8955,468.890675642,31.6579548,445931.52964,12.9208377865,10,
8957,468.975817787,321.813744,133804.944733,12.1056199714,10,
8959,469.170629523,228.115023,169517.571474,11.9229821287,10,
8962,469.227328344,626.55,1843094.97943,5.55728941425,10,
8963,469.228416082,293.5566,9390176.8358,7.30726354215,10,
8965,469.25507621,394.935582,563513.126445,3.30232914037,10,
8966,469.258777661,58.8585288,213339.305658,12.7129356776,10,
8967,469.262339823,729.08454,208436.570315,12.6430837973,10,
8968,469.301234847,889.50285,580256.050733,7.33634175072,10,
8970,469.327896651,1451.5731,48569380.0017,13.5214391197,10,
8971,469.658495623,115.684434,964064.165192,2.88797718408,10,
8972,469.687024047,115.344174,593662.035835,10.4417708652,10,
8973,469.778109581,957.02772,1197868.67031,7.06108418047,10,
8976,470.163764834,530.695827,538813.679656,10.4290599265,10,
8977,470.159649082,482.006736,1425006.32915,2.44782759312,10,
8979,470.18598837,222.311715,3753924.95215,5.73758088015,10,
8980,470.201184253,1073.17092,155919.078166,10.5319258951,10,
8981,470.226853491,1190.09106,515123.438759,11.3343163034,10,
8983,470.229275911,308.080986,3135167.52835,3.84736349308,10,
8984,470.237385291,744.94014,674001.607743,7.05122714304,10,
8985,470.237509234,801.94212,460364.073801,12.6120588029,10,
9689,502.24656892,1388.1597,210347.379121,12.4295060342,1.0,[M+H]+
8987,470.260248342,617.28834,12160433.4751,6.99252372618,10,
8988,470.257669501,49.714272,1233243.97213,9.46136838067,10,
8989,470.278068916,1372.32702,4540710.49679,4.60064827864,10,
8991,470.296483436,409.760148,5963997.58652,5.30812452489,10,
8992,470.316037419,1336.75236,366051.13946,1.4525097804,10,
8994,470.332741011,298.507425,26436227.5242,8.71908611162,10,
11603,602.349844902,443.155404,4403237.68429,7.2350907912,1.0,[M+NH4]+
8996,470.362119259,1395.15879,269959.028128,8.96287231882,10,
8997,470.388827284,1424.83902,354075.43203,5.66192124977,10,
8998,470.720038726,96.705918,284567.554564,7.02961504146,10,
8999,470.726228098,743.32488,214360.544941,8.41658052715,10,
10135,525.126386055,970.23948,416435.988984,11.8966059236,2.0,[M+K]+
9004,471.224315698,267.032232,252702.382126,14.9438308895,10,
9005,471.239375044,1400.87517,1663029.31027,14.0719208382,10,
11085,572.357692746,73.954407,4277245.65316,5.45371722272,1.0,[M+NH4]+
9007,471.255337697,106.8807,7166327.80858,8.38202847673,1.0,[M+NH4]+
9010,471.26372707,617.1267,2710635.16546,9.30920449973,10,
9011,471.264037382,259.046604,320646.986762,12.7892398414,10,
9012,471.273489695,665.64876,1709142.4123,7.74729166189,10,
9013,471.270825637,1183.11996,259062.049277,1.89990023464,10,
9349,487.293168537,1400.56155,6843381.9043,7.88810798532,2.0,[M+K]+
9016,471.353036579,857.11569,599096.608731,6.21218435904,1.0,[M+H]+
9017,471.697778833,777.28626,230101.716599,4.85161621371,10,
9018,471.715709482,796.71642,2984273.24946,6.38731305905,10,
9019,471.753009873,349.22838,295576.924633,11.5459327118,10,
9022,472.160561481,434.49003,243680.983103,1.20521197131,10,
11928,625.292624972,89.840073,557802.640902,10.8816985884,2.0,[M+Na]+
9024,472.214198886,279.512259,5203602.90385,4.49286012233,10,
9025,472.218139399,701.34846,413721.974946,9.28339612054,10,
9026,472.23055154,606.07224,1632266.76332,4.71461672834,10,
9028,472.25579902,957.02772,2935177.37944,7.97357692663,10,
9030,472.275816527,57.7428711,1400190.66101,11.2618733425,10,
9031,472.275726613,263.819466,13559914.0029,3.94243146116,10,
9032,472.274210855,1258.02708,119551.264404,14.6122254456,10,
9033,472.2671178,617.59818,157427.491672,12.8444414428,10,
9034,472.286984342,974.4315,1004888.05789,12.9854041398,10,
9035,472.356700738,856.96956,112940.446601,12.6180905838,10,
9036,472.666698364,115.684434,963653.152329,10.716727949,10,
9038,472.706329804,192.29007,249878.245057,7.00251237125,10,
9039,472.718619997,796.71642,406193.30951,9.43244662938,10,
9044,472.982129929,33.5707311,2125073.81306,9.20914551719,10,
9045,473.116806542,50.881773,1252276.38446,3.60254188061,10,
9048,473.168056149,115.915197,254111.073191,3.33864980742,10,
10142,525.229622683,265.103787,4320376.17084,10.7778319496,1.0,[M+NH4]+
9051,473.187070491,1424.52168,336975.094829,6.78707818655,10,
9052,473.198275594,882.27201,3349338.66835,8.51939143552,10,
10568,547.307696135,278.721981,14369443.4589,9.00366658872,1.0,[M+NH4]+
9054,473.222420933,647.00646,3481134.90333,11.2464108765,10,
9055,473.252847171,318.653001,868906.937953,8.57319372876,10,
9056,473.253639665,44.310525,512809.773594,7.37371982354,10,
9057,473.257136232,145.46037,1540733.16807,6.24674796982,10,
9059,473.279224176,98.763513,1643383.03477,5.35612536055,10,
9060,473.270844978,42.574386,6677429.30363,10.2679549898,10,
9062,473.280777322,57.8212779,266123.054029,12.7793409876,10,
9063,473.278820793,411.373014,507676.545129,6.94137733094,10,
9065,473.7341415,504.904005,6892103.77603,10.5145670183,10,
9066,473.750943217,580.701897,2640152.77716,7.84700631906,10,
9067,473.754404776,318.814125,335393.702952,6.58280112173,10,
9069,473.9106976,32.2959801,406436.710982,10.4264579541,10,
9070,474.139892686,310.25718,153676.536465,10.8040811109,10,
10902,563.201511749,73.316784,2717874.59883,6.6337720399,1.0,[M+NH4]+
9073,474.171784237,746.58627,1289968.46251,7.88761112432,10,
9074,474.201730527,881.8956,569209.921459,6.02512615184,10,
9075,474.20264763,769.5174,659293.212027,7.45258408806,10,
9077,474.21871083,964.23447,3367199.4648,3.42016718045,10,
9078,474.228711076,767.24742,450654.860403,5.55633230873,10,
9079,474.230106947,456.42279,372026.534374,14.8934856896,10,
9080,474.238402267,70.500906,205846.401084,3.49368562069,10,
9082,474.254640141,539.85957,300725.83589,10.4706197261,10,
9084,474.27392429,42.171771,1175757.31588,3.60110909124,10,
9423,490.280397147,1398.29124,6693159.93315,1.70799480383,2.0,[M+K]+
9088,474.305939522,993.57801,8360038.85595,5.95734954506,10,
9089,474.704441478,769.5174,260397.108926,3.52376356013,10,
9090,474.744766214,656.90412,381961.219669,8.41509205112,10,
9093,475.039184006,38.0966682,663049.273771,10.6948327162,10,
9094,475.062341149,181.429974,4776175.16151,7.17887203263,10,
9095,475.130442784,275.514948,142180.991447,14.1724339209,10,
9097,475.156337276,1023.168,1611699.91532,10.5499634299,10,
9098,475.163871141,360.76926,353088.227045,13.0366972911,10,
9099,475.172362469,1385.61744,171181.661079,8.28587888131,10,
9100,475.181259178,933.72981,1703989.18158,9.45572015804,10,
10882,562.24575389,71.992776,7052455.0511,5.6976427486,1.0,[M+NH4]+
9102,475.192955716,197.820705,129797.41358,14.1107660937,10,
9103,475.193436832,145.04742,438208.42977,13.9707711482,10,
9104,475.21345408,409.760148,213429.331639,5.85590111687,10,
9109,475.235830861,28.2025092,2791306.81116,13.0488231529,10,
9110,475.250406511,468.913239,1030632.0138,3.14997360803,10,
9111,475.276837206,287.806986,353578.097338,12.7884401889,10,
9113,475.290649191,709.70991,97856319.8054,11.0445920372,10,
9114,475.294540024,371.261388,622086.764455,7.10808932669,10,
9118,475.740202054,622.04874,2190422.6085,8.01810930286,10,
9119,475.761382622,812.51523,1389551.40187,13.9687532738,2.0,[M+Na]+
9122,476.224587444,843.9978,1926234.10379,4.65963302116,2.0,[M+Na]+
9123,476.224115847,888.41442,343239.94201,6.73274090657,10,
9124,476.253655432,233.84847,5524426.11127,7.48152711093,10,
10044,519.276521802,359.320569,20456944.3809,8.41313884938,1.0,[M+NH4]+
10306,533.315257662,813.23718,418052.801186,14.5345156295,1.0,[M+NH4]+
9128,476.270586726,436.612782,11883766.335,3.56652486006,1.0,[M+NH4]+
9129,476.306865176,107.837391,149454.127049,7.04024897077,10,
9133,476.320774791,1395.08514,804786.219328,9.85014573869,10,
9134,476.707925703,755.2929,317154.675631,4.62491201425,10,
9135,476.763925126,812.63706,116007.725339,5.70225121961,10,
9136,476.757350982,35.8300188,206941.275014,10.1258211742,10,
9137,476.796167156,1331.29224,185684.12488,11.8173885268,10,
9139,476.905998551,33.5707311,3751252.44253,8.48122787261,10,
10520,545.076953975,877.46793,3179692.54001,9.37218007075,2.0,[M+Na]+
9141,477.095608384,181.265106,916530.663139,6.70154615223,10,
9143,477.205641876,965.73072,655463.108882,6.68907716101,10,
9144,477.208433471,191.499264,6994098.70424,5.9011880242,1.0,[M+NH4]+
9145,477.206912705,67.669716,1404405.35297,3.23063510851,10,
9146,477.208191969,234.748224,284762.299446,13.2247138182,10,
9147,477.22827348,843.77691,437973.788089,5.33654574959,10,
9148,477.219018327,552.281952,10374267.5074,9.69621410469,10,
9833,509.195824878,125.839929,3167478.23772,11.0645553657,1.0,[M+H]+
9151,477.239268071,764.49978,2266912.21891,1.95785763339,10,
10060,520.296930149,283.697736,3896849.60077,6.90228571141,1.0,[M+NH4]+
9154,477.269746094,813.48216,2184492.34496,8.07104317212,10,
9155,477.285877533,661.92192,18662079.7059,8.21614193144,10,
9158,477.420273536,1490.69757,338586.14621,8.31082569754,10,
9160,477.744486939,694.55043,835243.250036,9.11866295233,10,
9161,477.787484319,661.92192,9500400.60006,7.68260944545,10,
9168,478.191169788,383.488014,564098.284763,10.0547202823,1.0,[M+H]+
9169,478.187599504,202.858455,256469.201217,8.89726576089,10,
9172,478.210590787,67.65216,286562.423264,7.74949932291,10,
9173,478.218990168,1420.37724,623069.495431,11.7349562805,10,
9174,478.24251333,764.33988,295534.79378,7.32278490786,10,
9176,478.275253229,68.635146,254549.472432,2.29028692455,10,
9177,478.273796189,590.621976,11032620.8408,3.12955612457,10,
9178,478.28143943,677.31606,4795805.22857,5.59912888902,10,
9179,478.288786825,662.04894,2745979.56874,13.8888937658,10,
9182,478.367307779,1415.97936,251747.317698,7.42675549236,1.0,[M+NH4]+
9183,478.777511838,638.05254,1808316.72461,8.27554295669,10,
9185,478.999635764,33.8897949,1752071.97509,5.2806856559,10,
9188,479.180134158,230.26284,361508.985583,10.1055576165,10,
9189,479.19810582,600.41886,168624.663281,6.52740689035,10,
12155,645.355481007,321.075807,15108444.5956,9.33305903615,1.0,[M+NH4]+
9194,479.257910979,1450.28106,335244.643081,12.2335148973,10,
9195,479.301525274,759.17979,523963.720246,10.2281607309,10,
9196,479.640213538,442.611657,1420185.59363,10.4996442038,2.0,[M+Na]+
9197,479.678080818,319.782684,221970.06537,5.50125196249,10,
9198,479.803327179,759.18702,191289.412718,13.8021080682,10,
9200,480.190267612,987.37587,1174139.56377,3.62602797375,1.0,[M+H]+
9201,480.190294233,334.298748,1641349.85347,9.32311647784,1.0,[M+NH4]+
9204,480.207976888,171.30594,2946575.86611,2.36659342659,10,
9206,480.235919772,964.45485,287880.409779,11.6322614102,10,
9207,480.27857698,91.610349,185886.045148,9.91519312065,10,
9213,481.119797818,971.69751,6771838.39825,5.39704576114,10,
12089,639.227515424,260.482038,3614283.77412,9.9412499618,2.0,[M+Na]+
9216,481.212225117,171.366066,512731.861919,11.6338108836,10,
9218,481.26451976,432.972966,313684.213004,9.65326363325,10,
9219,481.281745034,363.32877,198709.810373,2.01468514159,10,
9220,481.282162689,392.244912,594524.928887,6.37275038793,10,
9223,481.351383294,982.31496,279214.527798,9.9360356728,10,
9224,482.048068936,594.948966,683876.831906,4.85925247093,10,
9226,482.11400849,375.212697,390740.497697,12.773567615,1.0,[M+NH4]+
9229,482.131708944,840.19119,239499.686017,14.6232476548,1.0,[M+NH4]+
9231,482.196775786,96.387726,1136719.06368,9.32839670279,10,
9232,482.20174945,416.294838,701897.098977,11.7940243014,10,
9233,482.216730096,78.025281,1508643.76519,6.550339188,10,
9234,482.206453254,261.275478,356900.438294,8.83617546375,10,
9235,482.228116105,722.39976,1924421.91185,8.07001811772,10,
11141,575.27735496,187.872297,1006422.40423,11.1848637873,1.0,[M+NH4]+
9237,482.214461952,847.78944,314482.507076,12.737910317,10,
9238,482.221358303,298.3113,7299964.07716,5.51290635411,10,
9239,482.236390206,754.1766,3396098.29562,6.66294021534,10,
9240,482.247362409,541.534257,16677519.6169,7.70375500802,10,
9241,482.24732433,527.659131,5059182.85221,5.45692067129,10,
9242,482.249425648,820.43247,1620515.95501,10.2539310816,10,
9244,482.257360307,228.434022,477621.939396,3.90096570921,10,
9245,482.271353389,95.741076,7449192.70462,6.96377243438,10,
9246,482.283101639,1466.44635,8117196.02258,7.00833345619,10,
9248,482.548989139,594.789531,344427.990011,6.41916689418,10,
9249,482.701381375,36.0757335,112484.876274,12.806429643,10,
9254,482.769042077,871.9356,148661.766475,12.3522242098,10,
9257,483.047275283,594.789531,214429.914029,6.26364734642,10,
9259,483.13874104,975.94182,699437.769127,14.4511198359,10,
9260,483.144120278,230.019846,4416215.93009,8.40376205392,10,
9264,483.201945972,1238.22645,172103.446447,7.99010109332,10,
9266,483.218818086,123.63618,19478637.9364,5.27920608686,10,
9270,483.277945592,974.51091,662453.894439,8.75065285128,10,
9273,483.310101394,1428.96057,1640368.00165,8.70746987802,10,
9275,483.743680017,812.67699,688672.077777,7.90737537844,10,
9279,484.187422183,976.17384,192494.972499,1.90686314175,10,
9280,484.201424084,306.389934,3805035.53881,6.76432461186,10,
9282,484.199624292,1388.47794,322492.252338,3.18177871218,10,
9286,484.219931241,901.89924,140748.793181,10.4471498401,10,
9287,484.250027347,962.50824,709884.676811,14.9024388384,10,
9289,484.271405729,1372.90398,272813.270975,7.9494465994,10,
9290,484.288704954,430.89153,2128909.69555,8.85915592647,10,
9291,484.29002591,981.6792,4979596.301,11.8691546987,10,
9292,484.286800649,535.865568,9057507.40889,8.98428155013,10,
9294,484.747246316,835.28544,415976.940133,12.427532277,10,
9295,484.755947824,901.21488,694641.416308,8.25362416338,10,
9296,484.790369093,34.7698569,535479.904458,8.79509426978,10,
9298,484.890413927,28.9839813,1170882.89017,6.17358743635,10,
9301,485.128853547,299.84799,1968592.05952,8.52592627031,10,
9302,485.169231698,934.29843,5963329.11582,6.18994357346,10,
9303,485.186775948,983.99016,211596.076938,9.10531683804,10,
9304,485.184510766,740.49624,144030.101125,14.3265760403,10,
9305,485.198424779,1022.3718,600878.127455,14.5878162599,10,
9309,485.234499923,372.649518,2187231.15234,6.4537330088,10,
9310,485.23621359,598.981962,4324079.56184,5.7618543026,10,
9311,485.242172905,706.64469,3328112.85169,9.68739547246,10,
9312,485.257830514,901.42932,333365.267979,7.46974312182,10,
9313,485.407104876,1433.89755,1164949.47086,6.84112479601,10,
9318,486.207244747,156.432345,959696.151332,5.41976643663,10,
9319,486.207197143,69.79227,256795.899924,4.2736194913,10,
9320,486.229072246,415.655022,2836424.87562,8.81731151822,10,
9323,486.23130578,334.822872,301383.515804,5.873102574,10,
9324,486.270003803,641.9151,2804387.28501,9.09949394099,10,
9325,486.291436098,365.39376,11566748.0574,10.1811066743,1.0,[M+NH4]+
10835,560.310528459,210.112584,527120.560026,12.0993913041,1.0,[M+H]+
9327,486.280525559,709.63452,437739.756109,6.17839272342,10,
9328,486.327656211,820.5039,366315.398538,13.7384126042,10,
9329,486.502185298,1453.80201,270977.523214,9.26421118183,10,
9332,487.023993217,32.8053921,1251914.14743,9.09148504918,10,
9335,487.134850673,153.575754,174012.081548,4.6837909043,10,
9336,487.167419981,319.943745,546368.774708,13.0703180544,10,
9337,487.177332124,47.1585519,68816068.7445,5.37847345827,10,
9339,487.188892496,179.213409,3721993.35026,11.2780041319,10,
9340,487.21379969,125.345154,11187152.8394,14.3890982999,10,
9341,487.213359569,642.23436,202733.258115,13.4821578255,10,
9342,487.238830672,72.069036,1638507.49864,10.4233121576,10,
9343,487.250248952,111.393834,8232854.39976,8.51302178144,10,
9345,487.256830892,1331.28924,106431.303551,11.7664648944,10,
9347,487.28657437,347.77038,24781184.2356,7.49522993228,10,
9353,488.076353648,840.43158,192121.530805,12.2413694072,10,
9358,488.171448803,973.57608,10508766.0718,5.96181134665,10,
9359,488.178359161,61.504122,806888.615452,11.7676816604,10,
9363,488.224135177,188.907012,235200.343318,7.81933388451,10,
9364,488.228376633,808.47138,1739576.34338,8.35311168559,10,
9365,488.229989645,764.66148,1868847.72168,8.02098533695,10,
9366,488.235180097,107.229546,337663.824231,11.6314644643,10,
9370,488.290141432,499.768938,11282687.0321,5.38341998928,10,
9373,488.738971743,684.42282,301559.210994,11.1246584482,10,
9374,488.775812903,790.20912,5131813.21878,8.132773512,10,
9375,488.798201643,35.5038888,330791.87378,5.23936319675,10,
9376,488.832475692,1473.16026,413957.738831,4.03741516149,10,
9378,488.872369362,35.6229588,619047.413156,4.59291681807,10,
9379,489.109043335,73.64535,1349771.23242,6.4127026887,10,
11614,603.100788582,33.0459528,609088.644517,12.6745893825,2.0,[M+Na]+
9383,489.17181079,125.44752,2719717.77387,14.3354848313,10,
9384,489.171083971,707.52336,231029.072519,14.5161249254,10,
9386,489.196625729,933.88896,37642611.2635,4.3137728531,10,
9388,489.211968447,306.629748,1537369.04658,12.3693786409,10,
9389,489.208275936,790.57476,141630.462763,0.983408491592,10,
9390,489.228763975,254.889102,179138.226987,4.43698203588,10,
9391,489.231593356,808.23705,431476.640052,12.5705355064,10,
9392,489.242764531,118.070607,753230.365805,7.47913319502,10,
11219,579.297190489,271.477917,1601817.13758,10.824762702,1.0,[M+NH4]+
9396,489.257796082,843.0252,179913.966737,10.5950359939,10,
9397,489.273395607,572.502213,60039337.9999,11.7931478749,10,
9398,489.292342008,347.59713,790036.73849,7.78362491721,10,
12057,635.411327462,809.11917,590827.989403,6.14587493488,1.0,[M+NH4]+
9402,489.757887126,311.871366,174834.251783,12.661866959,10,
9404,489.774794485,558.242958,5839258.99484,11.7237376812,10,
11572,600.845841662,32.2959801,2549525.84144,9.34270235563,2.0,[M+K]+
9408,490.190893644,228.751719,17572031.4887,7.07081884497,10,
9409,490.186828259,987.62226,686563.528303,7.88683481368,10,
9411,490.215137079,142.066719,496868.931209,12.0447827287,10,
9413,490.226584962,583.427646,762057.340123,11.0847083085,10,
9415,490.249386551,157.055622,854180.754543,4.84824328182,10,
9416,490.263190481,496.267059,95408531.57,8.43391731186,10,
9417,490.266783892,419.062902,1487363.70569,8.97448300693,10,
9418,490.264955713,634.12362,73190582.3043,7.86971193492,1.0,[M+NH4]+
9421,490.284905096,689.39355,525273.291803,12.7529711774,10,
9422,490.286522043,262.303536,526171.258081,12.3038692579,10,
9424,490.285941075,531.855072,8502077.4712,2.55084374971,10,
9426,490.352626824,1032.20214,464057.120881,9.0008528251,10,
9427,490.388332785,112.205643,860461.163273,14.3213958223,10,
9428,490.764610827,496.267059,47548715.2556,7.98656396014,10,
9429,490.764503761,482.132172,12926435.3257,9.35850046361,10,
9430,490.795337038,35.7070164,269679.408696,9.82213655414,10,
9431,490.811758351,1376.3967,343786.218635,14.9700757573,10,
9432,491.096549243,54.319143,295104.970406,11.830589609,10,
9435,491.187824575,279.547077,949595.980579,10.4729433746,10,
9436,491.181282066,110.420916,665330.406367,5.92066589471,10,
9437,491.187976993,633.80286,729019.321944,0.757674382495,1.0,[M+NH4]+
9440,491.231431886,906.35844,449472.105693,10.860634087,10,
9441,491.229600391,933.5718,2001223.57354,6.79415510491,10,
9442,491.266003383,496.267059,14634399.1604,6.10163330738,1.0,[M+NH4]+
9446,491.285443997,602.84508,17313606.2495,3.67938548501,10,
9448,491.689039113,279.512259,366258.254864,13.1770280442,10,
9449,491.719264832,307.195062,433385.862727,10.4276627039,10,
9450,491.791156334,974.27238,571901.647712,4.68636795573,10,
9451,491.799569875,719.5974,1014304.27257,4.15604313231,10,
9452,492.076062395,61.257012,533803.021771,6.66384168824,10,
9454,492.202677663,1001.04132,48652175.2535,5.55737227131,10,
9455,492.193514664,263.990856,918743.195844,12.2125746227,10,
9459,492.219481305,801.93684,516417.020819,10.9956400419,10,
9460,492.228373343,835.34646,321853.54872,6.79307004577,10,
11059,571.26990506,63.236937,26414287.6151,12.4036797766,1.0,[M+NH4]+
9463,492.242254827,617.28834,6764195.58328,7.42046291605,10,
9465,492.300561146,719.78766,439154.699646,11.050703831,10,
9466,492.440141999,1490.53932,23326619.4887,7.5120526484,1.0,[M+NH4]+
9468,492.738359787,901.00044,246186.69055,11.4366527815,10,
9471,492.788742037,565.896336,4535723.81354,2.83934016948,10,
9472,492.820632309,33.654507,1108194.9982,10.1371017205,10,
9474,493.073273738,181.265106,1910677.80918,12.6575134266,10,
11942,627.220651515,973.41663,2052289.24324,11.7049308546,1.0,[M+NH4]+
9477,493.167140451,914.60361,3775225.47029,3.68642530453,10,
9831,509.151305675,1055.92908,7597876.72949,4.05906643727,2.0,[M+K]+
9481,493.197833965,775.48641,1603965.00135,6.56637454074,10,
11271,582.298503242,56.3004336,1437572.65949,9.13452253261,1.0,[M+NH4]+
9485,493.239132374,256.011405,5533795.72098,5.01368215124,10,
10042,519.253104949,413.423271,834452.734628,9.19443108475,1.0,[M+H]+
9487,493.243971834,63.710001,1616594.20878,7.36318344159,10,
9488,493.240999895,45.9435174,1423014.38502,11.4531008342,10,
9489,493.250922162,451.947666,1220577.88666,8.75242329341,10,
9492,493.271372254,49.934706,691073.880323,9.63922339215,10,
9493,493.285835154,231.998094,494822.354788,10.058621928,10,
9497,493.742071208,820.43247,789221.357831,10.2129953339,10,
9498,493.751567526,629.47848,1130580.48192,8.15328271532,10,
9499,493.788106583,823.5957,125666.059503,9.02368897918,10,
9501,494.12370653,973.60737,409899.28822,6.93347610961,10,
9502,494.154182377,974.48292,528298.722619,1.95881269272,1.0,[M+NH4]+
9505,494.195625713,279.529164,1189699.68174,8.89049569,10,
9506,494.223553342,232.404903,10053395.5754,7.68371242274,1.0,[M+H]+
9509,494.234333623,135.738924,409059.843914,3.15247167824,10,
9511,494.242895159,302.889549,2449751.81752,5.70420691568,10,
9512,494.256263864,1355.36124,3331103.03299,12.6700733529,10,
9514,494.26880535,974.4315,1767746.89656,10.54344361,10,
9515,494.276143058,483.417174,872848.708162,5.27953121527,10,
9516,494.299965526,990.72006,1116954.37233,5.46489069203,10,
9517,494.296277083,190.884264,373841.060813,9.95008580751,10,
9519,494.697759464,278.917614,528990.773492,9.61196913927,10,
9520,494.765252275,805.65792,184092.811634,13.7455656243,10,
9523,494.973374622,34.0064529,724938.307855,13.0837923313,10,
9525,495.125186802,1147.97049,960914.474056,6.73827834316,10,
9526,495.125213578,1084.07292,677692.244443,9.72347494449,10,
9527,495.147205053,229.861347,805376.810898,7.61669915221,10,
9529,495.214879458,933.5718,2019697.69643,9.36529364131,10,
9530,495.227132175,372.649518,975044.839793,10.6538926189,10,
9531,495.226068652,682.63359,12848413.2747,10.908876783,10,
9532,495.21740813,202.370583,4380412.38977,9.21838841475,10,
9535,495.229018452,964.4757,741465.062756,8.61132620072,2.0,[M+K]+
9536,495.226457945,597.351591,6232430.88932,5.83378494023,10,
9537,495.230506995,1059.30228,2180979.58939,2.44149427793,10,
10652,551.209072865,122.308707,5760384.54887,7.71802428035,2.0,[M+K]+
9539,495.243718668,759.50202,518011.200893,7.11286695768,10,
9540,495.240233,689.39355,1418614.65955,8.83613810376,10,
9541,495.252745106,481.811046,2865628.29735,4.87841961265,10,
9543,495.277329151,1408.57278,288150.732536,13.3525863868,10,
9544,495.371187039,1296.90978,593488.142905,6.00851709312,10,
9545,495.388041901,1324.56438,187735.66136,6.90049546657,10,
9546,495.744804295,592.879848,166015.963321,9.8259217705,10,
9547,495.757679039,603.6198,4237755.5828,8.91223036413,10,
9548,496.160868279,600.24723,556054.319211,1.84598616062,10,
9549,496.170012931,987.09771,21095385.9759,6.11292746839,10,
9550,496.18726325,153.576066,175978.510707,3.97478698284,10,
9552,496.206079879,156.438684,216445.776057,5.12627699904,10,
9553,496.212528434,764.98266,737294.642134,5.02006566109,10,
9554,496.22407971,874.93233,167549.230582,14.7933270153,10,
9556,496.229847833,960.91812,826501.602909,10.0231530843,10,
9557,496.249517116,326.45937,301981.913964,4.59793727903,10,
9559,496.266894304,1000.42884,4273467.87178,3.98136483142,10,
11838,618.348260601,980.6535,2443124.97446,12.8775954888,2.0,[M+K]+
11196,578.280892487,593.030784,5061514.41169,6.9951054802,2.0,[M+K]+
9562,496.714145857,764.65968,400389.404411,2.50816622115,10,
9563,496.734766581,706.41414,833299.195241,3.97181606857,10,
9564,496.760679857,600.40761,3526943.51748,7.13745932468,10,
9565,496.772140581,765.30735,527065.357639,7.16859568279,10,
9567,497.134824718,1366.7973,551198.764468,8.02053189742,10,
9568,497.155821134,325.494132,1166873.2343,6.18924437591,10,
9868,511.206941492,417.898779,3885815.47349,9.49565124539,1.0,[M+H]+
7981,429.207442398,361.063998,5703875.61959,9.24441925837,1.0,[M+H]+
9572,497.205569764,447.224724,2061855.97844,10.8951774735,1.0,[M+NH4]+
9573,497.216243309,64.79991,1766569.32707,9.69258854646,10,
9574,497.220474981,622.5135,2091220.85333,8.28891207358,10,
9576,497.23834646,801.13656,2138804.3874,7.06125841292,10,
9577,497.258949469,326.077383,571227.105841,11.0758265695,10,
9579,497.433505127,1014.093,266162.107821,10.6457215791,10,
9580,497.661974672,312.443616,303398.730781,6.67616704654,10,
9581,497.739875108,522.200475,38098500.3069,11.296031268,10,
9582,497.752437194,824.11131,905055.102031,12.0465979977,10,
9583,497.751025703,684.91038,480938.326235,3.47654368991,10,
9590,498.237853937,683.25378,192390.496564,10.4610950199,10,
9592,498.254654701,54.4133739,4352943.77818,7.98123117901,10,
11917,624.284497201,617.44905,8928698.17954,8.70748602512,2.0,[M+K]+
9595,498.327560917,669.32607,21298719.5948,8.50720217918,10,
9596,498.327653972,743.52222,16813136.5299,7.22636725294,10,
9598,498.604385335,1114.67643,679307.802668,14.5673087752,10,
9599,498.670131625,279.673323,357365.761696,9.72011601659,10,
9600,498.682501942,740.09304,1474023.64453,5.953830146,10,
9601,498.727314379,283.65735,576404.342713,10.0268855655,10,
9602,498.741954475,752.88585,327105.841916,8.95945618494,10,
11474,594.829612278,31.7397603,1244072.92766,9.27812169546,2.0,[M+K]+
9605,498.900605023,34.2087303,2217817.36827,11.0533143724,10,
10135,525.126386055,970.23948,416435.988984,11.8966059236,1.0,[M+H]+
9610,499.137412025,973.41735,4558346.09237,5.09077262972,10,
9612,499.171529842,241.804593,426062.521615,4.5960500594,10,
9614,499.189015264,67.662504,327509.67168,5.74284671577,10,
10499,544.226470277,1397.06439,412133.550514,10.541584471,1.0,[M+NH4]+
9617,499.211583301,1355.68977,42295586.4473,6.51088444677,2.0,[M+Na]+
9618,499.213964072,180.999513,2002821.58379,10.1884938437,10,
9619,499.21781044,826.97463,1227838.27,3.69624832895,1.0,[M+NH4]+
9620,499.24871874,41.4439575,20507875.334,10.2498475421,10,
9622,499.250217865,193.289328,2207342.80839,5.27582355179,10,
9626,499.28639894,307.67856,8881957.47755,6.3142564151,1.0,[M+H]+
9627,499.305019072,1432.4685,510584.521448,9.33085814226,10,
9628,499.331015492,669.16593,5799688.43162,14.0398338902,10,
9630,499.747847194,344.705439,1738230.35406,6.26496626359,10,
9631,499.76679496,790.21569,8786255.82656,2.60128501921,10,
9632,499.778627869,631.30488,2664183.43703,10.6349643231,10,
9634,500.172845341,86.670372,333261.407652,11.3712766157,2.0,[M+K]+
9637,500.221251473,826.6332,289088.745155,6.55471459815,10,
12187,649.295860849,413.263839,316678.310421,10.679981623,1.0,[M+NH4]+
9640,500.245340394,130.98549,9620064.30454,8.18487188851,10,
9642,500.25396373,193.258572,450164.543251,6.94296159335,10,
9643,500.256808879,436.195155,449476.008409,8.09591365089,10,
9644,500.265640813,691.0416,1545583.33469,11.1199792882,10,
9645,500.254864152,813.5604,427687.044387,13.2436197696,10,
9651,500.299690651,1415.70012,166738.14603,8.18545305325,10,
9654,500.750305949,344.68413,205686.475464,2.61342192946,10,
9655,500.76170546,36.1118709,284096.38856,4.5036606985,10,
9657,500.786576234,593.200962,3160695.49718,10.558817618,10,
9660,501.088893489,904.86888,534866.429261,12.2568404898,10,
9661,501.113107336,970.26558,269675.366163,9.90861802804,10,
9663,501.182786029,412.65939,518898.376675,11.0206023413,10,
9665,501.201869992,784.06317,965435.341989,12.5973271794,10,
9667,501.222953245,820.18092,742704.595352,4.6578659115,10,
9670,501.278446145,715.82982,748149.090315,11.8105391519,10,
9673,501.272492634,1400.79756,737877.631038,4.88246880837,1.0,[M+NH4]+
9675,501.288365928,678.77412,208409.081468,6.65774703052,10,
11580,601.276126613,89.691537,207618.066471,11.7920127415,2.0,[M+K]+
9677,501.338641197,93.531096,1034303.31385,8.33465573824,10,
9678,501.704040517,686.14812,306291.441901,5.46798971068,10,
9680,501.736384624,378.362322,897039.537214,6.75465431666,10,
9681,501.757746829,455.707104,3601535.08807,9.98914777453,10,
9682,502.141300477,270.362853,904353.898456,9.07268939059,10,
9685,502.188563151,58.8268134,493940.682074,11.0232866533,10,
9688,502.240400184,814.8186,472898.375792,9.62604576637,10,
11551,599.314028168,321.717684,667152.948853,7.31899490145,1.0,[M+NH4]+
9692,502.301383539,828.18786,294475.847742,8.05077589588,10,
9693,502.342067244,93.371349,220123.171357,13.9827083475,10,
9694,502.366650266,1374.2271,429376.605811,8.48598978221,10,
9695,502.713193599,819.59109,295689.50158,13.1308782616,10,
9696,502.797156006,716.63571,2849111.1255,9.79843658185,10,
9698,503.001268515,32.6137989,3232214.73393,9.16187330021,10,
9701,503.161710681,145.575528,1405347.09393,8.56637552963,10,
9703,503.224061985,407.179896,3023258.572,4.31212620748,10,
9704,503.224170701,1248.04668,516567.145341,8.23990220635,10,
9706,503.244794883,345.653004,208886.824952,7.16780058534,10,
9707,503.244469691,42.7857078,1770010.13329,12.4149001634,10,
9710,503.290387882,367.820205,1760010.63142,6.67330687211,10,
9713,503.319274938,89.685672,337992.9757,3.24356914799,10,
9714,503.716061021,758.03502,293412.283031,5.86740649811,10,
9717,504.159619784,989.38416,774029.716418,9.52166672624,10,
10013,518.222281727,390.19239,20742251.4703,8.5512108588,1.0,[M+H]+
9721,504.202761464,1033.80258,63761236.4078,6.30313745495,10,
9722,504.227121436,703.90407,4537307.84332,10.9211659005,10,
9723,504.219070395,390.668148,3429164.90246,12.9956530133,10,
10883,562.264430245,333.337434,1889272.88275,11.8882076916,1.0,[M+H]+
9725,504.219075758,230.26284,792961.187723,8.61475493668,10,
9726,504.21906747,57.908652,830151.862303,7.59334444231,10,
9728,504.239725766,371.965764,339181.190183,2.18058861589,10,
9729,504.253477021,95.595165,389199.689865,9.26540883464,10,
9730,504.248721837,81.145698,3394985.49955,6.8901149824,10,
9731,504.244144043,637.32246,9281989.43656,6.57797896231,10,
9625,499.286544433,444.838911,35591884.9487,4.22643025376,1.0,[M+NH4]+
9734,504.277533265,823.50105,308360.562216,7.0458186265,10,
9735,504.302099881,328.817625,208054.716716,13.1854082386,10,
9737,504.731210341,808.37844,201430.497209,9.46222881475,10,
9738,504.835045537,32.934135,484465.624092,13.2201039078,10,
9739,504.84539064,35.9158245,1024123.64544,9.02835576931,10,
9741,505.093947518,34.3743852,376858.109173,9.38506397362,10,
9742,505.120363541,975.83385,9822692.70423,5.00291191296,10,
9743,505.125946252,230.26284,113364.908991,8.73379396516,10,
11335,587.100059845,1285.3242,508087.17536,12.1167041641,2.0,[M+K]+
9745,505.187085716,279.512259,2539938.56176,9.26338516409,10,
9746,505.200977174,124.420923,2820816.47074,8.9380466983,10,
9747,505.222566187,390.744966,578072.774277,7.26682499346,10,
9749,505.239595234,474.430416,45494629.4362,7.49003251719,10,
9750,505.245337643,933.82188,9325322.86351,8.14478704345,10,
9751,505.247639596,637.38366,2238952.95601,4.67190037921,10,
9752,505.247390377,342.432384,543278.366164,6.38239977975,10,
9756,505.266055259,822.22338,488360.940346,5.67291165789,10,
9757,505.266836396,731.67912,229303.822056,12.2980333666,10,
9758,505.290696581,990.61878,549035.578841,8.39007811361,10,
9759,505.335107559,762.07851,204608.981431,6.38754981766,10,
9761,505.785342251,714.62724,349235.728002,6.84175358534,10,
9762,506.125132371,975.83385,2067418.90323,7.11294168048,10,
9763,506.147054407,1343.95752,546885.915997,9.30810820119,10,
11158,576.223627536,976.46922,897158.406045,4.89883167134,1.0,[M+NH4]+
9766,506.189210791,60.742305,5063206.67431,9.25514967038,10,
9767,506.173719606,962.50824,5085085.05527,7.56980163538,10,
9771,506.25025874,1423.31136,224048.107779,14.1554916752,10,
9772,506.255865636,76.137627,1184964.85075,3.39795593561,10,
9775,506.275954274,115.80786,321748.032897,11.9184244687,10,
9777,506.281382947,441.564156,4574949.55439,7.93627799991,10,
9778,506.341059817,844.032,529906.635918,7.9962219247,10,
9779,506.331344352,1366.59195,203635.424955,14.3881824104,10,
9780,506.346475764,44.0186826,1194776.70037,8.63491182861,10,
10911,563.485022228,1491.13668,1312349.51093,10.0987345806,2.0,[M+Na]+
9783,506.770938672,35.5879464,140339.461545,14.3146143234,10,
9787,507.138430422,981.47184,22180614.3453,9.39167132819,10,
9789,507.167697785,99.225228,440579.208497,13.0926629047,10,
9790,507.189763591,837.40143,440593.214954,5.84319014864,10,
11270,582.26180958,46.0341426,686940.459328,12.8748020408,1.0,[M+NH4]+
9795,507.218930002,236.81496,711390.459306,12.7561239709,10,
9796,507.235817495,652.26678,100346.405745,3.75096902058,10,
9797,507.255058279,591.746346,3820688.162,7.23230749132,10,
9798,507.261976742,1397.4288,16818009.1307,9.72611485305,10,
9803,507.280444685,838.371,648658.736647,8.47231259737,10,
9804,507.376025523,1218.00546,169434.183449,6.15435576243,10,
9807,507.751976206,600.59208,1966806.15702,9.68112067692,10,
11935,625.832244727,702.1329,1327556.5997,12.0330906855,1.0,[M+H]+
9810,508.170678436,988.21092,482567.762449,14.0965884918,10,
9812,508.212067668,42.8879502,3210520.28938,8.84694975177,10,
9813,508.213779201,303.926112,693480.495543,12.388679157,10,
9815,508.221522827,676.84362,7567505.54759,4.06974300935,10,
9820,508.286807524,427.358406,1442317.18343,9.48119893684,10,
9821,508.286950961,702.45474,1090098.88454,9.52844512771,10,
10508,544.294176202,145.892595,889173.425703,7.43770375401,2.0,[M+Na]+
9823,508.320434189,674.44317,188832.891431,14.3421275482,10,
9824,508.362241479,47.8161801,4099721.15136,8.04772832556,10,
9826,508.743497084,824.26347,799570.3804,9.4782990111,10,
11538,598.835630923,34.1620473,1168888.74637,10.74804793,1.0,[M+NH4]+
9829,509.01857131,33.5707311,2099045.78895,9.45688194402,10,
9832,509.173137129,55.3013952,1923642.26839,7.67705892019,10,
9838,509.244958004,824.24292,367568.650704,10.578052548,10,
9840,509.503244447,1461.93237,298774.799319,10.9794643374,10,
9841,509.766874335,807.18258,245269.609116,8.96289153225,10,
9842,509.799484809,714.05838,3023036.39431,10.6799984679,10,
9844,510.126093868,970.49424,396203.448021,14.4330999395,10,
9845,510.185648205,1064.02059,2944088.44094,8.13433038819,10,
9847,510.208416779,940.74732,241183.115899,11.8285419783,10,
9848,510.245219339,988.80912,5994047.95997,6.64067959355,1.0,[M+H]+
11372,589.292892761,278.721981,1009647.87505,7.21453934076,1.0,[M+NH4]+
9850,510.254690544,76.75854,687283.205864,9.19070183849,10,
9851,510.25457044,223.849842,285925.870357,6.23346831401,10,
9852,510.266639754,370.362504,438421.22115,5.31870755115,10,
11929,625.306567282,714.45564,3672560.62245,10.5861820892,1.0,[M+NH4]+
9854,510.327773774,699.06987,16830308.854,12.4221036215,10,
9855,510.324132739,1444.22802,423972.372444,4.25869362764,10,
9856,510.790428503,36.0806931,532458.414025,9.01577081371,10,
9857,510.802271175,714.13464,469990.976015,6.87960220012,10,
9859,511.016937703,33.654507,206913.315809,8.68138783175,10,
9861,511.137437252,975.80433,7994859.32811,7.4374424543,10,
9862,511.171240307,431.051343,2558762.87415,5.79532264497,10,
9863,511.17887845,934.0482,1410245.34914,13.7764358801,10,
9864,511.169740619,1071.27519,40529292.3761,11.236400398,10,
9865,511.190366287,735.0555,802549.181429,8.37913873834,10,
9866,511.193542459,141.946491,246005.038725,9.68159644544,10,
9869,511.228817745,730.767,1070484.65568,8.7615718851,10,
9870,511.239879194,448.576914,3452953.2028,8.92253733149,10,
9871,511.23965687,469.010538,15285320.27,10.3068992096,10,
9872,511.254219894,809.92869,2239409.30303,4.82688576577,10,
9873,511.247987068,330.435747,282791.150167,12.7116102817,10,
9874,511.248717584,988.67214,1362376.60217,4.30148394169,10,
9876,511.293910064,1413.25668,2504644.13342,5.79088493012,10,
9877,511.322927809,153.895308,683217.84232,13.2951694048,10,
9878,511.346574175,1068.40266,830169.815577,5.87262562383,10,
9879,511.422575861,1448.36988,1173501.54747,11.3892849306,10,
9880,511.726161599,374.732202,691645.871939,3.34229181367,10,
9883,511.965030567,32.3764485,259202.777481,13.3716837659,10,
9884,512.118847876,989.80176,490884.251592,13.4577720737,10,
9886,512.171505368,976.78638,13379595.0376,6.92326557644,1.0,[M+NH4]+
9889,512.192715453,735.29196,231139.971135,5.82632838319,10,
9890,512.193578271,790.5888,381199.138502,5.71767668646,10,
9891,512.208164121,417.697536,392724.081125,6.40537984725,10,
9892,512.218944592,986.84142,1229762.73269,11.9574858006,10,
9893,512.230463103,301.947489,496010.260069,12.2451568974,10,
9896,512.250617693,988.26072,133264.646033,8.43443474279,10,
9899,512.267651378,444.838911,9720726.24506,7.80338247332,10,
9901,512.270743948,158.512653,3001876.93495,9.31483433789,10,
9902,512.267566968,430.307658,3619081.77331,12.796703372,10,
9903,512.269294734,715.74162,563061.467156,7.86726541791,10,
9904,512.2943253,598.638285,10412624.8581,5.4227320041,10,
9906,512.306950068,536.885547,4914269.70936,6.66578829028,10,
9908,512.325217548,748.6833,2818053.44743,9.97476963728,10,
9911,512.737605717,345.994752,789646.011242,7.97808365437,10,
9912,512.759300417,325.693506,141351.651908,1.89429623635,10,
9913,512.78743753,35.9519619,374870.831321,11.2853710832,10,
9915,512.885448011,28.9019775,3134210.22096,7.4595322214,10,
9916,512.961948756,31.9279311,564436.580176,9.31813674102,10,
9917,513.058595217,88.049745,349032.067216,14.8984741321,10,
9918,513.135675675,929.76318,116832.438313,1.85395799703,10,
9924,513.224021458,1038.23514,208182.210831,8.67490897003,10,
9926,513.237941372,242.007582,179768.36767,14.6273083354,10,
9928,513.301792709,309.451686,205421.083604,12.1737773748,10,
9932,513.42875652,1029.66414,749765.698528,6.74431153745,10,
9933,513.438159555,1465.21338,865043.477288,9.41145190361,10,
9934,513.614567172,1124.21826,462697.964507,13.6141760496,10,
9935,513.794282986,687.43188,422642.471276,12.8278411458,10,
9936,513.804428648,990.54381,197742.977515,11.1465087689,10,
9939,514.180750077,973.52928,4689626.43389,7.68928483853,10,
9940,514.180145484,431.147412,391049.737101,14.7663641195,10,
9944,514.224392904,617.28834,370881.397469,10.0380382921,10,
9945,514.229439166,379.337268,145718.113864,10.9355880201,10,
12925,748.28031397,88.572696,1254303.96776,7.92787610227,2.0,[M+Na]+
9947,514.260852086,56.633337,1511475.24228,6.28450216912,10,
11309,585.33888277,842.7381,354334.145354,7.08778323788,1.0,[M+NH4]+
9951,514.28361722,146.528031,466838.953467,14.9140135611,10,
9952,514.312103557,588.703968,3654487.49116,9.01096622539,10,
9954,514.349306797,740.77896,435160.403817,7.39634449368,10,
9956,514.707298639,757.88883,194112.020785,14.502268343,10,
9958,514.965342572,35.16858,187608.654632,10.0239139689,10,
9960,515.104650474,951.3771,306462.04453,11.4085801582,10,
9961,515.165530487,976.23288,738978.73671,0.356266683254,10,
9965,515.185196204,988.21092,521996.972952,5.43289874916,10,
9969,515.221227041,256.011405,349540.457305,7.17110774748,10,
10941,565.260461793,349.219758,1418372.72728,10.1149229841,2.0,[M+Na]+
9971,515.264310105,185.81451,769722.601234,9.14370155514,10,
10487,543.298576243,232.493346,584726.506731,3.87937543494,1.0,[M+H]+
9974,515.289949664,496.258428,3482237.46674,11.0145978701,10,
9975,515.7908968,699.8769,1446678.29004,13.4167928231,10,
9976,516.08440035,970.49424,323749.392912,14.0080249351,10,
9979,516.196371663,986.98572,209930.685478,11.6691115356,10,
9982,516.239610131,388.271766,362450.680149,8.46295225498,10,
9984,516.27694509,282.581169,14178901.1515,12.8917335913,10,
9985,516.284114599,582.144024,34333616.3361,13.9724142729,10,
9987,516.281623928,990.53898,910529.184545,9.33479153472,10,
9988,516.31335109,1006.14087,993233.902025,2.69643743807,10,
9989,516.320256181,111.030492,137062.018509,13.5058189089,10,
9990,516.370351613,1489.94196,1692238.98266,1.25547427119,10,
9991,516.415084625,1558.08834,509264.285755,5.17338567903,10,
9992,516.783529139,990.61878,385556.141515,13.1440235436,10,
9994,517.120383833,981.33882,4651278.62202,11.2701104995,10,
9995,517.205538247,1064.02059,1161477.77759,7.96988717242,10,
9996,517.224654573,896.42811,577305.639409,6.76877685028,10,
9997,517.224735925,915.3633,122068.651118,5.70519243793,10,
9998,517.237177933,1063.70439,2449915.60033,5.60299917078,2.0,[M+Na]+
9999,517.23136658,43.7341779,5986229.99431,6.98307376106,10,
10000,517.235242775,481.562184,905800.513366,6.8005756547,10,
10001,517.261274208,115.018056,753188.972486,10.8453305328,10,
10002,517.276052383,544.53786,7539910.81248,8.56171546159,10,
10005,517.30885767,93.213654,3296180.25878,8.67330351855,10,
10006,517.796872525,790.37055,449218.515607,8.89307394047,10,
10007,517.883469895,32.2461123,791024.256033,11.6861767522,10,
10009,518.167146401,1280.87736,80782.8926357,8.61317189789,10,
10010,518.175611316,877.85514,318407.704961,5.14712044208,10,
10011,518.194420844,64.526394,946863.89675,13.346577473,10,
11406,591.297255149,313.160247,332485.950973,12.9169404576,1.0,[M+NH4]+
10015,518.233098373,43.7341779,1199172.0816,11.1272502389,10,
10016,518.235032384,68.601282,597228.196042,11.3404234596,10,
10018,518.242249604,273.079602,678219.617322,14.7412360555,10,
10019,518.242859927,204.924948,864130.251045,4.47784865892,10,
10020,518.274711608,702.29439,3909315.17776,12.3590413701,10,
10021,518.256232958,267.955596,4409622.77427,12.5416655055,10,
10025,518.341365847,1445.67546,393006.331748,10.5409927982,10,
10026,518.732363149,35.8200798,147884.360693,13.2494716937,10,
10027,518.739762561,312.72024,197702.982237,12.0939488713,10,
10031,518.977316626,32.6948877,2252567.4941,8.84100813353,10,
10037,519.191792773,600.22434,208558.432803,6.33855554455,10,
10038,519.193962697,956.58657,186392.288009,14.7664850237,10,
10039,519.198087257,1247.85162,200106.621089,2.5349172902,10,
10040,519.204988139,202.533711,289163.93788,7.36875144825,10,
10043,519.255305932,334.458624,3337550.84745,8.84772070793,10,
10045,519.276609597,317.039433,12528870.5728,8.76748403328,10,
10046,519.276174372,986.40096,241712.078385,10.7132660858,10,
10048,519.313367154,1272.1527,305456.217296,8.61603905702,10,
10051,520.145197632,1320.08172,728331.320322,13.2049002741,10,
10674,552.274505676,378.698268,1107023.76472,9.30879426999,1.0,[M+NH4]+
10059,520.286960846,892.54098,1927379.93969,7.6185549771,10,
10061,520.302037722,674.6001,335321.118335,5.97469131997,10,
10063,520.413993936,1487.27676,472315.15519,14.5352358882,10,
10064,520.471662904,1490.69757,1408404.80446,14.992972697,10,
10065,520.757960432,807.33912,502005.136397,5.26229693078,10,
10066,520.790333714,714.05838,1937366.95352,11.9853129036,10,
10067,520.807677868,744.65073,2086646.85931,9.02582278767,10,
10068,520.81919188,36.1547964,769855.421661,3.36686222675,10,
10069,520.83149708,33.893385,802571.521342,2.82495879266,10,
10070,520.999276223,31.9779852,369007.272167,8.42883940432,10,
10071,521.147303649,43.7341779,2891747.65636,7.75555701772,10,
10074,521.22297935,933.88896,10020837.3288,13.8326265637,10,
10075,521.218933068,962.50824,501003.578156,11.8939654201,10,
10076,521.234759227,319.299123,24694798.2824,8.5695852834,10,
10077,521.237978328,60.07503,5534187.82087,12.8864363418,10,
10078,521.251025282,921.5526,373174.932903,1.56309054129,10,
10083,521.293913681,772.90023,574203.20235,10.3614837253,10,
10085,521.300254415,283.419486,789364.118688,1.71790627532,10,
10089,521.748517976,453.121179,3902380.12152,9.30774769311,10,
10090,522.185242144,1064.02059,1956556.42075,2.94980814933,10,
10092,522.203346028,826.89816,230282.156228,10.52509126,10,
10093,522.202909673,977.12814,395259.196901,10.2103821609,10,
12404,675.329412942,368.719755,2863178.87665,13.0472063476,1.0,[M+NH4]+
10095,522.258963495,119.88618,114796.592413,10.4239356274,10,
10096,522.276158656,208.547523,1083414.4897,6.97313769203,10,
10097,522.275940811,158.001657,4900059.42284,3.15498145008,10,
10099,522.276141797,123.146583,14657795.015,7.22084638968,2.0,[M+K]+
11499,596.320630953,689.87631,823185.101191,11.3231976353,2.0,[M+K]+
10102,522.596268035,1361.78205,9341470.81687,10.1608312528,10,
10103,522.898572662,33.0141975,1550183.28321,9.4457006867,10,
10105,523.222207113,284.682231,7717394.84338,11.1326932213,10,
10106,523.240404536,319.2375,818794.840934,8.67672793378,10,
10109,523.249980599,128.456556,1097746.37993,7.06933086673,10,
10112,523.315471429,145.619175,257256.913474,7.73271511124,10,
10113,523.728374404,345.994752,166924.54151,14.1980221087,10,
10115,524.080084007,876.75708,1042732.45471,1.75460902759,10,
10118,524.206627476,75.317433,15545192.2454,5.56647367865,10,
10120,524.239864385,287.166978,213003.495953,9.41997105316,10,
10121,524.253379071,128.534397,196084.164325,13.3342859278,10,
10123,524.260991714,1079.83308,26029004.3686,10.5230395144,10,
10124,524.260921004,856.17744,2453166.43385,3.4015980842,10,
10128,524.270455132,387.453786,1924087.08162,12.570638715,10,
10129,524.270550135,235.205094,922067.888259,3.19553844562,10,
10131,524.834931977,323.227872,156493.416024,13.8114040846,10,
10133,524.994422938,33.5229231,3122698.64155,9.98741811696,10,
10134,525.084815879,1295.92062,269827.172739,10.0465276272,10,
10136,525.129961707,1285.35045,16191833.8412,3.71276159596,10,
10137,525.153000631,989.96076,40392446.7948,3.75314283728,10,
10138,525.198569123,231.926472,397059.958846,8.85142555292,10,
10139,525.193314465,624.33378,379234.296827,4.7647820257,10,
12432,677.319919526,77.241162,2527605.07727,13.8773811074,1.0,[M+NH4]+
10143,525.249505773,1058.94408,1155103.15965,3.01210769218,1.0,[M+NH4]+
9191,479.223855347,346.334634,13865552.3884,4.84809246955,1.0,[M+NH4]+
10884,562.26155335,842.13732,345107.798149,10.4400207378,2.0,[M+Na]+
10149,525.711908114,435.668292,508177.847811,4.6182006154,10,
10150,525.747149093,345.976884,411044.290712,6.2764017015,10,
10151,525.760791717,841.48782,585833.062554,9.45830279803,10,
10153,526.111581579,981.4578,2320811.03663,8.1515327833,1.0,[M+NH4]+
10155,526.174784343,1363.40064,213909.018801,2.5710174283,10,
10156,526.189669815,890.98314,330805.969404,10.0405530325,10,
10159,526.257803746,702.45474,1890731.07507,10.0685123729,10,
10160,526.263218898,821.72547,7102399.33392,8.13243251275,1.0,[M+NH4]+
10164,526.482191177,1473.47838,236301.000999,12.6647517707,10,
10165,526.76473332,821.68632,4147549.78001,7.69461027845,10,
12320,664.164548804,1343.57058,1136425.72293,2.25372136336,2.0,[M+K]+
10169,527.15232738,962.40768,2091017.62437,6.67213575051,2.0,[M+K]+
10171,527.168515669,1064.81172,12949594.3003,2.59126356836,10,
10173,527.194991334,232.31646,271183.380655,5.73602166244,10,
10176,527.266045552,821.68632,1283703.75811,8.09467551479,10,
10177,527.263915755,86.186538,344825.892874,7.44939195398,10,
10179,527.26348866,778.58328,180002.513034,12.8850927347,10,
10180,527.281720144,615.09612,475036.812832,11.0718927646,10,
10182,527.303606033,1006.15002,444929.268628,11.752729494,10,
10185,528.165119387,514.366818,594027.992553,8.74704461655,10,
10186,528.179898173,38.9719002,1369302.36519,9.77066143717,10,
10188,528.239229955,807.17775,372087.460206,7.34264609711,10,
10189,528.24059664,60.569532,9339183.18788,5.99701849348,10,
10194,528.292377113,918.03336,106000.883869,11.7352472833,10,
10195,528.30926809,845.29158,1168473.69627,6.41249461884,10,
10196,528.317186785,807.50049,6569501.88106,7.77747522083,10,
10197,528.338335711,608.92422,182662111.05,4.15795251656,1.0,[M+H]+
10198,528.447770556,1031.6124,532163.282277,4.66138853544,10,
10199,528.62090278,772.73859,3847290.3334,8.25534045906,10,
10200,528.7118998,264.945039,195978135.915,10.2722001991,10,
10202,528.787752639,790.16718,306432.083492,6.48945584274,10,
10203,528.862991956,29.140545,3577843.95121,6.6063725788,10,
10204,528.955116326,772.90023,3313440.09024,7.82019080847,1.0,[M+H]+
10205,529.120162354,981.99606,214369263.394,7.69743643576,10,
10206,529.134636367,633.94878,187296.201383,6.63147101378,10,
10207,529.149033208,877.72656,1712196.31576,14.4398042242,10,
10208,529.148027836,946.65624,190454.999381,8.38215518397,10,
12071,637.292757271,386.513202,4496302.32441,8.85537377932,1.0,[M+NH4]+
10211,529.234295185,80.440272,1647214.15576,11.1811655343,10,
10212,529.247570257,770.80278,206651.144708,14.9710349389,10,
10215,529.260799441,348.889014,875838.093078,11.5657035835,10,
10216,529.289407589,772.90023,1428012.9786,7.72058085317,10,
10218,529.312474832,617.44905,833983.968028,10.935993634,10,
10220,529.323363375,490.497312,231474.568474,14.6452539933,10,
10222,529.333338489,657.73161,17817601.4907,7.26241029591,10,
13135,782.941102069,772.73859,2399986.80407,5.92239679231,2.0,[M+K]+
10225,529.714508012,265.136886,16909311.5661,9.23710055945,10,
10226,529.733731646,600.24723,2067131.37061,6.63809435808,10,
10227,529.739018024,750.8031,259612.211277,7.46616683792,10,
10229,529.79894987,791.98572,539690.70961,2.72200578345,10,
10230,529.79561361,733.08762,540687.886596,9.89935759388,10,
10231,529.864059897,29.0889849,1665524.39807,9.19566446361,10,
10232,530.056717528,133.624692,338482.079318,1.71389015928,10,
10234,530.151582572,877.53516,238933.858069,8.74317198465,10,
10235,530.154483348,961.55412,1746758.9076,7.98464202723,10,
10236,530.178693438,1061.12424,333358.760262,9.80684600934,10,
10238,530.182117921,931.98468,1123295.48529,3.91166901596,10,
10239,530.216044347,265.422222,3286546.75977,11.5876809973,10,
10241,530.242261182,778.90728,729720.745885,6.78962116936,10,
10242,530.264007139,348.783504,180664.111629,3.19570194489,10,
10243,530.279203699,415.495833,1230233.1447,8.19849277329,10,
10244,530.271024651,568.138212,1310301.14856,9.32278139426,10,
10245,530.276879586,40.2910122,1079016.91668,5.77608173259,10,
10794,558.323600628,317.10549,361803.129517,5.04990301426,1.0,[M+H]+
10248,530.31766624,435.776406,497172.235638,6.02986067908,10,
10249,530.32934956,479.558544,2131834.01126,2.41095463757,10,
10250,530.337046502,592.709655,2204308.1825,9.10725936224,10,
12171,647.374894614,826.08744,1081315.21766,6.04190682611,2.0,[M+Na]+
10253,530.787962023,691.00506,852144.408028,9.17368829077,10,
10256,531.16319298,964.83426,1631730.90913,9.12143352864,10,
10260,531.287772945,57.4098408,35078559.6907,10.229410395,10,
10261,531.287679437,140.169306,255263.972821,10.0784981187,10,
10263,531.312849041,1064.02059,1747715.67581,7.84220107161,10,
10266,531.406217347,1484.0901,501131.345268,11.9476559798,10,
10267,531.485186125,1462.43592,1868863.05732,8.03326154255,10,
10268,531.711595032,346.201878,131357.264115,9.99777589305,10,
10269,531.798509618,744.68418,179921.095478,6.27215541523,10,
10271,532.141580292,991.17558,394425.988285,10.3588743817,10,
10272,532.16984488,961.23636,593465.950618,2.86536032111,10,
10273,532.195583299,74.371965,4243351.35056,3.63718513217,1.0,[M+NH4]+
10274,532.197915605,963.46224,6062548.17479,7.35596495868,10,
10275,532.22725302,988.96866,567855.289958,10.8935395499,10,
10276,532.249295449,48.5446398,1121247.75428,10.5129695443,10,
12142,644.371375669,223.52484,213846.753015,9.04942776931,1.0,[M+NH4]+
10283,532.30778305,68.611188,751835.729485,5.60298038724,10,
11671,606.341605715,768.8538,792049.790055,9.76814222858,1.0,[M+H]+
10285,532.323140834,596.068536,29084328.49,3.4067244543,10,
10287,532.438476392,1558.25994,1730804.83885,7.48774880586,1.0,[M+NH4]+
10288,532.4885249,1461.77052,586865.620416,13.5898986577,10,
11048,570.737280265,689.4876,417130.409368,11.0945840644,2.0,[M+Na]+
10290,533.047459214,594.777972,171580.505178,6.64144457503,10,
10291,533.094914187,1297.06989,249126.532021,7.9109762499,10,
10293,533.130876418,1062.43734,866242.153678,6.78972761099,10,
10296,533.200960179,963.02382,1308721.13712,14.3339416595,10,
10298,533.222623193,344.817996,142581.445146,2.01981590957,10,
10299,533.24161517,841.60557,608928.769814,8.8154607121,10,
10302,533.278831181,1253.52012,5169831.04476,11.0638550777,10,
10303,533.292240638,200.098704,5090270.38407,11.4266365393,10,
10304,533.30026906,489.204426,526534.415942,4.24530056739,10,
10307,533.328502448,1068.81774,1626407.62144,12.1271897147,10,
10308,533.441014389,1558.17414,290044.515947,14.4827060228,10,
10309,533.761095602,625.18242,1347334.26781,7.56038447368,10,
10310,533.859780867,32.2461123,1011941.18543,9.09509733595,10,
10311,533.942893614,772.90023,4494691.28418,8.32903107632,10,
10313,534.185698525,1066.96086,27320010.3566,10.679204178,10,
10316,534.217248125,237.076344,12813735.814,10.6014200023,10,
12023,633.326935169,424.465785,254002.432888,13.5910397403,1.0,[M+NH4]+
10318,534.253641482,1127.50773,435225.960051,12.465316607,10,
11482,595.286245949,772.40292,1153130.01051,11.7744765898,1.0,[M+NH4]+
10320,534.288847696,864.10845,279940.025597,1.27606367282,10,
10322,534.295303944,430.307658,915430.409566,14.0154940961,10,
10323,534.31238179,353.868882,941837.323767,3.34345695231,10,
10326,534.611347732,772.73859,1776536.88443,8.88866395627,10,
10330,535.078354456,840.34179,504374.784392,9.63708186297,10,
10331,535.113920262,32.9320416,463269.61605,14.6242279147,10,
10332,535.127711165,1062.77634,333142.897517,14.2365768018,10,
10335,535.1392003,38.590257,1035220.55414,8.23303195075,10,
10336,535.131292278,950.8899,574062.647659,13.0578117861,10,
10338,535.214113546,116.940486,477576.504073,9.52458145627,2.0,[M+K]+
10339,535.223898935,1021.09938,390952.836532,9.76026225275,10,
10342,535.315500528,354.032256,175679.246573,7.06036261145,10,
10343,535.328757645,799.3074,255225.137362,7.04936328765,10,
10344,535.88145273,32.0578176,289471.739563,13.8587285718,10,
10345,536.133978816,905.35125,225139.36697,14.6726568253,10,
10347,536.186771742,934.20639,3384768.95083,5.33668571974,10,
10349,536.232688616,974.40345,1145277.48932,10.6854515528,10,
11731,610.318171035,441.180534,1611879.02623,8.8117371002,1.0,[M+NH4]+
11357,588.308769336,126.611208,809646.165097,14.8434556736,1.0,[M+NH4]+
10353,536.270758538,358.033764,534335.133718,10.8185070936,10,
10354,536.286105085,1373.10216,772170.333384,7.51425553953,10,
10355,536.291570329,294.092244,291058.874681,13.8288384003,10,
10356,536.285883168,771.11502,2504023.04213,5.21667360469,10,
10357,536.327670219,145.59525,272094.7596,8.73408464947,10,
10360,536.786439917,725.91645,330229.163291,10.5176347357,10,
10361,536.805291327,33.893385,568967.975163,5.11879103508,10,
10364,537.16459596,1405.06914,987464.777758,13.0258221784,10,
10365,537.178654759,348.092883,2011356.24201,6.67222893736,10,
10368,537.193683501,39.5632644,1978041.89075,13.4758484951,10,
10370,537.226935858,454.504536,237550.515712,8.04084217826,10,
10371,537.232924678,100.51848,274335.443626,13.6014550479,10,
10372,537.239540432,265.11798,2249021.04651,7.10134566639,10,
10373,537.233549753,808.74528,276197.473374,3.81954011834,10,
10374,537.254113252,821.68632,6754786.52853,6.89219301005,10,
10376,537.248696421,336.339888,273900.270575,11.1256610324,10,
10378,537.254964916,1189.2156,124122.678555,0.195674683532,10,
10379,537.262785604,302.665734,329917.53179,11.9273711115,10,
10381,537.27416448,433.5234,1578544.08844,6.70526062405,10,
10382,537.301818714,138.837594,331356.182208,12.3530915408,10,
10384,537.422803685,1282.30185,817370.553302,7.35727461372,10,
10385,537.534328019,1491.33156,4823818.24799,4.64244181601,1.0,[M+H]+
10386,537.755708345,821.56386,3796256.13548,9.34119990514,10,
10389,538.18702268,960.48444,596418.073044,3.96797394115,10,
10391,538.199533223,111.761304,163420.957472,13.408675016,10,
10393,538.224774346,306.389934,581168.850045,9.10305438892,10,
10395,538.247336349,585.570753,227372.299451,11.3582349704,10,
10397,538.261554493,348.566262,596698.827332,3.87627438512,10,
10398,538.257625359,821.71296,1132945.84783,3.70210340265,10,
10399,538.276011485,433.938156,185756.174392,4.7617937542,10,
10401,538.295318904,1006.11852,723016.066156,10.1618926023,10,
10402,538.32599104,1020.4614,776135.626692,1.92855721289,10,
10406,538.801062587,869.55618,258012.172333,12.6406101692,10,
10407,538.811133676,990.53898,283681.966269,3.59015250031,10,
10409,538.931504801,772.89348,316517.4137,13.8466282416,10,
10410,539.059336976,877.30674,2658253.68821,6.69253438421,10,
10413,539.200254905,264.945039,56199787.9945,9.97399129643,10,
10414,539.195734892,933.5718,877028.420277,7.8874481027,10,
11761,613.260604922,442.929414,2489011.59633,6.12591312843,1.0,[M+H]+
10416,539.229874655,176.643291,493013.309205,10.3716470561,10,
10417,539.245051434,397.170711,2521455.53835,5.93154223419,10,
10419,539.244087918,59.7831543,2348666.18653,11.3699967154,2.0,[M+K]+
12036,634.339472141,486.02025,604725.766787,11.6906868711,1.0,[M+H]+
10424,539.413976396,1331.14236,92547.7907381,10.5613994119,10,
10425,539.600563784,772.90014,313798.660735,11.1508517836,10,
10427,539.759797145,444.360909,3112666.87847,8.74396477777,10,
10428,539.815495035,766.11402,191562.508352,7.8769824214,10,
10430,540.018344422,595.096842,327517.522375,11.6781007289,10,
10433,540.202589722,1067.64243,51453972.4928,10.9692686308,10,
10434,540.212291501,1127.62485,877399.19782,0.831426854518,10,
10438,540.255485586,310.181748,237740.259528,3.66558110237,10,
10439,540.269750349,90.63261,378636.350126,1.75689274315,10,
10441,540.338124341,671.19702,9942428.93158,8.12377611376,10,
10442,540.374617863,756.11328,6543349.08183,5.83205653641,10,
10443,540.445864453,1371.0087,159267.930938,4.89950307354,10,
10444,540.768897825,689.38089,800221.500387,14.0138572193,10,
10448,540.969358758,33.5707311,1792145.6384,7.46840073911,10,
10554,547.136757878,988.52895,2111555.78129,5.67672876545,1.0,[M+NH4]+
10450,541.147875428,905.35125,1128218.75685,9.14406751129,10,
10451,541.147877948,951.40599,516843.32084,10.4995838883,10,
10452,541.152504818,208.59972,1021218.75328,7.50045593157,10,
10453,541.178071527,123.26817,384411.997433,6.367569024,10,
10454,541.227918708,1058.78559,3942887.62788,13.3169627107,10,
10457,541.270081857,689.39355,390604.497013,6.14431506005,10,
10458,541.270121545,790.49004,421614.149599,6.47858411177,10,
10460,541.313742226,1143.04104,181108.428915,9.49238469428,10,
10461,541.337751145,61.473708,867543.162032,7.73720937222,10,
10462,541.333412181,590.144838,30803126.8514,14.5270474827,10,
10463,541.421766286,1492.28562,406595.257303,4.01576125627,10,
10466,542.107094071,1285.30824,177977.864037,14.1831506342,10,
10467,542.133480858,34.4819298,225846.835841,11.4796009966,10,
10468,542.150967898,905.09142,157277.112269,7.55615129538,10,
10469,542.171602949,428.013411,258119.561782,10.4395286982,10,
10470,542.167177731,1090.8459,5543652.51552,7.58473507042,10,
10471,542.166945555,1074.40554,6666409.70433,13.1836427673,10,
10472,542.218201115,1113.41133,5950568.48226,5.83414924315,10,
10475,542.244260568,335.056764,201216.681334,7.07047000891,10,
10476,542.257503147,760.46658,141189.810396,10.036962495,10,
10478,542.328747656,107.870172,435559.295431,1.42508505313,10,
10479,542.819431855,31.7397603,631849.108706,11.4078979631,10,
10482,543.216679268,319.560126,1934690.6217,8.36122736627,10,
10483,543.244639956,423.128976,486876.661962,7.56046992164,10,
10484,543.291369578,567.042462,47879050.3064,12.3756203279,10,
10485,543.280004182,688.78224,276110.82214,12.5121931488,10,
10486,543.295231357,455.846853,333982.608049,12.6320064423,10,
10488,543.295313517,391.613532,699861.746989,6.2842629551,10,
10489,543.312511188,69.876999,463858.53544,13.6163195063,10,
10490,543.320610412,759.49554,110428.751029,7.23726412078,10,
10491,543.348737451,730.82826,2018531.3071,10.293988675,10,
10492,543.71642288,277.945488,323398.912485,12.1032305718,10,
10493,543.743671421,689.68164,662483.111649,4.21668410698,10,
10494,543.779572734,295.143234,554341.807101,8.60580962642,10,
10496,544.02297104,1258.29546,325698.379967,11.7092540841,10,
10497,544.14674216,1061.48487,4973235.30017,8.88541026344,10,
10498,544.209169969,130.599672,212689.320993,14.2146588639,10,
10501,544.236593549,368.684382,142196.070239,10.9344828417,10,
11374,589.318091206,510.029745,15463856.5175,3.84466315278,1.0,[M+NH4]+
10503,544.257064928,122.954796,1339008.00175,7.020770953,10,
10504,544.271434784,373.451826,4398027.85419,5.57455624163,10,
10506,544.275559806,896.91822,241504.12762,6.09221378785,10,
10509,544.328903651,773.3841,416912.106022,7.89264789979,10,
12208,652.401598862,621.22314,2864082.9731,7.45556950341,1.0,[M+NH4]+
10511,544.347997654,854.02068,102353.326196,4.19575070327,10,
10512,544.523776256,1258.22442,236150.336025,10.897848118,10,
10513,544.751686853,625.26408,582706.994788,10.1642357416,10,
10514,544.798941894,707.29014,2118157.82876,10.4821992956,10,
10515,544.829786826,773.54541,231312.20527,12.4122802122,10,
10517,545.011058681,887.84772,233103.854848,10.233360638,10,
10518,545.02343392,722.93289,6218705.28502,7.01265384056,10,
10521,545.189587017,934.01808,626837.229112,9.89734363699,10,
10522,545.212161322,80.519505,7018199.5121,8.71721695877,10,
10523,545.218170487,1163.20704,3273551.3652,5.66699892881,10,
10524,545.218472664,1177.23966,2007341.65471,0.812465820982,10,
10525,545.228860584,990.177,536620.581288,5.04716005278,10,
10526,545.236624302,821.72547,3291816.94668,5.68108446895,10,
10527,545.255505413,314.12643,382361.583526,8.99099748488,10,
10529,545.269513163,735.02016,233645.777394,9.7374024843,10,
10531,545.317839249,861.63546,904158.918605,9.11277916676,10,
10532,545.328484459,402.017028,13838223.2862,5.29304246582,10,
10535,545.753893637,742.3332,516213.350101,3.54618513049,10,
10540,546.23824107,51.8869983,256271154.548,8.01927404839,10,
10542,546.252773954,360.450012,240536.19138,8.70008830558,10,
10543,546.255013719,742.35552,227286.22974,14.4319131745,10,
10544,546.273428801,779.69172,9224938.58105,9.00406954485,10,
10545,546.269769188,859.2243,537732.126523,3.91791092225,10,
10546,546.331906456,402.161211,3627167.20157,4.72762606246,10,
10547,546.331660927,104.95998,853536.717362,8.43546803359,10,
10548,546.337651228,694.82952,305610.597553,2.66857403201,10,
10549,546.34893172,723.98775,2432291.94642,9.08944786583,10,
10550,546.739977334,252.184536,380550.839605,13.011501763,10,
10551,546.825365187,783.4161,1009652.64952,4.02512469066,10,
10552,546.932381937,181.309326,795684.589703,4.39498716502,10,
10556,547.174970197,624.29898,179116.648821,13.0896399811,10,
10557,547.183740798,265.263036,81980581.3159,11.640456013,10,
10560,547.246410315,855.74184,110047.13186,2.37042848027,10,
10561,547.266199375,244.898529,433815.320759,9.33500523166,10,
10563,547.27147683,397.501026,1152344.6953,4.78193751719,10,
11700,608.312425418,231.130653,525360.249885,13.2331219502,1.0,[M+NH4]+
10566,547.283020676,117.628674,635389.569544,5.3652626616,10,
10567,547.298527506,649.56264,2965446.33501,5.76049400872,10,
10569,547.359736071,246.184722,686515.165359,12.7651304825,10,
10571,547.734015847,215.829963,10778631.5712,9.43331970296,10,
10572,547.776031067,364.934016,780776.253447,8.59661402163,10,
10573,548.141000662,988.43016,522731.470802,10.0709409245,10,
10579,548.263713318,522.871191,9708332.14197,3.69292310665,10,
10582,548.274579402,397.976211,125942.98294,13.9476507614,10,
10584,548.277066837,692.01,226214.828069,2.37324615751,10,
12626,701.360253743,793.43649,3530867.52916,3.60740573535,1.0,[M+NH4]+
10586,548.304511872,857.15046,662200.05787,1.86352077698,10,
10589,548.308433827,822.04803,243990.789843,9.72307391681,10,
10591,548.385120791,1413.39324,401432.562611,5.97047746472,10,
10592,548.463853636,1472.92896,2387239.2643,12.3242719058,10,
10593,548.502791638,1567.5777,13770996.2363,6.45768849827,1.0,[M+NH4]+
10594,548.716135525,252.344538,1161210.75,6.32383983165,10,
10595,548.736878927,215.507079,1883006.92908,8.34144493075,10,
10597,548.765060203,539.295825,22116211.6423,5.8791778688,10,
10599,548.7720502,791.98602,138874.068398,14.5311458385,10,
10601,548.994726822,32.1369237,589626.858735,2.56887249832,10,
9457,492.213691746,971.34657,475600.853753,10.50275992,1.0,[M+NH4]+
10603,549.133244202,91.290351,382643.795446,8.40280103213,10,
10604,549.133059882,47.1585519,2232731.28166,14.0475330439,10,
10606,549.165619901,962.90058,341620.326665,8.93458829881,10,
10722,555.199812572,1163.58612,17735374.6857,7.76799546596,1.0,[M+NH4]+
10610,549.250707183,86.829042,1494432.32621,6.19860110432,10,
10613,549.247756817,720.10776,278424.327881,9.35366739685,10,
10614,549.266406185,539.295825,7742066.90102,8.93281290066,10,
12280,659.370827283,339.729561,4359230.50038,9.85837215284,1.0,[M+H]+
10619,549.317094705,1020.46038,456563.516696,6.02740337473,10,
10623,549.814112758,672.04902,1310564.15983,8.37842077563,10,
10624,550.110698253,970.81224,376202.119403,12.2322589657,10,
10625,550.117062876,136.0593,220567.038407,6.18754734113,10,
10626,550.11717595,174.54945,793130.746363,3.53414191318,10,
10627,550.163409363,1061.64333,9886413.09982,6.53602212382,10,
10628,550.192423626,265.155792,4229066.22398,4.98380661871,10,
10629,550.216394474,1421.6958,501174.111377,5.62716895374,1.0,[M+NH4]+
10633,550.223290899,336.544002,3752977.95423,7.24970942194,10,
10636,550.23306657,191.851512,424474.60216,11.7999281325,10,
10638,550.249979427,526.117692,413490.848067,6.59058303401,10,
10639,550.286328965,399.911205,1180831.18715,8.90944246712,10,
10640,550.302579335,650.45634,3490232.11017,12.6117899151,10,
10643,550.724987464,290.735919,26164503.2075,9.28603913563,10,
10644,550.752398771,315.81975,480403.722749,14.3841702811,10,
10645,550.803930155,650.84424,2001163.03024,7.50748157595,10,
10646,550.840058273,35.3795751,445215.223132,9.37773268065,10,
10648,551.027889984,887.6664,288501.967273,13.1821796072,10,
10650,551.181688459,80.514912,730699.476102,8.213954939,10,
10651,551.193767489,252.184536,4308161.89969,6.04849604918,10,
10653,551.207700607,417.020784,2073936.60772,3.12909792806,10,
10654,551.22627629,290.575794,9162605.42351,9.73150751628,10,
10655,551.222053627,995.09478,66465211.4056,11.4044997904,10,
10657,551.244985526,243.885468,533724.962177,6.52204149557,10,
10659,551.279240951,263.354793,591291.39457,9.91664630095,10,
10660,551.291628446,380.731158,1842805.86163,14.7982725868,10,
10661,551.289355256,730.38162,137428.224846,11.7157433934,10,
10662,551.325544813,729.73338,96225.3254466,12.3373144509,10,
11521,597.438750803,1347.08751,1234111.0291,6.71622759643,1.0,[M+H]+
10664,551.695500202,252.184536,2071694.61289,6.6755203631,10,
10670,552.227624003,73.486035,29128907.809,6.08203899588,10,
10671,552.244618281,543.100086,798991.835163,6.22906561191,10,
10672,552.258299099,838.85187,268252.904322,6.73485762675,10,
10673,552.266620787,225.956952,227720.828082,0.644392385203,10,
10675,552.32575829,887.23632,1557488.8288,11.8253884165,10,
10678,552.804868806,706.41414,1155449.26602,6.33541914311,1.0,[M+NH4]+
10680,553.024834265,887.8278,209274.867132,5.97906638827,10,
10681,553.028713957,1191.43782,146291.619692,10.5942043738,10,
10682,553.173595483,218.420958,440394.134141,9.0197169321,10,
10683,553.208248122,906.0117,186975.561659,7.86738696326,10,
10684,553.209921148,291.375669,464484.781453,10.8601948789,10,
10686,553.236287334,625.28034,295187.054049,5.74719201658,10,
10687,553.243139776,455.387103,373315.371033,9.59393555332,10,
10688,553.252407676,692.01,5617254.11127,4.53510012465,10,
10689,553.247255234,811.9902,1855419.66537,4.54841813822,10,
13210,800.375242819,317.74899,315463.374363,13.3561402374,1.0,[M+NH4]+
10692,553.295178108,994.70988,128814.786736,12.3592713199,10,
10697,553.736587729,742.44198,465097.237127,4.114909307,10,
10698,553.748820151,812.29086,1310595.13989,11.8295221267,10,
10699,553.780519191,567.361272,8017257.18482,8.42734783024,1.0,[M+NH4]+
10700,553.798224624,729.20064,1066091.32156,9.43189132536,10,
10701,553.835072571,782.76846,338019.28328,12.1264371784,10,
10702,554.263352137,463.169805,341276.373389,5.10278935085,10,
12460,681.345738031,192.967086,547992.6978,13.3123191722,1.0,[M+NH4]+
10704,554.26991977,514.869186,5235145.58063,5.07647369706,10,
10705,554.281827666,567.177588,3617000.87721,4.58580382598,10,
10706,554.292550747,342.16338,887725.995431,9.21513260647,10,
10710,554.666085527,265.263036,21930374.7221,6.73782502677,10,
10711,554.721058688,453.441477,2301169.82639,8.2946308642,10,
10712,554.74592678,237.34023,238385.797495,11.8173572811,10,
10713,554.814909689,876.85656,1435966.0469,11.9820340467,10,
10714,554.851340682,32.9320416,5195393.33767,11.767560311,10,
10715,555.011591863,32.9320416,640829.461043,8.22705912771,10,
10718,555.163252183,921.98481,335867.682161,9.59575705352,10,
10721,555.188581794,53.7905259,24866764.6717,12.4778534933,10,
10725,555.295526923,342.16338,127484.995579,2.30571170319,10,
10728,555.318903043,773.07552,331033.499465,6.18568865019,10,
10729,555.408974052,1281.19908,177537.891375,14.5074058116,10,
10731,555.654574707,1151.81868,156710.624431,2.27933697458,10,
10732,555.670534112,264.945039,8481498.98446,12.2743922052,10,
10733,555.743310562,384.774264,281407.091357,9.83474589954,10,
10734,555.781723841,700.84431,638726.557574,14.787423059,10,
10735,555.817803857,876.93549,239840.711318,13.3208868885,10,
10736,555.820241727,773.62458,140469.408031,13.3636369775,10,
11782,615.272210263,180.683508,2670759.97059,11.0795345724,1.0,[M+NH4]+
10742,556.243239212,106.588548,573290.161129,5.73199936867,10,
10744,556.260421045,335.929626,123187.257755,8.72396743069,10,
10746,556.316227495,483.161802,2012142.49751,12.6989599859,10,
10747,556.362305306,159.923814,18588703.802,9.85648494684,10,
10749,556.642850037,123.63618,9530205.1501,7.75289197606,10,
10750,556.874668749,32.6158938,995207.010364,10.8810624082,10,
10751,556.943851412,33.5229231,446545.608981,14.5642068887,10,
10752,557.061898085,714.51567,7442003.41534,9.72467965243,10,
10753,557.06165034,393.196329,1239449.63711,4.25431401327,10,
11777,615.064838014,913.32993,24164093.893,9.70051612256,2.0,[M+Na]+
10756,557.061846094,774.04626,5277840.68989,14.9343933631,10,
10757,557.107073716,34.2087303,742360.306474,9.3337084162,10,
10759,557.14386972,123.47931,3073386.67379,7.77206180634,10,
10760,557.151624468,1107.52251,56351640.2125,4.56750082751,2.0,[M+K]+
10761,557.161676161,958.90314,410302.261966,12.2468568127,10,
10762,557.179239371,972.2592,11287333.4112,7.3668628874,10,
10763,557.167457155,43.2910086,404432.452748,14.3630584317,10,
10765,557.200689374,979.77414,2331657.75216,13.4558225827,10,
10766,557.228297775,902.5437,107606.132472,12.1426034622,10,
10767,557.234473615,430.409031,7156369.75766,10.2840574247,10,
10769,557.242483715,472.939302,589541.67571,11.354450868,10,
10772,557.345602502,1324.44498,122001.963541,8.28136758873,10,
10774,557.64068141,1151.80758,447394.815292,9.36816253711,10,
10775,557.791533443,749.65251,791866.09345,8.21762184682,10,
10776,557.830098766,1020.77385,258567.841444,7.57058342569,10,
10782,558.206916453,963.04401,1490319.51443,13.7347674948,10,
10783,558.212995045,1106.66226,5498854.21956,5.82453279809,10,
10784,558.219640896,285.450297,376008.006901,14.2481022348,10,
10785,558.245302575,436.195155,364129.165589,7.93283201548,10,
10786,558.251110992,181.113789,5856136.04558,9.54559382317,10,
11409,591.334026957,365.71608,381822.77485,9.02500620723,1.0,[M+NH4]+
10791,558.309560304,145.46037,196075.153779,8.91761760303,10,
10792,558.29879875,57.559749,1631782.65,11.8596694436,10,
10793,558.325988155,1332.57426,362916.472647,4.27729378874,10,
10795,558.348873062,759.9843,2725875.93458,5.14115036114,10,
10796,558.750160079,279.547077,1650625.78307,6.34754120527,10,
10797,558.805022424,706.32219,4795053.23819,8.73303728266,10,
10798,558.872913649,32.934135,396511.807519,10.725878256,10,
10801,559.173651631,264.772098,5794261.01763,6.80114843874,10,
10802,559.180778297,252.184536,465480.895488,13.1593921999,10,
10803,559.216524941,974.08521,853153.032434,5.3026987178,10,
10804,559.209804521,248.81334,622756.497809,12.2169063647,10,
10805,559.233883955,393.27315,12755406.7456,5.69676002874,1.0,[M+H]+
10809,559.27068199,53.4085314,936867.501087,8.95169318673,10,
10813,559.333542268,771.44853,1800133.2068,7.79122694709,10,
10815,559.359096411,676.82688,219289.717097,11.6386247969,10,
10818,559.742124642,689.2278,368847.924577,12.1054523372,10,
10819,559.767292231,357.759876,971223.669552,13.4158627644,10,
10820,559.834960862,771.28698,1176015.50828,10.0297551835,10,
10821,560.137223403,971.66382,446004.851551,10.5200448,10,
10824,560.175408329,80.537526,1963821.96894,6.41783333072,10,
10825,560.211579808,122.832834,1074537.70149,12.2929346755,10,
10827,560.231748448,310.741434,124803.33409,8.96820448108,10,
10829,560.253716435,59.4442806,275669.633969,11.2006860618,10,
10831,560.266511418,137.223774,3644668.43211,5.76711236472,10,
10834,560.306885302,873.74934,1213290.28275,8.14119372373,10,
10836,560.328635497,438.914298,138316.304693,14.9626899958,10,
10838,560.337206862,771.25659,311584.240118,2.13114832524,10,
10839,560.343067329,853.74618,9411631.96601,4.94952999313,10,
10841,560.583996798,607.28424,1453000.30108,5.17195804742,1.0,[M+H]+
10843,560.748292073,597.994845,21058558.2918,11.3144770392,10,
10845,561.107685092,972.89406,228442.778539,3.79095388094,10,
10847,561.140565934,54.5334291,1342392.46785,12.26918126,10,
10848,561.144805985,931.03266,220512.284271,10.3907276643,10,
10851,561.182916204,1176.98187,13127283.27,5.49131689307,2.0,[M+Na]+
10852,561.182778407,1162.63623,26086072.8371,8.91632686626,10,
10853,561.181916773,1355.05038,3738762.67884,2.75255017782,10,
10854,561.213675082,290.735919,9017049.12853,11.2804809427,10,
10855,561.213457112,336.428628,692422.633621,8.46064499325,10,
10857,561.250643946,930.95358,417247.495384,12.6372225352,10,
10859,561.25503714,230.971653,338858.294248,9.10044196263,10,
10860,561.264613414,688.74987,3491214.58311,9.83344616123,10,
10863,561.269750829,137.342544,806178.96604,8.17769202991,10,
10865,561.286889263,345.671754,12193501.428,5.63643094128,10,
10866,561.286772276,234.424602,223032.729876,13.1299741231,10,
10868,561.302382194,778.90728,605150.524535,9.1107648961,10,
10875,562.184356654,1355.57817,1374234.00162,6.63834000113,10,
13078,773.287056553,1059.73842,1130422.17457,9.59834663581,1.0,[M+NH4]+
10880,562.248876148,691.6494,503364.828493,7.37425982254,10,
10885,562.264056957,297.16524,944960.934713,3.81141467548,10,
10888,562.301466977,114.041178,368713.100825,4.58449956539,10,
10889,562.301372784,838.89942,571030.208039,6.58206064723,10,
10891,562.367715785,1452.82716,439662.64839,9.33927167185,10,
10892,562.51846454,1567.51134,873873.507396,2.43341339354,10,
10893,562.565944655,1329.45567,1807102.50714,7.01596232177,10,
10894,562.750337348,689.39355,4379031.02713,6.67276241751,10,
10895,562.80740067,726.8214,467374.583081,4.45849327603,10,
10896,562.961108354,33.9706653,563971.176835,8.95129015933,10,
10898,563.125785079,829.68627,912308.93716,6.54614169196,10,
10901,563.175820226,180.683508,7573936.2644,10.063537752,10,
10903,563.240308742,317.10549,246235.354689,10.8481954535,10,
10907,563.302749386,258.729783,239525.44209,11.8784102742,10,
10908,563.304530049,839.28522,135918.457469,4.55518780465,10,
10909,563.316564125,887.45088,1059524.50671,5.28574884886,10,
11485,595.372977649,299.60049,11643402.5577,11.9248421375,1.0,[M+NH4]+
10914,563.829863698,742.42962,1983458.15891,1.89238666211,10,
10915,563.992091311,725.11065,26894476.1738,9.35145195013,10,
10917,564.13265901,323.87187,131652.325702,12.1795757572,10,
10920,564.211397917,839.5452,1054926.84483,2.87628924565,10,
10922,564.30219181,491.156745,2226638.70151,8.79739241366,10,
10923,564.294206754,406.290726,214543.506205,14.5523825331,10,
10924,564.307970546,1352.15514,238170.401581,6.01024328786,10,
10925,564.30562719,64.168908,237707.648943,10.2595699712,10,
10927,564.338213423,757.89828,169076.687656,10.3920179104,10,
10928,564.357978357,760.14516,9595561.67726,3.0225131627,1.0,[M+NH4]+
10929,564.378736681,1247.72937,130809.062547,8.3293247128,10,
10930,564.660608712,724.69416,12352266.4396,5.21406483169,10,
10931,564.800831273,35.4987978,217799.972302,9.73543076298,10,
10933,565.127569245,123.47931,2007532.11942,12.3396837106,10,
11053,571.158593053,830.20206,1376949.05092,11.868294311,1.0,[M+NH4]+
10935,565.147752344,954.49962,744510.881154,10.7264328173,10,
10936,565.141502431,897.88446,626728.188806,11.4851832344,10,
10937,565.21396293,1199.80695,16284733.4347,10.9742868042,1.0,[M+H]+
10938,565.224430704,181.113789,3999531.33086,8.27416729426,10,
10940,565.243684134,430.307658,244031.609082,14.673521224,10,
10942,565.325405069,1161.0963,1088699.57996,5.21918507159,10,
10945,565.565492475,1525.96707,5980413.56459,4.55009431581,1.0,[M+H]+
10946,565.629724801,123.26817,961219.440955,10.995762618,10,
10947,565.774654623,751.10739,295081.185325,9.61054719955,10,
10948,565.80613162,877.01682,1303782.73819,13.3501881197,10,
10950,566.128614587,1060.80726,666482.104213,6.00146361068,10,
10951,566.181453683,265.103787,8734244.89289,7.86241255409,10,
10955,566.239872643,43.957395,624308.655086,11.3962549103,10,
10957,566.257483064,896.74926,233188.91925,12.6400021662,10,
10958,566.263941115,349.167252,334658.041595,12.3156538792,10,
10959,566.26330425,712.77126,4951565.79634,10.0071681724,10,
10960,566.264188845,307.517244,1736134.2299,5.25358539218,10,
10962,566.307664792,1085.2953,3765533.34162,9.21321023406,10,
10963,566.317383984,603.13728,8801533.93621,6.40352868034,10,
10964,566.31731248,257.44623,119038.496897,9.39661710472,10,
10966,566.346602025,1330.97184,254433.691717,4.09564121055,10,
10969,566.426341786,792.7473,622379.606604,9.82503283064,1.0,[M+NH4]+
10972,566.707250068,215.829963,2157481.0844,14.0709637687,10,
10973,566.74992584,691.96476,169415.880676,10.4062666544,10,
10974,566.814741999,35.419167,348800.454846,6.20053771982,10,
10975,566.832087874,31.880277,269483.830377,2.9417366142,10,
10977,567.091874713,1061.64333,538098.060498,4.52827383488,10,
10979,567.199929526,1177.55904,20320655.6871,6.08455774401,10,
10980,567.24034858,292.016925,2043213.03804,10.0379826949,10,
10981,567.274832127,134.256396,224536.296536,4.92474216751,10,
10983,567.310449945,402.322332,387335.677686,4.45983317323,10,
10985,567.429829966,792.52194,135314.199921,7.68866748941,10,
10987,567.797573644,558.564276,12182633.5497,6.69610980154,10,
10988,568.184038609,43.994532,337026.437155,13.1908196468,10,
10989,568.203274241,1176.98187,5296491.24897,6.82977801732,10,
10992,568.224837032,670.08795,1005824.00552,9.67986556848,10,
11863,620.22594222,54.0789036,1153905.79836,10.4076071898,2.0,[M+H+KCl]+
10996,568.289807514,837.19308,134077.506681,3.05782365282,10,
10997,568.299142519,558.534774,7285263.76793,6.84224900304,10,
10998,568.309097334,797.961,1079613.64354,10.1336563617,10,
12071,637.292757271,386.513202,4496302.32441,8.85537377932,2.0,[M+Na]+
11000,568.338780722,786.97266,1088605.36688,14.5685401162,10,
11001,568.749302064,35.9158245,190714.775833,13.755535146,10,
12040,634.764123643,558.505746,1845412.23509,13.1375519278,2.0,[M+K]+
11004,569.088628937,1061.96112,374884.527602,9.92579106058,10,
11006,569.142889829,829.68627,773341.321597,7.81740081828,10,
11007,569.149877676,1064.3829,541277.853014,14.8808068004,10,
11009,569.172560169,905.71488,711786.222334,5.0989749789,10,
11010,569.172860153,963.97782,749964.747587,2.96116573959,10,
11011,569.204012069,69.513156,285608695.225,5.33494508796,2.0,[M+Na]+
11012,569.196714654,290.735919,10475534.7591,11.2265263033,10,
11015,569.235726427,334.735506,465730.62712,13.4695040928,10,
11016,569.255534074,354.989016,616406.963124,10.9123112163,10,
11017,569.268375821,696.48963,284600.545022,8.35883404987,10,
11021,569.3828666,1488.63705,413016.185157,11.109511437,10,
11022,569.380451435,1204.5333,361164.249592,6.81032652372,10,
11023,569.400739008,1402.0557,2984529.4647,6.70716138099,10,
11025,569.452749363,1532.28144,22809484.0169,3.97282465263,10,
11026,569.472706265,1313.22852,219744.336502,5.77708000167,10,
11028,570.10137247,986.84142,188620.096614,11.803297313,10,
11029,570.143540189,1064.17851,774755.839829,10.8304356904,10,
11030,570.145948792,829.4238,91737.5481629,13.4992730425,10,
12787,727.261699704,284.307261,3735644.96256,9.96620459811,1.0,[M+H]+
11034,570.211143856,431.051343,528850.438509,14.3763470489,10,
11035,570.255310766,474.110412,6334414.99874,4.51918010919,10,
12483,684.280750289,378.362322,286658.146179,8.36663917564,2.0,[M+Na]+
11038,570.276312272,351.138888,150950.901539,9.1631850613,10,
11041,570.324424005,771.28698,1328133.59255,11.6551940709,10,
11042,570.377334038,1154.98056,243672.059611,10.0865798496,10,
11043,570.367952205,776.59764,3240090.93264,6.50587137438,10,
11045,570.411942754,1235.0178,337177.445365,10.7442044897,10,
11047,570.471627226,1257.06072,104203.308536,10.8379568963,10,
11049,570.773984711,696.16626,555788.859664,13.3703517814,10,
11050,570.826482413,33.17142,2757551.23684,6.23340803387,10,
11052,570.988452229,32.9320416,1982961.33878,4.71180102838,10,
11055,571.171671292,1239.46722,434007.7658,11.6088912037,10,
11057,571.245949169,41.5381155,7859799.86436,12.155669638,10,
11058,571.246635551,122.832834,930977.067224,7.20943573684,10,
11060,571.290044492,118.509786,106058.24052,4.64431111539,10,
11741,611.299724342,698.4249,549761.180334,13.1004612418,2.0,[M+Na]+
11068,571.396056271,1190.40807,510228.538209,5.13954931825,10,
11069,571.803999855,697.13544,1519433.32341,8.41124760351,10,
11072,572.162639272,960.54276,590747.630552,10.6373435599,10,
11078,572.253081067,1421.37813,1897456.83534,7.95799082464,10,
11079,572.259316223,746.23254,753060.13424,2.28750238092,10,
11083,572.338450473,72.238155,4625842.24047,13.4125861319,10,
11086,572.390991685,437.760855,783294.680261,14.395550017,10,
12866,738.456778723,751.59204,339967.36474,12.1269060468,2.0,[M+Na]+
11088,572.400767946,796.34373,669659.40331,8.72499968361,10,
11089,572.435870025,1281.47484,341113.854346,6.16052413067,10,
11090,572.728253804,462.707235,1858742.54433,9.58633585617,10,
11091,572.783311435,722.24169,2382054.65724,9.56915219289,10,
11093,573.107884447,975.19851,242374.556066,10.9083178466,10,
11094,573.129272081,1065.28653,15762128.7405,3.27250321939,2.0,[M+Na]+
11095,573.149246283,978.15768,1860920.45485,101.004480252,10,
11096,573.178556231,170.521317,402419.351127,11.3299399296,10,
11781,615.176388039,1188.34482,8779940.99155,8.12940518457,1.0,[M+H]+
11100,573.285302971,722.24169,1250009.77241,5.54802057629,10,
11101,573.28688519,417.257208,1688683.62411,6.66308083404,10,
11102,573.298111214,225.222966,1144951.85163,9.32866569936,10,
11103,573.311965149,752.40078,222355.78515,4.5202105985,10,
11104,573.305644533,442.73898,1133995.29041,9.68597649467,10,
11105,573.309565977,231.767406,593049.95669,14.8714961683,10,
11106,573.317727446,110.464176,183918.907291,8.15710352354,10,
11107,573.341333562,71.992776,1081256.56636,4.36035209978,10,
11108,573.342185788,406.025025,883841.742681,7.8307627608,10,
11111,573.404143306,796.50543,153010.756929,7.92662183022,10,
11112,573.757559052,750.9462,250523.268758,11.3242570341,10,
11113,573.788573093,876.77523,452189.789633,7.17591560231,10,
11114,573.78580818,722.33136,385959.649725,2.80259393354,10,
11116,574.07744877,913.21908,217147.094272,11.9267967191,10,
11117,574.160747864,118.554603,786179.561111,14.4772655929,10,
11118,574.163328265,1064.65347,6307863.92478,1.20782545048,10,
11121,574.242402585,1069.85286,1091344.75205,8.90364388053,10,
12408,675.362298439,181.309326,722092.282484,7.02259236742,1.0,[M+NH4]+
11124,574.290234879,417.359967,370629.307792,12.5240794639,10,
11128,574.479431938,1489.23516,1284002.66731,12.5126987446,10,
11129,574.829240211,35.414523,114741.88173,12.4840740879,10,
11131,575.116840044,971.45136,478434.584775,7.78030456623,10,
11134,575.161985656,976.46922,6136129.25225,6.09382284872,10,
11135,575.16484864,1064.65347,1612680.28314,3.30561616183,10,
11136,575.198482196,1197.25464,23021144.3112,4.88337067383,2.0,[M+K]+
11138,575.192556109,921.39324,257750.327196,10.8412021423,10,
11139,575.263893648,438.219528,151942.32516,10.201511704,10,
11142,575.277556062,92.893782,1365046.22603,8.93308545873,1.0,[M+NH4]+
11143,575.284753914,424.306032,7855453.06368,6.15526487519,2.0,[M+K]+
11147,575.347998748,451.064481,530638.022541,9.92617247173,1.0,[M+NH4]+
11149,575.375153239,153.576066,189046.212825,3.06526115065,10,
11150,575.433495262,1346.8326,169423.013005,9.61827783034,10,
11152,575.806994169,715.74162,770043.112502,13.9295571807,10,
11155,576.159867688,1064.49558,2435785.37341,1.13078985285,10,
11163,576.32381396,240.709836,386502.015298,5.03811914562,10,
11165,576.338296752,760.78452,18596970.4173,5.99620937261,10,
11166,576.342116577,365.852388,371272.400509,10.1494859731,10,
11167,576.67919338,290.787612,2739205.92725,6.27875934132,10,
11168,576.766004698,751.10739,3326675.67913,6.06819854818,10,
11169,576.782723722,33.654507,497425.167538,6.93982280346,10,
11170,576.843849623,33.5707311,3376683.45256,9.96977027999,10,
11172,577.056195128,840.31131,191997.86018,12.3906338388,10,
11174,577.188870001,1323.06267,5687875.61545,9.10337684729,10,
11176,577.213649383,294.508734,481792.038598,5.92952784771,10,
11177,577.249116862,1150.65054,625474.998513,5.86579449044,10,
11178,577.276734931,628.08222,1626290.02679,13.5506029549,10,
11179,577.267446572,750.9462,1816987.18881,7.08871413666,10,
11180,577.281661633,253.31322,429903.043878,6.12013458359,10,
11183,577.318675688,397.331709,678364.262333,6.11756766697,10,
11185,577.723412681,279.368481,353780.329307,9.81785581012,10,
11187,577.768875431,751.08702,633945.470595,6.80744785513,10,
11189,578.179396509,960.91812,519220.992019,4.15799233043,10,
11192,578.224901015,279.529164,180361.607144,8.50732757811,10,
11193,578.253311385,127.49031,296754.375038,8.27132935522,10,
11197,578.295963532,80.164779,8340211.76137,4.54861048439,10,
11201,578.296183314,800.54649,23787826.6454,7.79349564237,10,
11203,578.30190397,305.513118,1683606.83828,9.51307302175,10,
11204,578.301843625,228.510078,767419.661339,6.6082213907,10,
11205,578.292384426,601.82748,402198.113337,13.4904609506,10,
11206,578.338648766,765.44739,231005.552364,8.4941301059,10,
11207,578.352148304,1389.68667,413081.220542,9.03417195223,10,
11208,578.658656427,1387.20618,80825025.0054,14.830654089,10,
11211,579.163090762,983.13183,4212611.59103,3.13891811641,10,
11213,579.225395374,310.333488,495532.400302,6.20747429474,10,
11215,579.249734176,43.6053852,12405168.3741,11.3392097138,10,
11216,579.261970268,144.146907,1486291.52814,11.5900853816,10,
11217,579.27234323,66.877839,5281804.35165,8.42446606194,10,
11221,579.299509552,800.54649,8139432.56346,7.51960693824,10,
11222,579.299404782,761.43327,426036.253463,8.03861058125,10,
11223,579.305482629,305.42424,274310.245744,13.3890978704,10,
12797,728.399496649,788.10498,485567.961192,12.9369580086,1.0,[M+NH4]+
11225,579.399502076,95.119044,197093.583554,3.95801796139,10,
11226,579.77313731,593.18172,425162.936183,14.8487942345,10,
11227,579.812304766,524.103942,261691.989017,9.02765556241,10,
11228,579.820989889,802.16361,1305399.01293,9.80680142943,10,
11229,580.142843776,181.31601,1322822.10421,6.98259374281,10,
11230,580.203062311,1188.18576,1604841.28323,6.97375115249,10,
11231,580.227725419,1191.58191,5869537.2518,8.09886834736,1.0,[M+NH4]+
11233,580.25331496,43.6053852,3088457.82334,8.46111025909,10,
11239,580.302285911,800.22264,1484785.20165,7.76373634757,10,
11241,580.322998951,802.077,597265.817985,8.8433065288,10,
11242,580.38306712,1476.27594,337128.03373,3.61654612564,10,
11243,580.576522959,1337.62869,492504.480503,11.6859229347,10,
11244,580.738428505,688.74987,886897.658111,13.5586689994,10,
11245,580.789307236,750.80538,450785.459678,12.1550063782,10,
11246,580.836275683,770.15643,201398.60064,14.0518418716,10,
11247,580.836357272,874.39092,3461654.86951,11.2008847963,10,
11254,581.240436859,100.850388,1443530.90942,9.13687006751,10,
11255,581.231692789,1190.6787,829974.357825,13.3180128583,10,
11256,581.254438682,375.260262,411921.420275,8.51169347919,10,
11258,581.274694626,325.915629,144842.061561,12.7580743715,10,
11260,581.292076081,109.30548,166858.907543,8.05092268949,10,
11261,581.31294428,70.78593,545113.560335,8.7197619803,10,
11263,581.30483805,730.70574,84375.8358355,14.7172757081,10,
11264,581.33767327,874.18896,2181310.38278,11.2225217708,10,
11272,582.295210067,395.809347,343522.168499,8.39159356698,10,
11273,582.324897503,854.0403,233073.086148,13.837927694,10,
11274,582.32120012,1034.29215,1116551.48233,11.1278329914,10,
11275,582.352104661,1047.47925,349278.698369,8.13318061113,10,
11276,582.800348633,33.893385,906289.667081,1.22059659411,10,
11279,583.06858261,969.15024,193874.577728,13.7283623179,10,
11281,583.171389895,1356.97662,347071.151698,0.920703097556,10,
11284,583.292634771,765.30966,630431.133057,1.64251650473,10,
11285,583.774525134,722.39976,1097583.74576,11.4355663251,10,
11286,583.80509111,742.75164,385274.294164,8.01884544573,10,
11290,584.752850807,751.26915,272258.355484,5.79335467377,10,
11292,584.882395075,1457.32956,209804.742375,10.9945604451,10,
11293,585.040761351,1182.74442,1738815.03027,4.91053357734,10,
11294,585.040623728,1201.51968,1508307.53106,14.1566987658,10,
11297,585.178186362,99.580104,4744027.31744,13.3957759384,10,
11298,585.18280183,1191.67851,45528361.3802,8.35943448806,10,
11299,585.206968748,414.857652,243895.635552,10.0289584708,10,
11300,585.212206603,385.239588,145297.153301,9.65375695898,10,
11301,585.224337699,1400.95278,414098.052457,11.4608574374,10,
11865,620.339429928,744.32802,3919866.52333,9.98889287875,1.0,[M+NH4]+
11306,585.305389234,522.729012,1000228.64299,5.4926345321,10,
11308,585.322996422,452.585292,4555630.92028,7.16779365817,10,
11310,585.348826804,582.464157,312306.213791,10.4574627528,10,
11311,585.395999033,824.14743,3176012.81464,6.07673356671,10,
11313,585.57117093,1182.74442,981345.647922,9.91309906197,10,
11317,586.071742931,1182.80334,739938.510165,1.258992693,10,
11318,586.186132228,1191.58191,12319930.0202,9.10584109314,10,
11320,586.297181253,527.49969,2824353.28927,7.20461146953,10,
11322,586.297236964,685.04658,13340805.1819,3.91134531675,10,
11323,586.325859866,452.661285,1015755.72896,13.7227517448,10,
11325,586.318329956,534.978387,17315849.0504,1.97534873282,10,
11326,586.325105586,490.994988,151546.924148,14.6676821924,10,
11327,586.354452354,148.489683,410243.01605,13.8555999832,10,
11328,586.399164809,824.14743,897431.91244,5.35788320452,10,
11329,586.4065723,590.784909,257170.264792,13.8597783802,10,
11330,586.571282281,1182.90651,524459.872079,11.4489340671,10,
11331,586.771071805,558.564276,2587757.288,8.02370589792,10,
11332,586.867544266,32.3764485,203802.788967,9.05994626528,10,
11333,586.964223916,32.9320416,1653856.68261,9.31283775142,10,
11337,587.124090085,33.411234,329908.750377,10.5928544414,10,
11340,587.225105466,1421.09262,1960313.20645,11.4705566874,10,
11344,587.321264495,145.555806,302251.670178,14.9151635631,10,
11345,587.350065498,85.234284,4369786.92687,4.33992301279,10,
11346,587.354589644,1223.32701,647475.302207,6.77626934548,10,
11348,587.831453738,757.72722,480243.174737,5.00548017711,10,
11349,588.049189809,1182.74442,15472001.1017,3.56611452725,10,
11350,588.103660738,1285.3242,123504.986187,12.6587471261,10,
11354,588.258049382,1084.4616,280944.862518,11.0171981281,10,
11355,588.276397718,541.678491,15210396.2275,4.87080526652,10,
11356,588.284750482,64.519245,2003173.54609,6.37971785794,10,
11358,588.333194353,757.88883,282003.202118,5.56437208587,10,
11359,588.359145455,806.69205,303841.264786,13.871709671,10,
11364,588.63264062,181.265106,3001650.02124,11.6034105062,10,
11365,588.809438068,32.2302291,2769455.38669,58.3818647577,10,
11368,589.141202819,953.92986,97652.5667472,10.830748907,10,
11370,589.139227739,207.522702,218259.189689,13.6776671076,10,
11371,589.270742506,1040.79765,4313507.72342,5.02811555961,10,
11373,589.300180291,45.2798748,606087.529881,10.1799086001,10,
11375,589.331058401,1379.6802,249931.615305,4.25178055944,10,
11376,589.337422114,487.913298,1766663.5506,6.15167599069,10,
11381,589.776071265,357.390828,224271.679397,12.6424835216,10,
11384,590.144580418,896.67942,285301.068617,3.8123683555,10,
11385,590.292610862,418.539528,215297.886781,9.7273439154,10,
11386,590.33325786,881.4222,689446.953733,5.59774005328,10,
11387,590.335598353,788.91423,251172.120164,10.0513503149,10,
11388,590.343675918,1390.44999,815873.592682,4.58703850569,10,
11391,590.549431557,1567.51134,1929266.08409,7.77511350628,1.0,[M+NH4]+
11392,590.556948639,1525.89828,183712.404573,10.8552675061,10,
11393,590.597176092,1347.52335,2814319.31147,3.32991479643,10,
11394,590.811541419,802.26402,958101.541249,0.41842278739,10,
11395,590.835130865,881.77032,421423.916529,13.7033251661,10,
11396,590.885801067,33.251361,796927.326291,6.46587400682,10,
11398,591.138615622,69.093093,1821933.37805,6.37758501196,10,
11818,617.172440368,921.57819,5126327.19181,7.92298438482,1.0,[M+H]+
12168,647.153094887,1191.67851,6084493.12895,4.79172711025,2.0,[M+K]+
11402,591.203980993,902.5437,159356.9348,0.69118002192,10,
11403,591.241731919,1400.56155,732979.828081,10.4211348424,10,
11407,591.29229495,692.18346,580270.629205,6.00963229187,10,
11408,591.313424214,802.16361,502465.605161,6.3166042257,10,
11410,591.333320816,75.673788,665738.611293,3.03627444359,10,
11412,591.347134337,1390.51326,230538.988685,14.6505083429,10,
11416,591.756416929,722.39976,975397.783754,6.29160892097,10,
11417,591.784962347,753.0471,2310461.57205,4.31924453767,10,
11418,591.793986963,692.22276,369560.302623,11.9838106113,10,
11419,591.814185227,802.16361,151152.594603,14.5097811994,10,
11420,591.826987524,874.39092,2894019.90366,5.93295564507,10,
11421,592.141723045,69.038028,463229.533883,4.29635388691,10,
11424,592.258592426,722.19948,530436.423121,10.1819252075,10,
11425,592.274745159,354.667896,2523920.26596,7.91805994503,10,
11428,592.292583274,261.444912,13453380.8646,12.2020276998,10,
11429,592.292622784,156.161214,1182294.85778,6.17321427729,10,
11430,592.29278237,196.194078,2361372.46219,6.09786752143,10,
11433,592.323981292,616.32423,22173932.5048,8.7782096793,10,
11434,592.332973454,728.49621,7137919.13686,9.1942461257,10,
11436,592.360973842,793.11435,1195563.43581,3.20186505529,10,
11437,592.359404655,839.22246,190729.467055,3.36753560007,10,
11438,592.764852077,392.09265,588241.734518,14.559707249,10,
11440,592.818327468,33.6864585,1706625.40351,7.90772876695,10,
11441,592.981404915,33.5229231,1595499.10214,9.0037519511,10,
11442,593.067130766,1061.44116,184901.529079,8.5249369075,10,
11445,593.277242031,354.828516,533518.951536,5.24165501972,10,
11447,593.29583083,196.491324,552854.186242,2.40760271862,10,
11450,593.414997454,136.533186,501230.859064,9.2069633758,10,
11451,593.596934183,1565.92032,2217886.44073,11.6046149037,1.0,[M+H]+
11452,593.775149135,458.01216,1573805.80367,11.4483516526,10,
11453,593.818234727,649.20549,10334226.943,10.2279642544,10,
11455,594.197969076,1189.88526,1771003.92814,2.82973200205,10,
11456,594.214522617,182.486634,1013007.79008,12.6417919935,10,
11457,594.236462289,689.03916,269632.739178,13.3865112765,10,
11462,594.277534506,343.249596,310472.777427,26.782722851,10,
11463,594.284791807,315.346506,480693.556504,13.390231052,10,
11464,594.295256593,364.56876,557371.300897,9.21980178508,10,
11465,594.311172083,475.168806,239495.719698,3.18406444452,10,
11466,594.320974358,406.347213,202100.144177,12.8314487352,10,
11469,594.338635601,728.49621,345257.630937,9.51456982045,10,
11470,594.341361628,471.609108,426637.316641,7.19257392255,10,
11472,594.764576265,312.193428,294636.194348,7.2388762889,10,
11473,594.781055404,715.27242,267528.946525,5.96583651138,10,
12042,634.82168458,798.51162,422522.805744,13.0778371112,2.0,[M+Na]+
11476,595.090332015,1061.64333,3016396.80356,5.4203797671,10,
11477,595.121741805,1100.52024,14892767.3535,4.42360541952,10,
11478,595.190405881,921.57819,716877.150429,6.79605047806,10,
11480,595.271245161,360.119571,3896556.18455,7.37173411129,10,
11483,595.330520252,872.19909,230249.018399,10.7510860417,10,
11484,595.340926414,798.66042,399473.841281,8.11521207213,10,
11486,595.380361976,842.05242,1503263.04369,4.83927899242,10,
11488,595.831249028,31.9279311,327802.726075,13.6200665645,10,
11490,596.246193464,359.097882,197065.155984,12.8707846411,10,
11491,596.250118149,628.329,697625.905472,12.5757403542,10,
11493,596.277557028,137.342544,289715.195853,13.3678329416,10,
11494,596.273679468,580.047456,1445651.38436,6.84835185697,10,
11495,596.290650357,746.42433,2369434.59762,10.6609966923,10,
11497,596.312914028,96.851262,679166.652332,12.4922942696,10,
11498,596.314266343,151.974816,966778.738302,4.09550506005,10,
11502,596.536516893,1182.80334,220200.603388,2.39027702396,10,
11503,596.607559148,1491.17286,749140.922029,11.4090253494,10,
11504,596.765339526,459.531381,32468462.981,8.68464288163,10,
11506,596.822363706,689.74938,552179.809354,12.4101129763,10,
11507,597.035443349,1182.80028,182644.026528,10.741430332,10,
11510,597.159494249,1186.11237,1144769.65961,7.44916053677,10,
11511,597.169529435,1402.68744,174448.794564,13.3020394233,10,
11512,597.173563452,921.12306,721503.009352,11.4040413331,10,
11513,597.180225502,1357.61838,267037.891213,12.8538775902,10,
11514,597.220638132,902.5437,264961.58411,10.0898549304,10,
11515,597.266843345,459.367782,19683911.3515,8.26435195813,10,
11516,597.287068361,1260.92166,208576.402871,8.63248077506,10,
11517,597.29792462,394.935582,2460652.55017,8.1720209041,10,
11518,597.323108353,1200.38046,113660.266739,10.119587505,10,
11520,597.395894753,887.04183,318825.524454,9.7251042627,1.0,[M+NH4]+
11522,597.768292444,459.20829,7373776.62908,6.3123146673,10,
11523,597.78975511,532.428444,3038132.05512,5.05647022174,10,
13054,769.218115015,73.338189,6224995.89202,5.89637281229,2.0,[M+Na]+
11525,598.15394454,1344.20181,165474.288345,10.0171976114,10,
11526,598.162616794,1185.95268,217241.591084,8.77677004905,10,
11527,598.235229701,702.45474,3414825.59375,12.0682454924,10,
11529,598.256620959,1373.26041,190817.437795,7.57580084614,10,
11530,598.270463663,305.015868,440154.88999,12.3010376739,10,
11533,598.354753326,458.413602,3740162.48217,11.0696866044,10,
11534,598.354789931,704.29236,1167323.58251,10.3482574304,10,
11536,598.774793553,33.8897949,428988.304311,8.4922578322,10,
11537,598.794248442,802.16361,412007.487753,3.44603023845,10,
11540,599.039974458,1182.74442,2388036.24624,4.33038794347,10,
11543,599.142237317,981.36207,3619711.27493,8.78996306263,10,
11547,599.278932615,536.830953,2411554.46603,8.96573296677,10,
11550,599.295889062,802.10478,223027.194173,10.9600164063,10,
11552,599.312961298,95.72985,220988.55259,10.6137615923,10,
11553,599.338675141,484.572798,1841629.14809,8.52823685773,10,
11554,599.350030802,429.930033,17886638.4637,8.46747394444,10,
11555,599.404472446,190.457916,547214.32619,11.4909717589,10,
11556,599.43493973,1288.85046,128512.219436,7.60065697309,10,
11557,599.508513062,1347.24363,932464.934876,8.83105283651,10,
11561,600.133270691,69.196527,2756825.6316,10.8169206421,10,
11562,600.148013248,73.494123,1909090.40453,8.14772690216,10,
11564,600.265104235,532.420611,15846508.2036,7.43049653141,10,
11567,600.386311257,578.846997,475436.235721,13.8054572779,10,
11568,600.40784242,190.354944,160161.416995,12.9912872328,10,
11570,600.540295288,1182.80334,607764.410633,2.52469757353,10,
11571,600.770216888,558.573216,3661243.51294,6.54464165115,10,
11576,601.187355246,985.46841,453658.467751,3.68770663515,10,
11578,601.218082726,735.56454,360040.004788,14.4508962732,10,
11579,601.244810589,1021.40616,560512.46629,6.98777341897,10,
11584,601.293074289,280.01355,2344354.60917,3.75905278424,10,
11585,601.324158606,881.26206,627490.706917,12.5246485336,10,
13117,780.402258544,721.8363,1717647.88265,7.76779924171,1.0,[M+NH4]+
11588,601.329514126,92.248044,7376170.21608,11.5915797663,10,
11589,601.526635812,1440.72552,3278101.44823,4.0302252685,10,
11592,601.856483521,1047.47925,254397.816688,13.3674134548,10,
11594,602.27731083,748.6833,2555700.02101,6.96029236826,10,
11595,602.282883769,692.50398,345815.528098,11.2609995022,10,
11597,602.313398813,488.741991,311545.322702,14.6190860204,10,
11601,602.336011149,507.902346,1139577.67861,9.3103345114,10,
11604,602.36148971,915.53904,12919025.5955,3.21949777162,1.0,[M+NH4]+
11605,602.360714226,220.926084,232299.610633,10.3318798869,10,
11606,602.369389313,143.030721,274307.597127,12.0251105382,10,
11608,602.558004984,1337.39478,223111.95364,8.03800253148,10,
11609,602.778406835,748.4973,1777247.46912,13.7029578145,10,
11610,602.823377552,768.20814,241232.993596,11.8821160607,10,
11611,602.844069304,32.7263982,437821.995427,13.1631741848,10,
11612,602.862810289,915.64719,4818242.53944,5.54882665565,10,
11615,603.156290494,1455.99138,563584.157621,4.63072349919,10,
11619,603.294748032,775.16298,2785095.95811,9.24778989417,10,
11621,603.358287515,670.44999,4325626.1426,7.76890021251,10,
11622,603.36437459,915.93306,1255239.4576,8.07797291397,10,
11626,603.542237507,1487.84013,1811398.80145,6.5421509035,10,
11627,603.867843558,32.13525,266203.124638,12.229934393,10,
11630,604.2070916,390.190893,187147.171743,2.86972503945,10,
11631,604.243544883,72.186906,6517861.07086,8.81383390992,10,
11632,604.266698643,399.440898,157077.279344,3.02522400001,10,
11271,582.298503242,56.3004336,1437572.65949,9.13452253261,1.0,[M+H]+
11634,604.271448004,455.067039,2864701.70939,9.29829083462,10,
11635,604.273609031,746.61612,998118.231226,6.62061265588,10,
11636,604.292814007,83.982759,2102321.93763,7.37924958841,10,
11639,604.333960804,1047.33231,777385.236057,9.74256483295,10,
11640,604.352010246,747.07026,2219416.15164,9.3842797324,10,
11641,604.355523756,443.339154,162012.38275,13.4180028877,10,
11643,604.405576362,919.71258,405317.871696,8.67427805054,10,
11646,604.612413645,1353.76554,605016.172891,4.14141758037,10,
11647,604.762933117,400.072332,987838.333522,2.54181745783,10,
11648,604.775223804,746.26359,564072.747377,6.10819558571,10,
11649,604.780361813,35.4937068,187020.902944,7.27053523764,10,
11651,605.173098113,1185.3642,521586.970736,0.61679935014,10,
11652,605.172594586,1055.0787,186449.588794,4.73155292206,10,
11654,605.265944065,1053.38241,285176.889254,14.4587581715,10,
11655,605.264866643,400.38102,620045.02424,11.3888151657,10,
11658,605.290214491,703.26015,1199419.15314,9.54642258721,10,
11659,605.287750664,256.176834,445281.465852,3.27910605365,10,
11660,605.288356623,318.589878,135939.435875,7.51967633061,10,
11665,606.254156646,294.411177,1886337.21132,12.3083165068,10,
11669,606.279811953,684.40242,7080667.49304,6.27321908469,10,
11670,606.308349098,336.863691,10823385.7566,10.2074990002,10,
11672,606.781177423,684.40242,4366894.54807,6.73694513538,10,
11673,606.826496633,710.19408,2481845.3948,8.9704791823,10,
11677,607.256640214,294.191736,415030.582739,11.934632951,10,
12752,722.391252994,384.924456,914183.37113,9.87818736947,1.0,[M+NH4]+
11679,607.272279262,433.105548,122174.570122,9.07841592903,10,
11680,607.281261204,684.40242,1898560.17487,6.09095961092,10,
11683,607.326781944,352.100772,5324659.51569,5.86426477568,10,
11684,607.343829682,919.39209,1032808.46774,9.62049813022,10,
11685,607.342258741,796.71642,372885.347539,10.9366985257,10,
11686,607.3593835,1154.46348,669299.193468,4.11116873104,10,
11687,607.364837969,146.228004,170379.316924,7.86426439013,10,
11688,607.401458993,1256.30166,543439.161316,13.8026846701,10,
12223,653.501239684,1385.66928,577955.442106,10.6888745783,1.0,[M+H]+
11690,607.755812559,459.669297,10482000.5719,9.83593560655,10,
11691,607.794711843,846.7899,858336.352637,6.04459634085,10,
11695,608.266286262,449.726988,30951953.7279,13.4964055334,10,
11697,608.287605909,115.931286,79607.2955618,8.93443314843,10,
11698,608.295935246,846.77514,585978.64806,9.91281858228,10,
11699,608.307034309,101.964954,200000.972135,9.9722405889,10,
12728,717.391522199,762.23976,5033814.43922,8.9185162281,1.0,[M+NH4]+
11705,608.884333789,32.293698,206785.376925,4.46412736619,10,
11706,608.956442718,33.5707311,1023105.85301,11.7632147658,10,
11781,615.176388039,1188.34482,8779940.99155,8.12940518457,1.0,[M+NH4]+
11711,609.272623598,653.09436,219223.419246,2.93267444844,10,
11713,609.280735928,1268.31324,196823.948625,14.0929083482,10,
11714,609.283062115,95.752554,227199.506602,11.8122041474,10,
11716,609.353576997,1456.00113,184592.567638,6.72260721739,10,
11717,609.359318695,618.25221,4367006.76821,7.76078308736,10,
11718,609.356490155,757.55616,110474.296464,14.7511234231,10,
11719,609.375238077,651.9381,182830.745064,12.4367457267,10,
12222,653.42184519,864.26976,1062278.35038,7.65454257345,1.0,[M+H]+
11723,609.591474971,1521.65781,286613.452631,7.27494206972,10,
11724,610.262157688,505.536369,6810437.10705,10.7425226041,10,
11725,610.262092259,490.852062,2488264.94593,10.6550771535,10,
11726,610.271503617,448.980159,1578079.65306,11.1916474076,10,
11727,610.290235748,348.783504,365449.355682,2.99394971952,10,
11728,610.285897637,664.99314,2905948.5896,11.6035442227,10,
11729,610.315713333,77.095536,410712.48503,6.4946220938,10,
11730,610.328557262,95.741202,478525.655421,14.9582756868,10,
11736,610.575607289,1357.77654,871677.182189,9.02666701207,10,
11737,610.759324907,751.7349,208560.051684,9.55443741905,10,
11738,610.805872811,31.9779852,611521.438143,12.5735522719,10,
11739,611.251314534,455.707104,305071.564826,4.23305724471,10,
11740,611.302609403,1196.45739,396888.913528,10.5588395267,10,
11742,611.30082695,609.26982,455199.163829,8.84122207865,10,
11743,611.313617712,94.949385,6833122.50474,7.38959130883,10,
11744,611.328306135,447.618156,147820.568618,10.1302079483,10,
11746,611.35405138,819.71052,1125584.54885,6.42849730508,10,
13006,761.384421536,593.030784,4882956.07194,7.9879269005,1.0,[M+NH4]+
11752,612.357076822,1080.83616,177315.985538,12.9773069516,10,
11754,612.82723416,31.3427973,483313.894364,9.15174117696,10,
11755,612.850705534,915.70014,14657805.9196,3.16137650601,10,
11756,612.880401201,33.573888,1022040.04589,7.6802878424,10,
11758,613.110285393,123.63618,4906373.29788,8.71146070052,10,
11763,613.329439216,452.717919,373899.938931,13.066902968,10,
11765,613.352238253,915.70014,9720766.85052,4.42830092697,10,
11766,613.354495576,733.35471,429640.511314,12.9409629534,10,
11768,613.853758641,915.57537,3568577.16737,4.64937070503,10,
11774,614.836698262,845.29158,1952698.41464,4.87971161354,10,
11776,615.023740258,1203.52134,225399.440396,12.9878123051,10,
11778,615.064742497,813.73089,37294189.5284,6.17596441473,10,
11779,615.064653978,774.19182,28136106.0007,10.9548399342,10,
11871,621.174162785,958.14744,1081761.95303,10.7759783649,1.0,[M+NH4]+
11783,615.272235004,123.009111,7164211.62561,10.1180132389,10,
11790,615.738483877,459.669297,8941858.90181,8.78530259977,10,
11791,615.753049048,400.08552,177306.643087,6.68230254903,10,
11792,615.84471764,702.1329,4125197.59213,14.8714297068,10,
11798,616.240301963,459.604887,5524899.13917,10.9862330462,10,
11799,616.253876222,399.930402,187300.402089,14.4013081372,10,
11800,616.253071494,136.855812,358968.226803,8.76041029098,10,
11801,616.271411811,697.458,570552.519934,11.3744968161,10,
11803,616.271304382,607.99116,552748.895108,11.0566726712,10,
11804,616.291256398,55.3657107,3084968.85409,13.062473998,10,
11805,616.280790394,703.5174,926957.88573,12.0890648094,10,
11806,616.304118496,61.668276,1082032.43522,6.41601468727,10,
11808,616.328881562,445.24641,9388558.89404,10.527802756,10,
11810,616.348437013,793.25898,105775.984871,12.3021962503,10,
11811,616.431824287,1567.3263,242316.047561,13.6725907369,10,
11812,616.46183224,1288.85046,203377.353634,8.68158350705,10,
11814,616.741432968,459.609732,2107050.53227,9.477384186,10,
11815,616.782293377,703.19628,494938.218723,7.38727290803,10,
11816,616.821610902,32.4859524,2107458.35479,9.21776248953,10,
11817,616.981598599,32.2959801,676908.102779,12.3793227723,10,
11820,617.282977456,703.00116,158031.498443,11.9638592456,10,
11821,617.311476677,39.440451,1133257.33589,2.87715249973,10,
11822,617.324359459,282.741105,2891879.26363,7.5607015901,10,
11823,617.324184309,156.476217,1155641.54534,1.981447443,10,
12232,654.320785773,737.22645,3027137.13584,8.65532385186,2.0,[M+Na]+
11825,617.324358514,325.693506,1044717.68354,3.84805255872,10,
11826,617.349158807,489.527178,334676.219987,13.4043023144,10,
11828,617.822636098,32.6158938,387564.954156,11.2989650961,10,
11829,617.831377247,868.80246,1018471.52738,9.90583781326,10,
11834,618.323499189,738.51852,6576165.71723,11.1234921016,1.0,[M+H]+
11835,618.319370651,57.2443173,2818827.68412,11.2927467223,10,
11837,618.332537355,868.69698,606840.966414,5.64070589248,10,
11839,618.533041066,1203.11694,952310.025752,13.6410773251,10,
11840,618.628297341,1362.759,979124.697554,4.80229809211,10,
11842,618.808451325,712.61019,247850.656149,12.2930871811,10,
11844,619.032275209,1203.52134,706903.152736,9.69476868577,10,
11845,619.149706785,972.7797,506509.174656,12.101893727,10,
11846,619.151001891,1403.00322,596697.438672,5.59023878061,10,
11849,619.282625819,438.770652,391745.626937,12.0524829015,10,
11850,619.322312612,56.9368374,735098.011125,5.68725339128,10,
11852,619.339913847,108.190548,122340.912766,14.698882487,10,
12798,728.417203876,653.9715,9156634.75979,10.0533317048,1.0,[M+NH4]+
11856,619.343689669,747.39273,9308009.23561,8.23015623292,10,
11860,619.823054459,643.18848,1596403.20505,6.76207169767,10,
11864,620.238239026,1398.23961,634441.602815,6.99763587294,10,
11867,620.362054298,1368.84798,240586.169875,13.4514470447,10,
11868,620.83345426,915.70014,3171510.26627,8.23853136302,10,
11869,621.129178196,1120.8438,43567085.6093,5.10099453153,10,
11874,621.303580919,1171.53768,511097.405793,0.631467324894,10,
11875,621.305476928,69.513156,611500.44274,3.12988086122,10,
11876,621.315523534,440.542473,600724.914577,9.93512442009,10,
11877,621.323178516,354.188382,2039151.41422,6.19622593112,10,
11879,621.3275951,434.811024,1955126.50994,2.81028545273,10,
11880,621.34423757,403.770591,279528.349027,6.91361318913,10,
11882,621.349466261,869.87934,113431.42873,14.5974171873,10,
11883,621.446309326,284.334357,834163.191069,12.9057861003,10,
11885,621.867439939,750.13785,723049.100201,5.62949766167,10,
11887,622.176977965,958.14744,229750.476302,11.4349743601,10,
11891,622.318173159,386.513202,586023.313218,14.7014113109,10,
11892,622.325702036,830.93199,1130587.17953,8.30541366508,10,
11893,622.317959089,113.180577,308363.576435,12.792457179,10,
11894,622.330658892,434.58153,318455.011241,7.57381394524,10,
11896,622.34537094,744.81204,200165.711219,9.76260141417,10,
11897,622.368986784,750.62013,422200.014026,13.0275580641,10,
11899,622.998741035,33.2031753,424811.600603,13.6796803969,10,
11904,623.274605067,321.521121,776489.401753,9.13849251077,10,
11905,623.274513631,280.138482,135886.032743,14.8143162338,10,
11908,623.411276914,775.80966,196202.095744,14.4701891434,10,
11909,623.723729745,459.134046,2348179.92932,10.5642995285,10,
11910,623.776743928,321.557373,429390.855635,7.80171126343,10,
11914,624.234657212,1439.62152,386988.913502,8.87705697588,10,
11915,624.245792374,378.988386,145994.962335,11.9938761013,10,
11916,624.286923807,791.18553,557235.869642,5.37601653903,10,
11918,624.289725873,374.206764,1008123.32967,3.08497806854,10,
11920,624.337805503,855.06096,600941.456101,7.71507339802,10,
11922,624.861548683,32.9299482,485453.042442,5.42145471277,10,
11924,625.145463812,1331.28924,103313.777768,11.7910210802,10,
11925,625.235630159,1439.7912,189700.136884,2.22026190943,10,
11926,625.253301683,258.729096,157455.811091,12.4891420911,10,
11927,625.256497038,197.524578,717457.578671,14.4620409289,10,
11930,625.318069011,1221.09033,536763.441835,12.2763832774,10,
11932,625.341201178,855.20451,184124.302023,1.05465832541,10,
11933,625.330410034,747.55455,135608.74937,13.4211179551,10,
11934,625.827505086,844.73034,1458275.50402,5.1095482129,10,
11936,626.189524547,65.7615,1191159.40242,7.26110448948,10,
11937,626.248858121,1173.19068,244391.169219,4.50609526501,10,
11938,626.284662223,341.975571,270617.282916,14.4144236956,10,
11941,627.117817588,954.0963,129850.393237,10.3744918738,10,
11943,627.307354271,563.357457,2010161.12746,12.818209547,10,
11945,627.31875385,797.68854,367066.760466,14.8188088436,10,
11946,627.345004109,440.286414,2434913.33217,11.9651544214,10,
11949,628.291134664,54.9868998,6182436.63432,8.94299886111,10,
11952,628.331678351,933.56982,469767.870397,9.79154139376,10,
11953,628.409464064,831.36294,208765.830655,9.04897376204,10,
11954,628.856078848,33.5707311,2111869.76816,8.27453946647,10,
11956,629.190363345,1439.78082,516251.157807,8.78770242977,10,
11957,629.265481294,383.488014,3559585.75994,4.95695881118,10,
11958,629.287703531,343.101318,3999202.05055,7.21152253715,10,
11962,629.325746464,919.23129,1015412.09073,9.41655071235,10,
11964,629.346170309,145.911504,167661.69382,9.56844181894,10,
11966,629.561084313,244.865598,101453.320382,10.8440848024,10,
11967,629.742261527,205.668954,322827.098671,5.73820741742,10,
11968,629.76679762,383.488014,2156676.72208,6.83316578763,10,
11969,630.190842745,1439.46225,301721.035884,8.66194463433,10,
11973,630.283426564,114.174864,935469.610836,11.35800821,10,
11976,630.323315275,694.87383,7155287.94575,14.3904765097,10,
11977,630.319455227,273.079602,240100.159503,14.0346868096,10,
11980,630.589327388,1354.56909,417255.118773,9.52714628374,10,
11981,630.769345646,383.304522,149817.067089,3.20238976313,10,
11985,631.303241262,223.502526,784248.037853,7.69083939283,10,
11986,631.293252213,343.075518,156530.634747,9.54551684879,10,
11988,631.33976826,355.411068,3182549.65595,6.08390249176,10,
13193,793.430644966,772.90023,530706.476293,10.0302178923,2.0,[M+K]+
11992,631.380138181,842.25297,375935.492317,9.40455183519,10,
11994,631.573513293,1521.81741,2634270.30811,6.24561996066,10,
11995,631.573406036,1456.30896,285863.312091,10.0467243446,10,
11997,632.204680384,97.024104,859312.968684,11.1899624714,10,
11998,632.220035501,204.924948,1951611.23287,9.90256461823,10,
11999,632.250504674,393.115524,395614.659119,5.61530438992,10,
12000,632.298435396,289.295982,2302249.58525,12.1140230505,10,
12001,632.29881277,146.191812,535103.383945,8.41386090672,10,
12004,632.323715371,471.031422,2135369.89539,4.27523814762,10,
12005,632.338816109,735.93624,6067613.13577,13.9999286304,10,
12006,632.33821391,859.21317,135280.723827,11.9775288862,10,
12007,632.343331408,355.628514,803755.815876,10.8048178419,10,
12008,632.394031035,679.56879,224264.398174,4.88772876057,10,
12010,632.721678608,204.971643,1056085.54876,8.3112328611,10,
12011,632.750436001,299.040486,1962468.07853,11.2147579383,10,
12013,633.128836929,1357.61532,418510.674012,9.90313359021,10,
12087,639.153216583,1186.07562,747403.166512,3.42519966923,1.0,[M+NH4]+
12016,633.223247143,204.924948,342104.161712,10.9243162398,10,
12018,633.296364367,94.802859,665504.711032,5.96704648855,10,
12019,633.297935648,456.505164,6382706.73806,9.27731809757,10,
12020,633.301119556,289.18611,525104.735309,10.8735673341,10,
12026,633.359542676,842.90025,2290987.25736,4.19765781321,1.0,[M+NH4]+
12027,633.362478319,621.40272,109317.988636,5.02486006962,10,
12028,633.417010436,254.038284,395545.896866,7.46255607899,10,
12029,633.516244486,1372.78611,250293.67329,2.98115570824,10,
12030,633.818712053,798.60699,1849475.96318,7.77126167533,10,
12037,634.359106129,86.195346,1180602.02046,8.35413102509,10,
12039,634.552098172,245.534358,236099.537387,9.18749149482,10,
12041,634.790197224,664.67214,1485470.29566,11.1845948534,10,
12043,635.131519172,1186.43214,246060.408942,5.05988838583,10,
12046,635.266956123,1068.6102,1192939.55272,6.10878926414,10,
12047,635.284727462,743.03784,126328.145158,14.3621269895,10,
12048,635.299999385,284.971794,1701389.23755,12.7713950269,10,
12049,635.317465943,739.00257,16440127.0047,10.9927875399,10,
12050,635.322765126,446.02542,1143435.61145,8.28164612073,10,
12052,635.360886205,86.186538,213334.633698,6.70141254784,10,
12053,635.374770789,670.44999,349758.702277,13.0731154382,10,
12056,635.396214895,135.778644,205112.388294,11.4534316329,10,
12058,635.461428572,393.669957,819603.633976,13.003642878,10,
12060,636.084114757,123.63618,7635478.02118,5.93703772309,10,
12063,636.293413359,69.409596,3396204.71823,7.46182817013,10,
12064,636.302450781,284.69586,271840.237259,6.19542096757,10,
12067,636.389334504,1347.15126,222303.929116,10.5288036043,10,
12068,636.749857965,260.163162,762748.867226,12.3588098136,10,
13007,762.196613113,976.31022,550397.294828,12.142810266,2.0,[M+K]+
12073,637.304321207,1373.41854,434812.86854,11.3119544792,10,
12578,695.374724751,851.80557,471271.099728,8.88936900567,1.0,[M+H]+
12075,637.347575124,741.58626,528548.305523,9.37838108359,10,
12077,638.218463716,752.70654,200225.019045,8.6067998265,10,
12078,638.253325742,607.8357,266736.989768,9.64065216316,10,
12079,638.27667975,398.621268,242376.501766,11.8184079134,10,
12081,638.313306215,249.925536,135124.844764,12.5867637949,10,
12082,638.312755289,376.87227,450973.069589,6.36892575944,10,
12084,638.606744955,1372.61571,2493098.30356,5.04139651259,10,
12085,638.8132182,33.251361,1871638.66304,13.2700154581,10,
12086,638.975452828,32.9320416,1215853.39114,11.3484943268,10,
12088,639.163442709,1390.44999,284825.686885,14.4843299911,10,
12090,639.218192066,1200.60555,3224757.61704,5.59024965575,1.0,[M+NH4]+
12092,639.271845944,273.240477,260912.736187,12.5360617799,10,
12093,639.272137008,248.131476,236704.697379,13.0735294205,10,
12094,639.272098524,317.942868,441221.623642,10.1941215586,10,
12096,639.316121435,317.522433,196467.080276,6.80153053461,10,
12098,639.388466092,732.97554,157360.435089,9.54556215995,10,
12100,639.729437088,260.323098,2005025.55274,11.3028119938,10,
12103,640.230519217,260.322102,722027.984754,13.0689547732,10,
12105,640.292377139,174.485388,742970.822021,3.9417323642,10,
12106,640.307764067,618.9858,2406786.62375,14.6980286271,10,
12108,640.58593066,1356.97584,915360.843106,0.882762659717,10,
12109,640.613618285,1372.58868,115947.260546,13.3694879166,10,
12110,640.757224018,383.478264,406042.062007,9.00760124673,10,
12111,641.147578312,1187.18022,427517.739067,13.7497248714,10,
12113,641.274905185,217.448523,474012.467237,12.3173076761,10,
12114,641.283121602,1220.74434,87476.2752764,13.5932273232,10,
12115,641.305401083,991.14378,223725.912641,11.3267767325,10,
12116,641.312630789,1048.8189,110519.122919,11.3616809816,10,
12117,641.324165862,262.265259,2526095.1462,12.8948293763,10,
12118,641.367986332,668.77494,771225.015648,5.97148079194,10,
12245,656.396338971,807.27282,334376.866228,11.5004285164,1.0,[M+H]+
12121,642.380773438,733.03158,4180079.36615,7.1114169292,10,
12754,722.56747993,1366.23048,420960.772403,8.95115108189,2.0,[M+K]+
12124,642.92394782,1503.66666,320727.632853,1.76955807871,10,
12126,643.256028432,1076.08962,1631764.47206,6.96439624641,10,
12127,643.273389981,324.296685,170383.197897,11.6210578124,10,
12128,643.322093977,134.268306,481497.897481,10.3738723421,10,
12129,643.364588189,675.87792,1579954.17105,6.73607657884,10,
12131,643.362522213,770.14692,432203.677773,14.9503473403,10,
12132,643.37606752,137.021298,1083782.30075,6.88879531355,10,
12136,644.259243678,1076.03751,407438.180245,4.34920163138,10,
12138,644.307708119,830.60943,1825107.41403,10.1085914553,10,
12139,644.323850143,401.357901,270934.401968,9.25570787094,10,
12140,644.335279964,454.726362,262107.100455,6.71276396235,10,
12141,644.379094902,136.938555,262259.299054,8.72149416444,10,
12143,644.809283062,798.67362,1228801.51218,9.84581987345,10,
12144,644.823238381,774.04626,1305613.89009,9.8544902352,10,
12146,644.992693662,33.4466394,550528.889244,11.8695263701,10,
12147,645.100735397,181.265106,1907806.37407,6.17440481736,10,
12149,645.289179743,76.770846,598157.992391,10.9835565914,10,
12150,645.30086659,422.489481,331739.914752,10.0246065729,10,
12152,645.319110344,346.801881,2913189.04109,8.38371783647,10,
12153,645.359448264,803.13366,770434.130586,9.02311759115,10,
12156,645.355350295,388.096026,377261.58975,14.3044901201,10,
12157,645.811686552,798.36282,276211.141208,6.82746184508,10,
12159,646.246729403,673.76109,248496.568049,10.2940198275,10,
12160,646.301244171,53.9112075,625516.486319,8.71228249236,10,
12162,646.339567507,421.370028,7175290.07369,7.12423749252,10,
12163,646.339372955,128.134806,3045663.08094,10.3606369936,10,
12166,646.375845089,214.760958,279933.381553,5.12006510352,10,
12169,647.342295503,128.373522,814978.324782,12.6191715177,10,
12172,647.391706022,837.5556,1140934.94789,11.0422686576,10,
12173,647.568245503,1385.73819,1353704.34888,6.14793369727,10,
12174,647.834492121,843.13077,717036.14159,6.09851661952,10,
12176,648.238661959,383.488014,630912.099708,7.46078918051,10,
12177,648.233547951,460.710738,260424.368533,9.60374803481,10,
12180,648.337432829,142.360314,153385.272684,6.54387046256,10,
12181,648.331579751,259.366098,270667.069897,12.8824363339,10,
12182,648.345192856,421.199904,348745.943373,11.2150607226,10,
12183,648.374062563,149.45193,212624.817901,7.19622242888,10,
12185,649.228078235,1378.94718,1313652.14558,8.27160336464,10,
12190,650.295590927,427.623156,220423.699894,10.0003894071,10,
12191,650.309287469,85.561659,420103.406409,11.6996992685,10,
12193,650.848753676,34.2087303,681468.866389,11.3342178497,10,
12200,651.42737422,1264.45689,378552.793304,13.0608048437,10,
12201,651.565496906,1361.4492,123589.529761,4.60913582604,10,
12203,652.274262674,762.04746,137376.087281,14.9864226588,10,
12204,652.292403414,446.906781,1576674.28615,7.99225276841,10,
12207,652.305200763,694.91814,161426.009256,8.40689396222,10,
12210,652.792049129,798.66042,966339.465912,8.65654785368,10,
12211,652.844701162,714.05838,4008828.23022,10.8447910778,10,
12216,653.287728453,340.53357,2786087.03382,8.02629891821,10,
12217,653.293650829,798.51162,586531.681586,10.2196693494,10,
12218,653.312950755,432.122232,266352.752133,11.2407335239,10,
12224,653.55389729,1295.63505,747883.997703,11.0778868331,10,
12226,653.847952112,713.98212,974689.703795,7.43709615795,10,
12231,654.314149693,314.907492,1292001.46616,7.23198982602,10,
12233,654.380840934,718.50126,125607.036523,8.36761076827,10,
12234,654.788158366,33.24858,624861.897798,14.7602110276,1.0,[M+NH4]+
12235,654.815265946,314.931684,805354.574476,7.59635112907,10,
12236,654.951069887,32.9320416,1143247.22817,11.6170062669,10,
12237,655.293518543,340.479372,128550.553714,9.5274515276,10,
13144,784.458781658,817.68192,535369.265287,12.7039673494,1.0,[M+H]+
12239,655.571044982,1385.66928,378471.057826,5.65701698421,10,
12240,655.800469481,798.67362,775266.404477,6.12481125565,10,
12243,656.354501681,710.92176,286973.058414,11.3230051147,10,
12244,656.396297252,685.04658,10135024.0076,6.75570101712,10,
12246,656.396152609,269.866344,384116.041862,7.0510023019,10,
12247,656.432609894,785.35779,305419.159007,14.655188093,10,
12248,656.57349358,1385.61744,171895.649647,3.7772097572,10,
12249,656.799840383,31.1027886,295066.570861,9.86582456526,2.0,[M+Na]+
12250,656.865629032,775.01916,127459.684757,9.50228110482,10,
12251,657.271373819,1140.72564,278732.097947,10.7557559211,10,
12252,657.270183874,113.942988,941407.522241,11.4022547496,10,
12253,657.286387123,493.713741,2625413.15985,6.64384869163,10,
12254,657.289402571,328.39011,146137.308721,1.88872979074,10,
12255,657.31862677,336.863691,582963.298265,6.55994094407,10,
12257,657.344416353,804.10413,321538.707477,12.3249068883,10,
12260,657.865853708,807.01575,389923.723507,10.2451174971,10,
12262,658.277908321,121.344918,1806234.75206,12.8372457153,10,
12263,658.301301798,135.349116,114924.599053,10.2602060935,10,
12264,658.314200339,311.548617,450137.048477,10.209333146,10,
12265,658.327652274,913.28808,1428863.93638,10.9431699969,10,
12268,658.456632215,1410.93558,789201.033522,12.8259648763,10,
12269,658.829262177,913.16961,1000092.88057,6.45220728236,10,
12270,658.825060122,843.15186,477826.632175,11.374910937,10,
12271,658.873551959,33.3345744,406306.585102,12.9862337185,10,
12273,659.282323638,1137.55092,635474.108572,6.5065749028,10,
12274,659.285637089,1373.5362,1735561.88353,9.86117517817,10,
12276,659.324304533,591.260592,160157.068538,13.9296023836,10,
12277,659.330447564,913.28808,408853.229766,11.4637787212,10,
12282,659.370958555,453.543282,4493953.62411,12.0921411028,10,
12283,659.468890772,1429.11921,2735160.95526,8.77099020108,10,
12284,659.604550046,1560.49506,929228.741847,4.33256265098,10,
12285,659.80350865,620.11074,193595.471962,13.3830802438,10,
12286,660.289459242,1373.56416,529506.409071,8.30642359978,10,
12287,660.316028381,756.11328,476988.831213,8.1870434773,10,
12288,660.305955747,333.01644,10884899.7852,11.9298270175,10,
12290,660.330561293,308.96724,179703.298247,14.4064276345,10,
12291,660.333712304,606.00246,3394163.52091,9.76050238831,10,
12292,660.355007197,212.598399,394169.293083,11.7623916003,10,
12296,660.607999836,1560.81468,279809.064175,12.4479833899,10,
12297,660.805114622,33.7670775,1126172.87698,9.92302295246,10,
12298,660.968676249,33.5229231,1031015.93001,10.2757238154,10,
12300,661.17727484,449.11092,194615.538895,11.2630981598,10,
12301,661.253680669,318.168243,535696.73891,13.8510622032,10,
12302,661.276422661,543.63333,178495.15234,14.6154291977,10,
12304,661.300780674,41.8580232,2773220.77685,7.26931558203,10,
12305,661.339401555,688.39602,128328.223352,14.5983938172,10,
12306,661.375704958,624.69891,1027378.41783,2.7556647607,10,
12308,662.262065268,467.402178,487275.52074,8.82316248341,10,
12310,662.334812673,411.465534,107073.481464,10.9993948287,10,
12311,662.349184424,493.055622,823687.628546,5.27987429508,10,
12313,662.808209735,863.62308,643166.059899,8.729230629,10,
12318,663.427352232,253.951596,296623.737079,5.90734046314,10,
12860,737.544887615,1539.74706,2329218.90018,8.696349642,1.0,[M+NH4]+
12322,664.32858233,558.817332,1737682.70299,13.7293859171,10,
12324,664.33601866,879.22917,482859.281938,14.2542309628,10,
12325,664.329623529,380.677986,313140.225052,10.17355959,10,
12326,664.348752403,430.191288,391716.858037,12.0383735339,10,
12327,664.401515628,703.38165,4571003.1128,10.8553034086,10,
12329,664.783777216,344.063751,545565.4375,7.65909433859,10,
12330,664.936956291,1508.7471,272244.6395,13.8263166934,10,
12331,665.146732662,1185.66954,205300.529125,14.7202086095,10,
12333,665.285407023,344.086866,368865.990825,4.62624680672,10,
12334,665.312919092,1053.59625,294752.909397,8.44918487245,10,
12339,666.234159086,394.379214,1249102.74101,6.48891756719,10,
12342,666.334634858,746.55642,436886.693425,6.87819090178,10,
12343,666.342956672,340.047696,1044782.84925,5.5932350701,10,
12344,666.446475825,1295.66148,312579.233788,11.9951244627,10,
12346,666.806911355,843.15186,328506.561675,11.1224022984,10,
12347,666.822941643,34.2045738,590782.524069,3.86600271744,10,
12349,667.252674984,374.412201,645793.281288,3.76917317549,10,
12351,667.303045895,439.734468,164822.484563,10.4033495663,10,
12353,667.339258961,393.353394,324080.946193,11.6645605834,10,
12354,667.345956059,340.206945,287720.968306,11.7050247418,10,
12355,667.641470105,1385.61744,634248.239555,8.27689130804,10,
12356,668.074411398,181.113789,2224585.5362,3.64277875425,10,
12357,668.241474595,63.501087,2701707.07445,12.8611014687,10,
12358,668.298259199,124.633302,410798.391505,11.2095109762,10,
12359,668.309226601,377.09088,302881.851311,9.38529532395,10,
12361,668.617195355,1371.82647,2085536.43699,12.8844586381,10,
12362,668.765612944,322.906368,1004188.22312,1.38354066279,10,
12363,668.832661354,32.6137989,1754915.45196,10.8543892278,10,
12364,668.856458577,807.10143,285892.683206,8.23373163298,10,
12366,669.39564479,846.77514,928111.092308,6.99785188781,10,
12368,669.816129493,843.22968,312793.383711,6.5156688859,10,
12370,670.281731978,421.689846,118032.854055,14.0829526294,10,
12371,670.350970352,364.751388,414766.944652,13.9686222803,10,
12373,670.390850919,1165.54143,685988.181496,5.15177648782,10,
12374,670.820916455,741.46302,184751.583347,11.172436727,10,
12376,671.233780002,400.729266,169475.377574,4.39091097681,10,
12377,671.302057752,611.97939,2465642.17375,10.2534445981,10,
12379,671.375234923,753.36948,1271606.45124,8.89712906185,10,
12380,671.383256324,775.64778,1100718.36272,9.89249122806,10,
12381,671.393907946,1165.2327,189665.927059,8.60628233393,10,
12382,671.884929458,775.80966,809619.929964,13.3285179219,10,
12383,672.288746864,255.533415,412889.202714,7.47126744998,10,
12385,672.354614941,635.9481,11334980.9751,4.72853888743,10,
12386,672.36993583,729.23823,217499.193106,14.5446514505,10,
12390,673.374962069,791.82453,797747.380078,6.37274427349,10,
12391,673.394328974,705.83877,265259.801352,8.72065496397,10,
12392,673.426579377,885.59271,199068.834342,7.72923159264,10,
12393,673.430415822,672.04902,220630.646352,7.23498598819,10,
12396,674.370313457,546.97614,3820895.01606,13.3294088481,10,
12397,674.378700111,1302.00012,138580.911964,14.7330344873,10,
12398,674.503512002,1323.48696,212428.284872,1.67081971752,10,
12400,675.246220134,396.204774,807915.240509,4.75931008981,10,
12401,675.294670038,281.118141,401434.123304,6.97199736677,10,
12402,675.316599453,47.4725541,15400921.6384,5.45155821503,10,
13191,793.367003749,285.61005,779059.59163,13.2101560183,1.0,[M+H]+
12406,675.348978933,794.24247,2044191.80182,3.7869692131,10,
12407,675.354447311,418.100022,139773.784526,11.7251041657,10,
12410,675.38834292,803.39706,462173.022197,5.29944150161,10,
12411,675.40642023,833.5176,4127339.85652,10.3236945308,10,
12412,675.464117809,1401.4257,1723075.67885,3.15848135922,10,
12979,755.810015357,327.528189,4057541.05299,13.0888781128,1.0,[M+NH4]+
12416,676.272060566,832.52088,321374.093752,10.672111584,10,
12417,676.283663927,84.2094,536174.563099,2.37717043517,10,
12418,676.303628269,366.876642,169058.510231,10.9761763642,10,
12421,676.328958232,681.96978,321499.098619,3.14025923596,10,
12424,676.349829384,343.397262,792938.283318,14.8823089515,10,
12427,676.773737609,746.55642,207742.243794,14.5636926432,10,
12428,676.82387042,903.01794,651066.099128,14.2264765739,10,
12429,676.943363275,33.5707311,713089.811276,7.05823147757,10,
12430,677.030535222,879.97032,149261.930339,5.50819800218,10,
12433,677.360446391,712.8504,167459.945947,7.31198114565,10,
12434,677.38538025,819.96924,378706.380114,10.5942525451,10,
12435,678.354828194,344.086866,169916.910393,14.6669739199,10,
12830,730.803177897,32.1369237,655569.217688,5.34239397867,2.0,[M+Na]+
12438,678.803988541,767.4048,1037793.18986,11.9330475215,10,
12439,679.142860595,921.50538,720730.109755,6.65905333785,10,
12440,679.155696021,1300.92351,128290.692299,13.6222930033,10,
12443,679.302554383,481.044801,204838.532958,10.0937497834,10,
12447,679.817215226,441.021348,1894277.65931,7.99482479059,10,
12450,680.34929416,825.92613,1075309.17572,9.65134795664,10,
12451,680.419758788,1355.10249,1024995.82143,6.15518643954,10,
12452,680.461755751,1323.54948,502006.279783,12.6167169695,10,
12453,680.4688396,607.8477,125843.897033,12.100138891,10,
12455,680.867725648,33.735126,561709.73026,5.32252372428,10,
12457,681.328571058,380.410272,203907.610531,12.1581469971,10,
12458,681.333801432,678.2286,18051723.1253,10.3837551858,10,
12461,681.353115026,453.38028,170209.830249,4.147931822,10,
12463,682.19238942,123.63618,2268646.8992,11.4875650256,10,
13106,778.295732751,61.466802,2413103.80096,5.75074182305,1.0,[M+H]+
12466,682.327179695,933.72981,2032707.02182,10.6868273962,10,
13139,783.412803895,335.743626,235802.60329,13.5296981237,1.0,[M+NH4]+
12469,682.350620648,459.526536,2655897.14197,8.6006759764,1.0,[M+NH4]+
12470,682.53645433,1234.71414,214507.968557,12.8262680339,10,
12473,683.143696396,957.6159,137533.538952,1.68358984549,10,
12475,683.28525486,48.4461747,3405302.60418,5.99672810044,10,
12476,683.279843703,786.36537,685573.530316,14.3095210542,10,
12477,683.279617998,853.6968,660985.211037,11.7504437228,10,
12479,683.345963484,91.272102,157174.023266,1.78422732873,10,
12481,683.781655182,853.1481,389876.634011,13.6908939385,10,
12484,684.366128637,529.729944,2070415.81291,6.10442527788,10,
12485,684.370141171,830.50254,166202.609419,6.65727490508,10,
12486,684.414392245,903.35886,434551.969935,12.2521256025,10,
12487,684.808393632,32.564487,1524097.34118,8.71157597312,10,
12489,685.159774714,922.03332,754223.358536,4.9734993979,10,
12717,715.286766564,392.642772,932520.599355,12.5307714171,1.0,[M+H]+
12492,685.386518771,654.97398,2533156.82738,6.36601696312,10,
12493,685.393952417,754.6602,384858.10705,11.2079600885,10,
12968,753.421262456,1539.83475,6077625.9736,12.6336996656,2.0,[M+Na]+
12500,686.40680227,602.97684,2010311.70566,12.3306898145,10,
12502,686.443143529,719.5974,227587.762361,9.72597309309,10,
12503,687.199099655,1408.57278,198915.904328,12.6671705129,10,
12505,687.309565378,116.86536,310781.447916,14.8942352473,10,
12506,687.344562083,703.83936,4068205.37585,9.77689701686,10,
12507,687.401973739,716.2818,119024.987556,14.7020595764,10,
12508,687.409728855,742.03278,263211.348664,8.91588363193,10,
12510,687.764411001,833.16486,140939.97846,14.4846702743,10,
12511,687.764371849,818.14542,180533.931913,9.23488487675,10,
12512,687.915463798,265.408092,329638.432392,1.35789538485,10,
12513,688.250132845,265.599441,383663.009365,6.30913746301,10,
12514,688.249418145,416.455461,985343.053999,11.3677275445,10,
12515,688.260615663,933.981,1742250.66707,6.6000673265,1.0,[M+H]+
12517,688.36487353,768.69873,177916.81449,14.8485782711,10,
12518,688.372515854,385.877766,888700.92104,10.0344151295,10,
12520,688.401346501,806.75718,107432.659375,6.71014325621,10,
12523,689.298775653,434.260344,218735.615307,9.63014321698,10,
12524,689.319755244,140.776719,179625.461698,11.5620281436,10,
12525,689.320228678,93.529164,374030.97554,9.65390961938,10,
12526,689.350425511,703.74288,190878.92153,9.06479682653,10,
12528,689.367867748,713.49216,1536795.00702,11.5087154804,10,
12530,689.794747039,767.40507,692762.273041,7.88803969503,10,
12531,689.815797583,778.90728,853907.986147,4.78229462708,10,
12533,690.279795845,125.152668,254259.244308,12.8617376533,10,
12535,690.340114231,304.242114,975175.28768,7.41310702112,10,
12537,690.390598572,614.39778,2269961.46404,9.71181433127,1.0,[M+NH4]+
12538,690.68258829,123.63618,4950742.86738,9.44322258348,10,
12540,690.818735335,778.57854,227311.066883,13.5488117375,10,
12541,690.985758905,33.09426,156614.597401,9.21141802122,10,
12542,691.176732864,921.12306,335370.648562,12.4507255388,10,
12544,691.270132652,80.530812,1234253.55124,13.1910664161,10,
12545,691.311956224,109.80231,143936.343072,11.4787488486,10,
12546,691.338677933,420.02628,146093.507305,10.2051937362,10,
12547,691.36081808,415.3359,1684789.63058,11.087639935,10,
12553,692.35990107,710.92176,3286463.45225,8.63243944628,10,
13053,768.931579073,32.564487,455540.049892,12.3840223936,2.0,[M+Na]+
12555,693.219388159,311.710302,209184.720778,3.95718284295,10,
12556,693.267367942,300.290364,3322894.94603,11.643462256,10,
12558,693.306054804,212.27508,459080.186639,11.7043641365,10,
6084,366.147288408,247.98747,548853.379641,9.06168416275,2.0,[M+K]+
12560,693.334179397,736.30764,237393.67268,5.95071906358,10,
12562,693.452457032,1431.49638,517870.23764,5.58845168981,10,
12563,693.576197951,265.580973,1389169.99277,7.52740530673,10,
12564,693.746388671,315.81975,468366.896698,13.5756783703,10,
12566,694.270713148,255.533781,1400904.52839,7.18713587007,10,
12567,694.277734338,933.981,1020085.34465,11.6563753307,10,
12569,694.339242092,441.340155,4844952.72354,7.21366706595,10,
12570,694.342792236,247.98747,362380.41439,10.5052260569,10,
12571,694.344392227,780.29355,179236.215753,9.62296902343,10,
12574,695.272680085,255.533781,271912.336558,5.5707880385,10,
12575,695.27286433,238.97397,149495.900609,14.1369125804,10,
12576,695.29842764,433.777782,1286341.12879,4.65800596354,10,
12579,695.390315827,1355.05038,1243181.0764,5.24179233529,10,
12582,696.293297661,245.557665,229453.143735,9.88097921767,10,
12583,696.333516045,682.93278,467418.676937,14.7167742764,10,
12584,696.33727753,426.027786,164252.592206,8.62473406913,10,
12587,696.48726666,1560.4065,3139994.56715,2.78628855266,10,
12588,696.648451614,1384.55574,1461238.84888,7.15778085468,10,
12589,697.258342059,1038.27786,984282.131007,12.9937915027,10,
12591,697.33318188,1301.11896,256928.985877,11.7051864956,10,
12592,697.365290415,767.72802,1804031.54181,10.3132708289,10,
12593,697.386454622,456.345411,4134256.7515,12.6685028907,10,
12594,697.430566772,715.74162,732799.460496,13.0603365093,10,
12596,697.651906906,1384.44552,631200.13053,10.0367926711,10,
12598,698.253330726,1457.59251,278569.586651,14.8953645147,10,
12599,698.304708756,933.72981,3386110.12468,14.2032891357,10,
12600,698.310460948,681.9084,121487.222505,8.27734641029,10,
12601,698.349018443,615.41772,356436.252183,8.30205196183,10,
12602,698.345325467,279.817482,1813753.49578,2.47095384895,1.0,[M+NH4]+
12606,698.935657535,34.0551258,220407.54001,13.7203246534,10,
12608,699.272996786,70.184664,1219025.57591,7.26431121198,10,
12611,699.39210399,456.268032,185543.345293,4.06412887038,10,
12612,699.479166478,1223.50686,267730.104365,14.6387292632,10,
12614,699.671904404,1418.35161,565436.435156,4.71674854735,10,
12616,700.360600822,413.5479,1721143.70067,4.68383977362,10,
12619,700.945814791,32.2959801,702987.382051,14.5781665044,10,
12964,753.188121271,877.56624,400802.86474,4.37194937399,1.0,[M+NH4]+
12621,701.307484353,109.950366,451033.25774,8.44140858477,10,
12622,701.307844105,778.9053,394040.171991,14.2714894967,10,
12624,701.334854318,567.855282,5671058.22266,14.1473951237,10,
12625,701.344212339,309.367614,412255.500073,11.082550934,10,
12627,701.363735835,344.223693,264165.146124,5.90935100133,10,
12630,701.47916309,1414.74756,1898334.74277,12.697407928,10,
12631,701.491793067,856.34286,168804.141911,8.85843120876,10,
12634,701.730192637,315.751311,421345.65292,13.1275038109,10,
12636,702.330011267,414.444042,201840.32304,9.70631751693,10,
12637,702.348478153,819.62286,786702.919486,8.24907900676,10,
12638,702.359316325,879.65901,2521743.0167,11.146001095,10,
12641,702.417579018,843.41994,278728.655046,7.00622238542,10,
12642,702.416717124,780.15006,283622.957661,5.60540065978,10,
12643,702.438513026,817.19742,131114.570047,14.1145181905,10,
12645,702.755374549,786.36228,208769.170358,9.77244913531,10,
12647,703.351195976,819.59109,240428.237957,7.67242259076,10,
12650,703.397296875,850.23,103595.725543,7.31196650799,10,
12651,703.494970853,1433.08416,1478848.28391,1.46596114406,10,
12653,704.334850287,268.592724,324761.966938,7.93292194553,10,
12654,704.365100596,879.58584,175766.561463,14.1684181041,10,
12655,704.35947678,736.8558,146457.054827,6.01322994222,10,
12839,732.426917934,866.31768,175861.095545,12.2075973345,1.0,[M+H]+
12658,705.339691456,109.156422,254159.636048,5.97859945471,10,
12660,705.376355481,348.092883,1337281.60411,9.15126869399,10,
12661,705.37629784,206.92227,167532.048894,12.7335761415,10,
12662,705.3996474,847.28784,196441.709785,10.6254945398,10,
12663,705.883315127,1082.12892,345667.197565,5.62645060293,10,
12665,706.352006995,830.44779,636042.079078,11.2688746562,10,
12666,706.358202073,635.72412,134446.952147,10.4808997432,10,
12668,706.38503671,1082.10216,253358.29663,13.9927020533,10,
12669,706.800184484,33.251361,1302375.12601,10.250755009,10,
12670,707.147216903,876.76647,3211719.62683,13.4613147375,10,
12671,707.258067811,393.039768,245677.12345,4.57540769472,10,
12674,708.239068438,971.53809,961881.133661,14.0635545216,1.0,[M+NH4]+
12675,708.344830167,802.54644,808597.491547,14.0008928545,10,
12678,708.789541197,778.81443,334705.197084,7.76878427735,10,
12679,709.181498556,1408.48425,838570.264828,10.7194827893,10,
12680,709.266001825,1107.55698,585353.138513,13.7974019497,10,
12682,709.34978449,374.732202,194007.050261,10.0365168037,10,
12683,709.350281305,421.519914,155274.819945,9.84379469941,10,
12685,709.401965519,705.90738,643591.925527,6.91470079187,10,
12686,709.422612419,625.58586,293871.227791,9.67717993356,10,
12687,709.422553499,750.16068,2537946.26555,4.28460810028,10,
12688,710.184459394,1408.48425,321793.279461,4.85112874873,10,
12692,710.349474974,798.55356,352351.823526,2.90273116828,10,
12695,711.274765224,850.51287,370393.808103,12.5792672916,10,
12696,711.281644455,1226.51118,126597.219489,14.5413272214,10,
12697,711.401991113,561.429144,2844551.29166,3.60287616513,10,
12698,711.776299589,850.5603,222122.215847,14.3181505597,10,
12699,711.797449474,778.5561,275053.014618,6.87880668356,10,
12706,713.379993501,54.003768,362109.708968,14.0970609563,10,
12707,713.396456583,721.0644,189017.939177,14.6583343764,10,
12708,713.417719725,701.20707,5719909.73775,7.95162061661,10,
12709,713.417499373,547.940142,2513185.35852,9.22433476375,10,
12712,714.228297929,972.57654,1246084.27125,8.43114037384,10,
12713,714.233458645,160.186221,7396663.03385,4.76990277935,10,
12714,714.276885917,51.5790228,1406594.99359,7.86772339742,10,
12720,716.355778459,436.098282,1533284.16089,3.59262494443,10,
12721,716.355893407,363.969888,1167937.40471,8.74598101893,10,
12723,716.874042536,1081.98954,245572.014364,6.54829048773,10,
12724,716.921646253,32.3741664,430681.63873,9.84963492414,10,
12726,717.354804925,715.56204,203074.947964,12.749091191,10,
12727,717.358500523,436.292028,463095.844783,5.35728779223,10,
12729,717.416265309,886.07562,300595.575922,12.2135691051,10,
12730,717.820909845,376.966014,597644.65535,10.5904405101,10,
13291,821.39420179,531.475251,4295650.64798,6.00365783197,1.0,[M+NH4]+
12733,718.375163528,750.13785,635723.527708,6.14566345005,10,
12734,718.371118341,426.014916,294909.222855,10.4941719795,10,
12736,718.411602854,921.5676,210262.228044,12.2792794338,10,
12740,720.254031577,245.719971,741053.313056,13.9691544388,10,
12924,748.275992889,989.16534,3652077.167,3.52509352796,1.0,[M+H]+
12742,720.350777683,416.775963,428935.485853,14.6635016142,10,
12744,721.157141444,1192.41924,1942533.44523,4.98126787984,10,
13017,763.332598084,68.879652,1038329.73106,8.10929586914,1.0,[M+H]+
12746,721.398015372,860.83572,134687.480778,10.1000343366,10,
12748,722.265337589,850.46544,367827.437456,10.719970723,10,
12750,722.313923715,962.50824,2014994.46756,9.05116320112,10,
12751,722.328258347,69.868152,647050.467886,3.26625825718,10,
12753,722.52570508,1539.99282,47829829.5043,2.23471660132,10,
12755,722.775184274,33.251361,501160.160005,6.65113994042,10,
12756,722.767054741,850.5603,268551.715485,14.0896007851,10,
12758,722.976414529,378.057258,234538.529902,8.25981111863,10,
12761,723.43557983,874.71192,179677.785435,11.7244261803,10,
12763,724.10158244,1182.74595,207559.009817,14.0118158036,10,
12764,724.25311801,284.493984,298409.831475,6.49621776951,10,
12766,724.370704408,277.427046,1219458.1135,13.9377717224,10,
12767,724.441387842,692.93763,281776.539889,6.28224416493,10,
12770,724.487844848,1329.22236,278142.269914,11.7767480907,10,
13217,801.252197316,973.21152,324822.805703,9.14265979754,1.0,[M+NH4]+
12773,725.310543195,987.37587,2338010.40402,13.3200587626,1.0,[M+NH4]+
12774,725.320055664,484.251801,1151115.72352,8.8557944219,10,
12777,725.386301921,841.60794,1006134.83525,6.01737311579,10,
12779,725.687527722,1408.97418,299465.052512,14.7525775278,10,
12780,725.821697946,484.381296,777757.604192,14.9211307021,10,
12783,726.319618371,354.350628,270350.818898,10.8920560748,10,
12785,726.438161694,814.77261,383906.205331,6.7253757844,10,
12788,727.509857636,1326.80922,259859.127509,10.4206044997,10,
12789,727.763502605,284.307261,2375298.59327,9.54915507641,10,
12790,728.232952693,74.253786,1281737.5379,8.06591295387,10,
12792,728.264812881,284.307261,966338.184397,10.8933917108,10,
12793,728.295420487,72.342903,32776362.462,11.7623355747,10,
13342,842.45971668,694.91814,359055.670917,10.880151443,2.0,[M+Na]+
12800,728.428320993,633.30012,231636.350696,10.2726923309,10,
12801,728.765943248,284.293728,272240.274656,13.1483895837,10,
12802,728.79210411,33.735126,772712.932949,11.7060340205,10,
12804,729.210595892,1460.79126,377731.186639,10.5608481078,10,
12805,729.219679613,62.312247,734680.162887,5.56626982173,10,
12806,729.239948608,393.115275,733699.554506,12.796584415,10,
12808,729.338046977,295.839429,559053.248619,6.65435235309,10,
12809,729.350663501,244.246659,222618.894622,11.1704028871,10,
12811,729.377456882,706.16076,230257.786856,8.86992331018,10,
12812,729.375782977,588.706086,1615201.92527,14.5042953905,10,
12814,729.394516223,739.16445,171401.874158,12.9913197249,10,
12816,729.412973222,600.89031,4033116.80138,13.3409824765,10,
12818,729.634104459,377.382384,167057.673117,11.4708356741,10,
12819,729.967905799,377.735382,177383.568648,3.55581564928,10,
12820,730.168659428,181.31601,1762624.71683,12.0633561425,10,
12822,730.286128411,152.988657,459155.043925,10.3206961735,10,
12826,730.401828642,917.54232,108570.246029,6.71502972345,10,
12827,730.408245942,417.738219,322511.269139,12.8812172369,10,
12831,731.21144625,972.93984,641338.90382,13.9169167976,10,
12832,731.264432409,986.20716,167723.836752,12.7690159701,10,
12833,731.318681396,718.17816,324072.896686,9.85578304437,10,
12834,731.326098588,362.516574,194910.826255,3.61616557899,10,
12835,731.39200194,478.995552,1242036.59081,7.91849242569,10,
12837,731.878363174,492.275652,4253161.51882,10.3339927396,10,
12838,732.427596962,828.83448,976320.926745,13.8164387011,10,
12841,733.261281319,63.581148,861126.177077,2.13157976044,10,
12843,733.308747789,1058.46777,1978928.37489,2.38628040477,10,
12844,733.415104584,674.28198,417742.643014,5.70314239767,10,
12845,733.599909826,308.888994,264035.193231,5.65328583393,10,
12847,734.303933536,459.754986,591061.936471,14.6969176046,10,
12848,734.34201597,357.803232,186415.523253,9.9448931467,10,
12850,735.301693546,64.663152,399900.35459,13.9677489354,10,
12852,735.337421492,67.789644,1419107.09875,7.02138760729,10,
12854,736.397084484,578.444202,2868287.54043,11.5680588374,1.0,[M+NH4]+
12855,736.819339403,32.564487,1027879.91757,14.4791748439,10,
12856,737.17641921,1416.76257,838359.145201,9.60377855586,10,
12858,737.400167221,578.784222,958825.051303,14.1006373778,10,
12859,737.45384728,869.61333,685272.238346,9.8094654076,10,
12862,738.228018743,975.35733,714900.990702,9.06455551875,10,
12864,738.326045922,826.40724,274142.659989,12.9174284959,10,
12868,739.326158089,1058.30964,5858982.87472,4.65590395591,2.0,[M+Na]+
12870,740.117232868,992.44734,189122.368804,14.7833170469,10,
12872,740.318177867,264.945039,6995996.65854,9.63855483893,10,
12873,740.316884967,88.09092,19801750.3842,3.9125786492,10,
12875,740.3937327,921.80046,289387.44913,13.7230810797,10,
12876,740.428570947,814.44954,522000.279684,10.7837304688,10,
12878,740.453902701,774.51546,397775.393497,13.0898338363,10,
12880,741.229850316,981.6792,3852677.73163,10.3617674636,1.0,[M+H]+
12881,741.305838653,933.7536,1138283.15342,7.26428687615,10,
12884,741.427303218,851.96706,648761.732487,9.90976855881,10,
12886,742.259683717,988.67214,3324906.71889,7.02471841816,10,
12888,742.38320567,734.48577,410791.488273,10.9738718566,10,
12890,742.440613107,745.9095,460032.070016,1.70979901354,10,
12891,742.430828958,851.85396,230660.616355,6.90134625508,10,
12892,742.443871479,681.32574,691630.2842,2.46810903447,10,
12894,742.837043174,33.251361,944896.766242,11.5461963002,10,
12895,743.235238458,93.531096,998127.796164,7.09740308941,10,
12897,743.446913337,681.31338,181495.375718,14.3745656877,10,
12898,743.541526138,1327.84767,264255.820275,13.0985950493,10,
12899,744.244518462,975.51639,690661.848176,5.56909717749,10,
12902,744.409073423,833.95242,131685.118701,13.9812700848,10,
12903,744.87800611,689.93571,400084.72071,4.55079188942,10,
12904,744.930342026,33.5707311,450588.219688,9.32654589399,10,
12905,745.278582049,975.94182,493728.587006,12.2711866801,10,
12906,745.272112954,88.247823,78525472.6022,8.22945067695,2.0,[M+Na]+
12910,745.50521943,1418.83737,1316575.41336,1.42648908922,10,
12911,746.073755491,1074.56004,393762.203031,2.98306917639,10,
12963,753.172051889,970.42428,801093.607826,10.3103835343,1.0,[M+NH4]+
12916,747.270151295,73.485906,882132.795776,12.4568237261,10,
12917,747.27784177,88.09092,6608695.40318,3.44286903497,10,
12920,747.384833943,685.87926,185339.104678,13.0239114892,10,
12922,747.401956035,810.63702,270052.636359,7.06148519697,10,
12923,747.52148701,1436.90154,674013.040475,11.1705827011,10,
12927,748.360869753,734.37642,308849.223696,5.92132568767,10,
12930,748.389636948,237.13809,244231.04965,10.6498823968,10,
12932,748.80216679,322.683306,17853908.4266,8.67527938042,10,
12933,748.862508304,734.37642,232904.285475,11.3131129495,10,
12934,749.152239887,970.39014,309348.543161,13.2827794541,10,
12935,749.193626113,975.35733,359566.544475,4.71448958819,10,
12936,749.280630167,50.5293858,8197578.17187,8.9976303741,10,
12938,749.357821528,1058.66664,304106.621958,7.87741799875,10,
12940,749.410870036,1539.74706,596789.642581,5.33334359129,10,
12941,749.805126184,322.683306,5418318.60437,8.96315477518,10,
12945,750.399004873,654.2808,113678.937562,9.72499216974,10,
12946,750.409945624,780.33909,333808.257693,14.9034938728,10,
12949,751.356766464,114.662487,142207.020968,11.1288726973,10,
12950,751.375431959,759.17979,184069.603769,2.52098276593,10,
12951,751.378927176,629.12586,209961.006787,9.21077470309,10,
12953,751.433796417,768.54366,385013.111164,11.4498430264,10,
12954,751.469625786,818.32935,2171376.91606,7.11070150644,10,
12957,752.472777116,818.32935,855743.250384,4.00662540629,10,
12959,752.614039698,1418.4654,412805.870023,5.69892945513,10,
12960,752.79534607,32.7738816,1091913.50379,10.1641377363,10,
12961,752.865432452,408.471528,949150.414103,12.2370240864,10,
12962,752.955331695,32.4549831,256678.382843,14.5521113759,10,
12965,753.224959979,989.26458,1621391.77386,4.49798651024,10,
12966,753.303551126,987.03282,673713.245472,6.10831749388,10,
12967,753.412334499,603.48912,1276145.40069,7.81257332984,10,
12971,754.368562077,369.719388,419562.151126,14.9568995169,10,
12973,755.176641266,975.96774,585970.618561,13.6101608342,10,
12974,755.210309617,975.11844,310151.466869,14.6101503743,10,
12978,755.406767423,695.79678,229707.389236,7.52287353585,10,
12980,756.311546798,327.528189,2809791.25071,8.70966938661,10,
12981,756.423340804,680.39286,342962.00258,8.54516995468,10,
12983,757.369265868,342.619257,190135.850834,9.91787511591,10,
12984,757.426438467,858.87894,366738.330878,7.93012070111,10,
12985,758.260601437,987.05781,5493952.53855,8.37353896317,10,
12986,758.38118343,690.36021,2145892.17186,7.41367920026,2.0,[M+K]+
6809,388.353931873,1409.27886,21828561.1837,7.38467760542,1.0,[M+NH4]+
12988,758.812321561,33.251361,1188994.83172,12.7597535867,10,
12989,759.204553072,877.53516,313745.785871,11.7482309837,10,
12991,759.288001561,962.76627,944739.166183,7.29945995433,10,
12992,759.287644577,142.360314,183547.864775,7.28604145121,10,
12993,759.322612806,83.822097,440912.081962,13.698929061,10,
12995,759.434543884,1385.66928,201493.770361,8.63170985697,10,
12996,759.627330511,1398.21066,1271029.58388,6.40304832619,10,
12997,759.792110911,322.683306,4992519.34425,11.5308899859,10,
12998,760.29354508,322.683306,3518329.7556,11.62012922,10,
13000,760.783246423,286.09023,788308.857176,12.6931779308,10,
13001,760.794649628,322.683306,1528433.40393,12.3799192184,10,
13008,762.227829416,977.37105,2569530.66589,10.1881497598,10,
13010,762.290893493,1062.70926,473415.781105,2.15823751605,10,
13011,762.376150266,660.14619,2831304.63562,10.3205545944,10,
13012,762.418030023,745.26354,340435.176461,9.87745860767,10,
13013,763.083240176,881.31138,25446219.2597,5.90085485875,10,
13018,763.452953019,1539.74706,199257.679685,2.34425155921,10,
13019,763.515410737,1409.52762,220021.155298,12.3458725424,10,
13023,764.27111728,963.6597,380321.367872,6.85271892195,10,
13024,764.426464162,871.9356,422153.853566,13.6147405612,10,
13025,764.571314457,1539.74706,374396.869612,9.60139459172,10,
13027,764.830747324,33.5675742,617346.984932,13.2955997883,10,
13029,765.305480749,962.86317,1193337.98728,7.15446925049,10,
13030,765.335361997,1058.30964,671151.114194,12.7404168994,10,
13031,765.347864725,69.086064,1141668.93901,7.7015369487,10,
13037,766.893395508,858.23208,292090.624532,11.8949669936,10,
13038,767.168933329,1460.4432,272783.05674,12.1505518941,10,
13039,767.223047448,1463.84583,200216.389759,8.40026078691,10,
13040,767.240466668,1064.06604,424764.141255,3.31552171108,10,
13041,767.269127561,1059.93786,583743.548196,9.3002256564,10,
13043,767.33390878,570.08415,1347517.79252,7.99087149697,10,
13044,767.343759242,652.12962,389441.834675,3.21875368201,10,
13045,767.413866878,72.692784,2576376.78045,11.6635601884,10,
13046,767.431710707,794.12799,385740.941409,6.55848302319,10,
13047,767.511002302,1334.98752,509208.940383,8.52556822896,10,
13049,767.844848691,652.12962,170500.262825,3.91123310541,10,
13050,768.244664688,977.34198,2989572.89637,8.96837486693,10,
13051,768.27716654,322.683306,2925631.65105,14.5348110101,10,
13052,768.778595308,322.683306,1281748.42598,10.4911181882,10,
13056,769.343269668,51.4766382,457455.727725,8.89951384864,10,
13059,770.255873241,988.35336,1195967.14078,6.72000032558,10,
13060,770.317493207,672.68838,218282.804354,12.1457335023,10,
13061,770.385191376,469.644174,677436.475364,9.29304691604,10,
13063,770.442800362,841.48782,273489.834993,4.3188162082,10,
13064,770.75780313,323.227872,494153.675123,6.69732127633,10,
13065,771.262405974,50.5661442,3220678.14127,8.16314806596,10,
13067,771.362493247,558.573216,121001.943502,4.22709728635,10,
13071,772.265593595,50.3451378,899425.19388,0.972368967323,10,
13072,772.339968499,251.38416,693589.378517,13.2743343623,10,
13073,772.364423927,439.504284,153354.887084,4.26254839251,10,
13075,772.440769601,871.49646,539884.211762,4.54469124428,10,
13077,772.905380681,756.28692,414908.921006,4.78409436737,10,
13079,773.407006674,756.60942,317508.187193,12.7585021336,10,
13080,773.417195001,682.97724,348632.393508,4.88887163746,10,
13081,773.451320138,795.42114,99233.2074241,5.78187031425,10,
13082,774.416762097,835.0233,1004216.31103,9.02369655355,10,
13083,774.474324526,955.5096,519110.472261,8.34757568615,10,
13084,774.787460836,33.3345744,852206.288439,13.0826098261,10,
13086,775.173026972,874.9941,1428455.00767,8.96535394354,10,
13087,775.209676366,988.68813,4028135.91891,5.12463561089,10,
13091,775.760482078,322.683306,1484566.89843,6.531374357,10,
13089,775.324682008,1064.3829,520353.39189,3.3842041473,10,
13090,775.396631854,794.68044,286470.322051,12.3155490461,10,
13092,775.806351538,274.660986,919920.644873,12.072453427,10,
13093,776.201514188,88.72236,521345.680991,12.9429309686,10,
13097,776.376690021,249.426348,299094.658732,10.9909574772,10,
13098,776.635945566,1401.00816,429809.085356,12.2596851524,10,
13099,776.80910273,274.660986,199695.975691,5.93066067798,10,
13100,777.227343902,1476.66543,217584.804563,12.5116717691,10,
13102,777.273589692,1058.66664,278085.325548,13.3009012076,10,
13103,777.372511973,353.708511,435017.992038,10.8944860352,10,
13105,778.212595543,73.338189,11497240.6082,7.63531833173,10,
13107,778.415827238,756.26292,280027.922019,14.6365401561,10,
13110,779.299145142,61.331904,638486.212185,11.6572097839,10,
13111,779.373709148,711.72414,388351.869731,4.61795628632,10,
13112,779.756486062,286.295736,142998.329735,8.54443890393,10,
13114,780.259773525,54.4133739,649714.899753,13.2554920202,10,
13115,780.317047332,47.823267,393983.583875,14.0985358257,10,
13116,780.390972451,843.42681,268941.976303,9.69801356318,10,
13118,780.804809972,33.5675742,678242.529222,12.282427012,10,
13119,781.226490033,988.84737,3199570.66726,2.39466028863,10,
13450,879.379200296,50.4740202,278438.874225,9.64087914506,2.0,[M+Na]+
13123,781.437016259,772.90023,19591101.2453,8.8060818039,10,
13124,781.788334546,390.509082,1144036.68129,8.2287152107,10,
13125,781.938365604,772.73859,16280830.4275,8.22812461313,10,
13126,782.229804104,988.43016,1193838.11258,9.75456335721,10,
13127,782.265821152,327.310014,255069.251007,8.44546268312,10,
13128,782.29018924,390.426522,803712.119861,14.1043638874,10,
13129,782.290397346,42.7920495,1868273.27273,9.26578195645,10,
13131,782.382473228,50.2503321,361498.406847,10.6235338742,10,
13132,782.417874294,756.27492,656480.096127,11.6111715036,1.0,[M+NH4]+
13134,782.791308204,390.266961,286335.340453,12.7452666251,10,
13136,783.236262977,972.33408,2184959.72211,13.1870017152,10,
13137,783.332930639,429.622782,287030.803619,14.5124961652,10,
13138,783.385650331,260.003472,148521.998167,7.16209614018,10,
13140,783.442241073,772.73859,582856.899218,6.38364179573,10,
13141,783.572544421,1400.09124,58822817.0249,8.91104365127,10,
13142,784.238090387,972.30216,570790.964468,7.93977751566,10,
13143,784.269710585,973.68474,499927.933842,4.70586297889,10,
13148,785.223961875,1074.95772,26036265.7041,14.2651474156,10,
13149,785.28680362,1060.84956,776919.401518,10.3528275072,10,
13154,786.250697052,1060.61952,404413.424909,4.2488613904,10,
13155,786.360300616,243.268593,321584.739844,7.36645724155,10,
13159,787.375572519,402.626274,295745.356608,5.87349043462,10,
13161,787.476964908,888.33912,223128.775176,5.0744677456,10,
13164,788.373668468,787.46253,699166.773234,10.673577928,10,
13165,788.370614664,858.87894,607291.392671,8.06860925632,10,
13166,788.428274265,777.28314,139402.712266,8.8483968003,10,
13167,788.44659711,765.30966,147938.823643,1.77891505978,10,
13168,788.831180297,32.8369026,371078.514264,4.52631586576,10,
13169,789.253061456,972.46203,1916877.21047,11.5660877624,10,
13170,789.294281058,754.99704,198605.393372,12.4826173332,10,
13171,789.374217118,858.44469,303286.007777,11.2900419502,10,
13174,790.015935999,618.51096,257627.489518,2.86115172313,10,
13175,790.287164117,973.57608,629039.329072,5.23161122942,10,
13176,790.39226511,480.402735,358483.771191,9.78674549564,10,
13179,791.320331294,973.84782,153608.091535,12.9041368855,10,
13181,791.546809105,1440.72552,247575.377342,2.47213549678,10,
13183,792.228811634,1442.65284,505156.271892,7.11655642627,10,
13184,792.233462346,1061.64333,443318.578235,7.73578292007,10,
13187,792.649737835,1372.64274,5586994.08731,5.2877291086,1.0,[M+NH4]+
13190,793.343097027,439.32291,172391.182531,7.30155775577,10,
13192,793.385846725,756.27492,278151.750026,8.75338623712,10,
13195,793.778286108,390.022902,148235.018597,10.3732313592,10,
13197,794.205452563,1437.85728,374795.677532,9.97317824474,10,
13198,794.369098099,285.654372,136537.116418,6.88649116234,10,
13200,796.252546277,1061.48487,1028595.98744,7.52250961386,10,
13201,796.378251645,1195.36722,232042.249748,6.01776938926,10,
13203,797.195408658,988.30848,282865.058913,13.5812912396,10,
13206,798.384775388,355.310016,318186.748533,12.1639153094,10,
13207,798.452475642,753.69252,99851.0084917,9.24132154074,10,
13208,799.454280177,728.33463,3327229.75212,8.47812951652,10,
13209,799.454361743,641.5419,1907746.73779,5.86325177387,10,
13214,800.485630426,816.55092,107652.531273,11.0651895023,10,
13215,800.762114197,390.507144,607849.286103,7.2401091966,10,
13216,800.831459786,244.538466,625662.959968,13.6549541957,10,
13530,933.354566564,245.061093,1902359.24683,9.26993772609,1.0,[M+NH4]+
13223,803.219641655,1066.07859,394064.723753,13.9066282558,10,
13224,803.334010437,1040.45994,2223387.1296,3.41662409598,10,
13225,803.360767788,50.2133862,257589.312601,9.27996577445,10,
13227,804.337329167,1040.51259,772271.033484,2.37131721514,10,
13234,806.201116596,1061.47017,239068.674867,12.2255479451,10,
13235,806.37499119,68.934717,2768658.92071,7.9250828459,10,
13237,806.410671267,69.551784,330977.415644,11.9008938963,10,
13240,806.89895092,33.254142,287584.795057,5.24114802416,10,
13379,852.423184619,755.96418,448166.56928,4.90692304415,1.0,[M+NH4]+
13245,807.664367743,1425.84282,453658.992203,7.60891469318,10,
13246,808.269791071,975.43482,348468.456694,8.86090729559,10,
13247,808.287862421,276.290007,592020.86558,9.49932453613,10,
13248,808.306287535,73.62891,16497300.9299,8.69942998186,10,
13249,808.379720547,68.91828,211712.395946,9.45666659637,10,
13250,808.402996518,379.642446,206950.946153,13.9256616609,10,
13251,808.422190987,726.40032,1588282.70176,3.74302041452,10,
13252,808.422829758,765.30504,113296.749531,11.1154283923,10,
13255,809.387576158,420.999642,288474.919376,13.7858051259,10,
13257,810.460257476,777.10227,233415.731433,5.7311765975,10,
13258,810.82399722,33.3345744,506729.117951,5.98694448354,10,
13261,812.485913326,766.75878,1187981.18287,8.74921361923,10,
13262,813.448500594,863.5722,1613557.39066,5.78837159982,10,
13264,814.286940509,975.33348,432982.276692,14.2670792844,10,
13267,814.443487358,898.52898,186575.58812,4.34425253261,10,
13268,814.484159227,707.12838,193038.504736,6.67792310375,1.0,[M+NH4]+
13269,815.295526009,306.068925,2376303.46008,13.0270970427,10,
13270,815.355141647,546.816321,4534229.62996,6.4406138886,10,
13271,815.362625964,222.798084,858618.503783,12.7967552327,10,
13275,816.233763911,123.32268,1675583.57114,10.2719432432,10,
13276,816.298476522,305.985738,765409.723612,12.5139775544,10,
13278,816.733862372,123.32268,1491363.90107,9.89775598826,10,
13280,818.475386105,755.30604,603790.557331,10.1790578603,10,
13286,820.781094625,32.9299482,708150.983547,8.74676017685,10,
13287,820.897205476,607.08366,4748186.83462,7.25211263869,10,
13288,821.257824203,1106.0295,6238276.66831,6.00689695242,10,
13289,821.345958951,337.343556,208649.308288,4.4889484541,10,
13292,821.398643989,607.16103,4018226.88816,5.43936931635,10,
13293,821.408342712,1539.74706,418398.974002,2.38035191091,10,
13294,821.895671106,531.634257,3589159.80537,6.65030365736,10,
13295,821.90027373,606.96408,1911534.30595,5.69798267436,10,
13296,822.369307052,70.193253,1086319.65719,9.06881647861,10,
13299,823.282539504,306.229746,218830.638293,11.0192238217,10,
13300,823.417445306,681.36378,207636.581193,7.58364959497,10,
13301,823.437970136,423.878022,180246.158905,13.5752594754,10,
13302,824.221391301,123.47955,4368284.55891,10.0411088412,10,
13303,824.722871987,123.47931,3191112.33094,8.6812465841,10,
13304,825.223995176,123.459777,1439647.63412,14.1328763464,10,
13305,825.346002336,1055.41476,174738.272571,8.87603295073,10,
13306,825.791492879,776.45298,196527.148416,9.51160530904,10,
13309,827.357566301,338.25789,497699.626843,9.03278822733,10,
13310,827.467765646,836.43075,422760.773456,7.29529050091,10,
13311,828.268649505,595.41534,159266.09152,6.19593948198,10,
13312,828.419052992,442.387668,747812.856126,11.5074088942,10,
13313,828.470693944,836.8689,178133.935311,12.7835326297,10,
13314,829.365698265,287.534049,891799.089317,13.5204012096,10,
13315,829.4392453,622.04874,111967.529075,9.88372096743,10,
13316,830.275448916,43.7035533,3158845.9531,7.41301199072,10,
13317,830.459947407,595.109028,1840429.834,7.1985491418,10,
13318,831.235863881,976.7028,1633437.10149,8.30273069721,10,
13319,832.389328957,607.28424,1726429.98109,4.51917188199,10,
13321,834.728981636,1491.13668,713196.520875,14.4912561268,10,
13322,835.428677431,532.492194,298274.14346,1.76300747388,10,
13323,836.279765198,776.5749,715317.314548,9.8953068885,10,
13324,836.756060226,33.17142,308334.361147,14.8227076609,10,
13326,837.22890629,1449.37392,513454.393248,7.03525409519,10,
13327,837.252737331,976.94463,1441944.44397,11.9682276979,10,
13328,837.282887509,776.31444,236305.171672,9.0076648349,10,
13329,837.32731771,460.710738,835663.941389,6.57343696944,10,
13330,837.829390077,460.710738,629994.988762,5.9796631104,10,
13331,838.231557553,1449.64074,208076.650747,11.7952654355,10,
13332,838.329835367,460.694676,255276.531206,13.3219672047,10,
13351,845.257883593,1108.15524,15881453.4676,7.57381558754,1.0,[M+NH4]+
13334,839.324735733,287.534049,375081.517333,14.0975216476,10,
13335,839.804441101,396.209334,284591.881699,13.8082624859,10,
13336,839.804602006,460.710738,2246042.39991,8.73552187164,10,
13337,840.30627685,460.710738,1568413.2698,5.81878522448,10,
13340,840.807304092,460.710738,742357.26007,8.71464501286,10,
13341,841.827929088,275.99802,635275.46318,11.6410296439,10,
13344,842.829898463,275.676135,198345.908972,9.53814802699,10,
13345,844.263274549,776.61423,522844.313726,6.60150532151,10,
13346,844.316981161,245.256588,1847823.83033,7.45082231563,10,
13347,844.353481015,300.381735,3549508.58886,5.31212710748,10,
13348,844.454128399,757.23312,292237.451867,9.90835303422,10,
13350,844.894604703,335.858682,779633.712071,12.9191045507,10,
13355,847.162613579,1062.7989,523134.860656,10.6885311107,10,
13356,847.271289466,776.63082,410774.392538,4.99203358177,10,
13358,847.787914286,460.710738,1120554.43373,4.44139505144,10,
13359,847.787411315,396.373656,144002.98532,10.4328350029,10,
13360,848.289535123,460.710738,828954.361025,7.2323039496,10,
13361,848.300556988,394.301961,621773.592082,10.0419907668,10,
13362,848.31183435,44.6739588,593171.380667,7.97466702168,10,
13364,848.790591586,460.551918,340154.371166,4.96186169394,10,
13365,848.792470086,33.9706653,347290.902569,7.30106614015,10,
13367,849.21108824,123.542364,787923.805191,7.65919802863,10,
13368,849.319338829,1198.69023,4074077.12882,5.38521954587,10,
13369,849.407206671,301.947489,976785.447298,14.8524372174,10,
13372,850.388333013,287.337138,378645.413661,13.575274217,10,
13374,851.261521885,45.6000828,2611052.38244,4.9279426098,10,
13376,852.247953391,1390.38672,143389.613675,6.74710400122,10,
13377,852.309235425,406.186401,265239.932202,10.1254205846,10,
13378,852.380061926,69.567717,1741419.74751,8.83122427003,10,
13381,852.516983139,745.9095,99282.8411429,13.8928013988,10,
13385,854.349728903,284.929236,10724818.6204,6.60667808245,10,
13386,855.336588403,1198.96596,4368346.15242,10.7062761802,10,
13387,855.352857334,284.376612,3985819.50018,4.33716628606,10,
13388,855.470077051,824.95623,228638.872956,1.65065078304,10,
13389,855.495539652,852.82434,882193.262156,3.56808603674,10,
13390,855.772389747,460.639359,336996.497096,12.9524318994,10,
13391,855.826871059,61.369368,942178.109786,8.72376402508,10,
13392,857.287010163,1189.40934,1222916.06811,9.24657903213,10,
13393,857.396362998,296.101458,546814.990252,5.0000695955,10,
13394,857.474668326,809.44365,162128.429372,8.92259080511,10,
13395,857.470992007,692.4543,3554765.52151,5.33429224091,10,
13397,858.43385687,808.24128,748571.012463,5.14627007153,10,
13399,858.911886547,33.0427413,239079.417379,11.5823252945,10,
13401,859.294831439,972.93984,446210.384828,9.36668521697,10,
13402,859.303585218,1196.18322,2519630.74014,1.73239777007,10,
13403,859.421096555,933.7536,1318245.17204,13.1079071653,10,
13404,859.436718513,808.70226,284341.770878,11.6121095729,10,
13407,861.480817656,827.19024,99898.0543879,11.6706631736,10,
13409,862.328408,40.8514056,4269124.33257,11.3888091231,10,
13411,863.240873323,1110.72906,25163403.2696,13.3694305268,10,
13412,863.26920575,1192.2678,1652537.096,2.92233515998,10,
13413,863.31996802,71.874843,1404816.02544,13.9543627798,10,
13415,864.766747533,33.8862048,279333.013717,11.3596218597,10,
13416,865.179211514,1064.3829,470438.054248,11.9636657799,10,
13417,866.359749662,48.7323717,1041355.049,12.9416901587,10,
13418,866.776496776,32.2483944,376267.682626,10.7519875414,10,
13419,867.176071266,1064.17914,374267.550172,10.394843774,10,
13420,868.363908426,61.160079,2256558.66167,8.91217467111,10,
13421,868.511451292,787.01343,407637.170766,13.0358741835,10,
13423,869.287858729,1191.58191,6900664.34676,9.4436938655,10,
13424,869.365532525,641.74023,571189.852281,4.19341902112,10,
13425,869.395875566,381.564453,444348.009343,7.7522516774,10,
13426,870.260932311,1110.6,11190704.5398,13.730930684,10,
13427,870.275360824,299.444241,1776314.00066,10.4235512541,10,
13428,870.29052414,1191.67851,2728935.84329,6.1238980167,10,
13432,871.839050189,76.720281,1311826.82093,6.25846647891,10,
13434,872.793100251,32.9299482,452513.057932,13.1469933958,10,
13435,873.860136557,218.096769,830196.400673,13.0707707677,10,
13436,875.080908129,1105.60128,7460997.30718,12.0581139604,10,
13437,875.304900716,1191.67851,7550158.93112,6.77966452824,10,
13439,875.401033949,684.58824,522607.905374,7.2447426828,10,
13451,879.452012262,692.3331,198873.563829,11.1237426311,10,
13452,880.47488242,766.27812,279089.82159,13.1147049253,10,
13453,881.403653513,933.72981,835670.490089,5.86822679584,1.0,[M+NH4]+
13454,883.469246662,671.73252,356681.646848,14.9324791643,10,
13455,884.359004918,107.531664,1418830.69265,6.97725082885,10,
13456,884.412756136,731.25264,209313.735179,5.53473994594,10,
13457,885.32178907,800.49042,253454.399177,10.1698583786,10,
13458,885.362518454,107.531664,477580.360679,13.6759007393,10,
13459,886.36443004,378.362322,273233.947192,8.43727829456,10,
13460,886.461949691,819.5352,148577.731959,14.7848161886,10,
13463,888.768577466,32.934135,451612.388282,12.5512167946,10,
13464,889.314183608,107.380605,5055063.97589,9.05190339234,10,
13465,890.3178406,107.531664,1940023.04778,9.79664978988,10,
13467,893.091719851,966.55146,36962841.8122,14.5818058194,10,
13468,895.504467379,567.544956,201575.943166,14.4100380047,10,
13469,896.092073184,1111.94934,547370.325252,13.3405198027,10,
13470,896.322202798,293.614731,426713.046793,13.3567938537,10,
13472,896.460199623,768.37515,328703.046766,5.59902558447,10,
13473,897.368616745,934.20612,702460.574036,7.25876905646,10,
13474,897.37506484,432.87915,219250.207431,13.5234424143,10,
13475,897.38662202,823.65534,121319.720903,12.2619698707,10,
13477,898.374491933,187.541289,2219247.63619,6.80285898887,1.0,[M+NH4]+
13478,898.497360349,626.4708,1979919.23492,6.15289020328,10,
13479,899.378323337,187.437816,803238.436517,6.04048977428,10,
13480,900.379962782,187.280889,164827.493403,12.2655384039,10,
13481,901.365363949,1200.3081,215086.160496,14.0151375624,10,
13482,903.330183995,319.299123,1235745.93828,3.45845002974,10,
13484,903.831970881,319.586679,929611.812048,4.01332187271,10,
13486,904.333429001,319.586679,506964.659566,7.62581597981,10,
13490,906.428915923,693.53988,291457.005444,6.32032303524,10,
13492,909.668018092,332.902614,234860.589698,12.7650483428,10,
13493,912.501189522,809.35128,138919.540633,14.162503618,10,
13495,914.430787274,431.482098,351376.871155,9.50454625743,10,
13496,916.38536609,115.645863,4525836.65486,5.72236722117,1.0,[M+NH4]+
13508,925.361540464,470.337612,1177208.82692,2.25980193308,1.0,[M+NH4]+
13498,916.874329939,558.573216,166984.193519,12.6424438992,10,
13499,917.272548967,921.8877,337142.528604,6.7264664169,10,
13502,918.427919966,52.1817858,289529.262248,4.51286367248,10,
13504,921.40154466,229.144578,756973.791166,2.06818674746,10,
13505,923.346504351,115.931286,3118669.52288,6.89553585765,10,
13506,923.406257599,109.454538,269941.394369,10.1616122052,10,
13509,925.496569879,656.90412,178157.932292,9.91552607213,10,
13510,925.863431244,470.337612,942307.621678,6.87802377399,10,
13511,925.864375942,409.40802,129848.223245,12.1378060082,10,
13512,926.364521304,470.266737,445380.623007,6.89594779352,10,
13514,927.838899756,470.337612,3020599.20294,9.35665867444,10,
13515,928.340917075,409.729839,366974.65443,6.83531178708,10,
13516,928.340728794,470.337612,2560809.46614,5.32709758616,10,
13517,928.429130395,340.728498,390591.230768,13.5146272747,10,
13519,928.841466121,470.337612,1326664.72842,8.1567210708,10,
13520,928.841799382,409.69953,194002.762203,4.40340773171,10,
13522,929.535880376,812.69904,298813.205897,7.15416573186,10,
13523,931.188938288,876.92673,225399.64825,14.9698088237,10,
13524,931.257307091,1192.2678,995765.689738,11.7100772258,10,
13525,931.386026862,62.14047,428450.958602,6.57182359226,10,
13526,932.351395373,265.580973,2627107.32694,7.57789954735,10,
13529,932.853270391,245.061093,3816377.45464,8.12757696832,1.0,[M+NH4]+
13531,933.856109006,245.19234,704888.093323,10.1822567264,10,
13532,935.357126033,42.1333659,4654763.98925,6.46474008899,10,
13533,935.822269442,470.337612,1343743.80566,12.7976285535,10,
13534,935.858753649,42.1333659,3806913.37104,6.08348500853,10,
13536,936.324240928,409.69953,180276.348621,6.35068303708,10,
13537,936.360048722,42.1333659,1845841.98573,12.0996982466,10,
13538,936.825086284,470.396682,560847.456102,8.3788407053,10,
13539,936.860970338,42.1590828,593576.651072,10.5630655628,10,
13540,937.20547461,876.76647,692779.274842,14.0824668992,10,
13541,937.294711139,442.453161,179250.915621,3.81847105177,10,
13543,938.317453337,116.009298,993133.140242,12.9352067844,10,
13544,939.593545348,1460.93457,4830207.73796,8.6340953285,2.0,[M+Na]+
13547,941.883704195,318.199608,115970.952441,10.3719334308,10,
13552,943.806748661,470.396682,434421.64314,8.20355179918,10,
13550,943.341458916,245.386656,1288264.64713,8.08117432943,2.0,[M+Na]+
13551,943.420226906,279.817482,183701.218713,14.6510602961,10,
13553,943.843283424,245.580972,1117264.85097,5.2312909796,10,
13554,944.343760418,245.224464,564838.976535,10.9763629363,10,
13555,944.736770881,1567.51134,243601.437532,6.783216061,10,
13556,945.268393261,971.21994,1041920.3166,11.2834247894,10,
13557,946.358585812,46.8817662,1798542.64533,6.43276286437,10,
13559,951.324944875,245.386656,797384.485433,10.0815245477,10,
13561,952.328028596,245.534358,303886.294039,11.0897484534,10,
13563,954.452085515,842.90025,471575.25645,13.3324242655,10,
13567,958.261445214,123.32268,2110160.41389,14.1254022984,10,
13569,958.80771638,245.223285,375056.861933,6.68104732554,10,
13572,963.449938835,686.01369,191635.026259,8.00891150059,10,
13573,963.585051839,1539.92244,276299.594604,11.0080492382,10,
13574,965.548048359,974.38008,193378.307024,8.63284895788,10,
13575,968.09793039,1070.71536,360236.056083,11.5086861606,10,
13576,968.427527654,885.23922,837087.569707,6.78133804879,10,
13577,968.432470624,1058.2689,306517.965929,13.2929153702,10,
13578,969.430458594,884.9181,453295.722309,1.97108699014,10,
13583,991.364118872,331.046133,450638.048763,14.837475015,10,
13584,992.32766307,43.920258,293773.370835,13.8281118402,10,
13585,992.36803316,331.115142,195561.412967,10.3367222931,10,
