peakID,mz,rt,maxMeanIntensity,RSD,bestScore,bestAdduct
1,100.024653192,33.4400376,971387.75455,7.31804877439,10,
5621,370.093852313,34.3979058,465534.583521,8.1268951674,2.0,[M+K]+
3,101.022924201,615.57576,26782.5397312,3.37196850851,10,
4,101.025409311,33.4400376,118158.053252,2.40485314852,10,
5,101.095834085,838.96182,389252.987976,13.9019610207,10,
6,102.009389081,33.4445688,174134.915897,11.73128448,10,
7,102.034130399,33.4445688,3452073.82572,12.0937820378,10,
366,166.085886354,99.87822,3312770795.78,0.775266232993,1.0,[M+H]+
10,103.050626239,33.4445688,3464378.64672,11.8210438466,10,
11,103.086752709,40.1264544,35905547.4754,2.80544727467,10,
223,150.058004934,50.6864442,469518589.227,1.39277308503,1.0,[M+H]+
13,104.107127505,43.0729419,1274278704.9,0.855583603059,1.0,[M+H]+
608,191.090940513,79.897776,1368798.35436,1.8257799109,1.0,[M+H]+
15,105.995713849,1605.28524,1525437.3121,1.1991035222,10,
16,106.111291693,43.2708012,3073861.92545,2.64295152891,10,
17,106.113652325,43.1720985,1626525.25481,4.09230216425,10,
18,106.950619993,37.4962854,2056553.78044,4.70231253056,2.0,[M+K]+
20,107.966897935,38.4902898,1348773.97613,6.60549702809,10,
235,152.070223129,151.006008,78071210.7746,1.16495856945,1.0,[M+H]+
22,108.53663279,33.5476356,1645761.28564,9.58938959052,10,
23,109.026096469,39.3852207,297664.263056,4.40319271646,10,
24,109.553126384,33.4445688,264260.485086,3.83217657233,10,
25,110.023681829,61.738086,67035.0491411,11.9067481238,10,
674,197.100478568,37.8605385,125524476.936,1.06376807928,1.0,[M+H]+
27,111.039314586,33.4445688,5434345.30544,10.1437157464,10,
29,112.055818808,33.4445688,1525536.61588,11.306850078,10,
30,112.050589409,50.7949212,32449245.8623,1.86136631387,10,
31,112.086966153,53.4664113,35031411.9043,12.2445533921,10,
32,112.895763411,36.6634503,9972829.88147,1.12222874328,10,
33,112.99983182,31.742535,262107.983939,12.2590993862,10,
34,113.034521533,60.300768,1023217.43641,14.9542487017,10,
1199,232.896112943,36.6634503,7014387.05676,5.41850428932,2.0,[M+K]+
36,115.01157923,33.3845379,171007.551961,7.23627119228,10,
37,115.054243098,183.965004,4978489.30285,2.18424317809,10,
38,115.086595341,53.8417752,9445720.6374,3.27616948013,10,
39,115.957504711,33.1329762,144481.264293,7.27072519418,10,
40,116.001190017,678.83196,44504.1433195,4.94406281405,10,
41,116.034249493,31.742535,649890.21849,4.53475417461,10,
42,116.057491672,183.741522,481355.310998,4.06261147628,10,
43,116.070620274,40.1264544,104039412.625,1.26729537277,10,
44,116.106968513,54.2998521,11772057.4356,2.4530199922,10,
45,116.890821446,36.6022833,407637.301375,5.45199401091,10,
46,117.057220474,54.356763,1887862.94047,3.12155433251,10,
47,117.057479617,100.035219,1378868.47182,7.66282190626,10,
1584,251.076814134,69.434901,513304.654284,2.1712652031,2.0,[M+K]+
49,117.057266544,183.862716,9131784.40647,1.3569751388,10,
50,117.102247414,43.5399765,24289692.3013,1.8158515665,10,
51,117.990642656,33.333342,277556.528033,2.18513765153,10,
52,118.065203478,99.721344,25310885.5909,2.06544232914,10,
515,182.080732513,54.356763,1880816773.81,1.26242433836,1.0,[M+H]+
762,205.096627698,184.021281,880197566.825,0.696685056765,1.0,[M+H]+
55,118.086196813,41.0142246,724294538.854,1.4436129881,10,
2169,273.111575366,42.540477,706547.521978,3.70442710428,1.0,[M+H]+
57,119.03519388,71.988459,7369986.46674,5.29053473819,10,
58,119.035148838,338.376342,138445.52845,6.81147596491,10,
60,119.068634229,99.87822,2900764.73876,4.21096503521,10,
61,119.068362287,54.356763,1500453.6879,3.891580645,1.0,[M+H]+
1693,255.144480805,41.6921622,9409687.59386,4.94444470102,1.0,[M+H]+
65,119.125970518,49.0066158,161273.600119,10.195955848,10,
66,120.032559373,33.4445688,167951.262143,11.4887196191,10,
68,120.052436999,54.3135759,8486563.49182,2.57384852306,10,
70,120.956503861,29.294808,118117.267984,4.25362323682,10,
561,186.994887796,1605.12651,77361854.4637,5.74216688691,2.0,[M+Na]+
73,121.077904938,99.721344,6292160.39103,2.65105261335,10,
74,121.957677369,1604.17467,168396.502513,6.570249421,10,
75,122.071197447,127.083978,63993863.2839,3.29933024044,10,
79,122.941584922,65.118558,591225.472829,13.3628487015,10,
80,122.955692111,277.521726,163844.671305,7.4038184745,10,
82,123.040402646,33.4400376,9718678.23126,4.0077042449,10,
83,123.940645666,38.4399693,1044389.84518,4.67983517387,10,
84,124.006196365,31.800222,275442.923896,4.79687888176,10,
85,124.023958859,1709.9235,18911688.2668,5.85231487068,10,
86,124.024298567,33.3888417,12334838.929,4.66647303508,10,
87,124.039193567,48.6317007,110690594.236,1.67170277616,10,
90,124.999344057,37.6056948,1043508.53158,6.9814721249,10,
729,203.068913904,1709.40474,9487874.88037,10.3017003203,1.0,[M+NH4]+
92,125.037925159,33.4445688,1410550.51093,7.28860279315,10,
93,125.068404057,39.4955739,8322928.37217,1.79460002313,10,
94,125.107189211,288.15093,13464376.4959,1.09243203765,10,
95,126.110527009,288.15093,1131050.28828,13.1227777321,10,
96,127.084169893,34.8350025,215388.635775,8.2192323533,10,
97,128.081617961,1555.98939,535053.25247,12.7040288804,10,
98,128.081531229,1697.54436,266007.41207,10.5225337514,10,
99,128.081534212,1722.28488,476337.577415,9.9517125471,10,
100,128.953240836,1628.24415,18645902.4902,5.35101138733,2.0,[M+Na]+
2567,286.175290302,59.490723,15931653.8574,14.2201506932,1.0,[M+H]+
102,129.99548086,78.065274,45981.5848388,6.31653204955,10,
7211,413.115820462,31.4808225,77779.3796055,12.7997675184,2.0,[M+Na]+
104,130.064895746,184.021281,14102013.7128,3.09416749242,1.0,[M+NH4]+
105,130.086176737,34.6128489,18753266.3336,3.11451485781,10,
1098,228.097147518,59.6485977,1329840.51158,3.03495230191,2.0,[M+Na]+
108,131.033698872,31.8570732,301106.675688,10.947116052,10,
111,131.100735228,60.232908,957733.108099,4.8157608091,10,
112,131.552373378,33.5476356,939149.936655,10.7055538753,10,
114,132.053959015,32.4879192,178468.250507,13.8749179487,10,
116,132.101660484,58.1373945,2765375779.9,0.967829578157,10,
117,132.113006808,34.9945749,271054.942244,5.63718415694,10,
119,133.027538662,29.8398459,3692698.10943,1.70615262452,1.0,[M+NH4]+
122,133.104854858,58.1373945,184014575.677,1.4954451421,1.0,[M+NH4]+
123,133.982253336,1602.01491,2122140.63303,3.41452749018,10,
124,134.044606071,31.8570732,18618671.4583,2.12248940357,10,
126,135.002624334,37.6056948,7562961.93306,3.44679535425,10,
129,135.067577202,54.1995174,635757.936632,3.62761401651,10,
130,135.976879321,35.8229475,1039710.05248,10.0709371267,1.0,[M+NH4]+
131,136.001065839,33.3888417,476018.629639,2.30882587563,10,
2521,285.082109198,64.29183,178841545.658,2.85009290433,1.0,[M+H]+
133,136.045373886,33.3888417,391827.660906,8.46019922768,10,
135,136.930215027,29.1845127,76412.7519516,4.77253222691,10,
136,136.939827505,1605.6033,16449248.1729,0.887269581499,10,
2065,269.087311371,71.988459,417207265.406,1.78114822004,1.0,[M+H]+
2773,293.0462028,87.234654,564251.502895,4.31570841242,2.0,[M+K]+
139,137.059375972,54.3135759,11177533.7568,1.28895743889,10,
140,137.059424991,655.71051,3734242.94804,1.70214099667,10,
413,172.169205033,561.538074,16084055.6213,1.34556362623,1.0,[M+NH4]+
360,166.052937321,38.7550326,2731381.53013,0.547369797766,1.0,[M+H]+
146,138.906170765,36.0316389,896708.73248,3.29353866884,10,
147,138.983952301,1604.17467,287606.579885,4.55282078502,10,
148,138.984144326,65.118558,259785.049548,12.5425054428,10,
150,139.052083016,71.988459,1170799.44293,2.05755206209,10,
151,139.914315503,38.3417598,1128063.01986,11.7073902585,10,
1261,236.043379798,1721.06172,6402274.82423,14.9529520904,1.0,[M+H]+
272,158.012118316,47.3600796,64247957.8034,7.4064011932,1.0,[M+H]+
1609,252.032396185,33.7668528,836391.512891,1.37545392327,1.0,[M+NH4]+
156,140.001349276,629.69082,5527513.95648,3.96576558113,10,
157,140.001352309,566.897238,3508025.87258,4.78569218932,10,
158,140.049083003,184.282563,501514.704885,3.20743737449,10,
159,140.052505042,167.993202,458712.856099,1.1848489111,2.0,[M+Na]+
160,140.067845105,39.7004076,100883291.014,1.60611840223,2.0,[M+Na]+
161,140.081492317,64.073046,702196.787274,12.5177990892,1.0,[M+NH4]+
162,140.90323261,35.971602,559999.656678,9.3685888868,10,
163,140.980834426,1604.33385,143609.467666,10.1956605966,10,
164,141.050446421,1709.23632,6870912.5188,1.30114525169,10,
166,141.1018732,63.107904,10627422.9719,3.53379390185,10,
167,142.034610769,45.9183519,56582352.124,5.74254054876,10,
168,142.034800283,33.4445688,35711853.1106,3.49434575105,10,
715,202.055383971,1710.97737,27655651.7878,8.87317658212,1.0,[M+H]+
170,142.043075937,286.051557,347377.840098,2.4959638456,10,
171,142.054107642,33.4445688,190493.477917,10.3736284447,10,
174,142.938167438,1606.569,5348050.12944,1.47261228141,2.0,[M+Na]+
175,142.938140288,1627.88484,6850738.49489,3.2862339477,10,
177,143.003491341,33.4445688,417324.243576,7.84513207333,10,
1608,252.040704031,103.710291,162054.555007,7.88126626653,2.0,[M+Na]+
179,143.035266803,1711.56192,9594786.1655,5.29122169989,10,
437,174.994521573,33.4445688,789554.097328,5.64358786803,1.0,[M+H]+
181,143.048301997,33.4400376,716226.582551,4.60818022541,10,
182,143.96381209,64.915053,698561.674477,14.8493956422,10,
184,144.044116558,184.021281,2611991.44664,3.28971171193,10,
185,144.044128509,465.98232,9822.67584484,11.1484116285,10,
187,144.120901828,320.183016,31280.787009,9.69072579508,10,
188,144.174370931,648.26277,15712078.9146,0.734963842376,10,
190,145.035662788,33.3888417,176262.649769,10.3650662117,10,
192,145.108056228,61.184664,954127.038124,10.5786700516,10,
3002,299.09725972,1604.49243,1072554.89864,0.745925870536,1.0,[M+NH4]+
194,146.043242115,127.415106,4774923.42747,12.7270176008,10,
1289,237.126121473,75.992058,77423.7954322,12.7384324954,1.0,[M+NH4]+
198,146.117205545,39.2868174,215073057.088,1.48392342773,10,
199,146.117189371,62.677236,73843138.0439,0.999849626072,10,
1398,243.136708103,493.724583,2378976.61778,3.21963214462,1.0,[M+NH4]+
201,146.181056171,648.26277,45398.0247386,4.15206843493,10,
205,147.076075764,38.1752916,42503273.696,1.89236251924,10,
207,147.954392995,65.118558,941884.139378,5.15360983986,10,
208,147.997798831,1602.5331,49829.8598278,7.98050347687,10,
211,148.060115377,31.8570732,251739738.924,3.41744419499,10,
213,148.113453759,41.810196,4279959.51777,5.37610739007,10,
214,148.934979541,36.2389713,1215250.70878,5.71741888901,2.0,[M+Na]+
215,148.981786485,39.1801392,532173.896871,5.76877413498,10,
4153,332.081885261,277.664667,18954894.2977,3.49122962483,1.0,[M+NH4]+
219,149.057291857,31.8570732,880051.295124,7.91538037946,10,
220,149.063485138,31.8570732,13598457.1483,2.69913776255,10,
221,149.956120914,1601.78613,1818663.43202,2.66958572749,1.0,[M+NH4]+
1758,259.027389683,37.2917592,1874447.52859,4.21102963429,1.0,[M+NH4]+
1138,230.124305314,59.1755397,1874505.26968,9.90215096315,1.0,[M+NH4]+
227,150.931964979,35.8062846,290718.481154,13.1205401793,10,
228,150.976550465,37.8104625,3064878.04859,4.9330470802,10,
230,151.108835517,493.724583,58275.8355342,11.1379529354,10,
232,152.056360506,114.70791,3154212.81168,2.01816045235,10,
234,152.062063364,50.6864442,1660054.18722,4.52632128871,10,
236,152.064823868,50.5770762,288760.693953,11.2831731605,10,
237,152.965682196,277.664667,426482.665539,2.3020879458,10,
239,153.057086787,50.6864442,1078080.00164,6.09908060196,10,
240,153.059750488,114.922752,148925.926989,8.1767305742,10,
1556,250.037917792,151.219188,526581.82293,1.51716760233,1.0,[M+NH4]+
242,153.059756845,72.855996,446624.069959,3.31669495662,10,
243,153.146349477,395.170344,39839.196801,10.4487009899,10,
245,154.011397114,33.3845379,237249.545871,8.86636044745,10,
246,154.024293372,64.29183,16191463.8325,1.10906394394,1.0,[M+NH4]+
247,154.042980324,330.179136,113478.504449,8.15459365223,10,
248,154.074268309,151.006008,267477.723803,1.85150273259,1.0,[M+NH4]+
250,154.158696923,608.73855,10214839.728,1.09129234003,10,
251,154.879966131,36.3490071,368016.691048,12.3835068705,10,
252,154.981475139,277.686225,161749.967094,4.31051607813,10,
253,155.010124922,31.640139,97063.1625803,12.1589221091,10,
254,155.042390919,37.2324099,4630252.21295,3.44728990269,10,
256,155.162000564,520.506063,41943.9835211,9.12276212002,10,
257,156.006083655,1604.96757,975954.263045,4.93436562092,10,
258,156.026275584,31.4235333,180561.044945,5.96545791781,10,
259,156.041706152,1605.12651,324886.256108,5.54302418235,10,
262,156.076427412,55.0820376,45574472.3201,1.71942609344,10,
263,156.17439401,673.27176,4669814.58987,1.11355682047,10,
264,156.961452476,277.521726,65608.0951678,13.1866479358,10,
266,157.014081668,1604.96757,175539.418371,13.7153932536,10,
267,157.034793265,52.0510998,2608913.06164,4.63965320345,10,
268,157.082118932,33.7052745,3090860.32121,7.62937018748,10,
433,174.184914893,610.64034,19721513.3304,3.12359460062,1.0,[M+NH4]+
2144,272.151964327,501.372492,106625.869109,8.82206719907,1.0,[M+NH4]+
271,158.012016773,566.833422,1760767.21154,3.9762166941,10,
273,158.011986816,1723.2447,351941419.018,6.16121530849,10,
274,158.012022035,629.50419,2511056.31848,10.1263161523,10,
276,158.083602138,183.965004,802128.529993,11.3796930319,10,
277,158.0920934,37.6056948,29470405.9012,2.36655672258,10,
278,158.136609011,430.570374,43069.4325918,3.58589628867,10,
282,158.977248671,277.47231,100150.657906,7.88301089546,10,
284,159.016536588,33.4445688,2334938.75648,7.15964141857,10,
291,159.123639798,203.115474,120429.276669,7.74337259551,10,
812,208.990140366,64.915053,16033062.2124,9.68121393202,1.0,[M+NH4]+
294,160.075338772,183.862716,10571142.6442,1.38446223281,10,
295,160.087940763,909.13062,38210.534119,9.69764710515,10,
298,160.115770201,79.732275,1851268.07491,3.73136510811,1.0,[M+NH4]+
299,160.132812094,300.524256,4727648.84952,1.97868107761,1.0,[M+H]+
300,161.014040175,33.3888417,867466.030612,4.38107390606,10,
4463,340.11062647,39.6018774,2190766.49805,10.0741165955,1.0,[M+NH4]+
304,161.095755755,962.60226,17953038.3894,3.54423876519,10,
9828,500.990756164,1604.8092,530345.490335,11.3661089021,1.0,[M+NH4]+
308,162.075713534,44.8659462,31429344.5696,10.3026431673,2.0,[M+K]+
310,162.104005739,498.051396,1143698.87857,2.23303097034,10,
311,162.112062325,38.5496385,550609812.868,1.98968193417,10,
312,162.131557488,35.2618416,309390.975577,3.91295029216,10,
313,162.906592867,630.23628,47576.3806024,9.13320414675,10,
314,162.95061909,35.376381,1467048.33685,2.64772901072,10,
315,162.984024148,1604.47236,1182428.77017,3.60274475939,10,
316,163.041691898,277.664667,898126.006405,2.43939889223,10,
317,163.05303044,41.0729481,1136337.52977,7.93637935739,10,
318,163.06100298,70.17567,5565124.23126,4.30288506951,10,
319,163.089504006,335.682582,190011.574292,6.18436372098,10,
320,163.109268783,38.4879753,1394305.02637,8.39123435147,10,
321,163.132488313,446.47962,26660900.2985,5.72148854505,1.0,[M+H]+
322,163.115373097,38.5496385,41817604.9251,2.03409395177,10,
2310,278.141397123,634.76517,47471745.6704,0.867655165338,1.0,[M+H]+
1052,225.032123732,1604.01543,472140.628009,4.04342459264,1.0,[M+NH4]+
326,163.996923372,1604.44272,1167192.17802,6.57845050166,10,
327,164.006454838,1604.65095,3034220.42635,11.9169429818,10,
328,164.028970644,37.6056948,9046946.22511,2.15938312933,10,
329,164.037162952,527.454084,51005.3374321,5.42995907889,10,
330,164.056224341,73.578399,3672825.82259,3.67578267703,10,
331,164.066734935,33.4445688,4880260.03654,2.20035198941,10,
332,164.092689472,318.818778,70506.6317381,6.09838529301,10,
333,164.101141106,497.864769,366997.186915,1.41199286957,10,
10001,506.936104798,1604.96757,601918.143461,2.30022140554,2.0,[M+K+HCOOH]+
338,164.947763746,35.1573825,420197.53257,5.13344345092,10,
2026,268.027235316,38.5496385,1929379.19626,5.30088433201,1.0,[M+NH4]+
340,164.971428436,64.796922,638405.417926,9.60551505916,10,
341,164.980984964,1604.2839,617207.644843,2.98136335606,2.0,[M+Na]+
343,165.05404667,249.409401,124094.901871,11.3410961463,10,
344,165.050549305,1604.8092,4324897.85857,1.77957441925,10,
345,165.050561606,629.50419,17424067.3577,0.557118721468,10,
346,165.050792546,33.4445688,81057179.2522,4.51995244553,10,
347,165.059657899,73.739337,159412.700482,10.5404926122,10,
348,165.05061814,603.1251,15738454.9152,5.37769084584,10,
501,181.027996225,687.53769,73184679.2791,8.26310819323,2.0,[M+K]+
532,183.061039848,561.904827,6455479.15143,7.43196921933,1.0,[M+H]+
351,165.090681339,113.304426,1033689.60641,11.3706128101,10,
352,165.101921152,108.420159,8157219.00932,1.19664949691,10,
1965,265.872966618,1601.78613,57552.2300337,9.34435058435,2.0,[M+K]+
355,165.966227749,37.6056948,741923.090788,8.02009397454,10,
356,165.995755462,1604.49243,771264.396331,1.62477764497,10,
891,215.08037922,29.1845127,2214605.02303,2.58067874819,1.0,[M+NH4]+
359,166.057564928,54.2522835,19268596.5718,1.75684221185,10,
2700,290.170212727,93.068964,12218686.6935,1.24295107608,1.0,[M+H]+
363,166.07195938,79.566771,2567008.81772,1.39173358765,10,
843,211.083823618,111.131664,156831.897841,11.5377520946,1.0,[M+NH4]+
365,166.064115448,33.4445688,642336.341701,9.52099013935,10,
367,166.1098253,602.04534,51662.211513,10.1284245731,10,
369,166.166749849,547.689435,28857.2682196,4.32007590256,10,
370,166.16675557,679.0059,87540.4577749,4.15886208136,10,
372,166.981586018,277.686225,147409.444351,8.29996694648,10,
373,167.007679866,96.169467,50401.9418611,7.77510447259,10,
374,167.02143492,51.111045,272647.3766,6.76243011826,10,
375,167.04829998,33.4491,11704891.3092,4.68778532187,10,
376,167.083169334,99.87822,12786626.3491,2.63641547439,10,
4509,341.099739245,556.414476,95124.3036753,1.44050406604,2.0,[M+K]+
378,167.08899537,99.87822,321554525.885,0.98042637583,10,
379,167.162006613,465.634308,24713.861396,11.6474119026,10,
380,168.01432022,62.262144,769785.35138,5.98084337107,10,
855,212.04014064,39.3852207,854548.21964,6.90307009334,1.0,[M+H]+
382,168.076361293,40.1264544,9682383.8596,3.36351144201,10,
385,168.098839604,172.247202,30552.7661551,4.57524491407,10,
386,168.099062528,39.1801392,4267216.57657,2.30881632487,10,
3523,314.170064628,377.467476,286288.950689,2.63933925443,1.0,[M+H]+
389,169.057999212,37.8605385,30658841.593,1.52083972099,10,
1402,243.158413244,410.927571,1612303.59237,4.56484084164,1.0,[M+H]+
391,169.075704495,572.706606,2140962.36638,11.6466793492,10,
392,169.085513685,302.009874,3763888.70371,1.56459454371,10,
396,170.011460445,32.0609685,2702373.60655,2.94804639774,10,
574,188.073570019,167.993835,5647311.63552,1.55423716489,1.0,[M+H]+
401,170.092019353,45.5006379,87106181.1594,1.60159541762,1.0,[M+NH4]+
402,170.128311837,1605.6033,51566651.6448,1.65651480194,1.0,[M+H]+
403,170.128202673,1639.149,9171269.99552,10.5566056802,10,
404,170.128246549,1733.16702,608020.061213,8.4170787851,10,
1534,248.87005485,36.9184143,2756519.45658,7.55823594517,2.0,[M+Na]+
406,171.016175431,37.6171056,860772.476225,8.56796551028,10,
408,171.097759368,34.0244079,999182.053511,1.43128526682,10,
409,171.148710896,510.141744,38409660.3423,1.87268456076,1.0,[M+NH4]+
2564,286.167548531,569.927523,2128604.29334,2.98097363925,1.0,[M+H]+
411,172.00585415,78.232524,800130.211316,4.74726410952,10,
414,172.851077333,36.3490071,305985.321017,14.4494264983,2.0,[M+Na]+
415,172.883034186,40.4420142,280715.8953,10.1895641068,10,
1718,256.940504352,35.971602,8678232.43585,2.44785018445,2.0,[M+K]+
417,172.992874772,277.686225,139599.569466,5.35751097286,10,
418,173.009248948,78.232524,43086.6980376,13.3050013622,10,
419,173.032711533,1604.96757,329984.920742,12.676962591,10,
420,173.078011632,82.529967,15701650.8608,2.51368820602,2.0,[M+Na]+
2290,277.186241554,61.140021,511655.03141,2.73154624871,1.0,[M+NH4]+
422,174.013548196,38.3417598,600130.81534,11.0475879865,10,
423,174.031235077,336.376128,14758.7572721,11.8472660609,10,
615,192.068414499,76.548276,4632024.76258,1.02040930309,1.0,[M+H]+
426,174.064076803,33.6538932,206510.494959,6.43771259631,10,
749,204.12259198,47.0869524,546403799.316,1.73930875889,1.0,[M+H]+
6230,385.165981251,568.739043,1325159.87238,3.79854380941,1.0,[M+NH4]+
430,174.148480791,387.048135,2201117.41766,1.80003172576,10,
431,174.156580469,524.461458,18259.8561925,10.6674660004,10,
432,174.156564088,496.58646,54020.4510209,12.7943847158,10,
434,174.885915742,1607.06586,1889963.16466,5.04716934599,10,
436,174.972126532,277.521726,787195.315238,6.10165713729,10,
438,175.000517095,1604.91792,161779.448251,9.82775508493,10,
440,175.078984628,47.7076692,518548.516069,6.1742396533,10,
441,175.107534572,44.232009,23343578.8628,0.15848519844,10,
442,175.118631813,99.87822,9826915.93006,4.87824238659,10,
443,175.118595566,55.5586068,77896626.4999,0.784690170701,10,
444,175.147737029,453.906747,1216032.36417,1.60589464589,1.0,[M+NH4]+
1106,228.195291362,725.46741,88449672.1589,6.34232192053,1.0,[M+NH4]+
590,189.159321203,37.5462903,34696432.2916,2.09642987499,1.0,[M+H]+
449,175.953978262,38.3417598,397807.753364,9.99160944992,10,
450,176.029118498,38.6567532,694506.538331,5.68571581151,10,
1217,233.139058183,398.201301,1221918.13239,2.81186481576,1.0,[M+NH4]+
452,176.115960592,37.6056948,15316487.3431,1.7390829838,1.0,[M+NH4]+
453,176.11787048,94.218558,99609.0454846,5.54575409132,10,
1712,256.148859826,597.042858,28656.7159555,13.8909692936,2.0,[M+Na]+
455,176.138855403,39.7004076,13978110.6179,1.23676680625,10,
457,176.164136888,53.7275853,33570088.3319,1.73833579242,1.0,[M+H]+
458,176.164196817,352.378284,13508.4446971,9.86707662545,10,
461,177.027415753,33.333342,1607202.40791,4.80337182239,10,
462,177.046156792,588.057738,32679.6850657,10.0243072965,10,
463,177.060346682,49.9568586,474836.418721,14.2679942874,10,
3275,306.212674685,39.3852207,11886136.3685,2.49720426179,1.0,[M+H]+
467,178.006152333,39.1801392,231918.130541,11.7719278846,10,
468,178.023624124,41.0729481,9124352.92705,2.88867196586,2.0,[M+K]+
469,178.046994277,84.982182,53965.8758345,14.8662235107,10,
470,178.055893633,33.3888417,1958574.13795,6.16364389797,10,
471,178.055449506,1712.07786,8282053.67222,12.4059047221,1.0,[M+NH4]+
473,178.10511143,336.386952,57399.8008576,8.95381034001,1.0,[M+NH4]+
2980,298.158927892,343.147638,263005.64052,3.64046184835,2.0,[M+K]+
477,178.880485965,630.62298,48054.202958,5.55230051055,10,
478,179.009195417,1606.75674,125276.195488,6.71297291207,1.0,[M+NH4]+
479,179.084505397,131.079921,1260514.51068,2.79129550279,10,
481,179.139998213,610.77252,734795.556022,3.77279548684,10,
482,180.010554656,1604.44272,6650384.29437,1.33571530889,10,
483,180.002881057,37.8605385,3946628.02483,3.21509050501,10,
485,180.053387652,33.3290382,255265.793808,1.77160655163,10,
486,180.05107659,63.556488,1010252.88656,5.71985916489,10,
488,180.087516154,153.440508,1371728.69665,3.40608503957,10,
489,180.092968369,37.6171056,529481.323083,6.63497319013,10,
491,180.174314653,699.1383,9113089.09231,2.55627508387,10,
1421,244.190148183,529.451721,19102344.557,1.76615744019,1.0,[M+H]+
2284,277.157290829,591.479979,3362537.20581,2.77550276983,1.0,[M+NH4]+
495,180.950122327,1599.73446,2524021.22478,7.35800230748,10,
496,181.028029026,47.6137917,91070108.8848,6.80100660489,10,
497,181.028276659,33.4445688,55936854.0582,3.35844047061,10,
498,181.02799798,112.877499,93555588.8346,7.10220308965,10,
499,181.027979222,1604.96757,5554844.43413,6.21028166193,10,
500,181.02799915,556.960005,30274103.6849,1.39357465866,10,
502,181.027957132,617.09148,36796240.4744,1.39612914501,10,
503,181.027915729,629.46912,43929526.3296,1.68413037165,10,
504,181.028042843,602.88948,38256645.488,4.4455380938,10,
505,181.06033617,57.6225819,3338207.07791,2.10214732395,10,
506,181.09422613,79.732275,5834535.85987,2.76571927647,10,
4058,329.120246953,122.18829,851372.6298,5.43537488102,2.0,[M+K]+
511,181.982556391,34.0816326,444060.687873,10.899765718,10,
512,181.993105108,277.664667,724571.582592,4.03037360652,10,
514,182.047697435,40.5488823,1323486.45631,7.35020262829,10,
518,182.161692155,634.54809,164740.574479,12.3988854591,10,
519,182.189954749,521.182338,42891910.4593,0.486806758385,10,
520,182.981546875,96.400254,41868.1655903,14.5389628837,10,
521,182.991193538,1604.33385,223143.1271,13.6158538662,10,
524,183.021605608,341.417991,103266.460344,13.4670655263,10,
525,183.061111007,46.077228,101218901.458,1.36936080744,10,
526,183.061345092,33.4445688,60139651.1201,4.01837481647,10,
527,183.061043137,586.321083,14606357.8588,5.09966933314,10,
3074,301.095939879,1604.33385,650048.165199,2.19686784937,2.0,[M+Na]+
529,183.060910957,1709.16516,165236126.204,3.38829684786,10,
530,183.061086337,603.47688,8720666.00947,5.18914700509,10,
531,183.061059061,498.791454,9567736.13076,3.95474425459,10,
533,183.073557876,79.897776,2585669.78358,2.39447909171,10,
534,183.06457744,139.500702,150785.938512,10.7019248978,10,
535,183.156831847,692.2575,45819.2166357,14.3472970538,10,
538,183.96459823,1627.13496,4052489.94687,5.18137853249,10,
540,184.027066135,31.640139,273208.467467,8.34641459859,10,
542,184.045362039,33.4445688,14235758.3444,2.61064325366,10,
4669,345.165562692,283.642785,224106.14177,6.06238820159,1.0,[M+NH4]+
545,184.084806192,54.2998521,8433700.53807,2.43282836677,10,
3729,319.152998515,58.150998,8529859.30454,5.29280880195,1.0,[M+NH4]+
547,184.105436699,34.6128489,275672.811735,10.5960571997,10,
971,220.02999598,1602.70422,347240.017271,8.84027490794,1.0,[M+NH4]+
550,185.031913208,37.8605385,9598719.98517,1.04495672692,10,
552,185.114390964,35.0445348,151325.512615,9.35372253232,10,
553,185.974255394,64.711548,5953658.46396,9.5834221907,10,
554,186.015974556,31.5388215,501869.912538,6.19463978873,10,
555,186.049470587,33.4445688,184692.015207,10.3278169972,10,
557,186.090976037,81.311928,309399.290936,6.38670190294,10,
558,186.135381444,655.10976,57844.5464723,7.86000332133,10,
559,186.221231206,703.43697,11056003.1315,2.7681271907,10,
560,186.221268071,715.58346,8824987.31799,3.38622262145,10,
562,186.994868674,629.53926,3692183.79592,2.28008369777,10,
564,187.008408877,277.664667,148837.793271,11.5290955478,10,
565,187.044912217,1605.28524,249293.40017,3.05911033438,10,
566,187.038067272,31.8570732,233917.393392,7.55167657726,10,
567,187.107308775,48.6755766,76218083.3427,1.42144943501,10,
568,187.143619436,291.354618,2752975.35691,0.604048946358,10,
572,188.037181014,135.118167,118965.054752,8.64507651702,10,
576,188.078961666,106.459254,180915.592122,10.1305640738,10,
1600,251.159729962,34.6128489,35777442.5253,1.75763978329,1.0,[M+NH4]+
578,188.200454419,659.22321,2077458.30666,3.19984515348,1.0,[M+NH4]+
580,188.987711787,277.664667,1926907.04527,2.64213511674,10,
582,189.018576476,69.656376,1068987.44769,6.98272172533,10,
585,189.073488604,364.446144,29261.9122319,7.22896323951,10,
588,189.122890131,66.539706,74779488.2049,1.68304434144,10,
995,221.185440858,41.810196,129552661.571,3.17301810183,1.0,[M+NH4]+
592,190.008321875,1601.7678,41211.2186695,8.53507550344,10,
593,190.016475724,87.064335,28387.4453548,7.81342511436,10,
599,190.135232741,662.18523,459838.558086,1.98975507172,10,
3058,300.882812991,36.9184143,894053.747907,14.8162458613,2.0,[M+K]+
603,190.978972979,64.796922,1670468.31064,3.34526064546,10,
605,191.039854581,37.5462903,38070874.4652,1.52454448121,10,
607,191.065875492,31.742535,713748.235658,4.41154744279,10,
609,191.076317745,35.2618416,46009062.4167,1.14048852038,1.0,[M+NH4]+
3698,318.249191523,429.271047,57384.351928,6.53713740004,1.0,[M+NH4]+
4942,352.269326188,593.148522,40027.7519073,7.9468836586,1.0,[M+NH4]+
2070,269.112455215,50.6864442,16666476.7142,2.72622163992,1.0,[M+NH4]+
617,192.065092868,348.544728,14840.0208062,2.80657009237,10,
621,192.132323767,662.34465,137471.70552,6.83963081701,10,
622,192.145812874,373.710093,153506.772355,6.53416208263,10,
623,192.158994045,68.829957,3294612.24037,12.0808097721,10,
624,192.195371093,540.903252,37089.4800812,7.41622266688,10,
625,192.195367194,501.383391,19989.9187457,13.6202425455,10,
626,192.998289492,37.2324099,2382011.30586,5.54474192258,10,
627,193.005043999,33.333342,456346.561669,5.06643834425,10,
628,193.049134797,439.555806,30248.9861883,9.66844428985,10,
629,193.037957067,50.4777876,174587.820381,13.6433196087,10,
7388,417.269646747,474.637137,530868.44189,1.39809891359,1.0,[M+NH4]+
633,193.937857586,1602.01491,23369.5459073,13.9341361265,10,
634,193.997554231,41.3408232,1456746.52797,7.9412394441,10,
636,194.032247312,38.9719395,19314211.7405,2.22313537909,10,
637,194.064265767,76.381275,195768.434642,6.52300909345,10,
638,194.066906709,201.119406,300813.564626,2.52347148264,10,
639,194.103302858,248.269056,409811.29312,2.61788948458,10,
640,194.114402571,289.889745,174669.526275,5.60264837462,10,
641,194.114673748,432.329064,3560955.96251,10.4334858001,1.0,[M+H]+
642,194.134093987,510.14121,76580.2007497,5.08012139095,10,
643,194.15351477,513.443991,5517497.05045,0.936268635366,10,
644,195.002547687,35.3230005,1341642.88439,6.14886250287,10,
645,195.017240452,1776.96696,1079081.86463,13.8478780879,10,
647,195.038061716,33.3888417,421075.08642,6.20553217904,10,
648,195.073359389,40.0160991,1507654.28201,6.29720967002,10,
649,195.062371298,118.226196,53617.1527099,11.1103488517,10,
650,195.091268721,727.9743,501134.257566,1.36359720862,10,
651,195.097408537,42.7570731,916896.953266,11.1246559615,10,
8350,447.139787913,664.16997,116709.603464,6.25920954096,2.0,[M+Na]+
1068,226.154458547,110.961594,12448103.9759,1.28629317504,1.0,[M+NH4]+
656,196.034090476,151.137702,63495.9407442,7.74082960991,10,
657,196.047911412,37.90842,719340.957955,7.68707184515,10,
658,196.063465298,38.75754,455027.824055,4.21814070212,10,
660,196.093951918,83.52897,817526.378335,5.44472246213,2.0,[M+Na]+
2811,294.064015691,154.849827,218262.116456,6.00782978709,1.0,[M+H]+
662,196.130265141,387.023694,698799.92785,3.55285418572,10,
663,196.153922168,82.696281,6369399.41438,6.43484125439,10,
664,196.160201316,513.618546,24432.9304192,14.2542868458,1.0,[M+NH4]+
667,197.035289813,33.333342,166718.224624,9.81423156906,10,
668,197.040594078,33.1285062,181955.572763,2.02348388034,10,
669,197.052731612,1601.83953,88824.6883084,9.6879199851,1.0,[M+H]+
670,197.068262641,79.732275,2845984.8152,4.85184961117,10,
2502,284.159626633,398.054574,933045.704701,1.82617373846,1.0,[M+NH4]+
672,197.090460736,664.29624,26527.5495142,4.86523351947,10,
3436,312.102041942,639.67218,6716888.23679,3.30983135604,1.0,[M+H]+
676,197.157346975,82.30368,499020.951734,5.325359975,10,
677,197.200779729,688.311,298871.913467,3.26143098405,10,
678,197.960333292,34.1871327,681862.589798,4.32995168979,10,
680,198.06184389,46.349793,398334.643785,8.4454253134,10,
682,198.073289226,214.659726,48291.5946512,3.15771472642,10,
683,198.086839311,420.139311,171644.944362,6.52339414557,10,
684,198.08685775,65.151114,242832.059187,13.8082674407,10,
687,198.109368964,79.146417,77573.8583093,7.91939418636,10,
688,198.861660279,35.9192835,230491.032361,10.5499125423,10,
689,198.973756806,37.182402,971142.819644,8.22645436517,10,
690,199.04732455,79.897776,927656.251841,5.61228427666,10,
691,199.053005659,61.780833,345695.306967,12.2373883196,10,
692,199.066380498,80.124618,170332.557769,3.80573437193,10,
694,199.091906076,300.648981,52431.7268266,14.3699374172,10,
695,199.105722946,639.67218,387993.421838,3.57676659942,10,
2350,279.172886169,634.69077,685636.52287,2.70215350772,1.0,[M+NH4]+
697,199.131140853,542.530479,173452.025826,11.111221594,10,
698,199.122565899,649.70178,23950.0450432,10.1028858983,10,
700,199.984890975,277.664667,194754.180852,5.25247218953,10,
6720,398.975881567,33.3888417,2798288.70369,5.53761798121,2.0,[M+Na]+
703,200.040172678,38.5496385,49217659.563,1.31038199561,10,
704,200.067869918,38.7550326,21134309.272,3.24528215157,10,
705,200.088617806,276.035865,82195.1729698,5.57788014705,10,
7788,430.185050694,308.482506,82079.5967606,10.3921189732,1.0,[M+H]+
707,201.02112401,76.32606,433990.106485,2.29403062195,10,
708,201.025751175,1604.99643,344977.435013,10.8191590541,10,
709,201.071842039,33.4445688,17788346.5845,3.83583421884,10,
712,201.184393236,547.656042,184162.579943,2.42191813405,10,
713,201.989807693,39.6018774,1214433.10196,9.94652053328,10,
714,202.005832692,36.61344,1180274.02567,8.44897862595,10,
716,202.106923596,58.7218938,17416769.7895,3.22890825287,10,
717,202.126180943,374.883819,32558.5685926,11.2825539618,10,
718,202.155937283,591.479979,192737.751395,5.3143397567,10,
719,202.154559976,123.396174,743539.088075,5.25642086038,10,
720,202.162635286,334.669959,57289.9440012,4.62759940887,1.0,[M+NH4]+
3532,314.231659562,612.39327,18104459.1511,0.871531832142,1.0,[M+NH4]+
2513,284.971328787,1629.28974,4626490.83712,4.712779756,2.0,[M+Na]+
724,202.986998672,64.796922,215381.291668,10.0797456497,10,
725,202.996951927,32.9186271,1295613.65924,7.99841352709,10,
726,203.003414979,277.664667,246364.287032,3.96632297774,10,
727,203.026380554,1604.44272,708886.649171,4.48395239798,10,
9209,478.146927316,39.1801392,1474125.49197,13.355042221,1.0,[M+NH4]+
730,203.067535418,187.307895,242088.507892,12.8838327672,10,
1615,252.119981808,82.199343,170052.262403,13.2432267623,1.0,[M+NH4]+
732,203.089125904,466.353564,64175.0557508,4.16909632631,10,
2834,294.205680367,962.60226,81364505.1875,1.95500337499,1.0,[M+NH4]+
734,203.120889667,242.530146,92221.1798365,3.17459848245,10,
736,203.1400765,634.85082,491366.372212,4.13516656486,10,
3022,299.184522847,655.71051,17849783.011,2.87994909853,1.0,[M+H]+
738,203.149865434,43.2822669,81814645.8044,0.30420148185,10,
2011,267.154608807,33.9689115,314954.223066,8.46913377958,2.0,[M+K]+
743,204.052958419,1709.65434,3639191.26399,12.4839046489,10,
2376,280.128423467,158.375196,4409620.66803,2.14697757566,1.0,[M+NH4]+
746,204.105625582,42.0071658,704292.012294,3.7521249623,10,
747,204.112722612,216.698157,1268993.03348,2.16132933336,10,
751,204.14590426,520.4442,48201.7529497,13.2574613972,10,
754,205.023384897,1604.44272,422752.705221,8.99919795595,10,
755,205.040991088,588.506547,76606.3387009,4.08911606817,10,
757,205.052508914,634.60023,103314.662407,11.0350572014,10,
758,205.052346771,179.970897,177246.026228,6.35773831259,10,
761,205.085489476,141.306636,518636.423872,10.196759051,10,
763,205.117913579,44.0223771,64332201.1897,5.05456001163,10,
764,205.1306191,515.690709,22911.9811615,4.05084693616,10,
767,205.137445352,33.9689115,160030.474416,11.1099958451,10,
768,205.155564836,678.79701,97719.9581788,12.9384912368,10,
769,205.190572662,300.524256,616429.182615,3.32768770405,10,
770,205.946505279,1606.24425,1291583.28776,3.68107457186,10,
771,206.015389664,50.2037949,785629.192157,3.37676502005,1.0,[M+NH4]+
774,206.047839833,135.626484,136739.839248,8.55929210429,10,
7322,416.065834289,37.5462903,2972588.57764,6.05933611182,2.0,[M+Na]+
2450,282.166892712,378.760146,408683.998911,4.22677859476,1.0,[M+NH4]+
777,206.084806661,31.742535,939400.399499,6.54723195546,10,
778,206.076786538,1703.5434,10250344.5922,14.6400081992,10,
5347,362.101228625,183.704271,1586590.10948,2.32213767503,2.0,[M+K]+
780,206.092071842,156.763452,119890.287661,3.48604878844,10,
1614,252.094807723,40.7576322,1961914.5486,3.40229111145,2.0,[M+K+HCOOH]+
784,206.131662694,62.677236,712141.930594,3.09186123722,10,
785,206.174587889,266.802996,14637.0959721,8.9345444309,10,
786,206.172817118,689.95512,101956.185131,14.8577486065,10,
8527,453.342475243,448.730976,3875025.30995,3.11585343702,1.0,[M+H]+
790,206.885492253,37.5443403,280422.247298,12.4459366343,10,
791,206.893439956,36.2897859,1136689.93017,5.48150677746,10,
792,206.991453915,1603.37232,5307342.15185,6.84379905401,1.0,[M+NH4]+
793,207.022298227,1604.33385,274879.730733,8.62340911806,10,
794,207.013771452,37.7126868,14428922.6031,1.1178644916,10,
795,207.050250446,35.4863739,8886294.2305,2.9248731412,10,
796,207.079289943,52.7847669,8116633.15643,1.36671858958,10,
798,207.133546808,36.1398213,446317.385951,12.0693493792,10,
800,207.91459747,1601.66316,155937.86802,5.42971683285,10,
801,207.951031459,36.0437388,205263.392476,0.147812705879,1.0,[M+NH4]+
802,208.024725389,34.2905955,334355.53644,8.46799899689,10,
804,208.074392552,1704.5199,1417263.64134,13.8407655727,10,
806,208.093895124,277.240626,101255.810367,2.78760217144,10,
807,208.110856645,59.8687689,237132.788777,11.4485370237,10,
808,208.117482419,80.063094,1038341.04771,3.16579042917,10,
809,208.130224873,454.762908,730539.571066,4.35580249234,1.0,[M+NH4]+
811,208.943570553,34.7257599,98710.0717912,14.2615614821,10,
814,209.089134854,40.0671753,8274485.19111,1.73641783893,10,
815,209.106915246,745.2408,260520.345677,5.33055356469,10,
816,209.102797583,261.785898,254853.357506,4.37321734383,10,
818,209.120854505,79.670934,60228.4314998,12.7337334465,10,
820,209.128005782,209.855781,22355926.3406,1.04282590062,1.0,[M+H]+
822,209.125235702,190.153962,66081.8763155,12.456595056,10,
823,209.14904303,82.696281,953099.457785,2.0323164773,10,
824,209.172367509,566.613054,34548.5843108,3.11798202249,10,
825,209.189523213,799.56033,3973362.09931,1.48436310373,10,
826,209.200703282,644.77212,2477959.75064,2.6221988612,10,
829,210.024425593,277.664667,444795.952291,4.9898305803,10,
830,210.013536229,1601.78613,134079.562198,5.75258172232,10,
833,210.071792786,45.387033,950297.502625,10.1314841706,10,
834,210.086846679,37.9199511,15223607.4224,2.79103504547,10,
835,210.109531786,176.02425,4847020.47234,5.23299420041,10,
837,210.131445174,110.619909,122062.244232,7.88766943623,10,
3350,309.191216487,323.840118,48917548.2637,0.669356546303,1.0,[M+NH4]+
840,210.145756656,463.700253,222626.102881,2.50205900424,2.0,[M+Na]+
841,211.041396992,64.796922,154122.472235,10.8272342721,10,
844,211.104562242,122.360541,494710.878525,3.6196673321,10,
2015,267.17131874,888.0471,21280204.783,2.52163048787,1.0,[M+H]+
847,211.112866943,177.149442,437816.862921,4.30240597405,10,
849,211.115966645,38.3417598,2010592.90031,6.01899172431,10,
850,211.148887502,463.831674,14762.408298,7.70087720105,10,
853,211.188051611,835.3506,24506.3351925,14.5126333042,10,
857,212.104280049,386.947764,275291.25335,14.6747253986,10,
858,212.169522586,569.02224,21986.2494732,13.5728511991,10,
859,212.841618341,1606.70988,1952211.02276,1.13471261409,10,
1526,248.088591109,397.841916,69915.1636815,8.54265712227,1.0,[M+NH4]+
4558,342.138229814,39.1687938,1657894.50148,7.74951164847,1.0,[M+H]+
864,213.072723285,374.556534,98910.9324272,7.53037365478,10,
866,213.115799068,44.7529062,411483.83938,8.21638869612,10,
867,213.126916742,655.53813,1007025.12677,1.51601980223,10,
868,213.126933806,520.832712,118125.074788,3.82629601583,10,
869,213.127009638,911.97246,25827.1295791,8.20535238132,10,
3655,317.214866072,781.38981,109904.377372,8.90051721188,1.0,[M+NH4]+
2645,288.263764326,655.84182,1453191.35833,0.846497074909,1.0,[M+NH4]+
1782,259.990982406,119.954232,1225594.12614,2.58461237997,1.0,[M+H]+
873,214.005896307,35.0445348,1873296.27636,4.38074762421,1.0,[M+H]+
874,214.0220846,1602.22248,30608.3247279,6.08323679494,10,
876,214.059157616,1604.96757,1525114.31409,7.45962754069,10,
878,214.135046403,639.70893,21626.6433973,11.6066265837,10,
879,214.133334222,425.900796,54182.1575333,11.9745080869,10,
880,214.179627578,663.67311,9346572.00579,5.39789211598,10,
881,214.190896394,429.627609,41532.5710155,5.46424092729,10,
7739,428.285603533,148.094046,76667308.1971,2.6977529833,2.0,[M+Na]+
883,214.835654153,36.2897859,286968.523336,9.49724044954,10,
884,214.839987692,1607.09148,378975.239303,5.18528011717,10,
885,215.00320972,1603.15695,136892.080872,10.8367309606,10,
886,215.021798317,50.2037949,293355.47606,9.92432948435,10,
5313,361.138525388,270.773925,69324.8986659,9.87488178802,1.0,[M+NH4]+
888,215.047949188,305.306256,150405.34308,4.3676230391,10,
889,215.047953869,341.428059,1453190.15362,1.24132160817,2.0,[M+K]+
892,215.088516936,72.304521,246188.170208,4.43197697013,10,
893,215.138513184,97.191036,25088376.7248,14.2718704568,10,
894,215.138503666,53.9854254,22182285.136,4.32466330153,10,
895,215.138520179,162.904518,4641674.24357,1.1231661315,10,
896,215.186217435,430.440987,42455.5034737,6.13058252284,10,
3068,301.060991075,78.232524,178754.050628,7.34109412794,1.0,[M+NH4]+
898,215.983650743,119.996394,224449.968406,4.133188098,10,
900,216.014095206,38.5496385,24903289.2719,2.30925736701,10,
901,216.027261922,1604.96757,590579.44984,8.03665508243,10,
904,216.062861271,34.7257599,4324740.29138,3.12066258432,10,
2045,268.138015591,62.860644,1358855.82596,5.73638619449,1.0,[M+NH4]+
906,216.088500326,82.439301,53702.0607398,14.3068741434,10,
907,216.112694105,176.990514,267421.57628,2.47814000435,10,
908,216.112653569,211.927536,174679.049466,3.52901767384,10,
909,216.137814169,557.711856,755282.011745,3.70411802324,10,
910,216.195364278,597.076677,8535509.59635,1.23020036686,1.0,[M+H]+
911,216.206406703,510.146082,37235.0211583,7.98263572145,10,
912,216.622338121,58.3906647,537015.475266,7.83686881191,10,
914,217.000197248,1603.20711,112393.101428,10.626591243,1.0,[M+NH4]+
917,217.055505204,39.4955739,867807.53526,8.45265467953,10,
920,217.076996174,567.153732,9947.43489458,11.4763204371,10,
921,217.096634525,310.048887,1734560.12894,0.95215438392,10,
922,217.104237944,143.110068,24338618.497,4.61373119398,2.0,[M+Na]+
923,217.116329332,247.048614,46295.5539212,13.6123695396,10,
924,217.117792308,52.370289,12142834.0694,6.67218667622,1.0,[M+NH4]+
925,217.136440802,422.050458,291203.755887,4.04587432829,10,
926,217.136420674,193.885968,183229.032568,2.13945421276,10,
927,217.136505547,307.517454,32127.4671741,11.8046234734,10,
928,217.12912756,42.3341982,1813750.72306,2.34670578224,10,
929,217.141065066,557.564358,100791.5122,9.17220023833,10,
930,217.154153597,52.0510998,44197076.7243,1.16907413481,10,
5101,356.17808904,79.670934,1198258.96729,8.39262567565,2.0,[M+Na]+
933,217.979769878,36.9888636,623111.669693,8.5843801659,10,
935,218.032899174,1721.4042,91068596.1573,9.32879053584,10,
936,218.047650442,76.548276,2385682.10347,0.773136867738,10,
937,218.05355629,33.4445688,886492.947273,4.88954057474,10,
938,218.057350052,480.700074,46691.5351899,4.94011242741,10,
6494,392.183866382,299.496504,144704.734152,10.5874596292,1.0,[M+NH4]+
6668,397.144525488,31.5388215,497138.050297,8.1059800127,1.0,[M+NH4]+
941,218.075435512,62.919366,695847.341538,3.48363774331,10,
5239,359.227848649,308.706819,28307790.0211,4.47125536638,1.0,[M+NH4]+
944,218.138128837,67.912353,559249443.867,3.12943812513,1.0,[M+H]+
947,218.185770611,300.524256,2383480.97442,2.96670435898,10,
948,218.210958273,596.313795,3607343.54789,3.61094706989,10,
949,218.919295075,36.6045978,2144520.14068,7.91502616343,10,
950,218.94266048,1605.44403,19301523.4473,1.29728941237,10,
951,218.983318663,33.4445688,522074.345063,3.82045884046,10,
956,219.082357946,37.5462903,83710713.9643,1.37885948736,10,
957,219.075381453,184.00281,821092.425195,13.8426952005,10,
958,219.09855864,459.687882,56081.6484634,11.6989756767,2.0,[M+Na]+
959,219.090466939,639.84486,38853.199602,9.47207818641,10,
4313,336.1395476,31.742535,327590.685112,5.89394513854,1.0,[M+H]+
963,219.133375538,61.032357,164750779.746,0.739601514151,10,
964,219.143126286,73.738899,30782587.1775,114.271064775,10,
966,219.206184017,387.023694,267721.726834,6.74567165603,10,
967,219.214243859,547.501344,27137.2615826,10.9221915324,10,
6732,399.115958346,96.169467,471998.926876,5.90647732144,1.0,[M+NH4]+
970,220.036540886,158.051367,330320.781008,3.3003177337,10,
972,220.04340136,76.381275,73687.106196,13.6654636361,10,
974,220.096345606,278.671599,351802.126215,6.89834571302,10,
976,220.109055384,382.705164,89258.9246753,11.7714377879,10,
978,220.136425179,311.901984,145106.554475,12.5124120609,10,
3691,318.201449258,67.66146,57822431.2848,2.45666488998,1.0,[M+H]+
2359,279.190668943,39.4955739,9240752.34118,2.36318218177,1.0,[M+H]+
982,220.166934788,610.61334,99383.9499372,3.66408622275,10,
983,220.177109133,162.713964,471556.506632,8.49358694597,10,
984,220.17711306,141.306636,571913.28211,10.9558106051,10,
1271,236.882953543,1601.48673,226218.328478,9.68541778678,2.0,[M+K]+
986,220.909097413,35.376381,588390.184575,8.10431598492,10,
987,221.018058179,37.39869,14693316.2654,2.06400713618,10,
988,221.037030852,1604.33385,449087.489246,1.52683534112,10,
989,221.039686927,54.8286441,1707494.17405,4.02146233006,10,
990,221.094912682,51.7366584,5024178.1327,4.18016482367,10,
993,221.153109632,655.53813,6545065.88104,2.53774785074,10,
994,221.172318662,594.396114,268681.057477,2.59841929429,10,
2259,276.195220305,702.59577,2099081.81221,0.540298371923,2.0,[M+K]+
997,221.225792514,542.71854,20791.9101687,8.97959526023,10,
998,221.976607237,1599.87696,2808228.15491,7.68937617098,10,
999,221.987464887,36.9888636,226357.330604,10.3769960291,10,
1000,222.004415845,1605.12651,1417058.20799,5.0281626048,10,
1001,222.020984061,1604.33385,1200211.61517,3.71371315513,10,
1002,222.034470035,54.8285172,1239286.55836,5.11282072786,10,
1003,222.058355716,42.2247204,3262347.17643,4.01782784487,10,
1004,222.067021612,588.222339,114854.694626,8.11121749524,1.0,[M+H]+
1005,222.096644286,40.7576322,7630844.91599,2.81207381069,10,
1006,222.111907095,352.501089,838885.896275,14.8955593956,1.0,[M+NH4]+
1009,222.123326943,102.343686,1299768.63636,2.75037155653,10,
1010,222.145717152,486.838515,288997.046273,2.82541589487,10,
1011,222.145775937,532.102722,235718.277133,5.24467583354,10,
2355,279.169523042,549.370098,2820248.4309,2.75840090857,2.0,[M+Na]+
1016,222.86732947,36.6634503,1586635.6676,9.31675797091,10,
1018,222.959166665,34.4033205,610962.68751,5.86377622498,10,
1019,222.987614963,37.8605385,2488244.28615,6.1495806763,10,
3583,316.071912516,61.824282,696756.638624,3.35336901268,1.0,[M+NH4]+
1021,223.008751154,34.4033205,254471.614733,10.4892446277,10,
2730,291.100263828,323.837388,124084.7574,1.15752103623,1.0,[M+H]+
1024,223.072386682,298.647006,88879.5500348,9.44956384623,10,
1025,223.070700317,75.439128,39281.0502218,12.4040312679,10,
1026,223.074432416,33.4491,264773.416922,7.47487665747,10,
1027,223.072446018,326.299266,98728.9508007,12.5041208173,10,
1028,223.095876293,489.075456,4368040.97607,1.56133067811,10,
1823,261.089709875,108.420159,1989505.1171,1.59067285382,2.0,[M+Na]+
1031,223.126635624,88.60359,76028.447161,5.25610672417,10,
1032,223.140947202,334.669959,187466.835124,7.08910556207,10,
1033,223.188062664,816.3678,24902.1339024,11.9984909884,10,
1034,223.207051593,703.04718,26659.8882805,11.3285679504,10,
2023,267.870110365,1601.66316,34377.6667285,9.47052687216,1.0,[M+H]+
1036,223.973524095,1600.01946,2596292.11785,6.86107244102,10,
1037,224.017861426,1604.33385,706650.060256,2.87455130062,10,
1038,224.025862495,50.2169514,530985.350112,6.82095407546,10,
1040,224.055820273,42.2870127,372718.335504,2.65044151963,10,
1041,224.064546342,588.155052,29156.2595977,6.22059449477,10,
1042,224.091862545,125.922921,424873.705132,4.95544882268,10,
1043,224.087258355,1704.82158,10959236.0697,13.2956115394,10,
1044,224.104127314,454.889061,268717.366425,2.72622391562,10,
1045,224.136159571,122.878413,572002.711726,4.85989681414,10,
1046,224.125035708,315.859257,420863.885003,2.04115923534,2.0,[M+Na]+
1047,224.124955864,510.323112,370553.290445,3.55961153478,2.0,[M+Na]+
1048,224.161403313,533.544693,191234.146215,7.7614840719,10,
1049,224.864443177,36.6045978,1075068.44042,4.25004695712,10,
1050,224.92121718,34.6681575,264570.826524,9.90271255277,10,
4370,337.969968746,33.1329762,612240.258765,13.5684535,2.0,[M+Na]+
1054,225.133958898,63.633663,28609923.3288,12.2650394465,10,
1059,226.05287759,177.340518,109927.481351,5.22029240639,10,
5343,362.084875412,66.378456,42280994.1776,6.10166756552,2.0,[M+K]+
1061,226.063839221,102.992316,71327.10155,2.85437443248,10,
1062,226.08151725,65.573526,2245640.50867,7.56901982191,10,
1065,226.106729984,398.054574,2350286.20794,1.54218641372,10,
1066,226.115560273,61.395288,1797297.48167,5.88419052177,10,
1833,261.188257192,378.674469,2777851.05818,3.17027945612,1.0,[M+NH4]+
1071,226.179510916,369.355287,7793402.61549,0.56969246772,10,
1073,226.97461763,69.111645,303951.334282,7.55837831119,10,
1074,226.970594879,33.3888417,713788.376464,5.60270216431,10,
2056,268.997483779,1628.76993,11709630.4599,4.61864987405,1.0,[M+H]+
1076,227.028745563,1603.85568,155538.857168,7.86006288841,10,
1077,227.033642481,32.811693,4826524.13925,3.58425574087,10,
1078,227.040442718,34.0869762,558271.001964,5.75888020012,10,
1080,227.09079516,256.051707,34551.9415929,9.99487509424,10,
1081,227.090814976,287.62593,1834850.83472,1.28379869795,10,
1083,227.11329193,38.0271282,219065234.026,2.48314813857,10,
1084,227.140131622,569.080986,51351.1269975,8.27735944797,10,
1085,227.141697892,504.623205,1739500.76194,2.20418867834,1.0,[M+NH4]+
1088,227.174766737,295.724127,4874342.4488,1.51010402864,10,
1091,228.002344092,61.578018,227161.582261,12.2849017119,10,
1093,228.068334871,105.900471,703024.531252,3.34949025406,10,
1096,228.088882167,573.946302,80449.6658666,13.7901497415,10,
1097,228.089103244,651.22407,75112.5349347,6.56230980359,10,
1099,228.119985178,435.054495,104237.14989,8.43698187017,10,
1101,228.112548595,377.467476,407421.392298,0.843721767527,10,
1442,245.152274789,552.485847,3664088.47736,2.58284195819,1.0,[M+NH4]+
14730,718.373070286,332.735199,73953.4818832,10.1916466195,2.0,[M+Na]+
1107,228.195314105,1152.06612,5051518.46414,0.988973782012,10,
1108,228.662126474,241.205928,3131392.81373,2.65349402591,10,
1109,228.662102449,226.474908,4388345.34357,2.17536328433,10,
1111,229.027773379,1603.5114,93104.2748351,10.100352811,10,
7253,414.195827302,52.4703885,11009934.1748,2.82184458491,1.0,[M+NH4]+
1114,229.066751093,33.1285062,3354193.72011,4.16951307011,10,
1115,229.078956221,36.7613508,800699.002779,4.62631803292,10,
1116,229.096751554,651.18588,24658.7712525,6.94914685289,10,
5142,357.125148187,33.0121638,374520.158657,2.2503592955,2.0,[M+K]+
1118,229.119169523,451.677534,50819.4089973,10.8313110356,1.0,[M+NH4]+
2225,275.138298696,574.031292,1590160.34859,2.08303640549,1.0,[M+H]+
1121,229.12514899,355.084083,57328.2648461,3.76585062981,10,
1122,229.153972328,386.128227,4709755.11703,1.63793764548,10,
1123,229.154002257,261.628782,2789033.81688,6.34270194421,10,
4851,350.206485004,368.904753,12327452.9141,1.81126305101,2.0,[M+Na]+
1125,229.154059527,311.939082,5033379.26556,2.34972246479,10,
1126,229.154085043,69.921333,169454299.831,3.36517989224,1.0,[M+H]+
1127,229.154102887,221.855094,5759343.77734,0.31752545328,1.0,[M+NH4]+
1128,229.179363418,725.46741,2849093.13293,5.06206682392,10,
3713,319.072234917,34.5092655,743518.849803,2.57412197983,1.0,[M+NH4]+
5982,378.168313573,103.54548,118347.356544,12.2023651282,1.0,[M+NH4]+
1135,230.083986436,457.822623,75556.9005923,8.81786756707,10,
1136,230.095150147,65.894958,21473601.4988,6.61256483716,1.0,[M+NH4]+
1139,230.120378868,381.873648,602933.231822,3.83795269327,10,
1140,230.117259976,657.37926,214036.497468,6.79938160507,10,
1141,230.138141393,82.199343,24722084.1339,1.99066838564,10,
1142,230.132498727,50.247171,196291.674701,10.3912716804,10,
1143,230.153309148,586.709961,22523.6242852,14.1301285375,10,
1144,230.150961177,601.30644,108453.815327,10.3831406545,10,
1146,230.185766061,432.232686,8026679.52518,12.5191188913,10,
1147,230.210940636,655.84182,2993862.73256,0.47561910652,1.0,[M+NH4]+
3535,314.898960698,36.0316389,940082.959092,10.3463350681,2.0,[M+K]+
1149,230.966160701,33.4445688,597409.682008,12.5766931658,10,
1151,231.028568472,33.0725946,508800.777395,8.00537449932,10,
1152,231.02520719,191.243574,161445.99571,1.64771420017,10,
9210,478.15052719,493.724583,601960.477022,2.43592666208,1.0,[M+NH4]+
1155,231.083314054,55.3005759,541757.561287,10.1494881207,10,
2280,277.117347819,245.879022,4162778.46387,1.50667428743,1.0,[M+H]+
1158,231.100739355,33.7617543,1179622.38742,4.30975688265,10,
1159,231.112049974,338.974152,277077.77275,2.3062757686,10,
1160,231.112053123,465.61269,49572.9323152,9.7184181342,1.0,[M+NH4]+
13313,631.391525271,481.072572,222165.949932,9.09303424436,2.0,[M+K]+
1162,231.114205967,567.218355,27195.6542937,8.22045787087,10,
1163,231.112130088,413.174739,359155.915434,7.37578978851,10,
1164,231.133398904,49.2535443,40175962.6117,0.717288635456,10,
1168,231.169761653,108.252657,96082795.9834,0.629440240892,1.0,[M+H]+
1169,231.173924793,782.27931,1529844.10635,3.58405255051,10,
1170,231.169731075,89.117088,36671182.7362,0.853062495359,10,
1171,231.169715596,378.238782,4554929.58021,1.3934089616,10,
1172,231.181023522,128.57661,725711.005062,1.7707041946,10,
1173,231.192296109,35.648916,546520.178374,9.7838329693,10,
1174,231.19215573,1605.6033,854938.521102,4.1666416763,10,
1175,231.18076591,112.107066,716220.451876,8.03511915605,10,
1176,231.206066692,454.889061,336714.215809,3.52671736185,10,
1178,231.943521302,78.120996,31012.2129384,10.7212413469,10,
1970,266.079824289,79.897776,68820.7075212,7.69959179237,1.0,[M+NH4]+
5182,358.109419714,33.0121638,238790.738141,13.7032806574,2.0,[M+K]+
1182,232.107585239,253.512459,76737.092225,5.66492243468,10,
9750,498.222580309,357.846837,149193.871237,12.5357167899,1.0,[M+NH4]+
1184,232.1286541,42.3341982,7549962.8591,4.66980446591,10,
1185,232.130347438,492.371202,29334.0440946,12.5446996691,10,
1188,232.15370395,118.265601,129502530.105,0.745684818446,10,
1189,232.153752076,132.251799,52472718.2897,1.03860174341,10,
1190,232.161859283,466.639566,58855.7485416,6.92277989455,10,
1191,232.164958324,83.86359,1206264.31544,4.4867841564,2.0,[M+Na]+
4139,331.230027701,648.81372,156287.368174,4.84501174315,1.0,[M+NH4]+
5101,356.17808904,79.670934,1198258.96729,8.39262567565,2.0,[M+K]+
8735,461.269643538,385.624041,985064.157282,5.51676332928,1.0,[M+NH4]+
1198,232.226504863,599.540868,80402.4383398,4.94045689455,10,
1200,232.934906913,35.4863739,1679181.8364,2.15815147774,10,
1201,232.999085485,33.3888417,955519.410733,6.54894585073,10,
1204,233.040618144,307.495224,86263.9620633,6.69083650776,10,
4514,341.128246946,83.233296,282511.029611,7.79336277502,1.0,[M+NH4]+
1206,233.049187333,50.2603275,2336284.71674,1.72347561288,10,
1207,233.053690647,1604.96757,8204190.00821,5.39768933238,10,
1584,251.076814134,69.434901,513304.654284,2.1712652031,1.0,[M+H]+
1209,233.06263229,38.7550326,2234328.59555,3.20736508684,10,
1210,233.081330485,552.235539,122363.864507,8.83728329429,10,
1212,233.094818321,197.233134,68723.8788975,11.9051514797,10,
1213,233.12094045,404.837292,18865.002639,11.5535101045,10,
1214,233.131272178,644.95902,44511.2190836,10.3501467296,10,
1215,233.149011768,50.2603275,49759567.5462,1.40270058305,10,
1216,233.14896514,160.480452,7718962.24897,1.0641036989,1.0,[M+H]+
1218,233.160323242,75.79305,98233.3659718,10.9363719111,10,
10097,510.327265636,513.992304,202929.354035,4.96882415392,1.0,[M+NH4]+
1221,233.185057836,175.673058,1235591.94373,7.61978173364,10,
1222,233.184934162,461.247438,16151.4538991,9.62217055698,10,
1223,233.196676437,79.566654,173253.710932,4.90042004741,10,
1225,233.221715542,463.700253,67929.9113377,12.0754294083,10,
5796,374.074254582,29.9043777,1889766.57624,4.34771424181,2.0,[M+Na]+
1230,234.052023439,154.646466,44542.6336174,11.1726643943,10,
1231,234.069488043,69.273462,102159.916148,12.3905311606,10,
1233,234.078815149,463.231038,53133.7480808,14.624853466,1.0,[M+NH4]+
1234,234.115241613,422.787387,30951.3084015,12.8584856492,10,
1236,234.152251424,160.327566,816135.746215,2.11086969489,10,
12347,592.201591397,63.437676,249185.217862,12.5280862285,2.0,[M+K]+
1239,234.916492277,1605.6033,1877943.32861,3.1885605634,10,
1240,234.94646382,29.4120228,354520.218405,14.2374707295,1.0,[M+NH4]+
5587,369.088226489,72.146466,498184.783442,7.91446968402,1.0,[M+NH4]+
1245,235.056213465,37.7126868,36081771.1536,2.05631902725,10,
1247,235.070179729,336.538056,102757.679235,4.30967675214,10,
1248,235.062972044,393.030366,53856.5328327,7.56667011387,10,
1249,235.091974083,31.640139,15242846.7311,2.81825006307,10,
1251,235.122579849,709.15026,44698.3756992,5.92445148272,10,
1252,235.147922328,33.7617543,218389.115374,11.7745428647,10,
1254,235.161839465,118.226196,78182.4373006,13.951217903,10,
1256,235.179894955,535.054779,75485948.1582,0.547349032184,1.0,[M+H]+
1257,235.657276257,165.570615,655341.953594,1.12949753356,10,
1258,235.950024231,29.5501896,609984.618441,1.11324560042,10,
3465,313.057625939,41.9093496,280879.737923,14.2555764386,1.0,[M+NH4]+
1260,236.032094833,76.548276,87844.5131881,8.7358360875,10,
1264,236.091116731,94.78428,281177.669853,2.84031818334,10,
1265,236.088729055,356.515662,197796.015099,6.71306385427,10,
1266,236.103991088,434.474595,27446.3258091,5.25760078743,10,
1268,236.136559751,293.228136,33178.9434458,9.1352867086,10,
1273,236.984654597,29.9043777,5239038.95342,8.18244708091,10,
1274,236.984591174,1774.95174,820796.824854,9.83472585576,10,
1275,236.984600334,1792.31076,656813.710355,8.84477512852,10,
1276,236.992000785,37.39869,1278316.9057,4.42268737969,10,
1277,237.007020004,1602.13575,37680.3740972,13.7437199558,10,
1279,237.027512157,1765.20324,317020.053031,5.23571217778,10,
1280,237.072652174,404.593896,190256.63717,7.81375517881,10,
1281,237.072811148,76.885587,149164.988632,7.35904616064,10,
1282,237.084108672,164.690178,43955.3419837,9.89233099222,10,
1283,237.078615751,358.4994,40358.3805798,13.4770956582,10,
1284,237.086379749,138.00786,2604187.90153,3.27653333499,10,
1285,237.08982948,219.909408,70457.1937984,4.94479109023,10,
1286,237.094511116,94.218558,19332.703549,1.58787596389,10,
5719,372.188441606,591.322425,101138.179805,13.2784309864,1.0,[M+NH4]+
1288,237.111546799,647.8977,4136611.6461,2.34136688673,10,
1291,237.145273116,559.45917,99176.815433,5.34701933793,10,
2763,292.168027891,534.565815,29915.5599936,13.4519500481,2.0,[M+K]+
6185,383.300812077,623.72913,3019956.04233,2.53149601525,1.0,[M+NH4]+
1294,237.195535478,548.620161,4441826.6947,1.74982827038,10,
1295,237.636595095,74.06346,723006.254313,4.14816545279,10,
1296,238.004318893,33.3888417,393032.363417,3.23260477394,10,
1297,238.044613539,35.376381,6040530.35851,2.09712609175,10,
1299,238.09863757,567.610104,647546.902293,8.64141945251,10,
2623,288.122559787,507.18921,61943.3608959,10.1293797307,2.0,[M+Na]+
2308,278.123983056,70.72752,21673754.0911,2.66826460646,2.0,[M+Na]+
1304,238.140350116,153.809673,524792.252004,9.3274798301,10,
1305,238.140730978,618.15498,92139.496318,5.77609340047,10,
1306,238.140656289,395.170344,1148195.95506,2.36002003894,10,
1307,238.141435697,34.2939018,310237.091708,11.1632090483,10,
1309,238.84106503,36.7705683,900469.954834,8.56778355564,10,
1310,238.852396154,630.39027,37706.5872666,14.1841442685,10,
1312,238.936919988,34.3459038,1005438.64619,6.89192591272,10,
1313,239.030863981,83.86359,83286.0926005,8.45419169651,10,
1314,239.04740467,1604.44272,9856190.62037,1.22036208206,10,
1315,239.057793988,368.348292,33177.8423778,14.3926301478,10,
1316,239.078475954,89.407686,24156.2400376,10.8322888558,10,
6844,401.261078392,495.110955,2364737.4568,4.39154294391,2.0,[2M+H]+
1318,239.099340248,41.0616642,1868608.83868,3.18587237198,10,
1320,239.114963352,334.97151,67705.9511196,11.5174449365,10,
1321,239.118826385,70.568958,150192.694279,14.6979776347,10,
1322,239.135973394,52.0990455,4619415.00043,3.62805856656,10,
1323,239.148322077,243.573525,8326385.44558,1.67192501716,1.0,[M+H]+
1325,239.160851827,608.33475,79658.7291156,9.02356426363,10,
1326,239.160903934,481.588836,99635.1225515,9.57377460582,1.0,[M+NH4]+
1328,239.182913571,690.47379,56826.6802216,5.79807056209,10,
1330,239.977003093,1604.41308,246817.375856,11.8604196424,10,
1331,240.010724593,1701.54003,312884.001298,10.0444290378,10,
1332,240.002202897,33.2310072,383255.92641,8.58496718542,10,
1334,240.049712239,29.998092,123917.329378,11.9731611856,10,
1335,240.085899148,380.905542,149251.64916,3.65738742851,10,
1339,240.110381264,123.050289,442755.732015,3.83460235887,10,
1340,240.101230169,651.22407,19977.9232148,9.78009816381,10,
1342,240.122348825,489.075456,747541.898808,2.14579973358,10,
1343,240.12592192,345.388773,42761.6760397,10.3888591514,10,
1344,240.130584411,532.306686,29835.1140643,8.0956893142,10,
1345,240.125824234,569.351238,301217.991424,5.99804378831,10,
8461,451.220933854,521.162328,34267.0434286,6.06433657811,1.0,[M+NH4]+
2837,294.226819517,142.217076,504305.051919,7.92464991444,1.0,[M+H]+
1348,240.605643435,44.1173982,733275.572644,9.50504322247,10,
1349,240.653597669,324.724395,317777.965966,3.95997856256,10,
1350,240.986199675,33.3888417,2049501.07996,6.22922677923,10,
1351,240.998732169,1799.39322,267065.353198,14.3805872412,10,
1355,241.094110509,466.353564,30612.9499199,2.29973159651,10,
4020,328.138135637,118.265601,89541909.6601,3.90413604977,1.0,[M+H]+
9469,488.211467225,489.54561,255907.584287,1.36152102558,1.0,[M+NH4]+
5228,359.166340929,64.29183,7160489.44391,13.3678536371,2.0,[M+Na]+
1360,241.138520506,505.352196,31688.6158729,8.60254649857,10,
1362,241.154045847,42.7570731,105833026.299,2.33835829951,10,
1363,241.153987325,81.047778,166538219.041,12.4446873326,10,
1364,241.165481292,254.956155,152647.207271,3.64132363458,10,
3026,299.250987392,737.96628,144539.817493,6.33047342672,1.0,[M+H]+
1367,241.198364337,762.83736,50848.3235299,8.45567458319,10,
1368,241.661437653,314.021766,182307.990343,5.36260289856,10,
1369,241.959596382,400.9338,96595.961896,7.46687590013,10,
1371,241.999333019,33.4445688,1244187.04976,2.52313943104,10,
1374,242.035048824,33.333342,275093.193701,8.30158526844,1.0,[M+NH4]+
1376,242.094937788,157.318134,138305.812906,6.62834673629,10,
1378,242.104314119,651.26226,100828.018034,7.60733197998,10,
1379,242.120236443,342.80439,133859.929507,10.0483654505,10,
1771,259.167989546,571.874148,235787270.58,1.61309942785,1.0,[M+NH4]+
3380,310.168001062,380.27379,239437.788469,8.32650013717,2.0,[M+K]+
1385,242.948505348,33.4445688,784572.97112,8.37663977759,10,
1386,243.026280264,32.4879192,646236.323769,5.36943517235,10,
1817,261.053971812,96.341778,124535.450633,3.23507534902,1.0,[M+H]+
1390,243.081775029,1709.16516,4271644.5063,13.5692353483,10,
1391,243.08718269,382.199445,92619.7043094,8.24936742714,10,
1392,243.087146706,493.544994,965947.478517,3.50794916649,10,
1393,243.09683583,120.809664,437235.391693,2.06357060565,1.0,[M+H]+
4504,341.072901095,687.38433,216545.165404,4.97910673332,2.0,[M+K]+
1395,243.089052671,357.795768,16819.7047731,6.58593704543,10,
2355,279.169523042,549.370098,2820248.4309,2.75840090857,1.0,[M+H]+
1403,243.152710294,380.149398,20891.1247727,9.78997293235,10,
1404,243.182808414,44.232009,17627423.2908,1.75275492249,10,
4901,351.988561217,38.4902898,942811.844266,8.64989821217,1.0,[M+NH4]+
1407,244.04812047,32.4926355,310677.932524,10.0657307683,10,
1408,244.078489485,499.538838,17101.6220363,11.9246719295,10,
1409,244.09659529,33.7052745,697463.535773,4.40226430429,10,
1410,244.090290639,493.544994,107082.285119,6.19516074775,10,
1411,244.107409347,176.990514,194081.618286,7.90008456528,10,
4604,343.153036366,211.842354,459091.064519,3.56469967931,1.0,[M+NH4]+
5190,358.14547593,33.1285062,697237.809751,8.2154307656,2.0,[M+Na]+
1415,244.136608715,109.092291,595533.410139,3.59038609492,10,
1416,244.136523602,127.580604,712411.484915,2.47938070205,10,
1419,244.164952143,41.3881323,92443229.0033,3.02802353873,10,
9879,502.260800659,43.0612854,14720968.3943,5.30386541121,1.0,[M+H]+
1422,244.209472158,415.528899,47324.1845097,13.1459280352,10,
1423,244.201339729,454.762908,2627179.41671,2.72458058647,1.0,[M+NH4]+
1424,244.262903091,898.52925,21418585.2722,1.90330964768,10,
1425,244.262934715,882.45489,11168073.0748,2.18166279397,10,
1426,244.262904309,921.11625,10204524.0063,3.30206849764,10,
1427,244.64807521,290.83488,181862.693383,8.52781230787,10,
9481,488.306745911,106.741785,10910475.1845,1.03468989527,1.0,[M+NH4]+
1430,244.953298444,1604.49243,1334078.48296,2.82571439832,10,
1431,244.953548895,34.9917165,2212063.83655,10.3821808406,10,
1432,245.044231377,32.9141325,3268564.75938,0.801592271001,10,
1433,245.059229983,100.820541,3279997.07279,4.34600193264,10,
1434,245.050538896,183.862716,5166296.9505,1.59776496697,10,
1435,245.076059235,60.343953,1175631.45312,13.1086827495,10,
1436,245.084928057,499.735089,29030.8951556,6.48168304594,10,
1856,262.117896048,214.558092,5549550.54909,0.462405017701,1.0,[M+NH4]+
1438,245.094813967,169.831809,2293261.48944,3.43232641143,10,
1439,245.120802646,62.059209,140547.075227,9.13246689615,10,
1905,263.148237621,332.899272,103381.422508,5.29508872435,1.0,[M+H]+
1443,245.150592606,601.30644,41708.4542005,6.52375386574,10,
1444,245.185402832,248.18484,35779827.575,1.19371804543,1.0,[M+H]+
1446,245.185387413,139.044132,29770887.628,1.78874494527,1.0,[M+H]+
1447,245.18532458,180.9834,15129556.9683,1.41480964849,10,
1448,245.185360846,211.927536,149576665.93,0.52185941093,1.0,[M+H]+
1449,245.185288842,452.374698,3783823.89939,3.46699655203,10,
1452,245.202623949,162.558888,53526.4491217,8.11432624584,10,
1453,245.200823603,836.84808,350296.47514,5.0005649078,10,
1454,245.207678362,1606.06212,162443.154733,9.61741281427,10,
1455,245.266206191,898.48674,3415331.93554,1.14119668552,10,
1456,245.641787783,275.086236,24593.9446155,9.82706083071,10,
9552,490.301200696,357.819714,12524534.1451,2.30204874491,1.0,[M+NH4]+
1458,245.65438089,313.679886,122463.573465,8.86801959584,10,
5297,360.985712952,33.3888417,793112.459188,14.6672467497,1.0,[M+NH4]+
1461,246.009835762,69.200667,380723.592791,10.6537746931,10,
1464,246.078829543,313.10469,37190.9117104,13.9671413367,10,
1465,246.08096779,488.982402,16668.8277724,7.59139421737,10,
1466,246.090020569,64.611078,8849854.60847,13.3943291163,10,
1467,246.092383265,109.092291,300947.655359,2.33117797435,2.0,[M+Na]+
1468,246.09014991,135.118167,2079471.56789,2.82362237868,10,
1471,246.123131867,234.128172,175094.205619,6.58592692757,10,
1474,246.144230528,47.3022942,39410875.3748,9.03589193411,10,
4026,328.191467116,277.686225,506314.433082,10.6207857622,1.0,[M+H]+
1477,246.180653675,37.7126868,35959899.5839,2.38522047495,1.0,[M+H]+
1478,246.18059552,176.199747,11287979.0913,4.08160697929,10,
1482,246.191848342,1603.6656,36236.8710708,14.5712591651,10,
1484,246.19975624,64.15704,96742.8515131,13.0416258964,10,
1485,246.216794475,335.051898,78063.6315626,11.2714331625,10,
1486,246.911810072,35.7099486,4071951.80461,3.65433462007,10,
1487,246.922798198,1606.08306,2629106.23257,3.18324437457,10,
6949,404.972524926,34.7257599,856091.821426,4.34193477909,2.0,[M+Na]+
1491,247.003574027,34.6681575,9103518.3516,6.50398544788,10,
1492,247.039477576,493.724583,205846.58035,4.55197549631,10,
1493,247.045006081,38.8649484,1072329.13765,5.65843789843,10,
1494,247.047364725,122.404632,45077.0067939,13.0826465517,10,
1498,247.082135595,105.677064,59163.5061551,14.990025259,10,
1499,247.090934246,457.19706,86224.986562,2.03127310023,10,
1500,247.107147847,607.99422,495780.774333,3.96049728199,10,
1501,247.106990982,521.204436,89736.1283688,4.05093737651,10,
1502,247.127317795,496.770192,379211.390488,2.56751876056,2.0,[M+Na]+
1503,247.128123036,269.919132,110121.645049,9.10927500182,10,
1505,247.143455744,328.739892,1271198.15984,1.59477679996,10,
1506,247.172902072,374.508228,182297.382424,5.01071893655,10,
1508,247.175838408,238.315956,425429.842305,2.11571046097,10,
2233,275.204513189,463.05144,68263.9375417,4.65506779025,1.0,[M+H]+
1512,247.237428329,533.682867,41528.9669813,14.9940425392,10,
2958,297.987795049,1604.12472,502830.504789,3.23184285213,2.0,[M+Na]+
3743,320.004790821,33.4445688,489280.014811,10.4720000492,1.0,[M+H]+
1515,248.004378345,34.4033205,1001591.7407,7.31250812959,10,
1516,248.021588335,75.378966,363063.03799,2.97164631164,1.0,[M+H]+
4682,345.993537708,50.0528187,481204.714715,14.2005531157,1.0,[M+H]+
1519,248.042573613,97.023534,59332.619334,6.53608767444,10,
1521,248.07611931,100.243293,4141428.96682,1.79792740303,10,
1524,248.086048407,134.733078,68283.4716862,4.3058925446,10,
6138,382.209206529,541.571868,54068.8023329,8.43182043645,1.0,[M+NH4]+
1528,248.130926074,453.172179,562091.519609,3.79657050343,10,
1529,248.146903118,328.76151,189103.308406,5.5923628215,10,
2764,292.168061397,520.511121,243019.837915,1.68496386691,1.0,[M+H]+
1532,248.207362141,39.1801392,711299.39613,6.08945540637,10,
1533,248.211410363,395.295102,51175.5589086,10.0529062748,10,
1536,248.965671411,34.8296556,3241077.25807,6.21837493647,10,
1537,249.026963472,69.111645,485808.985082,5.02452255271,10,
1538,249.034932664,35.3174667,1553739.43112,2.94824983882,10,
9158,476.174356257,552.394008,222639.995517,6.11426675915,1.0,[M+NH4]+
1541,249.072755187,287.62593,262301.136926,6.59825827488,10,
1542,249.078376916,405.145476,513611.589486,3.84140387219,10,
1545,249.126097696,73.097397,13166604.6339,3.57235206212,10,
1546,249.134068168,328.038015,2861074.59888,13.1377643499,10,
1547,249.14790906,655.53813,20026452.8166,2.67729441902,10,
1548,249.156649361,255.875649,291978.303334,6.33681240583,1.0,[M+NH4]+
1549,249.156632568,295.724127,1580789.88211,4.54962196173,10,
1550,249.182756037,825.27843,288362.471397,10.9337558087,10,
1551,249.216520427,41.5975428,208462.232898,7.84789284418,10,
1555,250.018952913,77.72946,159355.075085,3.877667091,10,
1557,250.024865697,29.1989772,41050.0685537,14.9149886969,10,
1558,250.056572186,79.897776,250086.71934,4.32233988798,1.0,[M+NH4]+
1562,250.092884066,249.239025,207406.4633,10.9977962655,10,
5958,377.213065238,95.594064,106661.00717,2.06763415906,1.0,[M+NH4]+
1565,250.110183931,419.636583,41427.7075829,5.82347443774,10,
1566,250.110225891,540.066348,20032.3493396,9.14232058044,10,
1568,250.121420873,76.717089,142784.224986,10.6297502678,10,
1570,250.151143893,912.11103,104159.321878,5.25553290814,10,
1574,250.172462809,466.723068,15136.5437795,3.46950976083,10,
1576,250.867409623,36.8684688,1193207.46339,8.54421505599,10,
1577,251.003591309,277.521726,342357.009307,7.59163267746,10,
1578,251.031664224,503.904681,34402.2438106,4.05188349155,10,
1579,251.030043136,37.9199511,4066292.05489,7.95067796968,10,
1580,251.031632034,448.445961,52537.9704371,11.5865640658,2.0,[M+Na]+
1581,251.04907617,79.732275,111914.170914,7.83975226564,10,
1583,251.067379533,392.36355,51176.4366999,6.15677843143,10,
1585,251.084922414,34.3459038,4601966.45726,5.50307370466,10,
1586,251.07679463,156.26007,591600.002315,2.51740321365,1.0,[M+H]+
1587,251.094217123,419.303652,452359.218031,3.19502890689,10,
1588,251.088399806,548.271606,20023.6904134,11.1843134521,10,
1589,251.094154491,369.25239,86133.8805316,4.7485400476,10,
1590,251.105331726,463.231038,108475.462568,1.11861937183,10,
1591,251.101910007,499.548588,148638.64536,4.52271149729,10,
1594,251.124651296,374.508228,1644773.35829,3.05732007765,10,
1595,251.121783448,73.490496,440050.572472,7.90026372209,10,
1596,251.13834262,323.672616,31106747.8759,1.51959174009,1.0,[M+H]+
1597,251.141727458,520.511121,1188630.44701,1.00165529068,1.0,[M+NH4]+
10985,543.301455259,465.159504,33544.9240363,7.76043343655,1.0,[M+H]+
3999,327.215772805,782.27931,10393382.6356,2.78671200571,1.0,[M+H]+
1603,251.211006651,565.453725,1003733.78634,2.77024485892,1.0,[M+NH4]+
1604,251.633991357,44.5366596,395272.25004,9.80304133023,10,
1605,251.977805435,1602.13575,100841.738713,10.9420062035,10,
1607,252.025206408,506.084136,52949.6528504,11.2616052059,10,
1610,252.063366076,438.920022,326885.396718,1.67940894194,2.0,[M+Na]+
1612,252.080189456,156.462438,38424.7211731,12.7721177028,10,
5552,368.180676677,392.444235,4428424.50572,2.82401856007,1.0,[M+NH4]+
6335,388.18317099,374.965164,2018402.5537,1.55055009721,1.0,[M+H]+
1617,252.12590389,461.247438,100362.006696,7.30864269384,10,
5487,366.10275523,615.51897,39617.364142,9.57035945623,2.0,[M+K]+
1619,252.131152847,93.411906,1052797.29925,1.35061943633,2.0,[M+Na]+
1621,252.156333696,465.528072,863390.983549,0.957510566894,1.0,[M+H]+
1622,252.169914243,63.838296,229534.992217,13.3489504769,10,
1623,252.170045182,201.300726,522724.786241,6.00473445641,10,
1626,252.663556945,398.558106,109635.693933,3.42598096544,10,
1630,252.980751308,1602.15522,21624.4909527,7.64502363997,10,
5661,371.093033728,404.448726,153265.382237,9.06999473835,1.0,[M+H]+
1634,253.047315686,451.310115,36123.6638286,11.6954865108,10,
1635,253.046625112,87.918525,72093.0065749,8.84677380627,10,
1636,253.046555356,424.249926,37812.9119694,9.80759504728,10,
1637,253.047420146,550.624416,25616.5041193,9.03178801237,10,
1638,253.057771671,164.86524,45145.7804171,13.9404792389,10,
1640,253.082413431,34.190439,600870.14876,3.97671277209,10,
1641,253.092573824,134.779797,700171.19366,1.92729967029,1.0,[M+NH4]+
1642,253.117617975,99.721344,37994500.3587,1.31556388973,10,
1643,253.128866355,47.4038256,20053354.6965,2.42740919339,10,
1644,253.12918104,501.385449,34448.3840356,3.99668995584,10,
1648,253.157463136,570.376236,14660735.9971,2.52627184195,10,
1650,253.17475037,143.110068,1399826.71469,7.40000755781,10,
1652,253.21158193,42.9069825,2401718.15893,5.0927792586,10,
1653,253.657170633,355.415412,106244.377794,12.1787424917,10,
1655,254.008712981,80.063094,468405.0703,2.7330772676,10,
1656,254.0182647,36.6747378,1435391.00465,7.59680563253,10,
1657,254.03579153,57.9801495,3963832.59267,10.2809976666,10,
1659,254.087686994,93.241029,55988.5609426,2.81637053327,10,
1661,254.095806585,135.0717,36748.6292501,14.0485713367,10,
1662,254.105840654,336.393867,60378.0396281,7.6798294605,10,
1664,254.114497539,395.170344,365570.997498,2.97674477016,10,
2095,270.120682519,289.889745,585410.720019,2.24639680354,2.0,[M+K]+
3373,310.138846602,144.817488,3138194.28151,2.27903864506,2.0,[M+K]+
1669,254.18565531,271.817778,9232705.65213,2.26316250078,10,
1670,254.18568079,287.54724,1572366.70595,0.875887337962,10,
1671,254.178266325,142.217076,54355.4765926,2.50190688724,10,
1672,254.229957036,632.02698,20212.552382,9.81760624232,10,
1673,254.646778257,274.465872,87117.5674272,11.2680002765,10,
1674,254.854033556,34.9917165,83853.1289653,10.3236318972,10,
1675,254.854094206,1601.41584,119609.298189,13.5535976203,10,
1677,254.982240534,35.3174667,7684163.84819,7.5637056234,10,
1678,254.995091298,30.4133805,1668976.75866,12.331165229,10,
7132,411.036068549,493.724583,189024.659737,6.0227140918,2.0,[M+K]+
1680,255.058648058,36.9775767,1731289.93125,4.74411176261,10,
1681,255.062999392,552.485847,7675828.09809,10.2398408092,10,
1684,255.096844749,52.0510998,108011213.79,1.38782177884,10,
1685,255.118216441,56.8774503,16308591.5597,4.05183165515,10,
1688,255.136351755,507.006708,32483.1489721,3.17246375367,10,
1690,255.148668876,791.00925,45148.2865754,8.36624589273,10,
1691,255.158348163,496.588881,5669856.07332,1.71123532875,1.0,[M+H]+
1696,255.169581679,459.798933,1292589.70214,2.2305420479,10,
1698,255.213948421,651.41127,96614.1161588,7.61740111513,10,
1699,255.213951332,521.179842,67950.3073203,11.4088918261,10,
1700,255.21716544,590.947644,62522.1788559,6.02431218071,10,
1701,255.988667158,1796.4039,928466.77038,11.4153010166,10,
1702,255.988640282,1781.2098,896622.653274,12.0441235032,10,
1703,256.015008099,33.3376458,2884259.82713,3.60060015793,10,
1704,256.033851416,154.700436,37406.6350201,14.5158425471,10,
1705,256.057461253,105.556221,100990.914859,10.7144560255,10,
1710,256.105213751,113.263527,266698.154741,2.60169525453,10,
1713,256.157003043,659.01414,214107.323984,6.77496616176,10,
1715,256.165102526,37.9314822,500692.63475,6.98161100161,10,
1717,256.226438271,834.88821,2611869.50749,5.11081523748,10,
1721,257.015697996,33.3888417,678766.870726,9.96550481882,10,
1722,257.021339599,489.0192,147326.440316,2.45377809941,10,
1723,257.055669083,36.9775767,542291.068861,4.78988188762,10,
1724,257.058281991,121.713006,23369.0649252,7.32930728337,10,
1725,257.075434778,392.291898,23643.8618281,5.32355182883,10,
2467,283.102855187,118.265601,1045403.76744,1.11774266819,1.0,[M+H]+
1728,257.10261641,458.566005,285961.764319,1.82707206041,1.0,[M+H]+
1731,257.139437297,431.000271,375324.406557,5.64130873414,10,
1733,257.221548962,614.36355,809386.60863,3.09886515642,1.0,[M+H]+
1734,257.931727527,29.0455236,457818.288211,3.64493627905,10,
1735,257.954415563,400.9338,170081.545576,6.88612160344,10,
1737,258.012709777,33.3888417,1052794.10366,5.04195812023,10,
1738,258.042624584,78.065274,137690.790442,6.35612861092,10,
4672,345.186055444,57.9191661,11985861.2114,1.40619289772,1.0,[M+NH4]+
1741,258.106050747,458.455605,27094.6439917,5.2042368166,10,
10815,537.193859757,37.4962854,5389614.61653,7.31654227473,2.0,[M+Na]+
2226,275.13822378,657.48627,5190953.51118,2.20035136223,1.0,[M+H]+
1744,258.115347872,509.590236,53983.9859154,12.8760739155,10,
1746,258.144173002,320.183016,85579.8339638,14.1426820214,10,
1748,258.15930331,396.933024,26147.4370922,5.06124555878,10,
1750,258.184752098,698.16804,62639.8912252,5.72420424786,10,
1751,258.197720178,162.599121,92348.817422,5.25228019849,10,
1752,258.216909032,594.443607,3133196.82557,2.0175114797,10,
1754,258.659980642,156.462438,217925.323706,3.35869341647,10,
1755,258.898623008,37.5462903,4702490.15175,4.28878331759,10,
1756,258.973800828,400.867674,36323.2706795,9.49258949258,10,
1757,258.997352432,33.3888417,6091718.58376,5.73011372133,10,
1759,259.06375899,35.4863739,1434360.96616,9.20592795116,10,
4504,341.072901095,687.38433,216545.165404,4.97910673332,2.0,[M+Na]+
1763,259.104515068,421.977645,151751.028885,6.30282117927,10,
1764,259.104800012,358.474644,191285.794432,4.69221026678,10,
1766,259.118596385,440.868558,22725.5018334,8.75148877454,10,
9550,490.300989827,313.147074,716432.260765,2.10703142972,1.0,[M+NH4]+
1768,259.125953694,35.0500689,4851690.40003,7.02599614787,10,
1769,259.143540627,599.581893,1752355.69415,1.0052033414,2.0,[M+Na]+
1772,259.177664298,594.855432,94775.0362142,4.3815578513,10,
1773,259.209028165,590.42568,35958.0552665,12.4718363544,10,
1774,259.200432129,817.51899,38378.2350504,10.9722627298,10,
1776,259.209629146,769.01994,29672.6644753,4.715324666,1.0,[M+NH4]+
1777,259.212085112,289.729506,43564.350781,2.56985734947,10,
6277,386.311300765,486.814074,30658.9483467,14.9244895392,1.0,[M+NH4]+
1779,259.237429409,454.889061,30872.4975291,9.46743105487,10,
1780,259.23734652,494.41314,126667.521208,6.32049933422,10,
1781,259.915040717,38.4399693,548805.996827,12.8003321447,10,
1783,260.019258225,612.39327,39412.5758549,4.05978942582,10,
1785,260.058056231,212.100405,9005409.01113,0.327365228374,1.0,[M+H]+
1786,260.07105324,504.268956,261971.77548,4.0004444923,10,
1789,260.094358118,53.9379159,4312774.07811,1.96724604866,10,
1790,260.102211411,437.700318,12425.919914,8.63974746156,10,
1791,260.114712327,143.336514,87021.9206291,9.62038114408,10,
1793,260.138643538,354.013086,322749.265758,4.10244491041,10,
1794,260.159840041,48.9494553,79255921.8266,1.19765726341,10,
1796,260.172027336,782.06844,38135.7044878,9.70380182962,10,
1797,260.184959228,364.077654,6232344.67149,2.36102540271,10,
5870,375.181743736,589.370676,52373922.2846,3.31334974274,1.0,[M+H]+
1799,260.196148027,56.7723477,173803923.909,1.16343658622,10,
1801,260.192964831,490.530828,18521.2140189,13.9031905673,10,
1802,260.207388293,122.878413,1167538.19751,3.96110942671,10,
1803,260.215359949,334.62051,20379.4190179,7.19535187793,10,
1804,260.232524434,533.544693,399398.842212,1.57619959721,10,
1805,260.236530042,1126.42032,1452964.133,1.91509943534,10,
1808,260.949103703,1601.78613,27890.8371504,8.67225065206,10,
1811,261.018306325,180.818904,123189.91822,11.5247066222,10,
1812,261.032167774,432.140301,89371.328317,8.25277779485,10,
3715,319.084536497,523.928931,135447.233723,4.85146094277,1.0,[M+H]+
1814,261.036447621,31.5388215,1141696.43755,4.74230221221,10,
1815,261.039715204,368.558598,145744.41659,5.75280813431,10,
1816,261.051722277,385.671816,77684.8396653,5.34384951773,1.0,[M+H]+
1818,261.053943525,54.2998521,2321128.12874,5.08873559056,10,
1819,261.051583615,489.047328,88992.8455981,6.57627642576,10,
1820,261.053907344,184.002189,1540281.85009,5.3676184609,10,
1824,261.102924099,503.222328,23928.6303079,5.03480603722,10,
1826,261.132092507,371.722065,193229.874034,11.5906635529,10,
1828,261.143769748,62.102082,57689740.0946,3.41696201578,10,
1829,261.141889059,353.981052,35083.1084305,14.7074136346,10,
1830,261.143741827,318.603822,2202215.64299,1.78643002233,1.0,[M+NH4]+
1831,261.170255222,522.44205,106468.570585,2.56429041973,10,
1832,261.163065061,48.9933933,9293720.45404,3.8366969708,10,
1835,261.191219574,191.651211,606867.153156,3.46688314364,10,
1836,261.190829558,568.06611,29273.038345,6.90933420742,2.0,[M+Na]+
1837,261.199604409,315.687885,88855.1581675,3.48065890884,10,
1839,261.216392926,395.170344,210038.151076,3.52561856855,10,
1840,261.236039164,533.504586,38914.9981762,8.0509933934,10,
1841,261.253006246,597.076677,648959.37449,7.4583003879,10,
1845,262.04026041,61.578018,100954.400962,11.4757224796,10,
1846,262.037388521,44.027013,340832.357222,8.67985254441,10,
1848,262.067233085,125.092857,1282593.13774,2.00908303867,10,
2336,279.070965141,40.0160991,1234014.10351,0.464571122321,1.0,[M+NH4]+
1851,262.067990455,504.268956,104367.831018,2.23231673167,10,
1852,262.072574064,64.15704,151426.479519,3.57991244206,10,
1853,262.075146167,599.652861,61418.4630861,11.6131103113,10,
1857,262.117934377,176.990514,8577978.98449,2.60122023108,10,
1858,262.118247325,601.27902,34480.7464078,5.71944137117,2.0,[M+Na]+
1859,262.121264315,61.201044,138972.945772,7.59046923035,10,
5821,374.212716643,42.2754783,2394596.72247,11.0538956791,1.0,[M+NH4]+
4289,335.23203267,962.60226,7764918.49645,2.62006054472,1.0,[M+NH4]+
1863,262.146419373,448.055178,38016.8507546,8.63544132425,10,
1865,262.14715656,157.116576,30032.482293,2.49502118056,10,
5533,367.224666594,479.765697,106772.958773,12.0005458384,1.0,[M+NH4]+
1867,262.150390799,37.3031058,2020679.02162,0.996444387491,10,
1870,262.192522678,300.78051,30113.7311858,10.0004332547,10,
1871,262.211801757,445.235046,21746.0684943,12.162188037,10,
7383,417.258530435,606.60168,1241641.30252,3.33503091008,2.0,[M+K]+
1876,262.885656228,36.0316389,1250433.85522,8.94747301873,10,
1877,262.896693317,1606.24425,3827994.8195,1.7660118609,10,
1878,262.924433875,1604.2029,661805.387787,2.86194147201,1.0,[M+NH4]+
1879,262.924653133,34.7257599,389314.389416,10.0395320345,10,
1880,262.976584789,1701.02814,578430.500209,5.95878040297,10,
1881,262.981507417,1605.28524,1393872.45613,8.97617044919,10,
1882,262.997217472,1604.33385,272857.690165,9.36351594107,10,
1883,263.011592087,302.844384,29204.0218372,13.1765266485,10,
1886,263.03701529,324.46746,92522.5500227,6.68248946219,10,
1887,263.039353959,403.84476,36421.9429794,9.15068003393,10,
1888,263.060960648,109.260786,37094.8964835,10.5575294935,10,
12128,584.17067708,99.721344,1170269.39838,10.946575521,1.0,[M+NH4]+
7332,416.157359243,445.026747,80452.1108501,6.6920109399,1.0,[M+NH4]+
1891,263.095416324,347.581275,6902309.14218,1.89098515895,1.0,[M+H]+
1892,263.101720853,75.047649,170257.910301,11.9261255042,10,
1899,263.14151027,399.469575,250331.781219,8.34117642413,2.0,[M+Na]+
1900,263.141809416,133.935171,27871296.771,1.63409205955,1.0,[M+H]+
1901,263.138297222,303.155448,136395586.359,1.4612169066,10,
1902,263.138237452,155.378511,8374078.80641,1.2411251019,1.0,[M+NH4]+
1903,263.149505638,184.021281,8842468.16835,1.81601296822,10,
1904,263.141797343,539.701971,44273.617074,7.55102133498,10,
1906,263.142521459,32.8072848,2261256.85252,2.48932543814,10,
1907,263.159188394,163.94595,216760.38388,5.5699669921,10,
1908,263.1781408,501.019956,51725.903609,4.18964058451,10,
12751,607.306330604,762.7857,80617.0084133,5.95471312914,2.0,[M+K]+
1910,263.180361042,737.94846,73638.87018,8.91330656787,10,
11761,571.379902901,350.268459,74630486.1576,1.95124126664,1.0,[M+H]+
1913,263.23197436,521.512398,69120.616015,5.64040366396,10,
1914,263.240438832,608.1126,722415.884581,6.23690033686,10,
1916,264.053618183,100.505847,30799546.566,2.1011693022,10,
3866,323.107955025,54.042267,5472437.25,5.57702865041,1.0,[M+NH4]+
1919,264.083623927,551.37558,149045.366808,11.1100694376,1.0,[M+NH4]+
1920,264.083445482,412.052616,21578.0355869,14.5922151787,10,
1921,264.124012902,215.169834,37272.3763743,9.85907061729,10,
1922,264.124937035,579.967047,3148352.34245,1.27074586163,10,
1925,264.138440354,81.047778,201590.164869,5.40532343419,10,
1926,264.141617582,303.61086,20457526.9068,2.13023472518,10,
1928,264.156499473,674.44296,45316.0652346,6.38525569926,10,
1929,264.169893484,311.939082,1993782.64953,1.61431084461,1.0,[M+H]+
7797,430.254097263,511.621122,127292.601227,8.26100566423,2.0,[M+Na]+
1932,264.191006323,435.189996,25770.660077,11.669444817,10,
1933,264.192837114,677.2965,95616.2311416,6.62558577665,10,
1934,264.682300743,346.574154,79712.3897259,3.7538492914,1.0,[M+H]+
1936,264.972235906,36.9775767,696610.559119,8.77478159755,10,
1937,264.994238846,1604.17467,122626.26881,13.9202416856,10,
1938,265.004377876,69.111645,1971988.87925,4.15999025634,1.0,[M+H]+
1939,265.008667763,35.259162,870199.976459,6.31971688105,10,
1940,265.018743044,277.664667,82849093.5028,2.33989525594,10,
1941,265.015360394,33.4445688,1203561.51636,9.42652115763,10,
1942,265.026219175,504.092334,99815.4791884,2.15452702044,10,
1944,265.046649862,256.395711,37521.9265393,3.49276421936,10,
1946,265.046604376,287.62593,286641.031628,7.52248234064,10,
1948,265.069042272,493.379961,135488.887292,5.66500632742,10,
1949,265.069036045,37.9199511,30331501.1855,3.81307434514,10,
7407,418.174467019,127.415106,3141713.39602,5.55322028761,1.0,[M+NH4]+
4518,341.169919992,109.429725,8513505.80156,2.67619904981,1.0,[M+NH4]+
1954,265.120850724,541.980348,66396.6295767,5.19170045868,10,
1955,265.128790102,314.842611,7846134.29205,0.912554606128,10,
1956,265.130547023,295.626258,840035.836389,0.707121686125,10,
1957,265.128764939,48.879528,243398.8709,6.87595601741,10,
1958,265.137054262,161.329092,228158.347657,9.60051842503,10,
1959,265.153964915,238.953723,19129509.0972,2.27510024715,1.0,[M+H]+
1960,265.153985267,210.318663,7119926.13789,1.47879386751,10,
1962,265.187989213,558.66222,78269.3457153,6.36594895571,10,
1964,265.211335658,41.6448525,839755.622093,3.76142003467,10,
1967,266.018436574,50.6927652,674405.788845,2.51089706269,1.0,[M+NH4]+
1972,266.074018372,51.1675818,23429546.2581,3.16671230711,10,
1973,266.094506218,347.279151,27442.792653,9.9974695951,10,
1974,266.106406748,489.59001,177761.527787,3.47267628505,10,
1975,266.116218456,76.885587,60482.9049111,3.81124248805,10,
1977,266.120278408,427.067151,76353.6395543,2.71353685408,10,
1978,266.13388633,295.847478,90217.3438089,14.8023400413,10,
1980,266.146797904,39.3852207,21101211.0034,0.738847014845,10,
5629,370.161613104,410.507916,204212.336451,3.80597048555,2.0,[M+Na]+
1983,266.158592201,39.2868174,4605698.62071,4.13468755902,10,
1985,266.221920564,544.762419,10138823.1528,2.15576896295,10,
1986,266.648916118,45.9263184,676665.694786,6.23873864206,1.0,[M+H]+
1987,266.660268162,604.07142,50502.0750969,6.12114424988,10,
1989,267.012892941,33.4445688,355086.314907,10.7461379724,10,
1990,267.023285582,503.923704,28293.2584843,7.35687826612,10,
1991,267.041812999,550.923318,149079.372938,4.4754773694,2.0,[M+Na]+
1992,267.042928972,507.371397,25223.4146758,9.13084459902,10,
1994,267.057937543,59.8687689,1593429.77199,9.05476755742,10,
3789,321.074892531,109.429725,184542.925159,5.86334006829,2.0,[M+Na]+
5453,365.03992701,531.41556,154052.738961,3.62868641967,1.0,[M+H]+
1997,267.06307051,603.69618,45842.22382,5.1990389635,10,
1999,267.076627983,169.059588,225147.054922,1.1000376099,10,
2000,267.090283423,288.15093,723179.622081,9.83910958319,10,
2003,267.107776398,145.97121,3132983.12762,14.0885082458,10,
2004,267.133234668,114.536604,9015825.2534,0.840172546338,10,
2005,267.133193724,84.699654,12810119.8999,1.34316149404,10,
3419,311.176356518,236.316537,568186.418164,5.96522100695,1.0,[M+H]+
2007,267.140337543,133.766043,786492.662923,7.25324022989,10,
2008,267.146145533,499.735455,37368.1815315,4.88334805741,10,
2012,267.158381333,520.832712,4989630.9873,0.938726882806,10,
2013,267.171275925,905.31624,8409159.34024,10.7710452968,10,
2018,267.162366954,39.2868174,462344.560216,14.2428352064,10,
8464,451.217660141,210.286704,186216.205464,8.07902223551,2.0,[M+Na]+
2021,267.218932176,544.21872,61428.3800206,7.33888996833,10,
2024,267.997461788,33.0770646,6701658.78386,2.28185041421,10,
2025,268.014596438,103.381662,139729.62707,9.53432655385,10,
2028,268.057468141,270.410988,33088.9962856,10.4141851876,10,
2031,268.093722302,82.30368,56588.887177,6.52877274886,10,
8190,442.217382717,240.778524,74284.0154744,2.78416133526,1.0,[M+NH4]+
2035,268.120676189,474.920172,474441.269821,4.22599836738,1.0,[M+NH4]+
2036,268.120624714,355.945956,54454.7330851,8.81271874235,10,
2037,268.136570921,114.536604,1241922.08214,2.21616283365,10,
2038,268.130125899,327.334518,2015652.7732,1.87618811767,10,
2040,268.125959022,158.925066,142775.38726,6.1466394592,10,
2043,268.143819859,433.866456,66697.2124528,10.2471748739,10,
2048,268.161752664,912.2496,134050.331635,6.09207754428,10,
2050,268.168167082,504.623205,261572.895727,7.10777151181,10,
2052,268.162449396,38.2345749,6759587.9442,3.23196055873,10,
2054,268.201231955,492.30945,157113.896662,5.48094247635,10,
231,151.954220501,1601.4516,108202.602508,11.3574058205,1.0,[M+NH4]+
2057,268.997613397,1605.28524,71340987.7672,1.98867305234,10,
2058,269.021200072,451.302789,53676.9806107,5.99743953477,10,
2515,285.015896366,456.717504,47545.3544187,8.66593187926,2.0,[M+K]+
2061,269.046457287,33.4445688,296969.430121,10.8542452633,10,
2062,269.040477327,438.964548,13731.0339651,11.4925739581,10,
2064,269.078602802,581.506539,28613424.8919,3.6452959648,10,
2067,269.109980544,40.4420142,3067875.59512,3.48422965401,10,
2069,269.123939731,240.882855,18541.3487689,12.2883510912,10,
2072,269.146353737,736.02792,11564.8339135,12.9106208396,10,
2073,269.152289662,400.384443,89489.4430747,12.5209023411,10,
2074,269.159943173,71.673336,29063788.2435,2.30200424687,10,
2075,269.160022337,52.1557035,22506427.1208,2.71363157421,10,
2076,269.152278186,483.088452,158946.24122,2.13803580495,10,
2078,269.164344696,871.81698,47647.9657574,8.32976109327,10,
2080,269.20807156,905.76546,899725.731398,2.29027136415,10,
2081,269.232564744,658.64073,65716.0375684,14.8318480405,10,
10817,537.236190296,513.073023,109304.327033,7.65917838174,2.0,[M+K]+
6124,381.697294523,247.401864,386701.631326,3.33700146355,1.0,[M+NH4]+
2084,269.982567698,79.897776,133514.138487,8.62581445016,10,
8036,437.056372034,50.2037949,348030.800547,11.7288815541,2.0,[M+K]+
2088,270.034700859,439.184184,13874.1279734,13.5683451375,10,
2089,270.057472212,50.2603275,1244488.41562,4.41305890732,10,
2092,270.093061183,33.0166584,760752.727705,6.63896372075,10,
2093,270.099774156,305.306256,114100.875494,8.93165137365,10,
2097,270.136021436,417.129534,44013.6471279,12.7605798431,10,
2098,270.172407684,681.69996,1830134.82788,1.55297149638,10,
2100,270.27835637,1088.01486,3986076.26556,3.84361123509,10,
4037,328.331277483,1011.10902,527734.104551,4.02031143995,1.0,[M+H]+
7654,425.94556757,29.294808,56782.5037462,11.3263719228,2.0,[M+K]+
2104,270.976659171,37.6056948,1138578.24853,6.23267555064,10,
2107,271.057114522,281.877933,65227.4913721,9.49387202886,10,
2109,271.057961881,445.026747,45748.0253212,10.8300882237,2.0,[M+Na]+
2110,271.076995514,37.5462903,48923581.8918,2.66912741911,10,
2111,271.085601418,520.837596,57557.5670213,8.8574075792,10,
2115,271.114502021,455.546694,133564.461212,6.68328247282,10,
5326,361.211066664,786.63927,29109.8535238,8.80668033446,1.0,[M+H]+
5284,360.259597176,464.689791,3815426.39191,2.60948449592,1.0,[M+H]+
2118,271.167944074,504.629952,41849.4605498,3.44119698516,10,
10942,541.344555291,272.516526,5362737.92057,3.05798221281,1.0,[M+NH4]+
10944,541.369581791,356.088207,3520723.16203,3.93802636831,1.0,[M+H]+
2127,272.02211665,493.34946,45698.2585781,4.29231215056,10,
2128,272.028042821,33.333342,1086575.33255,7.07656179289,10,
2131,272.054859634,33.021153,167962.840218,3.90121108245,10,
2134,272.091757182,493.724583,42973.2605759,14.1419955947,10,
2135,272.099051424,57.0926718,3430056.87721,1.92943729291,10,
9968,505.260563745,135.964863,25897802.934,4.69019293217,1.0,[M+H]+
2139,272.118696814,289.794126,31654.107327,5.14626882988,10,
2140,272.13073237,430.252125,603725.149527,8.1913851281,10,
2141,272.141908258,317.110272,101627.295549,8.94094141436,10,
2142,272.152065037,540.953028,105763.463612,6.2277456796,1.0,[M+NH4]+
2143,272.152057187,481.9923,79067.3338689,8.44387251538,10,
10984,543.298785554,42.95442,726837.625271,7.08626583096,1.0,[M+NH4]+
2147,272.165113063,225.220344,1294246.71297,3.47136518773,10,
2148,272.164863549,267.14862,236938.210819,3.02861287603,10,
2150,272.174980938,447.132438,44633.4403322,2.0777732995,10,
2151,272.175043625,463.255944,14348.0571332,9.38500794899,10,
2152,272.207382127,389.076417,34668.2785298,13.301565961,10,
2153,272.207253307,404.67861,33634.8283962,14.1453146662,10,
2154,272.232499515,663.67311,7984234.65149,6.90015528581,10,
2155,272.23249718,255.789552,104961.024441,5.26660651176,10,
2157,272.628656375,252.516432,76211.0048208,3.53012698879,10,
2158,272.667217563,224.628234,329080.110388,7.62418049678,10,
2159,272.675498167,258.978558,31335.521188,12.805890549,10,
2160,272.914392799,37.0846302,2280781.69922,3.60384849709,10,
2161,272.995123523,488.867145,46742.0388492,6.70659802708,10,
2162,273.042672106,36.5547183,658613.972745,9.16747578533,10,
5258,360.110853915,34.6128489,241841.16042,7.19870146537,1.0,[M+H]+
2166,273.083843436,499.558338,20214.1268545,13.3770425686,10,
2167,273.106504263,374.505561,248382.767601,5.09589068922,10,
2168,273.100786139,341.428059,255153.925943,5.83643034437,10,
3232,305.148674991,663.0447,224796.628677,4.10334351594,1.0,[M+H]+
2173,273.128730283,56.8774503,11959994.4264,1.56938416922,10,
2176,273.143783715,329.704584,65668.9365889,10.5288061596,10,
5060,355.182334849,966.89382,60816.2665525,12.1396240991,2.0,[M+Na]+
2178,273.19123991,302.943504,137679.362129,3.67957465264,10,
2180,273.227522945,64.430352,132509.245729,13.9270640494,10,
2181,273.235742267,602.88948,98330.3358534,7.01383247295,10,
4616,343.294687108,726.51033,3416350.06455,4.97865856106,1.0,[M+H]+
2183,273.905579259,29.1845127,276357.740332,2.25078793224,10,
2184,273.946343801,33.3888417,1137304.60304,1.69048400599,10,
2185,273.972735493,37.6056948,503927.055857,9.7642498685,10,
2187,274.025528647,33.3888417,1478574.3405,5.79652591744,10,
2190,274.077098987,566.613054,24741.3091657,12.6717832394,10,
2191,274.10660003,484.975386,186779.426637,5.15665952705,10,
2192,274.112755423,56.9870709,2369560.60852,7.521352575,10,
2193,274.14317221,755.56551,75300.8558599,5.67150923791,1.0,[M+H]+
2195,274.152204676,256.746777,213871.760819,2.47914604689,10,
2196,274.175383751,111.64329,8712836.35592,1.20451311177,1.0,[M+NH4]+
4713,346.243872458,61.460577,2212798.87048,7.45032561243,1.0,[M+H]+
2198,274.186554743,41.9093496,16049384.5506,3.30548659473,10,
2199,274.186561889,293.437467,372723.285827,1.91975790244,1.0,[M+NH4]+
2200,274.211652691,395.170344,2953496.67922,3.38258664841,10,
2201,274.248153434,597.076677,4855452.97111,4.2729864761,10,
2202,274.273253413,872.34456,9080944.0871,7.65578893222,10,
2203,274.65760033,553.01601,756418.339994,2.00683622547,10,
2204,274.872395545,37.4982966,785457.462673,8.98607923717,10,
4691,346.109621134,438.888432,43289.1418649,12.6225383442,1.0,[M+NH4]+
2207,275.036500576,50.2037949,581951.784409,9.12701580013,10,
2208,275.031648903,542.041197,31095.893511,12.5034258893,10,
2209,275.043876803,687.19218,454529.865028,2.035442675,10,
5041,355.091888484,32.811693,358442.127123,4.59930578458,1.0,[M+H]+
2717,291.048169427,87.234654,8309869.6826,2.21700253817,2.0,[M+K]+
2212,275.074188638,134.39433,287197.275734,4.30400202659,10,
2213,275.078429942,422.050458,126540.914405,5.59876509602,10,
2214,275.087078512,150.876936,44835.529994,11.5968554886,10,
2215,275.099423976,99.564591,11175704.6058,2.60370420473,10,
2216,275.093998438,487.772076,315876.144143,2.98541010319,10,
2174,273.135621025,535.054779,1794459.1099,3.81947087952,1.0,[M+NH4]+
6097,381.121812315,431.786424,86452.0089476,3.12169598499,2.0,[M+K]+
2219,275.109305678,73.578588,1114984.45414,4.106325128,10,
2220,275.101670344,125.382324,135592.644764,10.383884198,10,
2787,293.115680712,91.003338,199961.105714,5.7441587869,1.0,[M+H]+
2223,275.130612456,548.249226,87898.2742449,7.98423009948,10,
2224,275.127529403,681.69996,241801.062253,2.5914701451,1.0,[M+H]+
2227,275.137220522,259.11687,83179.2229471,8.04150594189,10,
2228,275.159259048,56.5182048,6010035.14809,3.44590256313,10,
2232,275.207083317,372.760272,444276.680127,7.10417452026,10,
2234,275.232071332,465.343002,144788.739088,14.1250386009,10,
2235,275.215023578,395.170344,371656.462009,5.08184656954,10,
2237,275.251437188,597.076677,689295.224938,1.8516414588,10,
2239,275.90250314,29.0455236,25658.0901394,2.79213086046,10,
2240,275.972770014,29.1845127,101373.833474,14.5872141043,10,
2242,275.987724831,50.273484,113193.888421,10.460395766,10,
2243,276.001411098,150.792828,30283.8243006,6.81683460965,10,
2246,276.048929897,66.759738,129270.519009,10.7290866526,10,
2249,276.097520696,487.612452,32046.565183,3.89190011787,10,
2251,276.102265025,589.263336,1961867.62929,3.15261044299,10,
3353,309.19121956,412.825611,421805.34721,4.50189503255,1.0,[M+NH4]+
2254,276.133532714,178.041954,7391873.57186,2.12994073565,10,
9442,487.213458669,63.973833,4264606.47196,3.79253829056,1.0,[M+NH4]+
2256,276.153882833,287.896236,129854.113871,0.90326228404,10,
2257,276.162596472,203.925828,80266.3659771,12.1073815128,10,
2258,276.179731774,184.19547,2778823.87681,0.0527484797153,10,
7389,417.26955152,163.94595,727073.692137,3.63804777379,2.0,[M+Na]+
2261,276.227357118,521.559246,415720.295569,4.85044971181,10,
2262,276.901103366,1603.72146,911488.945558,2.12761663127,10,
2263,276.901252663,34.7311068,207398.616335,11.650320038,10,
2264,276.930751139,35.0500689,193956.520004,8.75114122053,10,
2266,276.990041643,485.269776,35545.7382646,13.1536410177,10,
2267,277.007888336,33.333342,2058202.07514,10.3441496455,10,
2268,277.013531557,368.453445,94992.201495,8.31011406793,10,
5655,371.043621825,404.537763,122020.108248,4.70666476978,2.0,[M+Na]+
2853,295.065718995,321.53421,112861.269872,10.8317919988,1.0,[M+H]+
2273,277.076136886,44.5488837,6728569.66085,1.6847702143,10,
2275,277.084756495,143.326308,290064.221004,10.4471382018,10,
2276,277.097744225,504.092334,56238.5872277,4.65837102293,10,
2279,277.109893944,501.739995,1625272.21736,3.30334869365,10,
2285,277.157390581,526.935093,749282.687172,0.75173852855,1.0,[M+NH4]+
2286,277.153657794,617.99064,68663.4346322,7.69062126714,10,
7885,432.279224586,381.968226,65963210.4437,2.45245411232,1.0,[M+NH4]+
2288,277.165022655,549.017352,20257.3301045,5.51000149072,10,
4516,341.155904,118.265601,3457298.86877,2.93402091269,2.0,[M+K]+
2291,277.196398963,792.78192,40133.8096417,14.9808341234,10,
1697,255.205993318,593.691981,3628727.53787,1.99556460009,1.0,[M+H]+
2293,277.190208101,1605.46446,1660113.68953,8.45497877666,10,
2294,277.200131979,590.047917,297874.442857,2.83762282848,10,
4962,353.083308993,540.257247,37592.8498191,13.7032304475,1.0,[M+NH4]+
2299,278.077948311,44.4902232,944156.232816,5.01259067829,10,
4879,351.188832326,589.197741,74439.6873768,9.3984640586,1.0,[M+NH4]+
2867,295.128050023,81.539655,53174012.8572,3.33540477101,1.0,[M+H]+
2302,278.105202423,111.86214,69168.2467821,14.3460739071,10,
2304,278.122978239,31.742535,2024420.08975,6.92661300446,10,
2305,278.114397417,530.949456,46708.430063,7.49448060644,10,
6464,391.199871166,124.659102,16226972.4892,1.68417061941,1.0,[M+NH4]+
2309,278.145966515,587.790732,102756.882138,3.07441053183,10,
2314,278.146084293,715.95261,136301.302741,7.08110219906,10,
2315,278.141399981,451.736298,42846.5113542,10.9067974719,10,
2316,278.14826101,63.202428,1972096.79156,1.62900398254,10,
2317,278.152588427,45.8178903,3059641.12614,1.08050855715,10,
7048,408.184121859,58.7653278,756761.693242,8.1093577998,2.0,[M+K]+
2320,278.182483938,782.27931,4524040.90246,2.72307966157,10,
2321,278.185611648,341.800398,1512694.74128,0.883002192727,10,
2323,278.240056776,855.90312,10993.5411275,10.6780384317,10,
2325,278.861054431,28.8154368,313759.922677,4.95544214641,10,
2326,278.870487964,1606.24425,1851027.02663,2.96531960869,10,
3285,306.924048927,34.6681575,979216.679301,7.9596687646,1.0,[M+H]+
2328,278.954889973,1605.28524,573932.833173,1.25895093292,10,
2329,278.950639124,1700.37525,132451.259947,10.4901254179,10,
2330,278.979918415,400.846269,59878.8066585,9.79230423842,10,
2331,279.014610026,29.1179157,73115.4310254,11.7268499081,10,
2334,279.052792418,552.138408,37558.3288828,5.28886576523,10,
2335,279.070842583,61.140021,237424.496632,7.32238952813,10,
2337,279.062977082,562.815135,29016779.6779,4.05728462828,10,
1894,263.101197807,496.770192,210012.970643,1.39937451503,2.0,[M+Na]+
2339,279.092644978,746.24685,4137921.34147,1.93525453765,1.0,[M+H]+
2340,279.090447296,360.720087,267018.35644,3.68244117315,10,
2341,279.098627665,854.02227,344226.495469,6.10920676369,10,
2342,279.109046319,243.573525,146595.2546,4.72689466504,10,
6334,388.180432974,45.1832088,36962447.2262,2.66734961445,1.0,[M+NH4]+
5914,376.202044105,550.737093,59122.9226504,9.38337149268,1.0,[M+NH4]+
6086,381.07301947,615.57576,302427.403594,3.38471085805,2.0,[M+Na]+
2346,279.133205642,124.125225,97467852.6662,13.9109286227,10,
2349,279.158340932,553.344015,5689745.66036,12.3614069657,10,
2351,279.169491088,322.203771,27493171.6108,1.31136517488,1.0,[M+H]+
2352,279.169554371,303.964254,8898403.18263,1.39036905181,1.0,[M+H]+
2353,279.179926248,429.714183,45039.484837,12.2526469729,10,
11394,557.364429749,342.850587,17164845.6925,8.0382334346,1.0,[M+H]+
2357,279.18528643,649.0359,56319.6088584,9.6354599281,10,
2358,279.180329955,386.534922,55512.3468273,10.6364012127,10,
2363,280.006741029,28.9478139,61781.0127353,12.7191078323,10,
2365,280.026074287,100.035219,2858517.68047,14.7754196662,10,
2366,280.03193489,33.4445688,644328.215364,8.45261943647,10,
2368,280.051852555,49.9435752,192193.195718,13.1026435472,10,
2369,280.084259371,99.094347,2464789.53059,4.39820445581,1.0,[M+NH4]+
2370,280.091303739,37.2917592,431109916.896,2.18965067822,10,
2371,280.097082558,571.764414,3506954.65596,3.90172727805,10,
2374,280.128409604,75.047649,4711517.5915,2.17491570083,1.0,[M+H]+
10130,512.13182266,552.665385,42864.2442583,9.45168588505,2.0,[M+K]+
2377,280.130253556,674.2281,24540.3992871,9.18426447,10,
2378,280.156891165,678.91893,7458754.57128,1.0643614377,1.0,[M+H]+
2379,280.172921222,341.117832,10661578.2004,1.04935214248,10,
7189,412.229724236,590.783487,746050.968754,3.51040049966,2.0,[M+Na]+
3389,310.248028198,525.805929,2111566.19379,0.384300653232,1.0,[M+H]+
7673,426.260261524,676.17342,549558.488041,1.82697490949,1.0,[M+H]+
2384,280.868240108,1606.40694,252600.36572,10.6817483055,10,
2385,280.95357939,1605.07659,524913.788369,8.19991215876,10,
2386,280.992704358,33.6500322,266188.005329,9.59012439451,10,
2387,281.000463121,504.081552,21958.5293255,12.4145012314,10,
2390,281.028514666,33.333342,791787.920867,6.0848433803,10,
2391,281.0383946,277.664667,570866.941009,3.58412227793,10,
11345,556.153992413,603.8121,147929.513754,4.89755912447,1.0,[M+NH4]+
11342,556.154253411,589.086048,242601.603174,3.24837359417,1.0,[M+NH4]+
2396,281.078530723,624.97491,32510908.5534,1.51785092798,10,
2397,281.080837695,479.46345,15930.0266677,3.60378655782,10,
2399,281.089023695,108.706314,86357.5220308,6.36891398157,10,
2400,281.089541561,128.124012,64318.5978552,2.71048813408,10,
2401,281.109729062,551.191728,41873.3102981,14.1493832516,10,
2402,281.105924375,362.688345,1017573.33233,3.00919630747,10,
2403,281.100750894,439.929306,61715.0610646,5.68437990629,10,
5862,375.125051181,567.218355,101016.522746,7.02205925679,2.0,[M+K]+
12414,594.27150629,69.759585,1933394.95007,3.08516251341,1.0,[M+NH4]+
2409,281.141720572,44.3395653,4017667.83214,4.28414794078,10,
2410,281.148770455,66.378456,18212528.8615,3.73403060467,10,
2411,281.159750202,103.21791,561688.108254,2.21280127262,10,
2412,281.159629599,379.227975,124809.08341,3.76695573276,1.0,[M+NH4]+
2414,281.159904226,336.42915,2158134.78623,0.526784485454,10,
4348,337.130729084,558.970167,70687.2548474,8.79417131085,2.0,[M+K]+
2416,281.152176067,579.48036,2691545.65569,1.43734352919,1.0,[M+NH4]+
2417,281.152188214,59.0789604,5762392.25576,1.92284370961,10,
2421,281.240838841,576.982161,495981.539068,1.8834618568,10,
2422,281.847011286,1601.78613,40787.3614035,7.12327157661,10,
2423,281.932165633,1606.21578,84096.539896,12.9857314331,10,
2425,282.01328634,33.4445688,12752363.0758,8.00096159902,10,
4506,341.083184038,507.556194,254561.383688,4.05289075479,1.0,[M+NH4]+
2427,282.034525059,277.47231,90688.2297497,7.43975424412,10,
2428,282.047869828,51.7982034,29290427.8806,3.3624311955,10,
4372,338.011488836,77.72946,775877.011939,3.1624349416,2.0,[M+K]+
2431,282.073899417,489.075456,31976.6890714,9.83914944177,10,
2432,282.081450621,53.8849545,1014462.57624,7.03961893359,10,
2433,282.077514854,38.5496385,532337.122086,6.14666572847,10,
2435,282.111413453,63.856455,534791.854631,5.85770858087,10,
2439,282.112716767,392.324106,38204.659886,11.2186875944,10,
2969,298.115641111,245.424915,849278.358819,1.64689020098,2.0,[M+K]+
2444,282.152949507,176.814702,498512.416993,2.21862722005,10,
2446,282.152118126,66.759738,2956446.99338,5.07610720428,10,
2447,282.162271201,285.701931,2388591.04019,1.75508803494,10,
2448,282.163182532,336.42915,253904.381453,6.01699466066,10,
2449,282.151519374,256.292118,66264.8213294,4.11809778669,10,
2451,282.216403919,364.025394,32858.6513221,12.995413267,10,
2452,282.66413841,285.701931,688778.431626,3.62323029801,10,
2453,283.000388209,33.4400376,227340.321505,12.7023812457,10,
2454,283.006875351,384.827664,118262.162052,8.21268172059,10,
2456,283.01324875,524.1495,22331.7067091,12.6577809005,10,
2460,283.04470409,109.26123,176953.441211,3.09116567986,10,
2461,283.036943197,531.41556,1548339.40232,1.02143475734,10,
2462,283.037889838,31.5350358,239755.629489,14.5354764891,10,
6168,383.105848137,589.32339,43299.2113917,9.71151567313,1.0,[M+H]+
2465,283.084771838,1603.69581,116948.8159,14.9710616386,10,
2466,283.096657597,634.85082,5973154.47153,0.409199993962,10,
2469,283.115656793,122.749386,87782.428495,11.3117272772,10,
2470,283.131466485,238.750674,82735.2644199,12.8861549258,10,
2471,283.12597328,156.763452,29109.9505569,3.98584997006,10,
2472,283.143378013,914.61072,4591480.02404,4.9088934604,10,
3053,300.200814946,296.736312,15508267.7413,2.08351814794,1.0,[M+NH4]+
2477,283.226001456,858.17949,7150009.6246,10.8974078767,10,
2478,283.645863112,346.766838,67256.3232001,9.22833296737,10,
2479,283.662817131,554.537706,41531.496754,14.176120894,10,
2480,283.685908791,272.698428,149435.288806,6.69326841791,10,
2482,283.945670854,1601.52186,21669.3884865,11.9968457582,10,
2027,268.037240217,438.920022,263846.806608,6.80541865796,2.0,[M+Na]+
2487,284.046157959,33.333342,3691730.20561,9.35264310341,10,
2488,284.040439668,531.454782,141133.163908,6.0031209959,10,
2489,284.069812922,183.899967,3827014.27275,1.53941002008,10,
2490,284.070394167,95.93868,14965.7226201,9.78725055009,10,
2494,284.099892025,61.5213,10021365.5813,9.93391567242,10,
2496,284.112201977,433.798872,19046.483051,7.60883997158,10,
2497,284.115242491,368.269908,38892.7291708,7.85504563901,10,
2500,284.130662542,365.080932,186415.581774,3.71110509788,1.0,[M+H]+
2503,284.151876032,469.207506,120827.086687,6.71467896813,10,
4525,341.220731474,582.536649,80022287.4997,13.7144489923,1.0,[M+NH4]+
2505,284.197943971,887.8752,17981.6176687,9.74923994837,10,
2506,284.206000609,243.573525,3708722.38377,6.79217533374,10,
2507,284.24054175,642.77793,45278.9858423,9.12723589874,10,
2508,284.622924916,260.616528,170786.780601,4.80399551779,10,
2509,284.657313478,171.671652,197510.387277,6.26706772476,10,
2511,284.909561196,36.5547183,630678.205778,13.4583528444,10,
2512,284.971476522,1605.28524,61231674.905,1.16426819314,10,
2516,285.034433841,531.41556,126515.67129,6.13285724001,10,
2517,285.052499708,580.927602,40916160.787,0.392292111657,2.0,[M+Na]+
2518,285.073351842,515.68452,58749.4267261,12.9165880076,10,
2519,285.073496943,345.209646,116186.800106,7.67762761583,10,
2520,285.073176899,183.952962,445475.348321,6.35442508826,10,
2522,285.08619329,165.347391,59446.6206009,11.0975186718,10,
2525,285.093947935,286.051557,45289.0768789,8.71351542189,10,
2526,285.087971876,78.792996,125833.769977,4.88984583657,10,
2527,285.103106466,177.16614,65330.5196888,10.7955529101,10,
2528,285.101580638,72.146466,848050.97029,8.44251096015,10,
6954,405.071004983,678.72996,828786.45855,3.93393980921,2.0,[M+Na]+
6617,395.225609346,345.759393,1860262.61909,1.65643572884,1.0,[M+H]+
2533,285.120153975,302.960916,12845025.6579,2.24699095039,10,
2535,285.133789669,324.895086,247561.625424,9.04992878794,10,
2536,285.143682919,287.355624,1746126.91855,1.86077578507,10,
2538,285.150106292,914.67504,59459.688873,6.69086503843,10,
2539,285.162018532,513.065325,28371.7257585,4.43126240091,10,
2541,285.177574363,39.4955739,845718.068382,6.46420083301,10,
2542,285.168915865,520.832712,2137631.40782,0.789038818138,10,
2544,285.227644543,295.724127,4365957.94039,2.34333504527,10,
2545,285.683312664,278.354094,2344774.85849,3.79348949418,10,
2548,285.987844235,35.0445348,148097.112023,14.4670885687,10,
2549,285.998644802,493.693206,208855.565916,6.90667789535,10,
2550,286.008048114,33.3888417,6684555.50633,5.29833373051,10,
2553,286.035631541,102.02244,2942768.67799,5.41224583699,10,
2554,286.070480597,32.811693,462334.430376,10.4010281821,10,
2556,286.102607683,124.084041,378295.885778,4.39265179206,10,
4273,335.119200824,46.5668268,561363.060765,6.66661746998,1.0,[M+NH4]+
16332,888.455040869,332.580894,107062.071964,13.3536708988,1.0,[M+NH4]+
5954,377.191190692,214.735716,453888.145335,8.78922817974,1.0,[M+NH4]+
2563,286.150186834,44.8659462,3590270.67109,3.84539275486,10,
2568,286.182573505,565.105074,299376.933113,1.00460128684,10,
2570,286.200484022,475.365132,13161886.8769,2.02482195517,1.0,[M+H]+
2572,286.230504757,255.698772,75970.6276996,9.82539069547,10,
2573,286.2307979,295.724127,584435.642609,0.623767185624,10,
12221,587.34984232,117.84216,3142806.97107,3.88935120769,1.0,[M+H]+
2576,286.677195361,165.18144,224425.459186,6.57020243213,10,
2578,286.947189644,1604.33385,619480.289706,3.20580207324,10,
2579,286.95092761,37.7126868,875672.259942,7.0523816712,10,
2582,286.977016043,33.4400376,280609.124447,8.41332247137,10,
2583,286.976049702,1605.28524,488721.504656,6.34662772363,2.0,[M+Na]+
2584,286.992988078,493.693206,409228.861854,2.69179364934,1.0,[M+H]+
8374,448.127901305,38.9746977,1179021.77436,7.12613903881,1.0,[M+NH4]+
2586,287.030032182,504.268956,116499.118314,4.37130299366,10,
2589,287.06920617,37.6056948,2847389.45053,4.01069241263,10,
2590,287.085215712,755.17812,46306.0430418,2.05969610101,10,
2591,287.086777014,184.021281,4570070.2942,2.53796901273,10,
4622,344.092191087,455.080764,29949.7745878,4.08054555705,2.0,[M+Na]+
2593,287.111667337,595.232724,54076.076894,7.37331385464,10,
2594,287.112887241,510.512124,19644.0837699,9.98460103855,10,
7579,423.259242144,478.250946,49240.5863185,10.7821651755,1.0,[M+NH4]+
2597,287.13813168,274.607403,207175.713018,5.50781973194,2.0,[M+Na]+
2598,287.149461334,424.302534,174799.099438,3.24641184296,10,
2599,287.161655351,301.336908,1682130.37942,2.9530176116,10,
2600,287.161884728,119.31588,126017.031659,4.86617401759,10,
2601,287.152807399,77.000178,1443055.47049,2.67915128569,10,
2603,287.170561102,326.072019,70173.3115883,6.99275905562,10,
2604,287.174432608,105.787512,602732.516851,10.0611920171,10,
2605,287.174574985,617.17074,103245.787927,5.31809342456,10,
2606,287.198962758,681.69996,2731942.21652,1.85659042479,10,
2608,287.243276353,499.92159,613637.308883,2.35626774103,10,
2611,287.697718887,350.310528,221887.865945,7.81454292151,10,
2615,288.012963518,33.7014135,339183.608409,9.58702140396,10,
2616,288.021190839,452.052726,15211.3320743,8.00607751792,10,
4764,348.078031429,493.724583,112241.240706,4.63069303794,1.0,[M+H]+
2618,288.054505121,37.8104625,2304959.55736,5.94808337407,10,
2619,288.089993377,64.451079,159891.111233,11.5731940906,10,
2621,288.100469937,90.83028,529477.67706,2.83765089318,10,
2622,288.102280214,607.17852,10275169.4393,3.9492104806,1.0,[M+H]+
2624,288.134015261,180.481152,30769.2553222,11.0145281897,10,
2625,288.128658571,38.5496385,7327734.7566,1.5287597401,10,
11343,556.15335692,238.626348,44886.9579805,14.5047570902,2.0,[M+K]+
2628,288.154622908,270.200223,167911.984114,4.25053868624,10,
7879,432.252464637,405.293862,82607.5689785,2.44473505851,1.0,[M+H]+
2632,288.169900529,359.793375,434700.990539,2.19568559723,10,
2633,288.163923047,263.067426,179968.99444,7.14252873609,10,
2634,288.169831111,537.789726,133513.534061,8.45686360471,10,
2635,288.195012154,587.484774,449483.019912,2.52565570164,10,
2638,288.201874953,93.976632,962510.136965,4.82505896554,10,
2639,288.216107642,536.350131,3536455.41494,3.38578890767,10,
2641,288.227313694,651.22407,401496.497174,10.312171215,10,
2642,288.246112398,499.91184,65403.3316994,13.0314290984,10,
2643,288.252633303,799.51134,5826368.23495,0.673847159519,1.0,[M+NH4]+
2644,288.267836644,1201.01436,1243525.22892,4.02253685069,10,
2646,288.288905204,915.65835,18321795.3191,11.9730717703,10,
2647,288.943948662,1604.12472,338533.437889,6.3511705761,10,
2648,289.0050584,504.092334,197067.01668,4.25854236482,10,
2650,289.023921504,519.07596,40623.085591,9.38191105359,10,
2652,289.052161309,50.2603275,3885921.55714,6.73646500437,10,
2653,289.072128179,287.70726,33892.0068633,11.1836880775,10,
2654,289.080363128,374.532381,197417.322778,5.47804889692,10,
2657,289.093972929,438.812316,28904.2691515,13.1128073465,10,
2658,289.102605874,100.400472,2307878.16016,7.26103821881,10,
2660,289.115040898,114.536604,744269.294574,1.96697501507,10,
13506,640.264098596,408.223731,141580.820198,9.7507913595,1.0,[M+NH4]+
5272,360.165627914,140.577942,2534262.53437,1.82971230247,1.0,[M+NH4]+
2663,289.114999286,84.699654,909011.70241,2.72416695092,10,
2664,289.104012869,349.87722,108999.926832,14.4871675851,10,
2665,289.126292378,236.157411,243232.870414,6.05556164332,10,
5828,374.275225212,136.304292,947090.580951,4.04130945864,1.0,[M+NH4]+
2675,289.193465101,917.63997,36659.9832641,13.1476115845,10,
7036,407.264161319,377.824662,2652322.96085,3.90839227197,2.0,[M+Na]+
2678,289.223418803,465.286296,19670.7397037,8.52511290792,10,
14494,701.416966378,423.29109,43283.2767724,11.227084734,2.0,[M+K]+
3664,317.279026633,529.451721,70877.6931843,5.46008383604,1.0,[M+H]+
2682,289.879491993,28.9275543,40446.838259,11.0049346878,10,
2683,289.917351658,1602.01491,98809.8309056,12.0000869034,1.0,[M+NH4]+
2686,290.08498152,127.746231,225088.478261,1.50877167206,10,
2687,290.07884006,539.389623,114883.671301,5.50683926437,10,
2689,290.090226368,56.7196419,3973815.69834,12.8536118297,10,
2691,290.10271896,1605.04704,303434.483236,4.35911261217,10,
2692,290.118463881,114.536604,62950.5958778,13.5956533212,10,
2693,290.11759255,637.47798,1128407.70517,1.03541735118,1.0,[M+H]+
2695,290.112688911,161.675466,91223.7475249,13.3473802381,10,
2696,290.12735333,77.391087,100337.654748,12.7298556722,10,
2697,290.138782656,531.376338,136252.353526,4.42721988933,10,
2698,290.149369375,455.546694,58535.2636599,7.77089166985,10,
2699,290.152236421,211.842354,184340.162913,10.4419735535,10,
2701,290.170201273,51.784479,71071318.6011,1.02745009504,10,
2702,290.171888548,547.298412,44909.896497,11.9456948728,10,
2703,290.1965386,61.313742,241992.720001,10.9886965535,10,
2704,290.208589746,590.865486,54608.9336387,10.2390996364,10,
6316,387.25915991,289.889745,4352933.38334,2.68783516915,2.0,[M+K]+
2706,290.225998833,108.252657,1221644.24604,2.36778871957,10,
2708,290.657326793,266.738781,183532.267692,4.12977559047,10,
2709,290.854133812,36.6045978,577238.112313,8.48512359654,10,
2713,291.005362528,541.952472,35043.459905,4.12240072393,10,
2714,291.020943067,35.1573825,310985.66871,13.0371820039,10,
2715,291.020808916,518.74779,10178.2692159,1.90003556834,10,
2719,291.041987516,569.139732,133493.082064,8.76740334879,10,
2721,291.06434238,151.006008,163591.783375,8.4493706763,10,
2722,291.073450168,99.564591,8091155.40667,0.687546473098,10,
2725,291.106480853,1604.96757,2619210.5937,3.95304484198,10,
6571,394.109826711,40.4302956,708590.662006,11.5770025492,1.0,[M+NH4]+
2727,291.101561527,681.69996,352725.989524,3.31813976044,10,
2729,291.122808948,569.409552,94052.8049924,9.99136778468,10,
2731,291.125302766,436.506684,20336.1344652,6.76062483858,10,
3340,309.146995199,130.912548,2885344.86789,2.2914456291,1.0,[M+H]+
2733,291.136284664,404.490906,23544.6025246,11.930075121,10,
2734,291.125298111,452.857764,20718.0435283,13.3272762103,10,
2735,291.144115896,361.869732,72752.9402631,6.62662322013,10,
5995,378.217539629,281.877933,1124300.62765,2.50545647677,1.0,[M+NH4]+
2738,291.172814208,261.852369,587231.237304,3.63309747984,10,
2740,291.2018714,160.480452,5673466.14639,2.12283933403,10,
2742,291.242309081,819.52728,3167346.56539,5.3382214294,10,
2743,291.246196451,402.150864,35498.1179104,5.04916990935,10,
2746,292.024118497,550.446468,18788.4101518,13.4546097737,10,
2748,292.066232329,38.3440743,797992.257579,4.92330742184,10,
2750,292.094417177,586.038291,26582.2729493,10.2887084496,10,
2751,292.097153629,493.75596,360593.687299,8.33935118817,10,
2753,292.101929639,31.800222,4519213.91464,6.88888439924,10,
2754,292.105374653,52.6760286,1697021.33589,9.94703641334,10,
2756,292.114798741,652.38678,33460.9638467,9.15696897474,10,
2757,292.128357719,161.522895,16564488.472,0.822689750612,1.0,[M+H]+
6464,391.199871166,124.659102,16226972.4892,1.68417061941,1.0,[M+H]+
2760,292.136502274,315.86088,86824.8969529,5.79880687238,10,
2761,292.149512654,41.2789083,4093510.78419,5.12965036751,10,
2765,292.166364641,618.63537,42527.3111223,3.09392287964,10,
2768,292.201073636,395.217288,160958.370445,9.85464920945,10,
2770,292.984598082,1728.10692,6310242.96954,11.8817551142,10,
2771,293.021108067,404.330919,74755.4609852,8.56028729259,10,
2772,293.014908917,37.2324099,1031626.92714,5.7786815107,10,
2774,293.041364957,400.169748,34146.5415286,8.86037137471,10,
2775,293.039660076,493.75596,64304.2689371,6.57713211248,10,
2776,293.057631459,606.96987,3274763.95325,3.22072335357,10,
6444,391.055209333,631.70328,33208.3433914,10.1017844239,2.0,[M+K]+
2780,293.079092826,187.118844,161083.560629,4.68747483337,10,
2781,293.081427827,50.0528187,153241.63858,14.5657109065,10,
2782,293.108172846,761.59044,26983.668824,11.3136297048,10,
2786,293.104601844,441.416934,13913.5506618,12.47015509,10,
2788,293.112334576,76.046028,2607787.82029,2.68205201765,2.0,[M+K]+
2789,293.118183841,637.6047,23588.4447207,3.67613776267,10,
2790,293.115620528,146.706945,231334.087231,4.51766274025,10,
2793,293.128563882,589.351914,517872.40921,3.51055963283,10,
2794,293.134932448,513.810222,176372.229569,2.8983143921,10,
2795,293.140988598,417.32022,113245.014073,11.6605585886,10,
2796,293.13753492,688.15665,1460415.04357,2.7898626991,10,
7557,423.125092806,57.2889177,2205631.03133,2.93569767458,2.0,[M+K]+
2799,293.157899692,388.801707,39518.6788668,10.8646627111,10,
2800,293.141078191,508.291017,65046.4286499,8.91842291817,10,
2801,293.152194413,335.373519,318029.772399,1.24813206336,1.0,[M+NH4]+
2802,293.162064303,548.762538,56665.272755,5.95084055664,10,
2803,293.185060759,630.66876,5821759.80959,3.94622927884,10,
12176,585.359399255,333.570513,930519.504799,3.82147460494,1.0,[M+NH4]+
2808,294.047697304,33.333342,827515.827954,8.24159151317,10,
2810,294.063271707,551.191728,20400.9704592,11.0264044439,10,
2812,294.056973731,44.5611078,358226.778605,11.4700817679,10,
2814,294.081906306,617.9157,31843.4676862,11.1604462494,10,
3438,312.110234605,56.6146629,29905937.7748,2.82858764612,1.0,[M+H]+
2817,294.117440324,39.1209792,2524608.31844,6.72259580678,10,
2820,294.132838728,527.565282,30786.7709088,8.36578533276,10,
2821,294.14399744,79.068336,12045538.9152,3.5027464625,10,
2822,294.144014649,102.247722,12513574.3205,2.30561801414,10,
2823,294.136135977,502.492134,2327111.12708,1.96338835036,10,
2825,294.140872525,717.82992,115846.455625,3.64868832527,10,
2826,294.144122189,357.795768,49675.2336376,3.92854872233,10,
2829,294.172600975,411.702366,456698.019613,4.86043313571,10,
2830,294.183699505,566.457549,162960.917134,6.45785823958,10,
2831,294.180571833,99.721467,2728816.90644,5.59683731562,10,
13258,629.360225792,220.08591,1324015.59428,3.35120585401,1.0,[M+H]+
2833,294.188636629,630.66876,1017545.27838,4.16560042146,10,
2838,294.625619933,287.673195,103746.079367,12.2122613016,10,
7003,406.699759022,273.678459,82750.8233971,13.2284680388,1.0,[M+NH4]+
4415,338.8263133,1606.42812,77563.6973595,9.52509731314,1.0,[M+H]+
2841,294.834872449,28.8154368,165213.569801,7.77521417174,10,
2842,294.844366898,1606.569,362968.092037,2.00782628294,10,
2844,294.958542411,33.7617543,216879.72083,11.9262544655,10,
2845,295.008536595,33.3888417,1282511.26424,8.47093382185,10,
2846,295.036917096,562.698327,30917578.6501,5.86023127318,10,
2847,295.047705744,526.374153,133402.264116,2.72794272902,10,
3397,311.031558111,404.537763,1021823.31878,3.06521587856,2.0,[M+K]+
2851,295.073371666,652.52814,69605.902317,11.2404134148,10,
13212,627.095509392,638.27337,45241.0256255,13.5632127775,2.0,[M+K]+
2855,295.075340156,618.63537,27362.3800269,3.96013855422,10,
2856,295.082168492,336.538056,30307.2984602,7.68834453038,10,
2857,295.083567818,573.73197,68049.0363121,5.30893344033,10,
2858,295.094267054,659.22321,11630984.7275,3.87053973127,2.0,[M+Na]+
6545,393.175911656,101.51925,6205064.47421,4.95468076467,1.0,[M+H]+
2861,295.10546059,504.268956,880413.237683,1.69576839586,10,
2862,295.104521104,707.79798,28298.2704547,9.39568384873,10,
2863,295.125367477,603.47472,56613.3121391,6.42753490317,10,
2864,295.12540989,589.263336,170296.075713,4.27956525843,10,
2865,295.128044222,368.655342,892554.153577,2.16787546126,10,
2868,295.132128569,336.393867,53117.0400469,4.303857428,10,
2869,295.136785001,39.5067318,168782.731809,0.76614198343,10,
2870,295.128071137,173.292696,61756.7401547,7.22346265637,10,
2871,295.147305274,425.735412,16912.001113,13.3909678119,10,
2872,295.14743051,102.02244,1751820.65343,3.95851045565,10,
2873,295.143279706,687.89526,12598.7517972,9.53742802517,10,
12143,584.346910456,357.12996,654081.366631,2.712805044,1.0,[M+NH4]+
2876,295.164496931,108.924852,16814980.3001,1.8497199715,10,
2878,295.164426112,132.251799,4833421.79474,6.8611725315,10,
2879,295.164377945,190.384647,14362459.5388,1.51095635587,1.0,[M+NH4]+
12283,589.369150806,404.593896,11265293.7074,4.57448340866,1.0,[M+H]+
2883,295.189654864,576.636606,6006809.65154,4.25593527622,10,
3486,313.200087238,648.81372,1810431.42451,3.62465566577,1.0,[M+H]+
2886,295.211999821,423.559611,129096.901958,6.88986087373,10,
2887,295.216257591,1101.15591,183222.761572,4.63580752224,10,
2889,295.248466039,595.04112,875903.354868,3.02802492044,10,
2890,295.689799693,404.504859,5157519.42418,2.39813170383,10,
2893,296.068426679,567.074823,2728447.05091,1.2960373607,10,
2894,296.065193646,37.4962854,275764289.53,2.70609912756,10,
2896,296.10881593,504.446079,81971.0048771,4.75404486656,10,
2897,296.102429245,651.55878,52769.5237592,6.35378873083,10,
2898,296.131542567,368.558748,123964.615722,4.66181637065,10,
2899,296.134529316,349.605774,934149.649133,2.99790089773,1.0,[M+H]+
2901,296.161512682,590.962239,56326.4137456,5.02653523123,10,
2902,296.151861133,608.40663,113123.401875,9.33060339276,10,
2903,296.156557097,671.72622,144458.172988,0.468844932719,10,
2908,296.177837616,386.128227,665391.657039,1.9621208085,10,
2909,296.179114163,112.495224,58722.4788997,9.50498585305,10,
2912,296.196069614,323.672616,3942047.90749,3.84815941486,10,
2913,296.218891347,778.71642,620297.477205,5.61071358468,2.0,[M+Na]+
2915,296.257698675,923.92908,4810658.85444,2.86722316576,10,
6566,393.854793251,28.6283766,29424.1376422,11.3790799466,2.0,[M+K]+
2918,296.927228057,1605.07659,395833.519994,13.6633438622,10,
2919,296.93410755,29.1845127,19114.0292824,10.2716804318,10,
2920,297.016076167,402.150864,86535.6968561,5.90817529019,10,
2921,297.031487506,603.47472,107839.806659,5.99647683888,10,
2922,297.031467841,589.169217,276991.966186,3.63749924442,10,
2925,297.035527483,408.933741,47074.8119983,8.32404769275,10,
2926,297.045352452,640.05564,40268.8804357,11.8732234552,10,
11167,550.186888224,623.77212,3592835.63291,3.34541854689,1.0,[M+NH4]+
11771,572.209015724,637.56507,176191.754775,10.5511988878,1.0,[M+NH4]+
2933,297.100343149,1604.44272,1802975.89687,2.13230528629,10,
2934,297.100837676,313.626489,2079223.90051,1.15195265914,10,
8223,443.223158035,310.705884,136575.933579,9.65622428042,1.0,[M+NH4]+
2939,297.125892075,297.178992,693338.027956,1.87982146518,10,
7119,410.238842947,249.935895,296678.828323,4.34131766387,1.0,[M+NH4]+
2941,297.137860105,349.348278,94871.9531486,7.92810532818,10,
2942,297.154833947,332.236704,99063.6255804,11.3993382839,10,
2945,297.166224833,47.7076692,110529.359712,9.4478267237,10,
2947,297.178159632,350.278278,334234.668695,2.73229811027,10,
2948,297.181791204,143.663568,63806.2256886,14.3030663893,10,
2952,297.20119705,243.573525,664745.02303,8.04215628275,10,
2954,297.235125071,519.078588,158147.584497,0.863780481899,10,
2955,297.264138478,774.99963,54659.2236527,12.5673157542,10,
2956,297.679380312,350.300709,100209.767432,11.4397340647,10,
2957,297.896755106,28.9275543,364491.251697,12.9045200258,10,
2959,297.998411901,507.187704,23559.2320589,9.72117708184,10,
2963,298.041157302,53.713923,828873.762939,7.12294160062,10,
2965,298.088087108,33.0725946,597548.422241,3.1713857733,10,
6630,396.063845983,338.475399,182358.295757,1.34230075158,2.0,[M+K]+
2967,298.103853669,1604.09544,135251.556521,4.93828943951,10,
2970,298.113856672,113.858103,4626510.6533,2.08724070833,1.0,[M+H]+
2971,298.11525229,412.402581,41093.3142538,11.6696077276,10,
2973,298.124349392,33.1285062,525962.550656,4.64444042397,10,
2974,298.115512777,364.861284,455543.06231,2.77266761652,10,
2976,298.146252543,419.801616,1233147.04651,1.94800795544,10,
2978,298.147184063,249.496116,60492.0453604,5.64397116359,10,
6759,399.295448095,512.347119,1076764.27613,11.8809244115,1.0,[M+NH4]+
2985,298.201680122,323.8689,52954.9330237,14.4211700828,10,
2986,298.673035171,331.549017,107608.373197,8.4298899733,10,
2989,298.994984106,33.3888417,2397517.15471,4.7120704435,10,
2991,299.010791794,531.41556,500355.262139,1.79915585755,10,
2992,299.028461551,603.47472,37627.9549889,1.58976068779,10,
2995,299.069280043,566.833422,20045.1271541,8.92919871793,10,
6199,384.150231149,635.03322,225257.335312,6.42976430701,1.0,[M+NH4]+
2998,299.068924948,248.804364,41322.9156636,9.76018266802,10,
2999,299.079952842,288.943986,130160.238836,10.3402722981,10,
3003,299.089126951,541.283814,2100781.06588,4.62162957967,10,
3004,299.089107825,482.007204,518373.651792,6.78114704542,10,
3006,299.096748924,313.679886,67779.2421787,14.4125776915,10,
3008,299.109376221,605.83419,641162.903671,3.51308173176,1.0,[M+H]+
3011,299.106910941,747.96978,297703.366367,2.23615066423,10,
3012,299.110758649,90.782184,26282.6081444,13.0665901423,10,
3013,299.124491585,630.47592,34063.7539858,11.6016163903,10,
3015,299.117184019,113.813826,538629.128067,1.04741158691,10,
3016,299.124654959,587.664228,152536.259349,1.64572579411,10,
8359,447.232624529,682.16442,264516.04926,5.59301735642,1.0,[M+NH4]+
3020,299.170857676,547.722828,139629.291545,0.392675606209,10,
3021,299.169715372,593.433738,16066.4781877,12.5685735059,10,
3024,299.182142512,589.961523,559116.869034,4.31635044695,10,
4286,335.195780479,715.75674,76477.3409118,6.53245384294,2.0,[M+H+KCl]+
3027,299.982673179,37.0868223,647283.809382,12.4332104387,10,
3028,300.023809914,33.3845379,10258857.0399,9.38326468722,10,
3030,300.01424844,556.587918,72827.786108,13.3170824176,10,
3033,300.073670472,177.164892,279199.008851,7.20150791458,10,
3038,300.108961437,681.87672,40734.3139534,14.9983226696,10,
3040,300.112600909,605.69814,66627.902911,11.265448476,10,
3042,300.123061605,565.052478,28937.8047257,11.7742920876,10,
3043,300.127882718,587.768112,18206.7041178,11.3032114926,10,
3045,300.154734686,174.617241,176975.735161,6.29274490642,10,
4470,340.144217876,697.6995,84104.5221506,2.84789655281,2.0,[M+Na]+
3047,300.170009874,435.408933,45814.0317471,6.45367698824,10,
3048,300.170142514,599.548026,37938.6737008,13.96570792,10,
3049,300.170006626,462.351123,50863.5024065,7.14629731532,10,
3050,300.178468698,244.625961,3656769.73337,1.31947250431,10,
3054,300.227276415,587.375457,498089.50045,2.62079264978,10,
3056,300.842768148,1606.89849,1940792.47732,5.16309916133,10,
3057,300.842750008,27.687657,24576.2280651,5.11509218557,10,
3059,300.945389504,1605.28524,19649570.0548,2.16093262167,10,
3061,301.008044872,33.3888417,359639.692076,14.0057321431,10,
3063,301.02395352,558.22248,68359.1086428,4.19380055824,10,
3064,301.034820236,1717.69845,1907615.66634,14.4402542017,10,
3066,301.047447533,515.699523,59588.0671837,4.13914123945,10,
3067,301.047372419,345.257154,125360.712983,7.40243362866,10,
3071,301.084454088,237.435021,321218.814848,1.11981110917,10,
3072,301.079068741,41.0729481,507323.311082,8.96760480336,10,
3077,301.092392024,321.496803,140908.263495,8.22802901081,10,
3078,301.094170746,155.730633,158831.41804,2.80022721945,10,
3080,301.115195186,100.191906,2704193.99639,4.18028847477,10,
3081,301.124968898,371.722065,509299.747469,3.7808139441,10,
3082,301.142386512,57.8230869,12025335.1001,5.49461837247,10,
3083,301.153778702,645.05064,24596.9802834,12.271923314,10,
3084,301.15371795,376.179972,397463.35702,2.39006817702,10,
3087,301.153290946,346.574154,349443.402037,7.88061993153,10,
3088,301.168504631,255.572298,993459.506773,2.33699273087,10,
3090,301.165237935,425.69793,86047.5408573,8.35751808128,10,
5283,360.259394771,411.531351,502376.331824,12.9998419065,1.0,[M+NH4]+
3095,301.258960555,559.069701,767894.333632,3.91839941554,10,
3096,301.665426391,122.360541,400701.248599,7.47109796707,1.0,[M+H]+
12636,602.360415586,60.439536,788314.467672,8.71714638465,1.0,[M+NH4]+
3098,301.936880188,28.444188,20825.8816598,13.3009777029,10,
2551,286.024365575,452.052726,63930.7742758,3.49115653222,2.0,[M+Na]+
3101,302.021151931,33.333342,1488347.18768,10.609518503,10,
3102,302.020440478,1792.43394,145888.964554,7.60652641968,10,
3103,302.030278198,54.042267,1113224.17397,7.36779752816,10,
3105,302.07242305,531.41556,20598.3861919,11.0220330927,10,
3107,302.072375991,603.53781,29982.2086539,11.8707735118,10,
3109,302.080267243,184.021281,2922755.75655,3.67486344351,10,
6257,386.029702547,121.152723,71244.6497416,8.88342707632,2.0,[M+K]+
6898,403.174261099,678.79701,111956.526304,3.27816397219,1.0,[M+NH4]+
7107,410.137647322,100.035219,1658792.10247,1.74391921846,2.0,[M+K]+
3115,302.123010519,119.445171,684095.215351,3.90611785048,1.0,[M+H]+
3116,302.116110293,141.203202,85757.0905822,5.8333342318,10,
3117,302.128364064,371.472408,53639.2277263,13.2657177417,10,
3119,302.112629329,165.164088,150646.79382,3.56596266597,10,
3120,302.149449591,227.456385,861983.7708,2.57912813094,10,
3122,302.149075528,344.882373,43105824.9135,3.94715036707,10,
3123,302.1493083,485.6892,28768.9266353,9.93001713726,10,
3125,302.171590693,525.617724,34497.3733588,4.41313788218,10,
12661,603.384879079,436.506684,1203375.45648,3.57427104793,1.0,[M+NH4]+
3128,302.206656386,267.260595,5281328.90306,1.22258927639,1.0,[M+H]+
3129,302.206586169,320.311362,21382039.2687,7.39161150225,10,
3130,302.206644348,128.243922,17118607.8771,1.59524191088,10,
3131,302.206653165,206.885778,14142541.342,6.9351313022,10,
3132,302.20651994,189.490839,15345045.4543,2.05878104125,10,
3771,320.232502054,647.35215,38258.2566828,11.0833038146,1.0,[M+H]+
3134,302.202092684,605.64978,145097.194317,7.59448889776,10,
8103,439.236364159,615.27924,54145.8999693,13.7793428009,2.0,[M+Na]+
3141,302.921023101,1604.25285,521095.922152,3.26558579368,10,
3143,302.959907956,68.991207,137629.779237,3.08468426762,10,
6326,388.107884399,376.389852,129099.557433,4.50692608966,1.0,[M+NH4]+
3146,303.039628657,603.69618,2315862.76881,0.655374957253,10,
3148,303.039562569,589.103622,4310022.99388,1.43435065034,10,
3149,303.064368055,183.899967,20256274.762,0.615902143786,10,
3150,303.062876727,640.05564,196247.129374,6.01870166554,10,
3151,303.083712611,678.90084,81355.4202948,4.99317717414,10,
3153,303.106532481,498.613641,16436.3683926,5.64930097611,10,
3155,303.130694414,381.801291,236263.556692,3.30768735421,10,
3156,303.133985084,531.376338,36032.2301541,7.70882970492,10,
3157,303.126171709,243.15336,28345.4965996,11.8461801586,10,
3161,303.152541123,227.6121,144574.08667,3.5678641488,10,
3162,303.176629244,38.1272982,1157747.08886,4.82849535237,10,
9039,471.328087004,522.075054,48517.8090971,12.2406447541,1.0,[M+NH4]+
3165,303.199286072,112.790328,271417.116814,4.90226042537,10,
3167,303.201874344,43.8052845,7355797.43579,3.05527858132,10,
4526,341.224912345,714.1428,179782.500219,12.9435694958,2.0,[M+Na]+
3172,303.238319416,248.3604,778894.333413,3.65942423239,10,
3173,303.238256726,139.435044,1688311.52565,3.23314269693,10,
3174,303.238271022,211.927536,2832266.72757,2.95897330748,1.0,[M+NH4]+
3175,303.23824639,64.073046,120787.005284,11.4346446782,10,
3176,303.263446878,769.26498,20690.0954872,14.1192379007,10,
12724,606.323153446,316.729365,44279440.726,3.17698569053,1.0,[M+H]+
3178,303.66503892,260.157372,112416.803391,13.062465152,10,
3179,303.985288958,503.919699,52980.115304,8.21576330361,10,
3181,304.014881735,54.4663869,1157671.91931,14.6506474938,10,
3182,304.018242059,33.3888417,1253514.55004,6.34542854214,10,
3183,304.014136826,502.674018,32498.2286087,11.1025891709,10,
3185,304.041192436,316.215735,118424.607949,8.80703961744,10,
3187,304.043067889,603.79362,221907.048593,3.39404154669,10,
3189,304.066294733,479.344074,26752.3428594,5.22339970884,10,
3192,304.102434452,38.6567532,3606528.60239,2.18698660845,10,
3193,304.133192914,670.11222,315429.321445,7.01030237053,10,
3195,304.143051792,135.409074,44888.2136347,3.58540526799,10,
3196,304.1566223,630.84519,53040.3330389,5.27377600608,10,
8756,462.197180258,269.319468,1000761.29508,2.64315159077,2.0,[M+Na]+
3199,304.1644717,231.209214,73796.8617524,11.6222048077,10,
3200,304.197111995,159.255513,241696.98341,1.8026774448,10,
3201,304.201235246,599.608602,29614.8209781,12.1051245928,10,
3202,304.20104068,567.93723,46168.2944286,3.98571635069,10,
3204,304.234545835,714.3438,126897.189154,5.44462434829,10,
5374,362.315523271,996.60486,68922.4761267,3.51506043119,1.0,[M+H]+
3206,304.631717149,230.400852,130267.979555,6.80530113672,10,
3207,304.638565736,309.229611,185252.206242,4.327676185,10,
3209,304.91819226,1604.04285,346446.856156,7.64164465588,10,
3210,304.961988713,34.4033205,941574.232514,4.21390220758,10,
6891,403.013402559,603.59874,87468.9068665,7.76709954711,2.0,[M+K]+
3214,305.073577172,65.734401,143939.53532,10.0130984303,10,
3216,305.07935774,172.776075,1439985.89904,1.62770603586,10,
3217,305.078549013,635.35473,18230060.021,8.78826025995,10,
3218,305.078488919,539.767629,34275.1163672,9.51348835973,10,
3219,305.097356611,53.9991444,4267995.5283,6.87172707266,10,
3220,305.092232381,493.724583,231050.491731,5.42845340275,10,
3222,305.08904264,114.536604,286390.420441,6.24544982537,10,
3224,305.118454776,51.6357603,233462.596595,11.3919503867,10,
3227,305.123300776,179.943948,94565.2180653,7.00454623734,10,
3228,305.1141385,870.75768,14992.1403492,4.09121549185,10,
3235,305.178498953,742.58844,153130.220401,2.05757865242,10,
7154,411.226024863,590.963736,4319524.70796,3.81084471722,2.0,[M+Na]+
3237,305.214274828,405.240009,70993.2495293,5.33281894539,10,
11790,572.339022916,284.99193,20931570.6656,4.12518741436,1.0,[M+H]+
3239,305.668100479,292.1637,406839.741278,3.40806739951,1.0,[M+H]+
3241,305.668234324,208.47078,2314725.04201,0.884938485872,10,
3243,305.991479293,510.137568,12659.5125727,6.76900504536,10,
7908,433.145145312,69.18867,417670.720608,7.18305072864,1.0,[M+NH4]+
3247,306.04769752,40.1264544,2075631.3513,2.95649443654,10,
3248,306.05274737,539.389623,95387.5186316,8.42054348363,10,
3250,306.073812104,507.18321,28194.2227461,12.0267932386,10,
3251,306.081181742,40.0671753,672476.026791,6.21601259113,10,
3252,306.082807284,172.951953,199533.580042,7.53549153112,10,
3253,306.081528411,214.659726,27884.1303649,9.94245908196,10,
3255,306.09565319,493.730757,61528.3200936,5.62714276342,10,
3256,306.093967574,469.40406,68383.0607012,12.0635314056,10,
3257,306.110877748,78.567963,371809.319914,11.3018675388,1.0,[M+NH4]+
3258,306.124004975,504.446082,60115.4187896,5.96786149526,10,
3259,306.136170878,342.168468,841270.16993,1.76171971187,10,
3260,306.132655845,660.4284,352365.963941,4.06562962794,10,
3262,306.145760363,407.72664,894965.764692,3.46911830748,10,
3264,306.144379971,139.551987,3261162.31748,3.72752443901,10,
6472,391.23630657,181.453377,6049155.95018,3.11381954663,1.0,[M+NH4]+
3266,306.144125168,476.830635,215842.176257,2.0143206986,10,
3267,306.153580987,420.484275,52904.111464,4.50242469753,10,
3268,306.157702276,351.964278,33458.3105437,12.7291217567,10,
3270,306.172497303,634.85082,645975.730475,6.85391417233,10,
3272,306.168659826,851.3172,10573.8575036,8.46225451167,10,
3273,306.180420865,603.53565,28952.8731344,12.7765831625,1.0,[M+NH4]+
3274,306.211398056,785.05032,37918.6111109,6.3468017864,10,
3276,306.216790472,690.23385,144373.824848,2.53255269574,10,
3277,306.271233492,904.57188,69579.6238292,11.4594060374,1.0,[M+H]+
3278,306.661685174,66.378456,285129.800075,11.8017988137,10,
3279,306.678070957,457.084251,34965.0970825,9.16556263248,10,
3280,306.688537777,278.844684,3073127.64348,2.58085654605,10,
3281,306.7067224,295.041816,225230.337787,6.61691353703,1.0,[M+H]+
3283,306.867270142,35.2618416,179806.91346,7.74083958124,10,
13959,666.810283049,1606.08306,211841.888502,3.09970961968,2.0,[M+K]+
3287,306.995031523,518.74779,18102.3530755,14.844019376,10,
3290,307.057090002,525.960081,27150.9325536,14.4327917743,10,
3292,307.075197897,172.236942,40660.0018753,6.26189723519,10,
3293,307.096730892,569.17608,159440.944661,7.10971283255,10,
3295,307.09421506,678.72996,12171343.8641,1.83562614355,10,
3296,307.098738209,504.268956,41280.3723245,11.1563164032,10,
3297,307.113030618,100.505847,2022503.16699,4.0830266733,10,
6643,396.211827411,155.378511,1816629.2247,0.415218204559,1.0,[M+NH4]+
3299,307.136177227,660.64878,36975.8829996,10.4426559962,10,
5871,375.190402814,606.9366,154000.919989,14.9441466145,1.0,[M+H]+
3301,307.149143063,407.868483,131265.245606,4.52782240969,10,
3303,307.150773364,520.832712,1701957.68382,2.34977875714,10,
3304,307.156333273,564.698226,30099.5249596,11.5330843818,10,
3305,307.185355821,40.3354182,226770.033365,14.9717488704,10,
3306,307.185657717,455.546694,57179.1899309,11.862649615,10,
3308,307.239005567,41.9093496,2081704.80146,10.6689999885,10,
3311,308.00257391,34.5092655,300966.240972,3.37469027601,10,
3313,308.068513116,586.038291,22670.6815216,7.2649678687,10,
4655,345.093713727,122.360541,1576247.88534,4.77135269413,2.0,[M+Na]+
3316,308.105485242,156.964884,1634746.92837,2.90992117916,10,
3317,308.115333782,405.507348,85242.2705135,4.71918720976,10,
3318,308.117334243,35.6976672,291220.716964,12.81757319,10,
3319,308.126954552,252.431961,35331.4466137,8.46776342985,10,
3320,308.12798341,681.72219,144736.701991,4.10353858915,10,
3321,308.142652506,407.790018,278074.668454,5.63100076796,10,
3322,308.143195631,95.825781,44439.2930507,12.231043617,10,
3324,308.15967264,443.845932,413066.843526,2.79628504711,1.0,[M+H]+
3325,308.159679306,357.757848,219008.695425,9.58255576979,10,
3327,308.188136679,678.91893,112542.097369,7.67822048636,10,
3328,308.225356782,46.2434439,1577570.61705,6.05570617242,10,
3329,308.685932414,296.561352,74199.841725,13.2742827683,10,
3331,308.990209141,34.7311068,208986.11353,5.47210643387,10,
3332,309.024046148,33.235311,5312695.46201,7.60485154592,10,
3333,309.031494498,606.96987,874217.390535,2.83881661572,10,
3334,309.043419913,34.2905955,570969.324947,8.25299710845,10,
5584,369.064506725,631.78614,25097.1537218,6.73568896076,1.0,[M+H]+
3336,309.068833083,184.441818,672702.078256,1.58572430856,10,
3338,309.141295796,637.47798,58545.6796624,7.01603689793,10,
3341,309.143643073,300.182187,869218.430681,1.56225076529,10,
3342,309.154950315,499.558704,20531.5242646,12.9335464242,10,
3343,309.160299026,82.903542,1239697.24226,3.26741486422,10,
3344,309.162814002,444.105876,37819.5672982,12.053303366,10,
3345,309.183074286,608.49426,47723.0900822,9.35900539339,10,
5498,366.201344838,374.965164,25393633.7122,1.19683928242,2.0,[M+Na]+
3349,309.191294418,237.728223,277478.281306,5.8712358554,10,
9578,491.215746892,588.313794,280078.588055,1.96660901173,2.0,[M+K]+
6029,379.180149814,175.778214,302646.77902,3.15682032672,2.0,[M+K]+
3354,309.205213769,908.99049,17459865.0396,4.21673683448,1.0,[M+H]+
3355,309.20520123,986.51589,6975769.55327,12.1183256415,10,
3356,309.188426798,462.739554,18515.7566435,13.3346095661,10,
3357,309.263963736,708.47913,36568.7978247,10.9847246707,10,
3358,309.282535156,853.24452,40047.1082267,14.7117361532,10,
3359,310.021860981,439.007058,16373.8104076,10.8381803935,10,
3362,310.045203095,504.623205,80049.3905151,4.97706322956,10,
3364,310.061901009,50.8375461,312337.054459,12.6608866481,10,
3366,310.079177794,107.362188,115910.199095,5.25678610519,10,
3367,310.093440599,678.57573,50999.9380381,13.1701069015,10,
3368,310.112469751,31.8570732,8781577.11025,5.71165243889,10,
3369,310.11317576,704.96652,14830.7690023,7.54267477877,10,
3371,310.135935101,659.97996,70728.8996333,4.67654489375,10,
3372,310.136388451,42.918639,752475.553723,7.45030420207,10,
3374,310.147119304,300.182187,127654.678575,10.2432872384,10,
3375,310.138424471,120.124731,7314666.51914,0.999808456506,10,
8263,444.24391695,60.980706,4835332.95399,6.15827271403,1.0,[M+NH4]+
3377,310.167212807,582.962832,57459.7881805,5.91934369269,10,
3379,310.17285608,99.094347,10360165.5063,7.4848841682,10,
3381,310.180880883,349.937151,341625.405399,2.76787675275,10,
3383,310.175276243,49.887228,9129829.03342,3.39685755274,10,
3384,310.176897823,587.520744,10389.9100278,9.43671943403,10,
3385,310.194318468,175.052202,69903.3153081,3.36356227056,10,
3387,310.200433904,686.27649,9217075.11305,1.95416015864,10,
3388,310.211719442,418.13592,568327.45995,3.04818649184,10,
3390,310.25801897,840.1446,9347356.40544,10.2175005725,1.0,[M+NH4]+
3391,310.669824012,380.09979,61528.5971336,10.0163188615,10,
3394,310.951726944,29.5501896,1143713.72888,14.9129393148,1.0,[M+NH4]+
3395,311.010755199,562.319112,9297341.71327,8.42566487036,10,
3401,311.030161881,520.531536,103726.464642,5.46233808646,10,
3402,311.047162044,652.40295,20197.8846941,13.0589279996,10,
3403,311.040575817,34.2939018,296573.24075,9.96489347313,10,
3404,311.049796752,631.72428,35708.3831422,8.25565747695,10,
3405,311.070655443,481.588836,46394.9926571,14.5349162241,10,
3406,311.079300921,504.268956,133047.637969,5.41560669592,2.0,[M+Na]+
3407,311.085840768,670.11222,43284.6757259,8.05527068811,10,
3409,311.09782672,218.6646,61060.3038467,7.52172398695,10,
3410,311.10908619,420.313587,87528.953167,13.7800224137,10,
3411,311.123005727,270.385218,301272.047895,3.42870889018,10,
3412,311.125489943,745.62954,326672.475363,6.48553118034,10,
3413,311.131513566,39.3882912,3533530.33687,3.78781790893,10,
10971,543.133752283,87.064335,473288.384071,4.53006395437,2.0,[M+K]+
3415,311.141178557,564.475047,104242.80509,9.79057591385,10,
3416,311.142324901,144.596082,490152.071502,5.63147509136,10,
3417,311.170499716,214.737156,579986.633212,6.63169097498,10,
3420,311.175549608,917.12112,12300.3769781,5.39507252783,10,
5573,368.253341186,480.315414,484619.050477,14.9344298183,1.0,[M+NH4]+
3424,311.214586263,417.804162,54289.8969167,11.3149916003,10,
3427,311.628210916,252.694242,37681.9689909,13.2067337982,10,
3428,311.936634509,64.796922,143766.556931,14.0263313964,10,
5542,367.985152511,534.527844,52951.6008052,4.17608119013,2.0,[M+K]+
3431,312.02456623,520.490706,151632.185486,3.66176407089,10,
3432,312.042252426,567.218355,696261.087599,3.86813758466,10,
3433,312.037349882,504.447576,77844.555856,6.1602729422,10,
7370,417.135522247,540.000903,44906.9802271,10.5027402392,1.0,[M+NH4]+
3435,312.080764452,606.9366,115347.257992,5.08355856649,10,
3440,312.13103778,60.61902,13086274.4205,4.39553378101,2.0,[M+Na]+
3441,312.135206784,39.2868174,131615.305331,12.4409153197,10,
3442,312.129389227,205.090776,1448966.03291,0.782756722617,1.0,[M+H]+
3443,312.12895764,745.31142,35048.3075336,2.63421554032,10,
3447,312.154530203,105.732288,145227.239834,10.1608052483,10,
12640,602.373186329,524.308836,521359.706838,9.29012117956,1.0,[M+NH4]+
4097,330.17240676,344.185953,80799.3862525,10.9788710284,1.0,[M+H]+
3450,312.158544353,826.45854,618513.002958,1.96481115627,10,
3451,312.169991896,517.961151,108453.500524,7.59006454198,10,
3454,312.216066786,559.967415,28703579.9169,2.05934483522,10,
3456,312.229056173,887.98344,1947418.28548,5.05979032828,10,
3457,312.263519279,583.558551,1558986.08077,7.26530365756,10,
3458,312.635999967,325.761456,42830.7040166,6.68763808827,10,
3459,312.940757317,34.7257599,620466.843056,5.13852049436,10,
3461,313.026323421,624.2859,12032502.7622,2.60423347719,10,
6526,393.090943849,637.887,302526.256033,6.00829546357,1.0,[M+NH4]+
3466,313.066841759,552.394008,28972.5823035,14.534721364,10,
3467,313.067487486,279.388407,37870.9993,13.1829439449,10,
3471,313.089872684,56.4568503,251125.545427,10.8883198398,10,
4053,329.078687169,569.281833,2009154.90799,3.57206354364,2.0,[M+K]+
8755,462.175727852,462.790035,35569.8558197,7.51780874851,1.0,[M+NH4]+
6408,390.153379887,493.724583,47789.5738103,3.34069349057,1.0,[M+NH4]+
13920,665.330728815,465.811044,260734.751239,9.36123383655,2.0,[M+Na]+
13179,625.328980028,109.938723,1622306.41993,4.98043659468,1.0,[M+NH4]+
3483,313.175197483,53.9854254,2707697.36984,2.88734606969,10,
3485,313.18958692,552.464265,30659.8062408,6.03272174758,10,
3487,313.193046657,615.8322,13517.0038709,10.9880128132,10,
3488,313.224699966,819.51651,74629.7184972,2.96305107138,10,
3489,313.25880147,593.777355,138833.570176,10.2747812524,10,
3491,313.615043841,359.006628,74028.7288709,14.4808088579,10,
3493,313.665642535,152.883324,1104362.16659,4.10275556084,10,
13199,626.34913514,157.141572,6033513.39052,2.69533647324,1.0,[M+NH4]+
14267,687.401511531,354.911829,63629.1864824,7.05031112238,1.0,[M+NH4]+
3497,314.030701865,33.8696898,211622.682272,4.14305659104,10,
8751,462.082699225,591.840045,91871.4152492,9.67749985746,2.0,[M+K]+
3500,314.072433977,606.63375,247653.801784,6.244283829,10,
3501,314.065424815,33.0166584,849540.493333,4.24734098742,10,
5985,378.162103497,52.0464048,1463367.9399,4.46049361655,1.0,[M+NH4]+
3503,314.072529587,562.410174,3492607.25049,2.83192521271,10,
3504,314.090876519,132.084672,4311787.59883,1.63759706403,10,
3506,314.091960805,520.337184,84586.5345884,7.71822515486,10,
3508,314.096818219,550.5549,23529.7569989,12.6788099468,10,
3511,314.113459112,241.582662,42232.9750343,8.93938076281,10,
3512,314.122130853,64.19274,1675708.061,6.50174024442,10,
3513,314.129021917,111.473289,154166.609232,3.00301463151,10,
3515,314.145030329,72.146466,4838282.25827,4.24581434091,10,
3516,314.137453086,504.613674,180686.227931,4.64335636498,10,
3517,314.141128957,257.517111,362161.927618,5.73538445629,10,
3519,314.138285962,42.591417,1821377.25863,6.27284000528,10,
3522,314.166251543,42.125502,583979.851768,5.18621400377,10,
3524,314.177563195,476.084415,285358.240037,2.99154609875,10,
5004,354.169886917,527.52981,120957.361918,6.31080577257,2.0,[M+Na]+
7934,433.275688542,39.697023,365491.124282,6.54692086328,1.0,[M+H]+
4138,331.230232355,912.11103,163424.789917,6.58197838819,1.0,[M+NH4]+
3528,314.206590998,231.336726,11499802.0194,3.57961583825,1.0,[M+H]+
8955,469.235871721,560.438184,107285.567063,11.7112489859,2.0,[M+K]+
3533,314.254282684,333.919011,30614.28822,8.15478118012,10,
3534,314.340830931,1185.01248,5577947.1159,2.67418490325,10,
3538,314.990778144,34.6681575,2784064.2166,7.08821663623,10,
12622,602.135272318,606.60168,294884.045949,8.60450607108,1.0,[M+NH4]+
3540,315.056197399,545.391381,26703.5485341,7.34326652428,10,
5852,375.075112942,482.055696,34904.0284399,7.88592422014,1.0,[M+H]+
3545,315.083267109,605.69814,390956.769995,6.44926126431,10,
5851,375.074143382,541.208283,34454.6435999,11.2244016364,1.0,[M+H]+
3548,315.097837722,587.581734,30633.281918,9.23089844429,10,
3552,315.094650301,132.036078,458658.822052,0.617551726734,10,
3553,315.106424617,393.01251,67821.8858809,5.31841994542,10,
3554,315.104439867,164.470323,50061.5386367,6.76457283678,10,
3555,315.109588331,661.19964,46766.6859195,10.9925697781,10,
3557,315.104121785,566.395734,232545.707719,7.89380506995,10,
3558,315.107766794,503.740329,112177.246042,4.24431317026,10,
3560,315.144208477,164.294514,316699.906327,1.4309708113,10,
3562,315.159811972,297.889845,141273.801332,8.98700684846,10,
3563,315.166958625,630.66876,693716.685145,4.67778779933,10,
3564,315.171199896,131.367204,1046801.34623,2.8467582187,10,
3566,315.180836516,476.03358,43474.2259685,8.13251417505,10,
3567,315.187308606,33.9689115,1195112.65115,3.37623449519,10,
3572,315.274498935,515.336934,122921.111781,9.62810919534,10,
3573,315.274528054,614.58375,1229514.20264,4.28866131276,10,
3574,315.27429226,567.33021,25586.2656686,12.61509068,10,
6347,388.705040549,295.885674,11280659.0264,2.56146023062,1.0,[M+H]+
3577,315.977376746,37.6056948,714622.029497,13.1199550559,10,
7716,428.019708753,33.4400376,795005.967017,6.90422634153,1.0,[M+NH4]+
3579,316.036469377,33.1285062,445519.705413,11.0797185007,10,
3584,316.068704002,31.8611016,318708.41084,11.6346308338,10,
5404,363.167919445,68.042496,594071.997508,5.25384284533,1.0,[M+H]+
3589,316.105605077,562.652862,562459.843802,1.96655179362,10,
3590,316.120591143,271.292301,306885.052767,2.99057095265,10,
3591,316.125834273,101.610408,3182017.81143,8.46656536896,10,
3593,316.135834014,62.860644,18667884.0713,4.02645954178,10,
3594,316.126075834,425.735412,73346.299634,6.21881069013,10,
3595,316.128375353,278.866476,1316748.31577,4.71013215458,10,
3596,316.154736029,631.78614,31723.3514136,7.20954725487,10,
3597,316.154624275,618.1017,17801.140455,14.8649997597,10,
14070,673.313485225,71.043273,192687.402936,9.3669550275,1.0,[M+H]+
3600,316.154354774,681.58326,118421.401985,8.20118657258,10,
3601,316.17064296,42.3457326,884268.015087,9.37582671348,10,
3602,316.169990683,630.82605,88079.2329219,11.8330897497,10,
13308,631.354751129,394.218987,1309830.5235,2.89531565226,1.0,[M+NH4]+
3604,316.18424635,573.680736,52151.1742038,8.58410782011,10,
3605,316.185820972,88.283292,44344142.2456,13.832560605,10,
3606,316.185887052,164.107338,32407305.797,1.83761116408,10,
3607,316.191649016,265.144278,318938.110215,5.61927183786,10,
6557,393.256968852,415.946361,1311311.29914,3.2423825251,1.0,[M+NH4]+
3610,316.222322463,136.134675,6052940.32645,3.74781511179,10,
6848,401.311062552,181.93995,1009141.54596,1.3925371072,1.0,[M+NH4]+
3612,316.222267496,232.565859,42041080.5832,8.29965435595,1.0,[M+H]+
3613,316.226444801,704.19168,41775.5367304,12.1318520112,10,
3614,316.247402796,659.01414,3139754.69946,6.26011182577,10,
7189,412.229724236,590.783487,746050.968754,3.51040049966,2.0,[M+K]+
3616,316.266780781,625.32312,148750.285711,3.82469315006,10,
13323,632.316850783,247.994895,971145.071468,3.44101441399,1.0,[M+H]+
3619,316.682567884,393.899883,60979.7281325,14.6202483587,10,
3621,316.919294,1605.44403,3515864.40967,0.79991620058,10,
3622,316.952824784,34.8350025,2473995.92178,6.44357439416,10,
3623,316.997737018,558.301224,73801.384377,13.2673747359,10,
3624,317.005676341,33.333342,1249617.54181,10.8993223389,10,
3625,317.021316316,345.553392,37121.448601,3.1368374785,10,
3626,317.036480493,606.75222,1322245.82187,2.68456009932,10,
3627,317.021967268,35.3823498,593874.39169,13.7368673556,10,
3629,317.05525904,652.71525,843440.064191,3.22438072281,10,
3635,317.088980178,100.348662,3659129.22424,1.06609056343,10,
3637,317.100645456,634.54302,151688.268209,6.54071978128,10,
3642,317.146511388,108.924852,983133.499569,2.1196821572,10,
3645,317.158820454,697.7988,150316.372591,2.02546364287,1.0,[M+NH4]+
3647,317.169890244,484.975386,312044.045373,4.40927168152,1.0,[M+NH4]+
13766,655.34142048,333.224136,121564.04387,8.06605579302,2.0,[M+Na]+
3650,317.183057971,366.850467,733304.490228,5.89265719225,10,
3651,317.189371703,284.063112,19672.0665461,6.26210699607,10,
3653,317.19206829,41.7144828,937299.864227,9.20029283887,10,
3654,317.217444113,61.715538,29619941.6394,2.71591086934,10,
5827,374.275060258,299.151939,2001489.25666,7.00059919893,1.0,[M+NH4]+
3662,317.261980334,769.33329,46426.717679,9.64874703126,10,
3667,317.984627499,35.0500689,260550.72321,2.55651575419,10,
3668,318.034384489,33.333342,906126.55852,6.69917427227,10,
3672,318.067326711,507.561582,58383.0165044,13.8194122258,1.0,[M+NH4]+
3673,318.071492513,534.565815,41829.4768533,13.8520654738,10,
4157,332.099938303,101.294094,4739457.36748,7.79281473981,1.0,[M+H]+
7561,423.168260668,371.299098,41582.4408585,9.74375127596,1.0,[M+NH4]+
3677,318.110868587,110.449347,604661.177984,2.39916665527,10,
6963,405.195553295,247.559556,62347.9910464,13.5562370758,1.0,[M+H]+
12791,608.383908964,448.970061,17523302.967,7.38050511658,1.0,[M+NH4]+
3684,318.172627432,553.259724,2542289.12785,0.615033523936,10,
3685,318.183658365,591.767028,430925.959955,4.80447621321,1.0,[M+NH4]+
3686,318.183331277,392.233095,81729.7628954,7.78435413291,10,
3687,318.184431076,123.093138,64650.3100743,11.9382158888,10,
13717,652.409910503,461.992191,8944339.87111,3.17894709826,1.0,[M+NH4]+
3689,318.201505906,164.294514,2086191.90343,2.67848837868,10,
3690,318.201500055,149.119758,7048824.46407,2.68536678285,1.0,[M+NH4]+
3692,318.205492003,508.291488,675851.94052,4.56379301538,10,
3693,318.212796418,245.333394,978474.311874,2.09365777406,10,
3694,318.216880776,655.9665,115460.467647,3.47002610779,10,
3697,318.22440669,176.798694,41657.195803,8.99350440347,10,
3699,318.299495621,872.91219,5174423.14226,7.74953415215,10,
3702,318.885902293,34.9335468,110717.984736,4.41587803906,10,
3703,318.895141955,1604.2839,168960.241751,7.28504572688,10,
3705,318.97576421,33.235311,524644.469806,7.59320927545,10,
3706,318.994924678,558.181695,29746.5781932,13.7572335346,10,
3708,319.013574973,603.69618,2496962.35516,2.32264096163,10,
3709,319.013493518,589.103622,4941404.32606,0.441037946098,10,
3710,319.036747189,183.965004,2118984.24754,12.8511989419,10,
3712,319.052669683,637.77408,552772.914863,8.05413626534,10,
12535,599.19402433,208.853025,9616846.55837,3.56756986555,1.0,[M+H]+
3716,319.073211645,661.58178,134423.49669,2.43554920464,2.0,[M+Na]+
3718,319.09673658,612.60936,221217.916464,11.5756112672,10,
5942,377.144551689,381.968226,53836221.4914,3.89381391508,1.0,[M+H]+
3721,319.123424351,340.950828,146635.130553,9.21974291479,10,
3723,319.139290685,164.99526,4629564.24877,1.6190999423,1.0,[M+NH4]+
3725,319.13932871,247.304085,4978208.79102,3.07709111126,1.0,[M+NH4]+
3726,319.139359067,206.885778,492538.20128,4.81558938644,10,
3728,319.128047686,343.857402,34987.9275277,5.19604603626,10,
3730,319.167958861,229.908666,1867474.16621,3.21875582815,10,
3731,319.151807483,244.44927,53156.3373462,12.1051759483,10,
3732,319.198728549,768.16143,44157.714156,6.58688067175,2.0,[M+Na]+
3733,319.210574559,644.48217,25320.3756999,6.76301304963,10,
3734,319.205091637,221.148222,1834556.9856,2.29732508053,10,
3736,319.205051209,67.280424,8619280.16769,2.03921970039,10,
3737,319.229999894,376.751226,31948.4137694,7.84752105669,10,
3738,319.294668823,778.71642,86917.6094487,10.2440699982,10,
5738,372.72464898,245.626362,71503.8974347,8.0472585289,1.0,[M+NH4]+
3741,319.683915986,285.540756,283356.063095,7.5696733696,10,
8948,469.121808693,45.5961576,971765.989784,3.34365183306,1.0,[M+NH4]+
3747,320.078128761,338.401674,166047.590497,8.92705268843,10,
3749,320.102407124,51.7366584,294355.645897,9.26095926874,10,
3752,320.100126836,547.550844,17010.0215538,12.3966051582,10,
3753,320.112105516,754.98471,68487.0736047,7.80475630813,10,
3754,320.120283052,124.380198,59033.0094867,6.28420321827,10,
3755,320.136242583,574.031292,181057.907768,8.63008590966,10,
3756,320.126509557,85.319682,130658.590881,0.966623568165,10,
3759,320.148498012,693.72741,2967394.21128,5.82331098592,10,
3761,320.15962804,418.316652,845364.811898,2.29666238421,10,
3763,320.163082777,200.010084,909761.935719,1.53292120519,10,
14221,684.341605508,585.117105,42679.4977589,13.4608262794,1.0,[M+NH4]+
3765,320.185738318,681.72219,1361874.01155,4.69379947702,10,
3766,320.177827212,454.815186,96953.8001779,5.74355434216,10,
3767,320.180790628,48.025668,43020904.9604,3.16565298815,10,
5777,373.243580091,524.1495,1932700.06127,5.26235358849,1.0,[M+NH4]+
3769,320.196206127,657.66276,174666.50467,13.1300839804,10,
3772,320.268637717,618.95202,47974.6358297,11.288326061,10,
3773,320.286827777,812.4372,127797.020288,6.64183528671,10,
3774,320.704228622,312.934608,1257369.67263,1.28462317758,1.0,[M+H]+
3775,320.722295386,376.330668,92743.0538301,7.24969227787,10,
3777,320.953408698,503.916333,103475.915028,2.45871904977,10,
12453,596.105605846,603.69618,95340.9796474,3.27273364164,1.0,[M+NH4]+
6981,406.100641278,448.794528,59254.9761697,13.4179725318,1.0,[M+NH4]+
3782,321.036875232,33.6538932,338178.489347,3.46157680474,10,
3783,321.061914393,288.723444,81429.6271475,7.95895517687,10,
3785,321.069902543,661.58178,44647.3110521,9.29023279145,1.0,[M+H]+
3786,321.072724304,329.209863,22746.0381367,13.2431485391,10,
3790,321.081598762,523.774872,77372.6083993,2.73099657089,10,
8318,446.071276412,439.75344,48736.8204964,10.1398946486,2.0,[M+K]+
7662,426.174697566,748.725,187837.314483,2.2440340227,1.0,[M+NH4]+
3794,321.110033195,667.64787,158493.74435,1.5986487133,2.0,[M+Na]+
4461,340.078514756,243.225273,740786.930875,4.20479982631,2.0,[M+K]+
3796,321.12311378,581.507862,974635.392144,6.42384849202,10,
3797,321.121785118,56.0879493,18183006.175,2.64602209369,1.0,[M+H]+
3798,321.121290537,561.889599,58826.068667,9.78777619296,10,
3800,321.158031249,78.065274,56533.838278,10.9385921319,10,
3802,321.166678684,151.137702,886530.975943,2.89632206044,10,
3803,321.194481627,443.894238,40431.2650194,9.22047861531,10,
3805,321.194687642,135.117795,603530.878759,1.85071680295,10,
3806,321.193119407,643.05006,31618.2634339,9.47950642313,10,
5329,361.233948505,690.85944,456404.159137,4.19368494128,2.0,[M+Na]+
5506,366.689874193,58.1373945,1149617.95692,11.1664174123,1.0,[M+NH4]+
7129,411.011886511,64.653642,1852848.17233,9.54832178359,1.0,[M+NH4]+
3811,321.992414532,33.0121638,359561.448123,8.63412117858,10,
3813,322.037399998,33.4445688,486368.01334,6.71079265,10,
3816,322.068051566,469.207506,38432.9471587,13.0023489212,10,
7861,432.136467092,73.02468,321032.708312,5.93597973141,1.0,[M+H]+
3820,322.084811524,406.565232,36908.5210821,10.4527832729,10,
6672,397.166032177,639.70893,38438.7856982,8.51140084972,1.0,[M+NH4]+
3823,322.105925185,173.292696,51049.5965238,6.52238102397,10,
3825,322.113146472,667.64787,20547.6852634,10.497408803,10,
3829,322.133506324,296.635632,1900642.87896,2.65104162111,10,
3830,322.143915063,466.38918,10639.4832523,7.29966503124,10,
4928,352.185818663,249.935895,25092156.8338,2.25111055606,1.0,[M+H]+
5680,371.231310151,541.208283,814912.017151,7.59515383779,1.0,[M+NH4]+
3835,322.164810346,481.963446,32368.857863,7.26687540785,1.0,[M+NH4]+
6422,390.23273368,226.654476,108122.144197,10.1949406171,1.0,[M+H]+
3838,322.185690363,382.933788,49741.3427832,6.40992336024,10,
3839,322.181803326,681.58962,37113.3721515,6.25532830836,10,
3840,322.191374313,134.949108,898202.71664,2.91796532366,1.0,[M+H]+
3841,322.211626909,409.796784,68037.0051114,3.53864254836,10,
3842,322.222917381,312.073326,857286.884147,1.97163858558,10,
3844,322.236871647,962.60226,15302252.4664,4.42302736876,10,
3846,322.284283723,630.27045,15617.8635086,11.587590535,10,
9223,478.263571268,685.51224,104584.475865,7.55205487153,2.0,[M+K]+
3849,322.660420373,301.221126,261103.302169,4.93803852481,10,
3850,322.691022355,396.390855,2120741.18642,0.732671170928,10,
3851,322.692730175,343.194519,139821.155533,6.1370413851,10,
8605,456.912339241,34.615902,288368.241317,3.50734975303,2.0,[M+K]+
3855,322.989593909,33.9652962,2431932.12074,4.39774996647,10,
3858,323.031226693,486.490074,32680.4817254,8.91554786777,10,
3861,323.039861859,33.333342,5569714.96664,9.85231662269,10,
3864,323.078555398,545.314536,16959.1049795,2.87999505789,10,
3865,323.090492801,100.191975,2714676.86504,3.15308448318,10,
3867,323.107392625,31.640139,335577.513531,4.99357943238,2.0,[M+K]+
3869,323.124712721,520.659093,1097154.35911,2.66898738289,10,
3871,323.140056402,316.893693,249864.481256,13.2692624021,10,
4484,340.177929277,653.07744,236106.035454,6.33395873941,1.0,[M+NH4]+
3873,323.16321328,496.752081,51892.648415,7.11351181851,10,
3874,323.163397756,529.63485,52449.4435543,6.05613651882,10,
13597,645.378385972,396.572229,237276.156151,5.58409617752,1.0,[M+NH4]+
3878,323.198945631,634.69077,246524.301478,13.66232538,10,
6106,381.209846697,372.413766,561764.42379,8.66487010307,1.0,[M+H]+
3880,323.216986086,38.8649484,740056.486353,14.6906006514,10,
3882,323.248250735,714.48192,23516.1865364,13.3552880335,10,
12772,608.265965689,316.215735,7223479.97402,6.43995601155,1.0,[M+H]+
3886,323.654203829,268.855122,66663.4724717,4.51584662193,10,
3887,323.694204303,396.390855,151451.86049,4.55671213426,10,
3888,323.708614743,476.83263,63060.7734991,12.8582622507,10,
3889,323.831525219,1601.83953,29466.0865589,14.753123482,10,
3891,324.058356319,123.741918,840113.250699,7.92519611856,10,
3892,324.05843155,43.1720985,2326830.86042,6.5018850558,10,
3894,324.092350257,158.530578,36658.6321186,8.20081289886,10,
3895,324.092463257,539.935458,131845.881008,8.19509070422,10,
3899,324.13095019,345.087531,2458088.48753,4.14763867324,10,
4462,340.107580635,591.840045,205037.108914,3.62551880048,2.0,[M+K]+
8644,458.223307705,172.068264,1610201.3329,3.35875549646,1.0,[M+NH4]+
3903,324.154555192,159.782574,6319818.34389,1.28723788591,10,
3904,324.154666981,100.505847,6225706.99142,2.7257461993,10,
3905,324.154630094,125.258919,2150095.84153,4.67908288775,10,
3908,324.164832156,168.107904,26153.9591513,7.5641805536,10,
3910,324.188030107,606.46545,75583.5198445,11.3058043967,10,
3911,324.187683525,723.70509,231295.160475,4.21041612961,10,
3912,324.205505548,438.888432,102158.728775,8.73887954149,10,
6121,381.306141411,43.5399765,1745335.57649,7.69628484911,2.0,[M+Na]+
9106,473.733894745,369.498903,1274079.75086,4.87288192422,1.0,[M+NH4]+
3915,324.684344778,329.944521,34602.8734468,8.72477168929,10,
3916,324.895126135,34.7257599,186905.073759,4.93141683847,10,
3917,324.927835468,37.0846302,2158172.24455,5.01430922433,10,
3918,325.021475828,531.376215,82287.0619216,6.30689554302,10,
3920,325.02644131,631.78614,122735.765104,7.65693831041,10,
3921,325.046321321,184.059087,2494442.25528,2.28859807475,10,
3922,325.072269893,46.2434439,1912971.83866,4.12618270651,10,
6727,399.074368867,592.875147,31858.4583863,10.7768232998,2.0,[M+K]+
3924,325.083795809,704.96214,130999.873919,3.59536302624,10,
3927,325.10905032,57.9801495,2017261.21016,7.84995386978,10,
4516,341.155904,118.265601,3457298.86877,2.93402091269,1.0,[M+H]+
3932,325.138792305,105.210471,134560.556071,8.64013168477,10,
3933,325.138232841,55.2439191,473704.364827,3.95130117125,10,
3934,325.149726589,231.688224,212474.572209,3.26581271,10,
3935,325.155519747,935.4327,25130.5427232,7.21289737265,10,
3936,325.167759294,309.732612,155637.655136,4.85505642526,10,
3937,325.189484971,451.35609,90596.3629662,10.5867027843,10,
3938,325.200157493,896.5536,4698186.25492,3.52603213448,10,
6313,387.221973061,389.96079,875858.850654,6.74285447803,1.0,[M+H]+
9482,488.323758481,887.98344,402114.260491,3.73145250746,1.0,[M+NH4]+
3941,325.230942323,324.008616,39354.0734292,14.0701022204,10,
6710,398.336684659,623.77212,171448.368072,13.5529168968,1.0,[M+NH4]+
3943,325.669566065,309.581079,44982.6865528,13.1975392751,1.0,[M+NH4]+
3944,325.670624953,113.687853,134843.430736,10.018112042,10,
6282,386.720269865,389.96079,2083755.87822,4.42278349103,1.0,[M+NH4]+
3946,325.683757561,356.413896,45905.3982724,1.13632822557,10,
3947,325.682155304,299.317296,115295.699619,9.88116716618,10,
3948,325.714563406,349.314717,3838546.53844,2.29251127189,10,
3950,325.995962829,438.920022,18151.8544047,8.86522826158,10,
3951,326.038806847,33.3376458,302878.832909,7.770354625,10,
3952,326.056246744,90.436068,42032.1776355,9.88229156212,10,
3953,326.056502218,123.354078,32819.9178627,13.973733153,10,
3955,326.068792607,678.72996,156299.596826,6.98113750725,10,
3957,326.11547115,589.263336,548055.534532,4.73875088267,10,
3958,326.115734879,603.8328,198358.812664,7.88302640793,10,
3959,326.146702997,61.235229,10174281.6579,6.05041554539,10,
3960,326.146836127,399.489168,993098.170418,10.2849611988,10,
3961,326.142748498,36.9184143,4008383.83604,2.20418696792,10,
3963,326.157996453,361.58028,81314.1642287,4.70810740682,10,
3964,326.1678812,102.247722,1179597.91019,1.70594417481,10,
3967,326.198068853,547.526094,77237.2935411,11.0764124591,10,
3968,326.193367362,493.75596,4586992.54936,1.47132316558,10,
3969,326.221133235,504.623205,9133683.46981,1.85985309409,10,
3973,326.709787107,323.877963,893216.810743,2.54490734956,10,
3975,326.886216169,37.39869,810623.269462,11.073899713,10,
3976,326.956115144,1604.5125,353552.803869,4.07896597591,10,
3977,327.015498146,37.182402,1112893.37012,5.95731454143,10,
3978,327.030807359,184.021281,2308909.05216,8.81619277898,10,
3979,327.034455614,33.235311,3440545.14915,9.98273092739,10,
3980,327.039255613,617.89905,46933.7924151,2.93120716301,10,
7010,407.056675497,670.11222,63845.2621472,4.40308352875,2.0,[M+K]+
3982,327.050713344,35.590398,1637449.762,7.46111269049,10,
3984,327.070738626,33.6500322,2103283.92444,3.24865538894,10,
3985,327.083920341,420.247215,84673.0514499,12.2491742448,10,
3987,327.099491571,745.45521,296580.019394,5.95906291884,10,
5324,361.175724089,547.526094,285094.867974,5.03978903485,1.0,[M+NH4]+
8099,439.217663382,250.905738,240409.089348,4.56424778579,1.0,[M+NH4]+
3991,327.12689953,38.4422838,1671224.94507,5.49918173356,10,
3992,327.150537916,99.006,1861412.25416,4.60745078161,10,
6456,391.156435089,681.72219,453686.544761,7.18082994967,2.0,[M+K]+
9709,496.238479705,87.796878,150812.258865,10.5036288053,2.0,[M+K]+
14224,684.391573901,407.507016,204225.87103,3.0963289431,1.0,[M+NH4]+
3996,327.175534712,211.842354,133683.907279,13.0113874128,10,
6880,402.264077574,495.106239,231292.003945,2.38349778261,1.0,[M+NH4]+
4000,327.20532531,504.98439,1844686.94466,3.05757608736,10,
10061,509.278830436,547.962819,53713.87429,11.9101655251,2.0,[M+K]+
4006,327.71197599,343.840584,204595.421859,6.44482962008,10,
13755,654.453098167,372.866727,870346.256486,1.37054386644,1.0,[M+H]+
13754,654.428376698,347.784021,242369.196372,7.89763757281,1.0,[M+NH4]+
4009,328.018906742,33.333342,601558.715547,5.20990677935,10,
4010,328.034591876,503.916333,22765.6233203,6.37046900915,10,
4011,328.073444601,550.474788,24205.762051,6.06871140637,10,
4012,328.099339882,438.941277,112354.183573,8.29427126773,10,
4015,328.103037507,745.31217,29633.0537411,12.9522576855,10,
5323,361.175676168,602.36664,12828.8875228,9.54675170566,1.0,[M+NH4]+
4018,328.1180747,342.508401,23217.4225656,12.3881042044,10,
4019,328.126420432,250.466712,161012.759608,8.6592647617,10,
4021,328.149381808,83.695845,106183.031121,14.7502394532,10,
4022,328.146625314,47.290035,1681485.94407,8.22205324651,10,
4023,328.185768552,500.293383,176230.065366,2.5834309106,10,
4024,328.179765601,87.013308,169819.089199,6.0633125691,10,
4025,328.180847145,306.148452,77671.062925,1.88663746688,10,
8304,445.264545194,331.549017,1500415.59143,2.93185740792,1.0,[M+H]+
4028,328.209776446,311.077485,896909.547985,3.34579651128,10,
4031,328.213040412,243.573525,85863.9878158,11.0253624405,10,
4032,328.222233331,283.180506,53747110.9378,1.47618504522,10,
4033,328.232073803,296.635632,2488008.97338,1.03071633977,10,
4035,328.258477487,522.255348,74383.5047309,14.1818609231,10,
4036,328.25418403,904.12698,61187.2839072,2.55071695843,10,
4038,328.649160459,314.141193,59769.677885,8.33193274575,10,
4039,328.707227269,383.884722,381871.707841,2.58698753648,10,
4040,328.711232702,311.262828,285052.160067,8.11680167648,10,
4041,328.711175037,347.234388,93683.7981172,12.1522169377,10,
4043,328.92561051,1605.92256,2725378.49851,2.6724579353,10,
4045,329.004307856,1384.60077,1352417.49822,12.1774022798,10,
4046,329.004295283,1014.90978,2380331.36582,10.5151772892,10,
4047,329.004337732,1222.86486,1644157.04301,10.6442653646,10,
4049,329.027567747,184.180341,1273733.45456,3.46221729545,10,
4051,329.057619144,681.8676,3183032.90535,2.62534803076,10,
4052,329.05500066,642.27789,53485.0259376,5.18092264418,10,
4054,329.083386657,550.474788,134686.032896,6.41510251328,2.0,[M+K]+
4055,329.104035918,33.7052745,1642091.35983,8.78230046081,10,
4057,329.109314784,532.746084,48706.7668379,4.79916150395,10,
4059,329.130169837,496.928415,23501.2562082,13.7433837572,10,
4060,329.132713294,520.832712,92973.2483842,5.16666191116,10,
4062,329.148853114,262.815642,647162.944032,1.71096808095,10,
4065,329.14866744,809.45589,13425.0628451,8.46873603384,2.0,[M+K]+
4068,329.200679242,504.98439,54056.2611877,11.0406366764,10,
4069,329.220459401,504.446079,31885.37017,7.69198865718,10,
4070,329.214405936,520.48059,76388.4096189,7.26999406374,10,
4071,329.26777752,550.373025,805034.734185,6.90830997193,10,
4073,329.638737045,287.06925,45565.4718154,13.723451808,10,
4074,329.935891709,1602.70167,99728.1418133,9.18798965464,10,
4076,330.051742352,33.1285062,588507.300522,7.58003188759,10,
4077,330.050390586,550.563762,76531.8351575,6.97875072202,10,
4078,330.058860992,74.226087,7648022.81853,1.78054257368,1.0,[M+H]+
4079,330.067218347,404.537763,157119.939302,12.1357595034,1.0,[M+H]+
4080,330.064852976,504.623205,71303.2555547,9.56787688532,10,
4083,330.084543571,526.182987,22435.2819013,6.2151089079,10,
4084,330.087090828,493.724583,315359.389462,5.90124092415,10,
4085,330.111503189,36.3490071,266357.708069,12.5250685223,10,
4086,330.114946989,504.623205,926284.989293,3.69282272515,10,
4088,330.122874233,121.283316,127373.85666,4.97783659975,10,
4090,330.14350313,424.730712,28606.9815541,8.47463908854,10,
4093,330.15274585,39.1914846,237119.429909,8.10607370364,10,
4094,330.165106111,105.042723,1268592.05939,0.839454457615,10,
6340,388.222241052,871.56333,112282.130814,6.27801348614,1.0,[M+H]+
4096,330.170082893,678.72996,1607081.43786,5.61766295422,10,
4098,330.179711525,887.98344,1839182.89966,2.65975473854,10,
4099,330.178444677,311.733504,381505.634535,3.9888495546,10,
4100,330.198380085,662.68839,33017.1487814,8.20950026783,10,
4101,330.226630995,520.659093,2244086.85214,11.0818930212,10,
4102,330.237851406,239.716767,39517130.9049,2.08469817299,10,
7797,430.254097263,511.621122,127292.601227,8.26100566423,2.0,[M+K]+
4105,330.677580165,265.144278,105348.021381,10.7269158472,10,
4106,330.70673531,458.007813,268423.473044,6.45315617698,10,
4107,330.91188128,34.9362225,165787.869115,9.79044961462,10,
4108,330.968197157,34.6681575,3848781.30454,6.62497285584,10,
6483,392.030161167,534.527844,54208.0195722,12.8127094201,1.0,[M+NH4]+
4110,331.012493763,641.79915,25689.1775795,14.6916312265,10,
4729,347.044637349,670.11222,2213896.34077,6.0235825701,2.0,[M+K]+
4117,331.064834354,33.4445688,370051.94905,7.06263371389,10,
4119,331.078169485,164.829702,130193.942786,7.18828465116,10,
4120,331.09490979,235.290459,2375711.18278,3.89649716426,1.0,[M+H]+
4121,331.099108537,520.48059,395548.322253,5.1612991816,10,
4126,331.146849166,35.055603,1766254.55263,9.02899725367,10,
4127,331.139150451,211.493718,100687.837145,8.27500545714,10,
4128,331.144002079,635.87952,138477.66807,7.16069736284,10,
4131,331.17355683,326.28252,552078.921247,3.07874519116,10,
4133,331.175550244,707.63316,101678.29868,8.27582812233,10,
4136,331.196758793,350.67741,314836.924094,3.31996794076,10,
4137,331.208150326,499.174272,2880932.70197,4.5500711386,10,
4141,331.237237263,930.17541,10803.8263303,11.4638227729,10,
4143,331.283347154,543.096102,524248.782103,1.15051795695,10,
4144,331.680048593,368.2125,112789.55784,6.31432709378,10,
4145,331.696245171,397.480107,33764.609432,13.3471278578,10,
4147,331.977889081,49.9435752,191415.343555,6.97888911822,10,
12644,603.07965153,606.63375,104391.244929,11.0961132598,1.0,[M+H]+
4149,332.048974284,50.0528187,306372.671863,14.9901764796,10,
4151,332.047246287,550.474788,24010.9885131,10.8290383756,10,
4154,332.082981098,606.70407,149519.058262,2.78959675628,10,
4155,332.095666933,72.146466,1150003.40085,6.88629820844,10,
4158,332.100293976,474.935082,21781.3908977,8.29404509952,1.0,[M+NH4]+
4159,332.11250041,33.7052745,844411.90156,4.60578858883,10,
4160,332.109727443,62.59824,10057284.1609,6.46959377343,10,
4161,332.128364481,535.619133,51666.6572512,14.4198901336,10,
4163,332.144049562,630.6363,74207.033257,7.11328317747,10,
8010,436.2179446,237.200481,9112003.24813,6.30831942246,2.0,[M+Na]+
4167,332.180625392,335.373519,686638.661183,7.40524101732,10,
4168,332.181972673,501.01158,47413.7593831,5.00526349844,10,
4169,332.18812258,476.020047,29132.6842976,14.2729512746,10,
4171,332.188578413,759.97194,63619.4467547,7.74250293349,10,
6386,389.238457791,268.635219,37568867.963,1.62845555827,2.0,[M+Na]+
4174,332.217085242,142.098135,94845663.874,1.89028948982,10,
4175,332.239518928,293.48154,828252.635593,3.51364473317,10,
4177,332.278735459,803.32743,10584377.9035,6.1914647287,1.0,[M+NH4]+
4179,332.289887308,778.71642,1257200.30187,12.9328526006,10,
4180,332.289798403,664.1226,270076.415732,10.0599015332,10,
4181,332.685980221,290.575686,219755.356215,3.72982004589,10,
4182,332.691594544,337.462272,643506.293691,3.62251764333,1.0,[M+H]+
4183,332.790470974,1607.09148,301228.490887,7.35690261437,10,
4184,332.926547267,34.9917165,1075899.21629,4.59388156894,10,
4185,332.971662933,558.261852,17252.9287159,8.57741680686,10,
4186,333.010468881,606.65592,1860610.76953,6.61077590806,10,
4190,333.029147704,652.761,871718.920337,3.06352807763,10,
4191,333.059819522,32.4359055,1210575.38709,9.76420507112,10,
9780,499.158338805,552.206352,91811.9755362,6.75530072173,1.0,[M+NH4]+
4193,333.073286609,61.140021,181138.491904,12.7692626727,10,
4196,333.076386371,493.38645,44712.5098924,11.2561259037,10,
4197,333.109137767,783.92943,158418.57498,4.93648255364,10,
6490,392.136250335,588.036609,137488.302841,2.44766646752,1.0,[M+NH4]+
4200,333.120336655,108.853467,556571.905192,2.97865344507,10,
4201,333.119942838,188.860242,488903.214658,5.72355080508,10,
4202,333.130436301,386.874546,44929.9504563,7.6852798249,10,
4203,333.131363035,504.616458,20385.7240513,11.8870926451,10,
8218,443.201376174,165.349197,1238478.8077,2.7640264758,2.0,[M+Na]+
4843,350.158548839,504.446079,93160.3370926,6.48722851732,1.0,[M+NH4]+
4208,333.154863246,243.660054,258155.450634,4.52390135004,10,
4209,333.180844139,681.72219,481719.938399,4.67101870107,10,
4210,333.183257448,463.780818,17984.1142766,12.4664559279,10,
4211,333.185029501,840.2091,125392.319587,2.25262030621,10,
4212,333.17584067,187.793844,318028.942595,7.95568892195,10,
4213,333.191271313,657.3075,1997852.78755,8.38003373976,10,
8449,450.363943744,42.591417,2178356.79242,6.55825223682,1.0,[M+H]+
4215,333.220633656,142.217076,15331265.9493,2.72669948141,10,
4216,333.245480396,613.29105,145350.000346,9.38890675333,10,
4218,333.245597078,550.474788,107822.419641,5.75740469776,10,
4219,333.237622458,424.130238,24250.170529,11.4767087336,10,
4222,333.678146681,61.460577,277336.696889,14.5177001105,10,
4224,334.022906396,33.7566558,418897.802947,3.26528659553,10,
4227,334.045340602,520.485648,73032.3224546,5.57738702429,10,
4229,334.066126036,439.184184,21098.0089708,14.8836544607,10,
4231,334.097576587,101.928972,163703.160325,13.0761812152,10,
4232,334.098615026,541.331709,50154.446879,7.05634592245,10,
6533,393.135523835,482.007204,33763.5982328,2.8099546371,1.0,[M+NH4]+
4234,334.092091151,56.8340745,3519762.95068,3.56402055538,10,
6534,393.135851553,501.372492,95866.5439013,5.06945107596,1.0,[M+NH4]+
4237,334.121268155,94.31826,83585.0173566,8.94865478943,10,
9303,482.200038943,100.123434,17238357.3647,5.16395384778,2.0,[M+K]+
4239,334.138741883,119.445171,2339205.87912,1.4465717103,10,
4240,334.142108646,374.759526,17927.7372156,8.57593093917,10,
4241,334.138911462,285.701931,366623.00894,6.21088566961,10,
5707,372.11350339,423.830145,38439.9317017,13.9001586205,2.0,[M+Na]+
4243,334.145311214,504.606927,38079.9424509,13.9836739347,10,
4244,334.140386045,826.45854,90567.6371597,5.66290945133,10,
4247,334.159781138,114.197286,363033.258753,7.0256435807,10,
4248,334.171424061,31.800222,217913.563997,10.5440925517,10,
4249,334.178127949,277.356468,863577.340827,6.47581085974,10,
4250,334.178539528,143.617575,2082604.62648,4.42241977004,1.0,[M+NH4]+
4251,334.178550394,257.348868,1250537.78361,4.24993062212,10,
4252,334.198330778,758.25831,23291.2957377,14.3006662709,10,
4254,334.246429641,583.670358,92799.4033068,7.38190239199,10,
4255,334.66731439,390.683106,43117.1357343,7.35602559198,10,
4256,334.707284569,386.336358,72490.2089857,14.2710434163,10,
4257,334.719753118,366.916221,265873.945736,4.86579618412,1.0,[M+H]+
7358,416.862453671,1602.13575,72150.0527943,6.00891517515,2.0,[M+Na]+
4259,334.987366784,603.69618,698018.14149,2.41797057832,10,
4260,334.987333674,589.169217,1420047.74542,2.1645614641,10,
4263,335.013021675,34.6128489,135917.835119,12.119613214,10,
4267,335.049701079,34.4033205,510067.360765,4.38078802017,10,
4268,335.068108892,520.462395,111486.40999,2.50675320782,10,
4271,335.099473801,249.155364,346922.426077,4.38193183794,10,
4272,335.091511713,595.625226,21934.0488176,12.3278854238,10,
4274,335.133969719,86.8944,59569.9706631,9.85698902631,10,
4275,335.135583782,397.480107,28013.5363975,7.58862596168,10,
3446,312.146497604,614.18901,43982.06106,10.0608865855,1.0,[M+NH4]+
4277,335.14247001,285.488061,51402.3278528,14.3867422538,10,
4279,335.142404009,423.530808,40633.9178636,6.3778765288,10,
9171,476.296746634,264.679752,71743.3767118,11.1087429409,1.0,[M+NH4]+
4282,335.173000601,53.4267438,489324.919516,11.7446709327,10,
4285,335.189124558,697.7679,64784.975445,12.4224430554,10,
4287,335.210179056,526.749528,135313.029091,2.06412170344,10,
4288,335.206795551,453.22242,85283.4428496,3.81611364992,10,
4290,335.224714473,141.979194,91180.8566074,11.6859953474,10,
4291,335.253679246,733.87014,19640.0616836,5.88600086226,10,
4292,335.268341631,656.77164,710679.281902,2.65988277667,10,
4293,335.289420065,855.71472,15432.3513771,6.36556307502,10,
4294,335.723414764,461.884257,205970.384089,4.3416867663,10,
4295,335.727596132,369.283506,186845.650066,8.20142674277,1.0,[M+NH4]+
4297,335.984822414,33.9725268,197092.164465,8.23199761109,10,
4300,336.014815425,38.4902898,1163611.37515,13.6803818384,10,
4304,336.060806556,566.833422,36329.5967412,9.91683048783,10,
4306,336.063339439,509.773638,36899.5011831,1.32370215577,10,
4307,336.08091617,639.70893,41402.2640814,6.49461566704,10,
9389,485.168918115,504.446082,462009.977176,2.43954211406,1.0,[M+NH4]+
4309,336.092241038,161.675466,63580.2281449,10.4611533432,10,
4311,336.130845537,707.71557,24395.7748129,10.9896486573,10,
4312,336.136714808,334.317582,1031308.62572,3.80575856158,10,
4314,336.138121922,626.10828,139419.452884,6.82558289182,10,
4316,336.157806341,135.118167,4370418.17596,2.77220312095,10,
4318,336.157831013,68.685744,5823759.41654,4.27060630521,10,
4319,336.160652592,39.4363536,1047970.89384,11.9192603017,10,
4321,336.183770422,57.6181341,747709.808504,4.17458055173,10,
4325,336.190888616,246.587277,2852932.57536,3.45694118049,10,
4326,336.207058194,268.169628,121021.35923,1.94136371819,10,
4327,336.223235547,38.2345749,10386848.3563,3.28959245342,10,
4328,336.325110776,1024.08216,820340.814659,5.52558854106,10,
4329,336.856943312,1602.01491,41623.0106428,14.2964829111,10,
4330,336.913217262,630.30462,50494.1250353,4.13345582887,10,
4331,336.913356803,34.6097958,561917.17862,4.71715509875,10,
4335,336.985361234,34.3459038,1246448.10226,4.72248469054,10,
4340,337.06256997,747.96591,50708.1001846,6.10218608377,10,
4341,337.067906929,548.444958,15989.4992878,8.69135036956,10,
4343,337.105480464,404.593896,54315.665054,11.3930448967,10,
4344,337.103781147,886.1505,1697854.57061,4.71636223991,2.0,[M+Na]+
4345,337.115884878,552.310971,31402.7903016,10.2853338881,10,
4346,337.131863338,237.553161,43946.1465755,11.7835575971,10,
4347,337.145592576,746.24685,1075770.71485,4.02795620034,10,
4349,337.140247738,781.38981,364232.250372,7.3345267098,10,
4351,337.149650361,151.006008,3036524.07879,3.59672657465,2.0,[M+K]+
4352,337.149780174,71.200773,974899.425224,2.66545426013,10,
4354,337.169128767,492.30945,39179.5142069,3.41277942716,10,
4355,337.17823917,559.468842,53588.5231335,6.70477064252,10,
4356,337.182812572,40.0126506,282846.179416,13.5902957621,10,
4358,337.189353651,506.823519,4867936.82211,1.67725858463,10,
4359,337.197200769,60.28116,1379653.05152,4.02489298681,10,
4360,337.196801067,270.495942,120099.338577,2.54830232163,10,
4361,337.189270282,292.54188,30513.9503989,12.6092028297,10,
7393,417.269693069,304.818168,39427808.1795,1.06409041156,1.0,[M+H]+
4363,337.2224466,549.017352,699092.216439,1.06124708397,10,
10777,535.322604824,617.03328,239170.614153,14.6804475679,2.0,[M+Na]+
4367,337.313413852,812.5992,133948.353245,6.05278255848,10,
14853,728.396160752,462.244689,1208081.56143,6.20008970117,2.0,[M+K]+
4369,337.690970837,63.315486,216608.893154,12.3591911722,10,
4371,337.988140081,589.024743,46562.8196699,8.02283402486,10,
4377,338.05296583,567.074823,68325.688432,11.5652647634,10,
4379,338.072340625,640.01781,587217.98,3.48331875555,10,
4380,338.067628364,112.542258,179613.213796,4.93805758529,10,
4381,338.079032453,622.0851,246417.90398,5.34397604318,10,
5044,355.118602705,520.462395,168576.841308,7.96454581741,1.0,[M+NH4]+
4383,338.07915829,451.845816,15499.4084371,8.19156902078,10,
4384,338.10997848,279.03897,52632.7617969,13.6228314809,10,
4385,338.115168165,618.78192,53372.3321685,12.83699816,10,
4387,338.119314371,144.596082,207916.831455,2.10955321225,10,
4388,338.136305164,681.69996,1837737.24374,4.55958901632,10,
4390,338.146683885,346.232214,231369.103502,6.43715049022,10,
4393,338.141219479,229.67673,49420.3552162,13.171573398,10,
14582,707.337367024,119.954232,456227.231123,3.41311160254,1.0,[M+NH4]+
4396,338.181459146,55.5108507,7944109.5224,3.8700985631,10,
4398,338.196752819,246.942021,36804.6025405,10.6629625058,10,
4399,338.204007283,299.151939,3187551.83494,3.56423266448,2.0,[M+Na]+
4401,338.204018071,136.134675,790088.266049,3.77340601423,10,
4402,338.199249233,371.472408,45949.1314173,14.4477360648,10,
4403,338.201327422,461.884257,39168.7282315,4.34753840253,10,
4404,338.209959381,561.608043,8418602.58664,6.77026017375,10,
4405,338.204073747,182.593407,3667381.38895,3.28726729879,10,
4407,338.226035672,341.117832,398000.987451,4.41161356909,10,
6580,394.206298337,634.87845,305729.497513,7.38026284668,2.0,[M+K]+
4409,338.226055716,303.979611,53150.0986754,7.91308397354,10,
4410,338.290482122,646.4409,3752965.8974,0.211663078979,10,
4411,338.340866854,1211.98974,8669510.70752,5.23448966542,10,
6208,384.69121548,317.276142,650234.821283,3.25538375812,1.0,[M+H]+
4413,338.704077964,385.662858,140066.619157,7.58592016618,10,
4414,338.798566225,1606.89849,1623765.49002,3.37662110051,10,
6890,403.013281096,589.169217,179458.808152,5.84667162924,1.0,[M+NH4]+
5124,357.006943246,507.369702,37776.2021927,3.43865789689,1.0,[M+H]+
9260,480.100803567,401.045487,31288700.4595,3.30909246398,1.0,[M+NH4]+
4420,339.01744593,33.3888417,2158508.11354,9.15179566242,10,
4422,339.042089257,678.72996,3898145.01668,2.80486097814,10,
4423,339.041792706,277.240626,535974.238324,4.67056286946,10,
4424,339.065801931,439.706052,15588.4921485,3.87517153581,10,
4426,339.094339144,100.260378,1223408.49473,8.96811776891,10,
4428,339.121393225,606.70407,326986.029452,7.50682022117,10,
4429,339.121565995,562.21848,3036824.68831,3.25550942025,10,
4430,339.136881676,41.810196,486731.135112,12.218017888,10,
4432,339.156437769,819.4821,88346.1263334,14.8279711564,10,
4433,339.171330648,302.60031,806340.175348,3.62444721643,10,
4434,339.165951052,601.33422,28971.1283987,2.55549852721,10,
4436,339.186431421,112.88289,275166.594591,3.62548457684,10,
4437,339.193964451,547.603443,252637.41576,8.12973356255,10,
4439,339.201858676,381.968226,877860.473076,1.9217893559,10,
4440,339.205290754,531.41556,1302257.85487,3.97533457736,10,
11179,550.281397829,507.547584,35478.3934252,13.888798698,1.0,[M+NH4]+
4442,339.207669552,182.578464,495173.851698,10.6811253002,10,
4444,339.248162917,43.2822669,16428749.359,4.76216052187,10,
5647,370.294293281,796.67361,17708933.8031,1.9795812451,1.0,[M+NH4]+
4446,339.274166395,664.65936,36044.879719,10.9763397913,10,
4448,339.301944502,616.827,65360.8733601,11.2322364087,10,
4450,339.372524467,1604.5125,2558322.01509,3.19842527165,10,
9632,492.767339444,307.907013,69135.8844668,13.0787871432,1.0,[M+NH4]+
4452,339.68132818,270.385218,1889371.46581,3.67915325133,10,
4453,339.685354514,311.733504,854128.580635,3.71689250439,10,
4454,339.967331374,64.391544,373631.145777,9.73031370096,10,
4455,339.975604787,612.64626,111259.280102,8.07911716768,10,
7285,415.075142187,640.05702,61596.9329496,8.52747149659,1.0,[M+NH4]+
4465,340.104925176,345.561498,1203299.63914,5.55789784884,10,
4466,340.115563963,541.283814,40489.8037604,14.3554714082,10,
4467,340.131205907,652.71525,57870.8461098,3.25350368222,10,
6496,392.197310335,637.95582,823631.478693,3.14515865127,1.0,[M+NH4]+
4469,340.149566655,112.154853,3742049.64842,1.88241429261,1.0,[M+NH4]+
4471,340.153110067,567.074823,269621.74358,6.57155377022,10,
4473,340.157226003,615.20262,130254.471821,13.1965674595,10,
4474,340.15397372,377.343396,28460.7758725,12.8139336471,10,
4476,340.153528278,702.6768,60415.7923814,6.49729846586,10,
4477,340.166421167,647.16876,102591.57777,8.0762799684,10,
4478,340.173482392,420.928806,99924.9894571,10.3877363506,10,
4479,340.176975085,461.804568,40140.8791276,3.75578176978,10,
4480,340.186832496,311.617386,186012.723367,11.0058899464,10,
4485,340.205368329,561.867765,306499.034647,7.45373978696,10,
4486,340.204126201,524.087961,345834.637944,7.20107028273,10,
4488,340.25859704,393.149541,3834754.13037,3.80773273342,10,
4490,340.258561588,372.414375,4850686.12701,2.3500589617,1.0,[M+H]+
4491,340.683676959,290.446575,123916.332664,6.3812361367,10,
4492,340.709987625,473.920755,98948.8881852,12.7457784735,10,
14174,680.468667849,427.596399,939299.153673,4.43545792805,1.0,[M+NH4]+
4494,340.901681004,37.2324099,900719.676555,7.21913080047,10,
4495,340.99797083,602.02362,46099.6832887,11.4473822184,10,
4496,340.987792002,33.333342,1259264.4578,10.4633992264,10,
4497,340.995382575,531.238749,110041.965858,5.92296492133,10,
4498,341.01967292,183.862836,1190874.41428,4.481355625,10,
4499,341.036340399,640.05702,1602388.46154,1.54610592292,10,
4501,341.050292423,33.235311,2765883.62574,10.385174149,10,
4502,341.057789463,704.96214,29706.0757398,8.99799901717,10,
4507,341.09294274,987.76497,32036.1752987,3.07430954697,10,
4511,341.118237212,606.76935,38436.1692091,13.5402224349,10,
6608,395.140739356,275.690532,92402.8436754,5.4842653348,1.0,[M+H]+
4517,341.155456645,39.0676482,1657415.10128,4.98260005034,10,
4519,341.18437783,312.111018,169231.253486,6.45114811718,10,
5199,358.206263269,198.006024,1015406.35575,1.88855964006,1.0,[M+NH4]+
4521,341.177296042,1002.6549,29014.8108189,4.04281649645,10,
4522,341.186767609,148.732452,21579.5218414,13.8152989335,10,
4524,341.201081891,966.57486,51564.9608883,7.3143564464,10,
4528,341.253734247,500.473266,41294.5436954,4.24043145983,1.0,[M+NH4]+
4531,341.290191333,510.137568,16676.6131901,10.414383488,10,
4532,341.684306167,64.58904,7900977.37042,2.92198379143,2.0,[M+K]+
14201,682.386425542,247.48071,336815.102278,10.3821651642,1.0,[M+NH4]+
4534,341.688237169,327.58821,85458.8728694,8.92498251796,10,
4535,341.741044221,427.674804,96186.7038807,9.40931959408,10,
4537,342.013037309,37.39869,1414464.01895,3.75394714991,10,
4543,342.084671618,53.5703334,928068.569964,13.9589046348,10,
4544,342.07650997,243.232524,28448.7239566,14.5795315025,10,
4545,342.08945437,589.263336,225782.705358,6.08282057735,10,
4546,342.101046019,746.36994,82816.340845,9.95433971608,10,
6862,402.125209359,678.79701,124756.482946,4.62702587932,1.0,[M+H]+
4548,342.120573824,269.319468,822823.632477,2.47243750748,10,
4549,342.124452529,247.200312,55119.9302898,9.89947030891,10,
4550,342.134102058,586.232475,31991.4354613,12.7828917741,10,
4551,342.132483029,63.697392,102499.351712,9.71501634581,10,
6988,406.164860256,652.896,24341.9873473,8.07622463442,1.0,[M+NH4]+
4553,342.129535595,638.94414,64421.227021,4.1764793054,10,
4554,342.14207879,102.087846,1656153.32573,9.31819726046,10,
4555,342.14488903,151.351506,457941.102634,4.37535267804,10,
4556,342.145012388,249.322686,216128.96125,1.11637007209,10,
4557,342.144789823,132.46752,355243.359204,4.3358935431,10,
4561,342.168624852,212.100405,367018.580384,8.51570939737,10,
4563,342.201594042,280.819932,242967.481495,4.22498822834,10,
4564,342.211808958,108.369564,161051.169809,6.93345637089,10,
4566,342.209202674,667.9269,55180.5709439,3.69042692237,10,
14216,683.443235041,344.869458,3251210.95779,6.59980887035,1.0,[M+NH4]+
6911,403.254084148,340.521768,22321423.0544,2.58867049371,1.0,[M+H]+
4571,342.269816519,953.50824,43899.4933804,10.5907659606,10,
4573,342.712428342,524.870784,92888.9517971,6.08333800461,10,
4576,342.992548475,531.557556,40149.979096,6.92585851044,10,
4577,342.988228795,37.5462903,982317.175613,11.1757072345,10,
4578,343.013456797,617.78367,50944.7031904,12.6218762725,10,
4579,343.013020985,631.38336,17647.861885,9.31418364743,10,
7547,422.988556328,603.8121,47075.1780862,5.75354122306,1.0,[M+H]+
6858,402.080858035,60.439536,718292.861588,14.39602533,1.0,[M+NH4]+
4583,343.048921216,531.557556,48208.3978952,7.28135696944,10,
4586,343.073325702,745.45521,74080.2924928,8.70926832571,10,
4587,343.082557977,46.6556472,384494.011185,1.19962362738,10,
4588,343.075628046,612.94962,89996.6407344,3.85561392814,10,
4589,343.083322251,33.3290382,373588.658234,4.92379143675,10,
7621,425.051467615,531.41556,31539.8195475,14.4163592123,2.0,[M+K]+
4591,343.095877538,385.525158,44417.9226706,8.65689609768,10,
4594,343.106767181,184.48308,408472.313715,5.37719715544,10,
4595,343.115785835,507.187704,30503.0606679,12.139373845,10,
4596,343.119290986,275.437152,40913.0151524,13.2548790731,10,
4597,343.127902426,47.290035,378848.955484,13.9610644079,10,
4598,343.137852657,490.136016,111105.862462,9.47819741932,10,
5273,360.164419749,469.207506,215643.177215,2.19204857771,1.0,[M+NH4]+
4601,343.147273959,999.92181,23546.029502,8.14086616908,10,
4602,343.145892339,33.1285062,239912.464747,8.9972839015,10,
4603,343.157552187,597.734178,19225.5167249,11.7864043105,10,
4605,343.171592052,72.146466,37157813.2827,2.83058359261,10,
4606,343.165306535,678.72996,639842.752762,4.15367750986,10,
4607,343.17901047,343.921152,29569.911304,10.6826874548,10,
9227,478.276338776,272.639895,107863.587727,8.60535304495,1.0,[M+NH4]+
4609,343.193316529,517.583226,53300.4483461,7.4047233741,1.0,[M+NH4]+
4610,343.193870533,549.888414,20956.7274416,13.4199768077,10,
4611,343.207979496,44.0223771,5720161.67038,4.12996337698,10,
4612,343.205145757,280.819932,29740.9247266,9.96312821826,10,
4613,343.214864152,296.185098,4916181.10895,1.02301202706,2.0,[M+H+K]2+
4614,343.221889971,520.659093,9374109.60113,5.42625802138,10,
6341,388.25419516,62.677236,12333216.8761,3.13035221833,1.0,[M+NH4]+
4618,343.716468344,362.150406,45708.6289799,10.4774629707,10,
4620,344.066173926,589.351914,497482.535583,5.48281717996,10,
4621,344.090619346,184.180341,482402.237567,3.56452808933,10,
8440,450.20039906,47.4038256,3953185.66991,4.39580174537,2.0,[M+Na]+
4624,344.096396867,474.659817,14349.3163859,14.0564853094,10,
4625,344.099900044,182.752341,1613651.78037,4.86454916666,10,
14259,687.24595721,268.635219,4351498.45344,3.52300526046,1.0,[M+H]+
4633,344.164910633,747.62706,18373.822534,4.26483262381,10,
4635,344.180745843,125.922921,2699564.11542,2.77702406106,10,
4636,344.180561846,478.234014,52963.5822937,9.94390748166,10,
4637,344.227026921,331.892772,38030930.7744,10.2516058636,1.0,[M+NH4]+
4639,344.242293559,655.88445,13053980.7813,1.77377915692,10,
9104,473.332883021,519.832656,26488.9686616,10.5471243739,1.0,[M+H]+
4641,344.253465269,45.2913255,1582753.21926,3.25608725568,1.0,[M+NH4]+
4642,344.298274754,1610.41734,93025.837334,6.84768948016,10,
4643,344.301081741,517.583226,180034.423812,8.29571014849,10,
4644,344.689432737,65.295207,148299.221406,14.7222027772,10,
4646,344.927193709,1604.19534,159006.465272,13.6289453332,10,
4647,344.982945632,1605.12651,1953014.27647,2.23559327168,10,
4648,345.0068241,493.724583,231274.274553,5.72823771643,10,
4649,345.010246198,617.72658,16020.5071149,11.8069219928,10,
4053,329.078687169,569.281833,2009154.90799,3.57206354364,2.0,[M+Na]+
4653,345.078514377,503.916333,38194.8266804,14.9793797583,10,
4654,345.081419041,33.6538932,858391.85016,3.3726499075,10,
4656,345.104312479,496.935399,21124.615083,12.8878731003,10,
4658,345.104979921,31.640139,2216886.28821,4.15619897316,10,
4660,345.114805722,117.762291,435422.918329,2.25003227223,10,
4662,345.144123514,112.413786,336302.813435,3.09936624797,10,
4664,345.139138838,547.550844,12968.3467694,8.93203457481,10,
4665,345.151157139,99.094347,413755.528085,11.6662298172,10,
4666,345.151064684,408.498768,761333.420601,4.94237984534,10,
4667,345.153493217,679.41702,1273620.77446,3.76108056869,10,
4668,345.160648615,268.520874,35025.2571879,11.636486689,10,
4670,345.164771916,214.383348,62851.6396345,5.70870343768,10,
4671,345.184454852,125.922921,353745.864276,6.75614237458,10,
4673,345.181708688,80.391906,633357.324343,7.70725098227,10,
4676,345.248357805,374.556534,50466.7503301,2.83069537542,10,
4677,345.284620946,542.089716,20739.3444966,14.7634221516,10,
4678,345.299290367,562.077426,41183.5558115,8.50822408088,10,
4679,345.686441379,462.065037,191392.783404,6.33417758699,10,
4680,345.691886493,386.395788,41512.5962079,14.6475335456,10,
4681,345.978108054,34.7311068,215088.754132,11.2986396025,10,
4686,346.062931499,603.69618,85394.3322012,11.4418826883,10,
4687,346.079790805,31.7953578,259950.039718,9.62560716374,10,
4689,346.090038474,83.529336,164459.884478,9.65967709369,2.0,[M+K]+
4690,346.087283375,504.446079,140113.997218,6.53421885121,10,
4692,346.12316879,605.62908,625856.926879,6.6730017354,10,
8482,452.171511404,51.4832679,573619.928714,9.89717866329,2.0,[M+Na]+
4696,346.136651999,653.03238,13148.5961701,14.907650046,10,
4697,346.144125159,678.79701,666008.898565,3.46120914942,10,
5399,363.165350397,255.313902,3220937.21513,3.40819529282,1.0,[M+NH4]+
4701,346.155340378,504.268956,281894.876358,6.41394431677,10,
4702,346.153311629,90.09255,27343.8159352,3.57548640776,10,
4703,346.15678634,679.41702,192672.809567,13.0263019747,10,
4704,346.176856464,565.453725,76721.131467,5.87472828513,10,
4705,346.196338476,98.152842,1634524.75662,4.2443338781,10,
4706,346.196470973,78.67605,1274004.44588,7.56747906064,10,
4707,346.196185501,308.147622,58756.5917051,9.16210413451,10,
4708,346.203991307,806.00481,316281.558233,7.32110486752,10,
4709,346.216011914,66.437868,5182209.51304,5.82378981718,10,
4710,346.23271951,241.481271,43394320.9605,1.88035176814,1.0,[M+H]+
4711,346.232729931,176.114208,26769077.784,3.30527287375,1.0,[M+H]+
4712,346.243835832,399.659475,2358004.38726,8.81406249496,10,
4715,346.243892299,236.551206,658550.68245,3.49920177226,10,
4716,346.25220499,54.562287,473054.600752,4.80027358517,10,
6882,402.306375351,541.603092,312622.021661,4.17111752492,1.0,[M+H]+
4718,346.330793483,1191.09468,37196.2624232,11.0097587456,10,
14343,692.370989001,269.513376,95112.8809939,12.8561799924,1.0,[M+H]+
4720,346.725361523,413.38833,2835959.46434,2.16240279748,10,
7128,410.928504153,1605.92256,1585811.02457,3.6352537733,1.0,[M+NH4]+
4722,346.942300054,34.720413,1388268.13179,2.04029534906,10,
4723,346.977705829,1605.07659,175957.064296,14.2067177595,10,
6979,406.03642234,550.136226,26338.7614175,13.066209706,1.0,[M+NH4]+
4725,346.987373963,606.92712,1277061.18483,4.06540048777,10,
4726,347.008211127,524.11584,22383.9950122,12.30738274,10,
4728,347.026197899,642.50562,18105.6601349,8.85213589188,10,
4731,347.071411417,520.48059,49021.535218,11.6804392806,10,
4732,347.089781621,270.521712,68217.1027069,14.1958849969,10,
4733,347.089935317,218.143509,196009.539217,4.3384414586,10,
6452,391.134686787,104.708601,64878.1517673,14.3290273189,1.0,[M+H]+
4738,347.099505695,300.07476,83256.2102498,3.71449908429,10,
4739,347.123074219,712.48959,28886.9546319,9.63208647383,10,
4740,347.126373473,605.61738,103058.722624,10.6533851657,10,
4741,347.12724589,49.9435752,316722.258389,9.69509203696,10,
4742,347.127581127,351.614463,372628.171312,3.96956261098,10,
4743,347.126954157,267.14862,115929.980139,5.33441800729,10,
4744,347.145874301,654.57462,66892.651614,13.9579338196,10,
4748,347.173557091,541.58748,68558.7345753,7.22514507684,10,
4749,347.170607536,224.717136,141824.98073,9.78909164231,10,
4750,347.180403492,420.415485,260220.809634,5.45838718961,10,
4751,347.1761017,376.571418,48686.1715366,14.5010978598,10,
8307,445.293565851,430.570374,201448.830427,1.10690777881,1.0,[M+H]+
4757,347.247434993,76.381275,236018.272232,3.14006418301,10,
4758,347.264298642,464.919936,68820.8999211,8.33775544784,10,
4760,347.675148737,284.105448,46569.6533881,14.3385130929,10,
4763,348.077966558,404.448726,99166.7900056,8.66740707409,10,
4766,348.094665792,176.290458,219201.608871,4.15064899525,10,
4767,348.094667307,120.338502,359983.240479,3.03276178353,10,
4769,348.119921803,605.62908,220896.174122,2.94751847227,10,
4770,348.120708029,678.79701,1173748.4221,2.00965312017,10,
4772,348.13261463,79.897776,1232227.2199,6.54774806503,10,
4773,348.125560871,504.268956,638426.255869,3.65580631403,10,
4774,348.130913135,351.69165,49305.4346076,3.86797773288,10,
4775,348.139001562,42.638661,1023270.65462,3.72547462245,10,
4777,348.170868677,550.83885,147526.201768,7.81507381003,10,
4778,348.175518534,167.994468,142106.930788,5.84959015062,10,
4779,348.182954304,396.933024,111092.364656,10.9702809324,10,
4780,348.194251137,242.530146,2460105.80981,2.13986745107,10,
4781,348.194226173,185.620083,1546871.63568,5.96152083191,10,
4782,348.191143282,487.957764,60236.7635213,10.14279104,10,
9842,501.213732212,552.394008,174374.473927,2.92565748173,2.0,[M+K]+
4786,348.263458187,617.35254,57764.8916907,9.59200785103,10,
4787,348.318109731,881.07546,31609.8113273,14.3972375394,10,
4789,348.681479814,381.57804,183350.783479,2.01433499166,10,
4790,348.704708278,332.236704,78914.2762795,11.6447455241,10,
14406,696.435908866,473.920755,4163136.44889,2.89075115381,1.0,[M+NH4]+
4792,348.900039152,35.0445348,163939.992278,11.0232461934,10,
7813,431.005661807,637.96374,28694.9891685,10.0546226026,2.0,[M+Na]+
4796,349.062373289,385.594008,36402.2943285,7.63634481593,10,
4797,349.065922276,531.376215,115478.351448,5.09997797654,10,
4798,349.109379383,504.623205,171193.618298,4.31152870916,1.0,[M+H]+
4800,349.131903641,366.500316,71080.9987074,7.53788297445,10,
4801,349.127863811,499.169676,78960.0889729,8.7190100477,10,
4802,349.140231121,603.16392,164518.703511,6.46427567764,10,
4803,349.149636992,234.031827,3190302.37142,2.92071119441,1.0,[M+H]+
4804,349.154770726,681.8676,380338.04276,2.35843825896,10,
4805,349.149677555,211.753218,3023112.04721,2.46072476374,10,
4806,349.166072379,94.097403,966451.264616,3.65710489252,10,
4807,349.168368184,403.20327,1171433.76692,1.58650644337,10,
4808,349.173441188,354.739833,393489.515133,5.42229746553,10,
4809,349.16767359,908.75124,36374.0020086,14.1875718046,10,
4812,349.189626321,540.454287,827066.165222,6.31458060794,10,
4814,349.223217416,473.920755,333768.6598,5.34801600713,10,
4815,349.220424412,362.371272,78604.735834,8.28767397565,10,
4816,349.229835727,37.6056948,2729892.98001,6.04287597785,10,
4818,349.250416669,664.5852,23980.3313883,13.8200533282,10,
4819,349.257210748,412.752834,59889.8547221,11.0729114977,10,
4820,349.293888426,543.096102,580565.44484,3.62479647696,10,
7646,425.321344396,853.5681,64969.5624747,7.08035006868,2.0,[M+Na]+
4822,349.349533914,1206.46803,85225.4130737,9.42203968206,10,
4823,349.667607271,94.097403,306019.103022,3.76883978788,10,
4825,349.676225713,210.286704,945384.319861,0.926541032782,1.0,[M+H]+
9487,488.744887959,289.999782,156155.449718,7.97646104162,2.0,[M+Na]+
4827,349.724588846,473.920755,63437.3285864,8.66913270498,1.0,[M+H]+
4830,350.040130449,438.985803,24105.5953105,8.57284619055,10,
4832,350.049371713,606.75222,170253.467041,6.96267082998,10,
4834,350.066035449,56.5182048,2552200.66093,5.50103501747,10,
4835,350.078586174,33.0725946,164556.091904,12.3493253444,10,
4838,350.114504682,826.34769,51687.6412068,1.54811511827,10,
4839,350.116862514,678.79578,34991.8097065,14.6338982048,10,
4840,350.12508018,273.554964,32035.7702028,4.48483440098,10,
8104,439.241575501,363.193998,1049403.24505,4.67295728434,1.0,[M+H]+
4845,350.173203736,263.010285,10737583.9534,0.874456079452,1.0,[M+H]+
14966,738.321573135,301.035729,69168.9990729,3.34961924694,2.0,[M+Na]+
4847,350.178578603,210.372969,212070.107604,10.0635082936,10,
4848,350.179854027,482.050962,40156.8637922,3.5781846348,10,
4849,350.190145205,242.705334,64894.9457334,7.64263311836,10,
5559,368.209164993,456.351,666399.594499,3.28166309834,1.0,[M+H]+
4852,350.206516408,347.581275,3500239.00639,1.05644007405,10,
4853,350.20072141,907.58058,51912.15407,13.7476520192,2.0,[M+Na]+
4854,350.221119479,520.511121,4737063.45372,1.74192602048,10,
4855,350.214107168,290.0142,535838.885938,7.82323809714,1.0,[M+NH4]+
4856,350.239174278,38.5382958,588326.529068,5.77125882897,10,
4858,350.325565157,1034.36202,5032490.56037,1.57563857708,1.0,[M+NH4]+
4859,350.70214759,285.604002,206159.092865,7.1447341112,10,
4860,350.71548325,289.889745,105180.293199,8.71950287835,10,
4861,350.972864658,37.0846302,418692.821325,9.78338997058,10,
4863,351.031959666,321.324132,60707.7946221,13.6657089301,10,
4865,351.077643608,72.146466,1199504.85325,3.17033985313,10,
4866,351.098353797,1001.9712,96777.7306578,8.52562738015,10,
4867,351.088862935,205.00284,62508.1591939,9.11117328195,10,
4868,351.110606135,606.63375,221970.218607,4.7859791485,10,
4869,351.121992083,54.6713289,33895695.6391,2.47083360807,10,
4870,351.119515646,108.706314,298623.004556,2.39211406341,10,
6455,391.160207513,287.101683,2510227.56362,3.1616214208,1.0,[M+H]+
4872,351.149114342,317.754168,131513.532254,6.32832436434,10,
7828,431.168157854,324.20565,93129.6496546,12.543360666,2.0,[M+K]+
7310,415.254054749,129.789636,1043706.38139,3.17152793622,1.0,[M+NH4]+
4875,351.183970489,381.801291,1413296.04782,0.734107340908,10,
5521,367.149100524,219.699663,13846465.4806,6.86072845667,2.0,[M+K]+
5561,368.208917796,628.33593,71059.5277404,8.40863348453,1.0,[M+NH4]+
4878,351.176934835,503.536398,180566.075638,7.19829305233,10,
4880,351.190984639,365.55966,133170.732262,1.72859547334,10,
4881,351.20511329,562.86633,134730436.852,0.662633612053,10,
10637,530.300186136,116.753481,517810.583899,3.19319589057,1.0,[M+NH4]+
4883,351.21162067,58.6083942,4077362.28408,4.43534662734,10,
10460,524.216092743,335.693904,97764.6387138,5.9977162477,2.0,[M+K]+
4886,351.201820834,545.53233,106787.117311,8.71756069891,10,
4889,351.235227209,392.174292,63728.759412,14.3898138889,10,
4890,351.23806626,630.66876,1645752.38669,6.1725785075,10,
4891,351.238178977,491.953212,44031.7754277,8.34467507074,10,
4892,351.263304672,577.807479,2675529.58138,1.92041977613,10,
4893,351.651158321,317.794134,30032.2522737,11.5558891966,10,
4894,351.681238288,315.515886,378258.549896,9.45192341959,10,
4895,351.691856971,228.503829,257554.61742,3.92820032754,10,
4896,351.713660962,412.899294,32507.7455063,14.9940183009,10,
4897,351.730151596,476.463507,733970.073154,1.43443430391,1.0,[M+H]+
4898,351.940531334,29.1700482,61228.8538216,12.9118163409,10,
4902,352.037319774,440.956371,22977.173678,3.56095945878,10,
4908,352.055710907,504.623205,486890.743447,4.05770913016,1.0,[M+NH4]+
4904,352.046037252,606.9366,48515.9317166,6.86608285303,10,
4906,352.046554388,132.036078,442018.891877,5.22403762513,10,
4907,352.062165347,67.752231,47116146.4902,10.1021213353,1.0,[M+NH4]+
4909,352.078208144,85.036155,151079.625367,10.93513816,10,
4910,352.08458586,582.947238,100561.035378,11.6395936116,10,
4911,352.094919632,664.16997,29383.8622464,10.2471711643,10,
4912,352.099621086,31.4815323,611863.580444,5.70104139331,10,
4913,352.090739835,44.8076637,1433449.94289,7.8527430194,10,
4914,352.109648211,541.208283,25479.8333603,9.41993657137,10,
4916,352.125468637,54.6099759,5244954.47328,2.56755474316,10,
4919,352.14679698,105.042723,131575.21895,10.1619141244,10,
4921,352.159722782,354.704901,395176.047128,4.85323758296,10,
4922,352.159213419,911.97246,86223.9992228,7.37452417578,10,
4923,352.149696881,78.67605,368081.38935,5.5629674908,10,
4924,352.159253431,45.5133588,6284177.10189,5.06128286313,10,
4925,352.169136736,262.66815,429298.71412,2.77443251036,10,
4927,352.169791885,166.57746,287457.53169,13.232376672,10,
4929,352.178803052,61.352601,445787.503604,5.70488920232,10,
4930,352.169591258,39.4475115,624776.872334,12.428747616,10,
4931,352.194019972,228.231114,65973.4633309,3.3357029101,10,
4932,352.208895266,562.648326,19505055.0577,0.943522419364,10,
4936,352.212800558,368.615526,256285.288139,3.72417853958,10,
12066,581.304759102,566.318637,148090.775222,10.0109140809,1.0,[M+NH4]+
4939,352.233287779,219.663354,382278.477942,2.12906382577,10,
7122,410.311243635,611.05071,284666.563941,3.052032813,1.0,[M+H]+
15315,769.477030593,578.481738,33322.7770758,7.79527419355,2.0,[M+K]+
4943,352.287930387,840.2085,98626.4130975,1.92320149406,10,
4944,352.320112872,1066.03428,3317734.79948,7.74100105885,10,
4945,352.314445543,647.862,125515.735903,8.49205799767,10,
4947,352.927149705,29.1845127,24252.1156651,12.2266612524,10,
4955,353.059235106,504.616458,42417.7894112,14.4633668709,10,
4956,353.057937516,668.31114,26485.4842324,11.1383269168,10,
8554,455.098524616,682.05378,197272.422247,2.6786270328,2.0,[M+Na]+
4964,353.090384765,801.41046,29162.6869629,5.05542158494,10,
4965,353.111591383,726.34125,87806.1096221,4.02871825547,10,
4966,353.118809729,31.1070168,75099.9503331,10.3623056854,10,
4967,353.138032778,271.931436,95712.0478432,8.38225833835,10,
4968,353.172463155,263.010285,35898.9460429,4.11913076824,10,
4970,353.168104154,422.11455,327436.449416,2.3464465372,10,
4971,353.163048437,470.01933,71098.8612768,11.9152455704,10,
4972,353.181219774,442.297056,41788.2835533,13.4338506365,10,
4975,353.217420198,108.924852,509015.487043,4.13491210184,10,
4976,353.220639249,624.97491,116083202.054,2.22517411028,10,
4977,353.217334195,414.145992,1514543.47164,13.4090509147,10,
4978,353.220629084,493.693206,30616.3271002,12.9338578633,10,
4981,353.315155504,862.76826,110636.615012,5.73443400571,10,
4982,353.680895961,386.465355,190255.546775,9.46877847573,1.0,[M+H]+
4983,353.691171168,339.451833,222405.380927,5.92637319335,10,
4985,354.02354332,37.2917592,2364804.30491,6.97760678269,10,
4986,354.008397997,534.548718,58861.4401401,10.631387609,10,
4987,354.026735997,567.074823,85167.3429788,3.13393357398,10,
9046,472.13229748,493.724583,602361.348473,1.24847551866,1.0,[M+H]+
4994,354.105248253,102.623364,416909.266601,12.0376218148,10,
8791,463.159198397,287.101683,89355.0852262,10.3341749697,1.0,[M+NH4]+
4996,354.132265108,493.75596,441869.182328,7.25629506938,10,
8377,448.181591537,292.1637,738684.550251,3.14238617103,2.0,[M+Na]+
7417,418.249108652,669.93624,64580.3020103,8.51415936431,1.0,[M+NH4]+
8304,445.264545194,331.549017,1500415.59143,2.93185740792,1.0,[M+NH4]+
5000,354.15672301,594.666864,15931.8203462,12.5175784908,10,
5001,354.15022931,99.94638,546628.746364,10.0559785336,10,
10275,517.238013687,122.360541,3263106.75994,4.11387490158,1.0,[M+NH4]+
5003,354.169824025,475.732515,53742.7016806,7.01389065677,10,
5005,354.164982527,156.26007,6583537.95294,2.51278538822,1.0,[M+H]+
7922,433.206955141,588.412362,202098.054883,3.29570867545,2.0,[M+Na]+
5008,354.178018575,183.0699,6038780.78136,5.7613791832,10,
5628,370.151620423,644.19471,92528.7828047,5.15775030352,2.0,[M+K]+
5012,354.193099128,423.112023,47846.5784494,8.48714881301,10,
5013,354.199013771,142.098135,8310912.68241,2.88514489405,10,
5014,354.188219442,358.524156,63082.6994103,13.7458411617,10,
5015,354.204597923,404.330919,215985.26112,7.50643634149,10,
5016,354.204725273,493.724583,77305.6308924,6.87272434929,10,
5018,354.207280139,357.475401,122738.162257,7.51164261152,10,
5019,354.212504084,61.927794,4327079.92806,3.05829523452,10,
5022,354.241111337,659.3934,2153021.82837,5.19699969225,10,
5023,354.240721313,531.376092,32195.741559,1.69377302292,10,
5024,354.252748657,604.0563,260081.623481,9.65870857865,10,
5025,354.242543332,566.395734,36622.6395609,13.8052854299,1.0,[M+NH4]+
5026,354.263308258,908.99049,2858837.98905,10.5289926044,10,
5027,354.284096676,838.96182,267583132.329,11.7195234604,1.0,[M+NH4]+
5028,354.704582626,277.356468,2551345.53238,5.47112312703,10,
5029,354.741179442,447.132438,266462.427436,2.76744689182,10,
7968,434.805691817,1606.3845,55679.3168548,5.06945015245,2.0,[M+Na]+
5031,354.940349111,1799.75628,669703.951369,10.7685102156,10,
5033,355.013317319,640.05702,5180594.57468,1.80294819496,10,
5034,355.048833785,563.03295,1511091.0492,1.76318501338,10,
6733,399.119180725,341.117703,113976.735012,2.9709704605,1.0,[M+H]+
5039,355.098959949,562.032828,9379719.93484,3.38447256614,10,
5040,355.099123384,606.70407,964458.405495,1.80536691152,10,
5042,355.105875535,74.987184,81183.5419171,8.72779595183,10,
5043,355.116081749,404.448726,44832.2746647,10.8420683272,10,
5047,355.115497999,657.12843,43722.2991418,11.12745479,10,
13678,651.135579603,533.885625,39465567.3433,2.55619079641,2.0,[M+K]+
5049,355.130198642,819.52212,89180.7850436,11.1329133897,10,
5050,355.136811666,373.965534,386998.474893,0.961676120294,10,
5052,355.15060229,291.891789,66644.1406504,12.4734667837,10,
5053,355.151656582,784.30719,121459.72538,9.95343884857,2.0,[M+Na]+
5670,371.13167316,187.427343,1467284.39232,6.05704099332,2.0,[M+K]+
13955,666.388862009,382.819476,255181.090359,6.65723964191,1.0,[M+NH4]+
5057,355.163782167,504.268956,442979.663259,2.76951716795,10,
5064,355.216113506,62.357286,673026.495515,8.99089502948,10,
5065,355.214247163,336.078645,305638.575546,6.87979278185,10,
5066,355.21580506,917.02554,27363.7337616,0.916048919526,10,
5067,355.269504369,768.16143,175426.194031,12.7271662823,10,
5069,355.29560471,925.2612,207745.691246,5.69070179877,10,
5071,355.681713743,265.287459,95904.0281756,12.3626550414,10,
5072,355.711149792,395.514327,75676.3051274,6.29818902376,10,
5073,355.721908273,381.691914,438439.788203,5.76089121011,10,
5075,356.024030154,567.218355,34009.8059205,8.80574799854,10,
5077,356.020795668,37.2917592,872584.110744,8.9037431976,10,
5078,356.036268494,591.389184,34481.2267844,10.7903514466,10,
5079,356.054024878,38.4902898,489090.771625,10.2829845575,10,
8176,442.087005566,64.29183,1049197.82917,5.13680165237,1.0,[M+H]+
5081,356.080544279,566.922915,247652.849498,5.88870842447,10,
5083,356.083039543,640.05702,174950.916295,5.48552689471,10,
5086,356.119450422,667.64787,28570.860773,13.7408000809,10,
5709,372.113680297,388.193598,174274.564911,2.48815430493,1.0,[M+H]+
5088,356.118089918,697.662,61025.5690957,4.37283327688,10,
5089,356.130376059,567.074823,1157997.30972,4.55591919562,10,
5092,356.143479588,670.11222,75454.9222486,10.7824036378,10,
5093,356.16047305,231.160098,213286.849129,7.05804115883,10,
5096,356.154421964,784.33092,12643.4499989,14.9831882677,10,
5097,356.160707153,257.365872,126377.437848,2.60315963354,10,
5098,356.166760953,112.835409,3585154.34847,2.90591292673,10,
5099,356.16638225,504.623205,92815.4930442,9.49787557912,10,
5102,356.175823646,182.578464,300383.262107,2.28022806938,10,
5105,356.191906749,282.682362,49093.6110709,6.81785621276,10,
5106,356.198696706,481.313814,274722.380709,5.09439351545,10,
5107,356.200159916,249.131472,45636.9879243,8.00206258192,10,
5108,356.208840181,803.35194,126155.436285,2.26334781785,10,
5109,356.209914389,330.488892,201626.717012,10.4456842226,10,
6908,403.242640233,566.995914,36308.8818494,13.0052262969,1.0,[M+H]+
5111,356.256737771,681.69996,1512966.64129,8.93564954796,10,
5112,356.263222683,557.934096,196772.796222,2.80997762455,10,
5113,356.278636876,781.55088,25302613.2502,2.36791421185,10,
5117,356.300895434,525.430053,24844.7340108,8.6948746833,10,
5118,356.662164274,285.572379,45273.5093412,7.7437413967,10,
5788,373.72355118,330.335583,215733.162574,7.0438197226,1.0,[M+NH4]+
5120,356.933104756,28.9275543,53289.6349927,11.4584536413,10,
5121,356.969323399,531.557556,41265.5383401,9.6522841028,10,
5125,357.034505272,592.51575,57662.8837883,4.12301153131,10,
5126,357.02893303,661.55766,479947.507657,3.87746118411,10,
7327,416.10144632,501.191556,47639.2681252,10.398084469,1.0,[M+NH4]+
5129,357.065121691,41.1798789,5653094.75565,2.78700733633,10,
5130,357.065298729,683.14659,76885.6547237,10.6569585187,10,
5132,357.081697936,603.53565,35431.4435238,7.41224732324,10,
5133,357.086345318,479.46345,42901.1087514,3.5939463492,10,
11168,550.18694032,610.85139,3576631.12533,1.04193529122,1.0,[M+NH4]+
5141,357.1329226,288.851118,219065.573712,4.84753093389,10,
5143,357.134934397,500.257896,40162.3032596,12.5434649561,10,
5145,357.131770738,606.63375,175094.353966,8.48551380374,10,
8903,467.201469159,748.56723,211378.330143,14.0675085351,2.0,[M+Na]+
5148,357.164584497,439.589652,334496.855841,6.31842760068,1.0,[M+NH4]+
5150,357.167953496,681.8103,110797.728886,12.1006103864,10,
5151,357.187052307,72.146466,12384360.7746,3.85622852671,10,
7844,431.285299858,322.203771,38454784.44,2.58696926049,1.0,[M+H]+
5153,357.212352484,96.340902,33336579.8313,1.96263176024,10,
7035,407.237880818,344.527827,11554277.3866,6.76550362131,2.0,[M+Na]+
9620,492.280360569,245.421804,206668.278284,4.06990400317,1.0,[M+NH4]+
5156,357.230136485,320.690577,1062930.70828,2.62251852411,10,
10669,531.318552695,473.273442,89239.3258615,2.96151145777,1.0,[M+NH4]+
5158,357.245816152,566.197509,358139.810534,5.81483715893,10,
5159,357.237433093,655.88445,41177788.9802,4.9862298873,1.0,[M+NH4]+
5162,357.277867552,479.403762,44419.9291149,8.99347683291,10,
5164,357.284775865,393.344652,95347.6754312,2.16977810915,10,
5165,357.691744336,162.021204,213900.561262,3.53964734212,10,
5166,357.709879958,275.837535,103171.495402,11.8876550258,10,
5167,357.709868758,332.236704,992891.477893,2.09503928473,10,
5168,357.736530577,473.920755,894384.294827,2.24091156089,10,
5170,357.719598109,336.021252,132104.189357,9.21932542233,10,
5171,358.011948304,33.3376458,276254.110403,10.8153177188,10,
5173,358.032539681,661.77333,51806.5767643,11.9775207048,10,
5174,358.058408245,31.4190378,597978.425568,2.59368102051,10,
5175,358.062788016,606.79152,124416.847495,6.84431063893,10,
5859,375.110582259,640.01781,347433.750569,4.46520309452,1.0,[M+NH4]+
5177,358.076777088,595.273485,18010.3627489,6.68668972193,10,
5178,358.07576414,678.72996,103466.585484,9.08174631747,10,
5179,358.08162271,637.83054,155266.396831,4.86243857308,10,
5180,358.098408531,246.331236,54472.5713844,12.4857200673,10,
5181,358.108557882,77.72946,191618.840103,4.20997087556,10,
8865,466.182025128,418.421736,125603.623785,7.58404769852,1.0,[M+NH4]+
5185,358.118632644,151.351506,213353.473149,4.05662414512,10,
5186,358.118787129,249.322686,124382.930999,12.5421949324,10,
5187,358.134146287,404.887518,978657.054558,1.57863008157,10,
5188,358.127243263,61.954872,607906.427307,10.3082160754,10,
5189,358.13683626,224.033214,189696.614983,10.8195860774,10,
5191,358.142930119,341.157402,273338.855682,4.42385978234,10,
6688,398.148189872,479.403762,584653.259307,4.00546798613,2.0,[M+Na]+
5194,358.161546789,317.540352,78739.3944334,10.699269232,10,
14128,677.403531532,385.187265,32027.8034105,8.92711972585,1.0,[M+H]+
10219,515.218470516,566.548974,308872.413681,9.38233267306,2.0,[M+Na]+
5197,358.172850205,246.764397,247061.675513,5.30344058752,10,
5198,358.196468079,102.153252,2351301.18648,4.27936109757,10,
5201,358.235653953,501.392262,44702.9914201,14.8309282216,10,
10611,529.31206063,473.74188,1858926.68343,4.68767967307,2.0,[M+Na]+
5204,358.269010823,608.53935,2255409.4011,2.04171174172,10,
5205,358.700799373,58.2336609,1043752.54908,8.06960485265,10,
5206,358.725227289,484.610637,86631.7497519,8.211346777,1.0,[M+H]+
5207,358.903989773,1604.23218,368560.819012,3.20955178591,10,
5210,359.00606186,603.69618,37771.3027545,9.54601767315,10,
5212,359.022529642,531.340332,32491.1424879,9.36080781061,10,
5213,359.029146378,545.495184,29541.8987583,10.5034824944,10,
5215,359.037003636,50.2603275,734577.356543,7.36977008718,10,
5216,359.044276879,541.506222,23393.5077088,11.2561244071,10,
5217,359.072860566,103.117632,124692.200555,6.76268596863,10,
5220,359.09298117,507.18921,80781.8960514,10.6942452816,1.0,[M+H]+
5224,359.139251505,678.72996,478910.157575,3.67064137167,10,
5911,376.174599983,694.78389,1262557.91814,3.29400768154,1.0,[M+NH4]+
12318,591.163599061,501.019956,55387.3675748,7.13855200831,2.0,[M+K]+
5227,359.15315427,38.5016325,3632633.41615,4.61306220259,10,
5229,359.170422489,326.982456,2678950.78359,3.00957900773,10,
9110,474.134540771,504.092334,101866.02636,4.91859187125,1.0,[M+H]+
5231,359.17013171,151.483824,53487.4986665,10.2903777281,10,
7563,423.197089302,340.784454,4395970.82918,2.34367645767,1.0,[M+H]+
10145,512.302504037,608.20266,1118702.23916,3.54928635548,1.0,[M+NH4]+
5238,359.22788704,75.544836,14741888.2755,3.59076602949,10,
5240,359.225409715,789.79158,72299.1134704,4.6562764355,10,
5241,359.227934702,138.930816,34685393.5979,3.83886463348,10,
10016,507.307424335,391.037226,212073.23048,9.64608781016,2.0,[M+K]+
5245,359.261195081,912.11103,54672.9113976,5.72017983345,10,
5246,359.26419354,64.754235,8675186.74108,3.30148789241,10,
5247,359.264295363,201.865446,1457440.99748,2.87052110873,10,
7355,416.321958221,351.478083,4472746.34714,1.84647202706,1.0,[M+NH4]+
5249,359.351012441,1266.1641,32297.5056853,9.94524306068,10,
5250,359.660207257,232.517868,77722.6025075,11.3721069822,10,
5924,376.688953772,381.873648,376887.84724,8.06589939971,1.0,[M+NH4]+
5252,359.712468307,473.920755,216655.798793,2.61347913389,10,
5253,359.946224205,1601.83953,25832.6264287,12.183037543,10,
5255,360.058643612,29.484096,106211.238217,12.2183227464,10,
5259,360.113047724,277.664667,4933432.61139,7.19150591276,10,
5262,360.131222905,226.6053,134885.568417,3.57675849568,10,
5263,360.131230916,268.635219,188771.267929,7.14937125926,10,
5264,360.148817048,39.1801392,6459433.5778,3.01041777005,10,
5266,360.138466358,556.960005,45618.2096886,7.01689057274,10,
5269,360.138522751,644.78172,21456.7383428,13.879053758,10,
5271,360.171904945,552.583413,85605.8166425,3.67641222066,10,
5274,360.187002652,60.343953,19287868.3839,3.80084993038,10,
5275,360.175570897,243.321669,505987.177046,5.26562005583,10,
5276,360.184784224,299.045382,121822.095491,9.88375809622,10,
5277,360.193873153,483.88407,57330.8355689,12.2435772791,10,
5278,360.196270055,357.998313,39143.1324722,11.9453947825,10,
5279,360.206045075,42.661491,557929.065598,11.6576283602,10,
5280,360.21942295,646.32306,83620.5452784,4.77126428332,10,
5281,360.231276304,372.316149,836673.825288,4.62418764711,10,
5285,360.259379732,319.831014,787937.985969,2.78099762835,10,
5287,360.267998276,154.99971,229471.122539,5.64209224048,10,
5289,360.270753323,420.722562,32355.016892,3.47417031411,10,
6914,403.692077733,64.065408,300059.95268,7.34671769173,1.0,[M+NH4]+
5291,360.686408982,281.047566,349504.146526,5.55975514254,10,
5292,360.698869454,364.268145,50028.6911164,14.0969911645,10,
5293,360.696991812,106.459254,371544.773837,14.8797620948,10,
5294,360.704283674,352.968138,247332.375567,3.80185851053,10,
5295,360.873308165,1606.08306,2481850.00913,3.2050287719,10,
5296,360.957170816,1605.12651,1448361.48827,6.48198965396,10,
5299,361.002065797,37.2917592,780612.839758,10.0711217733,10,
5300,361.039596432,45.8178903,1181610.99667,5.73508289734,2.0,[M+Na]+
5301,361.065708259,564.053721,909189.426308,6.44201476179,10,
5302,361.088475238,118.226196,726396.802067,1.42142487655,10,
5303,361.109644903,589.169217,132387.074898,2.06583078512,10,
5304,361.109526596,531.376215,141589.963665,4.90517227067,10,
5305,361.109598698,603.59874,60178.0977233,5.98864548028,10,
5307,361.117682835,547.689435,50505.6915407,5.88674083536,1.0,[M+H]+
11405,558.203673171,241.40211,135332.795957,10.6769976129,1.0,[M+NH4]+
5311,361.118616839,41.4950649,337883.668226,13.1443705129,10,
5312,361.124933412,408.498768,388922.51833,3.46365655283,10,
5315,361.163630162,57.8230869,13913406.7291,5.04477286948,10,
5316,361.16605107,550.83885,5212669.4269,6.57822724702,10,
5317,361.168431271,198.917277,47327.5342496,9.97604895412,10,
5318,361.172217948,232.166976,45268.4903462,8.02095955458,10,
7412,418.207347809,278.018532,3298403.80947,6.71558877691,2.0,[M+Na]+
5320,361.186014444,351.478083,2365618.23093,2.97707860178,10,
5321,361.177970978,384.297813,24928.6334922,11.7194627427,10,
5322,361.180093526,252.34749,446781.806345,3.89574417104,10,
5325,361.197245175,183.387027,2012975.94729,2.33667215279,10,
5327,361.191318168,606.83967,189555.712385,11.8115599849,10,
5330,361.24333589,379.227975,66224.2505297,6.79441681883,10,
5331,361.243447138,61.927794,13302135.7134,11.5906543536,10,
5333,361.263320957,369.252846,786809.404143,5.91068646732,10,
5334,361.284041481,753.76149,637305.814315,13.0407247417,10,
5335,361.279850402,299.277228,104218.876143,6.3964361668,10,
5336,361.31343401,803.32743,622400.027222,13.114714975,10,
5337,361.326794069,1211.67132,56854.533354,8.50206500154,10,
5338,361.697768629,443.196747,75513.3927732,12.3095463886,10,
5339,361.69416441,295.724127,44464.7964947,12.0655508771,10,
6562,393.711862952,261.634215,433450.310291,4.89400485236,1.0,[M+H]+
5341,361.712681861,221.568588,275197.047784,3.22914918933,10,
5342,362.052578596,591.864306,102250.292348,9.40925043781,10,
5344,362.097403346,588.283767,25433.621985,13.6681855418,10,
5345,362.097221978,566.922915,219071.30656,6.88339604183,10,
5349,362.110588554,99.81006,1227170.0678,4.48714423183,10,
7668,426.217403638,639.70893,475708.847357,13.6760268057,1.0,[M+NH4]+
5351,362.11392132,34.7257599,132177.303953,11.7813515666,10,
5354,362.131049671,70.305744,130353.737034,9.57881930002,10,
5355,362.128756336,44.4437868,1626905.82138,9.48172855355,10,
5356,362.138784509,539.821788,29706.1332906,13.797651729,10,
5359,362.169754374,519.766266,62806.676349,8.66988729968,10,
11950,578.208696416,589.068474,46190.3620958,8.18407910677,2.0,[M+Na]+
5362,362.180126529,679.3515,1838481.89512,3.38003396358,10,
5365,362.199230171,442.911936,32955.8713956,12.4648846531,10,
5366,362.22108666,539.701971,50512.4743949,11.1392970888,10,
5367,362.221481402,485.017326,95114.1843502,7.94408810954,10,
5368,362.216528984,697.662,308554.082536,3.3994074477,10,
5370,362.237780952,714.48192,42117.5612328,3.03999050982,10,
5371,362.237373058,691.38192,85418.2315266,3.51938615431,10,
5372,362.265732433,464.592729,56110.6481249,8.5085739886,10,
5373,362.275023369,61.140021,899910.685531,7.25133928675,10,
5375,362.629620144,270.495942,42591.3306389,13.5064890623,10,
5376,362.693478426,315.65154,199354.291947,14.2340689859,10,
8890,466.927229801,1604.65095,233992.560591,8.51471143475,1.0,[M+NH4]+
5380,362.995096014,603.8121,69053.2021209,4.99859177998,10,
5381,363.001028843,401.045487,1218359.41776,2.31125941799,10,
5383,363.018406015,669.93624,570344.517101,7.01306893275,10,
5384,363.018593509,50.1604188,114586.380358,4.76845365237,10,
5386,363.060609549,547.656042,21199.2504352,2.6824116719,10,
5387,363.053921821,35.2645212,119469.225586,13.0004093789,10,
5391,363.100754764,566.69133,22037.5947748,10.05632162,10,
5392,363.103061509,247.124463,21274.8217321,14.7997057936,10,
5394,363.122746263,557.528607,1076100.76515,2.01311384941,10,
5395,363.139178525,316.691838,40037.9310816,8.74434628918,10,
5400,363.16531737,422.755395,1030873.46147,2.95992085047,10,
5402,363.165330916,148.260573,638033.171278,4.49600338395,10,
5403,363.165414306,473.386386,132516.738982,8.93569363915,1.0,[M+NH4]+
5407,363.201923285,662.85012,54254.1976368,6.97963890668,10,
5408,363.219913543,697.7679,33914.3877355,10.776365755,10,
5409,363.230051438,552.741378,278799.830681,2.80852503785,1.0,[M+NH4]+
5411,363.244306702,393.069162,288370.15085,3.66154942332,10,
10962,542.352411995,673.65378,1653197.35259,6.92622298133,2.0,[M+Na]+
5413,363.320474667,904.12698,72690.632073,7.74370931351,10,
5414,363.693690322,448.380282,179253.279542,9.78536189796,10,
5415,363.728186429,365.77674,108525.722076,9.46472104832,10,
5416,364.003975821,50.2037949,242925.218801,4.11536366934,10,
5417,364.001420182,400.999926,198918.423947,3.45374713299,10,
5419,364.015448129,1774.03356,235819.014704,11.6964044396,10,
5420,364.052461562,37.39869,9478274.38192,3.0383443062,10,
5421,364.097791363,504.436551,58944.7461547,6.58996515416,10,
5422,364.113099129,289.197816,69425.762735,4.49614450562,10,
5424,364.123537444,479.469816,18208.7966477,14.411285774,10,
5425,364.131169361,661.58178,26718.9059428,8.96231624701,10,
5428,364.152677026,591.683241,176011.916406,11.6891584614,10,
5429,364.150627908,57.809301,639718.278554,8.39792116283,10,
5433,364.16493791,197.524596,114559.534312,6.32340080714,10,
5436,364.179048798,52.9907838,467888.477537,8.68071192786,10,
5437,364.185669344,415.252866,504658.44338,2.81501100942,10,
5438,364.189055866,265.687908,2219043.44012,4.46749477029,1.0,[M+NH4]+
5440,364.190166718,32.1699108,395390.499855,7.49845983035,10,
5441,364.188632974,181.292826,1630631.45875,5.28523629835,10,
5442,364.195620477,448.33881,69465.0402164,10.0646176642,10,
5443,364.195825964,380.560164,240092.395507,9.52315003666,10,
5444,364.22414253,395.573145,328461.332631,3.68656748385,10,
5445,364.222063429,554.001849,1035412.26376,2.14306120285,10,
5446,364.21384267,484.289076,23418.3232739,13.8401974601,10,
14855,728.40294502,243.15336,112751.951127,14.4653737505,1.0,[M+NH4]+
5450,364.995276298,586.129614,50749.3480615,4.21168276113,10,
5452,365.036320779,385.692891,52195.0640085,7.41210435701,10,
5458,365.104440209,38.8649484,14578708.4125,3.33380853467,10,
5459,365.104395237,494.099952,117445.048185,6.967990092,10,
8614,457.17977874,93.06903,348823.317537,5.88327694724,1.0,[M+H]+
5464,365.130387797,73.097397,630831.598197,4.41521129474,10,
5466,365.151163557,37.7627628,685350.295636,11.4962188263,10,
5469,365.175127431,34.9362225,537190.760143,4.83411892211,10,
5471,365.199473236,749.15079,66266.0648059,5.75953429531,10,
5474,365.21704865,118.475103,2316035.84843,1.86372152579,10,
5475,365.220586383,632.14734,777625.645092,13.2807768945,10,
5478,365.678818425,345.889884,104067.80058,1.91709219544,1.0,[M+H]+
7125,410.722329476,374.005887,54908.875529,14.3965140658,1.0,[M+NH4]+
5480,365.713070964,284.063112,208251.505222,4.91656784689,10,
14886,730.422606707,455.25519,348365.438945,4.89301663943,1.0,[M+NH4]+
5482,365.930857145,64.796922,124617.952719,11.6255980966,10,
5483,365.985387147,39.810699,366400.51092,8.10397376926,10,
5492,366.131153429,612.67806,31173.3663774,4.6848536461,10,
5493,366.130372583,93.976632,172217.680862,3.32112176529,10,
5497,366.201520439,260.425017,8392143.25223,2.57882285215,1.0,[M+NH4]+
5499,366.201321681,182.784036,1160020.98752,13.9197777029,10,
5500,366.217206578,62.27637,80798.2122249,11.4514892382,10,
5501,366.220866068,635.21598,270364.513019,5.16002747413,10,
5502,366.241217481,561.937794,5686054.38905,10.9426271239,10,
5503,366.241334082,678.79701,3027905.97181,5.88581359249,10,
8647,458.238518491,396.028857,10510870.7804,1.36134544765,2.0,[M+K]+
5505,366.252051586,617.73195,34934.3039631,14.1286866824,10,
14904,732.401629184,413.871867,459591.992895,6.38822927807,1.0,[M+NH4]+
5509,366.992193174,586.129614,11957.7356612,9.4483960458,10,
5510,367.010680247,631.70328,34146.5414261,11.5867969254,10,
5512,367.05518495,72.146466,5970783.06557,3.10446702385,10,
5513,367.072437618,64.29183,741219.160944,5.19585036536,10,
5514,367.084620249,606.70407,150894.316296,12.0117279265,10,
5517,367.119829996,212.100405,258005.903962,13.9302843433,10,
5520,367.1339495,31.742535,606432.900449,1.63280768426,10,
5522,367.142580756,105.900471,5595438.21138,4.92251499605,10,
5523,367.142014733,669.93624,112521.588713,4.39275344275,1.0,[M+NH4]+
9220,478.228376513,194.738652,9229804.85218,2.22537264058,2.0,[M+Na]+
5526,367.152865981,678.79578,912845.391394,2.49326642236,10,
9391,485.223192507,474.999582,62148.4218325,6.07489088783,1.0,[M+H]+
6904,403.217437898,348.644592,579420.973195,2.89274157808,1.0,[M+H]+
5532,367.200104625,130.912548,13295207.15,2.89714372688,10,
5534,367.233019223,437.826345,946272.120024,3.84380769184,10,
5535,367.236446282,659.3934,46496927.9287,8.70475631082,10,
5537,367.258227333,908.99049,4329297.18401,8.23749909775,10,
5538,367.266631579,720.28674,409112.98252,6.52424389092,10,
5539,367.699518423,473.920755,481577.222647,2.20662716077,10,
5540,367.706636973,380.96379,105852.041433,3.51957436736,10,
8115,440.002417003,33.3888417,2167870.95231,12.6061286776,1.0,[M+H]+
5544,368.019652967,504.623205,38020.3975719,13.9714258797,10,
10263,517.116793016,504.446082,338347.845751,4.52968557161,1.0,[M+H]+
14320,691.303431593,603.45621,51181.8996875,9.62388591588,2.0,[2M+H]+
5550,368.148186777,589.32339,70412.8427692,7.92878628672,10,
5553,368.185743223,806.0499,90738.1104292,4.57073566029,10,
5554,368.180673617,592.628598,32546.3140685,6.61223315076,10,
5556,368.180742815,161.733057,1398315.09381,13.1961324017,10,
5558,368.203771309,404.537763,1386376.66834,5.18272670098,10,
5563,368.207241179,335.342892,101436.20175,8.05306056916,10,
5564,368.206992125,259.380837,282376.231758,3.60633858468,10,
5567,368.228296542,133.658415,4095225.81086,1.16114959584,10,
5569,368.236925141,500.648958,68231.0126852,7.1950450109,10,
5571,368.228261057,244.889364,3368130.89023,6.09423964946,10,
5572,368.253372722,501.193797,419501.597208,4.64249482395,1.0,[M+NH4]+
5575,368.6837904,301.402008,61899.2706312,10.2573990623,10,
5576,368.69809115,274.607403,94084.5972976,8.72680660189,10,
14763,720.436479144,392.444235,112777.808239,13.0606665349,2.0,[M+Na]+
5578,368.903915407,29.294808,158669.071758,13.2434099691,10,
5580,368.941676148,29.484096,28916.8663863,4.7973692815,10,
5582,368.962797676,34.8323268,335969.250513,11.5238218511,10,
5585,369.07810726,52.4703885,3770311.04807,5.50895924921,10,
5586,369.081811102,606.65592,65098.5659527,1.03501668744,10,
5589,369.114171156,631.78614,64958.4130519,8.70500116173,10,
5590,369.138912702,670.11222,39803.9343907,6.90109115078,10,
5591,369.151107624,749.10303,184303.571201,4.97574082915,10,
5593,369.164879114,219.020289,163618.875572,8.25583778828,10,
12025,580.226710104,678.72996,961599.375568,5.61570350567,1.0,[M+NH4]+
5596,369.19552453,420.313587,457900.570341,6.3311584014,10,
5601,369.205776541,130.6977,113552.118595,11.451932595,10,
14960,737.490166515,446.120316,141695.073343,8.37537267195,1.0,[M+NH4]+
8600,456.32505727,639.70974,332489.758204,3.16560599775,1.0,[M+NH4]+
5606,369.237479387,603.24324,618275.598052,1.5196061916,10,
5607,369.252017955,681.69996,42615355.2709,3.17260378542,10,
5609,369.302889996,810.8142,15755.901355,7.56894502318,10,
5610,369.639124897,106.688688,77594.7115554,4.96317397036,10,
5611,369.691700362,294.879504,289910.518862,10.0613029102,10,
5612,369.691783238,247.395996,171577.606592,10.6603617305,10,
5615,370.000739385,567.074823,37348.9050613,14.6786921673,10,
9933,504.146030598,520.988709,54880.4764073,14.8479301007,1.0,[M+NH4]+
5617,370.056706768,606.61158,30613.0182209,0.973047546441,10,
10790,536.181522494,31.4235333,1553114.05789,3.54601820144,1.0,[M+NH4]+
5620,370.075153572,489.435948,16287.7529326,6.63503545307,10,
5624,370.120674765,669.93624,85446.0411476,6.01482892108,10,
5625,370.142202381,231.560202,149886.537982,8.67275528109,10,
5627,370.154684785,749.11506,15448.5575977,10.5799662668,10,
5630,370.172840673,269.678157,86209.2102863,3.82415367327,10,
5631,370.152016107,533.544693,56903.9581386,11.7408432123,10,
5633,370.177297241,104.540913,718465.816755,6.87085397906,2.0,[M+Na]+
5634,370.175304191,400.435305,405904.492984,6.77939940904,10,
5635,370.176182309,242.530146,203779.030483,6.32560415685,10,
7575,423.221952175,205.538598,1199409.66196,14.4865487161,1.0,[M+H]+
5637,370.175750441,430.712664,10560.7192619,1.59394238396,10,
5638,370.211363338,618.70875,27031.6613784,4.049531286,10,
9953,504.31897635,825.94716,833926.054071,5.90383344925,1.0,[M+NH4]+
5641,370.219536989,534.825702,99647.0836485,11.4264610885,10,
9350,483.317816797,314.008641,243289.90927,3.96005711715,1.0,[M+NH4]+
5644,370.251572482,446.236596,39737.5269251,14.1953066982,10,
5646,370.269002607,491.63883,872669.60363,2.2466806428,10,
5648,370.678952356,473.920755,47031.4235611,10.4043481284,10,
6048,379.247868215,484.975386,2535739.16576,3.57672339839,1.0,[M+NH4]+
5651,370.987195263,640.05702,1432254.94597,2.84032721898,10,
5652,371.022484163,563.079798,743087.495114,1.68841970051,10,
10329,519.165149462,37.808268,748506.13632,7.38384523025,1.0,[M+NH4]+
5654,371.035888417,194.978718,34568.4291958,10.0511700538,10,
5656,371.042213708,682.94094,297120.330186,3.31375514706,2.0,[M+Na]+
5657,371.026452774,550.352004,52848.774487,9.98548148283,10,
5658,371.04238418,49.9302918,546886.86188,0.323851896053,10,
5659,371.06325883,493.693206,42296.4340326,2.57839013781,10,
5662,371.092824293,474.646251,44276.9206759,12.8867798598,10,
5664,371.089177249,657.02112,33310.5311667,3.68123313471,10,
5665,371.11659108,443.564064,31890.1543522,6.89284682991,10,
5666,371.122374732,586.443741,57709.2402573,7.34459600345,10,
5668,371.130227933,659.22321,2841079.11501,3.77797646145,10,
5672,371.141387333,504.268956,1515818.91001,2.83388223528,10,
5674,371.168326058,302.156508,61698.2591457,14.8183820777,10,
5675,371.186102245,205.362828,40900.6248407,7.50905929731,10,
5676,371.191792995,109.599474,1268113.8848,4.33823614078,10,
5677,371.191490273,144.988986,324152.028147,4.45042706826,10,
5678,371.211337186,417.191607,52912.491728,13.7066399892,10,
5679,371.211639695,37.9199511,5846113.9382,3.59646035718,10,
5681,371.236444041,313.929978,73931.0231889,9.30085768738,10,
6050,379.749542796,484.975386,905438.742089,3.23238876828,1.0,[M+NH4]+
5683,371.227975218,201.682314,17399811.3437,10.9300054512,10,
5684,371.227866669,119.954232,18469148.9763,0.708050587726,1.0,[M+H]+
6342,388.253065281,359.193402,54466687.9979,1.95032852846,1.0,[M+NH4]+
5687,371.231407811,458.491944,66404.8915236,4.00411413451,10,
5690,371.253069669,912.11103,1162076.2238,5.28430868903,10,
5691,371.256053782,547.603443,147584.136009,9.84866200894,10,
5692,371.239136245,114.320058,403772.265266,8.50169836959,10,
5693,371.25798717,681.69996,590234.861617,3.32761650834,10,
5694,371.268005641,1045.00812,56867.9137764,4.76816428912,10,
5697,371.716774257,306.493452,30981.6515113,14.2842274506,10,
5698,371.737460244,484.917546,41374.2363415,14.9843640926,10,
5699,371.863800768,29.1179157,294028.09546,9.77108212232,10,
5700,371.920329096,1602.36186,30693.785945,3.36680021229,10,
5702,372.009630398,591.840045,25106.7764292,8.84430743459,10,
5704,372.054003868,566.922915,120520.66446,8.0518149112,10,
5706,372.113684737,436.989777,34589.0351268,10.6827413698,10,
5710,372.123192376,618.83682,64777.1238086,6.60897139858,10,
5712,372.134260586,142.989816,82811.3888767,14.0091182809,10,
5713,372.143108154,493.762134,247920.791882,5.85492617158,10,
5715,372.150018553,445.08924,660192.803597,7.05021856001,10,
5716,372.154462511,373.267782,36845.0562499,13.7000615701,10,
5717,372.177308918,380.620725,1915173.95299,4.37808478016,10,
5720,372.187788781,321.029706,136649.392517,2.22993483902,10,
8902,467.198249471,205.178598,696269.182991,5.67084299361,1.0,[M+H]+
6874,402.212583554,275.89419,1675523.30208,5.13625996179,1.0,[M+H]+
10249,516.283981481,359.837784,8302417.14847,3.23302879188,1.0,[M+H]+
5725,372.231581607,257.276028,627413.826208,4.01691111173,10,
5726,372.237043417,614.93607,2432626.07144,11.5722186493,10,
5728,372.24012344,801.79692,163303.820083,7.69831255819,1.0,[M+NH4]+
5730,372.251260348,568.88217,78319.7294183,5.72526526936,10,
5731,372.273530166,782.27931,3929261.07577,8.47600311791,10,
5732,372.329664802,815.97282,127710.06452,3.39418298635,10,
5734,372.696004194,329.09133,9785167.66654,2.7681759679,10,
5735,372.704535348,276.889941,1989272.55914,4.33334811218,10,
5736,372.704741114,400.718853,716429.411724,6.72210773361,10,
5737,372.720607829,330.335583,2938698.94093,3.23877920031,10,
5739,372.733402075,287.70726,823634.644996,1.23007777049,10,
5740,372.857425089,35.923665,292715.903214,7.09322357308,10,
5741,372.925287206,29.1845127,104126.452043,6.19601745285,10,
5742,372.945916544,1604.44272,214442.044149,5.65005841536,10,
5745,372.996314977,494.099952,149500.583542,5.72733501756,10,
5748,373.022408996,501.200892,62965.8999396,7.87279390018,10,
5749,373.047378645,595.507836,48165.0719056,5.65414804277,10,
5750,373.047627783,556.342593,36379.6434585,9.4733329791,10,
5752,373.043815692,34.5092655,149661.558097,10.2348581717,10,
5753,373.093418451,248.349639,43518.8121162,12.1479007946,10,
11627,567.130900827,31.2192585,2094386.39736,4.01441686177,1.0,[M+H]+
5756,373.108371989,277.664667,13735012.8159,4.78924800975,10,
5757,373.109658856,606.70407,216159.006194,5.84620209051,10,
5762,373.139552586,324.20565,52030.2489468,2.63887532005,10,
5763,373.140490383,300.713892,303657.624113,3.18534766868,10,
5764,373.147335165,166.93569,116290.96553,3.29831370691,10,
5765,373.157131509,221.359095,27051.0776077,11.8967263785,10,
5766,373.175052462,504.268956,225141.179692,6.30607047756,10,
5767,373.18047947,380.96379,254912.093925,8.09776646312,10,
5768,373.185903755,672.87414,29555.4327384,4.70365893072,10,
5769,373.197743282,828.96168,11131.3471743,8.71850611524,10,
14874,729.41212663,368.558748,966519.590444,4.39048654116,2.0,[M+Na]+
6428,390.247578155,723.70509,484508.29556,2.77596354778,1.0,[M+NH4]+
5772,373.222511593,330.335583,1061895.32877,4.07349604568,10,
7775,429.280478934,119.954232,3568397.6964,4.21927280269,1.0,[M+H]+
5776,373.243634822,168.348081,2341651.97499,2.53967375393,1.0,[M+NH4]+
5778,373.243628715,345.628902,14116053.3466,0.994371002759,10,
7391,417.264124227,63.315486,413946.687979,6.03120565195,1.0,[M+H]+
5782,373.279935327,238.688511,10533128.2267,2.82016709743,1.0,[M+H]+
5783,373.27997767,167.710212,3894204.10412,3.50046540177,10,
5784,373.279977297,194.68203,3098709.5432,1.65576234024,10,
5785,373.316312268,626.15706,54571.7965315,6.8724131266,10,
5786,373.676178578,284.647809,1242542.93995,1.35165778415,10,
5787,373.710384464,52.0557948,484144.818659,10.3763149966,10,
5791,374.027879223,504.268956,65465.4228013,8.06408240227,10,
5792,374.032637695,31.4235333,221793.972548,13.7033648671,10,
5793,374.028994937,332.01945,62462.5407041,6.04588968446,10,
5794,374.04905803,640.05702,1088631.53224,2.69624965354,10,
6453,391.129168362,669.93624,47835.0240636,8.18529888396,1.0,[M+NH4]+
6487,392.099858165,70.727211,7709387.57756,2.48607210451,1.0,[M+H]+
5799,374.092474001,333.938394,12090.2050836,7.55447014259,10,
5800,374.104621254,50.1545988,365414.037066,10.8016522788,10,
5801,374.101280871,81.539655,441997.12771,4.78240444749,10,
5802,374.113363628,67.601424,155358.16532,6.78809505178,10,
5803,374.118912482,161.716698,35600.4992967,7.53103629172,10,
5804,374.128738551,31.3209468,854337.68142,6.30656307036,10,
5806,374.148248648,57.3989124,2706946.25365,2.35851794639,10,
5808,374.151324075,39.1209792,1443182.50112,8.68447385326,10,
5809,374.158675838,504.597396,91010.7448478,6.32964968044,10,
5810,374.17300008,298.236468,211971.090959,2.81615650849,10,
5812,374.178008552,284.647809,443406.04875,3.90634155213,10,
15076,747.386294878,314.500362,309619.238933,5.29273991634,1.0,[M+H]+
5816,374.188359139,764.23866,110710.493669,7.17183908128,10,
5817,374.198664964,405.293862,20713.8525609,6.81013898038,10,
5818,374.187260103,503.908962,57981.883258,2.36467892495,10,
15080,747.437791636,412.162824,924322.605131,6.41012242228,1.0,[M+NH4]+
5820,374.222710392,364.622397,1466228.31714,5.18180872317,10,
5826,374.258523503,120.596454,1250263.26631,3.51215236337,10,
5829,374.275246002,182.377998,1923151.34764,3.38586619127,10,
5831,374.283642413,218.988732,658559.598549,3.04476506621,10,
5834,374.30900678,803.32743,442523.490262,14.4981757464,10,
10320,518.768063988,285.216012,2542495.54037,3.6319232452,1.0,[M+H]+
5836,374.688988797,395.485734,81994.179557,10.8601560969,10,
5839,374.724262068,364.47159,594070.370457,6.97554318972,1.0,[M+NH4]+
5841,374.94622729,34.6128489,237766.005241,6.53181028951,10,
8088,439.032089634,661.77171,31136.8285495,5.68879594661,1.0,[M+NH4]+
5846,375.018564657,541.58748,41580.5260232,13.7980737004,10,
7439,419.038173656,501.390204,20616.4137712,8.26304138166,1.0,[M+H]+
5848,375.020756912,567.153732,16354.8762815,14.9099799256,10,
6438,390.98766068,652.71525,85655.4096015,10.9688093235,2.0,[M+K]+
5853,375.07541515,501.383391,45177.3252888,7.37898307896,1.0,[M+NH4]+
5856,375.09799489,606.63375,67672.2376492,6.11651190128,10,
5861,375.105218681,120.253068,177641.105554,10.4323620355,10,
5863,375.125093661,501.383391,297710.09403,9.79625873087,10,
5864,375.141405989,681.94314,59969.7406131,5.83666208293,10,
8466,451.24939195,552.583413,216581.72494,3.1033048388,1.0,[M+NH4]+
5866,375.155705581,586.913364,41240.7046026,13.1763958359,1.0,[M+NH4]+
5869,375.175636512,172.247202,614574.306359,4.31011275748,10,
5872,375.19483075,126.376326,1237189.98301,3.3651829423,10,
5873,375.209291499,39.7004076,504966.687162,9.99081100592,10,
5874,375.201697405,301.680285,1925976.67111,1.85915886186,10,
6548,393.211967633,373.80681,13100317.77,2.85879037586,1.0,[M+H]+
5876,375.200698426,822.85428,27213.8711182,12.5810365192,10,
5877,375.201697564,353.635812,1454833.87353,6.44070142226,10,
5878,375.201871147,554.388474,184321.480384,5.93320280201,10,
5880,375.222765887,60.232908,31926874.5964,0.613515752386,10,
5887,375.679239029,162.558888,136382.69276,8.37561037206,10,
5888,375.686266445,317.451888,49710.1819482,3.70706529604,10,
5889,375.695725508,126.044328,443769.970772,5.58574470389,10,
5893,376.072211996,42.8561001,640484.510017,12.8582236982,1.0,[M+NH4]+
5896,376.082062636,639.96873,24799.8414152,14.9331148564,10,
5897,376.086293445,547.501344,75813.9965795,12.1160556507,1.0,[M+NH4]+
5898,376.10469919,35.5463211,136643.82236,14.1767664935,10,
5901,376.12823407,541.208283,41573.257369,7.86836293034,10,
5903,376.1280301,482.050962,17530.7522022,11.0083363962,10,
14656,713.348613156,401.373414,21804915.7865,5.22032248706,1.0,[M+H]+
5907,376.151809875,527.492838,17145.0539583,13.0254085531,10,
5908,376.16377652,211.926087,5323612.21925,6.37261506936,10,
5909,376.174543583,892.15497,139230.53586,4.92844424004,1.0,[M+NH4]+
5912,376.194195736,62.197224,196623.960411,12.5616099851,10,
5913,376.201103449,638.04783,702298.268186,11.4183545021,10,
11452,560.258079115,590.865486,44940.1701407,0.903632260029,2.0,[M+K]+
5919,376.225446497,322.166988,10858339.8497,3.10849049573,10,
5920,376.254508157,264.601281,322172.32683,4.68465893542,1.0,[M+NH4]+
8543,454.282172117,508.291488,72663.3383239,14.6872607183,1.0,[M+NH4]+
5922,376.283573666,744.9228,29955.6210199,14.2613543606,10,
5923,376.304855081,812.79156,5546070.37564,1.28495007472,1.0,[M+NH4]+
5925,376.708968436,341.858772,134557.492925,4.78618066746,10,
5926,376.715868321,430.889178,54774.3260698,12.9374611223,10,
5927,376.84726248,1606.24425,748975.530997,2.02217657529,10,
5928,376.930949415,1605.12651,395284.603855,4.79247887502,10,
5929,376.941281797,36.7705683,865965.04376,9.68895749317,10,
5930,376.971874368,588.740796,162339.820054,4.41877692018,2.0,[M+Na]+
5931,376.971932238,603.69618,126008.795754,3.97380217068,10,
5933,377.010553115,652.71525,38849.5127705,9.27083044758,10,
5936,377.039582172,564.227451,968761.381676,4.13930603121,10,
5937,377.060702327,404.448726,56228.9586845,12.5155395688,10,
5939,377.070867661,238.505328,146272.034309,7.30139970553,10,
5940,377.091054399,39.1801392,693153.558458,14.934848247,10,
5944,377.140801364,659.04588,85644.930393,7.97872032476,10,
5945,377.155461258,453.783693,135090.194309,5.69740222097,10,
14626,710.414052599,395.485734,77273.8534379,7.88194133099,1.0,[M+NH4]+
5949,377.184306262,320.178207,5587377.59992,3.63993707196,10,
11207,551.266368454,352.000089,232550.095925,7.50076790552,1.0,[M+NH4]+
5957,377.220741693,635.35473,94890945.4831,1.43072291681,10,
5960,377.232700832,473.20938,60543.73017,14.917388715,10,
5963,377.689370366,287.101683,517492.963755,2.03497624856,10,
5964,377.707624571,269.790444,94107.5957546,10.9168827569,10,
8833,464.765036973,407.274537,840501.422124,4.63446677534,1.0,[M+H]+
5966,378.027009762,591.921237,133866.789543,7.43605039402,10,
5967,378.047080846,31.099413,224960.019481,8.03603499577,10,
5968,378.061265682,566.769606,29235.6176917,13.9444906191,10,
5969,378.061563831,661.55766,12597.0101101,11.651892677,10,
5970,378.07151787,588.375222,33184.0959405,14.0882817885,10,
5971,378.068057129,37.6171056,1717461.40646,5.5743134794,10,
5972,378.071509317,566.922915,250482.011229,4.9998351169,10,
5973,378.079954256,46.4080134,2860499.52543,4.87149898238,10,
5974,378.089264672,640.01781,264218.598947,12.2408500747,10,
5975,378.105141683,302.757921,257715.184085,2.41761183517,10,
5976,378.117903964,364.407084,24782.9273721,13.364795356,10,
5977,378.115161002,41.0729481,3448176.61369,4.38119705607,10,
5978,378.124878354,602.4033,36459.2438906,11.4730423558,10,
5984,378.166552687,438.227676,38144.4679972,2.84954160438,10,
5987,378.177643888,330.335583,23846.3960208,11.3892094178,10,
5991,378.188082706,175.428588,1356036.22189,4.72581145518,10,
5993,378.201453682,445.389438,598741.726564,2.98076565852,10,
5994,378.206003763,32.3742888,196366.01497,13.0811221849,10,
5998,378.212488935,418.25538,573641.476732,6.23531858446,10,
7254,414.224019104,393.149541,6559621.65245,3.13939389525,1.0,[M+H]+
6002,378.237680307,406.917666,15411029.9708,1.9587222097,1.0,[M+H]+
6003,378.242945291,591.502614,97430.9441387,11.020258729,10,
6004,378.273677628,424.816302,56254.3338566,13.1144917543,10,
6006,378.332730507,1058.78976,41674.938644,2.02537480893,10,
6008,378.696102304,326.61489,213123.662013,7.68329275027,10,
9000,470.744798034,281.526117,161276.174685,6.82979998302,2.0,[M+Na]+
6010,378.742912534,399.435048,741078.123711,4.32669801853,1.0,[M+H]+
6012,378.929976878,1605.12651,348918.659111,7.60610153964,10,
6014,379.025252675,589.007169,138994.429574,9.01440644338,1.0,[M+NH4]+
6015,379.046891723,40.8646263,877173.247153,5.58543546742,10,
6016,379.075526492,589.263336,808187.337554,3.14777612873,10,
6017,379.075612654,603.69618,408635.234245,2.90026852159,10,
6018,379.074650991,566.613054,27798.5166757,12.9937107006,10,
6020,379.112717916,682.05378,775628.627004,2.24084464707,10,
6024,379.153533087,336.777459,143460.690802,12.5111761764,10,
9163,476.233885679,193.465461,1139035.95674,1.26133284427,1.0,[M+NH4]+
6026,379.167554135,267.260595,88131.9800149,14.9938472837,10,
6030,379.196524936,273.902157,3712817.30837,6.02524495805,10,
6611,395.168267439,98.062752,21001516.1093,7.98398843367,2.0,[M+K]+
6032,379.196737456,433.576299,58291.589739,12.021190295,10,
6033,379.188514025,384.415728,241181.171379,3.33632706129,1.0,[M+H]+
6034,379.205382439,445.026747,86934.3069928,10.8725660138,10,
8873,466.228518655,320.14149,15696653.8403,3.64201911882,1.0,[M+H]+
6036,379.206956407,183.228336,6572589.71896,2.01223788643,10,
6037,379.214192893,793.05183,37493.998011,5.61591525592,10,
6038,379.220214816,281.877933,103508.533333,11.3928088192,1.0,[M+NH4]+
6041,379.218881483,999.8805,43273.3021034,9.4002238045,10,
6042,379.224547324,322.212642,81847.8925069,8.39166751698,10,
6240,385.254750855,100.191906,25601697.5697,4.27429830836,1.0,[M+NH4]+
9611,492.234466589,678.57573,181278.917373,7.05272925821,2.0,[M+Na]+
6049,379.693961383,406.794018,385329.024844,3.98295738865,10,
6051,379.993088664,1776.96696,1032114.2133,14.4221985791,10,
6052,380.023956368,591.864306,50972.6585746,5.47717563176,10,
6059,380.114406013,50.1604188,428815.552683,8.09343410157,10,
12406,594.118425251,31.640139,1301368.56194,1.81023670895,2.0,[M+K]+
6062,380.137730682,275.127906,40671.2249309,14.9631242866,10,
6064,380.154340338,789.83184,21675.0326945,9.38170319147,10,
6066,380.166324869,273.67131,278795.793264,7.95646660759,10,
6067,380.163856705,193.518852,100365.934441,1.89622006551,10,
6070,380.192000604,143.616579,346200.917444,5.54792854125,10,
6072,380.200226157,211.234224,858728.235719,2.80508695884,10,
6073,380.211164636,183.242844,938140.988405,4.48306899723,10,
6074,380.21709477,258.163587,301083.74705,2.32955277974,10,
6075,380.217023528,360.512277,40539372.5831,2.17384286653,1.0,[M+H]+
6078,380.22822177,269.092812,118209.668623,6.68970623502,10,
6079,380.250976012,484.975386,235992.083471,6.02216721396,10,
6080,380.250939786,351.816525,3205061.78413,3.99701359462,10,
14913,733.432081409,351.614463,1221549.49634,12.528872848,1.0,[M+NH4]+
6082,380.725844966,287.63913,82838.4797512,9.83534384164,10,
6084,380.927977056,34.7257599,598309.794314,10.3751047883,10,
6087,381.083976009,591.767028,60248.6554219,4.44768798978,10,
6089,381.092024229,541.283814,97540.4114712,7.46413105509,10,
9308,482.235869,429.259932,31945.0450611,3.54602804668,1.0,[M+NH4]+
6092,381.108372762,603.69618,53715.8439973,2.83930754487,10,
6093,381.108546623,589.197741,115858.24595,5.76133247102,10,
8288,445.144529575,54.042267,4123254.93116,5.75546452326,2.0,[M+Na]+
6095,381.131721862,640.05702,140383.990407,3.02012769044,10,
6099,381.142637241,709.62561,16803.0252271,8.34919351949,10,
6100,381.169085277,274.607403,217763.984552,6.43446277808,10,
6101,381.163930386,962.46786,1944439.18057,1.52519477707,10,
6102,381.186118989,60.61902,6881616.86578,4.86995298446,10,
15411,778.407106708,335.725401,318074.215792,6.84414421592,1.0,[M+NH4]+
6105,381.187712901,606.61158,124025.190692,8.37044706158,10,
6107,381.200970742,604.55406,68735.6667468,13.254143086,10,
6108,381.222062454,408.498768,566127.624308,3.8271045296,10,
15229,761.453576363,461.703879,144828.78049,4.34785230237,1.0,[M+H]+
6112,381.242421775,678.72996,769109.407171,2.24576969763,10,
6116,381.250232843,1605.55341,596011.456382,9.52072186879,10,
6117,381.273358509,617.99064,34540.5264253,9.17038802623,10,
6118,381.284971564,457.822623,491287.738851,2.68911767139,10,
6119,381.276293979,678.79824,35587.6331406,13.9025607139,10,
6120,381.288998668,1033.28604,209487.675181,2.63184805048,10,
6122,381.339402628,819.96144,103088.625975,5.10873066517,10,
6123,381.670645217,274.964154,63096.8656995,10.5132202905,10,
6125,381.711851307,61.577958,268147.462802,11.0331572339,10,
6127,381.725616664,484.975386,181614.491811,5.92645667188,10,
6129,382.06312737,640.01781,43892.3824154,14.2871119911,10,
8640,458.19961481,58.4513937,1007515.50493,13.1913023745,1.0,[M+NH4]+
6132,382.131885214,286.863339,83167.8544344,5.79072461541,10,
6134,382.136571706,125.801016,93515.9997484,7.15840184652,10,
6135,382.145877901,142.652562,248317.564674,4.1837371518,10,
10332,519.200497119,357.776808,103839.505025,14.5684037892,2.0,[M+K]+
6137,382.19627569,197.644464,967837.143355,2.40552278898,10,
6139,382.21853602,366.23922,1096213.24116,3.64809585011,10,
10302,518.244296336,139.258518,178309.842406,11.4355243178,2.0,[M+K]+
10135,512.216856649,318.12939,68007.0029362,10.9723359121,2.0,[M+K]+
8130,440.269034402,202.746279,380633.330137,2.48889245168,1.0,[M+H]+
6144,382.257837809,635.18256,5500720.32339,1.79785983963,10,
6145,382.253487272,1606.218,67122.01962,14.0875160099,10,
6148,382.315269185,838.96182,17402512.9794,12.4897534773,10,
6149,382.336730086,1229.63922,21923.4751072,12.9357055868,10,
6150,382.341640345,819.88314,8457.23183231,12.2236344625,10,
6151,382.645218255,292.729866,55870.1085771,4.61947003799,10,
9000,470.744798034,281.526117,161276.174685,6.82979998302,1.0,[M+H]+
15264,764.399016733,385.106979,1208688.41123,1.89633822115,1.0,[M+NH4]+
9656,493.765657934,357.998313,148354.863052,5.31802707853,2.0,[M+Na]+
15270,764.427906307,373.911099,2505631.0143,5.03168434784,1.0,[M+NH4]+
6156,382.886091752,36.2897859,861865.750139,12.6020299332,10,
6159,382.978213754,34.6651044,834296.052294,4.20440174542,10,
6161,383.027378883,72.146466,1024108.61241,12.8756493381,10,
6167,383.097303449,539.690472,22253.7935777,3.21252486753,10,
6169,383.110145403,635.1591,221068.080033,4.4261194918,10,
6170,383.130176847,678.72996,3053550.77377,2.64480799317,10,
6171,383.147233424,539.95482,33441.233531,12.0048505136,10,
8151,441.19268959,1086.11085,156247.825016,1.66588168485,1.0,[M+H]+
6173,383.163625452,356.743614,61275.5872422,14.9946292985,10,
6174,383.164959042,41.1832614,16912742.3439,6.02421736893,10,
6175,383.164114577,328.056762,28895.9870632,7.20752835211,10,
6176,383.182739729,855.07056,33957.0924998,7.01756071161,2.0,[M+Na]+
6177,383.189033898,100.88826,10586877.7646,6.68226399219,10,
6178,383.196941863,289.104384,128039.413397,6.55910600151,10,
6181,383.247614998,241.06434,1265481.24429,13.7320216442,10,
6182,383.244463586,871.4157,18714.4914637,5.50771463287,10,
6184,383.267368483,681.8676,65142.6476158,11.1382250437,10,
6187,383.685861767,331.332324,51928.902475,8.54000208642,1.0,[M+NH4]+
6190,384.034141239,120.980658,829749.929585,0.695817943132,10,
6192,384.064407593,38.805603,490796.813077,2.40171097925,10,
6193,384.082905827,678.45708,78672.0757327,4.3367354064,10,
6197,384.157754934,288.501996,368948.911933,6.18255955102,10,
6198,384.159545848,805.83174,83864.3726151,10.7411698762,10,
6201,384.186516752,59.3805402,6712324.1949,8.00055136247,10,
6205,384.217324584,515.479842,27694.9788038,38.124851256,10,
11965,578.301359963,547.636836,417694.400492,4.44066659021,1.0,[M+H]+
15301,767.500532715,431.774808,63197.7454293,0.426611104342,1.0,[M+NH4]+
6209,384.715193724,254.499492,3469390.58473,1.66554774381,10,
6210,384.924281949,1604.65095,661816.75947,3.76309305759,10,
6212,384.939212074,34.8323268,473387.329159,10.08019202,10,
6213,384.960279997,33.3888417,839594.390674,9.72817563629,10,
6214,384.994898912,33.333342,526301.227477,11.7568245352,10,
6215,384.996193906,507.19521,18603.5891672,12.602585236,10,
6216,385.026799958,583.254768,44384.207203,6.31055942329,10,
6217,385.046013561,270.547482,46327.0436522,9.96959316456,10,
6218,385.037505979,121.369014,80383.6010359,7.75340040359,10,
12452,596.105856266,589.32339,222029.595523,11.3808484714,1.0,[M+NH4]+
6220,385.071299462,40.7692296,247719.542879,7.66262365071,10,
6223,385.116734256,153.791445,92050.1735911,2.55648760555,10,
6224,385.127848405,41.0729481,4461898.61708,8.90450432298,10,
6225,385.127802901,87.234654,9350641.16204,2.44689788284,10,
6226,385.130288223,949.64445,157406.93545,5.06269809931,10,
6227,385.145893372,317.914443,260303.896579,7.86416352491,2.0,[M+Na]+
6228,385.147132162,422.818302,214280.673451,9.39856047756,10,
6229,385.146160286,704.95776,13307.2387393,11.9737006579,10,
6231,385.163007722,678.72996,533485.335323,1.84517452663,10,
6233,385.191083382,639.70893,350348.492389,12.757117052,2.0,[M+K]+
6234,385.218416532,299.151939,1460188.71121,2.77381862939,10,
6235,385.221946995,387.075288,139296.053081,6.69185579077,10,
6236,385.246795818,568.739043,818984.63402,4.49554011009,10,
6238,385.246786786,462.607128,154267.979303,6.7052636069,10,
6239,385.243569096,162.904518,44231433.9992,2.03763878554,1.0,[M+H]+
6242,385.25465743,183.228336,6155803.08106,10.116462077,10,
6243,385.254733222,115.265142,31335753.5891,5.66537785194,10,
6244,385.251243026,659.04588,45422.349706,2.11627738475,10,
6245,385.277364953,901.52355,41958.3783977,8.0467714794,10,
6246,385.277002524,679.96449,192122.230101,3.95028730164,10,
6247,385.316299139,393.149541,1266357.57259,4.88259938919,10,
6248,385.316255507,372.414375,1574875.90646,5.64968407332,10,
6250,385.349477309,1148.6568,35754.4878171,12.0174487383,10,
15501,787.371138546,264.433902,1160071.70647,5.93249656561,1.0,[M+NH4]+
6252,385.719890284,299.151939,537688.934702,4.66182911816,10,
6253,385.722748189,319.831014,218385.550687,3.50873849334,10,
6254,385.745174148,345.209646,694599.602926,7.44707189683,10,
6259,386.097595258,591.767028,264260.961016,6.71412519428,10,
6260,386.112381316,59.4078708,348135.211262,5.73070849941,10,
6262,386.129233478,399.999294,65898.756862,0.631814886071,2.0,[M+K]+
6264,386.13088876,529.268592,28032.6717132,7.5545226532,10,
6266,386.150124769,242.530146,161988.209115,3.60660762419,10,
6267,386.15846037,589.234812,24046.7616179,9.73476617168,10,
6268,386.167451973,414.947103,43403.8984575,11.9990841029,10,
6863,402.143985302,547.612086,99323.7086365,2.70165768826,2.0,[M+K]+
6271,386.185808904,241.560432,90891.3878837,4.97886720967,10,
6272,386.247095712,321.496803,5624081.32397,1.82759349924,10,
6273,386.237972952,198.006024,190363.717274,13.8316572504,10,
10856,538.357807869,774.48918,127598.342236,7.37162640323,1.0,[M+NH4]+
6280,386.694322041,280.793619,82467.7432158,8.78628646615,10,
6281,386.707578033,362.484207,373093.856011,8.87653533757,10,
6284,386.897891063,35.259162,102695.120701,11.9279007315,10,
6285,386.921031849,1604.65095,425292.904855,2.78200249188,10,
6288,387.000897882,550.474788,67683.8868292,12.849920212,10,
6290,387.019865701,50.0528187,505912.26792,12.3764363509,10,
6291,387.017263675,474.984672,30300.3544324,8.64727290164,10,
6294,387.039196751,589.169217,119300.067101,11.1534236501,10,
8893,466.994058273,670.20234,80194.2782115,9.01885758146,1.0,[M+H]+
6296,387.059617002,34.5092655,316745.215893,6.92265004776,10,
6299,387.109029835,317.110272,89074.2095651,7.25546075826,10,
6302,387.144853445,104.20716,273518.630471,7.38478143009,10,
6303,387.160101745,252.792021,44862.018181,8.55439863669,10,
6304,387.161498781,745.2408,21666.085243,12.8995113949,10,
9225,478.264593335,348.433581,7269266.43807,7.10703653772,1.0,[M+NH4]+
6307,387.171191741,46.9726458,485182.148073,5.03685610729,10,
6308,387.179080413,713.3259,61792.6111787,7.41647991039,10,
6309,387.181693108,606.92712,23904584.3624,2.86417702909,10,
15356,773.391795793,301.680285,244154.979493,5.09468574389,1.0,[M+NH4]+
6311,387.209821899,362.597142,151755.254833,9.64318073324,10,
6312,387.222752654,104.87541,19686810.6983,3.60752461078,10,
8768,462.260379678,706.56708,1135478.30487,6.14423218308,1.0,[M+NH4]+
7307,415.237176953,234.003732,356356.332263,6.07003736039,1.0,[M+H]+
6318,387.294618406,608.03904,108618.85306,12.666127538,10,
6319,387.697580142,314.695329,95379.2225019,11.2063742328,10,
6320,387.715260829,421.699143,146126.123272,14.0649389426,10,
6321,387.72308694,389.96079,195498.803286,9.55992428488,10,
6322,387.701186849,301.662618,96666.1142585,8.0426704413,10,
6323,387.837658813,28.9275543,181204.385091,11.2460644281,10,
6324,387.894542103,1602.11628,27226.5044289,6.84233298821,10,
6325,388.098617953,79.670934,709141.302121,1.52458631569,10,
6329,388.156953716,438.724068,16940.6402865,14.8967489235,10,
6333,388.185506529,823.09644,22308.4988458,12.0138683746,10,
6336,388.195690565,469.573755,137690.583343,5.93315237947,10,
6338,388.217970211,59.3468256,23793756.0631,6.30760099785,10,
15381,775.432832524,358.834272,1880996.72472,1.76541401519,1.0,[M+H]+
6343,388.26263064,234.378342,36079.4303338,9.09525846287,10,
6344,388.290965547,269.502969,1080633.38181,5.58679186207,10,
6345,388.356260845,1255.00398,13138.4720223,6.6462529372,10,
6346,388.377217689,1235.53758,9862.99330723,12.6427602618,10,
6348,388.714811278,407.015325,55749.4806344,13.6148873443,10,
6349,388.72159798,358.78962,1730694.9688,3.3706890225,10,
6350,388.853659386,1606.40631,337002.739419,10.1527860947,10,
6351,388.899321451,29.0455236,61656.4967193,7.40385962075,10,
6352,388.925707627,34.615902,550903.796348,4.3832041939,10,
6353,388.995247524,541.506222,48520.6044123,7.99952637158,10,
6354,389.029246321,670.11222,169951.709808,3.44612657365,10,
6355,389.052988527,50.0528187,450162.687086,8.36332504926,10,
6356,389.069212318,682.07733,50515.4029879,7.70532271569,10,
6357,389.067136781,31.640139,144265.419352,12.0671625201,10,
6358,389.095618606,287.451432,43626.6501045,8.89577916502,10,
6359,389.097130774,678.72996,726799.102856,1.99382235414,10,
6360,389.103669408,404.406546,46741.2363858,6.29057528154,10,
6362,389.120134551,76.436124,64214.6496999,14.8280081427,10,
6363,389.140627092,568.605456,189011.742538,9.32044620563,10,
6364,389.147998729,78.065274,67237.5247558,6.60421614368,10,
6365,389.141987613,171.899586,108907.278438,13.1753885097,10,
6366,389.140757577,514.941966,15340.5947702,13.9999909547,10,
6367,389.158314595,58.5649605,7539779.55556,13.5309315997,10,
6369,389.151806337,504.268956,478734.690777,3.27992565191,10,
6370,389.18104268,224.152224,1361784.3378,2.64212140255,10,
6371,389.179413725,681.8676,82022.0936244,10.3186711613,10,
6372,389.176057966,240.174348,72508.6707654,6.20181136239,10,
6376,389.197113769,637.95582,16617190.0034,2.46675319512,10,
6378,389.197224696,589.351914,87172.3835644,3.45356990326,10,
9986,506.236537453,297.566196,134835.432749,4.74842014916,2.0,[M+Na]+
6380,389.215311457,214.02603,1299064.27318,10.5091807232,10,
6381,389.215155518,437.983434,39792.756116,12.2222672355,10,
6382,389.213492318,39.1801392,894298.061706,8.20447882518,10,
10774,535.276126154,387.418674,112166.103492,9.35414920831,2.0,[M+Na]+
6384,389.223391937,358.834272,388125.323994,7.45372613467,10,
6385,389.220362109,627.62286,28656.2693696,12.1724309715,10,
6387,389.248986201,853.4409,172781.250455,12.936530412,10,
6388,389.248945601,564.400953,934011.997815,2.42150402623,10,
6389,389.249574661,40.0160991,8583551.98218,3.7472581086,10,
8520,453.269864373,389.829567,375617.251734,6.78143196411,1.0,[M+NH4]+
6392,389.294282613,556.447041,36924.8031812,14.9462408035,10,
6393,389.311200384,464.325285,389480.418491,3.85957619663,10,
6394,389.696637702,458.753067,26955.0978761,9.6385619388,10,
6395,389.695064253,412.273032,56720.0633988,10.8712846677,10,
6396,389.707979512,295.885674,1053517.08648,3.5068078267,10,
6398,389.712387175,484.975386,452763.918623,2.21507131804,10,
6400,390.001958156,504.623205,100430.513546,11.3471647889,10,
6401,390.096155236,161.55987,179772.758219,6.75760513971,10,
6403,390.13217081,82.862343,108178.795542,4.42187981833,10,
9156,476.130863181,504.092334,35670.5710374,10.1059557441,1.0,[M+H]+
8098,439.21248642,310.592139,129845.359866,9.23477810714,1.0,[M+NH4]+
6407,390.14397092,659.3304,129224.081834,7.40005207597,10,
6414,390.21132824,764.26635,2153276.11954,2.24507489679,1.0,[M+NH4]+
6415,390.201263959,378.79332,94845.0579403,9.97409984833,10,
6419,390.204905444,159.080073,1072462.53329,6.75365866892,10,
6421,390.214047065,485.017326,149944.391305,2.76819833826,10,
6423,390.21790414,670.11222,273805.663188,10.0166257053,10,
6425,390.220962846,366.819813,2013223.2811,2.53438928597,10,
6426,390.240931377,759.86214,60305.8775444,11.0838322383,10,
6431,390.269781289,418.909926,419190.362237,7.96006648494,10,
6432,390.310604425,1217.55885,21665.3759402,11.0641468904,10,
8476,451.759110341,335.373519,77232.4033873,12.8034374763,1.0,[M+NH4]+
6437,390.976857385,34.2905955,738273.180709,9.68845493103,10,
6441,391.026303568,670.20234,114003.816276,10.4837482829,10,
6442,391.048834065,501.01158,27017.6360385,9.38467518935,10,
6445,391.052378123,603.83058,26680.893995,14.134042502,10,
6447,391.084520556,640.05702,335067.768476,4.58975407549,10,
7015,407.077886407,87.064335,171661.375527,6.87112268719,2.0,[M+K]+
7018,407.129263984,104.540913,326056.930103,6.89579009025,2.0,[M+K]+
6459,391.173736256,568.532556,36048.5054474,6.72579889473,10,
6460,391.17522828,451.042683,50490.1327093,9.56165642966,10,
6461,391.185193068,504.623205,56522.3420467,7.51163021023,10,
6462,391.199825886,231.912705,1380985.64516,6.47081985098,10,
6463,391.19987253,470.683449,53768.6782263,8.18038821213,10,
15439,781.407041723,304.841757,10571915.2053,2.78643611648,1.0,[M+H]+
9912,503.260095522,488.506017,52954.4187572,14.0145623648,2.0,[M+Na]+
6468,391.215233011,430.431687,69453.2157093,13.3893221107,10,
6469,391.215422469,679.76526,67257.4728448,9.82315271609,10,
6471,391.233253103,404.593896,382692.299034,7.04642663799,10,
15035,744.386842537,250.465149,3930854.83604,2.7240459145,1.0,[M+H]+
6476,391.694056708,329.980203,28463.1087389,13.5500488222,10,
6478,391.710314071,350.644719,345277.393939,3.24867547555,1.0,[M+H]+
6479,391.759226409,412.162824,225814.708911,7.16605711388,10,
6480,391.750616505,438.964548,46784.0732326,4.85209734694,10,
6481,391.95751967,29.316192,60309.4435983,10.9575589091,10,
6482,392.03031371,520.485648,119846.649306,11.3538938694,10,
6484,392.059394451,640.01781,357617.43714,5.29993562811,10,
6485,392.054489477,31.4815323,290230.499065,14.2808801685,1.0,[M+NH4]+
6486,392.078768624,606.63375,57505.5959945,3.74479955275,10,
6488,392.12079665,279.933744,305707.078259,6.29500604398,10,
6491,392.139303823,249.935895,66585.1456304,10.6187498907,10,
6495,392.183989772,226.418604,208697.997366,3.84270340203,10,
6499,392.200619496,194.5017,274152.091454,2.08274561711,10,
6501,392.214797561,669.93624,95205.4783323,9.00766377603,10,
6502,392.220553358,178.895202,375768.783688,8.19350478496,10,
6504,392.231303088,143.447703,122475.779423,12.9839784955,10,
6505,392.22691983,823.02957,769452.853901,1.96204844374,1.0,[M+NH4]+
9533,490.210708618,422.050458,6348328.94016,4.97044293979,1.0,[M+H]+
6507,392.231398919,461.804568,57402.4952595,7.38278410529,10,
6508,392.249422068,249.23484,367131.201197,0.605896626382,10,
6509,392.247662731,268.512756,51661.8734833,14.8345661672,10,
12777,608.278866252,635.68848,716598.895506,4.60232810656,2.0,[M+Na]+
6512,392.740440872,343.194519,150973.738802,9.99010805862,10,
15478,784.48796892,495.110955,1056509.13174,4.19485976399,1.0,[M+NH4]+
6514,392.749028243,417.048552,378607.920971,4.30442695217,1.0,[M+H]+
10019,507.786561593,28.6785915,72915.5620236,8.50048393573,1.0,[M+NH4]+
6516,392.914911702,36.9297012,1100445.99915,11.1788145451,1.0,[M+NH4]+
6519,393.00056943,64.58904,291405.30045,12.3345070371,10,
6520,393.022892673,670.21188,11878.6821565,10.2173611521,10,
6522,393.072407358,606.801,139047.462153,3.17993778706,10,
6524,393.07939529,31.7473992,205889.55942,9.71177937469,10,
6525,393.095519649,81.539655,132458.304722,12.4271525358,10,
6527,393.108594568,606.63375,45687.8333094,13.655848359,10,
6530,393.135587537,57.9801495,43972248.5331,2.92447952733,10,
6531,393.125830831,31.161339,204701.275593,3.44918158002,10,
12737,607.137100611,541.283814,53051.4810025,12.2419667762,2.0,[M+K]+
6535,393.124921964,222.208905,121415.710326,5.73844099681,10,
6536,393.125812747,162.904518,373381.941016,4.98514289794,10,
6537,393.139333353,423.754458,45133.5789806,8.62613477817,10,
6538,393.139519218,282.582558,81376.469416,8.5426988791,10,
6539,393.139526728,587.685732,16978.5134171,7.82401843764,10,
6540,393.157925781,329.921262,124479.837106,12.0329369235,10,
6541,393.149946782,306.788748,60447.4812126,5.75277922135,10,
6544,393.175946502,249.584841,387740.416589,5.31283706944,10,
7060,408.248195552,301.91094,7319548.59647,1.38996012786,1.0,[M+H]+
6552,393.211675522,516.048942,53331.6920417,7.81193690363,10,
6553,393.222121269,431.607552,56883.4214244,4.35270154718,10,
6555,393.215457395,502.858518,29896477.7353,1.61742986257,10,
6560,393.307459315,815.95806,69507.3211492,8.5437364311,10,
6561,393.308152001,862.36998,9688.04306763,10.0693191044,10,
6563,393.711678442,218.953362,66630.8707278,9.04187713825,10,
6564,393.728140237,455.985882,20559.5631532,13.0461173659,10,
6565,393.748104307,328.40727,106286.222085,12.044149746,10,
8062,438.03901696,591.945498,21850.9109774,11.4776606341,1.0,[M+H]+
6568,394.045916995,566.922915,74092.8600343,6.92443761678,10,
6569,394.056380566,640.05702,118143.177372,7.91127760676,10,
6570,394.094450137,637.91745,37068.0899214,7.4455225311,10,
6572,394.119490985,541.142463,19797.358799,6.72421573616,10,
6573,394.13505938,370.92747,148608.737883,5.62942147443,2.0,[M+K]+
6574,394.15931589,380.709345,67503.9536786,10.3305368231,10,
6575,394.172694141,326.53596,31924.5918062,13.6597739468,10,
9575,491.187638703,329.800893,678208.231165,5.32789371275,2.0,[M+K]+
6579,394.189464748,60.561666,167707.462846,9.95145087911,10,
10199,514.271900863,54.7717893,2068605.34278,3.94083283786,2.0,[M+Na]+
6583,394.21612299,324.214899,634275.151094,2.2676781795,10,
10952,542.256993675,245.775684,21354.919512,3.89911811835,2.0,[M+K]+
6588,394.272438575,678.79701,843544.985536,13.9689766798,10,
6590,394.305311932,567.699537,36009.4076153,8.16594716224,10,
6591,394.345692999,1336.57236,4726266.48373,4.57221122984,10,
6592,394.351681595,1035.47982,9340992.63361,1.78499087443,10,
11691,568.809195269,373.965534,73238.215534,12.2338459447,1.0,[M+NH4]+
6596,394.728262619,270.385218,92386.3134756,6.40193899007,10,
6597,394.943248977,603.8121,37031.4745913,8.92269556156,10,
6598,394.943833042,34.6681575,431653.543615,4.77242409957,10,
9182,477.002111226,589.169217,74183.867624,5.7322108784,2.0,[M+Na]+
6601,395.021015271,40.7692296,356640.426007,10.0688203066,10,
6603,395.037999699,35.0445348,80568.1368972,10.2239285461,10,
6604,395.086671538,682.05378,909829.683651,1.69937572218,1.0,[M+NH4]+
6606,395.106833121,678.72996,72564.2980114,1.69900865977,10,
6607,395.12625078,407.428614,18917.6433524,10.9376541365,10,
8124,440.197499276,184.48308,417053.412814,7.94732031776,1.0,[M+NH4]+
6613,395.201429945,292.508751,518511.463943,3.60937706316,10,
10634,530.287395073,323.709837,705391.430385,4.81217511897,1.0,[M+NH4]+
6616,395.22135265,479.46345,139312.170959,5.80571033891,10,
6618,395.231170258,540.066348,3916934.45808,6.9328771406,10,
6620,395.255238011,479.823198,30626.7262246,13.0115371928,10,
6621,395.264190442,368.800029,40084.7580247,5.62802903722,10,
6622,395.310566596,838.96182,19068682.4251,13.6048022227,10,
6623,395.300789329,701.91654,130143.695348,4.93179541601,10,
15524,790.428686618,238.626348,464530.491319,6.07599526469,1.0,[M+NH4]+
6629,396.054153372,591.683241,182415.479428,6.13830304836,10,
6631,396.075227053,562.410174,390203.457746,4.59287973921,10,
6634,396.133565175,39.0704064,1193792.77526,8.9871302574,10,
9022,471.234132224,764.703,26872.3213242,10.9563409534,1.0,[M+NH4]+
6637,396.167939284,54.4708959,1993796.12826,4.45395756402,10,
6638,396.177165604,455.620941,50622.6114276,6.40975955258,10,
6639,396.172407492,246.331236,92276.8911941,14.5292952209,10,
6640,396.188687553,431.269839,56006.9960148,6.87474777022,10,
6644,396.228524399,524.171412,38178.5920701,7.21357220755,10,
6646,396.251091056,547.884783,46448.9946322,7.9858984801,10,
15539,792.422536247,307.701819,148135.142147,13.4026987367,1.0,[M+NH4]+
6651,396.993900976,34.4033205,1011677.40698,5.72309215678,10,
6653,397.022709936,36.9775767,711356.745254,8.17608393051,10,
6654,397.045759978,277.664667,203791.922294,5.53270076715,10,
6655,397.042531793,606.63375,183853.164748,8.85529379827,10,
6656,397.059311641,545.324724,145022.707682,6.11083000867,10,
6659,397.085974284,589.351914,332013.37708,9.50306573066,10,
6660,397.086161751,603.69618,174490.352714,3.48985727073,10,
6661,397.076384529,50.2603275,335412.146904,12.7127046242,10,
6664,397.110138922,99.721344,2782632.58615,3.54992072586,10,
6665,397.109511053,639.9309,105406.242965,3.91551919714,10,
6671,397.165378124,97.572303,1073220.50805,14.2193398952,10,
6673,397.172497499,764.29404,20480.3915372,10.0166505876,10,
6674,397.166113683,602.04126,283448.591261,5.29313085525,10,
6676,397.191583312,551.624067,47695.4168202,13.8172153167,10,
8054,437.25282786,504.623205,186916.660771,2.03710909265,1.0,[M+H]+
12355,592.311193917,253.1499,59061.9509113,14.0880538331,2.0,[M+K]+
6682,397.258691785,600.58176,34321.8223913,11.21116043,10,
6684,397.349727588,1219.36584,35060.8794762,7.36549297476,10,
6685,397.69761356,229.317978,1005085.89207,10.949243825,10,
6687,398.140363676,132.922731,3709605.52952,1.33812629945,10,
6689,398.144951864,681.8676,176666.062166,8.11195764722,10,
6690,398.169483581,602.04126,38682.2070486,7.19207207503,10,
6691,398.186408509,639.70893,3040502.2329,9.04088868546,10,
6692,398.185846188,822.7191,40491.6587781,2.71622742315,10,
6695,398.209786285,338.436327,238577.218157,8.14481640414,10,
6696,398.207405834,322.203771,1055059.32881,4.72045542796,10,
6697,398.190335985,628.46064,121265.799978,7.72595574667,2.0,[M+Na]+
6698,398.208262566,218.127468,170010.718604,8.87477788774,10,
6699,398.245943198,659.25501,259813.525477,9.05750684672,10,
15564,795.470192743,325.363011,1164307.51387,1.2334137576,1.0,[M+H]+
6703,398.255405807,407.94042,113348.489777,5.29270243392,10,
6704,398.266878287,681.51801,74721.6812188,8.11897856914,10,
6705,398.274119839,665.80962,33725.667981,4.45565495696,10,
6706,398.297627322,1014.25878,29058.9943965,14.9082858178,10,
6707,398.311533578,393.149541,2624875.10538,2.05300028128,10,
6708,398.311487679,372.414375,3711086.39165,4.44559119217,10,
6709,398.303365629,552.372426,48395.1351527,5.16947309472,10,
6712,398.722145475,344.854008,165312.865451,8.05993714126,10,
6714,398.758445819,407.585418,43615.6951341,10.7905492723,10,
6715,398.810584684,28.444188,78213.2638902,10.8814099685,10,
6716,398.859959471,36.5570328,521323.181526,3.73995617906,10,
6717,398.899012671,34.9335468,195563.7122,13.079191399,10,
6718,398.922207392,1605.28524,2836147.35089,3.94470654656,10,
6719,398.954791353,34.6681575,923492.987203,3.95510195361,10,
6721,399.002994579,583.670358,28548.7676413,11.4092474106,10,
6722,398.989468376,34.720413,185144.638878,9.09682412159,10,
6723,399.018543471,539.567565,31588.2854598,11.6532485922,10,
6724,399.058084524,637.95582,103107.168572,8.58903791728,10,
6725,399.053777057,678.72996,352698.523463,2.32181203015,10,
6728,399.083000768,603.53781,57625.2800259,8.56968592556,10,
6729,399.082950407,589.007169,110325.395278,6.00387135436,10,
6730,399.104216731,379.053792,25772.4237813,9.7054693475,10,
8839,465.082612953,678.72996,199459.89831,9.36442424399,2.0,[M+Na]+
6735,399.11887594,589.007169,36320.8881918,7.66307480579,1.0,[M+NH4]+
6736,399.124685109,602.16324,40726.552689,2.98019686531,10,
6737,399.132401222,439.007058,221191.139602,2.76196078424,10,
6738,399.147280076,40.0671753,260840.059945,7.96857078509,10,
6740,399.142340076,545.314536,30955.0904641,8.73058701026,10,
6741,399.142345607,351.581493,66101.1326914,9.45825131333,10,
6742,399.142291458,279.154719,48213.2698059,12.378308946,10,
6745,399.162574276,602.04126,92684.8767339,13.6212314421,10,
6746,399.163112418,100.663098,12955866.7241,5.20060036813,10,
6747,399.18010898,407.160108,42671.923539,12.4504606397,10,
10777,535.322604824,617.03328,239170.614153,14.6804475679,1.0,[M+NH4]+
6749,399.17765566,801.84144,91582.2424985,5.60464878609,10,
6753,399.232876526,198.328503,55038.9199516,11.9233308532,10,
6755,399.241496449,324.724395,1378592.76974,2.12009150414,10,
6756,399.25914476,310.724631,16806146.3733,5.44137193719,10,
6757,399.249713395,956.27124,5723800.08194,4.63974310072,1.0,[M+NH4]+
6758,399.252754236,547.612086,231372.845007,2.91065788623,10,
6760,399.307008724,1035.47982,3478813.28647,2.28006276608,10,
6763,399.679080122,311.939082,163508.880843,14.012260209,10,
15389,776.402854888,295.885674,657879.514465,2.74925839938,1.0,[M+H]+
6765,399.720428093,283.156506,330345.997626,7.20217757474,10,
6766,399.750185182,480.84045,1227772.48723,3.49974989242,10,
6769,400.043222618,566.922915,33853.0638473,14.5505441226,10,
6770,400.105388774,694.64988,25117.9295622,14.6040407621,10,
6771,400.124031513,439.007058,106705.399488,1.59247267405,10,
6199,384.150231149,635.03322,225257.335312,6.42976430701,2.0,[M+Na]+
6774,400.158766185,456.168633,21884.429249,14.0370745887,10,
6776,400.168789275,175.414899,59581.5610263,12.8758283841,10,
6779,400.18558568,395.295102,66384.5799498,11.212597437,10,
6781,400.189761995,1079.35314,13985.2377404,5.22346282887,10,
6782,400.196870936,206.44146,26734.2995528,14.0575076473,10,
6783,400.206841528,597.810645,46594.7464444,12.0850294743,10,
6784,400.210730716,454.889061,20502.3776305,14.4451113278,10,
6785,400.208523266,334.493895,350276.957306,11.6425765467,10,
6786,400.208441003,490.873566,11982499.6458,1.78500366617,1.0,[M+H]+
6787,400.200365905,242.264178,219636.233148,3.43482646416,10,
6790,400.21797457,60.123036,8714204.25203,4.9749547219,10,
6791,400.249092751,391.741731,50966.0067143,11.4531067343,10,
10015,507.312355374,287.563905,85658.8628085,7.00692397321,1.0,[M+NH4]+
6794,400.262801514,371.375976,2163335.06509,0.200136085971,10,
6796,400.288456702,1001.49807,36819.3365934,9.43804927162,10,
6800,400.723159916,432.737256,71017.8659233,9.82083754229,10,
6801,400.715611831,252.516432,131038.07846,4.13061532336,10,
6802,400.744712121,483.319137,88033.9224542,4.27978795858,10,
6803,400.898309363,1604.49243,145223.217986,5.08247660185,10,
6805,400.913518908,34.8323268,232931.303006,6.69056112543,10,
6806,400.951090697,531.376092,21882.5011232,11.3029881846,10,
6807,400.97038066,507.547584,20099.6676497,14.2244896266,10,
6808,401.008149813,33.6538932,421249.468132,8.81581181474,10,
6810,401.01655565,603.59874,222980.531793,3.61137003586,10,
6811,401.060462542,64.29183,376836.0061,1.90386720379,10,
6812,401.075154792,34.4033205,523199.896501,6.03495005953,10,
6813,401.090661775,602.46651,32276.124903,11.9492071189,10,
6818,401.117641954,198.145191,59852.2779322,9.56082115402,10,
6821,401.148090162,484.793634,63985.9094197,4.54181931862,10,
6823,401.159428583,61.460577,974680.332344,3.758203314,10,
6825,401.184998866,915.85878,51705.3936667,10.4374780024,10,
6826,401.177885709,244.991457,311743.185729,3.01431183529,1.0,[M+H]+
6827,401.190818673,469.302561,602290.22106,4.79247996378,10,
6828,401.190702163,57.809301,343001.647259,10.1226889171,10,
6831,401.201995037,373.911099,102981.939482,8.61715516718,10,
6832,401.20233963,392.877042,106186.086866,14.4600870533,10,
6834,401.216072236,830.64702,1478248.38839,1.58369834668,10,
15633,801.445007404,320.524638,189386.440008,3.09688902909,1.0,[M+NH4]+
6836,401.231895239,343.889277,99301.6788923,12.4579318966,10,
6837,401.242539457,428.125899,78264.0538915,13.9852780133,10,
6838,401.240186616,710.2989,136112.858934,9.33327676878,10,
8954,469.227720462,222.975462,115031.434141,9.63203318575,2.0,[M+Na]+
6840,401.238445999,130.36395,5495169.27757,4.38519006774,10,
11384,557.231967437,183.387027,1494657.59297,13.6734776853,2.0,[M+K]+
6842,401.252383689,818.14056,247100.967498,3.71758602874,10,
6843,401.249780046,834.65247,26496.8880742,10.992165214,10,
9345,483.291503729,247.048614,51765.421159,10.6344944505,2.0,[M+Na]+
6847,401.28590399,114.320058,494980.823595,6.94570549292,10,
6849,401.65127829,341.829585,740414.674534,7.4859698673,10,
6850,401.694606001,280.579212,91229.9059541,10.2713482708,10,
9075,472.755469713,373.36215,475890.686769,4.16257930824,1.0,[M+NH4]+
6852,401.723423655,291.607686,195886.046149,3.73874036929,10,
6854,401.76260327,495.110955,869354.346159,4.13518561977,10,
6855,401.977245541,33.4491,401924.768276,12.1866519803,10,
6856,402.019739787,589.024743,41865.8149814,2.7423948436,10,
6857,402.07194149,591.683241,307713.494753,6.09039146227,10,
6861,402.132894941,269.207871,66237.3035491,13.6389216574,10,
6867,402.174830331,489.047328,414406.065939,2.22722144714,10,
6871,402.192156063,304.970127,99842.341128,13.9157030716,10,
6872,402.211209405,556.801104,98791.95575,3.56897523821,1.0,[M+NH4]+
6875,402.219473967,830.87244,309361.098649,2.34245064103,10,
6876,402.217835394,606.96987,405473.581582,12.0743442412,10,
6878,402.213312418,473.145318,57058.9157349,11.4726884262,10,
7462,419.283052792,818.30382,137893.766597,5.91813860562,1.0,[M+NH4]+
10622,529.78565511,323.669262,1401375.32809,1.39926044297,1.0,[M+NH4]+
10350,519.749172265,311.395317,138094.89334,10.2994350105,1.0,[M+H]+
6885,402.857908266,1606.08306,215102.626962,10.5887608968,10,
6887,402.941175351,34.2939018,430710.848937,7.02006722727,10,
6889,402.999592629,35.0445348,67753.7811824,4.91855380043,10,
6892,403.035912016,34.6097958,245031.894922,10.8300175637,10,
6894,403.064781832,60.185577,134622.603576,8.83809334993,10,
6896,403.141591626,413.67417,25754.6285046,10.6603475078,10,
6897,403.137732475,766.27704,81418.2102759,5.57235835395,10,
12461,596.255366977,652.761,36630.1356701,9.72856658212,1.0,[M+NH4]+
6902,403.190868036,274.019934,103858.292181,4.26187616878,10,
6903,403.2060533,513.061314,47657.5765607,13.8257307216,10,
6905,403.232822148,397.02402,1111541.77916,2.37534939236,10,
6906,403.242871777,618.89442,120324.576119,1.64619252137,10,
6907,403.248238561,63.792726,261597.499998,9.25984293892,10,
6910,403.254020056,317.110272,8749297.85088,2.77696009069,10,
7483,420.330739063,1120.44864,9377165.34826,1.7494799441,1.0,[M+NH4]+
6913,403.688350795,254.513616,86671.9973153,9.37359163405,10,
6915,403.704778071,198.733584,1286598.69746,2.8752571902,10,
6916,403.728161956,359.148567,133290.138869,11.5942324077,10,
6917,403.73842824,495.110955,125535.814649,5.02579752296,10,
6919,404.132838186,47.0727882,674930.869849,10.6496349694,10,
6920,404.178327405,143.911824,70406.2703407,2.64239858452,10,
6921,404.196756115,589.351914,50504.6007587,9.38775945929,10,
6922,404.195960839,831.66924,250924.256668,6.80943683972,10,
15679,807.412142898,438.724068,50274.437085,10.1903917494,1.0,[M+NH4]+
6926,404.205848761,694.6941,654717.953262,12.205273742,10,
6927,404.216843501,345.209646,235465.219649,3.46443465708,10,
6928,404.236600647,397.02402,241635.54794,5.43442562085,10,
6929,404.235188828,1056.75042,174651.180833,4.62949497953,10,
6931,404.257368217,405.790974,16489.2383391,6.04042156805,10,
6932,404.250476139,924.13524,41925.8051714,6.0796867727,10,
6934,404.263317356,606.61158,368826.707032,14.049308307,10,
8628,457.320727615,241.057848,2214997.21175,3.46859525476,1.0,[M+H]+
8648,458.242679065,176.289141,591977.200589,5.71218422837,2.0,[M+Na]+
6937,404.287570606,698.16804,19217.4775412,12.9576974597,10,
6938,404.307772047,1120.4316,105333.829871,9.24559475561,10,
6939,404.330059001,1300.57296,85683.5358329,5.28617527258,10,
6940,404.33607259,812.79156,887519.185474,11.2273381166,10,
6941,404.667345144,240.953649,138261.572296,9.57979569267,2.0,[M+Na]+
6942,404.700127878,304.170264,300827.248889,1.85385183787,10,
6947,404.90020879,34.7311068,239287.950677,10.8039928044,10,
6948,404.944347007,493.730757,92683.6369357,3.88742067841,10,
6950,404.992323715,34.076289,955555.951493,8.40912529344,10,
6952,405.013898458,585.735108,16441.9118024,8.10145778174,10,
6953,405.031495932,64.29183,325683.252796,12.2569844626,10,
10684,532.250469451,256.756713,171223.334108,9.67801461401,1.0,[M+NH4]+
6957,405.124390445,504.268956,18342.4036699,7.23772130362,10,
6958,405.142850084,270.521712,164107.89783,7.53420424841,10,
6959,405.146870094,40.6475409,8990529.4638,3.09451612474,10,
6960,405.160684252,374.883819,180766.11107,7.61325644862,10,
6961,405.169916025,100.348662,1080880.66264,7.93423838111,10,
6962,405.17564215,410.217138,153161.125988,3.942787072,10,
6964,405.197177274,31.1070168,564874.455316,4.12422354805,10,
6965,405.209799148,670.11222,2425020.45841,11.3843390434,10,
6966,405.201600012,304.147173,107142.842746,10.5076428343,10,
6967,405.21558139,291.949317,3858412.55531,2.63415232179,1.0,[M+H]+
10279,517.296946634,107.245221,6597832.19616,1.28784611388,1.0,[M+NH4]+
6969,405.215088964,206.707965,54641.7451966,14.086650864,10,
8649,458.259767197,261.628782,55286214.3763,1.65385369008,1.0,[M+H]+
6971,405.233341153,225.815214,838845.788777,14.4664532425,10,
6972,405.266205458,606.4191,66751.7218846,9.24061859241,10,
6973,405.266557563,706.1004,30468.4688728,14.6555228558,10,
6976,405.705866005,179.302848,91894.3130477,8.65441059895,10,
6978,406.016026503,121.1541,42788.6644645,8.32059566035,10,
6982,406.100108224,31.742535,295308.345659,7.89943159158,10,
6984,406.130740583,39.5067318,719781.406477,3.08905353769,10,
6985,406.154859164,374.883819,42968.0183247,7.36273784214,10,
6987,406.171080954,267.260595,15650533.6028,2.28090186175,1.0,[M+H]+
6990,406.171017265,131.367204,1095294.78321,3.74078690152,10,
6991,406.174162264,53.3051538,2503207.23833,5.78879755281,10,
6992,406.206153661,681.8676,417694.530621,3.14979113,10,
6993,406.199776461,311.733504,259518.642807,9.79213561464,10,
10937,541.296840203,293.322999,21637676.445,1.5541113441,1.0,[M+NH4]+
6996,406.22139349,755.68938,26960.5768721,7.78334409703,10,
6998,406.22756486,89.972589,155217.686253,7.44712577203,10,
6999,406.235611484,634.95324,379227.90948,11.5310177572,1.0,[M+NH4]+
7000,406.247033704,242.530146,131151.133496,5.45663969838,10,
7001,406.225355558,748.78044,39246.8285169,9.17506610717,10,
7002,406.300121273,579.816486,53659.294132,11.7443445822,10,
7004,406.723268883,394.829106,393535.454319,5.48003857499,10,
7005,406.755664536,405.29883,44714.7301529,8.3815772156,10,
7006,406.952596526,616.48164,13712.1632104,13.5291943519,10,
7007,406.9618949,652.761,29608.1174389,1.7315776405,10,
7008,407.000387905,670.11222,155865.838395,4.29712009664,10,
7009,407.01643135,64.653642,5209117.19445,10.8329231928,10,
7011,407.051551518,37.5462903,1920254.80332,8.29358895062,10,
7014,407.08642915,557.564358,23575.8973299,2.01443018616,10,
7017,407.106832442,670.11222,303665.975789,9.48637678423,10,
7019,407.129973602,565.725669,38524.2396517,8.78228175103,10,
11122,548.263416808,391.56573,7077407.95161,8.89013503304,1.0,[M+NH4]+
7022,407.162515127,504.275706,47758.6950567,8.17275461903,10,
7023,407.17020456,183.634722,356205.817452,3.78782574857,10,
7559,423.161529573,264.291798,511372.967796,5.32571301382,2.0,[M+K]+
7025,407.19459423,405.66039,153350.64893,8.9794135336,10,
9937,504.200654776,504.271575,45561.9040929,9.29217653856,1.0,[M+NH4]+
7028,407.220923688,42.977733,673201.674613,11.7776276538,10,
8798,463.253837271,418.807929,132129000.408,1.96275933113,1.0,[M+H]+
7030,407.227732361,333.396573,20436740.4664,2.11306637128,1.0,[M+NH4]+
7032,407.230423429,544.568976,20205.6778917,4.55189054486,10,
7034,407.243872274,369.004473,235986.805991,5.59551227862,10,
7038,407.718126049,257.613765,42159.0027535,13.6674719471,10,
13049,619.157705013,71.988459,975963.474982,5.94626621864,1.0,[M+NH4]+
7042,408.110997239,547.550844,25107.7209291,6.26134188072,10,
12592,601.180911389,46.7256423,617161.100809,7.80603437532,1.0,[M+NH4]+
7044,408.125487345,496.386711,34450.6853404,6.2199115166,10,
7046,408.177117548,267.260595,392712.965723,6.32120411382,10,
7049,408.178687044,336.678336,75936.7115403,10.5285161808,10,
7050,408.195310655,405.199329,41787.7021983,9.67111090242,10,
7051,408.211705598,457.565001,33078.8780624,10.2939466539,10,
7052,408.190232551,264.079029,42580.8429823,3.62152849703,10,
7053,408.21187617,336.701862,250343.218323,6.46560523988,10,
7054,408.222931035,370.493184,531110.262994,3.26505276347,10,
7056,408.232862958,60.916167,2931478.2099,1.92747974359,1.0,[M+NH4]+
7057,408.233624153,306.704481,43320.5922798,4.30208532429,10,
7059,408.250530018,417.924462,461533.668008,10.1339991775,10,
7062,408.259330212,514.567212,31926.7268547,5.71245249524,10,
7064,408.332345588,604.88076,38546.4798721,14.2035919883,10,
7065,408.367325266,1076.2728,6819975.39896,1.08920317575,1.0,[M+NH4]+
7067,408.766979046,28.3279092,25952.3242342,8.71538939962,10,
7070,409.008491786,474.905262,13419.2660371,12.8709739606,10,
7072,409.037091369,376.330668,89292.4067895,8.80956685667,10,
7074,409.05369868,34.720413,212134.565155,5.41191706371,10,
7077,409.103719663,670.11222,100983.081156,7.86520177014,10,
7078,409.109531084,55.5676308,82163270.8581,14.1307993167,10,
7079,409.145330868,278.354094,117258.564213,12.217543887,10,
7081,409.145428939,319.835949,256128.297865,5.98517035616,10,
7083,409.148083468,765.46428,26000.8921176,10.4047188306,10,
7084,409.155479933,159.275946,91878.017045,8.46365926232,10,
7085,409.174041875,84.699654,27745353.7817,2.84472398495,1.0,[M+H]+
7090,409.190768252,287.004996,25408.796201,14.6728348557,10,
8763,462.236837169,179.970897,11071951.3069,5.63515523804,1.0,[M+NH4]+
7092,409.19051339,110.400066,196894.814992,10.4479909561,10,
7093,409.218055472,626.46186,86565.7011348,7.47528985449,10,
7094,409.233150517,418.705932,75025.3722757,4.84355434057,10,
7097,409.251735845,332.580894,209492.478292,6.27240557973,1.0,[M+NH4]+
7098,409.263110671,368.655342,79223.2675172,9.35851084351,10,
7099,409.2758493,39.6018774,524509.226085,8.56662499965,10,
7100,409.37033564,887.82396,21381.715187,9.91690550314,10,
7101,409.701416511,415.771893,301065.953062,4.85924045429,10,
7102,409.704982439,300.994035,101496.616123,13.3928044275,10,
7104,410.070219781,606.61158,29198.7657808,3.42754542589,10,
7105,410.111095706,262.911996,44597.7796945,13.4891264233,10,
7106,410.112887364,55.8259752,11530815.5721,13.3946360361,10,
7108,410.158477834,54.6099759,4510762.01242,3.44732625874,10,
7115,410.209538032,422.050458,13116300.8004,4.04163634848,10,
7116,410.199705375,59.0789604,4952454.16682,5.85382440638,10,
7117,410.191047755,350.928396,174625.47931,5.42052577475,10,
7118,410.220994619,373.886505,160531.323593,12.8051485151,10,
7121,410.252678255,723.70509,146611.293154,5.61808763608,10,
7123,410.689138419,358.474644,300335.380926,4.39732527579,10,
7124,410.699986524,197.643909,695677.732508,4.55816714555,10,
15781,820.417678505,321.496803,579030.850875,7.85291866212,1.0,[M+NH4]+
7127,410.91772944,34.720413,319090.787698,2.69745700905,10,
7130,411.009000884,1604.96757,637595.592959,12.00421234,10,
7131,411.009969992,34.0244079,873208.302614,6.365321477,10,
7134,411.060520057,682.05378,339397.125157,3.15696981643,1.0,[M+NH4]+
7136,411.101952535,652.71525,38069.3793738,8.71252000108,10,
7137,411.142711696,54.6144849,3856719.58874,3.59894531761,10,
7138,411.147484203,38.5496385,3404551.40977,4.08327120892,10,
7142,411.178517927,233.978292,756608.62551,6.57737499728,10,
7143,411.186261889,154.14507,4918135.85002,2.82895755881,1.0,[M+NH4]+
13590,645.219553374,639.84486,138619.455996,11.0505683298,2.0,[M+Na]+
7146,411.186542063,208.561584,3498640.92169,1.43145539822,10,
7149,411.199617362,345.628902,1560526.82961,0.952346518262,10,
7152,411.213037509,200.938962,55680.6423339,4.15433466444,10,
7156,411.231881399,39.7514151,462270.976869,8.10496444453,10,
7158,411.259050468,375.021294,43716.942844,14.2031471937,10,
7159,411.262563295,547.501344,32387.6259559,7.01073452127,10,
7160,411.276691385,646.07469,101722.958537,7.59124505221,10,
7161,411.725505326,495.110955,344669.513258,3.90244809855,10,
7162,411.762401824,455.25519,196483.20783,8.0756133953,10,
7165,412.036025506,338.296266,46690.2409059,7.25891890784,10,
7166,412.031875945,31.8570732,489826.92608,11.2695134673,10,
7170,412.103461663,682.29816,31081.5985907,6.19283799372,10,
7173,412.156570844,258.517776,232637.832698,6.16095926944,10,
10575,528.262458995,659.04921,218246.068063,5.72737361889,1.0,[M+NH4]+
7175,412.170548011,99.721467,822603.087794,6.18553072739,10,
15926,837.327181772,259.581711,397569.237696,10.4298590298,1.0,[M+H]+
7178,412.180488047,723.34485,91867.9188252,12.3892561551,10,
7181,412.189343006,254.306988,64668.4932777,6.12408254065,10,
15483,785.438056287,409.145325,3465124.85136,4.14984443581,1.0,[M+H]+
7183,412.187451684,89.749434,185975.368202,1.02092762996,10,
7184,412.20365187,678.79701,94659.4955382,8.25158166486,10,
7186,412.202863669,524.11584,70963.1513487,0.595142645089,10,
7187,412.217735294,94.268343,1872284.36436,1.13811720811,10,
11099,547.295717784,276.032598,1271340.68208,7.68737737031,1.0,[M+NH4]+
7192,412.232098097,373.807476,130393.266737,13.0081727613,10,
7194,412.262868604,249.479346,21231.4037659,11.4642179448,10,
7196,412.710533589,335.725401,210080.39035,11.543468869,1.0,[M+H]+
7197,412.726889368,495.072522,37075.2758952,7.01459629813,2.0,[M+Na]+
7199,412.97031215,34.6097958,988601.306021,6.53587268993,10,
7200,412.996370199,37.2917592,656464.158767,3.01678042044,1.0,[M+H]+
7201,412.995291931,593.373978,25510.8963533,14.0771961702,10,
7202,413.023224617,277.664667,783401.315047,8.25545064571,10,
11475,561.129650878,606.63375,223497.98768,8.87753099804,1.0,[M+NH4]+
7204,413.03331658,545.324724,58951.6344395,4.717889787,10,
7205,413.037211398,401.045487,177960.786761,10.6637437328,10,
7210,413.111413033,923.24211,21711.5585925,8.6994998293,10,
7212,413.117263841,547.656042,14625.9012831,8.20233327578,10,
7213,413.130904229,171.889887,398793.504477,5.56094159815,10,
7216,413.137790791,764.23866,56214.8429685,13.9678249353,10,
7217,413.154916831,99.87822,1733179.36801,5.07204520572,10,
7219,413.157816847,373.36215,49989.5296668,4.56109332747,10,
7220,413.155942356,750.36912,34091.4661545,6.378487157,10,
7221,413.157567858,301.745256,93362.3361645,2.4964654455,10,
16213,870.357957172,264.178194,327079.723697,0.637373389003,1.0,[M+NH4]+
7226,413.178993163,218.37621,539312.959869,5.34103033401,10,
7227,413.181357175,273.32532,85889.9086388,6.71132261566,10,
7228,413.206762613,293.112948,148446.300862,9.91478269367,10,
7229,413.220230026,591.121041,126631.10736,10.7971010151,10,
7230,413.224639528,82.42563,79668.7353085,12.4882088333,10,
7233,413.709480381,292.979307,84289.3213337,8.62748823378,10,
8708,460.731789619,277.688994,683319.347925,7.73985902003,1.0,[M+NH4]+
7235,413.729407721,472.313694,185740.517966,3.71944009884,10,
15970,842.531820715,410.398548,58236.6628518,9.75665170227,1.0,[M+H]+
7239,414.066705752,33.0166584,312387.820223,13.5610701954,10,
7240,414.076963009,669.92688,20702.8454711,11.7608081968,10,
7241,414.1221293,681.8676,526539.26073,1.96619377107,10,
7242,414.117139194,59.710395,927264.648327,3.66450628368,10,
7243,414.144091977,126.918351,594256.724413,6.79197559374,10,
15115,751.421604767,430.791429,166366.135565,5.38214723676,2.0,[2M+H]+
11749,571.22646237,387.394146,50483.6638187,9.36220120704,2.0,[M+K]+
7252,414.200377575,412.826517,656521.839089,3.75436721476,10,
7255,414.219967102,336.078645,42677.2133298,11.0452053566,10,
10466,524.270207838,78.735588,717506.299968,6.04305612146,2.0,[M+Na]+
7257,414.233474937,62.541147,6629254.63902,3.82193756985,10,
7543,422.730705638,415.528899,114702.306072,11.8750959633,1.0,[M+NH4]+
7259,414.233631381,97.743882,4355526.58968,1.09509268156,10,
7261,414.251803136,395.485734,174736.941777,8.24438023914,2.0,[M+H+K]2+
7262,414.251851599,362.978775,42935.4378448,12.7339624612,10,
10579,528.283187111,289.985364,37134.7289669,6.41604084318,2.0,[M+Na]+
7264,414.306171852,510.146082,27017.8083545,12.1525224158,10,
7265,414.320259666,1014.06879,1561496.84082,2.29401227634,10,
7266,414.404467969,1058.71734,127983.905084,11.1050163316,10,
7267,414.630405811,49.7229705,198425.987198,11.6068327423,10,
7268,414.702529091,356.957958,117737.900303,9.8103928748,10,
7580,423.273800065,504.623205,1838912.93683,3.87437387066,1.0,[M+NH4]+
8711,460.768049836,385.624041,2052382.04266,4.27520429745,1.0,[M+H]+
7272,414.783597672,1607.433,400900.179732,6.87858154278,10,
7273,414.784861571,28.3279092,58018.5912927,1.89335557584,10,
7274,414.895840554,1605.46446,297250.879909,5.77098388704,10,
7275,414.929218863,34.7257599,390683.000069,5.10861446761,10,
7277,415.013629721,606.60168,85047.4985586,13.2277528199,10,
7278,415.023564561,683.70333,22605.7502502,10.8469139948,10,
7279,415.024973351,640.28052,337786.194013,1.07029292007,10,
7280,415.049157811,32.4926355,490562.391289,4.89069050248,10,
7281,415.048864858,593.057988,14011.5649226,12.817990133,10,
7282,415.070601888,670.11222,60891.6982621,8.85067975737,10,
7283,415.069063458,50.7949212,190513.761481,3.83689396756,10,
7284,415.065479427,35.2645212,60578.4465207,12.6364502912,10,
7287,415.111412002,50.2603275,663257.03449,7.05749593315,10,
7289,415.140204768,320.14149,337436.905294,4.09455670193,10,
7290,415.137067974,253.781124,73308.6888848,7.16882358804,10,
7296,415.184721875,321.785586,98360.1691677,12.343547901,10,
7299,415.184927943,640.36488,110547.033745,7.71399309804,10,
7300,415.193649948,661.58178,596922.083578,13.9725349139,10,
7303,415.210267089,860.74707,277631.485642,3.45666130437,1.0,[M+H]+
7305,415.22736248,375.564102,172494.900062,4.91077062652,10,
7311,415.273560811,61.286418,1521802.44029,1.64851379223,10,
7312,415.265084057,95.594064,6255140.71998,3.50370528412,10,
7313,415.280472221,359.670093,159136.594436,4.48419743383,10,
7314,415.281509804,264.887568,56149.1928649,9.51717206522,10,
7315,415.309812918,320.777874,97752.0035469,0.907879123817,10,
7316,415.407848571,1058.28546,21060.5412134,10.7031695711,10,
7317,415.72111911,219.089088,177834.37811,7.17275934252,10,
7318,415.733815773,370.72716,108219.948685,4.16792375704,10,
7319,415.751740855,294.699312,270129.823988,3.93918148201,10,
7320,415.957786675,33.3888417,971488.47337,7.18436448162,10,
7321,416.017664696,566.922915,41367.103954,13.718989882,10,
7324,416.079712984,33.021153,478979.382819,3.46841835166,10,
7326,416.10137155,541.31715,97855.4797079,6.9212371153,10,
7328,416.139875487,254.838234,33954.2436438,12.5521573468,10,
7329,416.140199249,87.746586,309725.038448,6.58348687833,10,
7330,416.154988086,681.93402,42244.7596786,13.8887612198,10,
7331,416.153304774,127.083978,367714.086293,10.4223148497,10,
7333,416.166293465,329.565384,41467.2845431,7.08035794864,10,
7334,416.167768155,681.72219,46983.8645416,8.44996249771,10,
7335,416.176453572,63.973833,921199.344187,7.10294728724,10,
7336,416.17698644,639.9309,81424.7376345,3.13775759618,10,
7338,416.196888142,520.810959,121839.833178,5.41077123247,10,
7341,416.204132698,341.800398,98701.8817119,3.03237384942,10,
7342,416.214483216,256.217712,198739.094011,2.55615688911,10,
7344,416.218498967,303.28638,110906.346573,7.30568611234,10,
10282,517.331214089,401.702046,422422.331161,7.19739853361,1.0,[M+NH4]+
7348,416.249221332,116.88483,30995164.0418,0.772351128686,10,
7350,416.257537005,173.317224,237908.40027,0.636420974609,10,
7351,416.266562254,812.79156,1436702.99003,5.61766707974,1.0,[M+NH4]+
7352,416.285674166,161.37069,1488367.72168,2.16032888793,10,
7353,416.284310514,359.24379,2041396.81082,4.54449587283,10,
7354,416.322078696,444.297498,122466.378674,2.35119132485,10,
7356,416.330481348,587.603238,30539.9537829,8.46613542178,10,
7357,416.722068828,392.797227,559791.79639,5.68239776089,10,
7359,416.984471095,661.96326,23397.8716129,12.6613307664,10,
7360,416.990465997,603.69618,81753.442657,4.96273785891,10,
7363,417.029025924,637.91745,37171.0823149,5.90505210254,10,
7364,417.053104566,493.762134,59237.4334007,14.1706843139,10,
7365,417.051940125,34.4033205,443172.795106,8.80006534493,10,
7367,417.06370994,33.0166584,1005398.15886,9.07266178077,10,
8437,450.197469505,273.902157,220385.365044,4.32089839444,1.0,[M+NH4]+
7373,417.151965864,432.737256,66012.2600332,7.47994073192,10,
7376,417.196464383,62.059209,844785.253531,10.1111103038,10,
7377,417.201036577,694.47231,6201900.49802,10.9056149644,10,
7379,417.215607469,344.356701,7597777.03131,3.52650984524,10,
7380,417.223532317,834.71994,28822.5499345,4.25337170629,10,
7382,417.232835075,66.437868,549637.297378,12.7148829931,10,
9993,506.293692892,298.00863,132796.758047,3.99464118335,1.0,[M+NH4]+
7385,417.258259595,272.167782,322642.401396,6.4399173124,10,
7387,417.25815646,505.71819,207987.490878,12.00573296,10,
7392,417.26958685,411.351294,345609.676815,8.04927722952,10,
7395,417.331234074,812.75862,1920523.11186,8.24249185786,10,
7396,417.71387434,324.885774,34276.2403137,13.126768956,10,
7397,417.954929502,33.4445688,399588.137131,5.90222226336,10,
7398,417.978497053,281.172555,30480.9624958,11.8928506395,10,
7399,418.04632858,591.683241,99512.9992431,1.31998542203,10,
7401,418.084446509,504.454326,31838.6056743,6.93812359092,10,
7403,418.151820609,526.182987,30112.0333825,5.23271689915,10,
7404,418.153227288,97.083624,104406.569333,5.81389158908,10,
7406,418.174416374,225.937845,438628.599366,1.53847279615,10,
7408,418.176289586,41.5941585,372402.151077,11.0191612728,10,
7409,418.170977296,99.94638,1267725.92082,11.0236478638,10,
7414,418.200404892,61.993977,125431.52475,11.2819224684,10,
7416,418.217952546,349.605774,4598123.83897,1.52545914562,10,
7418,418.242562924,830.87244,13241219.4808,2.71474690887,1.0,[M+NH4]+
7419,418.252226483,447.275436,387559.498675,4.41242470517,10,
7420,418.256677261,58.150998,1939796.9096,8.36633788762,10,
7423,418.273342399,411.069798,50845.0398419,14.2601968972,10,
7427,418.272982389,163.75671,129969.020979,1.31950454939,10,
7428,418.285229044,273.438618,101483.365875,5.71704224464,10,
7429,418.301079089,345.553392,52175.5961962,12.7290725879,10,
7431,418.687009712,345.209646,48558.294558,4.29423291993,10,
7432,418.702976582,264.079029,437502.297554,2.96997257651,10,
10643,530.738177798,418.151121,360649.481268,2.88650964509,1.0,[M+NH4]+
7435,418.721108995,120.124731,1977821.8818,4.61865911634,10,
7440,419.133913012,655.62228,75798.1592335,6.78998009329,10,
7442,419.141309032,49.1977782,322032.245599,3.17335229093,10,
7444,419.151270631,547.722828,164218.521271,4.43182648412,10,
7446,419.167840834,241.763214,363134.984038,2.07251555187,10,
7447,419.165648255,215.81136,67721.8556704,13.3807277221,10,
7455,419.227884183,517.582716,88162.4932873,10.6466010123,10,
7456,419.227583676,483.46182,13546.3019847,4.21317721681,10,
7457,419.237813471,565.180476,193443.94501,6.57538244839,10,
7459,419.260424864,316.899924,787900.002902,4.32523100932,10,
7460,419.260143838,101.835504,359663.153959,12.1368052994,10,
7461,419.260578829,58.4649888,377753.55213,5.61492683329,10,
7464,419.696338513,313.837701,266973.78536,4.61949588592,10,
16094,855.418983963,264.069156,81989.9942724,9.9974499597,1.0,[M+NH4]+
7466,419.717705265,292.635873,104644.086951,6.74755280716,10,
10125,511.726165877,287.958978,167917.841455,9.47062455015,2.0,[M+K]+
7473,420.090363976,520.4442,15822.0994995,7.38107353277,10,
7474,420.134886564,547.603443,24174.3218615,13.3208395258,10,
7475,420.148759034,606.65592,46011.189368,10.3523639707,10,
7476,420.154567383,547.722828,20496.7338227,7.91653118096,10,
7477,420.175200746,53.5231353,763747.237773,7.0955448251,10,
7478,420.189112818,322.203771,77132.8219253,13.6560561703,10,
7479,420.240984201,793.36944,22349.562454,9.63319762049,10,
7480,420.245713017,669.84084,19393.1394083,8.84149754228,10,
7481,420.258270196,1057.10412,31611.4343063,6.49936823289,1.0,[M+NH4]+
7482,420.262496287,521.89359,164335.338342,4.73969610913,10,
7484,420.331022217,818.73918,831701.710563,3.17992116695,1.0,[M+NH4]+
7485,420.749446193,378.527415,145443.220229,6.92926399717,10,
7486,420.743539685,358.859712,692847.560307,5.12501513349,10,
7487,420.767522945,373.856664,492892.708399,0.872598571898,10,
7488,420.802732506,1606.40631,477418.274748,5.10838847339,10,
7489,420.829110333,1606.3845,63393.7023542,8.19632914687,1.0,[M+NH4]+
7490,420.969245326,1751.33556,1440169.92207,12.6812653313,10,
7493,421.042086847,640.05702,322903.563058,5.75735844428,10,
7494,421.048174762,45.6142014,354530.260733,13.4077883302,10,
7496,421.120375205,40.6985424,5590433.55239,3.69277186295,10,
7497,421.144887497,100.663098,890085.709162,10.0479127462,10,
7498,421.145988487,274.253652,31856.9998114,8.79782560246,10,
7499,421.142403996,640.31904,254049.51295,5.21621987599,10,
7500,421.155964095,615.57576,53786.4924773,12.0367802034,10,
7501,421.170832605,90.782184,28213.1543409,6.18536755953,10,
8099,439.217663382,250.905738,240409.089348,4.56424778579,1.0,[M+H]+
7503,421.190006688,296.635632,90789.5673825,3.75162954382,10,
7504,421.2172239,188.61777,332900.116166,7.57093310994,1.0,[M+H]+
7506,421.231567425,956.2581,794809.108508,1.66271636081,10,
7507,421.243457895,577.558866,301987.841812,3.53104663914,10,
7508,421.243981116,382.304232,229442.807209,3.26876961016,10,
7510,421.264495995,93.633876,122148.056116,5.31407062658,1.0,[M+H]+
7511,421.276920035,599.618994,36205.4332985,14.7678209284,10,
7513,421.334280632,818.29356,158489.886454,3.98507781518,10,
7514,421.341299365,762.44871,337314.593932,7.70013124521,2.0,[M+Na]+
7515,421.341349928,712.64109,494494.282113,7.46785989141,10,
7516,421.710158048,359.194284,71704.563317,14.3747465551,10,
7517,421.73040581,250.997334,156195.767897,6.99183039559,10,
7521,422.126557795,435.973773,14077.317425,9.92948664722,10,
9334,483.19495941,316.691838,275491.029992,3.73222449448,1.0,[M+NH4]+
7524,422.158405299,54.562287,826798.566417,6.1650996015,10,
7525,422.165875607,166.223208,29871.2474443,14.2472319764,10,
7526,422.18291729,500.656644,110815.212439,6.89401118784,10,
7527,422.18298427,520.511121,58007.6228352,8.05726066151,10,
7528,422.18686176,40.1381058,542378.316661,1.21434815222,10,
7529,422.202021811,259.223781,34959.108238,11.645795165,10,
7531,422.220472331,367.964094,1058169.37967,2.11854637165,1.0,[M+NH4]+
16158,861.480194047,426.437238,265570.156612,6.61474642141,1.0,[M+H]+
7534,422.23516582,956.37177,153015.262405,4.94257001423,10,
7535,422.24472257,310.724631,513738.276678,2.76170211268,10,
7536,422.238520091,440.672568,679791.568629,3.86627205764,10,
7537,422.248624652,112.790328,3500206.19807,5.72728751771,10,
10012,507.280560909,555.5478,167833.118468,4.32297157957,2.0,[M+Na]+
7540,422.347601051,662.39751,36016.9173765,8.10235825515,10,
7541,422.602320852,71.754168,392975.155984,14.2279639058,10,
8112,439.739146328,293.653353,243610.747141,7.31556721808,1.0,[M+NH4]+
7544,422.728561403,288.501996,82859.3664295,12.6039019921,10,
7548,423.030539884,669.93624,36685.5289678,14.082811831,10,
7549,423.025754903,37.7126868,1145620.23994,10.9844392115,10,
7551,423.082032539,54.2998521,733566.052598,14.3819767045,10,
7552,423.081482647,602.40684,29045.9466251,11.7139183031,10,
7554,423.10402859,565.854834,24861.8262301,11.0761367291,10,
7555,423.103401515,103.649442,59289.7729745,8.30504146502,10,
9301,482.13154073,489.047328,2599815.2956,3.58353225365,1.0,[M+NH4]+
7562,423.178323932,246.409338,423086.835797,5.99425336463,10,
7565,423.193790204,490.867137,98376.6809074,2.33548275005,10,
6237,385.243583808,209.198775,17805045.5181,5.8098154509,1.0,[M+NH4]+
7567,423.206659206,38.9719395,743361.209641,4.49015498826,10,
7569,423.204042939,406.733418,22087.5495273,10.4020104843,10,
7570,423.22294308,60.503145,469277.050436,8.11248676912,10,
7572,423.222500593,151.351506,1673059.21313,2.13087811241,10,
11575,564.301495126,497.677833,672546.231002,3.94088074536,2.0,[M+Na]+
7576,423.244474357,424.190082,48238.2836711,11.0816149507,10,
7578,423.26200282,565.453725,97372.8134407,8.50676354955,10,
7582,423.29483232,406.723641,44042.1789785,14.6151038436,10,
7583,423.299063603,681.52437,59426.1302862,12.5613166495,10,
7584,423.309268869,826.77372,13560.5164771,10.4009527527,10,
7585,423.316516118,43.492911,197021.67321,11.5425257122,10,
7586,423.775450136,504.623205,740787.56251,6.49814171665,10,
7591,424.084908328,547.526094,28668.4920624,12.4133497583,10,
7595,424.156269958,72.540372,295937.164735,4.42903353728,10,
7596,424.155727638,340.190532,36327.1093454,4.97945911505,10,
7597,424.164960805,264.079029,77080.8131484,8.17322957369,10,
10639,530.328537631,446.299209,53620.6795049,9.64916298693,1.0,[M+NH4]+
7606,424.206818638,428.90169,113817.372728,10.702595774,10,
7607,424.244497646,649.10598,93560.1023836,5.83844605755,10,
7608,424.259955838,365.845206,54649.5142272,12.4617574437,10,
7609,424.260069448,275.81061,67119.109947,14.7152787138,10,
7611,424.277051275,504.623205,211161.80622,4.74051500379,10,
7612,424.281249735,1138.93206,2404151.3523,2.31295171477,10,
7613,424.28129854,1152.0672,2220056.98355,4.03647993474,10,
7614,424.325872585,1003.32825,32275.9515011,14.4947445705,10,
9822,500.379077595,639.70974,109018.130001,6.51108235128,1.0,[M+NH4]+
10156,512.414732449,991.70784,4508687.44485,4.32900667504,1.0,[M+H]+
7617,424.730044047,364.861284,26008.9677868,14.1734602716,10,
12017,579.772395766,424.114458,84095.565684,11.7824527427,2.0,[M+K]+
7622,425.073840691,428.755839,121985.932555,4.5874061288,10,
7623,425.073797477,653.03238,17853.9340513,10.258045797,10,
7624,425.109196322,678.45888,24689.1500498,10.4036313242,10,
7626,425.131018169,278.810598,36736.9512204,14.941989437,10,
7627,425.117325404,669.93624,112521.545707,9.19651518923,10,
7628,425.151182666,655.5384,168042.281922,8.1710849541,10,
7629,425.175064528,41.3881323,1425843.97995,3.5686385481,10,
7630,425.183968169,356.088207,70916.6629909,12.3610662394,10,
7631,425.183982553,314.313672,1495847.79451,4.86429632026,1.0,[M+NH4]+
10633,530.292197673,260.622087,13006146.6274,3.64564433726,1.0,[M+NH4]+
7635,425.211657352,59.9648499,6973373.55788,1.8126486431,10,
7636,425.206198284,241.752108,119607.535106,6.32918705354,10,
16028,849.40810259,170.298264,414683.957892,3.74657409217,1.0,[M+NH4]+
7638,425.224106315,306.532917,78595.3638847,4.55748230792,10,
7639,425.220460704,321.366081,329068.404477,5.59636060045,10,
7642,425.228710185,923.93034,26972.4990338,4.80519492209,10,
7643,425.235528268,406.166796,96473.3358275,10.1880289337,10,
7644,425.238147005,450.247674,68871.3456482,5.58015633183,10,
8964,469.38493281,1228.39026,103922.895239,12.8691919046,1.0,[M+H]+
7649,425.71099123,260.71881,38219.4233633,12.4080965641,10,
16041,850.428214604,237.024537,224996.388057,8.41759254088,1.0,[M+NH4]+
7651,425.751296443,504.804144,82502.9975696,10.707833767,10,
7652,425.76379927,330.061254,75530.4244317,8.71107502652,10,
16048,850.573061852,505.717893,55042.3192517,7.2404170423,1.0,[M+NH4]+
7660,426.146101821,39.118221,386314.347052,9.71362183255,10,
7661,426.149882704,53.9991444,1052110.78237,9.59948234624,10,
7664,426.206381984,830.87244,22854.1489164,9.31252960966,10,
9029,471.273212563,401.045487,261235.136627,6.07366697133,1.0,[M+NH4]+
7670,426.215320891,60.232908,928701.253381,9.24649797251,10,
11972,578.334460972,391.63833,56063.9324041,10.8975531432,1.0,[M+NH4]+
7672,426.237303483,732.62862,51761.7192602,8.53498522592,10,
7674,426.268609139,472.49301,189323.400696,5.63527093993,1.0,[M+NH4]+
7677,426.311206069,1272.77454,51914.1287866,14.4634452525,10,
7678,426.678983415,222.975462,64868.7155995,8.02445312816,10,
9455,487.736194408,235.2048,28762.6804078,8.57054350818,1.0,[M+NH4]+
7680,426.736872666,268.635219,179802.89632,8.79997691103,10,
7681,426.793398979,505.711956,60556.2522342,12.8808105258,10,
7682,426.867772023,35.2645212,54213.9508547,8.17051504353,10,
7686,427.010105265,493.693206,135074.682386,4.00511003469,10,
7688,427.076327363,72.146466,1337864.63823,4.90354809292,10,
7690,427.114515431,669.84066,35235.7094468,10.7093050785,10,
7691,427.12116677,38.4422838,849412.525807,7.5502523524,10,
7693,427.155978401,338.774706,371627.809334,2.35221024705,10,
7694,427.155861479,226.116843,884955.419882,2.04633372469,10,
7695,427.16604654,976.28916,21369.2874622,12.3611416784,10,
7696,427.173909577,366.848004,270471.687855,6.88866452211,10,
7697,427.166475873,109.141386,359181.986123,12.1009093338,10,
7698,427.181672798,562.319112,140947.134866,3.65662580702,10,
7699,427.178589015,765.85956,15671.1248434,12.2871497482,10,
7702,427.195746813,394.576296,320872.869103,2.46927994183,10,
7703,427.20903227,871.29777,21282.2724139,7.09530643579,10,
7704,427.237027676,392.174292,243006.589082,8.39208915498,10,
7707,427.290458,325.87995,13621309.3207,7.81249939893,10,
7708,427.34479632,867.99678,28651.2095604,7.06761066909,10,
7709,427.556179965,354.358773,3509023.77021,4.64665003099,10,
9604,491.780811021,325.762776,538480.611388,4.24080256239,1.0,[M+NH4]+
7711,427.712268365,238.97484,194454.285327,10.7973747649,10,
7712,427.748363265,279.039117,177681.381653,14.0691891703,10,
7713,427.757280121,355.084083,3303645.1072,2.06534524112,1.0,[M+H]+
7714,427.76985073,411.598047,443366.633617,5.04084296566,10,
7718,428.038662715,64.701408,122444.304611,14.0297442286,10,
7721,428.148439117,99.87822,2668893.33177,6.84433554952,10,
7724,428.16205671,89.749434,117836.647261,6.83284846472,10,
7725,428.171089881,107.362188,148947.338933,7.34881643062,10,
7726,428.177004852,366.71334,45240.1432365,10.1384987233,10,
9940,504.218856019,280.210608,657044.458751,3.53839175315,2.0,[M+Na]+
7729,428.20311936,441.516246,147741.112574,4.77248263888,10,
7730,428.212996204,140.745858,245898.656065,2.39834351116,10,
7731,428.22098467,1166.81442,204083.0569,3.81245954548,10,
7732,428.226882867,418.583523,1812579.65434,1.95903478302,10,
13796,657.299091751,474.345444,190647.174599,2.71296346662,1.0,[M+NH4]+
7734,428.248144391,527.565282,31459.0562862,12.6819156375,10,
9170,476.270346642,353.667837,3978789.77969,2.40960123348,2.0,[M+Na]+
7737,428.271434572,411.531351,182211.73654,13.0188666322,10,
7738,428.285627808,102.248661,9948182.5247,11.8433550556,10,
7740,428.284891916,313.945086,239050.380648,5.18078319106,10,
7741,428.287192272,1281.09168,32535.2726055,5.56649449863,10,
7742,428.310808118,757.12812,98645.7660001,9.35697337289,10,
8338,446.747187807,341.314581,125980.609611,8.81957192442,1.0,[M+H]+
7744,428.734334966,301.336908,2385705.22403,2.67567383889,1.0,[M+H]+
7745,428.746931655,320.349018,212837.09,4.50883773416,10,
7746,428.760257494,355.084083,380577.527467,5.00785997984,10,
7747,428.772847542,411.42267,36074.338815,11.6702237031,10,
9298,481.902199551,29.294808,596645.015111,11.6096340269,1.0,[M+NH4]+
7750,428.998313847,64.77108,231172.960471,2.77438504383,10,
7751,428.990552614,606.60168,72232.4693002,11.4519523776,10,
7752,429.000618839,683.70333,56315.9024447,9.06529290219,10,
7757,429.132438731,99.87822,1620593.44443,5.71537653047,10,
7758,429.125675003,115.9086,75180.6918306,13.4495591291,10,
7759,429.134265784,376.304385,108864.436398,7.48193178046,10,
7760,429.152983252,252.947271,25709.7022693,6.16996457251,10,
7762,429.155731669,343.478766,79478.2081498,13.0458435197,10,
7763,429.184694159,503.568822,80681.8460086,9.70767792631,10,
7764,429.194009744,80.455254,151570.329304,14.6514292471,10,
7769,429.233798322,272.167782,619025.141039,6.66461870838,10,
7770,429.244085135,44.4350208,108455.160846,13.3217065483,10,
7771,429.269754823,257.108274,27024443.9129,3.54863780692,10,
7772,429.267297106,512.709933,53983.1628678,11.198182194,10,
7774,429.270531171,708.93888,36847.2250599,8.47078529951,10,
7777,429.307672964,326.631705,374055.522031,1.72152156813,10,
7778,429.314508984,756.86568,18594.1433571,14.7291897374,10,
7779,429.70796998,286.498494,201052.682976,12.7848301665,10,
7782,430.095916374,681.8676,184915.773438,4.15982452373,10,
7784,430.144755152,681.72219,117499.988631,9.7589086623,10,
7785,430.155656699,90.658521,127168.608878,5.71125434527,10,
7786,430.167488598,943.91478,31326.6330484,5.69056564123,10,
7787,430.185241875,57.4651395,723218.683596,4.08176248766,10,
7789,430.207702354,258.524022,283658.402734,3.94870769041,1.0,[M+NH4]+
7790,430.205528225,565.357728,38269.46083,7.30128671128,10,
7791,430.221030829,65.091768,439740.701964,13.983067226,10,
9059,472.215386741,239.651097,61298.364063,8.07115222159,1.0,[M+H]+
7795,430.243261842,320.853894,1660026.32531,10.3115717487,10,
7796,430.238535414,272.05413,137958.807797,4.76936709398,10,
16390,897.440330565,301.068354,97137.5959319,4.78908294801,2.0,[M+K]+
7799,430.264822584,60.980334,20787916.1812,6.00624177735,10,
7803,430.320882579,825.9129,24031.3880236,10.3868325818,10,
16145,860.471226899,387.743634,197885.799032,3.0819959042,1.0,[M+H]+
7805,430.739030918,345.224154,27850.4139975,13.1580896821,10,
7807,430.757523139,1608.0741,106901.553318,7.99686582522,10,
7808,430.756993033,441.988932,118378.322974,11.5228632425,10,
7809,430.765380749,427.93074,179531.14928,6.24908865055,10,
7810,430.980090721,541.648269,31509.7917268,10.3543357891,10,
7811,430.998958585,640.19238,162776.581119,4.61965744022,10,
7814,431.026357302,31.9585698,570869.961034,13.0344189739,10,
7817,431.089746294,50.2603275,1509392.91393,6.98865299393,10,
7818,431.110789466,114.196983,1132326.38481,1.61896807086,10,
7819,431.112763447,652.90176,38916.3134027,9.13739149771,10,
7822,431.139769732,68.466399,14090194.7116,3.04638695882,10,
7830,431.168178281,241.051356,61483.9972603,9.20241805296,10,
7832,431.202363654,125.091669,1303188.99393,1.50627676059,10,
7833,431.223828217,144.134991,5167903.2043,1.76248721967,1.0,[M+NH4]+
7834,431.21268278,416.054109,53744.0149676,8.56158988009,10,
7836,431.248992928,224.897328,5576098.2185,1.72308305614,10,
7838,431.243169253,58.0290312,839425.29555,4.23720861998,10,
7839,431.259288216,441.703308,31307.6839643,7.96922655473,10,
7840,431.267902801,251.709396,333978.332945,7.18545665739,1.0,[M+H]+
7841,431.2684065,230.493699,646976.862475,5.30944355973,10,
7843,431.263851984,486.838515,716194.93308,2.2190933496,10,
7845,431.277266576,904.57188,31826.4934962,1.51430616023,10,
10401,521.351588933,471.590949,84078.8079883,5.9784123684,1.0,[M+NH4]+
7849,431.346968234,593.266242,15827.3647734,4.55756294562,10,
7850,431.403145706,926.75316,51398.5239588,10.6511233804,10,
7851,431.729115653,377.257221,31181.3753281,6.16457479592,10,
7852,431.743779952,382.173561,499911.529943,59.8013434228,10,
7855,432.075197803,541.506222,22398.4771459,8.3569088334,10,
7856,432.09023634,448.730976,140168.533256,7.66411954409,10,
7858,432.135268416,101.611221,247244.82471,13.9458156021,10,
16272,879.297243545,682.07733,67543.770721,12.7703996488,1.0,[M+H]+
7860,432.125633332,289.197816,48559.8354338,13.9339059296,10,
7862,432.143425759,68.466399,2280538.89387,2.06475042835,10,
7866,432.183032026,681.69996,339084.33144,2.58838490089,10,
7868,432.188225915,256.405707,131018.448674,9.2085849683,10,
10604,529.260207584,520.833591,66968.4224911,9.16921436675,1.0,[M+NH4]+
7870,432.220781075,37.2917592,16465950.9607,5.13824125295,10,
7871,432.222860095,279.154719,969721.945275,7.37543400992,10,
7872,432.222893788,185.236218,1445575.04022,8.21720732718,10,
7873,432.236867284,57.9801495,38719270.956,3.86871400124,10,
7874,432.232355302,342.133626,138351.3806,11.4921859595,10,
7877,432.259284243,284.425902,397140.404488,6.63220412165,10,
7880,432.258874991,416.571378,36791.7404174,7.9084036342,10,
7881,432.267107289,432.434409,92125.1626031,2.22162121584,10,
7886,432.270875324,230.400852,72804.9411879,8.30477709396,10,
7888,432.300509775,345.596775,122764.92709,6.76221962516,10,
7889,432.300410058,523.421916,49333.2734774,7.64829531447,10,
7890,432.317020452,599.555184,22508.3586105,7.46602542542,10,
7891,432.325161021,495.434394,37905.3921909,6.80662016285,10,
7892,432.718803001,283.397091,1892252.59527,2.08586895966,10,
7893,432.731206608,318.812901,450582.774986,5.20571521899,10,
7895,432.977210453,541.571868,17706.3827173,9.34984979804,10,
7896,433.003457054,1605.12651,15570323.9371,4.00772980381,10,
7897,433.033017189,541.31715,17138.3373274,5.80410739788,10,
7900,433.041074932,32.755278,433352.86866,14.9296438705,10,
7902,433.123940754,97.021968,243602.496868,13.9509979563,10,
7903,433.111626286,29.8398459,23413.2637681,14.4152532393,10,
7905,433.13417837,411.494046,327323.055273,8.38153296656,10,
10359,520.20475307,50.5342026,605296.74773,11.7809037174,1.0,[M+NH4]+
7907,433.149338348,472.131888,57464.7878959,6.13614085214,10,
7909,433.148211298,797.2263,22193.2282635,8.08503858512,10,
7911,433.166794843,681.69996,115749.843723,3.08890490706,10,
7912,433.18191861,238.077978,1546330.97514,6.48802084718,10,
7914,433.181024097,366.850467,34883.5568356,9.72501289398,10,
7915,433.181929201,129.028578,498775.473084,0.794075433801,10,
7917,433.191170419,417.048552,1199416.23685,5.00175208016,10,
7918,433.189812244,429.63654,1817684.70372,4.49617343518,10,
7919,433.205372652,685.55448,32856.9610132,13.9244870193,10,
7920,433.210936824,271.941084,1499121.79162,6.06074684788,10,
12571,600.264864595,304.818168,5278487.31188,2.15452874213,2.0,[M+K]+
7923,433.201629311,231.110982,67780.8719617,9.76908819766,10,
7924,433.203158818,31.7473992,2204367.11465,7.14873239136,10,
7925,433.226881494,436.337646,116496.716936,8.91211044925,1.0,[M+NH4]+
7927,433.232503478,318.77631,176208.074057,11.0637118929,10,
7931,433.243500676,307.495224,8262814.75502,4.35811825893,10,
7932,433.26963064,487.143264,15700.1264968,10.7612385039,10,
11077,546.791900713,294.812592,66361.0451145,7.78755854636,1.0,[M+NH4]+
7938,433.738569115,504.623205,209616.320247,5.33492806437,10,
7939,433.757409822,420.589083,290845.825253,8.69328990292,10,
7940,433.819209734,28.4326518,25417.9735374,11.4505160345,10,
12436,595.193072846,637.61364,44248.5455996,12.1472415839,1.0,[M+NH4]+
7943,434.08682284,448.549944,52615.4933722,10.6361177757,10,
7944,434.165903683,57.9801495,3797108.8276,0.447909716441,10,
8434,450.173791578,94.44072,1448829.944,4.13956443402,2.0,[M+K]+
7948,434.222367298,294.812592,999152.934477,6.82326298463,10,
7950,434.215655133,681.72219,47323.2287748,14.4563856153,10,
7951,434.213761432,272.165616,117288.334456,9.64577036433,10,
7952,434.213689969,482.050962,73193.4006965,11.8100536638,10,
7953,434.223358058,120.939186,10792584.8349,3.17392554349,10,
7954,434.237228391,681.8676,157166.36535,7.43860982313,10,
7956,434.243391928,58.3435308,725789.328541,9.61834647533,10,
7957,434.240006262,504.262206,91159.5381505,10.6148619301,10,
7958,434.237408194,762.1095,37174.0535351,13.5737106973,10,
7959,434.2601011,89.972589,58535.1397558,4.83414189855,10,
7962,434.29629399,231.384141,42803.3056743,10.9186938553,10,
7966,434.737703853,424.911585,38181.9184224,10.3485833592,10,
7967,434.765004141,437.613252,347426.619638,3.53795003321,10,
7969,434.833958744,1602.50124,27946.8672475,3.93286404935,10,
7970,434.930873092,604.15476,22359.2128096,12.1674004154,10,
7972,435.004455154,277.664667,100751.750973,9.13268769885,10,
7974,435.011611174,501.390204,30234.3734954,4.04802699098,10,
7975,435.047614641,587.664228,39624.2140117,13.0534430345,10,
7976,435.150042893,389.606919,4397051.40335,4.14351451382,1.0,[M+H]+
7977,435.160377496,217.520484,87382.2707286,3.46129878111,10,
7978,435.169353845,57.9801495,635652.228576,9.7410971786,10,
7979,435.197452164,381.801912,59149.4074722,5.38684032992,10,
7980,435.187230978,237.925842,26824.4932076,11.422974294,10,
7981,435.206592688,157.166316,132909.743017,8.30172814181,10,
13000,617.239550938,388.77924,56397.6391274,6.45559729771,2.0,[M+K]+
7983,435.218260178,64.15704,2433363.54695,3.8403270118,10,
7985,435.23280965,495.86238,110366.261591,8.40452630028,10,
10147,512.306719978,351.98865,24220112.4639,3.62477551354,1.0,[M+NH4]+
7988,435.244062406,320.866518,805315.250498,1.13494050633,10,
7989,435.249526078,1013.87742,653161.653893,1.79418298827,10,
7990,435.255052397,116.707938,543274.825239,4.31724921782,10,
7991,435.270491166,281.526117,157905.083727,1.61970217799,1.0,[M+NH4]+
7992,435.270485597,268.979904,145611.516626,1.93391943864,10,
7996,435.281649531,1159.90788,31739.9832339,10.844881538,10,
7998,435.740474885,273.043551,11784466.4688,6.52938192178,10,
7999,435.767253972,388.75815,35099.4594615,11.5364828086,10,
8000,436.041770864,46.0907025,250239.049389,14.2428917688,10,
8002,436.171228514,298.953444,28847.3816371,11.7541271347,10,
8003,436.162975127,322.166988,67361.6821023,11.621131228,10,
8004,436.171986261,232.963596,95635.4828922,5.84013274974,10,
8005,436.183109828,412.826517,34271.5746421,14.6118345504,10,
8008,436.205804325,375.318534,52171.8060191,6.22542028897,10,
8009,436.202905904,32.1746313,644797.546332,8.67814025792,10,
8011,436.217922659,349.937151,2010224.5918,1.80028232247,10,
8012,436.217299315,416.015298,67268.9185233,10.5695009092,10,
12243,588.312661415,453.41394,600071.210076,5.00937180984,1.0,[M+NH4]+
8015,436.226373452,327.31815,1383885.05538,2.51350741708,10,
8016,436.235948302,495.865182,18282.6727378,11.0867329247,10,
8017,436.241795799,273.043551,3209597.50551,5.38852450016,10,
8018,436.244710004,655.81878,176979.610541,7.88702351179,10,
8020,436.24676359,340.823835,12310586.6323,4.42113820089,2.0,[M+H+Na]2+
8021,436.290622775,406.565232,1231684.68706,3.93742811498,10,
8022,436.316499072,779.0973,55748.9349918,9.96122731355,10,
8024,436.74829689,340.784454,5539166.77112,4.55436772455,10,
8025,436.751969803,402.7131,785645.884757,4.28448960246,10,
16238,872.540119237,513.800457,407157.449111,3.11939958428,1.0,[M+NH4]+
8027,436.766192754,363.200019,64322.6112665,5.96292861252,10,
8029,436.774924414,331.892772,209952.224949,3.06713787182,10,
8030,436.92760484,603.8328,24429.9827473,7.70260781262,10,
8031,436.96966942,33.6538932,159077.393752,1.14865246253,10,
8033,437.01629658,640.14654,398720.077734,7.8721087022,10,
8034,437.039563876,592.889736,19776.095468,13.0761758467,10,
8035,437.039942261,539.690472,20711.2731795,11.1378594979,10,
8037,437.051635063,563.41905,282477.418579,0.682456035116,10,
8038,437.090293746,338.401674,88910.7921589,6.99006310845,10,
8039,437.130047936,615.8322,36948.3779142,9.85302868495,10,
8041,437.180836841,51.622035,417167.506588,12.6658141048,10,
8044,437.191876592,349.348278,66657.8959938,8.03466326119,10,
8049,437.221771358,318.472143,287671.407288,3.72415465282,10,
11359,556.307285814,62.795286,749239.168123,5.02966982841,1.0,[M+H]+
8052,437.236104885,284.105448,2267988.27563,1.2094345378,10,
8053,437.259320466,60.821019,1066759.71595,9.69789137155,10,
8055,437.249696131,340.784454,1510774.63482,3.22324840645,10,
8056,437.240844706,384.764412,466416.720744,5.34644335902,10,
8057,437.271693065,555.889668,63484.8094977,6.98046718842,10,
8807,463.34012789,548.597976,36362.781781,4.56503654837,1.0,[M+H]+
8063,438.083036237,567.025485,70624.7524309,3.94018349922,10,
8065,438.17090174,31.800222,2403272.54399,6.59413309839,10,
8066,438.164496619,473.013915,29758.8143106,7.3896444249,10,
8068,438.197250767,258.870843,797759.980119,5.50427710445,10,
10606,529.270007107,232.440768,1686323.9175,4.91783548159,1.0,[M+NH4]+
8072,438.241673257,403.638483,258859.228156,3.63732513769,10,
10869,539.223232225,504.268956,241616.348736,4.91672681535,2.0,[M+K]+
11091,547.261050453,479.956251,149598.447084,3.20031200285,1.0,[M+NH4]+
8075,438.242225988,326.997774,170929.096817,8.72156360822,10,
8076,438.253272272,201.478965,2482508.05178,3.93002551969,10,
8077,438.260385082,700.04004,123581.092761,5.52981642916,10,
11003,544.286419427,361.264407,183131.460271,11.1129555259,2.0,[M+K]+
8079,438.270042692,307.887888,49951.0138232,7.89535309172,10,
8080,438.377795995,1034.36985,11356618.9163,2.29656201538,1.0,[M+NH4]+
8081,438.73681145,238.61835,512333.101023,4.42874113056,10,
8082,438.74571829,257.986398,224746.097137,6.17636301442,10,
8083,438.740957,388.193598,60070.0913574,8.78254967619,10,
8084,438.962715939,603.69618,65247.194756,7.97977604126,10,
8086,438.986823416,545.324724,12054.3796057,13.4301177036,10,
8089,439.040354306,683.44917,24059.6375475,7.4685978853,10,
8090,439.043844134,34.615902,157594.431709,12.0713611053,10,
12034,580.296104244,297.663264,94764.3604082,3.92773506211,1.0,[M+NH4]+
8094,439.181008619,374.180451,46142.5789346,12.0496841888,10,
8096,439.192651278,762.05859,26941.8262858,11.540504318,10,
8100,439.230974188,209.422722,80701.3517816,14.4822598959,10,
12468,596.32314359,600.83187,32699.4177295,14.3395538194,1.0,[M+H]+
13326,632.321151561,349.978788,99996.986661,12.8386081414,1.0,[M+NH4]+
8106,439.251591609,411.351267,134866.764192,7.28500502961,10,
8108,439.290349196,93.06903,92660.36599,11.5708103521,10,
8109,439.328695307,1154.75046,14315.8084015,12.8010151712,10,
8110,439.341836989,1033.17024,79245.1620478,13.8086291123,10,
8111,439.720948771,335.857578,129363.306161,2.69831614276,10,
9320,482.766665826,363.307743,35384.9084061,11.073104373,1.0,[M+NH4]+
8114,439.941759563,502.486956,34751.4392909,14.0668158341,10,
8116,440.017861787,591.921237,69395.0716965,6.22330044904,1.0,[M+NH4]+
8117,440.012442577,670.03164,13765.8774366,10.8999985522,10,
8118,440.158961663,612.18975,167669.673206,9.57924417545,10,
8121,440.183973031,469.125444,210736.971756,13.4302579806,10,
8122,440.196857802,639.67218,75555.2420615,11.4255811286,10,
11230,552.240154059,221.855094,523562.611763,6.94747605712,1.0,[M+NH4]+
8125,440.193853204,462.971628,924832.40298,3.0468752823,10,
8127,440.244661165,363.193998,119779.719577,12.1258883835,10,
8128,440.239905198,293.572506,75386.3877336,10.2489423785,10,
8132,440.266328306,833.69571,120508.882364,6.04545763569,10,
8134,440.420333776,1090.70424,14790.9405614,11.5136360156,10,
8135,440.687507989,287.896236,65122.0821589,10.7750200127,10,
12341,591.784586635,428.045775,372587.976912,6.75431364444,2.0,[M+Na]+
8137,440.765312673,419.240589,1043141.47982,6.57411229389,10,
8138,440.906808175,1604.8092,583639.325791,5.63672931524,10,
8141,441.047576149,653.12826,24490.0371915,13.0424763436,10,
8660,459.068844153,66.217206,182626.098502,10.0943107517,1.0,[M+H]+
8143,441.125409253,655.53813,158286.982435,5.41281572587,10,
12675,604.270924488,296.497002,727059.655959,2.40808353083,1.0,[M+NH4]+
8148,441.179111611,417.487248,13030864.2418,2.37776678416,10,
8149,441.178877109,375.561498,420975.027004,2.70141926164,10,
8152,441.19757214,169.058331,620549.233488,5.02521853178,10,
8154,441.19325745,100.88826,782288.573972,5.49631194937,10,
8155,441.211860291,590.42568,126770.000211,4.48211009955,10,
8157,441.202811756,924.13524,13277.5462434,10.6475459914,10,
8158,441.247875908,414.562185,119277.439496,5.31516607042,10,
8159,441.244171099,463.700253,69503.764356,8.88305166553,10,
8163,441.259982594,350.928396,42221.8325141,4.81683048461,10,
8165,441.269969981,833.5812,22992.2956347,8.6088761266,10,
8166,441.270276289,516.794952,87577.8649009,8.17517192742,10,
9764,498.327269295,551.678538,241954.92999,5.73137437308,1.0,[M+NH4]+
8168,441.30602242,386.128227,74724579.0989,0.630668261753,1.0,[M+H]+
8169,441.305930379,369.886788,54727072.3582,0.522311198705,10,
8170,441.306093969,354.739833,6420117.98346,10.5979521807,10,
16290,882.46512064,350.9379,591827.095494,4.55465516916,1.0,[M+NH4]+
8172,441.772496538,421.104417,207104.989893,8.71315929299,10,
8173,441.754339002,351.9414,112766.097444,14.042899186,10,
16291,882.563180316,456.27831,25298.635745,9.81952958927,1.0,[M+NH4]+
8175,442.035362791,33.333342,1277838.08458,8.98132695626,10,
8177,442.077125025,31.6450032,330392.608895,11.4650179323,10,
8179,442.172915204,314.707896,31457.7548336,8.9873291412,10,
8182,442.182409885,375.376536,82038.4380891,5.78869595411,10,
9876,502.228413054,309.225762,101663.729154,12.8676521517,1.0,[M+H]+
8186,442.200940253,168.87939,107861.764421,7.61119584436,10,
8188,442.210552661,333.919011,102385.781259,5.31344438977,10,
8189,442.218850103,479.224515,177792.197224,4.24319415239,10,
8191,442.213811607,222.211614,46867.7603185,9.3563867003,10,
8192,442.246952126,250.997334,212487.813073,2.07198684331,10,
8193,442.238249499,350.612028,126507.183492,9.73420875795,10,
8194,442.257924668,378.323463,154109.369638,2.7351184448,10,
8195,442.255215671,499.548588,1606170.9401,2.59991019111,1.0,[M+NH4]+
8197,442.264488618,200.382402,9775794.96478,4.62672781418,10,
10473,524.302372719,610.31046,118745068.393,2.26058679654,1.0,[M+H]+
8200,442.336387656,623.77212,3986812.33311,1.39418876297,10,
8202,442.744135551,286.148862,642294.30667,4.46149021254,10,
16306,884.517666784,356.088207,5167204.82724,6.43157347009,1.0,[M+H]+
8205,442.87628996,1605.92256,1980033.65201,4.9200702451,10,
8206,442.896397116,34.9388982,152616.310331,13.0976039513,10,
8208,443.037595908,539.567565,28411.3003108,5.45658573819,10,
8210,443.135117908,101.51925,559060.072474,9.67637652978,10,
8211,443.151104417,652.896,35370.0537766,12.8753735347,10,
8213,443.168532508,319.835949,697451.636394,3.09266843647,10,
8214,443.168833742,260.958849,92301.2290376,9.80453658236,10,
8215,443.170345976,373.965534,26435.2561467,7.11660061409,10,
8217,443.194362639,45.715044,836972.481975,7.39448825603,10,
8219,443.199482006,504.268956,74564.2965968,9.37746213283,10,
13748,654.289847763,218.019474,143397.251233,5.50832102211,1.0,[M+NH4]+
8222,443.222492778,479.044638,28338.4851928,13.9721644481,10,
8224,443.223846769,127.912608,1829406.50176,5.70168109037,10,
8225,443.223425508,256.292118,58805.8362082,12.5378304236,10,
8227,443.23198629,819.92229,37149.289984,9.37497978288,10,
8228,443.248963104,321.868767,3548280.30552,4.72844089221,10,
8230,443.258287718,1281.1608,72830.84471,4.64014751284,10,
16311,885.502948261,316.078827,79920.8041794,8.68101537193,1.0,[M+NH4]+
12542,599.244438246,356.088207,87527.2369391,11.585387118,2.0,[M+K]+
8235,443.296628124,209.510712,1228619.24454,2.96263106829,10,
8237,443.296491563,162.904518,4606660.67738,2.6288308159,10,
8238,443.297289033,976.25562,8681.3289337,6.34341791933,10,
8240,443.31505641,774.88146,10857.3161556,10.0549982372,10,
8242,443.354975762,1014.25878,44840.4139347,6.75546926956,10,
16018,848.402710111,454.274679,3405557.80199,4.34890661926,1.0,[M+H]+
8244,443.723440993,305.493918,4203836.4929,3.33960828496,10,
8245,443.734196338,265.864533,67386.7887368,7.12728805226,10,
8248,443.765115673,356.088207,83819.230934,13.0001404399,10,
8250,444.074878698,66.62316,100306.877447,14.3207453227,10,
8252,444.148676407,639.79578,54752.4317551,13.9616377711,10,
8253,444.160084874,54.151944,1402652.91093,1.1554337238,10,
8254,444.169194374,39.653388,392414.088414,9.74260021722,10,
8256,444.179380014,1091.53806,106034.68689,9.16878983877,10,
8259,444.198228515,436.31355,72026.7995468,6.82904450149,10,
8260,444.184661943,496.222956,102599.465245,6.97963533312,10,
8261,444.200905432,175.778214,107757.260066,3.5792888243,10,
8262,444.22274253,317.020494,55216.7596162,6.24803276679,10,
8265,444.239419808,360.350505,431357.077288,3.5748816308,10,
8269,444.261321148,1281.027,10206.1970069,14.2663009781,10,
8270,444.297801654,881.33247,475347.134444,3.97022013042,1.0,[M+NH4]+
8275,444.378579936,1138.88808,12966475.9014,1.53643861419,10,
8276,444.378571511,1152.06612,9760717.36499,2.19889731195,10,
8277,444.723608967,164.994825,1043622.21265,3.01041367439,10,
8279,444.749203194,396.518409,58909.1390843,14.8595113006,10,
8280,444.741686925,233.145393,135233.125346,5.11095724164,10,
8284,444.951209574,553.643481,57455.8634875,8.62034507572,10,
8286,445.107990977,389.750724,269946.601098,1.11845611535,10,
8289,445.142567543,664.52808,183696.770556,7.17288528348,10,
8291,445.158362213,503.916333,44485.0622196,8.2455646476,10,
8292,445.143974683,264.178194,39440.378959,1.55325608057,10,
8294,445.174595657,374.883819,80509.4234288,9.04633698058,10,
8297,445.186972688,554.520753,52523.784265,11.6335200225,10,
8298,445.188296553,38.1752916,1585466.00603,6.56530713889,10,
8300,445.206793112,339.283266,4388763.92392,3.28444558015,10,
8301,445.221617683,833.69571,31421.4221597,10.7880012246,10,
8305,445.287021191,513.790692,1773860.85063,2.45024090976,10,
8309,445.3009502,442.297056,144659.693525,7.43290901846,10,
8312,445.312459975,916.72062,76595.8541802,5.97903707137,1.0,[M+NH4]+
8781,462.360069213,1334.54466,1166505.0355,6.35696017407,1.0,[M+NH4]+
8314,445.33727422,500.094981,149744.411028,4.24055942796,10,
8315,445.730199424,396.244443,206104.328218,5.98699944758,10,
8316,445.72643109,165.169887,98155.4186893,12.0669871518,10,
8317,445.788689097,513.800457,732159.825675,5.66501957348,10,
8319,446.143538403,813.57738,23524.9663138,13.5023579337,10,
8323,446.211524495,1202.05707,22832.4201353,8.01748481904,10,
8324,446.210681545,339.283266,974284.177148,1.11524345634,10,
8325,446.231413201,376.179972,142336.773344,2.84386805882,10,
8328,446.238903962,419.570052,360247.534754,1.83613427357,10,
8329,446.273818338,830.87244,1417756.04753,9.14649341023,10,
8330,446.288745326,1016.31411,347763.201953,6.69327298212,1.0,[M+NH4]+
8331,446.292816763,626.20452,47307.3765896,13.7572177877,10,
8332,446.296125332,154.99971,532685.879586,3.02689501738,10,
8334,446.29022206,513.790692,234716.730631,2.46070592333,10,
8335,446.289638295,931.59672,11135.3308717,10.8063875213,10,
8337,446.340473422,500.116323,26989.311329,11.4240067856,10,
8339,446.759255005,381.968226,450666.425351,7.09512901139,10,
8340,446.791334299,513.443991,43846.1160789,3.33310483821,10,
8341,446.971724332,683.65242,22386.6887633,8.0699065829,10,
8343,447.027789188,683.18331,22369.4263219,14.6944603896,10,
8346,447.134377861,60.778017,224772.841565,8.62360146383,1.0,[M+H]+
8348,447.126930607,463.154253,32752.062411,5.73310054115,10,
8351,447.163778703,114.450282,412109.606699,3.61157317004,10,
8352,447.162790881,460.397412,27660.9708837,14.5241286646,10,
8354,447.178178464,34.720413,128247.557831,9.81348544062,10,
8356,447.200550309,235.017732,179554.882015,2.41063332232,10,
8357,447.222698013,533.544693,659985.692273,3.62315625563,10,
8360,447.244634971,264.531312,93086.3006784,8.84497751149,10,
8361,447.254827638,89.972589,71877.9989768,13.7869697466,10,
8362,447.25892664,513.07671,17550.8247352,1.77310537721,10,
8363,447.259398592,598.83012,36773.202762,2.71420214658,10,
8364,447.269931409,331.549017,34940.9118445,14.1714326041,10,
8365,447.270843648,366.71334,159137.300756,2.7424898244,10,
8368,447.730888768,305.844915,298048.470151,6.78054703831,10,
8369,447.764651077,513.800457,104231.994452,8.03251328464,10,
8371,448.083471499,670.11222,72913.9673033,5.76338822425,10,
8375,448.14193804,37.7126868,891689.344214,9.61159211351,10,
8378,448.177977753,37.182402,890063.184565,7.67207621638,10,
8380,448.217578801,169.058331,896354.170116,2.9569581717,10,
8381,448.216802002,837.28746,825367.180492,6.00747887963,1.0,[M+NH4]+
16116,857.470440229,365.77674,4221908.31234,1.46156708846,2.0,[M+Na]+
8383,448.229228153,411.847548,458596.52259,11.351028454,10,
8384,448.239134281,142.100121,6993760.17911,2.37968931445,10,
8385,448.251656503,417.655026,82339.0025469,2.99973547291,10,
8386,448.25434869,265.651773,2272171.16271,2.73825590048,10,
8387,448.25768315,389.044221,92118.5164338,12.157810771,10,
8389,448.262513977,423.455493,446544.162852,1.85131685308,10,
9849,501.24811573,348.603396,108385.421795,4.23347857972,2.0,[M+K]+
8392,448.289508638,1056.7023,85184.0670028,2.62757552433,10,
8393,448.283326133,499.558338,27065.4991652,14.075994862,10,
8394,448.311812451,340.491522,98183.9228172,3.89342306534,10,
8395,448.362040418,1120.44864,622092.449173,7.52783720556,10,
8396,448.709640075,300.975246,117582.704578,11.581595437,2.0,[M+K]+
8397,448.713859471,365.497149,43010.6463373,12.055309083,10,
8399,448.76256508,348.907053,47311.988114,6.29727123962,10,
8400,448.915577596,34.9335468,292212.137617,8.99521685684,10,
8401,448.950930276,541.344786,13250.6788789,9.74290206711,10,
8404,449.057874501,72.304521,676338.604456,8.07840768222,10,
8405,449.103253694,38.1227742,359987.030209,8.59363739806,10,
8406,449.118241585,652.896,32439.8349144,10.2976576052,10,
8409,449.170108441,249.855486,37201.0026748,8.74353294386,10,
8411,449.17662503,231.110982,94383.8151296,8.52047173703,10,
8412,449.190845713,336.602775,139539.559721,12.6751369652,10,
16699,983.398703553,67.080864,81604.562487,11.147282277,1.0,[M+H]+
8414,449.220599646,426.713712,73034.9243309,6.98793280704,10,
8415,449.221275074,342.47703,252923.823597,13.2321295075,10,
8416,449.242622403,141.931362,1384401.62817,3.20839861269,10,
8417,449.259034997,287.101683,70738.2992565,7.86434765934,10,
8419,449.252987039,123.980475,124510.248807,9.70295279534,10,
8421,449.27469475,182.896332,193528.706264,10.1641178099,10,
8422,449.307345344,60.994368,228318.821096,13.8327214575,1.0,[M+NH4]+
8424,449.622928514,580.056426,322246.471944,13.6280096908,10,
8425,449.713009723,388.087593,32844.2189062,9.83739584861,10,
8426,449.729043071,262.3713,13443418.2248,3.47284484635,10,
8427,449.770274328,286.400937,207652.38107,3.65177724055,10,
16399,898.547772596,511.618584,80822.568488,7.76860187726,1.0,[M+NH4]+
8431,450.112122703,258.392547,32856.2461018,14.7016555995,10,
8432,450.146242121,279.388407,134601.277255,7.78797198496,10,
11346,556.178068615,249.414465,420396.678747,5.06458125357,2.0,[M+K]+
8435,450.171677567,404.146026,238815.38064,5.7987476642,10,
8436,450.185748263,258.410868,32464.3279017,13.0958924713,10,
11165,550.15154092,52.994916,1993951.17456,6.19708507273,2.0,[M+K]+
8439,450.209108034,418.583523,208312.40151,7.01854888536,10,
8441,450.232314762,685.6365,498878.195741,5.10384669822,1.0,[M+NH4]+
8442,450.245619644,508.66815,33139.1550123,13.8823262813,10,
16401,899.517239282,325.499376,135025.736096,8.23283528534,1.0,[M+H]+
8444,450.256456004,880.88814,9560.39360341,11.3948135409,10,
8445,450.26892751,765.04173,180992.834944,3.32273439556,1.0,[M+NH4]+
8448,450.280988863,50.273484,206944.307948,10.9061014303,10,
8450,450.377880788,942.20652,90771.1446119,6.7963278115,10,
8451,450.73191432,262.537551,1792828.01992,3.9006798612,10,
8457,451.019962476,670.11222,68447.3996579,5.91795950048,10,
8458,451.192067185,333.589776,113894.559826,12.1290543851,10,
8459,451.199779091,303.185136,56172.4544863,7.30553540453,10,
8462,451.200314494,343.541532,209720.988087,7.32536870921,10,
8468,451.288445724,326.631705,50166.7716077,8.10885184163,10,
8469,451.309561295,416.293485,65439.8606517,13.8982781715,10,
8470,451.326608176,403.45041,82982.1428672,7.52773599415,10,
8471,451.381086553,942.00612,15009.4763277,14.1166115815,10,
8472,451.399480093,1225.08936,20914.4886316,9.80417351929,10,
10593,528.768577075,232.440768,3213876.15851,4.65673725488,1.0,[M+NH4]+
8474,451.748526435,311.412546,956503.010934,3.11239282018,10,
8475,451.738725373,380.620725,132790.559195,8.30136036337,10,
11585,565.116685353,534.538281,73342.511387,7.28273311359,1.0,[M+NH4]+
11586,565.116829292,520.485648,192834.550189,3.39801055682,1.0,[M+NH4]+
8481,452.179725664,375.561498,36844.9360111,13.4061483476,10,
8483,452.190935429,416.054109,50076.7704957,11.4515279775,10,
8485,452.203540747,343.368087,24253.4871664,12.6863914374,10,
8487,452.224288302,253.880964,212210.040523,5.89990531857,10,
10744,534.24038392,372.866727,613335.673816,6.71639905264,1.0,[M+H]+
12242,588.308368437,60.554976,232462.637542,7.11631601527,1.0,[M+H]+
8490,452.260001418,503.916333,299664.532227,1.58151166685,10,
8491,452.285140511,256.217712,56886.2677876,4.23528109696,10,
8492,452.276637471,437.510301,357948.571417,10.2952385515,10,
8493,452.320788293,948.20019,651138.807421,3.19422351076,1.0,[M+NH4]+
8494,452.393479421,1074.88593,6734061.48689,1.48739494507,1.0,[M+NH4]+
16425,904.425409908,267.260595,98050.4037785,10.7199713727,1.0,[M+NH4]+
8496,452.734398491,309.062238,213435.706059,14.7923880972,10,
8497,452.739017308,61.257393,407891.56031,12.9031555007,10,
8498,452.74677502,375.648324,165591.849844,6.97840782003,10,
11719,569.737216664,232.872864,52267.5761825,14.9048678523,2.0,[M+Na]+
8500,452.778357468,437.510301,154188.067268,7.19768198744,10,
8502,452.964116373,545.458038,21512.1900914,11.9005273746,10,
8503,452.978116502,652.71525,32913.9819794,8.30096222255,10,
8504,452.989968633,640.14654,151663.746851,4.9165032591,10,
8505,453.092764122,114.242004,51345.0459604,6.89353817175,10,
8506,453.121398822,68.466399,1212749.11574,5.41634869372,10,
8507,453.128555734,330.156951,36785.4798398,8.03480320947,10,
9021,471.204449275,756.08322,91369.1500888,11.4853153906,1.0,[M+H]+
9749,498.232318947,740.37207,77406.8802067,5.61615718381,1.0,[M+NH4]+
11573,564.272967319,266.325936,65852.2831206,7.88799219304,2.0,[M+Na]+
8517,453.235918796,603.1251,63976.1491045,4.71891040441,10,
16432,905.506838506,445.08924,501992.711533,6.85774519649,1.0,[M+NH4]+
8519,453.267395453,414.562185,108703.13007,9.5182600179,10,
12112,583.249614767,437.613252,139817.120059,4.91153037911,2.0,[M+K]+
10670,531.336306973,519.638181,388517.777947,13.5557294427,1.0,[M+NH4]+
8526,453.34231634,427.57824,1692598.40068,5.87308273564,10,
8528,453.414988864,880.0404,30113.2696937,10.6210288441,10,
8529,453.718865012,267.146307,1253077.94085,3.43793445876,10,
8530,453.742332898,259.39866,172997.655979,2.38187941339,10,
8531,453.895490224,370.827294,102217.732276,9.33464965733,1.0,[M+H]+
8532,454.057188405,566.613054,48216.2819854,5.9465306879,10,
8535,454.1809676,69.434901,133526.413791,13.3454692396,10,
8538,454.218877318,57.8230869,1025989.84183,11.8850551556,10,
8539,454.224601164,388.193598,560308.832072,4.25285318828,10,
8540,454.257137353,1608.29157,29531.4753233,5.83533824679,10,
8544,454.336156314,729.82101,30109.7904831,10.5603427573,10,
8546,454.616870706,508.295961,49462.9336457,6.44378368227,10,
8547,454.713765376,273.209157,191112.349333,8.61230426686,10,
8549,454.780675612,429.355305,590693.930031,2.61816768948,1.0,[M+H]+
8550,454.86065999,34.9388982,135651.765209,8.18923667641,10,
8551,454.987228837,640.28052,67051.3976528,9.14247291799,10,
8552,454.992479549,477.507078,104805.448694,8.92966878614,10,
8553,455.017282775,545.324724,11806.0469296,10.0509615899,10,
8555,455.100350821,338.427006,38133.1380565,8.84545608694,10,
12673,604.243667118,48.9494553,1416224.13094,10.6055478636,1.0,[M+H]+
8560,455.151013338,305.748996,42135.7788318,4.85683772408,10,
8561,455.175782825,280.629843,38924.8264837,9.13948031871,10,
8564,455.208999071,116.585166,255478.071055,5.61733630869,10,
8566,455.204853301,447.005382,28406.746028,10.9436640051,10,
8572,455.282311797,429.355305,278118.155038,8.25296749841,1.0,[M+NH4]+
8573,455.321510656,414.49431,4053014.74252,0.989734871091,1.0,[M+NH4]+
8575,455.347946871,427.481676,52683.1294531,7.56813542483,10,
16446,910.439473912,395.295102,57433.7441731,5.04124320374,1.0,[M+H]+
8578,455.72537398,228.141012,160011.288049,4.63227012098,10,
8579,455.751525413,513.800457,332387.797377,4.59260627397,10,
11247,552.750686319,429.534678,1536820.51552,3.0398826512,1.0,[M+NH4]+
8581,455.782708025,384.764412,140996.12457,5.07939264531,10,
8582,456.137137446,45.1707996,204704.442577,6.47662054361,10,
8583,456.164743035,39.810699,5725291.8747,9.81818490906,10,
8586,456.209588429,381.968226,331779.850952,7.02759895516,10,
13007,617.324048467,221.501469,290120.733054,8.83774622698,1.0,[M+NH4]+
8589,456.222879798,495.497328,54405.9972331,11.6224203248,10,
8594,456.242722485,49.3104549,231532.123472,8.30831712367,10,
10750,534.295689784,266.214159,62881.4003939,7.71188280678,1.0,[M+NH4]+
8596,456.25348421,513.800457,138064.41459,8.02226577932,10,
8597,456.293283068,251.873391,167012.978685,8.49235445975,10,
8598,456.291702046,167.355081,29848983.9965,11.5498827105,10,
8599,456.291757125,183.242844,6151727.27932,5.30634361532,10,
8601,456.700448294,330.687951,606184.316009,4.85775634521,10,
8602,456.753464962,513.618546,50171.6946923,9.73318556173,10,
8603,456.777831995,403.016304,201610.354265,5.89691338429,10,
8604,456.857493926,34.9335468,99858.9766935,5.23476437111,10,
8606,457.007914889,31.5426072,72442.4706184,14.6591136291,10,
8607,457.077325599,541.392681,38473.0302395,9.69349464378,10,
8608,457.077310143,501.390204,20889.9151203,10.0425845777,10,
8609,457.104661889,31.2192585,169752.682314,10.1475275873,10,
8611,457.142596984,38.4376548,1554902.96962,5.33175554097,10,
8612,457.156569826,279.226872,59561.0775957,12.8025860276,10,
8617,457.247062834,1124.40927,28874.7245523,6.81061868348,10,
8619,457.265037084,402.68052,57692.044262,5.33929844524,10,
8621,457.277943413,496.012551,80452.5190497,4.40568780193,10,
8622,457.284025138,358.859712,1438140.08496,2.7956076134,10,
8623,457.295145158,183.424086,1328330.18397,4.15319952071,10,
8625,457.302687101,956.27124,2010732.65536,11.6311989815,10,
8626,457.311924566,310.724631,2086867.20088,7.1814354396,10,
8627,457.301601475,475.064082,81334.7289228,10.5924455865,10,
8629,457.320446918,226.29591,2900428.34921,1.40946178125,10,
8630,457.312045116,519.480408,20835.3605565,9.8579837848,10,
8632,457.348922482,893.40084,12981.7963481,10.4017023957,10,
8633,457.749798677,249.935895,75706.3276107,6.61841949723,10,
13064,619.822697465,414.772695,333357.181533,3.97556303186,2.0,[M+K]+
8635,457.775342214,450.72456,70489.2359593,5.01741576395,10,
8636,458.135260619,389.398038,35184.7691015,1.59469796466,10,
8637,458.166628835,83.97369,141243.244237,10.7511594978,10,
8638,458.182291573,504.268956,34877.3808051,12.7739992429,10,
8641,458.204355599,476.097948,87244.1988145,6.4895739982,10,
8642,458.204170758,423.469965,33551.3873182,10.1862618052,10,
8651,458.27879322,51.8411436,281252.768609,14.1447106265,10,
8652,458.285026325,562.886478,139443.086642,9.99900301383,10,
8653,458.284728569,268.512756,59839.6934721,5.87960008367,10,
8656,458.736045141,369.457782,60639.5239861,7.42689581663,10,
16471,916.566385823,521.918193,281040.300025,2.32065798111,1.0,[M+NH4]+
8658,458.850198951,1606.08375,776884.490643,5.06246029723,10,
8659,458.933768045,1605.25578,259676.588238,9.37871522001,10,
8661,459.128152011,274.253652,184991.991328,7.80332775571,10,
10766,535.21167557,382.205526,56140.6389938,14.3773203349,1.0,[M+NH4]+
8663,459.135545516,135.0717,299772.155157,2.25111536656,10,
8667,459.19027136,360.711252,71800.4089932,8.782923532,10,
8670,459.220052187,326.61489,41445.1153686,3.42180232585,10,
13368,633.362729703,341.117832,140357.893161,12.3915798875,1.0,[M+NH4]+
11135,548.345195505,830.96952,501236.96719,2.07839948923,1.0,[M+NH4]+
8677,459.275106249,64.813893,1218257.4919,5.07473058432,10,
8678,459.279766191,292.635873,74693.6306453,11.5055112388,10,
9173,476.305416429,401.702046,64323426.8961,2.31538829698,1.0,[M+NH4]+
8680,459.279961872,336.42915,30734.2260424,9.33117881187,10,
10284,517.36973941,585.298224,178743.426092,10.5585480139,1.0,[M+H]+
10315,518.372838176,386.804355,78523.0079565,5.35166078338,1.0,[M+H]+
8683,459.749186367,327.295254,114636.753763,9.01942059108,10,
8684,460.052599898,66.217206,169525.396435,10.566693313,10,
16261,876.343186264,53.666535,5270750.18261,7.34328874007,1.0,[M+NH4]+
8687,460.199642274,552.394008,749331.717089,5.1890789076,10,
16486,919.461187801,313.970301,64481.6803468,3.58480896702,1.0,[M+NH4]+
10346,519.327756074,367.06209,289175.93694,6.67932933168,1.0,[M+NH4]+
8693,460.250457003,327.334518,49528.0638168,13.2356642702,10,
8694,460.258140982,295.961634,213745.065824,6.42088005851,10,
8695,460.258428054,158.280144,157952.305027,0.736414856836,10,
8696,460.25813174,137.544888,168388.112122,5.63186716248,10,
8699,460.2543142,401.780142,1336699.69477,3.64610316331,10,
11930,577.295423773,860.37516,63710.1155022,13.6275527246,1.0,[M+H]+
8702,460.292844034,820.25406,1457857.91873,2.44623910158,1.0,[M+NH4]+
8703,460.293968626,221.43885,113792.898853,0.412792471363,10,
10253,516.349544922,249.060336,147240.578404,6.82671266911,1.0,[M+H]+
8705,460.310301005,381.968226,1930007.09457,5.10676879793,10,
8707,460.331211985,275.690532,53406.4814928,11.6828909336,10,
8710,460.758495252,251.627988,42352.4294627,7.8814799036,10,
8715,461.108251753,91.816062,339516.652567,6.05748320119,10,
8718,461.115838148,682.05378,104322.348669,7.35895676611,10,
8719,461.134459631,246.409338,120688.639695,7.3281546982,10,
8722,461.195616304,833.7582,17338.7908667,7.90869774254,10,
8724,461.209514117,58.6083942,9296425.05549,10.401033794,10,
11636,567.252166673,331.721397,151792.799603,3.39424215705,2.0,[M+Na]+
8726,461.199864864,362.009028,46705.1457172,6.85964762293,10,
8727,461.213068208,464.55705,18039.7807486,9.27895048994,10,
8728,461.222034224,105.099882,151999.484984,7.46437699145,10,
8730,461.221392866,351.220596,12978795.6562,0.603775935831,10,
8732,461.258336141,593.252649,117533.637098,3.55347197819,10,
12497,597.293844425,459.204354,82938.1723688,9.32587552606,1.0,[M+H]+
8737,461.274599997,367.169346,3534884.12934,3.30343574857,2.0,[M+Na]+
11327,555.253198668,393.585918,174287.277196,10.7532094869,2.0,[M+K]+
12327,591.296928851,222.737037,255337.287104,4.78096191389,2.0,[M+K]+
8741,461.304642069,248.7801,25098.9397662,3.40224135787,10,
8743,461.315396627,308.873697,1860223.9471,5.37371874222,10,
9995,506.386467462,1232.54373,539771.22524,8.92091818295,1.0,[M+NH4]+
8746,461.341447789,1351.61001,216900.615224,4.29111533671,10,
8747,461.357236821,1120.44864,4120582.01051,4.44654166197,10,
8748,461.71582524,271.57794,52328.8931366,9.08477517624,10,
11604,565.77619051,386.465355,70718.6243626,4.48142633119,2.0,[M+Na]+
10382,521.127310521,401.045487,23524906.8291,5.02974466594,1.0,[M+H]+
8754,462.156906679,505.168209,87654.2413995,11.4737886856,10,
8758,462.203291957,346.232214,68849.6704908,13.0967308543,10,
8760,462.218119407,130.030452,244740.668334,11.4369894754,10,
8761,462.232300608,886.47366,312378.025551,7.99312497916,10,
8762,462.236777781,258.170028,1130334.84793,5.48605794572,10,
8764,462.236068049,431.41293,26598.2205758,6.37513361706,10,
8765,462.233461378,517.170198,11887.9999667,6.25736643213,10,
8766,462.24164182,639.84405,41130.9933431,9.13432578593,10,
8767,462.256081196,551.624067,50798.7447585,6.59748026437,10,
9225,478.264593335,348.433581,7269266.43807,7.10703653772,2.0,[M+K]+
8771,462.280969932,259.581711,137226.622657,7.04454518936,10,
8773,462.286026532,337.070754,560742.927596,3.5656842277,10,
8774,462.29829373,479.585823,27066.608784,9.65589948433,10,
8775,462.310058423,405.647238,75169.5176899,9.45027883408,10,
13309,631.375761354,305.179146,78509.9361751,13.2446896353,2.0,[M+K]+
8782,462.356844333,1227.27072,27855.2915268,14.1348109286,10,
8783,462.696502315,305.306256,45968.3407324,7.33728422319,10,
8784,462.720476306,356.436276,40193.4368439,10.0256381256,10,
8785,462.740707869,437.613252,103170.336921,5.01541862678,10,
8786,462.777960976,384.06366,107278.247533,13.4814880997,10,
8787,462.787641819,336.777459,259643.705728,2.78105678027,10,
8788,462.961972709,670.11222,60301.6796296,10.6506881053,10,
8789,463.024518345,589.068474,32551.8920378,13.8047095365,10,
8792,463.167567584,130.6977,51517.5154794,9.68206730157,10,
8793,463.186939357,504.268956,1238248.27485,3.44775602148,10,
8794,463.191895739,340.461276,174218.202257,6.0350844866,10,
8796,463.226618357,189.531966,581591.621065,3.39517069077,10,
8797,463.244560925,694.47231,40903.3455708,9.14042703455,10,
8799,463.25396461,468.298572,972588.866785,3.41319668583,1.0,[M+NH4]+
8801,463.256967898,344.854008,3576560.66893,5.80300062765,10,
8803,463.274812172,413.524986,87578.2334959,2.19633308763,10,
8804,463.28637085,273.32532,82226.1307478,13.0390390113,10,
8810,463.707171414,267.260595,526019.890591,7.65431719612,10,
8812,464.101855018,38.805603,602054.034203,5.53962201345,10,
8813,464.118819297,38.4902898,506114.336906,4.03145878195,10,
8814,464.169423997,374.965164,74859.8658667,10.9936926412,10,
8816,464.207032794,267.774651,241937.196949,7.57096370587,10,
8817,464.232502321,179.594328,270129.934009,7.3739520974,10,
11085,547.231998129,413.737893,4180350.91409,1.40321921156,2.0,[M+Na]+
8822,464.272242699,291.515376,37815.6616334,14.0437787919,10,
16519,927.548488864,378.000975,62389.2569614,9.83174499838,1.0,[M+NH4]+
8824,464.298446052,585.232485,314405.820774,3.69654619282,10,
8825,464.29146139,386.128227,2358775.22543,1.95606955537,10,
8826,464.29158354,370.107906,1302694.31574,0.819775185186,10,
8828,464.343242616,43.5399765,1180001.84274,3.6142984248,10,
8829,464.35737049,820.74882,193870.989274,3.6732311973,10,
8830,464.372417878,30.24132,606796.785665,13.7390486809,10,
8831,464.710527838,290.575686,409066.042949,8.49889027227,1.0,[M+H]+
8832,464.747104402,337.433394,81672.4090045,5.69876247694,10,
8836,464.966938621,585.182517,93736.5702777,11.4655269492,10,
8837,465.014579165,669.93624,23957.5727701,10.9278948255,10,
8838,465.051202824,31.4770368,259739.53954,6.03903333134,10,
8840,465.091928817,653.07744,50897.4006101,3.2641790109,10,
8842,465.203966546,287.451432,65552.8987547,10.3851509056,10,
8843,465.205423805,128.456382,127322.60543,10.7663385378,10,
8844,465.212159812,428.125899,4986984.46488,8.36018316954,10,
8846,465.228319966,640.01781,50198.5976698,13.6999532077,10,
8847,465.226036432,63.747156,264837.431361,13.1018799257,10,
8852,465.302904512,613.54977,88971.5664247,6.73628390192,10,
8853,465.327745289,796.11468,16657.1206638,7.37408034188,10,
8854,465.346468671,994.59,11225.9617074,10.617834526,10,
8855,465.356496765,679.3515,49544.8231709,14.576123225,10,
8857,465.747251668,286.513344,228865.608015,8.79056108286,10,
8858,465.754793647,344.044767,108253.627658,8.42298641317,10,
8859,465.924591059,29.1845127,157757.140724,10.5933679418,10,
8861,466.053564528,64.58904,400081.922455,8.88862829496,10,
8862,466.147997378,92.55309,119016.967602,3.24366969787,10,
8863,466.155597504,64.13277,243618.549625,4.62379953111,10,
8864,466.158418875,552.206352,61178.1738622,7.02209504303,10,
8866,466.182689421,405.66039,37247.8373982,7.32130079477,10,
13251,629.265100009,241.662705,376827.054263,5.52734102037,1.0,[M+NH4]+
8868,466.182599794,291.354618,94823.5283722,11.5798287206,10,
8869,466.204939091,400.21218,90801.1659923,3.57647674676,10,
8870,466.203088007,452.002314,43530.302873,9.6104459387,10,
8874,466.227320125,483.682791,114796.729819,5.31563275315,10,
8875,466.2404458,407.274537,360269.97305,7.2120853384,10,
8876,466.238635828,55.3141098,12283840.3876,2.44188020311,10,
8877,466.248570486,286.528194,92583.9560275,0.577936203583,10,
8880,466.301042142,302.027097,177953.518405,5.43891604984,10,
8881,466.315373488,810.88056,18374.933488,7.94814083873,10,
8882,466.35888283,43.9152585,363604.512713,7.07364856491,10,
8883,466.589454744,373.388406,105040.06829,9.96956214028,10,
11860,574.687120806,54.256665,329347.51282,4.61485011046,2.0,[M+K]+
8886,466.710379477,343.840584,356434.751394,10.704560624,10,
8887,466.718053568,513.810222,32194.8167615,2.05719681994,10,
8889,466.886628955,34.9388982,114636.766288,2.2424953922,10,
8891,466.941636132,34.7257599,355095.267002,12.888215249,10,
8895,467.165512006,333.396573,77716.0230283,5.03172382252,10,
8896,467.17023001,37.9199511,1088068.06959,5.59707170396,10,
8897,467.188107405,295.155531,426263.606294,5.26803922725,2.0,[M+K]+
8898,467.198064354,157.671141,934457.236029,3.18263879169,10,
8899,467.18957937,272.167782,74754.9140499,12.3849161641,10,
8900,467.187841691,1603.8345,85884.7979429,7.62626090289,10,
8901,467.194942904,368.558598,30008.2334343,14.0460379354,10,
9334,483.19495941,316.691838,275491.029992,3.73222449448,2.0,[M+K]+
8906,467.240905402,55.5720789,3922925.09199,5.29434617054,10,
8907,467.249014531,286.513344,2915330.86417,6.13596518129,10,
8908,467.260097404,142.824981,4445477.28899,2.85497650222,10,
8909,467.275344676,389.25342,129563.986479,10.3172542419,10,
8910,467.300218857,521.918193,1552988.1263,5.74930823049,10,
8912,467.744526916,191.290149,536615.366304,2.83313261275,10,
11833,573.815093066,403.278954,75732.4421206,7.14913399208,2.0,[M+Na]+
8917,468.149549844,51.4695426,596285.858396,5.39227856012,10,
8918,468.188871716,375.409713,296658.436393,6.49849810045,10,
11712,569.281367812,354.343518,845935.383451,6.7500676762,1.0,[M+NH4]+
8920,468.207855269,151.137702,173462.470399,5.64414548702,10,
8921,468.221558343,230.499594,83299.2690898,11.382291391,1.0,[M+NH4]+
8922,468.234632776,320.14149,522041.789226,5.43900846886,10,
8925,468.243258247,448.230054,324966.556096,5.28293023424,10,
8926,468.253389046,286.623879,592279.479885,5.29940820596,10,
13864,661.329190376,340.120767,379777.800863,10.5656444872,1.0,[M+NH4]+
8929,468.2638148,40.3793469,304162.961037,4.78781341806,10,
8930,468.263395681,142.773195,945157.83495,4.3068260268,10,
11779,572.2625228,422.336496,144462.046371,8.38945707827,2.0,[M+Na]+
8933,468.276131754,552.665385,436237.461372,3.01297849441,10,
8935,468.303171019,521.8941,200617.355691,4.32402568923,10,
8937,468.352437455,1000.25826,17861.9218414,10.496964754,10,
8939,468.731315545,375.209061,42608.998908,11.2632980469,10,
8940,468.725366127,359.912406,84781.9351159,8.5847651318,10,
8941,468.741793178,347.581275,498240.295373,2.2246382792,1.0,[M+H]+
8943,468.957932373,513.443991,89587.8071873,11.7549199249,10,
8944,468.991013982,670.21188,35197.155565,7.21325458708,10,
8945,469.09561401,68.466399,1268950.42415,4.33063292044,10,
8949,469.11410801,184.369656,758803.345271,5.99457780444,10,
16558,937.313138233,58.9221438,8809250.87715,8.05653502364,2.0,[M+K]+
8952,469.179219417,504.268956,150684.518712,11.8666195203,10,
13005,617.310538539,285.089484,128597.227709,4.85805683883,2.0,[M+K]+
8963,469.301099763,399.720795,329901.450099,6.20403107138,10,
8965,469.450569205,1360.60116,52123.940796,14.6257636235,10,
8966,469.731341114,328.368642,198939.049851,9.80206125136,10,
8967,469.759210722,290.446575,92924.4766174,8.3915815324,10,
8968,469.777842792,521.89359,84899.2203908,7.25538138323,10,
8969,470.025839497,280.719624,341665.878389,8.90164623243,10,
8970,470.025905636,333.589776,310886.467555,5.56848490069,10,
8971,470.098643391,67.922928,179349.944893,3.2726424798,10,
8973,470.147260086,422.216928,88156.4397651,10.4255186017,10,
8974,470.159788433,356.985399,132434.897868,4.73623247418,10,
12190,586.281883199,103.054974,733841.993026,6.70940704221,1.0,[M+NH4]+
8979,470.210529518,348.263208,55346.7148343,12.8826908945,10,
8980,470.21237959,276.81909,54994.2413953,12.1009379661,10,
8983,470.233063406,328.159572,82918.5970318,10.0290268375,10,
8984,470.238304845,438.071178,52139.296458,5.26558441478,10,
8986,470.27117481,94.096725,278892.157094,8.54858375891,10,
8988,470.285011977,481.588836,86732.0897035,11.594909066,10,
8989,470.29612779,296.522163,26678925.4884,1.96554559307,1.0,[M+NH4]+
8990,470.295205229,382.58604,1060713.92077,1.46741275838,10,
8991,470.307486347,260.856129,1540414.95891,4.15018022593,10,
10589,528.349444871,487.983576,131651.39765,1.33930222308,1.0,[M+H]+
8994,470.307466549,165.516954,805301.608851,1.92221128076,10,
8995,470.331118158,569.010951,44209.9452944,12.5938386436,10,
8996,470.331301867,790.21023,49482.5106138,7.17585292079,10,
8997,470.33259389,303.420828,18335546.2989,2.35236029178,10,
8998,470.368740316,427.420212,139285.278947,7.61461212185,10,
9001,470.746632784,427.83405,62462.7428902,7.57692923149,10,
9002,470.85664557,1606.08306,169427.429072,11.6140494555,10,
9003,470.880132596,29.1845127,64186.2232568,9.84387253908,10,
9004,470.929362013,617.09334,13453.4135543,11.5048263812,10,
9005,470.987055349,31.5388215,415648.307666,10.8754275805,10,
9006,470.988057196,683.70333,28324.1258092,12.6236136796,10,
9008,471.057388776,282.013944,50295.3920308,13.4629648557,10,
9011,471.100461544,678.45528,87558.7465381,6.2682764276,10,
9014,471.166193949,370.06491,40633.8700972,8.8872580633,10,
9015,471.166351417,271.950732,60037.4477962,13.4843678541,10,
9470,488.211414274,514.754958,183038.860818,5.15804205652,1.0,[M+NH4]+
9018,471.197494761,164.48169,93271.9136211,10.9720915276,10,
9019,471.199581019,307.572198,1232595.95992,4.18961694977,10,
9020,471.202255458,618.69048,167890.173636,9.74839891829,10,
9023,471.240275532,382.541148,40178.5627663,3.98585354755,10,
9024,471.246528386,552.41559,32738.210354,13.3140493937,10,
9025,471.239489543,322.212642,117893.626187,13.8887151304,10,
9026,471.249544458,1022.89983,24537.2763724,13.4074560266,10,
9027,471.255800637,289.291248,34974.3226255,9.95253020866,10,
9028,471.27312777,378.329568,35109.8226353,11.8814879838,10,
9030,471.280358244,439.729746,49236.9176745,4.32669972853,10,
14269,687.430473783,585.232485,422303.99961,0.699397917507,2.0,[M+Na]+
9032,471.285431753,331.676949,46410.1509555,8.08725267666,10,
9033,471.285167185,308.242446,71100.3831906,11.6400054233,10,
9034,471.289446744,1308.99843,15648.9639672,9.27858358169,10,
9035,471.298920431,487.760163,127214.943319,6.099798574,10,
9038,471.336198816,303.101604,3687511.91144,2.95630651736,10,
9040,471.327474422,63.428544,409343.740279,8.29675510358,10,
9042,471.609181548,585.166746,24569.22009,14.8299426529,10,
9043,471.691555496,267.143994,180090.398373,8.81891305457,10,
9044,471.753032251,259.581711,87395.6975899,14.8345754569,10,
9045,471.765203172,303.627315,147522.946787,3.77334491048,10,
9047,472.125751111,50.247171,253206.88237,8.92322592323,10,
9048,472.135453464,249.673566,40913.7560163,2.85004469429,10,
9049,472.155497646,94.661496,66177.6607014,13.627675605,10,
9050,472.164957675,685.55448,54463.9832379,10.4948096025,10,
9054,472.20134491,764.703,23800.30002,10.233275935,10,
9055,472.206130157,618.72702,29599.8544226,7.93972511069,10,
13252,629.271399102,393.68436,429504.228066,3.76151368451,1.0,[M+H]+
9058,472.213564065,62.220144,526121.223606,3.06863784988,10,
9060,472.220085303,503.565516,50148.7562808,7.69753782165,10,
9061,472.214743864,264.97761,40458.0755015,5.66013161087,10,
9062,472.233574666,338.944209,198706.921664,6.82623458797,10,
9063,472.244548621,139.841946,871382.55702,5.08754935425,10,
9064,472.254117664,373.10889,1324454.85878,2.73744519167,10,
10387,521.237605902,59.490723,1830254.53426,8.96616710697,1.0,[M+NH4]+
12195,586.318439303,60.676374,880719.248505,5.70312663804,2.0,[M+Na]+
9068,472.295728871,159.23508,541568.673317,2.09188958802,10,
9070,472.338348498,302.943504,503806.527043,7.95008545776,10,
10619,529.406403423,698.51229,210157.074466,4.22721224536,1.0,[M+NH4]+
9072,472.731618029,398.201301,275750.88965,12.6307570404,10,
9073,472.731828152,303.863262,294163.928969,5.40725067408,10,
9074,472.746185773,277.855494,513912.729998,10.654776766,10,
9076,472.764483885,309.599892,80648.4055974,6.61458783716,10,
9077,472.927121029,641.61009,24748.9941952,8.4315700401,10,
9078,473.028298521,606.61158,47423.8148821,10.807085126,10,
9079,473.058992336,382.058718,56205.0129351,10.6622899969,10,
12737,607.137100611,541.283814,53051.4810025,12.2419667762,1.0,[M+NH4]+
9082,473.135981948,493.55271,97049.3106604,4.76477113039,10,
9083,473.197769656,64.931331,2270510.4365,7.6585838094,10,
12774,608.272924876,361.548438,35262.6541635,7.35326529549,1.0,[M+NH4]+
9087,473.202987109,253.940865,65468.0088764,9.73617302157,10,
13853,660.391876879,257.817018,172181.084196,6.47569771035,1.0,[M+H]+
9092,473.241452844,500.282202,42693.2999128,7.90679937265,10,
9094,473.252727296,231.864039,91789.5694952,12.6257347394,10,
9095,473.253119957,369.295653,177370.421779,8.12334838558,10,
9097,473.270732935,304.53351,5530339.99687,2.91311153012,10,
11645,567.323712466,224.153346,68873.9639314,5.69647143003,2.0,[M+Na]+
11322,555.236469419,507.561582,19959.5735876,14.1486116034,2.0,[M+K]+
14613,709.433629209,381.222789,7071159.96018,3.85056510636,1.0,[M+H]+
9103,473.289364709,454.201989,41676.8463103,6.64785708348,10,
9105,473.350816365,520.511121,54202.8309265,8.45486862946,10,
9107,473.748920224,416.571378,28175.7032621,11.3666173376,10,
9108,473.768395693,264.531312,159396.853212,8.20819037117,10,
9109,473.792545904,434.957934,71868.7190371,12.8087752817,10,
1098,228.097147518,59.6485977,1329840.51158,3.03495230191,1.0,[M+H]+
9112,474.155288538,506.448861,33837.0780064,2.26592756229,10,
9117,474.216514714,42.029856,753680.474808,1.15306358526,10,
9119,474.253527865,948.02193,24157.431552,7.98416480356,10,
9120,474.250940059,788.31204,49894.4416728,6.70148626522,10,
9122,474.273810215,45.5133588,346831.412904,12.7428583741,10,
9123,474.291122044,315.86088,7213975.45957,9.56763957204,10,
9124,474.291092027,408.295542,27620.9406117,11.4132381414,10,
9126,474.302321372,564.178131,144261.336639,10.8377629938,10,
11285,553.798238747,446.47962,108401.818375,11.1715131566,1.0,[M+NH4]+
9129,474.824236667,1606.24425,142290.943365,13.2910933914,10,
9130,475.112583556,381.968226,266587.991422,6.42950077838,10,
11960,578.29182833,244.097208,164905.026671,7.45594085547,1.0,[M+NH4]+
9136,475.238437726,222.975462,511144.060677,1.68854517521,10,
9137,475.249540792,560.720079,1093678.17481,4.86946321575,10,
9138,475.250153136,487.805505,69452.5689089,4.0016139372,10,
9141,475.269102633,58.7516658,1403082.21843,5.39887754553,10,
9143,475.285425265,376.751226,75796.4745865,13.858516597,10,
11732,570.288593705,415.182651,901213.43364,3.11226344233,1.0,[M+H]+
9145,475.290511975,435.249963,5381053.70171,1.76865025838,10,
9146,475.322677208,304.818168,2001475.82498,3.58328141162,10,
9148,475.322224669,411.351294,707103.943726,11.4012222795,10,
9149,475.322624936,247.395996,95692.3407827,6.60396632755,10,
11648,567.360493669,615.36081,386215.615612,2.93601525895,1.0,[M+H]+
9152,475.409543537,1200.26742,11386.5480937,5.92612236059,10,
9153,475.686430314,383.41242,33352.0247801,7.83108628807,10,
9154,475.717005932,286.894122,39860.3940689,14.7347913799,10,
9155,475.749764365,331.376577,123883.279497,7.08251120028,2.0,[M+K]+
9159,476.184714022,37.2917592,2558863.67806,11.1889158153,10,
9160,476.213040377,332.55402,112817.886147,7.55845271405,10,
12717,606.254000867,150.876936,416062.448454,2.02882593884,2.0,[M+K]+
9165,476.249297221,528.586212,63716.1447554,5.02477849396,10,
9166,476.252686163,234.751455,778805.073624,6.58505541663,10,
9168,476.25295667,560.625735,231710.775376,6.40903857745,10,
9169,476.25198302,296.159622,100365.536354,11.3602349259,10,
9172,476.287276537,382.205526,181084.315562,8.75748676374,10,
9177,476.343361567,322.203771,145760.422465,5.8988179,10,
9178,476.366337732,615.20262,33162.7040787,13.5919138538,10,
9179,476.767398717,446.47962,40069.777786,4.28051474791,10,
12401,593.817540961,374.532381,2100946.04025,4.42870833874,1.0,[M+H]+
9181,477.002416863,603.53781,45037.3556769,12.4496808962,10,
9184,477.150113365,221.43885,72336.511579,9.22937297659,10,
9185,477.173586935,362.150406,149965.8389,4.51024807289,10,
9189,477.199985462,279.577008,321860.718455,5.58897108782,10,
9190,477.2189697,329.09133,2850101.56257,5.20660812044,1.0,[M+H]+
9193,477.238234657,59.065299,726755.106133,8.52200014126,10,
9195,477.2694278,615.88836,711777.796517,1.8802725063,10,
9196,477.265412265,570.711363,1561223.2637,7.08497945667,10,
9197,477.269504586,511.608066,54160.5164295,2.66977474556,10,
9198,477.285810798,428.303217,1064250.69499,7.30652263247,10,
10122,511.395544072,427.57824,1470084.90702,7.10666092633,1.0,[M+NH4]+
9202,477.752546186,290.47851,191790.117098,8.54211397368,10,
9203,477.764834658,522.075054,278149.87248,2.27304936659,10,
9204,477.787387842,428.125899,557617.874776,9.62356564547,10,
9205,478.008467091,29.5501896,223432.132181,3.72595338654,10,
8751,462.082699225,591.840045,91871.4152492,9.67749985746,2.0,[M+Na]+
9208,478.129528524,504.985521,83549.1995169,8.62367419691,10,
9212,478.185253382,360.607656,71520.2556254,6.24215914335,10,
9213,478.191067058,254.604903,357566.32483,3.66461736151,10,
9214,478.191012877,132.46752,154820.343134,10.1423076393,10,
9215,478.220449807,588.313794,32976.8956836,13.3957262943,10,
9217,478.219668066,1144.42848,67323.72422,2.85537567359,10,
9219,478.228315593,422.953416,96016.7956329,5.26644912476,10,
9221,478.230443743,107.130252,1100664.86608,4.65031520437,10,
9222,478.272950174,615.90444,175731.351649,2.62400211965,10,
9224,478.268474717,232.039791,328101.807331,8.02430317533,10,
9228,478.281484578,431.150121,524368.041059,2.42228204107,1.0,[M+NH4]+
9229,478.288615308,428.107554,122221.191588,13.747553139,10,
9231,478.762528521,428.818563,1269068.4817,4.08205193433,10,
9232,478.77723707,397.001994,33039.8213675,10.6477889453,10,
9233,478.782589735,430.991466,258320.708617,12.2691260039,10,
9234,478.97384026,590.047917,471904.382882,11.1824787765,10,
9236,479.0616585,545.314536,35005.9423123,9.73535459777,10,
9237,479.069230715,541.344786,14916.18407,12.1543660334,10,
9238,479.114727743,53.9810385,1084597.87552,9.18564099909,10,
9240,479.194478002,254.499492,70263.7006012,1.34016179621,10,
9241,479.220583198,40.4420142,743456.965074,9.83265857528,10,
9242,479.223747204,204.00897,2260850.2993,4.25600548439,10,
9245,479.22869452,557.690691,82945.3418531,11.0828505769,10,
9247,479.260391147,331.866396,272711.657804,2.58710873414,10,
9248,479.264070935,428.638875,662302.826312,4.41906505802,10,
9249,479.266468244,685.67874,10960.8346982,11.1753385203,10,
9250,479.285642007,574.86411,99689.2870651,7.48835685137,10,
9253,479.335341689,482.802324,16798.5792092,6.78835188845,10,
9254,479.394518317,762.37326,249400.903936,7.68472277436,10,
9256,479.741435769,331.848324,108643.505649,13.4276465687,10,
9257,479.75190861,378.091881,180904.846221,7.31779369036,10,
9259,479.780985743,357.776808,146853.002356,7.89243578275,1.0,[M+H]+
9261,480.164639436,504.268956,165406.601022,5.26142498501,10,
9263,480.204958109,560.57511,503012.064147,6.14385861266,2.0,[M+Na]+
9265,480.219585208,396.272982,368595.096029,0.916915218389,10,
9267,480.242679387,522.282681,71792.759724,3.69520597744,10,
9268,480.243418319,297.318006,77604.7393486,8.17015918726,10,
9269,480.271065292,584.78211,61390.1866332,5.41569124814,10,
9270,480.298943057,637.21662,56567.5753518,12.7788939882,10,
9271,480.315662474,720.76704,154348.555333,6.66792777373,10,
11928,577.294027131,681.69996,846710.259068,2.69386473069,1.0,[M+NH4]+
16681,977.539020924,360.174834,1112689.78813,5.6378322215,1.0,[M+NH4]+
9274,480.925143863,1605.28524,3001150.05325,3.39656339708,10,
9275,480.957443094,34.6128489,481433.536115,8.06239593391,10,
9279,481.178120883,287.451432,52601.7417027,12.3526066845,1.0,[M+H]+
9280,481.190455945,1055.42826,44494.6227922,10.6096049264,10,
9282,481.204918562,321.999177,151140.478457,7.39451771224,10,
9283,481.208566818,560.350413,98216.8329946,11.4987646822,10,
9285,481.213371175,336.109398,44758.4130695,9.69294824285,10,
10523,526.282047976,245.879022,53206.2626212,8.44745740187,1.0,[M+NH4]+
9290,481.250236162,340.784454,5005268.14617,3.50743501858,10,
9291,481.260199036,569.467866,179006.994986,7.43327659834,10,
9292,481.298558457,386.804355,1778285.04828,2.6895842249,10,
9293,481.300764284,81.047778,172750.774467,7.94579451873,10,
9294,481.314742666,430.632027,359157.787425,1.33135733103,10,
9295,481.318899169,720.3624,24811.7151925,8.03077377512,10,
9296,481.746213192,306.336321,410532.487813,2.93851586524,10,
9304,482.21351381,394.174911,168227.104107,4.12444121812,10,
9305,482.213678967,507.735261,128247.606472,5.04695390215,1.0,[M+NH4]+
9306,482.216128818,55.9835373,18889613.7297,2.62180337607,10,
10085,510.245165446,592.94505,2723167.15491,4.65771483867,1.0,[M+H]+
9309,482.234876285,111.86214,382841.346652,11.2639947836,10,
9310,482.24583277,261.975213,76786.3742848,11.740254256,10,
9311,482.247190627,349.679538,3666509.27827,1.456968438,10,
9312,482.258586062,656.8968,39159.8413198,7.11660452174,10,
9315,482.283463305,399.086412,87628.6226891,4.36387491167,10,
9318,482.403983616,1033.99146,10202765.9136,2.41872667846,10,
9319,482.748682007,349.638462,1773088.49901,0.73940944994,10,
10788,536.127303682,466.551975,273703.806912,4.38102282355,1.0,[M+NH4]+
13157,624.286887992,462.065037,106821.607845,3.95185738051,1.0,[M+NH4]+
9332,483.184847508,552.610722,105054.072363,3.82458957362,10,
9333,483.184276814,328.718274,72115.5869989,2.65348747356,10,
9335,483.204455146,147.003324,185822.011721,13.1524412152,10,
9336,483.217115669,507.547584,20479.3630532,7.95222104541,10,
9337,483.222567681,401.814,1501939.02196,3.71189998667,10,
9339,483.255230281,228.416172,117085.27222,12.1941126026,10,
9340,483.256896881,441.791184,40130.2570012,13.8000353922,10,
9341,483.25652695,367.228278,350824.303595,5.2506627857,10,
9346,483.310476354,1232.54373,2564502.09053,3.10081869535,10,
9348,483.299992726,291.699996,742373.241749,3.54784246455,10,
9351,483.353137215,647.07186,96461.5072694,1.02588723544,10,
11860,574.687120806,54.256665,329347.51282,4.61485011046,1.0,[M+H]+
9353,483.750793525,349.605774,114565.494061,14.7668450604,10,
9354,483.770845327,437.613252,595388.520229,5.0429861254,1.0,[M+H]+
9355,483.968027079,518.729691,50174.900679,8.19889224772,10,
9358,484.061802311,639.53472,46822.426598,11.7695653134,10,
9362,484.137223079,505.347954,47987.1257993,5.13957442434,10,
9365,484.200844357,146.53836,1018010.37427,3.86368125802,10,
9366,484.202071315,60.866406,549258.991462,5.41318575262,10,
9367,484.218618183,430.712664,37270.9210807,4.98875310953,10,
9368,484.218865404,181.65222,1470275.69957,2.01123762004,10,
9371,484.237770847,126.586293,11729373.5073,3.21821366808,10,
12067,581.315157519,534.362682,243676.565211,5.926728196,1.0,[M+NH4]+
12660,603.369623753,409.046109,3368466.46711,2.89655043091,1.0,[M+H]+
9378,484.311244427,298.111746,693185.231953,4.01418072716,1.0,[M+NH4]+
13984,668.323141516,338.774706,125975.135474,9.6340921171,2.0,[M+K]+
11574,564.303760709,606.70407,277826.154109,5.75254975396,1.0,[M+H]+
9382,484.346928531,841.27908,33672.0212715,11.2353030467,10,
9383,484.357113551,646.94448,15829.618236,7.19665669356,10,
12043,580.789004736,446.120316,91777.3178595,13.6248044315,2.0,[M+Na]+
9385,484.773760565,437.413425,75733.085256,5.03514886258,10,
9386,484.860857918,1606.08306,145007.470352,11.3827521442,10,
9390,485.205305258,498.800835,23145.5909573,9.83957550012,10,
9393,485.234335993,110.059572,751540.428909,3.60876670198,10,
9394,485.231670114,357.497904,27560.174076,7.30712789708,10,
9395,485.235913105,468.197952,196912.031866,11.4465248878,10,
9397,485.271164454,720.66858,23518.2928093,13.4266112777,10,
11643,567.297044794,346.896888,683664.602324,3.98200496754,1.0,[M+H]+
9402,485.31524152,510.512586,43820.9327177,13.5290898708,10,
9403,485.331721387,551.971257,47391.0490083,14.710726574,10,
16667,970.393771195,295.821996,141260.742013,8.96119127653,1.0,[M+H]+
9407,486.066490074,29.0657832,50036.5561516,10.8066210897,10,
9410,486.194866659,228.231114,451546.1364,4.88625986796,10,
9412,486.205622311,504.092334,148413.342589,11.7214526294,10,
9413,486.231217971,249.322686,83733.4060314,14.0386851134,10,
9415,486.238560593,468.036066,30077.475429,1.7846190394,10,
9416,486.250110849,603.47472,23820.1952133,12.0776232342,10,
9417,486.269538653,408.578046,1217162.60285,2.6718769205,2.0,[M+Na]+
9418,486.263380438,504.623205,42303.2708458,10.5254396984,10,
9419,486.253952529,466.269129,37311.3953908,5.85132951006,10,
10371,520.331489689,419.077545,51036718.1433,3.69761712505,1.0,[M+NH4]+
9422,486.289567774,1334.36307,46696.8040901,13.7802674603,10,
9423,486.290212557,214.558092,892419.83942,4.62791042939,10,
11017,544.38057674,500.291391,152266.773737,13.9558652303,1.0,[M+H]+
9425,486.338821239,344.168382,36078.8300347,12.6608098047,10,
9426,486.747112979,374.909034,221639.656791,5.29825012719,10,
9427,486.830509932,1606.24425,427502.859305,6.23186925513,10,
9429,486.962186043,669.93624,41020.042802,11.7917692336,10,
9931,504.039762055,522.44205,480850.502744,2.52206243539,1.0,[M+NH4]+
10895,540.067574021,477.570324,3833224.03046,4.26178001328,1.0,[M+NH4]+
9432,487.03205642,281.977734,70552.5400257,4.27588743853,10,
9434,487.073788842,678.72996,130583.496831,6.28051585244,10,
9436,487.137029355,543.468219,86060.1737765,3.27087709775,10,
9437,487.159401211,34.615902,221661.209294,6.5647914208,10,
9438,487.170102629,813.9921,10144.5879311,13.4894500258,10,
9439,487.177174266,50.8940193,5626314.79853,5.3790568874,10,
9443,487.215260599,287.58057,212986.191441,3.11278950149,10,
9444,487.232035621,257.365872,567462.005567,5.10565171511,10,
9447,487.257214399,404.321583,93106.9046912,9.96759673495,10,
9450,487.316116354,619.73268,125388.712498,10.0670281975,10,
9451,487.331299776,500.282202,36326.383525,10.3983855982,10,
9452,487.330622249,628.03227,31342.456358,6.19244604476,10,
9453,487.359027772,616.10238,26471.1613622,5.20977048674,10,
9454,487.360250755,326.61489,69918.9733217,4.73818830165,10,
9457,487.817514577,619.60854,46456.9306642,14.6417006994,10,
9458,487.919113932,29.0455236,57704.6097154,10.2706601507,10,
10894,540.067378911,421.554669,12022750.4685,5.2811710405,1.0,[M+NH4]+
9463,488.105994649,493.42344,52034.2869635,9.20570778741,10,
9464,488.153279733,30.942969,195031.547405,12.9038737057,10,
9465,488.171337345,521.009364,68536.8236006,13.6318895821,10,
9471,488.20805692,147.003324,121401.952045,10.0270906747,10,
9472,488.221521722,281.642652,265248.194594,4.1435813491,10,
9474,488.224345772,825.13515,23461.9748487,13.4715228185,10,
9476,488.252586597,534.881031,250376.214943,8.38583466614,10,
9477,488.25638689,412.689516,738898.89958,3.60446767068,10,
9478,488.281333069,60.549156,7378941.67908,5.84510142069,10,
9479,488.295334718,373.710093,641952.098571,7.43454190832,10,
9480,488.295148977,353.652648,487707.786223,0.765486203263,10,
9483,488.323832274,819.88314,26686.2146243,10.7311028388,10,
9484,488.318044738,480.446448,153575.123573,8.93444122336,10,
9486,488.730863209,522.207822,25520.3113884,10.6215831659,10,
9489,488.760049162,249.322686,29169.6516951,5.14525065622,10,
9490,488.768108605,270.385218,38541.6789456,13.8066844053,10,
9492,488.977217087,569.02224,122783.394432,9.65374386968,10,
9494,489.016461064,420.99849,513788.301778,6.34207803442,10,
9495,489.027574338,400.846269,367457.986767,2.95563619879,10,
9496,489.059302136,670.11222,57191.3337466,7.89746590254,10,
10267,517.191236067,479.583636,99242.1554081,10.2389850263,1.0,[M+H]+
9500,489.21988968,283.132506,37866.6005075,12.2226990324,10,
9502,489.235764207,44.0223771,278801.800999,8.4163987929,10,
12187,586.249392356,571.764414,1222531.40933,2.51681266993,2.0,[M+K]+
9505,489.244359056,353.323527,4669236.69346,5.00645818113,1.0,[M+NH4]+
9506,489.243172009,837.13446,288776.058644,12.8824084928,10,
9507,489.231254606,286.513344,171712.392103,11.983504815,10,
9508,489.254844318,286.559475,204358.237633,10.197074941,10,
9509,489.25724655,455.130414,127618.168666,8.04857083569,10,
9512,489.276449442,415.876206,106317.440898,11.8293272156,10,
9513,489.275308051,490.141698,50406.10029,9.59498637154,10,
9519,489.288514003,486.862956,47558.6480697,5.29300498817,10,
9520,489.289190052,501.390204,200547.82505,5.51662000167,10,
9521,489.313336581,529.931523,1620315.767,9.27241103349,1.0,[M+NH4]+
9522,489.338161359,414.907296,569233.184542,2.5110142838,10,
12615,601.401558796,566.595819,543758.811457,6.59928720055,2.0,[M+Na]+
14476,700.40510161,321.197829,262511.576274,6.98583154799,1.0,[M+NH4]+
9528,489.778371076,415.746156,47591.7291692,12.0339767142,10,
9529,489.815038696,529.808925,746447.389091,3.96739381753,10,
12411,594.253914122,118.936731,460213.696525,2.55531233998,1.0,[M+NH4]+
9532,490.194135715,49.9302918,2457542.23699,8.02855678981,10,
9534,490.208675931,520.462395,128799.524366,6.81764007876,10,
9535,490.21726829,692.39463,205999.637094,2.43052863068,10,
9536,490.217083774,495.469953,301322.862726,4.92666994397,10,
9538,490.22509874,578.035176,1074399.47793,12.1019717415,10,
9564,490.75908307,279.540876,151051.120452,11.0252210926,10,
9542,490.267998733,427.754427,1044322.51634,6.96588342042,10,
9543,490.274374264,261.295905,1644739.22437,2.32170083932,2.0,[M+K]+
9544,490.26363507,885.97812,14869.5820108,4.48570449482,10,
9545,490.284531065,365.907276,22527.9424212,6.96327800804,10,
9546,490.291900343,768.0444,2504064.60002,10.2336372912,10,
9547,490.291533617,641.89188,33956.3913853,2.31897558514,10,
9551,490.306434124,869.8902,69368.3674889,3.09909080142,10,
9553,490.316368184,529.67844,244215.231834,9.48792985053,10,
9554,490.322468732,452.857764,42400.5907169,2.59666012567,10,
9555,490.321152258,432.232686,188635.35469,4.16733537253,10,
9558,490.343179046,1245.31428,56358.1575802,5.67295383193,10,
9559,490.35882087,323.8689,38725.5736858,6.76392557529,10,
9560,490.366817174,211.842354,70852.831246,9.00146601479,10,
9561,490.409166472,1175.44176,11455.6682735,12.5615887854,10,
9562,490.39121743,1334.5917,53062.4523121,8.47713348647,10,
9565,490.764313841,319.324764,3986375.12225,4.05576404073,10,
9567,490.809703145,358.859526,114678.516961,7.833468216,10,
9570,491.141388769,666.86739,19155.6473206,6.69222956364,10,
9572,491.173513684,561.753447,344172.937716,1.2395509969,10,
9574,491.1763773,183.84369,567615.396767,8.45551850796,10,
13508,640.30726511,439.841373,516452.064188,6.03930853648,1.0,[M+H]+
9580,491.224130671,488.129724,111560.768761,6.03957564992,10,
9581,491.216671823,99.182808,457060.291246,12.2183717426,10,
11997,579.271638582,67.11198,1917390.33985,3.69825802966,1.0,[M+H]+
9583,491.230936275,503.565516,80460.1662842,6.49227758706,10,
11822,573.323536946,195.046125,112272.777928,4.9174325522,1.0,[M+H]+
9587,491.258758304,685.6365,429021.070548,4.9125659532,10,
9588,491.249972516,543.096102,25922.3665049,13.2877991193,10,
9590,491.265208052,319.154199,1128292.52733,5.5952343463,10,
9591,491.285166857,537.608724,852003.611986,3.51139182589,1.0,[M+H]+
9595,491.304652437,313.679886,137957.587125,5.3516318167,10,
9596,491.319303983,403.407414,174852.843318,5.23095847196,10,
12725,606.313955381,550.373025,1882552.49433,12.8662959742,1.0,[M+NH4]+
9598,491.36949163,635.21598,126202.265854,5.05736744357,10,
9599,491.404401649,942.1035,35748.2232724,10.5841659766,10,
9600,491.637667198,54.2522835,1101322.95245,8.16373655347,10,
9601,491.753798801,408.335103,246383.044867,9.1543871284,10,
9603,491.790906059,529.67844,93495.3395568,9.68918327812,10,
9605,492.133853641,740.77308,76052.0383431,8.68642220523,10,
9606,492.182202128,372.218532,35719.9644341,7.22084058214,10,
9608,492.219217205,588.125025,55438.8492056,8.77420214206,10,
9609,492.22157975,553.091817,24358.0663905,9.88906292109,10,
9612,492.234287889,625.3854,31597.22115,6.43626403111,10,
9617,492.27101423,360.471246,336553.52631,10.7234901714,10,
9618,492.268951322,402.799818,896063.94035,6.67265690971,10,
12705,605.367783909,561.228732,170144.877626,8.59075090051,1.0,[M+NH4]+
9621,492.293420788,413.801838,304325.277721,4.58242075561,10,
14592,708.33630163,427.674804,71570.2540079,12.3321101888,2.0,[M+Na]+
9625,492.299784132,701.76648,16844.4115766,14.45263726,10,
9626,492.322551294,895.80159,87440.2498536,12.7437136875,10,
9996,506.397941605,678.91893,195507.942242,5.58916295333,1.0,[M+H]+
9629,492.708861785,453.539808,21101.2153978,13.0601555571,10,
9631,492.770036591,499.548588,22364.3803661,14.2330926667,10,
9634,492.788734441,388.370787,2699308.27066,4.64445466903,10,
9635,492.931567333,1605.92256,936944.09622,3.77603905134,10,
9638,493.155242756,441.834279,126227.870793,4.77259207743,10,
9642,493.230882868,398.490294,20992.4366032,13.8781412777,10,
9643,493.239232094,265.244058,1918799.51174,2.7295660754,1.0,[M+NH4]+
9644,493.247495324,229.41909,69916.6163614,7.59357022744,10,
9645,493.267758995,490.304424,21935.5030438,12.8227703681,10,
9646,493.264481691,321.82305,10358205.0983,11.0811931652,10,
9647,493.27123011,402.866802,137615.531618,9.21571154853,10,
14980,740.359705862,388.473414,95428.8693107,5.1033608567,1.0,[M+NH4]+
9650,493.309912346,357.67584,37850.7502337,13.3030812244,10,
9651,493.347701756,948.20019,188619.218649,3.84095596869,10,
9652,493.411508769,1281.56814,71376.9493778,6.96906214018,10,
9653,493.64916822,594.817482,421586.615462,6.69641297414,10,
9654,493.709763161,297.60789,200742.42067,7.62070804311,10,
9655,493.769494118,270.521712,24407.7755347,13.9828744657,10,
9657,493.791713611,388.370787,422814.937052,5.21811786814,10,
9660,494.120341059,39.3377628,290188.368465,7.93035043885,10,
12752,607.299408075,364.723974,92386.2793196,14.6418111418,1.0,[M+NH4]+
9665,494.23663248,359.17332,256339.084076,3.81075282603,10,
9667,494.242530709,109.141386,180977.985273,14.7644520977,10,
9668,494.24609259,36.8705388,184264.185493,10.9908535218,10,
9669,494.273818492,602.10021,47905.474127,7.06829176076,10,
9670,494.270702689,560.513412,127244.063098,8.22773062615,10,
9671,494.274398102,581.952675,71162.338173,13.5217139069,10,
9672,494.291987399,570.872487,3461749.99831,4.07359313735,10,
9674,494.357780904,487.059132,65018.9498075,6.3091014906,1.0,[M+NH4]+
9675,494.461552782,1418.91756,19716.2007876,1.76295040285,10,
9676,494.652394287,594.666864,36875.4038179,14.306712834,10,
9677,494.75540883,289.353351,164436.69069,10.1643807794,10,
9678,494.763128252,429.197094,300469.787765,4.09286369547,10,
12954,614.841253398,441.21318,1043614.3016,9.74036809741,2.0,[M+Na]+
9680,494.780447322,369.283506,152449.912853,7.54922986461,10,
11888,575.813249369,314.486883,77892.0361745,8.35971729311,1.0,[M+NH4]+
9682,495.076728756,669.93624,30901.0039002,11.5929575466,10,
9685,495.193375488,40.4537328,271955.284804,7.51591793897,10,
9686,495.229485081,281.526117,195678.02068,5.51999477528,10,
9687,495.225935538,398.131296,2685483.48388,3.54905138911,1.0,[M+NH4]+
9688,495.242664451,486.285381,90077.8702759,6.54086086673,10,
9689,495.24292027,438.44169,55308.3378318,14.9698653958,10,
9692,495.282659497,440.585376,45110.911645,9.81187654468,10,
9693,495.295385954,570.80352,714032.598042,3.04585936,10,
9694,495.389023508,603.24324,18910.3130035,6.52747472135,10,
9695,495.730888329,281.288898,86588.6769393,7.47598070032,10,
9696,495.72925168,430.791429,268962.644837,2.3910268551,10,
9697,496.067995645,636.12615,116479.717028,13.7641057777,10,
9699,496.137128725,505.347954,58153.4967822,12.2941268796,10,
9702,496.168722771,560.125962,91465.6632528,5.95694781464,10,
9704,496.202718055,377.614278,62904.9585031,13.8586903943,1.0,[M+NH4]+
9705,496.201725983,336.109398,46995.8124106,6.35140148766,10,
9708,496.229531735,597.62574,422737.835756,6.08247557432,10,
9710,496.283685205,355.824774,126121.46145,11.2172241735,10,
9712,496.311735985,340.160025,15717975.9261,4.03175657315,10,
9713,496.322828822,64.749165,389007.116333,12.1630964386,10,
9714,496.373783872,574.470837,90869.0758401,6.49778007676,10,
13738,653.453556194,681.69996,22204.5393081,12.9448969351,2.0,[M+Na]+
9716,496.419663523,1073.67174,5613712.53037,2.00092351122,10,
9717,496.73653142,309.713799,1712128.06697,6.28201704201,10,
9718,496.74426093,413.738115,154233.523069,9.38838199981,10,
9719,496.773131977,330.789504,64842.9751993,3.56892358519,10,
9720,496.804380872,454.699836,135452.821052,6.29772715618,10,
12905,612.983085837,1605.12651,4698361.27124,7.85873299091,1.0,[M+NH4]+
9723,497.182558317,493.724583,96311.9373069,7.11859029868,10,
9724,497.205196879,280.316748,360418.001616,5.02788616922,10,
9725,497.21622966,49.7229705,317606.245051,13.754129268,10,
9727,497.238286488,309.26514,818968.429775,5.52621466415,10,
9728,497.257979795,221.43885,170603.701232,5.98890341719,10,
9729,497.273001314,386.804355,941388.480119,1.65526093325,10,
9730,497.281764957,58.6083942,10503464.5583,2.56946420271,10,
9732,497.306888025,184.19547,1892191.98057,6.2112482276,10,
9735,497.732033219,229.549287,117687.171385,7.78192680282,10,
9736,497.739487101,385.106979,7540045.92236,4.54899942926,1.0,[M+H]+
9737,497.768171191,299.709201,4490726.44471,5.98285814883,10,
9738,497.874443326,29.294808,72768.3191439,9.82736987055,10,
9739,498.068889126,37.90842,342312.128971,4.25272383777,10,
9741,498.162743358,292.106109,231875.435498,6.7372033816,10,
11775,572.232251161,504.636825,38981.2480848,9.90626735115,1.0,[M+H]+
9744,498.210118699,593.162115,111787.98017,13.0662953772,10,
9745,498.211352394,366.500316,134059.74967,6.00398390757,10,
10137,512.234149506,223.619535,1853227.09537,3.27759242432,1.0,[M+H]+
9748,498.220426256,340.79352,97190.8367525,9.75333618396,10,
9751,498.231904162,259.681308,245572.43421,12.4960355903,10,
9753,498.241080634,385.106979,4352843.51006,2.80525264665,1.0,[M+NH4]+
9756,498.254396226,61.032357,1498155.74036,8.36716654096,10,
9758,498.271875513,611.85246,35774.3316244,1.15504634463,10,
12500,597.341064667,299.733258,149118.983466,5.02803214051,1.0,[M+NH4]+
9760,498.286826083,569.825208,809076.492238,6.38790794831,10,
9763,498.327323408,360.892896,2586336.0284,5.71973671021,10,
9765,498.339208366,384.415728,1253712.27879,4.25642780552,1.0,[M+H]+
9766,498.356727904,1231.62696,196089.077722,5.06741743506,10,
9767,498.362299713,736.8309,32240.4630969,11.728851567,10,
9768,498.400127862,427.57824,874971.056835,4.35682840062,10,
9769,498.400336285,448.620066,1235422.94502,7.06037952667,10,
9771,498.756205645,289.324446,39034.5847052,11.3109677492,10,
10857,538.783459467,298.806312,79020.0782593,8.72377983631,2.0,[M+Na]+
9773,498.780275005,454.689042,34171.1692177,8.8154205901,10,
9774,498.792671707,370.72716,388073.76007,2.34313148787,10,
9776,499.067249749,547.862094,48436.072001,11.8167325389,10,
9778,499.137023677,554.613654,26937.7367253,3.57781648335,10,
9783,499.20229218,203.734608,31903.6441751,9.61256133614,10,
9785,499.247266748,571.12029,738053.931458,4.27612733197,10,
9786,499.24853006,43.1681508,9584785.90927,2.63694428813,10,
9787,499.251351446,616.45848,128006.272287,7.440017567,10,
9789,499.257885273,60.994368,284446.561591,5.52570799972,10,
9790,499.265566561,769.54152,42089.8649395,4.13940248336,10,
9791,499.265087564,590.865486,104281.976175,6.44630410752,10,
9792,499.286130312,229.00566,5896180.79833,2.70934388583,10,
9793,499.28440345,1232.69388,1107817.52981,4.7497592217,10,
9794,499.298283243,62.357286,376030.440995,5.10516685093,10,
9795,499.305041129,1270.22754,32087.7940348,5.1892381225,10,
9799,499.745703804,349.107585,67662.1558887,9.36666322201,10,
9800,499.765691131,255.134781,380650.687918,7.00716878793,10,
9801,499.777904781,529.931523,330125.924026,8.15978191142,10,
9802,499.7837086,383.966214,435032.625938,8.07062350282,10,
9804,500.110900373,505.347954,84684.8978393,5.82520615066,10,
9806,500.152161996,552.235539,61327.0990968,5.75445643859,10,
9807,500.172732474,254.597841,610590.428892,7.10634811325,10,
9808,500.172541304,52.6803492,2145671.78209,2.3470453052,10,
9809,500.16889903,553.091817,270654.963807,4.81186896389,10,
9813,500.230973039,607.99422,91784.840703,2.96053799582,10,
9814,500.233618529,366.953784,34115.9662507,13.8317049645,10,
9816,500.257675146,352.000089,246907.333026,2.98168209276,10,
9817,500.279768777,529.808925,159480.42513,6.50047036219,10,
9818,500.287674244,1232.54373,302112.750706,4.65541039162,10,
9821,500.333242233,421.834038,204757.396166,7.07658355229,10,
14896,731.456750997,594.666864,353287.044393,6.17933832561,2.0,[M+Na]+
9825,500.779475945,529.67844,62184.9987255,8.38753569818,10,
9826,500.834979882,1606.08306,132579.120504,5.1727740363,10,
14090,675.045359368,277.667436,131323.782712,9.89899013937,2.0,[M+K]+
9833,501.142810349,504.268956,675934.491911,2.04521986812,10,
9834,501.171806594,553.191948,43629.9800699,13.5845337324,10,
9835,501.176184184,254.597841,129550.552531,4.09716221213,10,
9836,501.176254074,52.1557035,479027.545034,8.95492150566,10,
9837,501.196009799,182.377998,301627.145885,14.6919423413,10,
9840,501.205937654,204.00897,119476.846106,3.67959096021,10,
9841,501.201445483,439.007058,74314.0138248,13.6041162597,10,
9843,501.235337027,227.196414,175863.363259,5.53562879055,10,
9844,501.232513843,408.933741,48623.7883339,14.3978577044,10,
9846,501.228864678,82.969674,300258.314324,5.69932549148,10,
9847,501.244842224,720.76704,44498.8580104,11.2391667267,10,
9850,501.262693893,552.741378,88409.7318505,10.9841119444,10,
9851,501.267272611,445.306308,49824.8514877,3.29979961068,10,
9853,501.301811942,496.569399,421989.016135,3.40035588417,10,
9855,501.309846793,283.031982,36757.9509218,12.7739773782,10,
9856,501.313068225,116.246853,5524468.87443,0.798870946601,10,
9857,501.326544809,567.610794,43418.4230156,7.41437921419,10,
9859,501.338341225,171.68121,771856.185337,2.06975505399,10,
11850,574.33693512,359.837784,427815.121897,9.25859950091,2.0,[M+K]+
9862,501.736405107,227.377038,83461.627625,10.6200306959,10,
9863,501.758126505,411.179106,350424.277339,10.287359594,10,
13460,637.791959569,251.516706,80292.57957,6.2927291133,1.0,[M+H]+
9865,501.766832802,380.620725,952892.850358,10.7176244115,10,
9867,502.132514862,29.8544418,191311.887681,11.4006473576,10,
9869,502.169261565,31.0007559,320453.840975,2.96544798575,10,
9870,502.205488598,249.131472,38768.8395998,3.37145269044,10,
9873,502.224900899,43.2822669,3301736.81714,8.12064389491,10,
9875,502.228474836,341.157402,6173794.22954,5.78158080178,10,
9877,502.246913582,386.058042,208697.256231,7.718021669,10,
9880,502.259996346,249.673566,120762.14662,11.0460467127,10,
9882,502.260495799,174.72696,809201.137138,5.96369055546,10,
9883,502.298976213,571.793094,34088835.8329,14.6822795552,10,
11617,566.307623747,687.81186,1624378.33152,4.17442278969,1.0,[M+NH4]+
9885,502.304698669,496.186962,99521.7691768,9.19579335319,10,
9886,502.33392446,480.134823,21272.4862672,12.8295966077,10,
9888,502.341402058,172.0269,177229.026244,6.57446102307,10,
9889,502.796815012,490.319079,541615.041608,2.71463731445,10,
9893,503.047958181,678.45708,54357.6138406,10.7528525744,10,
9895,503.110978137,552.556104,1447700.72507,4.52409611383,10,
12916,613.258592308,505.152495,112747.635209,4.81670702194,1.0,[M+H]+
9897,503.18370252,58.5041676,1539482.24406,8.63759904907,10,
9898,503.197460319,97.853796,197188.009766,11.5193186221,10,
13652,649.338251142,267.022062,351937.885337,9.76094192258,1.0,[M+NH4]+
9903,503.217493582,573.819147,302144.772852,5.33375741391,2.0,[M+Na]+
9904,503.225702337,439.841373,52030.7887178,5.22453689555,10,
9905,503.226438104,389.25342,123380.440998,6.31503232201,10,
9907,503.23460116,955.9263,23072.5196942,12.0258827895,10,
12545,599.265728655,258.870843,1702844.67185,4.73062209941,2.0,[M+Na]+
9909,503.244552994,561.374016,27226574.1488,1.92153458365,1.0,[M+NH4]+
9911,503.258771622,886.47366,110455.431867,6.53038815978,10,
9915,503.281434526,386.950476,185163.228924,6.39693768966,10,
9916,503.268387312,407.796546,155611.566463,3.48570832122,10,
11909,576.33784103,428.838966,3720771.23279,2.41460983221,1.0,[M+NH4]+
9919,503.299499536,296.397315,401824.796911,6.98975376245,10,
9920,503.30053045,146.314704,194904.806401,8.43469897421,10,
9922,503.317980994,261.350307,98549.6379717,7.24541312849,10,
9923,503.317572635,331.549017,562413.688476,3.01394522551,10,
9924,503.312369014,1208.0712,47524.2656799,10.2365146528,10,
9926,503.353951837,441.615432,166538.210061,2.58963588034,10,
9927,503.768161602,415.528899,100620.146845,9.80553010683,10,
13188,625.766284806,333.919011,47695.39659,9.80554313086,2.0,[M+K]+
12000,579.276411426,377.111046,204242.99155,8.05984402863,1.0,[M+NH4]+
9938,504.190018506,410.639364,37941.0890165,13.0217525144,10,
12059,581.254010156,234.333726,168419.916924,8.07396994995,1.0,[M+NH4]+
9941,504.22635649,434.017866,1086224.21847,1.84748528269,10,
9944,504.244126935,329.444262,4143422.87418,6.71410627598,1.0,[M+NH4]+
9947,504.268798747,549.985566,23693.6602351,11.6375083504,10,
9949,504.291636674,378.000975,469864.221165,9.43305379836,10,
9952,504.319601843,399.262986,528052.130495,9.13825412504,10,
9954,504.316010299,1207.73994,16977.1605266,11.8373148328,10,
9955,504.336435092,401.702046,1606020.00062,2.59535900357,10,
9958,505.001387038,400.9338,378610.883441,4.35368531678,10,
14026,671.100536736,669.93624,74967.0530948,14.7217190549,2.0,[M+Na]+
9960,505.026488799,400.867674,114137.053523,13.7819959121,10,
9961,505.042803755,522.600141,77504.5074014,7.19392584524,10,
9963,505.207915152,363.045093,49164.9573542,10.7184697613,10,
9964,505.205190047,286.498494,101315.418998,12.4457759593,1.0,[M+H]+
9965,505.222256236,234.003732,76986.1878938,3.75447392926,10,
9966,505.23927228,109.598787,440443.981783,4.84730892284,10,
9971,505.30495819,245.97699,131609.474676,1.87671612193,10,
14038,671.443262355,512.341392,176784.171543,9.41424150163,1.0,[M+NH4]+
9974,505.323087364,349.545468,36547.4635885,5.66897354174,10,
9975,505.333102808,500.473266,122152.23446,12.3278638585,10,
9976,505.333253883,353.496582,113714.2489,10.1361329141,10,
9979,506.185616309,59.2365849,4914401.60458,3.7212724739,10,
9980,506.20896299,296.976138,110244.387367,10.023221105,10,
9981,506.200360416,179.244576,27667.3059483,7.22302710232,10,
9982,506.218483557,600.95799,72644.2833453,4.7373177378,10,
9983,506.232150407,551.422755,218214.697845,9.52312665878,10,
9984,506.234224745,228.36201,60639.3000652,5.07160444753,10,
9987,506.250109901,623.04075,97260.1894965,10.1011355842,10,
9988,506.260923948,578.220495,4815696.90968,2.75661995869,10,
9990,506.259779081,289.104384,11255331.1339,4.98297943473,10,
9991,506.296341141,616.40358,132556.960041,6.16097442717,10,
9992,506.296038889,380.099037,5696500.57819,8.69495264705,1.0,[M+H]+
9994,506.332471029,375.61416,227519.416628,3.48378203546,10,
9997,506.767603413,454.64199,69966.191978,8.08482223172,10,
9998,506.80456141,326.631705,134587.122176,10.3218036109,10,
9999,506.804101451,349.472832,96131.5746446,11.9048648299,10,
10000,506.823636472,639.32757,110240.375876,9.4843010472,10,
10002,507.074322506,639.27492,110426.287839,9.32946454076,10,
10003,507.15184837,35.590398,73991.0020987,11.5565401484,10,
10004,507.178438702,50.1487788,223575.751023,14.3908434268,10,
10951,542.239716491,345.421773,70312.1648916,10.7926370748,1.0,[M+H]+
10009,507.218936952,303.627315,979644.970123,5.2117662427,10,
10010,507.271141949,701.73447,52502.9355898,12.7268075619,10,
13765,655.315918026,239.191269,158392.584389,9.97522098368,2.0,[M+K]+
10014,507.306879449,326.806332,52959.7118738,9.73032383653,10,
10018,507.754740498,280.934466,122682.38661,10.4162113138,10,
10020,508.132097614,401.045487,2960178.42279,5.44510242353,10,
10021,508.169032317,566.027232,111201.309375,4.9021916938,10,
10023,508.216086283,316.205823,179307.07376,13.1980447179,10,
10025,508.251886508,567.699537,36533.1496985,14.1035903526,10,
10026,508.250600466,176.479962,1127507.82816,5.98608399441,10,
10027,508.265823943,337.798524,541759.160286,3.00690960225,10,
10028,508.266020811,289.104384,468507.434282,6.8467053866,10,
10029,508.271215377,569.17608,283009.160388,4.491162754,10,
11183,550.297149821,199.098336,993354.228646,2.20382764719,1.0,[M+H]+
10031,508.275396299,251.627988,1583773.50154,4.3183386575,10,
10032,508.302532656,641.89476,38584.9609659,9.53084494937,10,
13100,621.395206362,417.821589,244533.342544,5.40237395639,1.0,[M+NH4]+
10035,508.314747901,547.526094,39164.77132,5.56959269464,10,
10036,508.324854886,599.27796,512134.265068,5.68271878912,10,
10039,508.769319726,429.492996,90078.9314274,9.13802967492,10,
10040,508.783700976,376.029723,97625.3399228,6.33355951117,10,
10041,508.905551025,1605.92256,1790317.89048,3.38996022905,10,
10044,508.987884027,1605.07659,755766.018234,6.37350878764,10,
10049,509.15928857,51.2101473,3502091.19981,7.42611510965,10,
10051,509.196894458,48.2437794,255614.555462,10.8965674863,10,
10053,509.223764792,303.116004,37726.6841538,7.44845803843,10,
10054,509.231567529,58.5476013,1025860.33766,5.95209581219,1.0,[M+H]+
10055,509.236491099,319.324764,179984.732907,3.71694197383,10,
10058,509.25381499,176.98908,248725.12222,9.1495669848,10,
10060,509.279411599,251.709396,361904.555446,4.38939397728,10,
10062,509.282213684,283.502256,582582.975639,7.19584464453,10,
10063,509.276441939,330.488892,261109.34399,8.1978850139,10,
10065,509.296373192,374.260356,53649.5495983,4.06003569184,10,
10066,509.296069059,357.210156,36492.1530353,11.2722885631,10,
10067,509.288523513,256.395711,68142.3054229,6.20418509197,10,
10068,509.328901905,625.6839,135818.721247,7.58940137651,10,
10069,509.737993279,319.324764,75666.7941759,6.687142825,10,
10071,509.764228683,335.301252,69537.1253831,11.4035224271,10,
10073,509.830354236,625.80615,64902.5565196,8.46477715772,10,
10076,510.098615928,493.724583,145332.562899,6.57583393153,10,
10080,510.162907272,488.722932,27034.3217628,5.93184596413,10,
10081,510.197554706,561.557358,235077.85231,1.39424109919,10,
10082,510.234744778,286.848114,58639.3177639,12.2826798386,10,
10083,510.23140524,222.975462,108978.360313,8.56571354504,10,
10086,510.237124122,475.174473,23400.4270512,12.2100646094,10,
10088,510.254672717,146.534943,1986320.64155,2.57776777635,10,
10090,510.267321698,115.871694,964353.367491,4.04069604081,10,
10091,510.286699305,573.381543,26470592.0395,5.34988581166,1.0,[M+NH4]+
10092,510.281951785,251.709396,41682.8300914,11.4115545821,10,
10093,510.289018347,107.130252,311352.349866,1.18330448813,10,
10094,510.304866411,756.54414,54226.2368796,10.1623608892,10,
10095,510.30391937,613.46826,26428.6848961,6.52952795913,10,
10096,510.302897568,235.375104,229999.071851,9.3238367971,10,
10098,510.7037258,399.086412,34099.0705668,3.1808981377,10,
10100,510.769137637,298.673193,6836361.92004,3.92895257555,10,
10102,511.190096834,479.765697,55776.7794977,10.074471202,10,
10104,511.18772394,551.220348,61744.287623,14.6149978939,10,
10105,511.206729982,282.93168,200012.375177,8.78523501385,10,
10109,511.238974716,218.23761,99291.3345968,12.7090233408,10,
10110,511.258215314,146.707317,499526.236304,6.60926491656,10,
10111,511.239428752,360.174834,4140820.96296,6.84150779157,10,
10112,511.25019719,452.85267,18554.9005236,6.17616634353,10,
10113,511.254576928,485.639142,313629.667282,1.75029329295,10,
10116,511.306945351,658.66815,52056.9152852,9.4313723528,10,
10117,511.307409289,571.793094,622850.425576,10.321216247,10,
10118,511.326398244,537.365463,1265562.72445,3.7247361579,1.0,[M+NH4]+
10119,511.33046701,513.810222,45170.159281,8.11796258049,10,
12788,608.329517155,543.096102,1126878.92363,3.73374367674,1.0,[M+NH4]+
10124,511.708222077,282.831378,79259.9865234,9.44728706918,10,
10127,511.765936462,301.778631,3321528.53451,7.08382348717,10,
10128,511.828067383,537.284445,642102.261609,7.78578556838,10,
10131,512.168973687,464.513442,27446.1736691,11.2736053671,10,
10134,512.193566497,325.762776,124439.578503,12.5877436217,10,
12805,609.286329918,335.725401,704604.18365,6.35719550781,1.0,[M+NH4]+
10140,512.260888167,146.755182,63889.5355828,9.26403286659,10,
10141,512.267419714,301.778631,1707367.94682,5.57437655583,10,
12333,591.319337547,493.724583,297824.097849,2.24531053069,2.0,[M+Na]+
10146,512.3064965,548.889945,66291.5282088,4.92815561225,10,
10148,512.329307344,537.421911,196957.770862,6.53321606284,10,
10149,512.325092823,455.985882,137430.343356,5.63351031948,10,
10151,512.343233747,477.015195,6857919.1719,2.00758406836,1.0,[M+H]+
10153,512.371626506,681.58962,42389.1719257,10.7542935543,10,
10157,512.768644429,301.778631,552106.576357,7.70480161942,10,
10158,512.795667634,415.461954,1232651.36544,2.51719249053,10,
10159,512.830653413,537.365463,45839.6360488,7.37028112498,10,
10161,512.984469965,528.534828,87314.47597,4.60767867729,10,
10162,513.002406896,640.36488,60011.1071925,9.31533233596,10,
10163,513.029401087,31.5350358,125273.839355,13.6642440529,10,
10164,513.155917416,562.314327,1101780.91123,4.54194951991,10,
10165,513.160168955,493.55271,51554.5576177,9.24485531206,10,
10166,513.174422822,58.7653278,1168318.69651,5.4951344297,10,
10167,513.169934486,329.800893,40143.9636492,10.1134936489,10,
10170,513.20899364,195.284709,83955.4576874,11.9805273378,10,
10172,513.233268255,740.65344,12081.9242871,7.70983955701,10,
10178,513.266072817,270.031038,294819.045892,2.51762109773,10,
10179,513.297464779,415.184934,298576.68675,8.69067088152,10,
10187,513.412340397,1226.35653,44381.1191172,14.8625631226,10,
10188,513.418061009,835.28439,87263.1981268,11.3564740061,10,
11605,565.805230914,269.549256,103918.238811,8.60939462193,2.0,[M+Na]+
10191,513.804074213,537.097818,80554.1093346,6.98858589849,10,
10193,514.158818727,562.21848,233295.279348,11.7025193079,10,
10194,514.186850271,566.153478,523478.834652,5.20322817982,2.0,[M+Na]+
10195,514.217293021,446.299209,17897.2154323,14.7578165443,10,
10196,514.227923452,405.742548,472986.409318,7.46620801973,10,
10197,514.250537171,52.9907838,503082.385362,14.8530793509,10,
10200,514.285963892,289.353351,2937549.37821,2.31282647127,10,
10202,514.304697391,222.146472,22899.7149979,11.3805904234,10,
12616,601.409614699,501.743832,94230.9442247,5.86241385909,1.0,[M+NH4]+
10204,514.333659879,308.03688,284286.816062,7.16612372993,10,
10206,514.357510474,794.22606,40470.0921455,12.6109120749,10,
10208,514.774615497,331.178766,57868.6331492,4.37948163034,10,
10211,515.111113289,554.613654,44271.8123618,8.51143906594,10,
10212,515.132726566,552.372426,21757.6421796,12.5577416204,10,
10653,531.142547267,571.551144,5556309.83241,3.76730670883,2.0,[M+K]+
10216,515.190237191,566.014386,104116.050457,6.46823231555,10,
10217,515.192910604,493.55271,47148.2220156,14.4892006981,10,
10218,515.211934705,37.6171056,581061.582323,8.02148494192,10,
10220,515.216811766,99.721344,1057739.52283,10.8291489769,10,
10222,515.22705611,250.113336,1027874.67354,5.5461458403,10,
10224,515.225376505,617.09148,128448.657907,8.0357526634,10,
10226,515.289684094,289.307847,711648.417057,3.05452699626,10,
10227,515.324490732,501.576075,106273.805134,11.4759753239,1.0,[M+NH4]+
10228,515.307043934,294.192132,90525.6449097,7.61709121159,10,
10229,515.346375239,564.225849,44026.9330669,7.51537719939,10,
10230,515.39742458,872.67903,27641.0223809,4.5434635651,10,
15140,753.971528374,599.091309,264604.713089,9.79008960365,2.0,[M+Na]+
10232,515.782721722,364.375929,133493.841941,2.78977081363,10,
10235,516.085076652,504.985521,45874.7261771,10.1250925269,10,
10237,516.142779806,552.934038,469805.646334,3.30000317251,1.0,[M+NH4]+
10238,516.184342859,399.807639,67671.3856522,11.118137827,10,
10240,516.207026361,504.268956,34870.3151467,4.98979817822,10,
10241,516.217567942,54.151944,13130644.8293,6.77811350372,10,
10243,516.227172885,44.3395653,5982322.26257,4.70490748314,10,
10244,516.245360373,431.41293,57848.4119084,4.71816394815,10,
10245,516.242584205,489.086688,90958.0022277,4.46984960783,10,
10246,516.264703552,119.31588,155888.021422,12.4047662757,10,
10247,516.261947244,319.41546,198139.589875,11.632333916,10,
10248,516.274634458,573.946302,96355.7959807,6.45517340656,10,
10250,516.300056437,557.629722,19699.0381552,7.43650211753,10,
10251,516.320791734,322.88139,473649.276153,4.22410740487,10,
10252,516.31280998,192.426966,134223.628022,5.19273172487,10,
10254,516.358058951,670.11222,18047.0321531,13.7064145289,10,
10255,516.595262558,319.836204,190966.17229,6.72224440232,10,
10256,516.713171346,384.764412,50739.0896141,10.5683715864,10,
10257,516.744084969,299.38926,63956.0045907,1.3587861032,10,
10258,516.766963949,271.590336,360501.846809,3.14118043017,10,
10259,516.799347122,333.241896,51210.6144729,9.71839788646,10,
10265,517.150056891,254.597841,240315.903244,7.58603974137,10,
10266,517.191311485,552.394008,527330.32727,4.22939112159,10,
10268,517.206583184,72.462333,1911389.4284,4.65299350128,10,
10269,517.206156488,154.294338,52030.2962787,6.56371381582,10,
10272,517.224433527,568.240335,72094.5396419,12.5354337963,10,
10273,517.23619923,223.27173,71718.0604849,8.45478210207,10,
10274,517.223791283,348.679656,48706.6123324,13.6133334703,10,
10276,517.240827448,445.306308,22506.4724278,13.5534250065,10,
10278,517.275782465,379.227975,3013371.63003,7.6883864855,1.0,[M+NH4]+
10281,517.305407477,347.784021,571941.925217,3.41267337205,10,
10283,517.333747473,321.542022,937616.647144,4.61421417139,10,
10285,517.369413944,387.217038,347241.495557,3.15590042592,10,
10286,517.370049431,835.21818,52473.3927968,7.187981547,10,
10287,517.76597216,371.051502,58528.2835829,6.78971751725,10,
10288,517.830296183,642.18831,97634.0270006,8.42627885834,10,
10289,518.081101254,642.27789,106639.296669,10.5793141078,10,
10294,518.197255069,604.185,24091.1268134,3.84470457221,10,
10297,518.199878311,406.09767,38854.2618446,5.12934512399,10,
10299,518.218308458,613.76016,197341.212989,7.20309376141,10,
10303,518.259718618,523.344204,138979.472753,7.37609945988,10,
10304,518.253878344,418.377924,118924.296484,12.8317453641,10,
10305,518.271710765,285.435366,77241.0112673,9.0582845986,10,
10306,518.280953945,302.60031,809010.060455,4.20969765945,10,
10309,518.307355849,592.501029,123222.81091,10.4547945172,10,
11066,546.331098503,68.627208,305758.449386,12.7146043915,1.0,[M+H]+
10312,518.331913123,642.08733,61121.5706447,13.2845345639,10,
10313,518.327689416,336.908949,352729.747703,2.2037849195,10,
10314,518.328703336,578.551734,201389.484585,12.2497588048,10,
10316,518.403841856,1121.54946,2902599.05295,1.51051404066,10,
10317,518.582702188,642.273,25554.5384235,12.3279282222,10,
10318,518.663018416,578.424522,148737.396729,4.35845261722,10,
10319,518.75389616,417.717552,42268.3236071,9.28722248957,10,
10322,518.817871801,462.607128,136720.438126,13.4304127451,10,
10323,518.827968013,423.994677,189969.920405,5.51657389756,10,
10324,519.097649702,31.800222,576740.47036,5.52292001464,10,
10325,519.115220588,504.268956,60714.3255795,5.76390789517,10,
10326,519.15755974,58.4513937,1139666.90506,10.0728315335,10,
10335,519.247284075,520.858251,57481.1532791,7.83804069108,10,
10336,519.254928161,369.955809,798419.241953,3.59705376606,10,
10337,519.254913078,297.178992,1964904.37478,2.79770159818,10,
10338,519.258686991,236.634432,1176165.17211,10.6619667298,10,
10339,519.284124856,302.60031,177013.091823,4.07907738286,10,
15611,800.380240174,283.741404,93643.7070779,12.3238642501,2.0,[M+Na]+
10341,519.281905702,379.4016,128254.04146,10.4972523799,10,
10772,535.250214387,501.392262,166222.876946,7.71504237923,2.0,[M+K]+
10343,519.276411623,31.8570732,236240.236278,12.4784990996,10,
10345,519.290343248,230.450223,176916.993717,7.97497794404,10,
10348,519.381664656,1232.54373,4257944.03006,6.24958119235,10,
10349,519.377630123,626.46186,32243.7572326,9.46813718498,10,
10352,519.771026446,285.216012,429567.95102,4.99912968861,10,
10353,519.762897922,259.330692,100937.648402,12.4684198618,10,
10356,520.1768117,570.711363,1649248.111,4.46573142704,10,
10357,520.179162477,268.973967,201923.836823,1.83439384276,10,
13940,666.28677331,504.268956,191846.011526,9.12212772247,1.0,[M+NH4]+
10360,520.227839963,249.322686,234526.974113,4.40705519821,10,
13502,640.219816261,270.216492,147917.074391,7.11792474455,2.0,[M+K]+
10362,520.238593674,427.358748,94955.1250695,1.11033679673,10,
10363,520.254382481,456.351,1240876.95501,5.51122449749,10,
10366,520.260222106,281.07213,51751.0657218,4.85985939825,10,
10367,520.278798745,104.20716,3003409.04492,5.41753856413,10,
10368,520.275490212,360.011502,6888434.97439,2.97286000727,10,
14724,718.342437435,423.469965,200152.501673,10.3018672238,2.0,[M+Na]+
10370,520.311724967,183.0699,324350.428967,10.8050154533,10,
10372,520.331254992,367.304406,82716.6228797,12.5397349794,10,
10373,520.348348148,415.252866,200724.937037,8.77609160901,10,
10374,520.36224173,1028.60814,21784.6042848,8.40794581592,10,
10376,520.749842285,270.031038,163729.62522,6.52548022829,10,
10377,520.77589213,1606.40631,53842.2387604,9.10629983401,10,
10378,520.789171057,351.647832,261422.415806,3.97790881552,10,
10379,520.794123674,462.527946,30151.0890918,7.23027760133,10,
10380,520.807588072,444.608721,190745.397493,4.46414623246,10,
10381,520.97526546,400.999926,77507.7837497,6.33591356281,10,
10384,521.212615941,392.973666,56398.8374493,11.6133812514,10,
10386,521.234356601,177.164892,4505901.69461,6.25235840427,10,
10389,521.249722628,430.970619,85993.5520613,11.8141849667,10,
10391,521.264073863,520.485648,59853.427051,9.71402941743,10,
10392,521.26805237,148.043328,104485.537906,4.7368123345,10,
10393,521.273462368,294.603132,38545.9534514,8.26448566036,10,
10395,521.307177508,468.842763,398736.106622,7.24391386045,10,
10396,521.299930576,109.598787,134615.223046,8.40507746752,10,
10397,521.29081817,351.795873,85531.3515858,13.2668086161,10,
10398,521.30729692,418.912374,808979.739803,12.17440875,10,
10402,521.361282069,1327.2321,27892.2715876,7.47471731039,10,
10404,521.388463313,1232.54373,133331.21752,11.2853395723,10,
10405,521.748208249,244.802271,609905.831483,2.98410307415,10,
10406,521.791037354,537.284445,271255.208347,6.9701319816,10,
10407,521.796848132,426.713712,41700.6520476,7.28414176902,10,
10409,522.15457099,531.557556,31051.3095822,10.3309035819,10,
10410,522.213505644,607.99422,75048.5712631,5.39984120658,10,
11593,565.281376727,61.5213,183856.521973,5.08477181299,1.0,[M+NH4]+
10412,522.231704751,183.862716,965629.775346,4.16747721584,10,
10414,522.249981561,244.802271,300307.355748,4.68351663821,10,
10416,522.251257051,640.14654,53293.7996818,4.12259234966,10,
10417,522.252389986,430.889178,21527.2003601,12.310928309,10,
10418,522.237811056,177.848196,1121690.33287,3.3838478099,10,
10420,522.27329137,376.088544,2764776.22174,2.36902367888,10,
10421,522.27148268,229.060716,56299.0191376,6.52186886062,10,
10422,522.286439634,579.217614,3375262.46319,2.91276625225,10,
10423,522.284163502,338.814219,249861.19501,6.4082055107,10,
10424,522.29267185,537.227997,130138.95481,5.41892270969,10,
10425,522.290577469,294.25914,492648.826833,3.74182699776,10,
10426,522.310192438,468.842883,97456.6783712,14.4310575038,10,
13786,656.432297029,368.904753,1340517.76094,3.02717812832,1.0,[M+NH4]+
10429,522.751037758,244.625961,84256.2951775,11.8673390326,10,
10430,522.756637201,301.877565,182812.488561,11.5482060349,10,
10431,522.792755517,537.097818,56274.3943349,9.02436209339,10,
10432,522.909886934,1604.8092,470471.909369,7.83514113321,10,
10433,522.917529637,669.84084,19795.5529265,13.7318369919,10,
10434,523.000074424,603.45621,453851.887813,3.51198071704,10,
10438,523.240182941,177.164892,176507.079046,4.60862274784,10,
10440,523.261301759,308.728797,481666.576571,11.5249315605,10,
10442,523.272974194,503.035578,40169.9820601,14.8884903252,10,
10443,523.283963379,238.23123,68012.5830925,14.4000972817,10,
10444,523.294902721,294.354441,119337.558645,5.45455231816,10,
10445,523.290515773,520.485648,1372866.5979,1.11793244904,10,
10446,523.30694934,659.01414,486410.117111,3.45501334574,10,
10456,524.165522222,397.18767,22527.4202964,14.7272278712,10,
10457,524.194546175,418.705932,189217.255898,9.52373147617,10,
13134,623.274036048,341.462022,176718.737115,8.74591999405,1.0,[M+NH4]+
10461,524.23969699,409.570137,148473.343429,1.15023365466,10,
10464,524.260946742,678.45708,16601697.9108,4.09404582284,10,
10465,524.260872001,516.636363,1268108.68162,6.13221233665,1.0,[M+NH4]+
10467,524.268634634,537.227997,45153.2567852,11.1619276971,10,
13060,619.343435139,372.438885,6881251.431,8.14586199659,1.0,[M+H]+
10470,524.26995274,178.94796,287532.918664,11.5129544207,1.0,[M+H]+
10471,524.283165145,629.30646,64333.7648803,9.90877784067,10,
12678,604.294918522,640.49598,66247.3497432,3.1396225154,2.0,[M+K]+
10476,524.341805821,726.51711,228853.769121,9.09404864236,10,
10477,524.741178087,409.506537,83606.3734504,11.3208777887,10,
10478,524.879427983,1605.92256,1513403.08337,3.14343138307,10,
10479,524.962523007,1605.07659,599586.878776,4.18923006535,10,
12821,610.109309602,556.253127,26236695.0263,2.82001120398,1.0,[M+NH4]+
10485,525.209357239,291.949317,232801.235339,3.07784845285,10,
10486,525.211356615,327.334518,64193.0668391,8.07800612444,10,
10487,525.207621578,389.320914,25373.893895,7.99159558704,10,
10489,525.228496744,220.971534,64775.3588578,10.3006022965,10,
10490,525.243266686,282.93168,433647.299273,10.0382722569,10,
10492,525.237353791,314.328486,38337.4652544,12.0605250146,10,
10495,525.273397335,179.244576,43546.6825356,7.30597036677,10,
12612,601.365476938,246.056895,2737631.89066,1.71119687686,1.0,[M+NH4]+
10497,525.282128346,547.366584,18968.9497118,6.5257219921,10,
10501,525.375084104,1152.81846,2669710.30884,1.1002887959,10,
10503,525.775886014,280.097802,116063.309177,14.3327760415,10,
10504,525.777990335,246.220455,90132.6506153,7.63881255533,10,
10505,525.805195778,344.216703,1269544.82362,8.32012688898,10,
10507,526.035389066,471.70257,223594.245197,10.2678747087,10,
10508,526.046158932,488.687079,26834.17734,10.978468148,10,
13486,639.271583085,277.686225,195353.710229,12.4420016044,1.0,[M+NH4]+
10512,526.177703834,389.884542,19644.5349172,13.6771429856,10,
10513,526.189534663,615.88836,38811.9660198,7.71708115047,10,
10514,526.188406921,72.146466,1463334.47663,3.95710006966,10,
10515,526.208626574,286.623879,49872.2892262,13.5984651361,10,
10516,526.208344372,534.86922,23086.5855908,6.88720842324,10,
10519,526.248251669,282.784506,133190.760914,4.32267736647,10,
10520,526.251696935,322.371396,754272.107548,5.16508563537,10,
10522,526.286023196,100.505913,3085050.67477,8.34139052879,1.0,[M+NH4]+
10525,526.29354092,573.783864,131676.142953,11.2145508284,10,
13888,663.27901596,349.911753,91903.8151138,4.44063090236,2.0,[M+Na]+
10528,526.306304566,344.216703,617144.877573,11.2473216412,10,
10530,526.321968695,495.289641,78178.9973578,11.3731076953,10,
10531,526.357466965,550.373025,2136961.4808,11.9035171132,10,
10532,526.357420953,765.46428,34598.2342287,13.750820552,10,
10533,526.430268497,1033.25214,8142269.74717,2.76752682801,10,
10534,526.431645878,448.690188,19887.0821832,11.5432658571,10,
10535,526.493249171,1292.4459,18342.3670189,8.29671978593,10,
10537,526.808142604,344.216703,200555.348064,8.13301729165,10,
10538,526.833276246,515.886297,70271.8734279,8.79063293651,10,
10539,526.961783666,1604.96814,129197.301302,6.14920869948,10,
10540,527.111268218,531.41556,92467.6880625,6.19532379714,10,
10543,527.157189135,39.2868174,1782596.56535,3.51136178268,10,
10544,527.168742514,607.99422,67437.8382211,6.38200904434,10,
10545,527.163822903,479.765697,53789.0688491,11.9243496381,10,
10547,527.182967846,106.069221,88681.4804719,12.2463033921,10,
10548,527.200884147,353.336916,86000.2331136,14.1521188076,10,
10549,527.231916618,383.706288,197319.1411,7.91164721652,10,
10553,527.254770539,46.98492,4773473.89648,2.75900520734,10,
10557,527.301409822,570.248835,129849.043223,10.4303066535,10,
13990,668.432151293,414.216981,1228155.64835,1.51871881501,1.0,[M+NH4]+
10561,527.354072389,258.978558,938977.389602,5.82240912284,10,
10562,527.390343941,403.20327,91761.6865131,8.67089559318,10,
10563,527.659816453,533.131893,67829.1688664,5.5763707875,10,
10564,527.7682961,369.498903,139695.057663,9.56385544603,10,
10565,528.064265642,503.923704,21378.9683308,2.49639090135,10,
10566,528.122235986,550.446468,33397.1923075,14.7626932743,10,
10569,528.223943278,402.255609,1022720.0738,4.55578234229,10,
10571,528.231914631,60.866406,296236.075986,7.19660618778,10,
10573,528.255226698,249.139233,43288.1627984,14.2667246367,10,
10574,528.240306664,72.146466,2323307.11609,6.38520850678,10,
10578,528.276459653,267.14862,50014.4726274,13.2601277423,10,
10581,528.301918536,258.170028,508214.180172,8.70074335283,1.0,[M+H]+
10582,528.305298503,311.939082,53638.1989242,6.49383484127,10,
10584,528.30928494,503.18391,91873.9450944,9.65894338452,10,
10585,528.317027088,476.280195,1167136.60712,1.36943787248,10,
10587,528.349456576,567.610794,143999.346749,7.98532399778,10,
10590,528.357401876,258.778488,235384.055128,6.1093795975,10,
10591,528.367101037,92.725092,241038.468881,9.04667049377,10,
10592,528.364372367,408.295542,96320.0792534,4.36751982226,10,
10594,528.774185194,318.050793,345723.335216,12.1751642986,10,
10595,528.780713512,462.607128,66251.2580026,14.1537139385,10,
10596,528.83700325,645.15636,101343.42203,8.27911949173,10,
10597,529.087649943,645.22956,122978.804093,6.08268061359,10,
10598,529.158061755,520.462395,56174.2578222,14.8655056829,1.0,[M+H]+
11026,545.222590975,575.748489,10493512.5441,3.92305854877,2.0,[M+K]+
12744,607.286238407,489.408075,244295.900743,4.01325063149,1.0,[M+NH4]+
10603,529.24003011,717.82992,57974.0517996,5.2695055947,10,
10609,529.297474959,349.679538,210165.149336,7.57538355657,10,
10610,529.322222906,448.055178,34569.0050736,7.59394623256,10,
10612,529.323537204,308.222382,68902.9671007,4.30593959151,10,
10613,529.333067529,418.254405,4986292.72902,2.4724491537,1.0,[M+H]+
10614,529.333264242,516.811023,2948421.23411,5.22099738986,1.0,[M+H]+
10617,529.369852739,313.797378,83330.9050098,9.60393680979,10,
10618,529.376280339,542.827911,89851.6891564,7.68875752002,10,
10620,529.589262351,645.32013,31222.4895439,13.5855697724,10,
9235,478.999939239,603.47256,18235.1699388,7.74859173784,1.0,[M+NH4]+
10624,530.221023088,271.693809,58681.4909825,7.62668452111,10,
10625,530.219147001,63.973833,683152.342659,6.15362892252,10,
10626,530.212476428,397.39707,78752.9370295,10.2626068679,10,
10627,530.23613775,418.254405,670296.418531,5.20319625687,10,
10628,530.233710058,371.027184,80239.503016,14.0392552126,10,
12825,610.258217613,359.340819,461369.406714,5.26399078697,2.0,[M+Na]+
13714,652.328254997,338.774706,122040.732864,7.75998427602,2.0,[M+K]+
10632,530.263467244,819.48726,22707.2386616,13.584916906,10,
10636,530.292168326,177.164892,7067380.16648,6.69110502121,10,
10640,530.332842041,520.115709,1084758.23569,2.55072074275,10,
15005,742.407617649,361.30116,524183.911035,3.79589858683,1.0,[M+H]+
10644,530.740312724,302.009874,60625.2344418,10.0322472754,10,
10645,530.754999901,288.373074,468175.994305,7.1380516885,10,
10646,530.773702076,343.840584,197197.980831,9.83269744959,10,
10647,530.787383494,424.71468,54195.2532327,5.90700132521,10,
10648,530.788144688,323.709837,232844.939937,6.6244081031,10,
10649,530.806479156,443.44218,60089.4709018,12.6201215885,10,
10651,531.027435998,493.724583,136985.737607,1.70764757789,10,
14411,697.23640772,493.717743,90798.9469726,1.5330044246,2.0,[M+Na]+
10655,531.185388112,562.198269,581375.133291,3.39978892167,10,
10657,531.215934477,572.913246,1345338.96333,7.15486198418,10,
10660,531.238516792,43.492911,1588986.6494,8.48659352767,10,
10661,531.259712283,573.716019,136840.960654,10.989720637,10,
11128,548.302492807,633.96879,5014969.78623,2.46326714909,1.0,[M+NH4]+
10663,531.284495525,306.443502,91271.0874607,8.45959200463,10,
10664,531.291426047,427.772211,9903316.04519,6.00119848056,1.0,[M+H]+
10666,531.287419562,45.8047998,11012842.372,1.33370745904,10,
10667,531.295435239,177.498198,1667382.67321,6.60430923804,10,
10668,531.312625809,550.196883,190834.194581,13.1487329905,10,
13966,667.242479465,93.925785,80823.8978005,14.869848862,2.0,[M+K]+
10673,531.341823455,631.40157,120042.224573,9.53211702192,10,
11554,563.316559197,364.045563,99078.611691,8.581238057,1.0,[M+H]+
10676,531.749949241,434.362749,66574.1345847,13.2545205324,10,
10679,532.116371649,552.665385,251410.467798,2.70245379261,10,
10680,532.195380888,54.356763,21186501.8929,3.07928974076,10,
10681,532.196343566,566.578584,48042.6356242,14.8555257436,10,
10682,532.222161906,44.5488837,8702280.00147,3.95843526099,10,
10687,532.27936953,197.0397,523962.340342,2.08691837068,10,
10691,532.312004758,463.57251,5952118.44845,4.33676751729,10,
10692,532.323224507,432.79653,6012232.56122,1.6580058978,10,
10693,532.339060218,519.633561,50167.3399062,11.347182355,10,
10694,532.350176579,893.36247,131214.058973,3.89987905459,10,
10695,532.368053063,530.328474,278377.847889,3.04072590395,10,
10696,532.373654349,1245.21072,78375.4745382,13.1975709029,10,
10697,532.727631699,318.134892,31282.9330823,8.30511588549,10,
10698,532.740339276,244.536744,51928.5877558,1.87241780426,10,
10699,532.771051131,347.895129,330855.068838,5.05661407692,10,
10700,532.877056639,35.0445348,111209.438747,11.2116176909,10,
10703,533.003508274,583.016361,190251.990087,14.9561347168,10,
10704,533.090694296,504.268956,55694.2525128,4.69691374753,10,
10706,533.169004141,520.462395,285954.502681,10.5850194191,10,
10708,533.208502851,224.388342,49258.0770953,7.03163954868,10,
10713,533.237731023,158.883828,399880.521525,5.22107575592,10,
10714,533.253310755,256.746777,33287.1520851,9.76518400074,10,
10715,533.273981297,133.475142,1273032.562,6.20513781327,10,
10716,533.271500657,716.49624,27854.2769701,4.83385091449,10,
10718,533.279051272,362.978775,72779.6700073,14.7484968525,10,
10719,533.288699973,576.748164,1068472.20011,6.17786599495,10,
10721,533.292178784,31.8530448,292213.182448,10.525352478,10,
10722,533.300215454,227.054325,100914.149476,6.78086099358,10,
10723,533.310894456,340.190532,57790.242554,9.00578591428,10,
10727,533.339718802,544.578978,1141783.61135,4.34140251918,1.0,[M+NH4]+
12366,592.370996056,835.21818,339264.440848,10.008601431,1.0,[M+NH4]+
10729,533.841131344,544.578978,621101.939436,4.92551052066,10,
10731,534.113881441,552.583413,55894.9830936,12.2706436857,10,
10732,534.157237734,57.809301,228638.821558,11.5646437793,10,
10737,534.212925011,623.5473,3812297.84099,4.15654629044,10,
10738,534.212911392,610.85139,3644134.02953,2.3346130076,10,
10739,534.216731208,101.136099,6821915.18015,7.82148822604,1.0,[M+NH4]+
10743,534.229639024,280.097802,363736.285362,4.07268920365,10,
10745,534.25345457,870.68808,1277177.52906,5.99244565686,1.0,[M+NH4]+
10746,534.2534242,810.41808,105066.957104,11.0218009282,1.0,[M+NH4]+
10747,534.258129398,76.32606,106880.605054,12.8154188203,10,
10749,534.26591005,273.438618,1688435.66011,6.09586224471,10,
10752,534.294956361,290.75739,134422.803123,8.07918255642,10,
11849,574.305172922,463.981452,81044.1989114,9.07125509287,2.0,[M+Na]+
10755,534.343015736,544.456695,197885.740663,7.48411365564,10,
10756,534.346724695,835.11792,15173.4606665,10.7930594455,10,
10757,534.714536512,313.467486,99346.8106982,14.665828985,10,
10758,534.763411658,352.29327,910887.803785,5.14085046408,10,
10759,534.792345841,366.471438,44928.3831609,14.2395108274,10,
10763,535.176588333,52.456917,312294.638284,9.47150701174,10,
14212,683.323538745,552.610722,53585.0233053,2.52765476198,1.0,[M+NH4]+
10770,535.256392439,810.05376,17939.2102299,14.4306037512,10,
10775,535.307083052,659.11602,1252710.272,11.7151969775,10,
10776,535.304695275,490.472448,51346.9074532,7.49326140645,10,
10779,535.32297334,872.2167,24291.9332797,7.65151686999,10,
10781,535.328605533,477.199317,168361.367228,4.52859630374,10,
10782,535.805822694,490.669797,32251.4104835,8.36461973997,10,
10783,535.817211318,544.209846,71415.9033205,7.0010306728,10,
10784,535.816673089,384.06366,50752.0245506,14.6782432586,10,
10786,536.10883363,639.79578,353539.284,4.75085750824,10,
10787,536.125303028,493.724583,36463.0867882,10.9754737976,10,
10789,536.140210321,562.652862,422600.853085,5.4404848728,10,
10793,536.243915826,254.597841,271108.834032,2.29377567469,10,
10794,536.245300279,211.927536,379110.664622,4.38636381495,10,
10798,536.270202138,218.6646,69555.4049384,10.6114759941,10,
10800,536.283042757,420.247215,393507.912591,8.86056487797,10,
10802,536.28390329,360.814848,336645.593799,3.90507609765,10,
10803,536.269111117,860.35362,86515.3820703,1.49752918689,10,
10805,536.306560315,319.160136,2973014.18231,3.69942724804,10,
13105,621.849175238,392.444235,390455.13109,8.54685709371,1.0,[M+NH4]+
10808,536.753680849,242.264178,64866.7442336,5.86966247682,10,
10814,537.196151232,560.625735,184674.711309,1.84787752675,10,
10818,537.244008839,452.85267,38742.0525858,5.50554679108,10,
10819,537.2648918,262.569492,409657.442388,3.1778338442,10,
10820,537.262333897,393.425916,135124.655345,8.19045761592,10,
10821,537.268563624,82.969674,1553891.92322,7.2558181219,10,
10822,537.265437897,307.21626,54321.1104425,11.0973300235,10,
10824,537.284028487,365.21415,713519.250939,2.97774017066,10,
10828,537.393445022,1407.2379,29892.6124743,0.934773158259,10,
10829,537.534403592,1358.15664,2854134.97317,2.90949817333,10,
10830,537.67550253,607.61616,528786.934468,9.55723893591,10,
14315,690.806035698,283.771992,74355.3175356,14.6181509001,1.0,[M+NH4]+
10833,538.010087949,607.68906,447249.614932,12.5576156135,10,
10835,538.129511904,493.34946,32467.6578593,5.40679586289,10,
10837,538.188880143,504.616458,27857.7018567,10.6219867581,10,
10839,538.226451209,339.826902,210755.43191,9.59527848847,10,
10840,538.233579415,354.10227,63127.8026621,10.245990512,10,
10841,538.235170229,223.5621,65555.3082275,5.55519124852,10,
10842,538.245281664,552.960972,79540.4159282,10.512976364,10,
10843,538.239519678,513.069336,22786.3371452,9.99969531094,10,
10844,538.249616318,295.138866,1232207.54913,0.611111256832,10,
10847,538.26851712,262.920492,123462.870662,8.59068292076,10,
10849,538.285419142,232.039791,44646.648074,13.0725434034,10,
10852,538.318006398,633.71334,137842.893441,7.83057733054,10,
10853,538.336563458,31.8570732,446277.340197,7.77313720788,10,
10854,538.343995932,607.68906,199192.858615,7.84621728797,10,
10855,538.353504993,490.867137,25947.2653636,5.88819769244,10,
10858,538.88279559,1604.65095,297058.938987,12.443822982,10,
10860,539.147727771,606.801,108754.028095,9.86130609713,10,
10863,539.168215221,625.03605,2895408.77789,2.81054602223,10,
10864,539.19679483,367.895187,96180.1362277,9.815157657,10,
10865,539.194734585,43.8052845,4177024.96294,9.16690306625,10,
10867,539.208615782,870.75768,173381.318778,4.27862126526,10,
10868,539.223286062,371.968713,35632.2141784,5.48825042564,10,
10870,539.218981616,602.40684,16603.6759524,14.0252464402,10,
10871,539.226858191,263.165715,425784.845682,2.58906711943,10,
10872,539.244780119,291.264246,632672.805622,4.21945012887,10,
2376,280.128423467,158.375196,4409620.66803,2.14697757566,2.0,[M+Na]+
10874,539.245211669,481.677324,231874.722025,3.71595644513,10,
10875,539.258143534,496.204959,72998.4563307,9.40161386384,10,
10877,539.246192239,257.817018,95511.0068688,4.75676164352,10,
10878,539.26578509,337.759953,118711.424112,4.0073573896,1.0,[M+NH4]+
10882,539.299482731,247.042362,26290.1529009,6.31816315905,10,
10883,539.317436827,296.906565,2501405.11481,3.91594299882,10,
10884,539.338228318,681.69996,1633247.05192,3.55028842283,10,
10886,539.357301435,546.241617,25566.734756,6.33612391337,10,
10887,539.367404118,563.41905,28527.6931834,14.5408642143,10,
10888,539.385144876,1176.17094,11300.4021821,4.2530068113,10,
10889,539.550124409,1010.55636,19192.1732301,13.0826996987,10,
10891,539.759447394,232.963596,236736.598551,13.9439001533,10,
10892,539.802836002,302.788791,488140.48298,4.74681364433,10,
10893,539.84355348,647.8977,108324.817542,7.2131490203,10,
10896,540.094171558,648.07995,112649.346665,7.08831657574,10,
10897,540.137370989,561.608043,545710.603727,8.83990678297,10,
10898,540.181218226,590.685708,49058.3129489,8.57208186897,1.0,[M+H]+
10901,540.192835229,328.739892,103689.613137,5.22721660421,10,
10902,540.204204531,249.155364,648581.408933,1.61096891908,10,
10903,540.211992057,870.51294,38284.3433692,3.514390289,10,
10906,540.244681151,434.535375,132930.49376,7.40645623026,10,
10907,540.248560144,481.572363,42332.2618801,7.37138942901,10,
10910,540.257066739,687.12624,61099.3978574,5.07366340077,10,
10913,540.300044731,568.165182,25741.47315,10.5487303739,10,
10915,540.333554687,659.04921,1553107.59653,3.59408653293,2.0,[M+Na]+
10916,540.329117475,470.121699,241515.552307,5.9854200404,10,
10917,540.33795858,385.792863,3422862.13692,11.9854263597,10,
14614,709.443732068,589.865832,474492.575862,4.92138864978,2.0,[M+K]+
10920,540.595815446,647.8977,31283.7565033,7.76134203853,10,
10921,540.810370532,345.591147,441633.633599,5.36593177715,10,
10924,540.936683758,1605.12651,214108.633417,13.3901460406,10,
13231,628.153295543,639.70893,300233.400527,5.13229199194,1.0,[M+NH4]+
10928,541.12370322,589.351914,34465.7077509,11.1733842008,10,
10929,541.12670892,573.407844,1312860.81557,5.34209598209,10,
10930,541.152306552,126.797022,716043.263852,6.12008801428,10,
10931,541.207759167,249.401016,153147.427151,7.04345686434,10,
10936,541.280992014,437.757,24572.5760419,5.06000140597,10,
10939,541.312037651,648.2265,17782.4281297,8.07418587863,10,
12704,605.354698582,469.938387,75500.7113155,4.2425081471,1.0,[M+NH4]+
10941,541.333177757,317.714202,5808023.99988,4.38312562791,2.0,[M+K]+
10945,541.812588416,362.949552,120450.136753,12.2566256676,10,
10948,542.200723433,329.465262,106601.124542,5.70528478839,10,
10949,542.236419798,456.351,51380.6923324,10.2748404725,10,
10955,542.317218314,279.920739,178632.990968,7.9499686643,10,
10956,542.322662368,524.523375,40533.0139278,5.06862678516,10,
10957,542.314479322,362.771304,72130.1457334,6.37654080978,10,
10958,542.317150961,495.497328,212763.599743,2.14088607775,10,
10963,542.36468231,297.959601,146406.704148,10.4986979355,10,
12951,614.393123828,512.162424,64864.3655808,6.44089990087,1.0,[M+H]+
10966,542.669558082,537.736092,48713.2430792,5.85685324368,10,
10967,542.789748549,346.567707,15307084.9305,4.50694395849,10,
10969,543.084986985,531.41556,45719.8083248,3.57221043031,10,
10970,543.105496748,494.791326,102760.721002,5.45350635612,10,
10972,543.131143779,39.1914846,716710.809057,4.89257961072,10,
10973,543.142146214,608.02296,101733.48578,7.86630306237,10,
10974,543.163788503,577.297614,659288.442032,3.46252516021,10,
10976,543.198299408,354.530961,91280.5541527,12.1061193454,10,
10977,543.204793141,634.87845,159525.079087,9.18349797602,10,
10978,543.217759493,136.182528,939526.243646,4.96747692031,10,
10979,543.233179494,607.99422,184153.750412,3.54777140677,10,
12629,602.313564103,291.949317,97439.7784971,7.34027914406,1.0,[M+NH4]+
10982,543.278766436,403.638483,151986.88943,7.20919485348,10,
10983,543.291173301,346.567707,8328376.73713,3.19367721781,10,
10986,543.323988924,224.719785,2441807.47311,4.41362665679,10,
10987,543.348609029,565.725669,1115382.48653,1.44872492836,10,
10988,543.338959056,318.053712,221152.506126,11.5472831051,10,
12583,600.406512621,501.390204,318195.201168,7.13677857369,1.0,[M+NH4]+
13264,629.766647716,241.83183,226390.476076,4.55108648458,2.0,[M+Na]+
10992,543.754225825,379.203759,326842.882215,4.0892865046,10,
10993,543.790636273,412.402581,342420.053806,4.60715836275,10,
10994,543.792381975,346.567707,2706558.58877,5.19977129634,10,
10995,543.804037413,544.209846,255285.819844,5.69302527048,10,
10997,544.199725462,269.092812,122054.296909,10.4394969097,10,
11000,544.249477335,360.814848,159218.866758,11.1670707416,10,
11002,544.260816252,419.034426,315809.115099,6.77909036509,10,
11004,544.276883934,310.724631,305341.019596,10.7169313355,1.0,[M+NH4]+
11006,544.293552711,681.72219,850985.248324,1.69240835538,10,
11007,544.29653595,444.663123,506035.773558,8.77668906406,10,
11008,544.29486747,286.051557,127581.755405,11.8957773217,10,
11010,544.305861129,544.318527,126276.630084,5.36435437715,10,
11011,544.328515757,570.376236,404163.431076,4.27858224597,10,
11012,544.327024324,224.685975,585889.156797,1.73577340196,10,
11013,544.33278027,354.358773,7657944.81784,1.96376711941,10,
11793,572.338877152,423.051372,69729.9696646,6.98325520283,1.0,[M+H]+
15956,840.385795075,412.864761,101377.375697,7.63163049967,2.0,[M+K]+
11018,544.652131091,607.4271,58820.1916884,11.2667086779,10,
11020,544.763002509,311.939082,432006.35156,9.83353529916,10,
11022,544.806071525,544.209846,52320.4406245,9.21268987541,10,
11023,545.022598363,419.907795,1852163.31732,5.93370996408,2.0,[M+Na]+
11025,545.21176494,59.490723,1762266.12845,6.21169526135,10,
11028,545.224990961,377.026011,428197.827628,7.88461429805,10,
11030,545.274505405,233.145393,209183.383034,6.534938849,10,
11031,545.271217787,726.77877,75791.8788784,4.12736171268,10,
11032,545.273976296,90.436068,27383.7804801,10.8309548799,10,
11035,545.288947916,659.04921,475050.026926,4.50450468814,10,
11036,545.289901902,361.30116,41393.7119038,6.53447144853,10,
11037,545.31090218,204.549849,202243.148597,4.72415902833,10,
11039,545.302706314,47.6077872,158524.458618,6.02887984678,10,
11040,545.327984338,68.788644,1290193.62795,5.15028844704,10,
11044,545.363990195,249.052575,231530.869384,3.92808699226,10,
11045,545.375704318,845.51922,34314.728085,9.3458275867,10,
11046,545.383655009,627.9975,40568.2544342,5.41001014083,10,
11048,545.804248075,447.183087,125389.702002,13.9482048926,10,
11049,545.815293308,473.032068,1791823.00537,5.20984539209,10,
11050,545.876956609,845.56533,16002.6412025,9.36310974081,10,
11051,545.968174092,476.7672,63198.1150911,8.7787472438,10,
11052,546.023580635,420.078489,542424.143783,6.43756914092,10,
11056,546.226159215,376.690284,79800.1868669,4.12478905838,10,
11057,546.238095129,51.7366584,79794823.2764,4.0017942316,10,
11058,546.242819058,678.45708,947753.337193,6.30150123299,10,
11060,546.263386762,606.9366,3665127.28086,6.57509497495,10,
11061,546.273430131,473.386386,1669310.48661,0.664112570131,1.0,[M+NH4]+
11063,546.287021339,83.638182,3472917.5381,3.32898821525,10,
11065,546.305214213,534.548718,35762.9414584,10.6764299182,10,
11067,546.331435749,246.234774,569882.999938,5.05967467618,1.0,[M+H]+
11068,546.330936023,87.796878,33305.9326224,7.38534478174,10,
11069,546.331181578,335.756898,114095.636496,7.79524623192,10,
11070,546.337247725,477.940509,47498.9191891,13.6574371475,10,
11072,546.342688749,300.667332,303980.048522,6.77906461037,10,
11074,546.726502911,376.812168,23395.6268235,10.0943341022,10,
11075,546.743100536,294.510732,445622.716072,6.87229851807,10,
11076,546.755749617,264.787911,321894.723125,4.77296367125,10,
11078,546.796119126,361.239963,122119.386777,13.5843962163,10,
11079,546.954236175,1605.28524,6348266.31098,7.44923209691,10,
11080,547.086008756,678.45708,32433.8818285,9.60469465083,10,
11081,547.130460784,544.713162,29059.8676134,7.46531326202,10,
11083,547.183484842,43.8052845,3297445.67276,11.1065555109,10,
11084,547.224030186,282.582558,45210.8299537,11.2918060202,10,
11087,547.244654481,294.510732,234675.60457,6.76420309242,10,
11090,547.246340531,663.44178,54349.5751263,7.33341231247,10,
11092,547.261435114,438.227676,18064.4670643,7.48298139748,10,
11093,547.253031141,92.603748,152449.273383,4.33985948807,10,
11094,547.264983696,456.351,77675.9901987,7.37125589235,10,
11095,547.270798759,250.289775,181873.70008,8.39610857591,1.0,[M+NH4]+
11097,547.282165885,99.721344,1330172.08106,5.45659092054,10,
11100,547.298796788,348.806835,342123.964588,6.27115523788,10,
11101,547.325408577,537.665007,52579.7232891,9.78244821723,10,
11104,547.35201805,484.793634,80165.6708683,6.30893716117,10,
11107,547.744004289,294.510732,92521.4237986,9.05465731769,10,
11109,548.013345557,587.260848,140621.283721,6.14669953006,10,
11111,548.151324006,72.540372,142949.653787,5.90918046378,10,
11113,548.175971822,31.5388215,215308.146333,11.6643570476,10,
11114,548.192063145,544.799952,24242.2597158,14.4906781418,10,
11117,548.247621753,677.98602,22688.4064065,13.1863183589,10,
13157,624.286887992,462.065037,106821.607845,3.95185738051,2.0,[M+Na]+
11121,548.269700139,517.599816,33780.3621591,11.9875438342,10,
11123,548.285607943,485.719572,1310337.94479,2.72619597277,10,
11124,548.284294888,146.755182,80794.6533159,13.4290141698,10,
11126,548.290719412,225.815214,113787.782864,5.12504895753,10,
11127,548.306550963,415.182651,12572317.5446,2.5866456094,10,
11129,548.310764463,171.182391,753553.298081,5.83057811723,10,
12613,601.370974599,554.143044,47176.8019737,10.4302162699,1.0,[M+NH4]+
11131,548.300692313,256.31211,34094.4206996,10.5926609422,10,
11132,548.309979909,79.999806,109955.590575,10.0825457016,10,
14676,714.436601594,401.590428,151650.46017,9.46478323894,1.0,[M+NH4]+
11134,548.347197534,587.390853,58031.424686,8.09899539899,10,
13412,635.791684699,392.174292,80422.5094215,14.7600161051,1.0,[M+H]+
11138,548.930835082,1604.7894,140318.223958,11.239386378,10,
11140,549.142861224,520.462395,403907.087072,7.02125712432,10,
11143,549.196239655,565.854834,43284.754755,9.76838517933,10,
13221,627.311970983,450.929532,190134.546807,11.4920379506,2.0,[M+Na]+
11148,549.272570354,913.29324,83129.2397987,5.23916576642,10,
11149,549.264100885,577.62912,893206.023669,7.15008101876,10,
15570,796.428420535,392.092605,99552.9789121,4.84279680227,2.0,[M+Na]+
13303,631.325768952,485.158512,3417252.15024,3.07755512355,1.0,[M+H]+
11155,549.309085577,317.446575,66381.7789879,5.05888712058,10,
11157,549.322618943,680.53314,140625.546857,10.0026469797,1.0,[M+NH4]+
11158,549.337256099,717.80154,56128.7488957,10.0502547516,10,
11160,549.338087271,538.933224,630447.971936,6.323805763,10,
12977,616.152976635,606.61158,79582.3649149,14.0584238878,2.0,[M+K]+
11166,550.162392672,99.87822,1715724.48136,13.0178671268,10,
12824,610.261852372,337.759953,1332786.2071,5.69377128921,1.0,[M+H]+
11170,550.235211574,314.682762,118654.070406,2.1053675734,10,
11172,550.261199758,222.91341,90412.4812535,4.81457971639,10,
11175,550.250259435,250.550364,23003.2935666,12.322790354,10,
12811,609.323021504,244.625961,228323.838784,3.02757404977,1.0,[M+NH4]+
11177,550.284740281,892.65942,50629.0965665,7.2984529571,10,
13390,634.337876906,279.716745,141163.247344,12.7383552905,1.0,[M+H]+
11180,550.28777552,569.080986,84191.3215455,9.00649699391,10,
11181,550.298790543,420.657714,164069.22747,11.6369307113,10,
11184,550.302087905,379.14432,754669.349685,8.27195291314,10,
11185,550.307315422,391.462389,357321.329621,12.6321917365,10,
12174,585.339387934,287.004996,379810.47722,2.5576053353,1.0,[M+NH4]+
11189,550.341503581,538.560414,176698.030615,7.76121094852,10,
11190,550.686310213,43.484025,263703.037784,14.6670753617,10,
11191,550.748954959,353.756154,180279.705353,10.3870946246,10,
11192,550.793808526,470.121699,62997.6597304,13.5445249186,10,
11194,550.849970912,650.85414,94882.180495,5.21419390315,10,
11195,551.100702872,650.85414,101953.021363,9.74971644141,10,
11198,551.197808043,603.47472,241450.190197,3.72881612167,10,
11199,551.197793139,589.263336,712011.34086,4.44462486672,10,
11200,551.207308987,284.306184,513817.085702,12.1195409041,10,
11201,551.218804065,606.83967,674107.922979,3.13391611928,10,
11202,551.227849594,385.106979,84592.1781088,10.4372908483,10,
11203,551.229871127,566.24154,26108.9723842,11.3012452843,10,
11204,551.244653218,285.701931,991463.354064,5.53133276686,10,
11208,551.280472269,277.802826,270630.927215,12.0645945833,10,
13338,632.379026128,265.144278,562316.344414,3.42451517243,2.0,[M+Na]+
13198,626.349157301,363.912834,899461.475703,1.50952491171,1.0,[M+NH4]+
11216,551.3332162,1030.81119,18270.9375719,11.7478229385,10,
11219,551.778530783,330.639198,34839.2782883,11.7676046414,10,
11220,551.790898452,354.394398,335822.765653,6.80881873613,10,
11222,552.153147244,606.63375,115642.62049,5.3657542972,10,
11224,552.178516581,72.146466,3665687.85328,6.59063593518,1.0,[M+NH4]+
13921,665.331222411,348.597264,148506.862104,5.78446521869,1.0,[M+NH4]+
11232,552.25775832,241.481271,216077.870625,6.194904045,10,
11233,552.250461625,258.170028,39111.5642199,5.75992804818,10,
11234,552.2743582,177.164892,527064.663151,9.74239661044,10,
11237,552.293581167,354.10227,192612.138009,5.52970059519,10,
11242,552.351224658,611.5173,536302.224473,9.93580880026,10,
11243,552.348988575,336.078645,719722.298223,4.90752196216,10,
15253,763.443590863,422.755395,74589.6406849,7.88777902528,1.0,[M+NH4]+
11245,552.505831618,1175.3463,24302.4847297,8.08780217782,10,
11249,552.797019759,279.626622,40028.3922721,9.66558894675,10,
11251,552.804803323,480.84045,196845.370481,4.33496775091,10,
11252,553.019561632,611.685,249296.943457,9.12547723303,10,
11253,553.045698621,551.191728,50787.9097984,10.0792824157,10,
11254,553.075625689,681.99024,27653.1674868,14.6027023244,10,
11255,553.106655331,562.652862,493160.947827,6.60943564667,10,
11259,553.194548375,603.53565,185009.010172,5.38341445352,10,
11262,553.208724158,501.200892,20396.7199631,11.0185906455,10,
11699,569.198059972,913.05234,61980.6020805,5.76896471267,2.0,[M+K]+
11265,553.230694132,54.247902,799665.139599,3.30804146607,10,
11266,553.242256201,264.257343,75156.0324908,1.46833555604,10,
13893,663.352801908,345.628902,1213879.73082,4.00567567065,1.0,[M+H]+
11269,553.240483083,321.87702,72604.236002,12.9945449534,10,
11270,553.252311942,429.555837,887684.524469,6.09182074256,10,
11272,553.272424809,322.705014,58746.8839941,7.22173698988,10,
11273,553.271497686,470.043186,20810.9139211,10.2828544845,10,
14099,675.343909364,260.377434,60090.5649682,10.8032832799,2.0,[M+K]+
11278,553.306115987,480.559698,98988.2924017,6.03886117091,10,
11279,553.333148116,356.487159,16151533.0659,1.31775600645,10,
11280,553.355028443,636.46605,155390.894712,8.01183976557,10,
11281,553.352381035,336.047892,145643.118675,1.83923583623,10,
11282,553.36256295,1192.24788,25595.443121,12.1444348566,10,
11283,553.377812981,421.764426,78158.8952051,11.8362380537,10,
11284,553.751985435,429.534678,368614.656554,5.92760403684,10,
11286,554.138044849,588.661854,95632.1069358,4.43964644324,10,
11287,554.15105596,544.95534,18020.9301648,7.50755351901,10,
11288,554.158346153,591.538098,22021.6514574,8.3150899039,10,
11291,554.22275535,552.834906,251152.851984,3.88978038523,10,
11292,554.219805083,385.106979,348559.691969,6.40379174563,10,
11293,554.230585604,61.184664,438850.69978,8.59361458869,10,
11294,554.240065949,359.862042,731353.543866,5.05397766446,10,
11300,554.286476654,529.268592,21112.5468291,7.51473886561,10,
11301,554.293631041,463.596099,363788.227858,6.14298689081,1.0,[M+H]+
11302,554.317005762,475.16661,24946.9571184,8.80667139792,10,
11303,554.332494834,527.121654,1091590.54171,5.30881632723,1.0,[M+NH4]+
11304,554.336483265,356.487159,4704341.88312,2.09422349779,10,
11305,554.35122457,684.04542,20016.8078871,14.8095263945,10,
11306,554.372244496,330.512646,105772.583124,4.72734697519,10,
11307,554.389713662,663.7632,48169.8113354,5.04102655984,10,
11310,554.731826861,310.946262,473522.593106,5.70708125794,10,
11313,555.142260365,611.27526,4302087.71047,1.73544798285,10,
11317,555.195310057,504.268956,34833.1344545,7.4118944958,10,
11318,555.188919044,42.4412568,4340098.16913,4.43372663119,10,
11321,555.221108599,384.936225,73264.4285851,14.550496298,10,
11323,555.23999419,337.798524,245211.983662,6.73175246231,10,
11325,555.240000267,1603.8345,65754.7429596,9.57325601458,10,
11326,555.253489656,107.46525,89820.5263197,13.919478106,10,
11328,555.274409176,92.848182,242723.52815,7.47767613837,10,
11330,555.287730728,99.251094,3175382.75814,8.53711985204,10,
11331,555.295563476,253.739472,28344.3158948,8.67251974613,10,
11333,555.352366035,551.191728,1026830.69602,11.1091151756,10,
11334,555.360906333,354.013086,87665.8596004,7.61775916377,10,
11335,555.743166812,273.902157,48538.8657034,10.2100218687,10,
11336,555.78113211,425.437926,105317.648026,5.09065180561,10,
11338,555.809914181,421.068174,121727.250914,3.8255360592,10,
11341,556.145102157,611.77176,993970.411258,5.64854498545,10,
11344,556.1718039,99.87822,5559945.80592,2.98904511025,1.0,[M+H]+
11351,556.238986735,267.260595,1821920.67156,2.55892905217,10,
11352,556.245808535,109.141386,368604.480542,7.54967893059,10,
11353,556.256979459,612.60936,40898.7189056,2.48123652086,2.0,[M+Na]+
11354,556.277467175,93.297624,37554.0661757,3.8371909531,10,
11356,556.294606912,583.739427,89882.8270762,8.77203293203,1.0,[M+NH4]+
11357,556.289791083,272.736312,498572.302825,10.7105032686,10,
11358,556.306268523,634.85082,94965.6670255,12.8318543541,10,
11361,556.307790774,321.87702,714854.537409,3.90931150989,10,
11362,556.316022475,305.886378,255764.316023,1.63436891682,10,
11363,556.332948826,458.939691,103225.205241,2.19923941174,1.0,[M+NH4]+
11365,556.362169665,100.035219,2986987.54304,7.30278487543,2.0,[M+K]+
11366,556.368711433,424.190082,2540813.04615,3.11487890621,10,
11367,556.364777246,681.69996,5496783.33841,3.49685464994,10,
11368,556.381340848,420.076173,311234.319295,7.78301836274,10,
11369,556.440732535,991.1889,3481541.16759,2.01617188873,10,
11371,556.763615301,326.108145,253391.49385,9.69615704362,10,
11374,557.010395155,541.96641,58627.2874757,7.88469787962,10,
11375,557.038157853,640.40484,117710.184129,8.51434469384,10,
11376,557.038524016,494.038452,63942.909162,13.4403459741,10,
13349,633.075062771,472.49301,1609894.19448,5.99172351472,2.0,[M+Na]+
11381,557.231490521,414.837639,148971.551162,5.12777397093,10,
11385,557.23297331,568.051206,44777.7029958,4.53091009674,10,
11387,557.279202875,357.15291,81021.2899528,11.8919295086,10,
11388,557.296794449,253.793496,575195.510174,3.08175181079,10,
11396,557.791272796,453.649116,55359.6408293,13.7500242514,10,
11397,557.79893813,253.78731,313309.735993,4.93424027258,10,
11398,557.795061114,221.083602,48225.3640851,2.36925488246,10,
11399,557.830302424,550.923318,57474.7556914,10.6247898727,10,
12820,610.10928932,533.339433,17175887.0203,3.92359031846,1.0,[M+NH4]+
11403,558.173035473,43.492911,579157.860957,12.8814305122,10,
11404,558.171076951,606.83967,138740.967506,10.6963332528,10,
11406,558.212886155,633.70056,159430.695625,13.2609807945,10,
11407,558.230887403,278.194512,40766.1762357,12.6232025203,10,
11408,558.237515543,313.320828,498993.171434,4.67565144748,10,
11412,558.308588021,419.805522,322165.40893,12.8183463423,10,
12251,588.374304368,494.761143,10694253.9703,4.08700551399,1.0,[M+H]+
11414,558.347005615,513.436836,570086.945011,3.98160019785,10,
11416,558.366900111,396.989535,52808.5187287,11.3884374868,10,
11418,558.765226542,330.512646,179592.621792,4.51077610069,10,
11419,558.804986116,420.247215,916269.897655,9.22488254208,10,
11420,558.809083447,522.946698,23011.6461963,8.25947856344,10,
11423,559.233693397,680.53554,45865.9636379,2.04206819709,10,
11424,559.234519072,359.813526,52087.151256,6.47840659033,10,
11425,559.265531688,245.698836,407433.020658,2.61712422628,10,
11426,559.270797317,385.455348,1078298.49326,1.06563255715,10,
11427,559.266391287,607.96548,424154.142488,6.42739745828,10,
11428,559.265403958,517.582206,21488.8218087,9.80027975309,10,
11429,559.286410303,289.729506,56661.1102918,12.9536835333,10,
11431,559.306276055,420.247215,520505.211696,11.9771491014,10,
11433,559.307276532,134.104173,4918999.85117,2.90863804177,2.0,[M+K]+
11434,559.322544292,520.115709,63906.0312832,7.90534896221,10,
11435,559.323274167,431.774808,29786.5910177,7.50571522095,10,
11436,559.343496475,464.246316,233058.807463,6.29928597995,10,
13780,656.32746298,389.606919,5811395.59389,4.1968741361,1.0,[M+NH4]+
11438,559.352342531,495.842205,168106.2764,3.28566930191,10,
11442,559.380171184,567.282978,23528.0893949,4.5488940114,10,
11444,559.807912047,420.139311,173476.80617,14.1580792871,10,
11445,560.060189309,472.200822,198880.779668,3.57490049721,10,
11446,560.072497684,432.434409,394502.260023,1.49478390234,10,
11449,560.181154727,31.742535,960288.42216,3.19894708841,10,
11450,560.233101338,634.85082,2465885.40752,5.58805379838,10,
11451,560.260777286,507.924714,51390.1531054,13.6972169056,10,
11453,560.267623225,245.347143,59967.9343493,11.0005743275,10,
11456,560.279530227,622.55346,184274.962945,4.95147063729,10,
11457,560.290735897,302.355612,95517.6508406,6.25168554497,10,
11458,560.306671221,595.135218,269392.038323,3.22025337933,10,
14926,734.391183112,261.969219,275268.984712,9.90271795688,1.0,[M+NH4]+
13576,644.298154001,255.134781,54986.7991724,14.6498122851,2.0,[M+K]+
11463,560.347000597,299.151939,248170.505451,2.24529901981,10,
11464,560.343096033,493.034829,1961581.46255,3.98105478433,10,
11465,560.346833323,202.287594,172145.585048,5.72884680264,1.0,[M+H]+
11466,560.748034163,380.165238,3824571.66528,1.68929006383,10,
11467,560.771318926,307.364004,177244.790126,10.8916914705,10,
11468,560.784339767,327.668136,34500.171447,14.1410899093,10,
11469,560.799039996,390.561411,607830.762721,5.7373419361,10,
11472,561.042159508,400.9338,234172.87576,7.26896214948,10,
11478,561.207928058,45.7043982,482011.475091,11.1015789977,10,
11479,561.221334459,418.645212,100807.70336,10.0776306765,1.0,[M+NH4]+
11481,561.247632142,423.754458,910450.35074,2.28273853377,10,
11482,561.249526153,380.27379,2076182.81563,8.5461140966,10,
11484,561.262766235,659.01414,245795.94193,2.98599313303,10,
12945,614.324300889,86.777742,545811.940965,10.3901649801,1.0,[M+NH4]+
11488,561.283860028,375.318534,129413.215957,6.71231008375,10,
11489,561.286339213,41.9059092,262040.953792,13.503141684,10,
11491,561.305281691,81.45174,89597.8163968,7.83252636218,10,
11492,561.320125825,681.69996,1602046.30113,2.36330750367,10,
11493,561.333100772,418.688829,85755.6833954,12.2997677115,10,
11494,561.346525606,493.034829,624777.500664,2.57136391696,10,
11496,561.349491366,389.96079,87912.0732159,8.85796386005,10,
11497,561.358481929,1238.72196,41924.2488024,10.7768841595,10,
11498,561.709370004,45.715044,358297.224039,4.78265969329,10,
11499,561.749574958,380.075262,887071.242219,9.75428266754,10,
11500,561.765747288,346.605471,410099.368287,9.18984006275,10,
11501,561.828128856,393.386364,41911.6351384,3.66479256728,10,
11502,561.856530447,653.48514,97405.6147287,13.3849707238,10,
11506,562.107271709,653.42745,111150.601658,11.7751954385,10,
11510,562.189617609,99.721467,887295.964964,9.21150058964,10,
11511,562.216854226,678.39009,368690.707275,9.75742116698,10,
11515,562.245546923,45.2913255,817637.529773,7.07488034445,10,
11517,562.261253023,483.177696,135676.294493,7.64014894115,10,
11518,562.263909654,235.017732,471245.718741,9.51358392028,10,
11520,562.28474494,868.99512,193226.853131,2.12098532481,10,
11521,562.275392959,622.41726,50182.8164879,13.9971108613,10,
11523,562.289620986,227.141724,91828.408563,6.58968712076,10,
11524,562.289504394,271.250982,28456.4413166,4.48343666006,10,
12574,600.333329757,634.62756,530997.537047,13.3552683387,2.0,[M+Na]+
11528,562.348589917,493.034829,106236.798628,12.243595277,10,
11529,562.354378942,591.502614,160538.663782,4.34050456825,10,
11532,562.769907143,467.667198,76834.9460388,5.50924915365,10,
11534,562.843679285,477.262314,113390.877682,6.59321772229,10,
11535,562.928118212,1605.28524,2306497.49973,7.50610333427,10,
11538,563.105330278,589.197741,115740.623665,9.00465777633,10,
11540,563.168601978,633.0552,87464.2079396,3.62305782336,10,
11541,563.17300914,348.597264,274625.574528,5.27490031006,10,
11542,563.193872334,240.714978,226588.932717,1.61445281269,10,
11543,563.201515081,54.2522835,964217.32731,11.1389867926,10,
11546,563.266842058,235.111266,92639.5844004,12.0873368926,10,
11929,577.296581376,307.701819,8408063.57221,8.1043423456,1.0,[M+H]+
11548,563.284952475,102.343686,137801.167108,13.758781787,10,
11549,563.287576955,869.48196,48976.6681794,8.88878162279,10,
11550,563.297364344,382.58604,139923.085354,9.60728798104,10,
16193,866.40502721,402.93033,100067.271155,6.94308478453,2.0,[M+Na]+
11555,563.317667018,285.701931,2171943.83513,3.82421066234,10,
11558,563.345144637,477.26856,36697.1265373,9.29247255581,10,
11560,563.35347261,390.767298,77589.810331,12.5651086812,10,
11561,563.390216859,507.917718,82778.5123478,6.04022322805,10,
11562,563.702530798,54.142671,372110.899154,8.78636768034,10,
15994,845.483931658,469.573755,2188742.87183,2.65537400336,1.0,[M+H]+
11564,564.143951466,72.304521,338376.322644,4.43364568097,10,
11567,564.192002223,702.0837,17859.5017892,4.95441395949,10,
11569,564.216800435,541.208283,26255.9763253,12.2726611272,10,
11571,564.240385777,483.878016,218509.380331,4.99084847535,10,
13272,630.249249736,678.72996,123632.464873,2.86639586248,2.0,[M+K]+
11576,564.321249495,348.263208,52436.4772759,10.0326696333,10,
11577,564.328731673,600.13776,49311.0444739,6.88404222261,10,
11579,564.33451564,58.4649888,183416.08899,10.6403107379,10,
11580,564.357833019,434.708121,28467159.9079,4.90687417581,1.0,[M+NH4]+
11587,565.124065956,606.94608,29921.7815985,9.85456413383,10,
11590,565.223260354,681.8676,352684.822902,2.5867993181,10,
11591,565.214102976,431.06967,51248.8696825,13.1818755271,10,
11592,565.24391479,339.461034,96325.0302023,9.23725848738,10,
11594,565.287897289,303.077448,177698.511816,14.8795104414,10,
11597,565.30550356,379.515786,61629.0601288,7.36152150878,10,
14507,702.358890466,566.22819,571022.528441,5.96692730482,2.0,[M+K]+
13124,622.399435202,495.50151,31473.6795931,11.6776785232,1.0,[M+NH4]+
11600,565.315519333,384.764412,116420.771003,4.30432146526,10,
11602,565.565607764,1396.08306,13119775.2643,4.58766613726,10,
11603,565.765702676,249.151179,223400.635645,4.2500051504,10,
11606,565.817056266,551.000751,195970.785362,10.0273352302,10,
11611,566.215253555,40.6440318,338370.400069,9.47960305362,10,
12673,604.243667118,48.9494553,1416224.13094,10.6055478636,2.0,[M+Na]+
11614,566.279631585,762.93219,51699.4202485,12.1136517467,10,
11616,566.279428107,807.62292,27826.5069368,8.19677145125,10,
11618,566.316956066,394.935669,1576918.12603,2.14304825037,2.0,[M+K]+
11620,566.32837917,547.550844,21593.1427178,12.1806729836,10,
11621,566.349084293,680.4675,1098335.59677,6.45905259596,10,
11623,566.426142932,464.428629,514645.94285,8.62929179207,1.0,[M+H]+
11625,567.013724059,526.033557,22896.0256842,10.9450199434,10,
11626,567.0259446,615.47076,445141.65455,7.5944302218,10,
11628,567.192691693,606.70407,360003.137795,4.70065553781,10,
11630,567.223737094,561.867765,354278.77731,4.33999726011,10,
12107,583.213852168,867.99213,76928.5031677,6.1025399908,2.0,[M+K]+
12136,584.27858239,637.04976,2407874.99207,4.32818786331,1.0,[M+NH4]+
11635,567.255335634,669.18675,49651.9443947,10.4250094087,10,
11637,567.267659036,473.629818,26213.874218,13.1689173782,10,
11639,567.273382412,634.55316,251334.838733,2.44679406922,10,
11642,567.289387279,364.723974,75646.415093,4.98446436078,10,
11647,567.348843246,531.733842,731467.07452,6.44247793069,10,
11651,567.388753238,846.51657,41291.1238243,3.49488726592,10,
11653,567.42915564,482.007204,28854.8846517,7.94548132543,10,
11654,567.69479427,615.47076,186630.972257,6.18499399969,10,
11655,567.755729762,409.861074,390134.60771,7.09869237753,10,
11656,567.797410406,295.847478,2897763.74822,3.86575457899,10,
11657,568.029261734,615.23052,56672.2692165,9.1506946407,10,
11658,568.099135196,419.677767,363577.291451,12.5980201964,10,
11659,568.087762989,562.419336,453984.252695,1.92639283139,10,
11662,568.137517244,534.538281,109036.804674,5.51755306203,2.0,[M+K]+
11665,568.219881553,51.2101473,51331011.6886,5.29213824307,10,
11666,568.224227306,589.263336,1636720.80289,4.06859554375,10,
11667,568.223942298,251.800926,177222.006491,14.8260009096,10,
11668,568.224764883,509.40933,94625.1715066,10.7770713522,10,
11669,568.242482873,326.982456,62224.9264418,8.71112667814,10,
14069,673.319909583,448.970061,78652.0327997,13.2224685016,1.0,[M+NH4]+
11674,568.250602601,605.26212,38849.3338808,12.0752632401,10,
13767,655.375645901,277.688994,1157894.6526,6.18234974088,1.0,[M+NH4]+
11676,568.275297866,349.281156,176770.308143,10.8156127959,10,
11677,568.275301983,398.490294,52069.5687488,8.10594709493,10,
11679,568.292725178,418.25343,65687.3270132,5.8547268882,10,
11680,568.29433285,550.624416,28252.1609875,7.93210389194,10,
11681,568.308583809,361.875621,35239.69368,7.82079979563,10,
11684,568.328316169,612.27444,548764.76281,2.82848239613,10,
11685,568.351983797,531.736653,210838.25798,5.66953132693,10,
11686,568.367933711,732.23829,186890.603792,8.43955637008,1.0,[M+NH4]+
11687,568.38035575,339.461034,126841.993954,3.34750664371,10,
11688,568.432105364,464.428629,21633.810138,5.9515692888,10,
11689,568.726040748,509.40933,58309.547084,9.56369346426,10,
11690,568.786969841,290.404503,58985.682727,11.7739384882,10,
11693,569.082300414,562.364643,424037.477315,8.47281484788,10,
11696,569.157441545,31.742535,206200.964604,12.672622754,10,
11697,569.179058634,569.02224,41382.3479934,9.38849312194,10,
11698,569.179232412,556.414476,25828.3832802,5.71736789075,10,
11700,569.20403928,49.3104549,31934182.0435,8.12475214769,10,
11702,569.218953272,678.72996,272132.689229,7.04611207324,10,
11703,569.227576637,603.53565,109119.522117,3.79235935388,10,
11707,569.235582608,232.517868,108703.174129,2.61553645096,10,
11710,569.255308018,204.550524,148966.218569,6.59208799687,10,
11711,569.274365529,831.02814,62761.5115474,7.48908874958,10,
12194,586.318121258,325.588707,5752547.39708,1.76712223505,1.0,[M+NH4]+
11717,569.375283118,304.119051,91194.1313002,3.88579821654,10,
11718,569.394278567,1230.22389,200953.589991,5.13349612172,10,
11721,570.21699489,413.452584,41344.2453511,8.50498020652,10,
11722,570.220967474,603.79362,372912.551414,3.20659253496,10,
11725,570.242374199,680.4675,142003.425153,3.83566566433,2.0,[M+K]+
11728,570.263095924,606.9366,114645.693044,8.99581348724,10,
11729,570.267972317,463.619688,150915.429223,2.86998979616,10,
11730,570.275510857,252.15756,170662.389871,4.7281506891,10,
11731,570.276034877,219.444714,31923.2283081,7.27755675011,10,
11733,570.299679722,514.954062,39785.2321763,9.6211754109,10,
11734,570.32316207,309.229611,29031024.4949,6.79743488195,1.0,[M+H]+
11737,570.396110788,478.31301,97467.7886254,8.79770137214,10,
13262,629.433019221,350.144784,87452.2293791,3.79042899716,1.0,[M+NH4]+
11739,570.456332921,1032.12822,5866346.82323,2.84376275276,10,
11740,570.800950022,393.505917,51041.3682031,13.1401602207,10,
11741,570.859524189,529.544574,82098.7583983,5.13872458676,10,
11742,571.086607027,606.94608,31433.6068119,13.4076163125,10,
11744,571.113836464,587.826186,13886.1274709,8.21778459469,10,
11750,571.246318229,71.673336,946781.764804,11.4211006372,10,
11751,571.246001778,39.605262,628127.704225,12.3725508881,10,
11752,571.269403827,59.8687689,16198700.5601,4.15051355974,10,
11753,571.270718977,463.468308,41454.8012898,3.69255199394,10,
11756,571.304362295,680.64627,305923.363386,10.262062858,10,
11759,571.369643434,438.724068,87633.7576763,10.2838179284,10,
11760,571.363094169,277.902624,856102.092014,6.26773380037,10,
11762,571.410317353,1207.25946,24629.077896,5.79930132883,10,
11763,571.685833406,546.070467,53006.9358697,10.0105731338,10,
11764,571.781762552,379.840512,1208721.14076,4.9399435755,10,
11765,571.790673541,361.06602,106455.916987,14.0496078993,10,
11766,571.803921635,435.681234,246982.139699,5.60884580686,10,
11767,572.148055944,606.70407,259126.679885,3.70036177487,10,
11772,572.20461407,67.341333,231357.6041,13.7634406142,10,
11776,572.255358878,361.869732,88604.1358135,1.67843401774,10,
11777,572.272502452,59.8687689,3952761.97949,4.97809585735,10,
11778,572.266642152,72.146466,1962170.4114,7.56395604758,10,
11782,572.297142716,691.15587,28897.3248268,9.33497698308,10,
11783,572.304583869,435.681234,74708.9207289,8.45269028727,10,
11788,572.314029758,118.640766,1273321.22737,1.37607265548,10,
13284,630.391542,521.335713,97034.7350585,11.4498192271,1.0,[M+H]+
11792,572.338931242,104.766264,7536039.38188,1.84260891251,10,
12245,588.333763924,276.81909,817201.358328,13.0737754066,2.0,[M+K]+
11796,572.375112981,375.318534,111295.861728,4.40830124565,10,
11798,572.375386026,459.989064,53928.8605219,11.5457463125,10,
11799,572.727709609,296.060628,472569.169068,4.40163737788,10,
11800,572.806336301,477.199317,52108.6120155,10.7819059213,10,
11801,572.824118929,406.565232,40172.6423596,11.6638467763,10,
11803,573.113919369,655.84182,128811.400654,12.6947831399,10,
11804,573.144173299,88.431957,96429.8266515,5.25959602339,10,
12265,589.147706337,501.383391,39468.3192113,12.8347711527,2.0,[M+K]+
11807,573.176318535,100.978041,1753284.40013,5.46580848951,10,
11808,573.179701361,603.53565,156780.367707,3.90733633189,10,
11809,573.179554724,589.263336,450207.401025,2.41477048543,10,
11810,573.205310878,414.907296,224857.631583,2.70486695014,10,
11814,573.251113777,131.127396,126387.475546,3.57062256309,10,
11817,573.283950781,612.52767,101841.797072,13.3741129642,10,
11818,573.275477945,472.670409,92856.1596621,5.98673989672,10,
11820,573.308173601,477.199317,25590.8211743,12.5847387459,10,
11821,573.316567229,301.378728,727243.60368,4.04337251722,10,
11823,573.334303424,123.00744,108623.149359,8.64452208976,10,
11826,573.35937363,174.011769,865917.24936,5.12212354672,10,
11827,573.364791299,655.84182,77405.2113275,12.5434760196,10,
11829,573.395560965,426.176394,195413.082916,6.00734411204,10,
11830,573.403661603,469.853853,38996.1477122,7.43830978641,10,
11831,573.777520432,248.804364,55550.885773,7.67569939973,10,
11832,573.809728882,442.297056,43028.2021133,3.84491705066,10,
15967,841.521915061,615.47076,171738.003849,7.26108297446,2.0,[M+Na]+
11839,574.185661063,54.247902,569872.831899,7.76383416234,10,
11841,574.247206266,269.167056,262192.810695,3.76255795739,10,
11843,574.247242195,303.834579,121258.219735,6.10396721314,10,
13355,633.289761357,162.425427,3955674.26418,2.99121954104,1.0,[M+NH4]+
11846,574.292857263,57.9801495,380908.440101,3.80916159705,10,
11852,574.348244125,447.340179,91176.6511976,11.9583157293,10,
11854,574.34299726,414.490242,69547.7728082,13.3550212788,10,
11856,574.377988782,581.831961,67225.9803936,8.87386509556,10,
11858,574.39871935,425.933004,49787.3379482,6.73222105061,10,
11859,574.481976926,1371.7353,41787.1231407,9.98535010753,10,
11861,574.801240714,355.945956,431061.246521,5.17828552425,10,
11862,574.810408133,314.352954,439435.387079,3.76782153205,10,
11863,574.934547193,1605.76257,536874.67878,6.34746023745,10,
11864,575.014782593,1605.12651,205568.680461,8.65583759279,10,
11866,575.168944026,570.376236,159424.095926,8.82507695858,10,
11868,575.189484548,541.283814,79056.7185167,13.5584894298,10,
11871,575.248174691,253.517961,41301.4083091,12.8968294138,10,
11873,575.263976482,313.945086,60688.880354,7.37985276277,10,
11875,575.279812979,870.68808,477081.503849,11.0781744703,10,
11876,575.277240572,61.313742,368757.087757,9.70885558862,10,
11877,575.282488848,830.9097,17135.7552708,12.9639333508,10,
11878,575.299275119,404.593896,97569.508033,5.36620988353,10,
11880,575.300101509,358.169124,428912.405662,8.54451535419,10,
11881,575.31772859,463.85985,317057.937343,5.61129490759,10,
11882,575.312067823,314.632956,253617.879024,4.57615854973,10,
11883,575.338538279,271.57794,970811.288325,5.370243716,10,
11884,575.367974044,641.51268,108333.510409,2.81609339816,10,
11886,575.799748902,264.787911,293091.328443,10.4234601659,10,
11895,576.263196874,624.58011,202416.425958,8.33520995026,10,
11896,576.263749558,640.67274,108615.311662,6.89678340108,10,
14797,724.42195198,360.350505,152963.660168,4.9246918016,1.0,[M+NH4]+
11899,576.297363018,57.3504555,12136143.9828,2.80700113223,10,
11901,576.296187985,388.423986,393888.011125,6.22080937937,10,
11902,576.304743277,471.590949,48962.0764932,8.72345370162,10,
11903,576.30260123,634.54302,151418.44947,4.7422733065,10,
11905,576.320052027,408.335103,134105.73187,8.02118588557,10,
14368,694.338869811,271.237773,1073885.22926,6.72831661299,2.0,[M+K]+
11911,576.341998366,94.661496,215105.903316,4.36831219293,10,
11912,576.565913226,684.04542,29748.1875622,11.8455606958,10,
11914,576.837445472,346.238784,90046.3151609,14.6148671625,10,
11915,577.02968888,595.41462,149661.281733,7.79033223427,10,
11916,577.103379534,606.70407,355643.937353,5.91882497534,10,
11919,577.135272069,640.05702,881546.521887,2.89526792932,10,
11921,577.172938944,589.169217,65305.3107896,3.44789662406,10,
11925,577.219869081,61.460577,606501.929355,13.9406963139,10,
11931,577.300148369,252.431961,2844173.60089,2.77308063323,10,
11935,577.344043178,271.237773,41603.9784231,14.7490425859,10,
11936,577.365629129,557.411781,1009761.52118,5.10148702506,1.0,[M+NH4]+
11938,577.698326628,595.41462,54085.2927964,11.179662355,10,
11940,577.867312141,557.322252,547025.82881,6.54357977518,10,
11941,578.032772206,595.314246,21973.0281044,5.08329320433,10,
11947,578.179267993,520.833591,44977.1321416,13.4816281136,10,
11949,578.203119726,634.82838,148608.769274,8.77313462412,10,
11952,578.228793327,64.13277,2936400.72237,6.86160629282,10,
11953,578.241377716,245.775684,33233.7682164,7.46680052634,10,
11955,578.261551519,473.145318,38375.8952875,12.7365186111,10,
13644,648.367298908,363.735207,168989.978599,7.9307039717,1.0,[M+NH4]+
11957,578.282777767,266.325936,59774.3578788,4.97292085886,10,
11958,578.275179624,659.04588,34872.536133,5.83873734315,10,
11959,578.276040626,448.902312,214117.040372,4.1517793976,10,
11962,578.296066681,495.842205,4200131.94004,2.49135991582,10,
11963,578.292240738,397.046046,87710.3609805,11.5442422536,10,
11967,578.303615097,252.431961,789949.480991,3.96220559046,10,
11968,578.322932653,493.379961,120928.766161,10.1350265132,10,
13751,654.329842131,329.423262,34153.4392974,9.14611184167,2.0,[M+Na]+
11970,578.329513381,425.195025,76184.7640251,11.2628217096,10,
11973,578.316505281,534.929034,21800.3056559,11.3215010082,10,
11974,578.343490012,626.39208,388009.3584,5.94233613861,10,
11975,578.350367328,424.249926,197117.48233,2.90285374575,10,
11976,578.373361548,482.758764,48049.3208758,4.94005323432,10,
11977,578.368746605,557.228718,202373.60025,10.4081314358,10,
11978,578.372883808,462.527946,79747.9763127,12.9774019588,10,
11985,579.142218239,633.37689,152192.265632,5.12828746936,10,
11986,579.156919372,99.94638,588837.442047,4.75115951939,10,
11987,579.162915019,565.002351,42837.0930317,8.70942846139,10,
11988,579.192898132,591.502614,349841.786215,6.12397349508,1.0,[M+H]+
11993,579.237374743,401.537166,78975.0407606,14.9144105351,10,
14108,676.319526387,47.3022942,1595001.0766,1.79251093545,1.0,[M+NH4]+
11996,579.27061429,423.994677,125753.901012,10.2153985922,10,
11998,579.273800325,116.21157,256532.877914,8.13426854237,10,
12001,579.275880913,513.625587,196008.903787,4.36197225824,1.0,[M+H]+
12006,579.294955894,244.011054,26351.5276319,12.3278895595,10,
12009,579.291702963,517.5447,235926.090501,9.92156558263,10,
12010,579.312168917,206.707965,45485.1307425,9.22445298954,10,
14366,694.317485744,415.461954,1935505.75596,1.68103820778,1.0,[M+NH4]+
12013,579.31229283,166.93569,79333.287264,14.384484746,10,
12014,579.332029557,678.72996,151233.735728,5.506518692,10,
12016,579.353760785,424.190082,52801.8885359,10.1074805324,10,
12018,579.809721862,407.790018,84202.8768293,10.7904384287,10,
12019,579.811867231,337.768776,98991.5641332,4.98524426731,10,
12020,579.842924182,557.322252,62532.0117898,14.2483230318,10,
12023,580.153545977,606.70407,370188.007094,7.62974318006,1.0,[M+NH4]+
12027,580.2567341,634.62756,153869.714226,8.06765855536,10,
12029,580.25617829,293.417862,255754.269008,6.44283448482,10,
12035,580.295053014,345.195138,36131.5928359,6.11026674118,10,
12037,580.294064337,517.206711,70124.2904589,10.6196933293,10,
14672,714.376288089,325.065462,123337.636729,4.58317249337,1.0,[M+NH4]+
12039,580.314967462,396.461292,47924.6797192,10.4627626263,10,
12040,580.32298364,372.116166,52763.4388979,11.8113197471,10,
12044,580.810352174,280.453368,91786.6085508,10.9976481057,10,
12045,580.810787622,324.895086,1735668.17244,0.569246024437,1.0,[M+NH4]+
12046,580.83598921,381.968226,1022406.92215,6.10572820847,10,
14651,712.951054037,29.1845127,122281.89234,7.52012224347,1.0,[M+NH4]+
12048,581.093816736,419.346081,3964698.97872,3.68196727886,10,
12049,581.09393444,479.46345,77444.7739611,6.9689959935,10,
12052,581.189469106,607.76826,69710.7838917,7.20458752319,10,
12054,581.214737498,680.81919,227562.014208,5.49303925795,10,
12055,581.218787584,624.81126,160293.536667,6.47631160487,10,
12060,581.25221385,385.455348,112748.255929,7.16126510975,10,
14167,680.35983437,417.717552,86074.552406,4.19067165963,1.0,[M+NH4]+
12062,581.254066888,47.3897862,170366.465391,10.1416212757,10,
12064,581.289620688,561.279672,241142.38743,12.2618259355,10,
12065,581.311282141,324.895086,607439.409012,5.88068859719,10,
12068,581.325346703,464.065134,58171.4191984,5.6317974133,10,
12070,581.343413326,520.511121,90903.6937281,11.5551991569,10,
12071,581.701685021,619.38687,416212.600663,11.3524310617,10,
12073,581.838966941,381.873648,227360.212697,6.98216516929,10,
12074,582.035993446,619.38687,366796.190654,9.1272143763,10,
12076,582.094877106,479.46345,18528.6674172,11.8117233747,10,
12079,582.192069809,659.01414,73978.8828936,6.07532977188,10,
12081,582.222363635,640.90188,31375.0707319,9.30821857836,10,
12083,582.250524001,270.759903,88754.5490483,9.36805166997,10,
12084,582.257245367,234.390516,28117.5651287,7.75804930134,10,
14911,733.331143594,396.157725,165305.333027,3.80132650596,2.0,[M+Na]+
12087,582.306966169,614.10801,37568.9584949,7.98862999715,10,
12088,582.312228148,513.076992,129937.015785,8.11173751421,10,
12089,582.359405685,371.299098,655530.404126,3.11349549033,10,
14929,734.451217629,552.167595,220483.540993,13.1642019,1.0,[M+NH4]+
12093,582.993605723,1604.75955,320203.836526,5.7678200721,10,
12094,583.059281772,562.314642,382583.866688,3.92001154858,10,
12097,583.09219744,419.365188,658057.28783,5.07937963432,10,
12101,583.173845316,1018.75578,44321.4653998,8.05972576906,10,
12103,583.194689396,612.95136,111118.651906,11.6688947328,10,
12105,583.201360839,561.937794,445633.835828,6.58418775896,10,
12595,601.224079346,452.165433,82985.2122558,10.3021166956,1.0,[M+H]+
12108,583.247113915,634.54809,127566.590248,5.67871817374,10,
12109,583.261313725,396.878784,96746.4589725,10.2720389258,10,
12110,583.256864824,547.689435,240729.482566,3.41290031557,10,
12113,583.271197139,163.94595,183310.51219,4.89684852478,10,
12114,583.283862653,422.818302,304634.287688,8.21368783177,10,
12116,583.292398914,354.394398,169968.429569,2.01764488481,10,
12118,583.38676021,778.40982,25841.3160664,14.8945990833,10,
12119,583.468449869,1389.1374,42904.9399507,7.7699833576,10,
12120,583.718665483,296.297628,49950.3083048,7.18304114916,10,
12121,583.869289414,658.35678,100638.858908,14.891069428,10,
12126,584.147700881,607.27551,149733.95905,5.53457595685,10,
14392,696.272621473,50.1545988,1723379.22355,13.2588087501,1.0,[M+NH4]+
12130,584.204143138,141.306636,260080.318048,9.83029422407,10,
12134,584.250033599,349.281156,192427.335525,9.47704871666,10,
12135,584.263726386,102.79413,89273.2204362,3.81834787661,10,
12137,584.286380564,422.818302,64505.8291492,10.1697723434,10,
12138,584.27487427,496.222956,37841.4327186,14.5815055667,10,
12139,584.277632544,96.850965,45855.7489504,7.63065806279,10,
13781,656.360032867,272.86335,57688.6833797,11.1065701975,1.0,[M+H]+
12141,584.302566585,252.875682,1630686.75479,2.05510246105,10,
12142,584.323085784,608.99814,76637.3536839,9.10306380665,10,
12144,584.355153386,484.229796,179195.88482,8.74665329529,10,
12145,584.371439289,658.35678,77521.781834,13.03316619,10,
12147,584.396715015,570.975234,308335.486596,11.7418358278,10,
12148,584.621716778,658.28928,36839.6345348,6.44889066829,10,
12149,584.807254321,1606.24425,295990.487738,9.23998419555,10,
12150,584.856826107,484.245699,107494.365799,5.18706271498,10,
12154,585.152614752,569.010951,65203.9803077,10.6585336554,10,
12155,585.152716238,556.253127,47864.8385589,7.27985361593,10,
12157,585.187617812,413.737893,70097.0378387,6.30246421353,10,
12158,585.197769007,51.512292,10848030.6438,4.55812093487,10,
16140,860.294896736,591.502614,42192.0273439,8.31455047705,1.0,[M+NH4]+
12160,585.238018537,322.99926,121222.954122,8.29829576894,10,
12161,585.253589405,659.01414,107180.427015,12.1227444706,1.0,[M+NH4]+
12162,585.251837081,348.304524,58655.3432602,10.2128808288,10,
12967,615.307873897,281.877933,52055.7348172,10.3751745129,1.0,[M+H]+
13250,629.268046236,418.52502,74912.2892384,12.4206811507,1.0,[M+H]+
12169,585.307400323,681.72219,122814.074214,3.39998917426,10,
12170,585.304568029,153.265194,31538.2130451,12.6801095865,10,
12171,585.323218596,255.501588,829012.599566,1.87695931509,10,
12172,585.322109717,146.711298,146977.840871,11.7394410547,10,
12173,585.342205152,302.813514,249736.472093,3.81353821946,10,
12175,585.358757851,314.670426,806776.091216,2.71552795664,10,
12177,585.357990511,484.289076,34370.7794579,10.915265312,10,
14727,718.371662,273.376803,93092.1709039,9.24707729369,2.0,[M+K]+
12179,585.395578583,463.881135,509263.352759,5.23570724345,10,
12180,585.73900083,322.872201,60698.9700505,11.5406787684,10,
12183,586.184240986,548.642346,30660.7015852,7.52817361973,10,
12184,586.174087679,659.3934,47315.8294815,5.46834829681,10,
12185,586.198642192,217.245381,4169804.66607,4.24241619037,10,
12186,586.244247603,678.72996,875191.201733,7.73903943464,10,
14644,712.30786005,349.638462,64086.5429618,14.619220434,2.0,[M+K]+
12197,586.330086932,518.337336,19534.4308458,14.8972352413,10,
13036,618.327111839,130.36395,210940.744534,2.66804160716,1.0,[M+H]+
12200,586.378306584,680.31681,1765198.14134,9.37632232077,10,
12202,586.810984687,457.637064,108935.240323,8.60063162583,10,
12203,587.085016613,603.79362,25480.2515353,6.06102632197,10,
12263,589.103323688,607.26852,157112.310873,12.4143629624,10,
12206,587.168567443,601.67826,65461.1541279,9.72374850939,10,
12207,587.208927148,763.1523,40905.6519091,11.5212037622,10,
12211,587.284806215,103.54548,141668.975147,11.5105323759,10,
12216,587.300528204,286.863339,55346.9755456,5.75498295854,10,
12219,587.30021537,431.05206,782071.551228,4.93903688186,10,
14761,720.394161715,335.507076,138967.197373,6.79304046363,2.0,[M+K]+
12223,587.401335189,463.780818,21981.3395976,7.11808426668,10,
12224,587.429244137,1393.93218,23816.2307693,13.5264389952,10,
12225,587.51110608,1234.6152,23243.0957956,8.71495523956,10,
12226,587.547406179,1396.07988,3697092.49662,4.88847350031,10,
12227,587.831237889,515.308203,108337.374557,6.8769838269,10,
12228,587.830153183,557.322252,232382.596464,8.63948044201,10,
12232,588.241773751,391.56573,37930.6843328,7.63318270129,2.0,[M+Na]+
12233,588.253930296,375.558894,479827.290416,1.24748876043,10,
12234,588.268675816,433.921302,101156.081697,0.453158791626,10,
12235,588.276453795,288.40851,283717.471729,3.53606524794,10,
12236,588.27767294,549.188706,51424.1948071,8.21951503159,10,
12237,588.279075999,194.978718,198684.983744,4.15896997039,10,
12241,588.289639549,673.27176,15597.2084456,11.5540956189,10,
12244,588.324142605,246.33711,30969.4915594,5.28003219549,10,
12246,588.332061178,557.322252,130660.554159,6.36832421344,10,
12249,588.357539281,482.619942,96643.9478898,4.60724952753,10,
12252,588.374513365,527.189532,2298311.17306,6.57480286196,10,
12253,588.396165217,346.903524,89509.2122013,8.41403119099,10,
12254,588.40668274,565.865064,42635.2020513,10.2725801261,10,
12257,588.430558476,828.37446,168198.291731,6.12301412058,10,
12258,588.67756759,619.07787,49774.1216415,9.84632324294,10,
12259,588.825330988,313.492521,190947.975942,4.89891271814,10,
12260,588.831968568,557.322252,53739.8726707,5.0216951111,10,
12261,588.93917188,1605.07659,361540.290094,11.5846440621,10,
12262,589.011953765,619.14897,46821.5888923,8.21189853976,10,
12266,589.153451421,603.53565,73040.8682173,7.48517873656,10,
12267,589.153443151,589.169217,219942.952354,7.71723298376,10,
12270,589.236745577,683.72547,33018.7095075,14.8257616862,10,
12272,589.25733608,308.743698,57181.8542042,14.6154084828,10,
12274,589.279586296,359.168649,2699450.53596,4.42385831475,10,
12275,589.283571527,410.639364,76750.9702164,13.619527816,10,
12277,589.292745487,135.795546,285277.136069,4.40211553659,10,
12280,589.295509044,913.158,125382.836181,6.52963881033,10,
12287,589.411112719,481.948542,36514.0042988,12.3025400978,10,
12288,589.401617271,847.68603,38570.1003056,14.5239828403,10,
12291,589.90344727,847.53858,24148.455078,7.70708023433,10,
12292,590.106862725,618.89442,25672.8065299,9.7593834961,10,
12295,590.201250778,282.63363,66088.366132,12.9238465412,10,
12296,590.204810118,681.9249,67856.9333108,3.81117768816,10,
12297,590.229648168,260.377434,30535.0462364,11.1194008019,10,
12299,590.240222527,63.973833,639423.552259,7.81431584626,10,
12300,590.263708967,59.9166552,4741666.41318,4.05744536763,10,
12304,590.30796922,557.1966,39773.6798747,12.2375024408,10,
12305,590.317942627,453.121938,24514.9991563,10.0317191093,10,
12306,590.334811996,483.805392,51017.1725914,3.42420408295,10,
12308,590.354169873,429.893313,75309.6373152,10.8905431468,10,
12312,590.414229653,464.325285,24661.4204331,10.6444991206,10,
12313,590.908380539,1605.76257,1121168.58123,5.02984404147,10,
12314,590.990433878,1605.07659,437633.877594,5.24947928439,10,
12319,591.199519537,678.57573,969302.424328,5.60490605271,10,
12323,591.252380474,635.76504,315189.673085,3.79612180041,10,
12324,591.267544359,59.8067235,1204277.90223,7.86772019937,10,
12326,591.297986399,150.491631,339322.748699,3.76028343294,10,
12328,591.291094525,470.306319,88406.230517,8.29265552666,10,
12330,591.300295212,325.021326,156240.52148,7.71547013832,10,
12331,591.312144126,265.864533,31029.9827913,3.04089616271,10,
12334,591.316598031,252.70836,59001.9992056,13.2912515916,10,
12335,591.33312233,71.988459,1174082.95344,5.9953916449,10,
12336,591.33410671,247.656897,37578.1410097,13.1213661312,10,
12340,591.705050743,599.445177,144323.827795,8.71692836939,10,
14743,719.201454277,31.800222,333889.473239,13.3907027113,1.0,[M+NH4]+
12345,592.168273444,635.1591,254247.723308,10.755114644,1.0,[M+NH4]+
12349,592.232955039,270.588741,127303.503948,9.63776494188,10,
12351,592.233572549,680.66892,168387.102809,6.24442910038,1.0,[M+NH4]+
12352,592.236390677,290.83488,48676.3873486,8.43507440884,10,
12360,592.32355147,375.945189,3906498.79161,6.49980282076,10,
12361,592.323197176,492.549564,146382.550935,7.02893030703,10,
12362,592.332774788,432.051558,1278482.58239,0.709185650746,10,
12363,592.341375476,278.470068,170913.775785,9.77288579433,10,
12364,592.349601068,438.875496,43242.1749868,10.9883722837,10,
12367,592.370660757,535.644042,180724.001377,7.04564789747,10,
12369,592.389027087,434.881245,612740.715984,5.82110750935,2.0,[M+Na]+
12371,592.792058222,356.291085,71574.1215142,12.5021399317,10,
12372,592.823353092,340.160025,3218460.12096,11.8306259221,10,
12373,592.825093854,375.945189,2389685.37493,5.7467966598,10,
12374,592.872140959,535.644042,95981.7020541,14.2567670792,10,
12376,593.002165761,29.5501896,231195.908373,6.31132403953,10,
12377,593.077155771,606.70407,187050.158401,3.80867756404,10,
12378,593.134320733,652.01214,32639.1356773,9.37656047217,10,
12382,593.271529772,387.418674,105745.005925,10.8072957831,10,
12385,593.288676,427.674804,37003.127648,2.08212355471,10,
12387,593.336130468,431.870808,416969.143819,2.70396509701,10,
12388,593.326810535,280.453368,59847.2963027,4.61195269778,10,
12389,593.349070785,60.329916,261759.049423,3.84813675612,10,
12391,593.364584135,919.1196,48978.3121735,14.8996791363,10,
12392,593.373930847,535.644042,26831.4287569,11.1416093641,10,
13456,637.381383142,504.978336,33964.1063899,13.6547368506,1.0,[M+H]+
12395,593.393171243,547.781757,57831.8217013,8.74322038628,10,
13698,651.649283808,1431.41028,3301176.05653,2.22386259004,1.0,[M+H]+
12398,593.782320708,389.96079,626748.50889,9.06229067429,10,
12399,593.774764206,247.477776,364113.148004,8.44719248528,10,
12400,593.805391189,251.983302,135264.822865,12.101538367,10,
12407,594.153029876,520.833591,71397.7931262,10.3757325552,10,
12408,594.194122031,266.802996,43810.6832854,7.25914516839,10,
12412,594.254617755,388.722483,3478228.64608,5.37207867608,10,
12415,594.269905454,261.877242,26769.3915793,12.8554498859,10,
12417,594.283070295,390.317667,323764.612131,9.26242115959,10,
12418,594.293113219,550.474788,48228.9006423,10.854803346,10,
12419,594.306660828,681.8676,126052.398726,7.58244988192,10,
12420,594.310134213,309.527826,272738.505553,4.13753459962,10,
12422,594.319310938,374.532381,1309742.13097,2.89866055438,10,
12424,594.338834086,431.649744,66547.5397212,2.31988448677,10,
12427,594.784987595,389.96079,123378.878635,6.53749479778,10,
12428,594.777324654,247.367346,65054.0222821,14.8925600026,10,
12429,594.820710627,374.532381,474180.252873,5.58246013756,10,
12430,594.819944078,484.062015,38402.8309727,12.5701339593,10,
15543,792.845827158,273.426933,69988.9716063,7.92658160976,2.0,[M+Na]+
12435,595.145538695,520.792332,90113.6666198,13.6165447213,10,
12439,595.257687931,388.689471,1170753.49981,4.26384046236,10,
12440,595.270436976,447.321345,85037.2200832,1.98614409306,10,
12441,595.27061855,335.373519,392995.052518,10.1210624762,1.0,[M+NH4]+
13238,628.34410735,426.277398,67563.9070166,14.1795552676,1.0,[M+NH4]+
12449,595.330092459,505.72383,28929.2941383,14.039699546,10,
12450,595.349267729,451.550124,40931.7895736,14.7336989717,10,
12454,596.186898939,637.91745,70937.1247747,7.65770450753,1.0,[M+NH4]+
12455,596.199736251,678.4731,79351.3404646,4.80345864656,10,
12460,596.260068355,388.722483,222707.086758,7.16911228162,10,
12462,596.278674296,358.52553,117643.379824,9.43669687019,10,
12463,596.276187737,105.677064,51692.2985541,14.0861379437,10,
12464,596.291588849,279.741552,97438.5279478,6.72898811358,10,
12465,596.289285361,481.87107,48893.7154825,3.57407476887,10,
12466,596.289484971,564.251472,34074.0480522,7.40602624149,10,
12467,596.300475849,323.464863,90549.9784235,6.67446124713,10,
12469,596.321442536,466.454814,190654.109407,11.2073169242,10,
13283,630.393256222,284.99193,130681.155355,8.13351763154,1.0,[M+NH4]+
12471,596.330853932,547.722828,55023.0563687,5.68109256046,10,
12472,596.344202717,334.444446,782756.362803,6.60516499182,10,
14469,700.349008405,552.583413,39241.0589706,12.6888611848,2.0,[M+Na]+
12475,596.36224728,249.146994,30949.374436,7.88460634382,10,
12476,596.376807758,622.87338,542222.973501,5.07165198024,10,
12477,596.711014139,622.88769,475419.492932,3.32475439352,10,
12478,596.756460979,354.050391,346705.399771,6.78088649899,10,
12479,596.765046702,266.216274,198719.528461,2.64301331202,10,
12481,596.895994679,29.1845127,283970.783246,11.1184768906,10,
12482,597.009289382,1605.07659,3599767.10173,5.78874546573,10,
12483,597.045666472,622.76568,237149.647763,5.50456679276,10,
12486,597.154868135,174.53733,60017.3070569,14.7695306305,10,
12490,597.235591562,239.890959,45097.8846798,13.0125683349,10,
12963,615.239873993,529.230144,380989.488482,2.92810123951,1.0,[M+H]+
12494,597.26658277,266.216274,138159.541116,8.47251692143,10,
14106,676.302918985,245.156145,56751.1898986,2.79354808518,1.0,[M+NH4]+
12498,597.321340176,584.103984,23954.102297,9.41283445827,10,
12501,597.380644847,622.64217,83544.9882695,13.9411198868,10,
12502,597.38100051,646.4409,103521.947907,5.13785143308,10,
13771,655.448290164,663.15054,144688.46263,7.10535936165,1.0,[M+H]+
12504,597.511664046,1223.058,41183.0913513,6.98366193488,10,
12505,597.789949921,327.278886,134970.220111,4.52475285168,10,
12510,598.139047725,73.901211,446640.620182,13.0440560585,10,
12514,598.234965692,400.519209,670570.719446,6.82744793977,10,
12519,598.294102215,126.917985,322741.224358,3.1363245207,10,
12522,598.294315592,661.6059,74996.3351888,2.87569067934,10,
13768,655.411988348,310.927512,701955.434925,8.08404618114,1.0,[M+NH4]+
12525,598.362208966,349.928016,513766.310008,6.85777488503,10,
14021,670.42204905,639.32757,90241.43672,8.88522117874,1.0,[M+H]+
12527,598.796043297,557.1966,32221.0938543,7.22408888933,10,
14177,680.819787588,430.632027,370546.227243,7.27534732816,2.0,[M+K]+
12530,598.967399792,1604.75955,444698.692168,10.9159764555,10,
12533,599.145244909,637.61364,150450.007822,3.39572733693,10,
12534,599.167994956,613.20807,189639.052305,3.74674280158,10,
12537,599.193443597,60.0795411,355143.683585,13.8015384441,10,
12538,599.23071234,547.526094,85868.3450405,7.75228542923,10,
12540,599.240448721,284.87007,407196.545261,5.91022140992,10,
12541,599.238195087,400.468347,189160.857223,6.26938877992,10,
12546,599.266017269,354.532713,194738.576285,7.89226164275,10,
12548,599.282108818,252.431961,170406.63597,7.22641002059,10,
12549,599.35566938,311.59989,188066.85412,8.57063188009,10,
12550,599.354806811,359.50284,109357.681403,7.70890038137,10,
12551,599.37519117,475.365132,149212.748773,6.06904528091,10,
12552,599.378528466,563.370765,1143236.67901,9.88057976242,10,
12553,599.374919148,366.124122,4333506.49333,0.927125282618,1.0,[M+H]+
12555,599.387374001,317.714202,187816.661037,2.21530708835,1.0,[M+NH4]+
15124,752.368281962,431.171901,62573.0885977,11.3931161805,2.0,[M+K]+
12557,599.430220736,425.540178,138625.293134,2.46778572159,10,
12559,599.82377412,325.954026,113549.341827,2.44402899876,1.0,[M+NH4]+
12560,599.880289459,563.370765,686225.469989,12.166599584,10,
12569,600.250264541,389.818152,19616.5638108,0.704794297316,10,
12572,600.277523784,495.505692,134111.822133,14.6467686703,10,
12573,600.309210352,467.094192,154480.465563,3.97728294043,10,
12575,600.333409227,192.194334,3980317.60559,4.65034106603,1.0,[M+NH4]+
12576,600.345515285,251.709396,205325.310933,4.69024615205,10,
12577,600.344926165,144.467259,1648786.379,2.31468690291,1.0,[M+NH4]+
12578,600.349217389,419.801616,171782.842427,4.14780771722,10,
12579,600.381827863,563.272605,256191.861545,10.2028701485,10,
12582,600.388933823,317.446575,44090.8444151,10.1837478046,10,
14548,704.858793185,1605.92256,497127.540625,4.81216689937,1.0,[M+NH4]+
12585,601.036660884,554.160939,47321.0009551,8.68517287099,10,
12593,601.198445145,630.6879,11888.7273516,13.6703367267,10,
12596,601.224359451,795.8343,19640.8276712,4.94614666618,10,
12597,601.244981684,564.648729,25646.364297,6.39506125035,10,
16478,918.428525192,354.566586,144829.537229,5.05836743836,1.0,[M+NH4]+
12602,601.284945084,681.72219,338244.350307,2.97633315526,1.0,[M+NH4]+
12603,601.281171958,96.625308,135932.80352,13.5393626213,10,
12604,601.293274895,75.770748,416347.636462,7.05007847665,10,
12605,601.316497041,285.089484,102237.864562,5.45130013587,10,
12606,601.317866,380.51124,45708.2252255,8.96211848482,10,
12609,601.333009612,547.146984,47942.7514008,10.8966748646,10,
12610,601.354071565,455.130414,172961.703273,4.57041215183,1.0,[M+H]+
12611,601.354289754,365.770344,1092703.79217,3.66631262406,10,
12618,601.856053282,563.22273,67646.8801744,5.73507041014,10,
12619,601.859478464,489.380202,1526426.40687,3.22121148904,10,
12621,602.075174004,31.7376708,96381.1545517,7.23199517337,10,
12627,602.277287451,447.493692,269717.570997,6.29358543651,10,
12630,602.316860305,392.268921,280406.876802,7.85519105795,10,
12632,602.331880989,102.343686,1896866.31418,10.5647561239,10,
12634,602.356871312,455.008242,43761.623342,10.6496683322,10,
12638,602.357709766,563.32248,40722.4793379,9.92005252365,10,
12642,603.058402529,603.69618,48828.6937754,5.4948366442,10,
12645,603.120754482,659.01414,44172.8131695,14.4681451457,10,
12646,603.17850901,681.8676,903126.841688,4.2608623565,10,
12650,603.266141383,298.408968,56390.1877901,11.6275668857,10,
12651,603.285710721,312.566328,79319.1139977,4.56418557721,10,
14881,730.386549546,457.935303,28972.8595476,7.75524759991,1.0,[M+NH4]+
12653,603.294962887,362.233116,52055.2946234,11.0107275768,10,
12654,603.291446818,476.830635,152674.21294,6.95001344548,10,
12655,603.296825388,134.05608,166274.763769,7.80803951328,10,
12656,603.31257228,778.41132,28352.189693,11.2425609735,10,
12657,603.320147195,392.174292,83338.2278794,13.7586960621,10,
12658,603.317739288,681.5769,29180.6509642,8.56584347962,10,
12659,603.333399599,276.583248,516752.487967,10.019130804,10,
12663,603.815866456,375.732546,163561.99903,7.58249279141,10,
12665,604.131784751,606.63375,206153.834322,9.10241691084,10,
12666,604.156537114,54.3704868,1327505.20659,8.50536482578,10,
13069,620.168548728,592.501029,124980.85154,9.34273861049,2.0,[M+K]+
12670,604.212484574,638.62938,29407.0565261,13.8944970396,10,
12671,604.238863702,234.210954,75718.4206535,10.3773415047,10,
12674,604.269969273,354.374028,29186.9326516,2.57504311111,10,
12677,604.28581712,167.641584,1390705.676,2.31190198682,10,
12679,604.293560325,512.887947,26871.5462019,4.32603810208,10,
12680,604.297469605,457.676256,160325.152326,7.75852580468,10,
12681,604.307385851,414.427764,1577793.18173,1.1841037948,10,
12682,604.310993446,265.864533,66865.9125352,10.4645497819,10,
12683,604.315134218,401.746284,253694.168295,10.1077008324,10,
12684,604.354844747,305.202894,68497.8784052,10.3152310024,1.0,[M+NH4]+
12685,604.365057395,678.57573,83266.4908662,10.5308422216,10,
12690,604.403889759,1609.54794,18594.6090923,8.66353795858,10,
12693,605.073809001,584.172852,29711.5529453,11.4361228766,10,
12696,605.15593913,602.98704,36810.8969031,13.1761235511,10,
12699,605.240138343,547.603443,176908.998205,5.00058667312,10,
12700,605.277328664,482.339958,33917.903774,3.97725798865,10,
12701,605.288610716,634.88364,149883.315938,9.83497182265,10,
12707,605.408634193,541.96641,32966.8813752,7.9196813905,10,
12708,605.524081064,1394.28588,3546548.27257,3.55552130033,10,
12709,605.799582526,336.397776,218914.61628,5.08384743396,10,
12710,605.882683804,663.3321,78245.0395051,11.7017523126,10,
12711,606.133391813,663.31431,93411.1280563,6.21762576398,10,
12712,606.16824823,638.66988,72760.6159592,7.46024986949,10,
12716,606.243307154,547.550844,48337.1514026,3.46556825731,10,
12718,606.269354144,308.394675,317757.249748,6.81690725961,1.0,[M+NH4]+
12720,606.284660129,252.792021,187956.121313,7.25283557956,10,
12721,606.279710915,386.974917,1444871.38826,4.1914393244,10,
12722,606.308136445,197.825343,2699232.60057,3.09632280061,10,
12726,606.356645339,272.402118,99464.7116977,12.3873915993,10,
12727,606.384216172,663.44211,63671.9023068,10.8917269481,10,
12728,606.456004191,1118.4957,5350458.83845,3.07906654077,10,
12729,606.634833968,663.44178,34759.6913833,8.55239284813,10,
12730,606.714809774,602.98704,107844.580979,7.43241843251,10,
12732,606.869740042,490.530828,79795.7638308,3.49398411904,10,
12733,606.882270626,1605.76257,1062323.86289,2.93401138766,10,
12736,607.101048457,520.312401,33088.9154475,12.4099650671,10,
12740,607.230097418,831.02934,23972.7356073,7.51665100949,10,
12741,607.260300899,669.93624,100451.252522,13.4398062448,10,
12742,607.269522123,326.927133,34851.8531538,10.7700530032,10,
12745,607.281125634,386.974917,395352.847963,2.84011903834,10,
14139,678.344120413,331.20483,1014165.85568,5.21101979773,1.0,[M+NH4]+
12747,607.292424055,127.580733,312557.201861,8.37343085942,10,
12748,607.287004292,252.70836,24469.0562139,6.79350059138,10,
12750,607.305336379,590.150238,52349.9465455,11.8258547755,10,
12753,607.336468706,427.965522,1084727.52671,5.3041543129,10,
12755,607.320434962,371.820285,174548.003875,5.50596702941,10,
12756,607.344125642,301.4352,41210.7373915,3.6404917821,10,
12757,607.343220357,404.603172,543395.207481,2.12841519392,10,
12758,607.352823882,306.572382,83633.2451407,10.7298167467,10,
12761,607.754832114,266.104497,130852.537168,7.97434278686,10,
12762,607.821233264,311.769147,75944.411339,13.0138962556,10,
12765,608.112143351,740.77308,43435.259127,4.93218427093,10,
12766,608.164947314,638.59536,41857.9632331,4.07915670424,10,
12767,608.185669756,479.403762,47304.5835179,11.0610921593,1.0,[M+NH4]+
12768,608.185702097,545.314536,23158.7721357,8.24520352293,10,
12775,608.269042219,65.031792,1480257.20107,13.3423275424,10,
12780,608.289188739,489.075456,76911.1891868,9.15749649232,10,
12781,608.278044555,350.612028,69425.1942433,9.85126838227,10,
12782,608.309880512,456.717504,5487156.39779,3.89442560094,10,
12784,608.301572404,511.608066,16071.4605315,6.75541540247,10,
12785,608.312287056,51.0035733,238678.472001,5.26477836484,10,
12786,608.323172963,371.721852,38385.4401575,11.4944656062,10,
12789,608.347220877,367.761711,124267.723273,7.14921566687,10,
12792,608.37499736,549.34635,317578.426204,3.6013667053,10,
12793,608.4190659,1375.16376,18362.9585525,2.42376075341,10,
12794,608.472032053,1149.39804,9188669.48202,5.88902282938,10,
12795,608.780550419,327.239622,74495.4408487,5.1288323457,10,
12797,609.154213101,520.462395,63935.1335417,7.41715389681,10,
12799,609.260665636,266.390718,39970.6644062,13.83982385,10,
12803,609.271887028,64.711548,340749.856134,13.8919031317,10,
12806,609.286352766,228.955104,321844.271225,4.38508897522,10,
12808,609.29205603,500.291391,40213.7747905,14.5124755759,10,
12814,609.378175916,549.370098,102573.662349,10.2157048818,10,
12817,609.84320093,563.490699,157589.444177,8.0151851294,10,
12818,610.082643241,589.29186,59389.5597954,5.70256192689,10,
12819,610.109295172,598.918404,7979933.55043,7.93731850203,10,
12822,610.128553669,520.792332,29936.2343421,12.5992062586,10,
12827,610.280774361,681.8676,126259.088577,9.56754236991,10,
12831,610.294891639,521.869578,49990.7562343,7.03423075567,10,
12834,610.315263109,456.789444,306148.501,9.56486177103,10,
14639,711.401683681,313.995516,1005639.50304,4.78578186378,1.0,[M+NH4]+
12837,610.32605632,244.361436,62587.4601052,11.3668865297,10,
12838,610.344693628,563.441856,82719.230071,11.7264554991,10,
14526,703.396584703,294.354441,1056150.29155,3.4825916261,1.0,[M+NH4]+
12842,610.390709269,284.306184,291116.879924,5.36451537106,10,
12844,610.39845473,410.152284,47756.0223858,7.72242935592,10,
12845,610.390131497,359.577282,150652.550733,7.52720967081,1.0,[M+NH4]+
12846,610.763195476,337.759953,793218.08056,2.83357014461,10,
12847,610.817461111,430.07331,97861.3919534,13.3782357361,10,
12848,611.051775325,626.33319,410824.194705,5.52884638211,10,
12850,611.1105322,598.99125,2909459.87589,7.25213392772,10,
12852,611.163565237,637.887,28182.0521495,8.70965134846,10,
12854,611.251288418,256.051707,168882.251253,7.13256599332,10,
12857,611.263270186,337.759953,338552.969742,5.67750660886,10,
12860,611.280901075,436.23081,76105.1048808,11.3607902348,10,
12862,611.310856895,400.329804,59168.232211,11.0425795879,10,
12863,611.314271518,287.563905,368290.205564,6.81529670115,10,
14004,669.329272777,66.319674,211898.559501,9.33107484078,1.0,[M+H]+
12866,611.328427775,328.76151,52290.5588715,14.1754511079,10,
12869,611.357328697,294.449742,150417.375773,5.95852985138,10,
12872,611.414863367,848.8209,37970.1092273,9.49339951365,10,
12873,611.484022541,464.428629,243366.279251,8.03513290931,10,
12876,611.801522214,375.673353,73675.7011302,5.78024269007,10,
12877,611.916882326,848.48232,20521.1229894,2.45643691951,10,
12878,612.080071938,589.263336,47370.8099755,5.30622511448,10,
12879,612.080727777,603.79362,18304.3566539,4.39119462484,10,
12881,612.107680831,598.845558,1427663.27906,9.01475083478,10,
12883,612.215898217,669.93624,37309.154686,4.63894572237,10,
12885,612.245770527,59.8067235,1132497.67605,14.3661083409,10,
12886,612.254097236,318.261072,49450.2932976,1.76540535667,10,
12887,612.254373769,255.940614,31147.5596275,13.9353419809,10,
12888,612.251282346,358.474644,49865.0866985,0.810233324641,10,
12889,612.280220247,505.533768,233098.077864,7.23860996662,10,
12890,612.308507417,122.878413,848432.613983,0.888398341685,10,
12891,612.303131075,313.797378,73002.6132308,14.3926750236,10,
12894,612.315428798,272.281434,58447.2339798,9.16977421179,10,
12895,612.337851315,350.01129,86496.7649361,11.1119587166,10,
14782,722.438506698,547.603443,65450.3568636,11.2633380836,1.0,[M+H]+
12898,612.370038262,417.86373,1953148.38209,4.55446016791,10,
12899,612.370004709,278.694999,1684425.10504,6.64746988314,10,
12900,612.359541819,355.361241,112020.000973,7.40347236785,10,
12906,613.108925229,599.091309,365960.401591,12.4176572689,10,
12907,613.108860474,533.317836,796424.044936,2.75138926582,10,
12908,613.108690184,556.235544,1241056.07453,0.396869291106,10,
12912,613.209009175,288.628068,329477.203554,8.41484826872,10,
12913,613.214477919,638.94414,47670.4773123,9.18396048226,10,
12914,613.23439035,635.88528,73266.3397153,10.696011442,10,
12915,613.261741127,292.807623,497134.00252,2.84085426549,10,
12918,613.278230003,615.10518,29806.0758961,14.6684907572,10,
12922,613.373354932,279.154572,511542.154239,5.79393565953,10,
12923,613.397473136,736.88247,31059.1518868,8.73639836431,10,
12924,613.389986507,512.341392,219099.40718,5.53732708258,1.0,[M+NH4]+
12927,613.636102071,644.95902,26976.2169478,13.9882557902,10,
12928,613.745119491,291.264246,76005.3892709,14.1766884077,10,
12929,613.931213094,29.294808,53711.714035,11.8605268732,10,
12933,614.165670286,680.53554,41199.1304332,8.11474818405,10,
12934,614.181258379,590.865486,34931.7090352,10.9700654176,10,
12937,614.265360518,276.25287,161280.987242,3.20733754858,10,
12940,614.292054641,284.99193,201059.921261,3.16719957262,10,
12941,614.295598883,567.54624,22022.2747031,3.38917856014,10,
12942,614.288716156,542.705856,22593.4944877,5.4283811014,10,
12943,614.303443639,834.98202,11024.9790604,13.9713656538,10,
12944,614.314565495,431.870808,71470.0782345,3.78740075414,10,
14527,703.396451668,147.228486,264883.343573,1.3885527541,1.0,[M+NH4]+
12948,614.360035675,287.593119,109151.193934,10.8990536355,10,
12949,614.383887991,542.34285,161152.59266,7.89875168694,10,
14440,698.442955985,340.79352,1162725.60358,4.27594002525,1.0,[M+H]+
12952,614.421611307,424.550337,61404.4546987,3.51724258962,10,
12953,614.836400428,435.687684,316672.197233,7.89832070054,10,
12962,615.23953845,512.166366,78400.9120916,9.5244031197,10,
12964,615.256870198,252.431961,85827.0935079,5.54815572591,10,
14423,697.430194197,441.329121,116763.114077,5.66992901008,1.0,[M+H]+
12970,615.406254144,402.076782,58589.099291,8.92708416949,10,
12971,615.711310679,557.934096,45478.7363359,10.1741745369,10,
12972,615.738533764,266.216274,168541.437197,12.4095842134,10,
12978,616.236539361,388.801707,204207.982847,8.24474673326,10,
12979,616.236605137,363.658716,166635.768141,2.25432003031,10,
12980,616.240289729,266.216274,96786.5489311,7.8478554282,10,
12984,616.253109212,69.656376,97177.0799051,13.1539811106,10,
12985,616.258392009,539.133906,48957.1535707,7.60676915963,10,
12986,616.271441294,311.226801,510260.525219,3.76077486251,10,
12988,616.328790173,305.153736,666628.376506,2.22299388136,10,
12989,616.401323482,495.469953,51701.3391141,7.27967965678,10,
15331,771.422537233,380.249262,509369.31587,11.8189955572,2.0,[M+K]+
12991,616.400947634,540.465468,16973.8779652,8.29760447802,10,
12992,616.889475423,665.64639,64626.0088241,5.65633848239,10,
12998,617.158527732,46.9726458,538148.864284,4.17077603376,10,
13001,617.24529869,529.030908,19539.7733841,6.83196259681,10,
15104,750.307629334,639.9309,57502.4251932,4.06530583096,2.0,[M+K]+
14400,696.354286963,255.214872,39519.0464122,11.7095956018,2.0,[M+Na]+
13006,617.311003453,47.417865,6095805.32741,9.72088854343,10,
13008,617.32401711,130.792896,837116.214551,9.25096076454,10,
13009,617.31257692,251.352774,1121146.9186,4.49887043439,1.0,[M+H]+
13010,617.32780513,333.368301,148068.918774,13.0687318649,10,
13011,617.331808483,266.4555,571397.090896,4.07523194428,10,
13012,617.331164433,361.88151,964717.487021,5.2670366215,10,
13013,617.349213173,400.054476,397857.868418,11.4530886296,10,
13014,617.360164504,259.456548,38754.3826721,13.8070179637,10,
14667,714.307250382,357.819714,234784.739628,2.47094696852,1.0,[M+NH4]+
13016,617.359510269,561.98823,457713.983631,7.4339587751,10,
13799,657.355051998,337.151772,355454.026335,4.93260627356,2.0,[M+Na]+
13018,617.385186222,146.411568,101467.119199,2.80241681778,10,
13019,617.437377764,1222.9863,24121.9902279,4.69623947551,10,
13020,617.791573664,433.312245,377576.772032,3.75728096513,10,
13021,617.78720315,305.844915,240764.261889,7.81782677324,10,
13022,617.83103258,533.685597,148303.16862,4.78717617709,10,
14605,709.107391955,626.1564,51935.2120081,3.85264778166,1.0,[M+NH4]+
13677,651.135621038,555.908376,26512860.7605,1.41223957797,1.0,[M+NH4]+
13026,618.064942783,599.191368,25283.8783561,8.60153228907,10,
13031,618.239381547,638.89074,504864.881424,1.86094856981,1.0,[M+NH4]+
13032,618.269631193,412.752834,247997.894695,6.01709017753,10,
14084,674.352798251,223.265787,245872.105417,5.88575168333,1.0,[M+H]+
13038,618.34189215,356.639334,498288.228014,4.23420206308,10,
15299,767.431868103,466.639566,63425.0271308,10.3141247783,1.0,[M+NH4]+
13041,618.3519976,399.940419,105811.799088,13.6215474967,10,
13042,618.358968248,456.717504,612702.09945,3.27629814465,10,
13043,618.362396091,626.20452,41374.2462121,6.33301891038,10,
13044,618.369317369,420.116664,45394.8432755,8.23257732538,10,
13045,618.4039895,590.783487,42964.3903161,10.8610280965,10,
13046,618.791918575,433.155027,60227.7281085,12.4019891306,10,
13047,618.807886968,484.653822,52048.7295878,12.7737614557,10,
13401,635.131432956,545.314536,82643.8317199,5.70427683219,2.0,[M+K]+
13051,619.152266542,681.8676,148762.284504,6.38537064995,10,
13052,619.157578946,479.46345,89275.5612307,1.40713952696,10,
13055,619.255869839,634.76517,161151.228334,7.71031161953,10,
13056,619.266858313,215.447655,85322.5008191,6.4418046861,10,
13057,619.295430963,681.69996,44728.1345322,4.05663361863,10,
14858,728.454995665,650.63736,79666.0786139,12.0324251776,1.0,[M+NH4]+
13066,620.141388288,70.568958,790407.139186,12.5597516828,10,
13068,620.161223056,479.823198,20246.8742733,12.7562589869,10,
13073,620.267111995,426.713712,33442.7951371,11.892210726,10,
13074,620.27870813,369.66816,102103.289796,10.3206153629,10,
13075,620.289802282,915.79122,253548.462397,9.1790068226,10,
13076,620.324537372,414.492276,270349.870724,3.83559634473,10,
13077,620.323626415,287.101683,1996122.00322,3.12019086477,10,
13078,620.313612377,305.748996,519704.707375,9.14199080166,10,
13080,620.402483669,900.94092,24662.8729394,6.79708262542,10,
13081,620.825684224,414.772695,87020.2979401,7.02342048158,10,
13082,621.055594566,606.61158,123908.080421,9.28227135777,10,
13083,621.109107889,606.63375,45526.6523518,7.86091806192,10,
13084,621.171512672,592.414368,31790.7361039,13.8384067729,10,
13086,621.213512169,512.709933,68319.0377787,6.46858054342,10,
13087,621.212207777,547.656042,199218.681073,12.1935598097,10,
13088,621.222400521,99.182808,466454.077339,11.1840594888,10,
13090,621.25933199,72.07179,557081.276568,7.31425417637,10,
13091,621.276197003,424.832964,243585.045416,4.88499792436,10,
13092,621.293341891,915.52884,68393.8306002,12.4653044336,10,
13093,621.305825493,49.0066158,1303625.07461,11.4973551514,10,
13094,621.322807216,237.789702,1362387.74318,7.01469970404,10,
13096,621.341264607,406.212978,261232.270083,3.73316526683,10,
15175,757.480775486,399.665934,637150.155132,5.46231588686,1.0,[M+NH4]+
13101,621.391651172,569.409552,829106.241277,1.98992689971,10,
13102,621.518762018,1400.39478,46071.1363909,10.3722052629,10,
13104,621.754155644,337.411884,44970.0632967,10.6149450061,10,
13106,621.86735504,469.573755,116650.863933,7.52026122762,10,
13107,621.893202269,569.281833,505802.109435,6.20065321346,10,
13112,622.257918424,252.792021,72439.0243495,11.1139350583,10,
13114,622.281245838,417.25509,2118798.0559,3.00272009512,1.0,[M+H]+
13115,622.296018293,302.943504,151984.622581,8.51128444726,10,
13117,622.32537753,619.73268,488748.76197,7.39475907424,1.0,[M+NH4]+
13118,622.326230585,237.530604,407142.770301,3.86021195825,10,
13120,622.341924465,867.18486,11521.5157847,10.6951084576,10,
13121,622.372019204,400.054476,46567.6485712,8.52683380382,10,
13123,622.394425833,569.080986,171043.54532,8.86079022262,10,
14931,734.816293727,29.0657832,25429.294333,12.2556656686,1.0,[M+NH4]+
13127,622.856069672,1605.92256,636521.904589,4.08104503656,10,
13130,623.188989368,489.408075,35219.0073909,5.76705283581,10,
13132,623.188847327,615.35586,25323.3375269,6.56058863474,10,
13135,623.281092409,417.654054,7543383.80184,8.17605973485,10,
13136,623.303031258,345.591147,409865.510154,6.20314701683,10,
13138,623.301215218,484.062015,51171.8507301,7.62643711712,10,
13139,623.310843229,102.79413,490133.895756,4.07488607475,10,
13140,623.305163295,283.378608,44013.1640232,5.01137490068,10,
13141,623.315188152,439.841373,84137.4201614,10.0391034198,10,
13145,623.350213338,435.611328,93556.9983082,4.9806447771,10,
13146,623.358094804,286.590756,176031.803846,6.42686861918,10,
13148,623.381633647,600.3885,192339.907512,7.01304834226,10,
13152,624.178449016,661.22574,17624.3906027,11.8694251065,10,
13154,624.273558582,246.764397,40062.3692847,10.567354459,10,
13156,624.286604274,669.93624,228114.940427,11.5242707304,10,
13160,624.316757916,332.55402,41536.206214,10.201546999,10,
13161,624.337594504,528.483444,136979.414729,7.58394361973,10,
13162,624.384580841,600.34218,51913.8229242,3.04013883675,10,
13163,624.406330902,368.3091,6388796.21984,2.96081023484,1.0,[M+H]+
13164,624.479267597,464.428629,508298.524946,2.94110864541,10,
13165,624.766339125,333.919011,307769.799715,6.52173278841,10,
13166,624.848186268,541.980348,38224.6575839,10.6699524535,10,
13169,625.127922069,520.313931,41720.9854125,12.1868436754,10,
13172,625.244898306,915.78954,29588.7568173,12.7956560005,10,
13173,625.240671523,102.79413,115565.780912,6.52390305308,10,
13174,625.256188593,87.405093,199922.012022,4.77988391389,10,
16380,896.460172784,434.017866,191749.463034,11.7775118226,1.0,[M+H]+
13983,668.308879266,222.975462,88890.0430526,12.5994704411,1.0,[M+NH4]+
14094,675.31128757,311.939082,774568.922227,6.65465478076,2.0,[M+Na]+
13180,625.341060142,528.271752,39763.5058839,6.57311564626,10,
13182,625.352176431,542.480784,40305.5145866,12.4476743723,10,
13187,625.727427143,629.85168,290531.557893,3.6601193335,10,
13189,625.83204549,441.21318,105707.226341,5.94352998247,10,
13190,626.061856211,629.85168,261714.660802,5.19806697782,10,
13193,626.209581532,678.4731,58436.1923716,10.8668122286,1.0,[M+NH4]+
13196,626.285093183,434.11443,37103.8659477,12.5761264438,10,
13197,626.284856163,222.623586,87733.7709289,13.7841484903,10,
13200,626.345002056,432.0105,27871.6552422,13.294493328,10,
13202,626.385648407,279.504405,139098.748606,3.58832715175,10,
13204,626.396083825,629.85168,145566.13285,6.69408152888,10,
13207,626.730240609,629.69388,54461.967584,5.68324416457,10,
13208,626.81807362,381.131541,371644.861761,5.85564359284,10,
13209,626.841437925,428.90169,39652.0431027,13.9420704005,10,
13211,627.079880584,544.935858,19128.3374907,5.7940088608,10,
13213,627.095600862,652.761,24297.4179245,10.4671304702,10,
13215,627.220251402,547.603443,226606.596453,6.75510277527,10,
13218,627.27246241,313.651524,174296.285494,9.73480597201,10,
13220,627.308141679,297.420435,940702.810774,2.2101942112,10,
13222,627.326508397,152.94807,140915.702503,0.117879997274,10,
13223,627.333201177,494.791326,183226.259643,2.56874944316,10,
13224,627.344114391,428.735436,25158.9618631,1.7284615956,10,
14508,702.380358656,386.465355,346476.444389,7.92219928495,1.0,[M+NH4]+
13227,627.374865537,613.6341,21668.0276304,6.209488576,10,
14059,672.426705249,393.22992,48277.5942148,10.5679843124,1.0,[M+NH4]+
13229,627.895721067,667.94532,54369.9339158,7.76306648473,10,
13230,628.146561753,667.83366,64001.5351916,8.49844979523,10,
13234,628.310562409,297.420435,265290.415727,6.25577517568,10,
14434,698.38144019,365.461023,4819011.24147,5.58697478927,1.0,[M+NH4]+
13237,628.328649959,404.406546,98645.4723715,13.6750903816,10,
13239,628.343616358,355.031886,85503.1018929,10.3136130403,10,
13240,628.354888714,156.815064,256675.875797,2.02298601938,10,
13241,628.364629419,438.518427,52664.7258267,3.12579141474,10,
13243,628.437619888,587.220546,31274.6959226,9.37231710073,10,
13244,628.819864341,324.511143,132276.04975,10.2002275332,10,
13245,628.882751184,496.742928,66930.3513387,9.55085292644,10,
13246,628.956976109,1605.12651,3322990.47971,7.42844002199,10,
13248,629.241855481,669.93624,86672.040025,14.5856584981,10,
13254,629.281309243,444.21231,64533.4611656,3.41550109253,10,
13256,629.312916077,297.60789,140212.000647,7.26626784665,10,
13257,629.335136851,131.414607,3188051.15211,1.81569654369,10,
13259,629.367938406,161.521635,178442.834036,8.28105524428,10,
13260,629.364008023,420.375684,183654.505466,10.9840056863,10,
13261,629.378097304,308.910576,46905.4633028,4.09002506822,10,
13263,629.515881032,1434.56637,7409167.8086,8.84768068147,10,
13265,629.770924971,368.068188,99248.5625307,9.04189811694,10,
13266,629.794607302,427.225497,585513.973725,6.04223912892,2.0,[M+Na]+
13267,629.801513313,372.092325,144395.15554,3.8176105105,10,
13270,630.19956092,158.904447,1572468.48355,1.58398209808,10,
13273,630.268068009,241.662705,87896.9875525,6.51197905362,10,
14708,717.336952718,455.913576,1429772.11393,11.37291646,1.0,[M+H]+
14311,690.418438836,391.659042,122510.760321,7.0945769009,1.0,[M+H]+
13281,630.398892464,461.169693,42034.0031855,12.8648223445,10,
13285,630.547347051,1505.83032,31341966.719,5.97995855121,1.0,[M+NH4]+
13288,631.011933082,589.169217,31785.9258912,13.9668669321,1.0,[M+NH4]+
13291,631.112264787,1355.37888,69109.6182475,6.0374737054,10,
13292,631.165661618,274.967115,54112.8774285,6.00071670168,10,
13293,631.209381619,300.696564,36507.8471033,6.90026912115,10,
13295,631.259104781,31.742535,116238.690566,6.50940459384,10,
13298,631.292547855,93.925785,95671.4398092,10.2702079766,10,
13300,631.302929172,187.93215,2895723.08528,6.29203490349,10,
13302,631.327690661,240.59358,211685.036876,6.39753787748,10,
13304,631.327920216,406.25916,235515.239954,1.68175932997,10,
13305,631.346564889,302.943504,90395.0759991,3.81108039382,10,
13306,631.326294741,444.175551,526135.002996,7.78765703668,10,
13307,631.339587895,212.447721,861105.032615,5.13701611142,10,
13310,631.383797245,390.683106,828826.106325,9.15875533432,10,
15627,801.386040072,483.878016,24075.6798295,8.39622624316,2.0,[M+K]+
13315,631.856102581,568.739043,97247.3062623,8.24182759122,10,
13317,632.039768498,599.445177,279822.361228,13.56936705,10,
13318,632.039800417,556.100982,1490029.66638,6.21110332795,10,
13319,632.210195601,388.801707,87041.620574,4.85770564947,10,
13324,632.323582969,267.832554,521489.122018,3.20800741697,10,
13332,632.338965455,561.279672,476547.914491,2.06156700916,10,
13333,632.337908238,527.117964,26133.7525653,1.65206497304,10,
13336,632.33846158,415.180368,1229112.0977,2.46883601803,10,
13339,632.386228396,390.683106,170039.178913,13.8288512771,10,
13340,632.384596071,406.96116,454664.426146,2.48993526598,10,
13342,632.456660311,830.5368,126234.20764,8.13213998474,10,
13343,632.534286381,1371.88326,53787.9013567,9.35110002849,10,
16535,929.574164222,629.85168,76795.9205696,5.52250202188,2.0,[M+Na]+
13345,632.734888416,272.871054,69282.4300727,11.7755363932,10,
13347,633.036864386,556.100982,1044405.55797,4.82775755721,10,
13354,633.29741162,300.501069,1702668.38034,3.89266978966,10,
13356,633.300923559,279.716745,287509.435197,5.34701681315,10,
13357,633.318796815,144.296508,770324.226943,3.8317165123,10,
13358,633.319068748,448.970061,21181.0525791,11.1042038588,10,
13359,633.323283267,737.07543,36433.0253301,8.75506627803,10,
14809,725.380561563,261.525252,190849.350892,5.53728458578,2.0,[M+Na]+
13362,633.330939383,485.381448,246284.045451,6.76210896088,10,
13363,633.343256565,309.936024,81316.9591605,14.1548622828,10,
13366,633.359071537,516.811023,370040.693802,6.8109213523,1.0,[M+NH4]+
13367,633.355384709,358.910406,53042.0276064,13.2649792233,10,
13369,633.372669884,629.85486,24092.3870128,12.9618295081,10,
13371,633.427972117,849.63042,37861.7312697,10.7505272532,10,
13372,633.431722777,494.761143,94242.3525159,11.6175396819,10,
13373,633.460020672,830.83518,33900.1445321,7.49670280807,10,
13374,633.80024982,257.701752,26831.4556104,12.0291143235,10,
14205,682.865761842,360.011502,93195.7931277,14.8778753594,1.0,[M+NH4]+
13376,633.929300541,849.55848,21773.2133531,8.8679477058,10,
13381,634.110560114,639.97998,38562.5706486,12.9677441733,10,
13383,634.281802058,455.053548,33109.0902792,14.1601681837,2.0,[M+K]+
13385,634.305494035,950.98974,67668.3722897,11.7113009587,10,
13386,634.31873355,295.847478,424765.808959,5.87756853818,10,
13388,634.334691641,326.265774,43301.2506038,14.8723616456,10,
13391,634.351702739,417.86373,185177.634483,10.1503963051,10,
13392,634.361751548,333.224136,1584598.40335,3.79588247921,1.0,[M+NH4]+
13393,634.353698767,438.44169,56535.6781419,3.7637434648,10,
13395,634.388101553,294.912135,71242.7397648,10.4861265192,10,
13400,635.135343156,71.988459,3035907.74638,6.39027843245,10,
13402,635.232791221,635.01618,183530.107108,8.92245917459,10,
13404,635.317290192,474.279195,3605800.71253,3.32388913552,1.0,[M+NH4]+
13406,635.354165525,417.697359,37291.9275614,11.7499740023,10,
13407,635.349921408,307.890546,217542.660965,13.5885326979,10,
13409,635.410872573,436.683804,155702.830963,8.56199146261,10,
13411,635.731791843,609.94164,104351.733035,6.30658522966,10,
13413,636.066299602,610.14564,97650.1428175,7.91647505946,10,
13415,636.13572108,480.133824,140228.336574,11.428170046,10,
13069,620.168548728,592.501029,124980.85154,9.34273861049,2.0,[M+Na]+
13418,636.225404729,458.419266,19786.1392781,8.64371298493,10,
13419,636.293138266,66.640548,1423205.19972,1.6302744609,1.0,[M+NH4]+
13707,652.262513508,404.837292,108765.902122,11.2026401393,2.0,[M+K]+
14877,730.327096746,379.575975,178498.34649,10.4710142616,2.0,[M+K]+
15344,772.38149091,326.631705,49773.3581581,6.742160645,1.0,[M+H]+
14072,673.328661488,392.643276,40314.0094448,14.54400686,2.0,[M+Na]+
13427,636.337954298,467.010819,56291.0001698,12.6801734426,10,
13428,636.35721735,682.07733,80815.0174656,13.4812060444,10,
13431,636.377571333,406.015767,194880.518569,4.64429055378,10,
13433,636.397415349,838.79607,295166.850267,8.69418227265,10,
14800,724.458560018,448.270875,396714.030944,7.45232820362,1.0,[M+H]+
13436,636.851140287,378.81516,145657.495618,5.60079887206,10,
13437,636.898542556,548.067159,110506.98647,1.8626243937,10,
13438,637.046130928,598.535226,21714.7408033,4.64267060982,10,
13439,637.102377887,639.18696,138543.710161,14.5784505536,10,
13440,637.136371834,480.318012,34938.1514122,13.805963455,10,
13441,637.216455851,1079.4534,25212.9594968,13.8764853767,10,
13443,637.220664534,258.778488,52337.0834643,9.06400318237,10,
14399,696.354863573,552.834906,133982.723322,3.40088462075,1.0,[M+NH4]+
13446,637.2965825,582.425709,50000.8367461,4.80606350056,10,
13448,637.306328788,361.516596,43183.0225192,9.28996945503,10,
13450,637.317536072,455.130414,67441.5251012,6.90984511997,10,
13451,637.317505015,285.954252,526432.065111,3.51563513201,10,
14557,705.375846032,229.594329,410054.639863,5.53243647551,1.0,[M+H]+
13454,637.3467695,384.64824,133381.12941,11.8207705633,10,
13455,637.380420279,405.955698,30448.3051175,9.01902990863,10,
13457,637.390632842,919.7931,29124.8503693,11.978683994,10,
13458,637.399680369,547.759068,34659.8435936,12.168781603,10,
13459,637.426690761,461.525943,51172.9371556,11.9738073492,10,
13461,637.848602732,384.764412,100737.400389,14.5297778484,10,
13462,638.100077326,31.7953578,165532.245557,7.54729021509,10,
13463,638.1371214,479.765697,27806.3007529,12.5098679908,10,
13464,638.14043998,555.927084,10153433.9812,3.05670707283,10,
13465,638.214204254,1355.00202,25299.7078233,12.6875755823,10,
13467,638.295811667,281.172555,275098.128337,9.7303529137,10,
13469,638.29983906,612.44598,278091.155049,8.37048043005,10,
15522,790.391851699,242.705334,122391.98916,7.90644093811,1.0,[M+NH4]+
13471,638.332030199,229.908666,257770.446274,6.90246240017,10,
13473,638.349262626,260.493423,237489.182463,5.90958835016,10,
13474,638.360722368,285.540537,725843.141767,4.69938068756,10,
13475,638.829667794,1606.08306,213996.050231,14.3286275223,10,
13479,639.141949559,534.186228,3191148.41019,4.95452105937,10,
13480,639.145195007,682.52076,25791.2907357,5.44735312127,10,
13482,639.162986093,592.94505,26753.6522513,9.62942416968,10,
13483,639.162988587,489.344394,47713.9383269,6.87242258724,10,
13485,639.241209834,286.38441,252176.9948,13.1405248613,10,
13487,639.297336678,281.023002,46561.7909192,7.142704961,10,
13489,639.303933355,612.19416,68199.5116169,10.4696803534,10,
13491,639.319256489,214.459212,605422.928253,3.91402505865,10,
14255,686.442441315,455.053548,54695.1336573,11.2538997088,1.0,[M+NH4]+
13494,639.356684783,470.865756,283020.852873,1.98678858836,10,
13495,639.364392032,285.358104,193874.219943,7.88041247585,10,
13496,639.380641715,302.04432,411755.106674,3.16348376082,10,
13497,639.388451559,370.702695,80665.9584752,10.4405789203,10,
15075,747.365182186,670.03164,20835.2231533,11.1225199015,2.0,[M+Na]+
13499,639.742954114,286.272003,147645.129667,9.9419767994,10,
13504,640.244223033,286.272003,55756.2100038,13.5720524736,10,
13505,640.255120529,241.83183,32712.7018612,11.0468543671,10,
13507,640.295841566,539.767629,23754.3588088,10.1932341186,10,
14380,695.331509787,223.329342,26007.327055,12.6887103289,2.0,[M+K]+
13512,640.359140855,470.775312,48758.3081144,10.2352662777,10,
13513,640.353232132,455.180064,74585.1695359,5.92878810702,10,
13514,640.365007151,426.713712,48319.1255083,11.1909227416,10,
13515,640.364845161,512.713365,51783.7931791,10.8882767346,10,
13516,640.364839119,243.85548,516631.402793,4.91025497408,10,
13517,640.402984747,633.23295,266175.763069,7.78407780062,10,
15561,795.401757108,466.923294,669918.523783,3.7062612884,2.0,[M+K]+
13520,640.437416986,375.970902,448228.566973,5.98063816505,10,
13521,640.737250698,633.20649,264439.699167,10.4032293808,10,
13525,641.218797765,915.65835,51433.9960595,13.5410953103,10,
13527,641.253622726,244.560612,29636.4734968,14.6280695478,10,
13528,641.303780142,469.938387,28700.3652126,7.39800424406,10,
13529,641.302619178,362.953638,204268.329379,5.03103272365,10,
13533,641.367611071,294.795492,128341.378056,8.93573060816,10,
13534,641.385210471,324.724395,175879.610835,4.14769784698,10,
13535,641.40715118,655.18575,71373.4477078,9.08896265881,10,
13536,641.440486277,376.029723,141706.654162,3.72729675328,10,
14877,730.327096746,379.575975,178498.34649,10.4710142616,1.0,[M+H]+
13540,642.318977572,124.925607,2634414.04921,2.90904114875,10,
13541,642.312872509,439.75344,33972.7604083,5.31232978011,10,
14401,696.36570552,372.438885,364583.762886,7.60791414117,1.0,[M+H]+
13543,642.337807574,334.62051,30631.200578,13.1239590997,10,
13544,642.359493004,470.306319,329565.018906,5.55769722813,10,
13545,642.355129057,251.271486,25032.2782939,12.1149688932,10,
13546,642.380314494,406.661202,813689.870029,2.64653632967,2.0,[M+K]+
13547,642.404233737,647.8977,29912.7618562,14.8681434814,10,
13548,642.416545964,373.911099,73296.0234711,9.2190692273,10,
13549,642.832630191,359.006628,104628.555089,13.9089249747,10,
13550,643.032800219,606.61158,49313.0272289,13.9655578567,10,
13551,643.053132397,544.935858,10754.5240903,7.18976957333,10,
13552,643.194241855,547.526094,359391.100569,3.05748394888,10,
13553,643.189111284,29.5501896,61219.0501992,14.4111782046,10,
15406,778.370723886,368.904753,77328.4220881,14.3307563877,1.0,[M+NH4]+
13556,643.30342695,288.723444,82350.1540102,12.3995872607,10,
14581,707.334025781,358.160592,706841.274294,4.94275687461,1.0,[M+NH4]+
13559,643.35151953,248.711595,228390.319541,3.54716683615,10,
13560,643.350827929,160.305819,987027.22955,1.63648014359,10,
13561,643.361764178,493.42344,67226.2632508,6.4638405089,10,
13562,643.363830578,382.933788,95407.2866448,10.2161078594,10,
15221,761.383936514,351.98865,1530649.16781,6.12659434839,2.0,[M+K]+
13566,643.404749437,574.796955,784492.686264,8.93260053874,10,
13568,643.848647005,340.190532,126801.927875,13.9189844831,10,
13570,644.185717061,52.7847669,365720.10234,9.27931944958,10,
13573,644.215126575,141.306066,639644.567572,5.88855160161,10,
13579,644.313290664,301.035729,62158.2573265,4.0488066306,10,
13581,644.334764852,87.11637,607647.67254,3.3774170425,10,
13582,644.338642695,366.017898,3160540.34313,2.28299085362,1.0,[M+H]+
13583,644.370893396,183.0699,1268049.6169,6.32409418574,10,
13584,644.381310429,566.197509,48478.6526599,7.21003332801,10,
13585,644.930818065,1605.12651,1425313.14582,7.71884326693,10,
13586,645.163225212,682.57725,92795.6107921,10.1049950124,2.0,[M+Na]+
13589,645.215716104,669.93624,41645.3175941,12.9725945012,10,
13593,645.318628843,152.042505,822573.74739,4.73051333021,10,
13595,645.357876742,504.268956,910228.768489,7.42918240812,2.0,[M+Na]+
13596,645.354467298,181.634901,3521729.05709,7.02237375778,10,
14547,704.458868435,476.64807,51556.3030091,2.34800389985,1.0,[M+NH4]+
13599,645.604054808,1546.68132,195387.075585,11.951381223,10,
13600,645.666542975,29.5347852,36765.0863552,8.68481585279,10,
13601,645.859985636,384.70116,59970.8234745,6.25659358008,10,
13605,646.265492128,456.717504,160715.907976,5.83333404575,10,
13606,646.344345149,366.12852,198370.68166,3.54413880959,10,
13607,646.338960654,174.859524,119447.346148,9.90297710544,10,
13608,646.339243396,141.878712,199347.479436,8.81391238125,10,
13612,646.399376352,534.36735,545447.003275,7.38036483673,1.0,[M+NH4]+
13613,646.427144615,495.110955,2379834.81859,8.67944421582,10,
13614,646.472099079,876.9129,37082.0380527,7.89331730541,10,
13616,647.120801604,639.63624,38335.0745163,14.2503673353,10,
13620,647.215584469,681.87672,59142.3229471,13.0032548546,10,
13622,647.258945492,496.93539,106313.779392,6.84617304731,10,
13624,647.269635892,100.57389,476974.118211,5.29946358577,10,
13625,647.319900162,420.25149,256227.084955,13.5022463454,10,
13626,647.334567866,173.30496,551457.502938,5.61482082647,10,
13627,647.340873245,68.466399,577310.688289,14.9701085368,10,
13629,647.370643686,138.00786,1458975.91237,4.42948985451,10,
14789,723.437854015,372.866727,2130732.95214,2.9988844456,1.0,[M+NH4]+
13631,647.391213982,487.594005,110315.4569,6.77688646821,10,
13635,647.760167752,496.752708,67825.5132733,13.7727580758,10,
13636,647.833972788,381.801912,142569.85494,10.3869352543,10,
13639,648.260745127,496.58646,27822.8726474,7.76831965051,10,
13640,648.283164946,449.322309,119084.133332,13.0035438296,10,
13641,648.31001212,355.415412,145096.906622,13.5835411036,10,
13642,648.341454248,518.316327,57675.6347129,8.41953652216,10,
13643,648.354752427,73.490496,227195.321817,12.3054158755,10,
13646,648.405098001,533.801076,23821.0938624,5.97895497247,10,
13649,649.156303246,555.313659,161578.466239,2.32916588246,10,
13651,649.292473298,307.81125,268614.958457,9.33653114932,10,
13653,649.353714403,299.496504,395617.708462,10.9286114545,10,
12800,609.25695056,669.93624,73570.2842983,12.8157040039,1.0,[M+NH4]+
13659,650.285272836,42.540477,689891.251723,12.1805553779,10,
13660,650.316741985,258.517776,52572.4098822,10.9461662413,10,
14379,695.313255522,504.092334,129854.539669,9.12133091977,1.0,[M+NH4]+
13662,650.312456672,315.392646,1040335.50305,0.545719996046,10,
13663,650.349083342,348.304524,645773.387667,5.35726070007,10,
13664,650.371816806,393.505917,43869.9256312,13.9361745406,10,
15648,803.484420463,350.644719,168588.448444,4.02516787614,1.0,[M+NH4]+
13666,650.410764717,671.93922,31214.2914321,4.17671839427,10,
13667,650.772515861,330.639198,83205.1157146,6.54971016362,10,
13669,650.848600173,334.669959,189435.644099,11.4988399523,10,
13670,650.845512871,359.10285,34692.2325909,11.0910694765,10,
13671,650.895923638,502.493082,45078.2152792,13.2266979439,10,
13674,651.076627343,639.67218,155393.680222,9.57357173284,10,
13401,635.131432956,545.314536,82643.8317199,5.70427683219,2.0,[M+Na]+
13681,651.269768017,94.097403,171974.132352,4.08150773372,10,
13682,651.27440818,330.639198,54634.2615111,12.1564310926,10,
13683,651.308817595,356.783892,155924.659222,11.5722155121,10,
13686,651.32364429,290.753871,56860.5851016,14.1072588282,10,
13688,651.316046003,315.321456,317448.348962,4.051653435,10,
13690,651.315349269,341.776266,545223.268848,10.2564454619,10,
13693,651.34916875,334.951752,74511.4730188,9.92126091376,10,
13694,651.352115566,348.126399,179957.648604,7.88128812306,10,
13696,651.384713787,545.304348,64751.9601475,11.3700581118,10,
13697,651.442274344,490.176066,20001.9844816,13.5452963247,10,
13702,652.131551103,640.05702,241804.841149,3.78350345768,10,
13706,652.272277564,93.53331,38806.2716505,7.29155820297,10,
15170,757.371039471,294.167853,82005.9988721,8.85404360287,1.0,[M+NH4]+
13709,652.307405663,418.316652,173672.819954,11.1029497036,10,
13712,652.31603139,859.61556,54967.5702847,8.68109593117,10,
13713,652.318203817,315.050886,39460.5198539,11.8532191852,10,
13716,652.376430631,384.936225,135824.655222,9.60397955059,10,
13718,652.477587179,1506.18882,2515389.06687,6.49123555606,10,
13719,652.498105115,1147.11876,8647337.31687,6.0127479004,10,
13720,652.844259399,416.5704,751177.038756,4.37348007122,10,
13726,653.263664897,250.55949,88172.1108091,2.28067001673,10,
13728,653.287306714,217.423884,569729.831789,6.26538608357,10,
13730,653.312475972,284.502882,74442.8762344,10.2822636018,1.0,[M+H]+
13731,653.345762597,416.50467,479637.053208,8.25127660246,10,
13733,653.365360485,390.767298,60401.0716558,12.9372386886,10,
14977,739.432763538,412.402581,6810114.9454,6.2818598643,1.0,[M+H]+
13736,653.421308125,479.403762,216338.517477,5.81956984377,1.0,[M+H]+
13739,653.846985555,416.50467,186408.579935,12.927973535,10,
13742,654.135324335,533.904162,2163198.31157,1.71192676584,10,
15520,790.37358948,331.20483,38371.3938223,6.77511727614,1.0,[M+NH4]+
13744,654.286485864,374.180451,1244120.71422,6.11472864765,1.0,[M+H]+
13746,654.28946753,296.060628,145142.706178,8.97791581107,10,
13750,654.313487179,239.366208,659179.006454,8.7039165976,10,
13753,654.416776414,343.573908,60489.0298792,14.4317628204,10,
13756,654.81482682,239.015955,417310.932886,7.35705403526,10,
13757,654.968474975,1604.829,131672.576257,13.9073677311,10,
13770,655.412512857,636.18768,258572.61866,5.33457162909,10,
13761,655.137130581,489.435948,21312.5223497,9.16966417869,10,
13763,655.285709104,361.652028,29063.1009435,9.55555069332,10,
13774,655.817420322,238.932606,34190.3275054,11.7080072936,10,
13775,655.834500676,361.164102,53983.8252869,13.397411679,10,
13776,656.013462163,698.91264,28570.7739338,4.08209705789,10,
13777,656.093162756,639.9309,64743.2279913,5.43043551692,10,
13783,656.407739092,383.706288,321693.574349,7.52972616925,10,
13785,656.419775661,742.04478,60549.4762314,5.01031995952,10,
15186,758.442711974,476.463507,179154.33065,6.80424203504,2.0,[M+Na]+
13788,656.937210603,1605.6033,325347.428693,10.4401532508,10,
13792,657.235740095,296.976138,50241.6623688,2.46440664182,10,
13794,657.284733714,512.528742,97410.8009928,11.6140163396,10,
13795,657.285722496,296.547324,537543.893715,6.74575723283,10,
13801,657.399527687,283.965561,582626.895073,7.86971106058,10,
13804,657.391367519,341.441886,105809.002303,7.08094970337,10,
13805,657.410904908,383.494659,91222.0414888,9.77818530115,10,
13807,657.746185033,258.42336,35816.0027997,10.0915964865,10,
13808,657.829325484,395.66811,2062608.62701,2.96255391006,1.0,[M+H]+
13811,658.288411036,426.058422,68389.3500517,6.70683858136,10,
13812,658.287861742,512.707716,29989.4777544,8.87079191743,10,
13814,658.314331995,253.37886,44226.804225,11.0102591214,10,
13815,658.327200237,528.756618,181007.906085,3.73944166154,10,
13816,658.341821329,646.24641,191842.092618,2.25778952896,10,
13817,658.348994961,252.15756,72631.7506709,8.44848651677,10,
15540,792.432245663,397.299231,45653.3775705,7.79844611531,1.0,[M+NH4]+
13821,658.409782254,553.802439,174340.27796,10.3318343699,10,
13822,658.412006077,314.33814,30618.6019001,5.5998480291,10,
13823,658.413228959,383.641914,22429.5900658,14.7604672506,10,
13824,658.431099774,366.017898,197764.088914,4.70515950257,10,
14995,741.427585212,521.869578,108147.082513,5.08123117045,2.0,[M+Na]+
13829,659.019948442,588.945864,26183.5998908,14.4501392312,10,
13830,659.168228474,547.603443,187086.238804,3.98402110306,2.0,[M+Na]+
13831,659.177872775,31.3209468,377171.409125,2.35250833958,10,
13832,659.274370052,281.172555,58087.2487356,5.60197872836,10,
13833,659.324142861,337.462272,59011.0945384,14.3770360188,10,
13834,659.334234723,150.491631,3032802.77998,3.24775117371,10,
13835,659.334165371,74.456244,105001.385164,9.57611145845,10,
13838,659.37101729,205.00284,796949.687125,4.12237474378,10,
13839,659.378541772,251.873391,48283.1032458,10.8705608562,10,
13840,659.803272604,330.134766,48638.3852928,9.45232493128,10,
13843,660.305722463,147.401673,4460843.10933,5.00938473025,10,
13844,660.308641797,339.461034,65731.7095525,5.80900335336,10,
13845,660.315802032,447.808113,120539.774932,5.30138234217,10,
13846,660.336839041,342.126087,1063117.77072,12.5357108483,10,
13847,660.336795712,150.450078,882439.856973,6.99065305403,10,
15853,829.423921224,681.69996,74340.2463447,9.47314408291,2.0,[M+K]+
13849,660.372439783,286.623879,340122.085491,4.59888902423,10,
13851,660.369642184,402.866802,39639.7716168,10.7499958014,10,
15172,757.443254313,371.027184,364873.473989,3.82824746704,1.0,[M+NH4]+
13854,660.904490799,1605.28524,358162.351918,5.26113438417,10,
13855,660.915564033,673.95849,26802.2057315,7.57502683483,10,
13859,661.226106036,394.856286,67163.1984724,13.4832277297,10,
13860,661.295869196,273.902157,2711071.00491,7.92350514651,1.0,[M+H]+
13861,661.300734838,42.3457326,1222386.26345,6.71969611817,10,
13862,661.316314546,915.78954,76062.1221243,11.0071497973,10,
13863,661.318825947,447.788595,31948.2305107,10.9668429869,10,
13865,661.333255333,280.834158,67180.2603005,13.9448607851,10,
13866,661.339006416,150.876936,174284.355943,2.93405334757,10,
13867,661.361175602,683.14659,49341.6664542,2.35068412001,10,
13868,661.340292774,342.47703,292865.453185,8.15223735337,10,
13869,661.366181776,384.827664,56173.9057663,12.9016296948,10,
14237,685.422492432,296.060628,1237224.32154,2.36419691838,2.0,[M+H+HCOOH]+
16346,890.432426374,323.135508,74671.461155,14.7617004169,1.0,[M+NH4]+
13873,661.409561393,457.748436,42684.9088874,6.57525589696,10,
13875,662.262385493,321.831303,205430.591233,4.58001801633,10,
13878,662.30604004,471.215976,36662.1800861,9.9246684034,10,
13879,662.339214445,384.827664,81165.131545,7.20907168312,10,
13880,662.370174691,238.428789,525108.762953,4.00303515656,10,
13884,662.406746276,293.322999,200540.481451,1.58686270825,10,
13885,662.430712303,598.733157,20179.7935471,13.7768375778,10,
13886,663.133959216,682.65792,19959.2230942,3.86685169952,10,
13887,663.190443667,681.87672,49111.6299556,11.9902370594,10,
13890,663.315026051,452.74881,22446.5066358,8.34615253578,10,
13891,663.344316083,317.787573,5343706.36883,6.1365743775,10,
13892,663.352026401,503.213394,81471.1368357,3.04538539076,10,
13895,663.373281973,263.960118,132558.629905,5.39158987393,10,
13896,663.427178356,141.981603,135487.090415,12.5499357722,10,
14175,680.478732704,1421.96982,190121448.011,10.0478065631,1.0,[M+NH4]+
13898,663.464406572,1029.76542,63672.5075738,3.13830352635,10,
13899,663.835006326,416.223876,35098.6710661,13.833049143,10,
13900,664.153273654,639.9309,57883.8075413,10.2794999988,10,
13901,664.252276427,277.855494,113502.078779,12.7988541421,10,
13903,664.324560581,103.117632,791106.073528,9.8585306301,10,
14539,704.359701731,364.262436,126469.261893,8.59288471443,1.0,[M+H]+
13905,664.349296072,74.226087,190093.055181,9.47821629303,10,
16255,875.444695254,290.47851,52538.5179574,7.04065026761,1.0,[M+NH4]+
13908,664.42836742,903.77712,14423.0499179,9.21070031483,10,
13910,664.622498606,1393.18854,67291.3997904,8.51027250666,10,
13911,664.783430529,224.717136,93055.2921338,2.91421894285,10,
13912,665.147231637,639.97998,54738.709231,8.44122734042,10,
13913,665.269034814,376.029723,45310.2277869,7.96511468904,10,
13914,665.262111167,297.522864,29160.7413322,11.5442617738,10,
13915,665.28730983,284.647809,1824015.31257,3.28764782233,10,
15096,749.280277545,41.4950649,742233.405375,13.3550542524,2.0,[M+Na]+
13918,665.312403404,403.889862,73285.9754376,3.04501301534,10,
13919,665.327871701,433.510527,387163.510029,7.38998005565,10,
13926,665.385303944,330.639198,44093.9945591,10.8807667183,10,
13927,665.417710322,579.887802,657377.945501,7.73181156245,10,
13928,665.416024554,616.58904,57103.0864569,12.8031925115,10,
13930,665.750799748,616.64865,24068.7129612,13.1542909558,10,
13931,665.801080081,248.187522,134992.870569,5.90703018533,10,
13932,665.919155979,580.056426,437609.657441,9.18910886059,10,
13934,666.135615767,607.4271,393667.803369,3.83791317338,10,
13935,666.17177483,533.823771,269090.293838,7.46374973976,10,
15807,823.280719377,31.3209468,8348368.31777,4.5862092598,1.0,[M+H]+
13938,666.261612,55.5108507,2818146.02574,0.804990579541,10,
13939,666.269937015,547.550844,27700.5636795,7.63024952965,10,
13942,666.292994753,191.470524,412415.770033,9.46108871159,10,
13943,666.302916987,248.18484,83972.7844415,6.25614031702,10,
13944,666.320499133,438.177963,30967.1405786,5.28518193928,10,
13947,666.331269831,817.13907,27272.8041489,6.34039350417,10,
13950,666.368073819,765.23535,54793.8701703,14.108843045,10,
16267,877.416676074,457.011312,200638.088103,6.17409540273,1.0,[M+NH4]+
13953,666.367841613,750.2169,19668.1499309,11.2072999651,10,
13956,666.420450612,579.887802,178881.114895,11.1291269815,10,
13957,666.44871872,681.8676,68347.8427454,10.8376301617,10,
13961,667.063241016,583.558551,27251.6444813,13.7567804564,10,
13962,667.063900805,600.24984,31705.8700926,12.2398935235,10,
13964,667.124455972,64.29183,251309.217363,11.6851529454,10,
13965,667.18447352,678.45708,69400.2746548,9.86003858251,10,
13967,667.252206638,158.727822,160049.420343,10.1032118155,10,
13969,667.289798072,434.837118,39726.0234564,8.11699790126,10,
13972,667.312825098,98.062752,407308.842682,13.9293599706,10,
13974,667.339234147,278.354094,566231.755156,9.81139639201,10,
14211,683.310454497,182.911152,1217271.00777,12.1751262549,2.0,[M+K]+
15766,818.474613595,452.672496,265224.767372,6.20271874467,2.0,[M+Na]+
13980,668.203955601,316.08189,51055.6520408,5.44772025971,10,
13982,668.292600477,403.059168,217045.600175,8.59015403653,10,
13985,668.331721199,534.197466,38241.5148752,9.63894769829,10,
13987,668.370947177,301.378728,56480.7469984,14.1758843504,10,
13988,668.363486754,454.962936,20529.4621176,12.9317598197,10,
13989,668.407521556,386.465355,9517439.68066,1.50400124986,10,
13992,668.443387122,403.899702,1149837.70182,1.34515584432,10,
13995,668.874423451,553.726761,37392.586754,12.7098741046,10,
13998,669.139332105,31.5388215,371020.948975,6.20407362633,10,
13999,669.207505132,682.05378,49091.51757,11.5678740391,10,
14000,669.271378888,409.861074,318478.082776,7.91068617159,10,
14002,669.30540809,372.762627,46929.1729193,12.12444938,10,
14003,669.307496671,448.446564,129297.688854,8.33255734126,10,
15880,831.462453539,347.921583,330614.814637,5.98596177812,2.0,[M+K]+
14009,669.753360521,639.27492,161788.21901,12.6328748214,10,
14011,670.230575465,263.371341,1238849.45981,1.42383220753,10,
14016,670.350662014,251.262864,70104.6001175,11.298927738,10,
14017,670.349862961,212.889102,108949.69632,2.33845603255,10,
14018,670.375146399,290.924124,1157372.04018,6.19014283913,10,
14019,670.394204382,371.374644,34247.0339351,12.052017995,10,
14022,670.438124083,414.045108,75192.0375749,4.79381819189,10,
14023,670.447832712,369.283506,225236.644591,9.1235038795,10,
14024,670.942101405,1605.12651,219976.279706,12.7617807903,1.0,[M+NH4]+
14028,671.263152171,504.98439,35050.6722013,14.6236754691,10,
14029,671.284275562,286.657002,127575.5054,2.35978263984,10,
14031,671.351446614,355.376886,39627.5192006,13.3614859441,10,
14032,671.383290831,480.885762,150078.335256,8.08182417676,10,
15038,744.42324842,269.167056,224588.144002,5.32140725174,1.0,[M+H]+
14661,713.428539062,335.67126,50260.682997,5.13668888319,1.0,[M+H]+
14037,671.414906204,431.41293,27547.0845631,12.5025794452,10,
14042,672.1459815,472.200822,103873.33461,2.25730016381,10,
14044,672.295020286,504.268956,227713.967084,5.97058521483,10,
14046,672.329635727,261.536118,108371.671495,12.8517547973,10,
14047,672.354215371,319.495329,1922940.17396,8.94146483621,10,
14048,672.365836713,255.313902,292652.473883,4.0983941295,10,
14050,672.386161058,480.559698,31710.4364911,14.2916926644,10,
14051,672.390938301,436.140687,227653.764524,2.09326755101,1.0,[M+H]+
14053,672.402230369,366.819813,1049209.71986,1.36569999081,10,
14055,672.406947428,508.291656,40490.2006986,9.97617530112,10,
14056,672.427444059,431.330556,170355.732274,6.68582274328,10,
15453,782.439308858,457.270593,1288932.17873,5.21511174,2.0,[M+K]+
14058,672.427776526,307.833102,69335.9731847,10.7259461189,10,
14060,672.446146377,512.16993,55121.6972127,12.5531407476,1.0,[M+H]+
14061,672.91121959,1605.76257,708257.044518,6.39318289046,10,
14062,672.993128819,1605.07659,242104.572088,4.72706535411,10,
14065,673.204388166,184.339275,494438.571153,10.9864709332,10,
14066,673.205270847,922.56186,29865.8811763,11.0600163117,10,
14067,673.297216136,315.873045,61350.1574718,13.5986571947,10,
14071,673.328471717,294.699312,610137.085944,3.56140083828,10,
14074,673.360995568,238.626348,64908.25192,14.1895352609,10,
14076,673.374946671,520.139589,199365.586569,2.36559964916,10,
14078,673.42219151,678.79578,48562.2186182,12.6491598865,10,
14080,673.431169684,362.978775,117028.328789,2.90074930128,10,
14085,674.370032273,285.701931,1458985.65214,5.13588473219,10,
14086,674.370298924,234.425265,40704.4116144,14.3607821252,10,
14087,674.378015045,519.814305,54131.008011,13.7943680006,10,
14089,674.407785916,366.532788,55888.425949,6.14730648913,10,
14093,675.246098544,250.997334,287346.282581,5.40186277686,10,
14095,675.316545532,47.3022942,4902951.40627,1.79749214024,10,
14096,675.32888602,115.9086,541369.17697,2.92871717894,10,
14097,675.329128301,133.137762,673052.63866,0.92051809573,10,
14101,675.388512555,465.653676,99069.2006541,7.87028829101,10,
14102,675.400154956,298.949322,26848.9825218,9.43183194034,10,
14103,676.165915945,30.5731578,68460.1828052,7.19480595472,10,
14104,676.204513398,31.2192585,659527.028251,5.9434100275,10,
14109,676.324337176,161.675466,301995.030353,3.02140301802,10,
14110,676.328312352,348.603396,185292.729848,6.89653540443,10,
14112,676.3648708,456.174654,250807.013827,9.78594627574,10,
14113,676.367702797,79.999806,77366.8845571,14.7807903856,10,
14914,733.458690863,472.131888,85209.9073997,14.088541407,1.0,[M+NH4]+
14117,676.482655717,832.96032,87942.2578364,4.60483418075,10,
13994,668.81997788,395.217288,114754.806991,10.5041088394,2.0,[M+K]+
14119,677.074279531,645.9741,25554.2517588,13.0580884405,10,
14120,677.154465232,652.72251,23335.3386254,10.7372554236,10,
14125,677.359878777,438.941277,45304.1984391,11.1010523293,10,
14126,677.359876696,311.733504,1355469.72062,9.05171594509,10,
14127,677.384903378,466.002066,71001.5202767,11.7236910138,10,
14129,677.418953215,479.403762,35524.1645941,11.8566557317,10,
14130,677.453698893,851.5302,29385.7190788,9.3550994676,10,
14134,678.318823901,227.016222,84001.1163753,6.46421383611,10,
14135,678.318358754,315.699672,94994.9716536,7.93454705887,10,
14137,678.335926849,391.917669,147849.496884,7.16885383146,10,
14138,678.337563476,302.716656,440749.175583,4.18157356873,10,
14140,678.355675102,269.911065,352952.922591,3.93646113438,10,
14141,678.363002365,311.733504,489116.871371,5.6641842147,10,
14142,678.39292022,375.376536,77410.0003125,0.350524988722,10,
14144,678.803278426,415.810572,319666.495149,10.3886949209,10,
14146,679.134207218,1037.8908,63880.7960342,11.1286865883,10,
14147,679.304908503,415.810572,237746.418797,8.99501092039,10,
14148,679.302869199,170.008116,2058504.70376,0.753747513927,10,
14149,679.327136827,613.02054,73806.0228816,13.3278570763,10,
14150,679.328517933,552.907104,27719.9877228,14.6968328983,10,
14153,679.338945324,149.806257,288049.023613,6.51323946849,10,
14155,679.346564364,406.028544,57837.4785248,7.60555670405,10,
14156,679.358599165,270.175482,85403.6091295,8.53982205513,10,
14157,679.366290415,311.617386,91589.2097211,11.7262701101,10,
14158,679.443748257,681.8676,216877.927347,7.95336734088,10,
14159,679.509437839,511.974816,426197.034843,2.52019782857,1.0,[M+H]+
14160,679.805541128,415.874988,107516.264055,6.31831936291,10,
14164,680.318630157,430.611243,483799.404439,1.76992776924,10,
14166,680.348755508,487.983576,170380.606727,5.76524808685,10,
14168,680.350887911,331.140252,80098.2135827,12.3642518627,10,
14169,680.359193888,498.051396,25901.4397783,9.69022671329,10,
14171,680.423200485,841.79193,77284.7448315,9.66791834096,10,
15322,770.472379995,461.804568,31224.0923833,5.73363140967,1.0,[M+NH4]+
14180,680.970460504,1604.8092,304580.79438,6.77172532486,10,
15553,794.325165534,430.800921,52653.1521866,12.0272341211,2.0,[M+Na]+
15746,816.395377676,386.128227,653367.637411,4.79870743566,1.0,[M+NH4]+
14747,719.355322942,225.937845,138766.943771,9.36483207746,2.0,[M+Na]+
14184,681.352043015,488.142576,54992.7166774,8.40945549567,10,
14185,681.347409844,367.200942,182797.659273,8.06504053243,10,
14186,681.352432439,286.590756,88059.743951,9.52678225082,10,
14187,681.352986537,204.64458,25798.8518949,8.85495269663,10,
14188,681.365868045,327.983073,471143.186225,5.34005738266,10,
14189,681.416752583,340.618332,52970.7380392,13.8810695544,10,
14190,681.416081159,497.677833,33001.5386809,11.3125616063,10,
14195,682.287326106,121.1541,589462.097809,2.85421420465,2.0,[M+Na]+
14198,682.339105387,129.122886,387760.826362,10.1884182376,10,
15950,839.4516695,634.62756,279494.385651,9.18416861725,2.0,[M+K]+
14207,683.283926974,440.100426,268114.057896,6.71598227382,10,
14210,683.298023416,278.693979,99888.1924684,11.2126756658,10,
14218,684.0791141,640.01781,50710.5627851,6.84515087863,10,
14223,684.365322918,347.915256,106061.256536,8.19925857171,10,
14225,684.391220153,334.700148,83131.0290561,1.88773329758,10,
14226,684.427226494,322.872201,724334.025331,3.21828336893,10,
14231,684.763339601,642.18831,127932.384176,7.05058652299,10,
15811,823.465121167,363.735207,73749.5801903,7.89690963353,2.0,[M+Na]+
14230,684.490682585,1421.94006,423016.36985,8.95815983557,10,
14232,684.785016406,455.25519,196558.532836,6.71355635033,10,
14234,685.325996499,318.134892,145388.855042,11.398390947,10,
14235,685.39495495,407.627604,70467.9007084,4.08124331996,10,
14236,685.422497635,257.004738,663583.683298,7.83496505792,10,
15159,755.463731137,378.067476,128281.649097,7.05627266184,1.0,[M+H]+
14239,685.431871314,641.99574,25683.1478791,8.26511471795,10,
14240,685.430349041,322.835805,258144.680857,9.51674046291,10,
14242,685.432865394,663.07866,23214.5681903,6.32129942431,10,
14244,686.299902795,865.17444,20407.5815345,12.762410073,10,
14245,686.334117539,274.253652,55964.8076536,13.517437905,10,
14246,686.359457071,372.462786,47524.8536439,9.04302131163,10,
15949,839.455678379,404.537763,192016.059735,6.4191386402,1.0,[M+NH4]+
14248,686.407486933,361.20321,269086.829932,9.70109365884,10,
14249,686.406983521,401.482488,141321.748388,13.8970225132,10,
14250,686.417546885,678.72996,110960.002672,8.63008497852,10,
14253,686.425377728,377.406042,290853.819006,11.6644903016,10,
14256,686.443364731,365.324394,45270.3894942,9.97230607721,10,
14257,686.915659376,1605.12651,191880.904287,10.6776013264,10,
14261,687.316501662,415.70202,77324.1674695,9.76490398797,10,
14264,687.346216007,308.482506,122090.590138,10.6491682696,10,
14265,687.380950756,419.912118,35843.8078541,12.3430774039,10,
14266,687.401622464,398.07435,41447.1729585,10.2670224094,10,
14272,687.776914399,285.891636,40798.727269,12.7182610444,10,
14273,687.817829102,415.707477,47548.6574073,2.25768268348,10,
14274,687.932204511,585.232485,298283.281479,6.3006409476,10,
14277,688.32420723,266.761554,232258.584927,0.834023908938,10,
14278,688.329872295,283.84494,558980.202847,7.44488466475,10,
14371,694.374676015,307.022943,84321.871031,12.8701429594,1.0,[M+NH4]+
14280,688.361059052,274.371558,236951.504502,12.9526611599,10,
16474,917.480882258,396.683166,60816.5467239,10.6778847316,1.0,[M+NH4]+
14282,688.400742272,420.99849,2796200.43705,8.44762410757,1.0,[M+H]+
14284,688.404476897,380.214294,33553.2542935,4.99573543657,10,
14285,688.433577803,585.182517,114875.658825,8.40680413162,2.0,[M+Na]+
14287,688.884869421,1605.71247,772431.768304,9.51453102288,10,
14288,688.935120115,584.998146,35878.1706115,11.1464706158,10,
14289,688.967489693,1605.07659,256781.102624,12.3152466299,10,
14291,689.209006767,39.4363536,647448.415661,5.91488647283,10,
14294,689.306991385,45.069648,506232.548257,11.157278054,10,
14295,689.363905168,274.065405,64244.2559019,14.0187676765,10,
14296,689.367854057,328.299876,54614.0036223,6.11582189955,10,
14297,689.384474907,583.739427,41284.0422859,4.38066280155,10,
14298,689.38097463,216.340593,153927.253902,7.72051115596,10,
14300,689.42792098,680.40426,45024.1811213,4.16907563647,10,
14301,689.815371891,396.753855,51903.484663,5.94114317091,10,
14302,689.832213867,283.86801,41354.8636481,9.62127117195,10,
14303,689.887729046,1605.74214,93425.5679827,7.28655134235,10,
14304,689.908242512,585.06681,28356.0109426,13.4875463117,10,
14305,690.068992159,647.30028,25452.6128542,5.22511172956,10,
14306,690.36541062,395.66811,118008.382317,8.35299428078,10,
14307,690.380463796,465.159504,627142.994026,6.0358102522,10,
14308,690.394847031,395.372916,42396.5360352,12.7775254286,10,
14310,690.415850761,343.823766,52897.7416644,10.3171454086,10,
14312,690.425092247,543.65541,339916.548664,8.1076722059,1.0,[M+NH4]+
14314,690.497999458,878.39472,21126.5130825,3.84773946454,10,
14316,690.823566859,500.279238,73713.9715319,12.8895276097,10,
14318,691.25521207,865.16922,20903.7638913,11.256443181,10,
14319,691.255300016,851.5926,21692.0200544,12.5255661879,10,
14321,691.303346677,589.351914,261617.277368,6.80528622834,10,
14322,691.327022716,317.110272,52177.1324738,3.33715316943,10,
14323,691.360788626,199.46046,307030.313614,5.56377748262,10,
14328,691.739680703,641.89764,22484.1006717,2.1006667078,10,
14329,691.793068134,474.279195,397410.967621,5.05989551357,10,
14330,691.792856187,494.41314,343014.533152,4.51196947762,10,
14331,692.294590738,474.279195,260699.927987,4.45723002227,10,
14332,692.295317738,48.5742912,1091086.36685,7.174237092,1.0,[M+H]+
14334,692.302873906,735.63303,67956.9545881,6.43103480074,10,
14336,692.334143718,366.218349,52582.6046111,9.31152244499,10,
14337,692.334676823,278.23812,153683.415981,8.08464031626,10,
16494,921.414084687,299.685144,77152.2508449,3.78696115976,1.0,[M+NH4]+
14339,692.337369914,455.739684,534241.382564,3.59143916606,10,
14340,692.359541551,413.387703,1056809.45871,7.21312835749,10,
14341,692.360882416,246.131682,131000.382024,3.36738305435,10,
14342,692.359669634,552.960972,34121.3733569,13.340656889,10,
14345,692.404763985,461.169693,194539.442849,9.16418541122,10,
14347,692.796277633,474.212946,101740.81806,4.86078803705,10,
14348,693.246511034,267.39615,419918.392309,3.90166130398,10,
14352,693.333266839,511.617024,61571.4998216,7.01282863735,10,
14354,693.339548654,141.759828,396631.998038,6.38828830382,10,
14355,693.346245226,298.913244,70769.39605,8.819872129,10,
14356,693.342808631,493.34946,37475.1258124,4.34281354013,10,
14357,693.354942293,394.466232,146227.521408,7.79238379763,10,
14358,693.4075364,461.169693,57096.6458439,10.1028453576,10,
14360,694.138285533,639.96873,17943.8401705,13.5752044657,10,
14361,694.166334541,589.007169,311745.074308,4.76049976126,10,
14363,694.270454979,474.100257,40455.0804906,6.85322385138,10,
14364,694.281197985,389.683296,112006.457987,13.2756831783,10,
14367,694.318144772,700.77816,97872.8647697,7.44030779091,10,
14369,694.342748655,141.645276,98816.1355614,13.3903688042,10,
14372,694.767390407,622.86696,57545.7151517,7.65724586889,10,
14374,695.135601412,547.722828,12028.9279107,5.09949866595,10,
14375,695.293241141,259.581711,751586.296927,5.96712849116,10,
14376,695.303327373,666.10542,52218.736616,8.60817870377,10,
14381,695.334422883,335.693904,248202.786171,9.14528113349,10,
14808,725.384882896,515.500335,204420.175846,6.2786875329,2.0,[M+H+CHOONa]+
14385,695.40699719,362.12427,59323.6634828,12.3916369399,10,
14386,695.406337084,318.430425,70450.0560672,12.0540934656,10,
14388,695.862411784,283.27404,109776.580489,4.7513314377,10,
14391,696.040790626,493.693206,67938.4536308,12.289184589,10,
14395,696.333040329,397.02402,168706.123183,8.90675481728,10,
14398,696.343052505,438.812316,53444.6361282,3.24102875173,10,
14404,696.391295196,451.630188,20617.2563912,14.892614473,10,
14405,696.399786963,400.718853,183820.770803,10.4911339295,10,
14407,696.524075837,1145.20506,6374338.42493,3.91061810796,10,
14408,696.943331249,1604.75955,217325.007483,9.56947910275,10,
14410,697.120882359,513.061314,28174.8565849,4.62399444403,10,
14412,697.257907712,666.01005,23201.0988425,11.4358611128,10,
14413,697.261775866,53.6195268,391886.065351,2.8558524001,10,
14415,697.324931116,94.096725,535333.00841,1.47548447885,10,
14417,697.355754411,285.435366,26759.8026032,0.274967667705,10,
14418,697.364886147,431.150616,367737.551051,1.58468025591,10,
14420,697.385844715,295.383255,1551699.49026,2.43234912797,10,
14421,697.385624697,402.67092,67482.6433791,13.9599772338,10,
14422,697.43302335,361.945269,48388.6881231,9.73183236041,10,
14425,697.458589014,395.66811,1160764.03535,4.81645585177,10,
14426,697.846945064,365.080932,46074.8883502,14.2069758255,10,
14427,697.858714081,233.145393,129516.851539,11.4877867964,10,
14428,697.895053113,585.116778,132541.024618,9.49672960064,10,
14429,698.233539255,31.2192585,31286027.2834,1.36966028181,10,
14431,698.269545695,47.1955758,2993772.63595,6.12233756842,10,
14432,698.297705503,493.42344,24293.5788915,9.88029049441,10,
14435,698.397016484,584.855796,82934.170359,3.26261468839,10,
14437,698.406819504,386.465355,184940.469326,7.78149600178,10,
14438,698.417557098,308.561739,10629612.1409,12.0181534312,10,
14442,698.897778025,585.116778,39393.3735762,13.4888064171,10,
14458,699.438713724,645.05769,122496.35881,3.28463879616,10,
14446,699.254190753,1415.39388,247468.534232,6.17339693079,10,
14449,699.288273635,552.741378,72648.4792927,7.9198351224,10,
14450,699.348435778,88.47963,234986.898687,9.55944167541,10,
14451,699.361935038,547.501344,27320.897323,10.2358534326,10,
14453,699.391514953,295.351128,113693.780629,5.69528196433,10,
14454,699.401730542,210.200844,508345.284176,2.18649516401,2.0,[M+K]+
14457,699.412611144,678.72996,220824.839542,9.2787172255,10,
14461,699.474322488,426.618306,31233.5714179,14.2913962694,10,
14462,699.593932302,1526.22489,43748349.7209,6.84051731242,1.0,[M+NH4]+
14463,699.88137257,361.522746,51621.4528342,7.17058417733,10,
14464,699.881783774,373.484256,129516.097833,6.64837643949,10,
14466,700.252381909,1415.17752,159600.387066,6.1259219549,10,
15437,781.387606357,399.435042,75918.5482949,12.1036563281,1.0,[M+NH4]+
14471,700.360112969,57.3073299,385007.19252,14.2417708214,10,
14472,700.372728234,585.048114,22396.2058002,6.33050251272,10,
14473,700.398320798,317.451888,95820.9194758,6.6972600376,10,
14475,700.404866738,241.560432,85856.9580798,9.45880829143,10,
14480,700.553240424,1461.55623,339528.488751,6.38174724457,10,
14482,701.15255997,547.603443,37801.3386671,14.7901415715,10,
14486,701.334629482,345.591147,2118005.97359,1.96319094094,10,
14487,701.333522878,516.794952,29197.7090122,5.91687924768,10,
14488,701.34447728,75.213459,105027.445965,12.9843899053,10,
14489,701.360106637,442.73856,502982.599353,14.9775100883,10,
14490,701.373526064,347.915256,99146.5191746,9.62733741575,10,
15831,827.434828052,283.965561,178555.176764,6.73324180635,2.0,[M+K]+
14495,701.462172789,392.233095,27311.1557402,11.8135762689,10,
14497,701.557548231,1461.24474,52172.0704328,13.7061835221,10,
14500,702.231572222,1141.91178,13075.8490297,7.55405861133,10,
14502,702.280051026,102.087846,1311034.00613,7.6584725908,10,
14503,702.313883995,552.934038,52944.0883519,12.5565470762,10,
14505,702.340160242,264.315114,24907.212306,1.74929348588,10,
14506,702.347815433,492.009708,147662.195017,3.72499808937,10,
14511,702.435797307,564.10479,181379.858777,7.26273718912,10,
14516,702.937262694,564.053946,118953.588195,10.8952708139,10,
14517,703.187552954,31.1032149,2679249.01464,3.78518123688,10,
14518,703.254111501,493.55271,32025.046271,12.7944604006,1.0,[M+NH4]+
14519,703.282491516,552.318576,93605.9175615,6.54789712134,10,
16345,890.345135993,52.6760286,337136.536476,13.1577073831,2.0,[M+K]+
14521,703.349048321,278.87775,262630.954841,1.45094603141,10,
14522,703.360199829,120.253068,351657.907987,6.0623618915,10,
14528,703.412231396,1421.94006,3078032.96701,4.62358716099,10,
14529,703.438852889,564.003102,47606.8930662,6.85913561665,10,
14532,704.008355247,1185.07632,12265.1586274,14.5540370796,10,
14536,704.29827108,266.701023,138272.849578,3.79095045412,10,
14537,704.330816347,284.306184,86704.9510272,5.90757265886,10,
14538,704.35963751,446.887347,92459.2083922,9.90819800032,10,
14540,704.358303952,415.053912,38926.6686521,9.35459344113,10,
14541,704.365092411,566.318637,51730.2281379,9.56907769889,10,
14542,704.399352597,147.052254,69314.5367966,13.6905359242,10,
14543,704.395857801,614.75508,79666.3199863,2.58368088727,10,
14545,704.411183524,1421.96982,954000.472188,14.8942304786,10,
14546,704.406621742,371.722278,321935.893653,2.60763357254,10,
14550,705.223243461,504.268956,63453.8157063,5.3891316564,10,
14551,705.270905653,585.242055,26589.6338834,12.2712448882,10,
15265,764.391995473,320.007015,269868.195365,4.52005019702,1.0,[M+NH4]+
15491,786.410472571,373.856664,112016.803633,6.86035712982,1.0,[M+NH4]+
14555,705.362449198,446.841378,29314.4855675,13.8109759095,10,
14556,705.376098503,101.928222,548039.449768,8.24996848379,10,
14558,705.390903153,321.366081,300154.9675,6.95407324227,10,
14560,705.580900925,1359.52242,21117144.4042,12.2485658588,10,
14561,705.882686075,579.760212,73225.7338628,11.4361344047,10,
14562,706.325885972,966.03564,47457.8996834,11.2648683376,10,
14564,706.33892806,521.182338,3569653.74812,5.07639028549,10,
14565,706.357649754,424.473591,54449.240735,1.94898368848,10,
14567,706.385457744,365.461023,112425.566786,3.46497880487,10,
14568,706.375019348,488.506392,42437.9256086,11.2368491694,10,
14569,706.375147216,339.451833,1776254.82054,5.49805848042,10,
14572,706.378700459,102.153252,82202.0786962,13.1012135377,10,
14573,706.390329486,506.45646,267861.444264,10.9060518368,10,
14574,706.393919921,320.778462,84844.6951917,9.58498370436,10,
14576,707.148002816,493.34946,72391.6423468,2.51936906766,10,
14577,707.161419652,588.478272,533541.304545,3.70651780527,10,
14579,707.161641645,606.94608,452157.3615,6.28959830092,10,
14580,707.304449154,504.268956,67007.9820712,10.0690375375,10,
14584,707.357407366,637.69386,42207.9783648,9.65331365958,10,
14585,707.378407979,339.442632,675065.699369,3.19757612484,10,
16105,856.474889573,411.351267,197078.51016,12.6324400674,1.0,[M+NH4]+
14587,707.884446832,483.46182,24914.9444021,13.8191230856,10,
14588,707.995743434,29.484096,146528.069285,12.6718700837,10,
14591,708.238306999,552.394008,63043.266496,9.33105335261,1.0,[M+NH4]+
14593,708.327939301,290.716452,41900.3570427,1.77411615034,10,
14594,708.333411855,524.060082,60010.8307411,8.37311659924,10,
14596,708.359493007,585.182517,33291.0365033,10.2035772999,10,
14598,708.353861978,299.29596,93267.8875859,12.9707832894,1.0,[M+NH4]+
14599,708.380285429,339.283266,150489.086078,8.07204312827,10,
14601,708.427380972,432.79653,22502.5114486,12.2897720858,10,
14602,708.427267355,412.052829,103118.487308,3.80307699403,10,
14603,708.46354226,501.390204,24324.8191449,14.3531684153,10,
14604,708.509986003,1421.99427,42478926.9565,12.411001217,10,
14607,709.313390072,177.865326,896998.214024,4.62485336587,10,
14608,709.313224322,399.999294,249454.025738,11.2931138809,10,
14610,709.359279081,314.008641,64405.615232,12.5213810804,10,
14612,709.422374415,426.277398,551934.617331,7.54369978072,10,
14615,709.441436053,626.03736,35125.0107953,9.29812860079,10,
14617,709.945475999,589.717113,332420.114852,4.38004346971,10,
14620,710.248756281,504.262206,81459.7613667,14.6771037275,10,
14622,710.312443411,424.832964,44581.3637723,7.73095438923,10,
16002,846.486766925,469.391067,981361.624584,3.1145961967,1.0,[M+NH4]+
14625,710.40364664,411.216288,19857.3146332,8.13502724741,10,
14629,710.447116573,589.717113,136073.306768,6.89464571676,10,
14632,710.959740948,1605.12651,1775308.04047,8.23954055457,10,
14633,711.297018947,341.441886,38037.5709447,6.41841688595,10,
14634,711.333488711,375.589131,33825.9605158,11.8513006137,10,
14637,711.377521992,514.540572,22125.6608276,7.72965235767,10,
14638,711.391408982,292.88538,60195.9614339,2.45910145628,10,
14640,711.408366926,360.19728,25076.0911834,13.7059238912,10,
14641,711.473949617,382.994349,1531344.4769,3.53156157018,1.0,[M+H]+
14642,711.889434387,29.1845127,158588.210421,12.8168949792,10,
14645,712.329121481,552.741378,51719.5616992,8.32172287638,10,
14646,712.396792597,463.336317,97419.1308073,8.01873179597,10,
14648,712.422247563,352.949115,45760.0148044,8.48383388398,10,
14650,712.797870427,550.373025,49531.8338633,13.6805019729,10,
14653,713.084442424,669.93624,25765.7024921,2.03976827378,2.0,[M+Na]+
14655,713.33347011,461.277807,77905.6622565,12.1232310827,10,
15822,825.448240252,472.313694,1392846.78603,2.39816483567,1.0,[M+NH4]+
14658,713.391775809,266.216274,38607.5615647,7.98943075998,10,
14660,713.417343128,341.117832,757948.698402,5.36924904299,10,
14663,713.489950403,479.765697,143117.122738,3.64250530649,10,
14664,713.779911053,647.8977,97240.2905386,14.0211055087,10,
14665,714.183493804,31.640139,418912.968056,4.83841251737,10,
16509,926.370083599,327.10338,51725.4644533,9.62062992311,1.0,[M+H]+
14668,714.319460408,455.739684,27212.3828417,12.6185151122,10,
14670,714.355006253,361.06602,548356.907725,5.71793835009,10,
14671,714.376125891,479.765697,39036.6471223,4.9276362624,10,
14673,714.412659753,332.236704,324733.73617,5.63460138071,10,
14674,714.41236586,407.23317,214891.063986,9.36501947264,10,
14675,714.416512086,466.927446,105542.093997,14.2204393769,10,
14677,714.44860559,647.862,55655.5399824,14.949659611,10,
14679,714.78332545,647.862,27180.0620672,10.3644025865,10,
14680,714.837351477,250.997334,39883.6632835,9.07568260953,10,
14681,714.872428727,424.974174,62498.6376293,7.96062728219,10,
14683,715.339667444,250.733808,26230.292987,2.41349396856,10,
14684,715.34896763,531.81066,24413.4938947,4.80500266576,10,
14687,715.379198332,161.675466,87459.7498946,10.6785482241,10,
14688,715.399638395,560.387394,323350.369123,6.04349886772,10,
14690,715.524861436,1461.5958,183532.256978,5.5169711661,10,
14691,716.117422198,493.724583,3148218.57089,8.37203657681,10,
14692,716.19901884,684.04542,24764.895351,3.41057593986,10,
14693,716.247281832,165.164088,122968.039996,8.10898431414,10,
14696,716.355603222,213.145344,1219163.18394,1.99770391831,10,
14697,716.391364252,257.994207,28916.9290681,7.47057033843,10,
14698,716.39191588,83.421006,109655.54734,10.4676280184,10,
14699,716.417162422,345.89589,144525.446192,4.42786199398,10,
14700,716.432604644,518.711592,18817.5050119,14.427456286,10,
14702,716.844658853,29.1845127,111090.746215,14.6668918673,1.0,[M+NH4]+
14705,717.217857838,55.6019148,337269.278028,11.0371834846,10,
14707,717.303531297,370.307373,267250.823313,5.31998109663,10,
14709,717.345570394,461.774976,33286.2323269,14.5205381072,1.0,[M+NH4]+
14711,717.358889943,212.538228,393615.742988,5.14551827974,10,
14713,717.391196984,433.155027,1055435.72993,3.36306682585,10,
14714,717.416627395,442.648152,66095.6989364,6.96181884135,10,
14715,717.412459585,278.556,326653.599549,6.55347769842,10,
14716,717.420177162,345.901896,41028.3790886,12.7780925973,10,
14717,717.426417437,457.270593,108147.747264,5.51793292447,10,
14719,717.820518719,217.769979,175101.633257,3.89008986055,10,
14728,718.371357174,105.210471,350250.993399,8.06958610875,10,
14731,718.375072331,403.45041,185278.4919,9.47719354295,10,
14733,718.399736921,571.03317,634990.19946,4.58627941498,10,
14734,718.411457887,350.971716,400408.82493,6.54187217011,10,
14738,718.441817801,1114.15704,29568.4152209,7.99450185446,10,
14741,719.162337328,31.161339,1268276.23235,2.55708103199,10,
14742,719.210982846,552.583413,83406.0341803,8.00143127623,10,
14749,719.370253127,356.458656,306723.708578,3.03526524585,10,
14750,719.374105512,105.322938,78018.6167368,13.3468414697,10,
14751,719.370209633,295.009185,30110.058112,7.15819046,10,
14752,719.377681162,403.21305,65944.4940619,14.975057102,10,
14756,720.304710368,284.208504,43632.9611384,5.93026381917,10,
15538,792.407588856,257.986398,189157.029478,2.451075622,1.0,[M+H]+
14758,720.350164372,158.551011,99532.8029831,5.99266261125,10,
14760,720.373439466,356.291085,101128.432016,11.9125671604,10,
14762,720.409900555,589.717113,100291.611452,5.99798263712,10,
14764,720.427100776,479.403762,1496099.35665,5.48616842252,1.0,[M+H]+
14765,720.832132618,1605.92256,189486.203277,7.91523729454,10,
14766,720.910740274,589.79661,49206.7946127,2.04486994675,10,
14768,721.279508534,552.610722,19170.929405,7.46239886036,10,
14770,721.353255481,252.425214,429369.269799,7.0000491695,10,
14771,721.349690007,449.928927,383988.833832,12.0635953461,10,
14772,721.353218099,157.471452,62888.5614152,11.5904335043,10,
14774,721.473635396,1190.67108,9665.59245722,6.75704688167,10,
14775,721.50501338,1421.99427,157132506.347,7.51551009104,1.0,[M+NH4]+
14777,722.305490765,58.5476013,17653649.9305,2.18715164567,1.0,[M+H]+
14779,722.367196206,62.63523,672309.113817,13.5825566614,2.0,[M+Na]+
16490,920.408895338,443.073621,35624.2393024,10.1153427734,2.0,[M+Na]+
14785,723.120808311,493.724583,67519.1495667,12.2141887899,1.0,[M+H]+
14787,723.355528575,252.333996,19709.5071738,13.7965112781,10,
14788,723.391515141,442.911936,17192.8676452,8.69650774653,10,
14792,724.327792155,421.350339,57790.2705722,12.8708508963,10,
14794,724.37022406,103.710291,335748.718508,4.35640167299,10,
14795,724.364932519,460.360692,333255.0694,2.85674349799,10,
14798,724.448748783,568.952205,115434.228449,7.66763480278,10,
14801,724.467058659,473.74188,66802.5117325,11.5171279791,10,
14803,724.567532127,511.984338,146025.94077,8.86240240119,10,
14804,725.339482095,669.09501,32109.0139116,7.51701191122,10,
14806,725.368233134,585.117105,39631.5678424,5.73889185949,10,
15619,800.484463851,311.280762,53083.049076,4.16107152451,1.0,[M+NH4]+
14816,726.264083727,695.57277,211514.34004,8.73391711028,10,
14817,726.263286014,711.59985,56636.4231023,7.93147942054,10,
16572,940.251499595,31.5388215,486854.491239,3.17535277378,2.0,[M+K]+
14819,726.327972195,344.527827,53974.0257942,9.57720982991,10,
14821,726.368102977,560.720079,398133.71706,5.95807607725,10,
14822,726.380332494,448.270875,1387888.17277,4.45455856899,10,
16342,889.527335571,501.372492,35887.236711,11.5687672255,1.0,[M+NH4]+
14826,726.47396469,487.211451,38876.0378018,8.83335054549,10,
14827,726.473938439,461.025144,23356.088957,8.14595456053,10,
14828,726.527276436,1387.25028,20644.9535652,14.7976475413,10,
15972,843.017470704,1605.07659,413571.958516,10.2930727647,1.0,[M+NH4]+
14830,727.145419013,31.8570732,197596.705137,11.1052679829,10,
14831,727.206092326,685.97652,23969.5307054,14.5115243999,10,
14837,727.37101238,560.625735,142192.551746,6.62131141564,10,
14839,727.396778982,271.817778,326514.252754,8.95780185486,10,
14841,727.469202261,371.375976,264804.05341,3.92154199426,10,
16631,957.935451052,344.90127,94314.0238791,9.75426561994,1.0,[M+H]+
14843,728.244323214,674.13507,56363.9413795,7.37662478066,10,
14845,728.287946313,277.195995,249955.73186,13.4798898299,10,
14846,728.294863082,53.2560804,989264.105411,7.14361704054,10,
14847,728.320721594,521.182338,396637.593859,7.96010456792,10,
14848,728.323250272,366.471438,151498.524375,7.11678688789,10,
14849,728.334309398,334.991268,107502.812494,12.2646482718,10,
14850,728.359595156,566.395734,82243.6628292,2.30112032101,10,
14856,728.417085568,331.376577,2051001.80927,9.20430345247,10,
14861,728.789604511,650.66844,83679.6179652,12.9959697169,10,
16570,939.979110601,29.294808,30740.5270774,7.73097486111,1.0,[M+NH4]+
14863,729.124016502,650.52174,52799.4912399,14.7715534357,10,
14865,729.291762239,669.28245,28831.7500087,10.1046141742,10,
14867,729.337910495,67.601424,121249.502416,5.76934913987,10,
15155,755.402577658,301.697952,368065.018793,3.17076966018,1.0,[M+H]+
14871,729.378304584,503.908962,29455.3412394,8.41596408884,10,
14873,729.391175364,484.245699,302943.540764,4.70652032577,10,
14875,729.412707926,336.42915,43786.0553238,6.78094634592,10,
14876,729.852164607,311.769825,68056.4051188,7.27983315757,10,
14878,730.337630418,356.863788,40792.2453473,6.54542144275,10,
14879,730.372476035,589.637616,34240.1072078,7.90093835384,10,
14883,730.393942859,484.245699,108279.285905,7.95695738956,10,
14884,730.407390722,293.112948,94252.176555,7.05811621858,10,
14885,730.423506387,331.332324,156944.662556,9.53412760454,10,
14887,731.32281588,560.57511,139564.161881,10.0620670235,1.0,[M+NH4]+
14890,731.396853648,484.051851,20881.9800033,9.4216463236,10,
14891,731.391272685,133.475142,226924.997711,10.4416793595,10,
14892,731.410429392,255.412932,27312.1664486,5.137627565,10,
14893,731.40460676,426.26043,51584.4914033,9.05936924681,10,
14894,731.427797687,353.323527,118296.417864,5.63049670402,10,
15750,816.823862573,278.13936,96995.2497476,14.1120821322,2.0,[M+K]+
14898,731.958506985,594.666864,263455.801423,6.89956697385,10,
14899,732.2325689,504.446082,68009.0782314,11.9390438443,10,
14900,732.271190667,415.320798,30338.2112531,3.52670459543,10,
14901,732.267055742,146.314704,292250.598309,12.2181751668,10,
14905,732.411964862,202.384272,274699.572927,3.09647515199,10,
14907,732.459926533,594.479487,106888.778467,5.84000194194,10,
14908,732.614880784,1532.20824,2096004.94453,4.15697763182,1.0,[M+NH4]+
14910,733.300368304,296.736312,486971.039258,5.39212518255,10,
14917,733.832601248,311.262828,380514.747911,14.9205977115,10,
14922,734.363082719,341.451954,118563.076038,6.81572719911,10,
14923,734.38143526,484.79844,18291.3259411,14.6403422535,10,
14924,734.385410058,313.995516,76971.560865,1.72440308988,10,
14925,734.388931302,446.725116,142408.374124,9.18169284341,10,
14927,734.407189639,380.96379,213292.455298,5.70222424674,10,
14928,734.401874591,122.31645,151495.560821,8.48847920587,10,
14934,735.196693639,31.742535,144350.682437,12.1539890927,10,
14935,735.322073183,419.739273,85811.7524103,9.09520985105,10,
14938,735.391481819,446.641752,22819.1147742,4.45971722432,10,
14939,735.433461082,547.526094,128069.557643,3.97888869008,1.0,[M+NH4]+
14940,735.426567387,571.296984,769159.807307,3.23619609743,10,
14941,735.463598221,1123.43454,35709.2199138,8.32340113923,10,
14943,736.306256929,379.372032,322791.354345,6.48870497821,10,
14945,736.3853399,297.98157,376425.19953,4.54458988783,10,
14946,736.389901933,274.607403,58998.0065868,9.79059459886,10,
15048,745.351117738,297.716718,155657.916149,7.92756103323,1.0,[M+NH4]+
14953,737.309681909,379.227975,109603.363707,13.0433666449,10,
14954,737.339421188,297.54453,100757.309734,6.60852886274,10,
14955,737.370190678,470.01933,31135.6728385,10.218460446,10,
14958,737.417142012,361.875621,293109.403509,8.51964006466,10,
14959,737.433589526,473.031381,28807.0262575,11.430384971,10,
14962,737.562725475,511.617024,198781.299075,8.23249024447,10,
14963,737.562935841,491.582088,27671.150561,9.40765105954,10,
14964,737.86370031,311.901984,90239.0507403,13.8235617251,10,
14967,738.326166368,531.062688,79292.6432528,10.6079936928,10,
14968,738.352505263,903.37596,17470.272534,12.0543538001,10,
14969,738.362642314,286.034478,74834.2164502,14.4002832991,10,
14970,738.379104199,501.028332,59915.5335429,3.1037268189,10,
14972,738.553698669,1526.22489,1994725.27202,8.50580878152,10,
14973,738.565799191,511.62366,82432.762197,3.42176828609,10,
14974,738.939465783,1605.6033,178774.200284,14.0755100219,10,
14976,739.371658164,271.64103,35541.6751296,4.41637480644,10,
14978,739.505264962,454.395033,44936.5082042,5.32790984201,1.0,[M+NH4]+
14979,740.319161759,282.230556,241141.639466,7.89623754261,10,
14983,740.427940818,438.099714,112221.525018,9.9735131483,10,
14985,740.45292504,424.848996,78183.2707661,3.40287453777,10,
14987,740.550128641,1142.8542,3921870.95934,1.83413853233,10,
14988,740.835444262,545.324724,43684.9490949,12.0088247471,10,
14990,741.362629788,388.423986,35479.6483771,13.0656774515,10,
14991,741.37502019,255.572298,42026.300701,10.2754858607,10,
14992,741.379774291,427.067151,244165.716777,7.54494847759,10,
15661,805.442147585,448.859802,415475.819402,8.89870202925,2.0,[M+Na]+
14999,741.872928741,303.155448,143409.850439,7.73607604684,10,
15000,741.921270132,594.479487,117996.049502,2.95254687258,10,
16161,862.004503544,571.619736,1520294.01739,9.73939265272,2.0,[M+Na]+
15004,742.408002177,290.105691,54670.7583568,9.03599367531,10,
15006,742.432516322,440.21262,62002.9375221,7.21081396057,10,
15008,742.437764697,571.677735,12003274.5018,11.0579630008,10,
15009,742.441341168,412.273032,94125.4047882,1.68429151259,10,
15010,742.444350589,395.11617,178311.751825,3.47613990996,10,
15013,742.727590408,28.4326518,24144.1781688,3.0066716778,10,
15014,742.857953677,361.058688,215447.153424,9.23374394739,10,
15015,742.907338132,1605.28524,263875.508057,2.67165488709,10,
15017,743.130343002,653.44635,59093.4196605,8.6512444675,10,
15018,743.234740582,57.082908,4982467.87445,3.58482203921,10,
15019,743.238517882,1214.83632,113320.435836,9.346495797,10,
15021,743.381439823,329.07039,2174918.7048,3.33817758996,1.0,[M+NH4]+
15022,743.394853636,560.720079,791222.787407,5.99988979929,10,
15025,743.427588831,275.479848,259734.92287,5.62152090318,10,
15026,743.427609427,307.216236,456009.708419,5.94226192071,10,
15027,743.439049369,245.424915,63298.175989,7.86055069162,10,
15030,743.493144332,853.87068,17548.6221692,12.9741785491,10,
15032,743.798964587,653.42745,49505.8749462,12.3607597998,10,
15037,744.401935184,400.77036,652433.412324,8.67545246619,10,
15039,744.43017034,493.379961,57743.8334672,4.22843190604,10,
15040,744.433863792,330.5364,255950.7657,2.40286571917,10,
15041,744.43056171,275.437152,81561.8775878,5.73463502647,10,
15042,744.589964638,1518.19815,475235.776143,5.67251421887,10,
15044,744.867936611,287.848065,63035.7064072,10.575525604,10,
15046,745.265850544,669.28245,43339.7940355,13.3457430804,10,
15049,745.367807379,288.057,58502.1058378,14.5655211624,10,
15050,745.386330027,389.818152,298276.766793,10.4716165226,10,
15053,745.420049316,372.78957,325662.628855,2.9562041617,10,
15057,745.852394347,297.635577,105992.638059,12.5463625697,10,
15058,746.11454825,493.717743,53039.1880405,6.19280857525,10,
15059,746.294053172,520.829586,30635.2270406,12.4987683258,10,
15060,746.344651084,284.647809,294057.227223,2.67298927863,10,
15067,746.428508772,573.296238,4375491.10671,5.73430746702,10,
15068,746.45354361,420.5853,149704.99144,12.4243797582,10,
15069,746.878049284,393.22992,93890.3182519,7.20736416666,10,
15070,746.930073577,573.169329,3093680.6021,7.78964691814,10,
15073,747.336391764,63.379518,1557550.20139,8.41368124113,10,
15074,747.347503316,446.661336,770311.392355,6.09388058703,10,
15077,747.386096087,69.00987,1656022.70624,4.67144913572,10,
15078,747.401869959,396.731388,37253.1659914,13.6557133511,10,
15079,747.428824469,573.237234,2196568.76678,9.62472642253,10,
15081,747.456653708,420.653931,46853.4202156,8.8587693806,10,
15082,748.206338819,504.446082,48296.3540475,6.11709241267,10,
15083,748.216512833,552.834906,68607.0415033,6.37550323914,10,
15085,748.340120785,62.801922,461199.945502,14.4889276706,10,
15087,748.36020235,429.714183,81569.5931678,9.99092872869,10,
15088,748.360595168,242.356581,541599.018028,4.28526832236,10,
15089,748.349730526,560.720079,256684.227723,5.25026490143,10,
16518,927.486944579,374.155251,1275506.12167,4.06041383313,1.0,[M+NH4]+
15093,748.440156538,364.43253,28853.0028661,7.69481454379,10,
15094,748.862140112,429.555837,57747.0307367,6.88145013891,10,
15095,748.886884222,367.199337,105387.847687,9.23414668117,10,
15097,749.352889185,560.387394,82757.7097014,11.606392526,10,
15099,749.36352144,242.355897,210654.868738,4.4283344161,10,
15100,749.380197538,406.803795,242991.932242,3.26378102474,10,
15103,749.594965324,1574.60658,51704.7647165,5.00026344488,10,
15105,750.379557617,499.548588,34139.1261014,6.70515740659,10,
15108,750.404566684,369.500445,168317.325883,5.31598227282,10,
15112,751.37529444,425.077614,52382.1684231,8.86436588919,10,
15114,751.420689224,573.381543,3653490.41422,6.00504427076,10,
15116,751.421310419,408.021918,41552.5295657,12.9473755755,10,
15117,751.432857442,438.985803,108056.044634,2.06251204336,10,
16008,847.489271631,469.48326,84275.6146018,11.7158435079,2.0,[M+Na]+
15119,752.161955458,552.024414,31250.2882896,10.4343827302,10,
15121,752.317683218,284.112618,54922.367785,5.50859245783,10,
15122,752.322853357,476.52894,20327.0555359,8.84931738757,10,
15123,752.352990407,345.759393,113537.600317,9.24947028175,1.0,[M+H]+
15125,752.385910605,594.396114,40714.0123383,7.82112047242,10,
15126,752.427493342,316.387794,33738.9360473,10.6316579354,10,
15128,752.864952465,257.685051,288897.752103,8.32249554407,10,
15129,752.865905977,477.13632,26738.5736035,7.24576364179,10,
15130,752.914686025,505.711956,33514.7827337,7.82858106105,10,
15132,753.353984404,424.848996,41081.8630132,10.3601462966,10,
15134,753.412105719,286.577748,457108.811044,8.00020993997,10,
15138,753.485390774,384.351666,27045.6238116,2.65438026432,10,
15141,754.362869576,561.279672,1134066.74643,5.19622410796,1.0,[M+NH4]+
15143,754.414926011,286.513344,179241.43371,5.30870441616,10,
15145,754.473098831,599.091309,125489.386099,13.0904571288,10,
15147,754.913269254,1605.6033,413701.611146,6.97056392944,10,
15149,754.995819953,1604.829,127674.824186,10.5744551503,10,
15151,755.317095953,52.9907838,3509131.87671,8.2484664563,10,
15153,755.406944528,439.841373,78152.0014858,8.73147169676,10,
5995,378.217539629,281.877933,1124300.62765,2.50545647677,1.0,[M+H]+
16087,854.470814139,360.512277,340042.636482,9.91696791318,1.0,[M+NH4]+
15160,756.242028526,265.187679,162549.876134,10.2598900434,10,
15161,756.241550918,319.287798,67458.8255882,8.55117730925,10,
15162,756.302771765,374.909034,28864.8111314,7.4116678809,10,
15163,756.319909225,52.9907838,1040757.04234,8.40711085928,10,
15167,757.262631473,293.161884,84487.0101895,9.70608305348,10,
15169,757.340156556,276.822366,490503.383129,14.4818159638,10,
15173,757.443354524,305.071746,877353.351578,3.5808468593,10,
15174,757.481081713,414.974298,312674.620707,5.94575995613,10,
15178,758.128027516,609.94863,11383219.3417,4.93976828366,10,
15900,833.4133077,297.910572,291565.930041,1.16447169774,1.0,[M+NH4]+
16160,861.480058264,483.88407,90352.4232449,13.3870927082,1.0,[M+NH4]+
15879,831.455294942,305.071746,665300.746206,2.98105435824,2.0,[M+K]+
15185,758.442809136,498.810216,33725.8216695,10.0181771184,10,
15847,828.480319514,414.427764,128100.596179,3.29208624811,2.0,[M+K]+
15191,759.366075353,1421.99958,285987.640674,8.13031092858,10,
15192,759.37617888,352.635273,457590.438434,5.8100057681,1.0,[M+NH4]+
15798,822.409306355,422.181918,74027.7268553,10.5465238751,1.0,[M+NH4]+
15196,759.380150247,607.2825,36224.6510834,6.38957149765,10,
16032,849.44377679,317.276142,108205.331831,13.1374634549,1.0,[M+NH4]+
15201,759.441984563,287.801748,286280.585075,1.85279244643,10,
15205,759.857271416,457.565001,97936.0245325,9.1825850042,10,
15208,760.266878595,520.462395,82471.8970262,8.28981037832,10,
15209,760.358165035,457.600974,39150.4708737,13.2504288722,10,
15210,760.396461826,333.224136,239817.976057,7.03100134328,10,
15212,760.422152988,430.343868,39509.2489037,7.32092656893,10,
15214,760.425231086,317.451888,34092.4332751,11.7851787981,10,
15216,761.014835024,1605.07659,777272.703055,8.96622883406,10,
15218,761.246848031,279.388407,163971.088045,5.65901293964,10,
15219,761.363034737,441.90171,41673.0715088,10.2058061064,10,
15220,761.384085141,297.889845,175550.025443,9.32144764511,10,
15222,761.384260386,387.767664,264805.406944,2.53088717633,10,
15225,761.406070225,432.855804,223130.830017,12.2136920505,10,
15228,761.4381474,258.675396,187232.012152,6.67683879684,10,
15232,762.376124033,270.022971,62459.51468,9.61670408207,10,
15233,762.374640318,374.260356,630488.682564,1.17308911996,10,
15236,762.397192827,63.52017,286390.452331,7.80796982305,10,
15237,762.416331433,556.533762,36230.3014699,11.7991586931,10,
15243,763.302804067,640.05702,91415.3174357,7.34491197829,10,
16395,898.428136701,381.467979,227838.708264,4.02782560588,1.0,[M+NH4]+
15245,763.349385121,287.101683,132612.047959,5.09336840934,10,
15247,763.399409765,301.91094,134142.359922,6.93095261431,10,
15251,763.417614035,357.181533,84213.7356824,9.83856741531,10,
15252,763.421114913,578.70069,261046.155055,8.28600167149,10,
15254,763.449746838,570.799107,497450.342491,9.02969512325,10,
15255,763.602691282,1464.88104,81733.8910727,4.67370745081,10,
15257,763.934565231,599.091309,113836.520104,8.0991413849,10,
15258,763.92489423,521.714739,102478.008284,8.69916225162,10,
15259,763.951100416,570.76974,315012.898696,6.6614308755,10,
15261,764.352400934,287.21397,48087.3471588,14.9117163803,10,
15272,764.486558481,310.555611,90564.7231669,12.1624649033,10,
16205,868.863408437,1605.76257,266933.346133,10.7218943802,1.0,[M+NH4]+
15274,764.917013921,436.337646,35993.6203306,8.93217735442,10,
15275,764.93710029,598.918404,37644.3121282,9.9204163881,10,
15276,765.25247394,54.028548,356971.865558,13.2856427667,10,
15278,765.362744349,669.28245,57722.0723515,5.93498575039,10,
15279,765.380760569,325.762776,286804.632872,10.7778491592,10,
15280,765.376004451,398.558106,61443.254866,4.88916250873,10,
15281,765.394339894,502.486956,29934.3350068,12.6173725448,10,
15282,765.409272213,461.525943,33946.1264607,6.03803919632,10,
15285,765.448241786,406.305765,5466804.5689,12.7144389673,10,
15286,765.437633793,463.981452,11715.2872542,2.78830935627,10,
15287,765.505962216,854.11008,10607.6112624,6.49319726848,10,
15288,765.519723994,1518.28521,47087.407653,7.81214652852,10,
15290,766.276716967,520.485648,54110.7603302,12.2122323057,10,
15291,766.316028977,566.519364,33812.0950291,5.92840851846,10,
15292,766.331820993,62.27637,298490.803186,3.90206214296,10,
15297,766.564735573,1171.74984,12849.6903775,5.8871697621,10,
15300,767.46423433,375.236505,34970.2578529,11.2833697494,10,
15302,767.875275671,413.67417,53095.2249662,12.5402649372,10,
15304,768.326529327,345.89589,95509.8535078,12.5049188128,10,
15305,768.369582556,426.518055,87105.4610308,2.26708465348,2.0,[M+Na]+
15307,768.407661391,482.050962,23729.9108213,8.76797835072,10,
15308,768.435255184,466.269129,27218.1575119,9.14760814175,10,
15309,768.438634164,570.376236,344024.591979,9.61520236805,10,
15310,768.474801073,578.634099,113842.636216,8.0732341311,10,
15311,769.381642122,291.819756,1237000.77224,4.36142046702,10,
15312,769.426072734,254.506554,570698.02518,5.83643045618,10,
15317,770.382666117,95.594064,22181.0675438,12.8628627806,10,
15318,770.412924361,279.03897,276986.072018,3.33484471384,10,
15319,770.429225724,253.330962,78660.6227977,13.9290644261,10,
15324,770.8870529,1605.92256,491900.039078,5.88002628695,10,
15325,771.159326131,493.724583,300233.184642,3.83735198165,10,
15327,771.361203579,136.13448,366877.318209,8.28671144861,10,
15329,771.389548026,561.279672,8543459.84439,3.39305044457,10,
15330,771.403945357,451.736187,18280.0333819,7.49088114685,10,
15332,771.43288567,292.729866,30198.3024954,11.4888822214,10,
15333,771.438193127,493.207146,464534.228748,2.87317674058,10,
15335,771.458981542,302.60031,43016.8503864,9.08699624795,10,
15338,771.495355485,394.218987,56658.5545523,10.5074243723,10,
15339,771.863576903,317.071614,49225.077779,7.661877875,10,
15346,772.396240471,414.490242,49444.4078252,11.4060016496,10,
15347,772.40047444,357.088803,135837.840042,4.11265375734,10,
15348,772.439220859,492.861831,155048.388345,8.15714082527,10,
15353,772.904917013,432.79653,108558.076812,3.91635642063,10,
15354,773.160333575,494.099952,103272.930628,0.862013388179,10,
15355,773.271958729,1439.76282,271288.968318,5.76341931872,10,
16405,901.475491759,429.355305,123885.180699,3.01816619156,2.0,[M+K]+
15361,773.641402593,1532.13096,113956.299895,10.6244528856,10,
15362,773.864709437,561.608043,401077.211862,4.34331308847,10,
15363,773.886903859,319.792383,125990.515523,9.78695336767,10,
15365,774.37606496,378.877104,276496.931948,7.59708095374,10,
16517,927.486956485,266.799498,390049.863953,9.53280332965,1.0,[M+NH4]+
15368,774.439022343,389.884542,103921.592327,8.18918667407,10,
15370,774.473830571,543.654036,115155.48595,4.85165868236,10,
15960,840.495811885,556.357575,226347.771551,3.13953946549,2.0,[M+Na]+
15372,774.644401734,1531.83702,33865.2412964,10.564851802,10,
15373,774.836951281,406.794018,163128.804703,8.31704731844,10,
15374,774.853615053,335.682582,69237.3137473,11.224319153,10,
15377,775.345493319,382.645602,49078.0710817,10.7336010667,10,
15378,775.378949112,378.877104,103398.762131,7.48754202093,10,
15379,775.393432264,286.272003,118967.785203,11.1453964863,10,
15380,775.399757462,267.41973,29595.8852105,9.09282326528,10,
15382,775.482852686,603.34155,278334.341534,5.17595166947,1.0,[M+NH4]+
15383,775.476352576,543.47709,44937.845693,10.2564461349,10,
15384,775.476938094,556.587918,45313.7832336,12.2696645072,10,
15385,775.984447784,603.34155,229354.64531,3.30343664536,10,
15386,776.138408582,521.534151,2107547.70791,7.25309293066,1.0,[M+NH4]+
16000,846.454880416,391.975221,103542.535863,13.2859591896,1.0,[M+NH4]+
15392,776.486280213,603.34155,102028.783894,13.438483041,10,
15393,776.987199451,603.18084,30131.0177871,8.89907986722,10,
15394,776.988567915,1605.07659,1146382.64205,11.5647774763,10,
15399,777.391134719,304.147173,365069.478396,7.68618853322,10,
15400,777.412348495,462.244689,279746.533432,8.24447657175,10,
15408,778.374076439,269.790444,39721.1494871,7.03376392449,10,
15415,778.477344779,560.13048,143104.99413,6.29749871168,10,
15416,779.353948916,290.41464,88635.5494571,12.7444600371,10,
15417,779.373230508,408.689598,124102.098986,6.8837158295,10,
15418,779.369848927,457.676256,125082.997472,5.00923591261,10,
15420,779.374393089,368.615526,29674.8507805,8.77422727288,10,
15421,779.389857458,412.402296,33972.6629278,10.339467332,10,
15423,779.505747011,311.244735,50439.9305734,6.77627898172,10,
15424,779.536476233,476.64807,59175.7819193,7.15658596664,10,
15425,780.31433953,1321.05648,21859.5486833,6.6249327943,10,
15426,780.355220584,289.641486,57225.5368316,11.4886795308,10,
15427,780.365818628,388.193598,40951.6633516,8.51935696884,10,
15428,780.390426831,486.81549,60405.4792641,6.31052524627,10,
15429,780.456876888,484.0617,50653.1600012,12.3197254504,10,
15718,812.485293874,417.820425,315015.978886,6.55444998836,1.0,[M+H]+
15434,781.301615416,43.8011478,909341.176902,11.4798142257,10,
15435,781.346006577,252.792021,58638.2480289,11.5377445178,10,
15436,781.349213582,440.745246,28779.1339643,14.2264841156,10,
15438,781.393776262,486.490074,23943.5322633,13.2425502285,10,
15440,781.417828381,280.819932,141608.872661,5.647880892,10,
15441,781.422087476,430.431687,31253.383219,8.59916732476,10,
15443,781.491036834,372.785838,57218.0058385,3.48114433815,10,
16383,896.948617146,561.374016,300560.027563,2.86050478576,1.0,[M+NH4]+
15446,781.937963617,457.270593,2821888.66351,3.92077345668,1.0,[M+NH4]+
15447,782.248983435,520.4442,66781.6896392,4.32632274629,10,
15448,782.329340345,311.06088,323663.224414,9.9948657161,10,
16391,897.450054595,561.279672,287565.015869,3.66974200176,1.0,[M+NH4]+
15451,782.417732601,435.681234,186759.160338,4.4496347988,10,
15454,782.854448925,561.588507,357328.405442,8.47632281079,10,
15455,782.940634205,457.414974,398898.888651,5.31099612312,10,
15457,783.34305642,282.482754,38612.5294809,4.10343782233,10,
15459,783.352139129,483.805392,14833.2985078,10.9780449172,10,
15462,783.386022446,266.565219,366514.575766,6.80917885635,10,
15464,783.420376366,435.681234,76574.1269197,8.85759105736,10,
15467,783.458802859,329.267766,59789.5945193,6.368829519,10,
15473,784.418242978,287.70726,223766.718438,2.47661397022,10,
15474,784.414228797,358.576416,51865.1982148,9.45071361579,10,
15477,784.494044847,556.447041,35559.9224173,8.46004476564,10,
15479,784.8326019,561.887358,126814.957749,8.55629508933,10,
15480,785.391787144,354.358773,45643.277646,11.4085793911,10,
15481,785.412950482,219.554841,153968.690423,11.1835354161,10,
15482,785.412861453,261.525252,175948.91176,3.34157744427,1.0,[M+H]+
15484,785.493252056,416.918667,213701.474948,1.06195876201,10,
15486,785.570349211,1110.67728,20281.8709875,7.21108521432,10,
15487,785.617476183,1518.24132,22992.0698172,8.2340543328,10,
15488,785.947992173,603.45621,112172.158451,6.2886346014,10,
15489,786.231798162,565.787856,78572.7040549,2.24651634599,10,
15490,786.358840725,88.040424,80170.7125946,10.4436218897,10,
15492,786.416036318,219.376656,44937.8847249,4.07399637235,10,
15495,786.472499779,496.954131,160195.161442,13.4829900136,10,
15496,786.468718636,310.50075,41256.9024644,2.91833120951,10,
15498,786.816399568,461.734932,129411.213876,6.26356309079,10,
15499,786.861121884,1605.71247,338997.233981,10.13368549,1.0,[M+NH4]+
15500,787.318218328,461.854665,91561.2926097,6.63679328985,10,
15502,787.399330445,313.308138,33210.0759565,12.4099042455,10,
15504,787.454359421,351.604014,79413.3675264,4.38081857021,10,
15506,787.60326758,1452.94308,3580655.78191,3.64727159274,10,
15507,787.819659849,461.70534,44013.9653687,6.76245320314,10,
15510,788.370335901,507.369702,210952.321813,6.65113682662,10,
15512,788.904348388,371.745819,174091.836335,5.25556844895,10,
15519,789.907712622,371.722065,45414.6598995,6.52987092233,10,
15521,790.376525908,455.695188,29414.8537616,9.27500702858,10,
15523,790.427472395,292.635873,86617.4976606,5.45066911034,10,
15526,790.989285066,583.089852,68729.0807856,8.50405554798,10,
15527,791.225508089,1175.80575,4885146.6501,4.8035663183,10,
16295,883.251184807,1422.31278,2430147.01716,12.7439042558,1.0,[M+H]+
15529,791.255386376,561.608043,112261.172418,9.59856705889,10,
15530,791.395235754,242.963052,42365.5401429,14.2547208337,10,
16406,901.48508605,404.945955,191247.349522,6.24908979967,2.0,[M+K]+
15534,791.461683838,162.904518,36524.3710158,5.93734720356,10,
15537,792.372421232,513.441582,31546.7989242,14.0248405102,10,
15544,792.928786797,457.270593,212553.787673,6.0599852014,10,
15547,793.366639498,131.246856,405992.354124,7.24789659305,10,
15548,793.366100886,1037.05266,12163.0684859,8.15876861775,10,
15549,793.385492278,460.430379,76966.7625141,13.3962027857,10,
15552,793.82436568,430.791429,73744.0069742,4.23119614969,10,
15555,794.369496366,131.461266,129414.79872,13.1416152361,10,
15556,794.475538437,435.054495,30822.2718708,13.6285935078,10,
15557,794.827128954,430.69368,25537.5507445,8.75012164944,10,
15558,795.336826147,96.340902,125828.440787,7.29134049634,10,
15559,795.360787754,205.631091,52288.5373537,13.3305966607,10,
15562,795.42019485,428.776242,31266.9144729,13.3441904364,10,
15563,795.434279387,344.854008,242003.802629,8.24161400866,2.0,[M+Na]+
15565,796.212484287,561.98823,186602.323986,8.42664001842,10,
15566,796.345174282,387.394146,495460.451026,3.42364791918,10,
16183,864.463743011,290.044665,128926.346565,11.330573024,1.0,[M+H]+
15572,796.490278234,471.839946,16847.8560838,12.8425124934,10,
15575,797.380583557,323.039766,248946.684241,2.68924224632,10,
15577,797.393490171,319.495329,89673.9482413,3.80395279216,1.0,[M+NH4]+
15581,797.447620092,409.928079,73905.0887382,13.0905039162,10,
15582,797.44978158,340.317147,57803.9956626,13.8467371518,10,
16575,941.542106514,385.792863,69396.0066403,13.4316020933,1.0,[M+H]+
15584,797.48562405,347.613525,394949.871125,2.27256641622,10,
15585,797.47564687,324.46746,239131.405875,7.89053735198,10,
15586,797.495856011,607.72284,292258.909679,10.7049125031,10,
15587,797.489889704,480.559698,704728.658521,6.59658756577,10,
15588,797.500929842,584.103984,37356.1194375,11.4907580139,10,
15589,797.997626671,607.61616,227993.426718,8.54757812313,10,
15591,798.408522578,274.772967,39130.6716757,12.180115227,10,
15592,798.433261337,394.998918,140525.245041,4.84914103666,10,
15593,798.441832073,330.488892,57984.9535383,14.1822378246,10,
15595,798.506642293,377.824662,34867.8406262,11.8841912557,10,
15596,799.35202569,279.504405,143794.448881,11.4146900971,10,
15964,841.417508756,362.117874,115161.949398,3.07885571188,1.0,[M+H]+
15598,799.374555289,272.391309,73899.050312,3.33065387299,10,
15600,799.428711629,292.768446,42165.5085832,6.88107807763,10,
15601,799.449499286,611.85246,219631.844619,9.97601512233,10,
15602,799.454016185,330.861513,527327.076094,4.42364705067,10,
15603,799.453908884,358.834272,749257.098982,8.22325395203,10,
15604,799.500901211,395.295102,56421.4958763,4.57897632053,10,
15606,799.951179419,611.6652,176614.250889,14.9015519177,10,
15607,800.329335321,374.610909,202974.052583,3.03430676242,10,
15608,800.341682282,247.283829,129465.221369,6.34110571487,10,
15612,800.381410281,394.49754,88852.5904193,1.27245660824,10,
16462,914.430222655,218.485473,422199.900801,1.79288149276,2.0,[M+Na]+
15614,800.41372336,457.270593,139495.949404,6.5497438674,10,
15615,800.427642765,422.050458,1017314.48569,8.31301069919,10,
15616,800.449928992,611.97213,117097.913019,13.3266279089,10,
15617,800.456530573,330.639198,240016.157858,6.8791244269,10,
15620,800.484866547,470.01933,32058.0051336,4.06334496107,10,
15622,801.156894607,1258.09908,58479.4256641,13.256900349,10,
15623,801.19437958,54.3430392,338858.686075,8.15869200276,10,
15624,801.245435035,1413.39984,230851.684379,14.6381955612,10,
15626,801.368572589,977.22729,56069.1737679,10.0953549086,10,
15628,801.390130252,338.436327,831099.249069,2.91123126878,10,
15631,801.432861595,378.877104,187211.235477,12.3564499763,10,
15632,801.436144319,633.56169,59993.785984,5.66921669385,10,
15635,801.457755446,330.639198,57315.3502726,0.777517675826,10,
15636,801.869612615,976.95786,40554.9911749,3.90257027018,10,
15637,802.1664247,663.15054,43733.918034,10.3895073481,10,
15638,802.229434823,562.76898,167009.543524,11.3604106485,10,
15639,802.294621408,341.800398,98132.5984608,8.05646576016,10,
15643,802.436804466,378.877104,64805.0606516,6.26846879216,10,
15644,802.673833393,1462.06842,143077.867471,10.9907960363,10,
15645,802.834481642,1605.76257,149432.361914,9.03632007276,10,
15647,803.390768055,357.35403,108713.677902,7.85046887431,1.0,[M+NH4]+
15649,803.677844199,1461.90537,51716.9180379,11.0106984832,10,
15653,804.42230965,478.31301,25821.8136248,6.22985222277,10,
15654,804.4228005,395.426916,440260.230971,2.77035590489,10,
15655,804.435456893,612.2709,206492.72514,6.14357861244,10,
15656,804.459352978,445.875405,362881.16111,4.89472155867,10,
15658,805.364697587,542.417943,233216.574632,4.64299485649,10,
15662,805.443624652,499.536996,169585.333203,4.60843511439,10,
15663,805.464229554,445.389438,104168.426162,8.94524363133,10,
16634,958.448933227,294.526437,128015.16809,5.89130948304,1.0,[M+NH4]+
15667,806.40209957,379.227975,1869702.06997,9.52040811259,10,
15672,807.067656165,583.564926,25352.7861405,10.3074646407,10,
15673,807.184648534,562.410174,493192.360221,9.22640961297,10,
15675,807.38217351,161.386302,1552311.44758,4.85253902212,10,
15676,807.38620391,481.446579,326375.732805,10.5123205436,10,
15682,807.850947564,277.027911,106303.743644,13.1375644956,10,
15683,808.187195046,562.698327,157276.981254,10.4184233493,10,
15684,808.326921115,310.048887,170536.959096,6.49973413244,10,
15974,843.411189199,678.66414,177611.323175,5.523805117,1.0,[M+NH4]+
15688,808.380938832,365.086386,64697.5181285,11.7239663914,10,
15689,808.389165693,481.430106,139797.846838,9.16057560358,10,
15690,808.392211638,344.185953,157245.111039,14.3522546094,10,
15821,825.436242052,634.19226,1091691.50045,4.87170466967,1.0,[M+NH4]+
15693,808.46202754,607.4271,47470.2371831,14.1618020525,10,
15694,808.936211972,1605.12651,505941.439025,13.1554127756,1.0,[M+NH4]+
15695,809.325882223,231.110982,187869.933071,5.98305006582,10,
15696,809.339955142,307.364004,178586.327496,9.52055595908,10,
15697,809.390453331,612.47751,61585.397902,11.7789677023,10,
15698,809.391021562,481.259196,27667.8784702,11.6344803818,10,
15699,809.387731733,160.981956,129618.621431,1.89553115669,10,
15700,809.412401279,633.84324,79376.5585967,3.11926667533,10,
15702,810.340115457,105.322938,262374.722366,10.2524773052,10,
15704,810.373446358,718.94454,120531.556771,7.64305065664,10,
15705,810.396288419,265.510968,105379.201026,10.1928316472,10,
15706,810.400622334,556.533762,42765.680339,12.7805634213,10,
15707,810.405910765,306.22914,54623.0071102,14.060311953,10,
15711,811.376967587,718.72917,40361.441589,7.28597451249,10,
15712,811.39620412,378.177534,3941069.58528,7.05327789861,1.0,[M+H]+
15713,811.397855544,265.33086,31324.4289299,7.36371120983,10,
15716,812.432401271,286.544625,48178.3411566,7.41063743231,10,
15717,812.447779278,290.75739,67782.9286123,5.97327410534,10,
15719,812.501217033,587.220546,70032.2863909,7.704387304,10,
15721,813.002587237,587.138982,52820.6703861,7.69222983563,10,
15722,813.388554372,358.859526,36358.0686299,13.7377111319,10,
15724,813.399908963,560.67636,78331.2635071,3.7099235898,10,
15726,813.443573479,299.946744,55466.96809,13.2032758255,10,
15727,813.480529771,406.131075,149297.01309,8.17147581982,10,
15731,814.395255743,399.12258,61734.3173047,5.81298891735,10,
15733,814.403334753,222.913977,1751300.45661,3.81764531389,1.0,[M+NH4]+
15734,814.443201914,507.371397,56906.4354906,5.74779982185,10,
15736,814.48327524,405.955698,65017.2905368,10.3363091043,10,
15739,815.354749875,365.080932,1442518.67066,5.05982619433,1.0,[M+NH4]+
15741,815.893792867,386.128227,716772.666766,8.01161121619,10,
15742,815.907514054,416.293485,42664.8883454,14.0268233016,10,
15745,816.364342004,88.38369,354998.723057,4.63719193589,10,
15748,816.406943005,312.266136,46816.158518,1.11806545395,10,
15749,816.443925466,324.895086,3156166.62889,1.86570638394,10,
15751,816.897163618,386.128227,310447.225529,4.31281719361,10,
15752,817.120852149,31.0008885,243204.582223,11.7694709256,10,
15753,817.164754766,520.858251,1575404.83873,14.4497193755,10,
15757,817.427910942,249.940269,47887.1684266,13.0653698841,10,
15759,817.946380804,476.901561,89592.6098077,12.6800857502,10,
15762,818.405488209,300.78051,44112.4494257,14.6068079534,10,
15770,819.397217428,383.494659,1115313.55358,3.52408560734,10,
15771,819.397815209,331.892772,71634.8413338,14.5919352565,10,
15772,819.433773911,373.484256,49594.5448358,11.6418167072,10,
15773,819.452340178,324.724395,56373.907616,7.33095398579,10,
15775,819.508967536,611.55117,318093.033101,10.6975724816,10,
15778,820.390896278,367.519056,88029.0060907,7.01789226682,10,
15779,820.400300128,383.609406,458309.054601,3.35293805454,10,
15780,820.408129383,479.115804,104841.362864,8.65930228438,10,
15782,820.896590719,348.974709,1934500.16395,3.74718244112,10,
15783,821.287785628,659.04588,30818.7267976,1.75811636046,1.0,[M+H]+
15784,821.340594368,1320.97773,27626.2785655,10.6012115585,10,
15786,821.393791002,257.462526,1113407.40349,9.26974051901,10,
15787,821.398199429,348.940086,1699610.16827,1.80126086339,10,
15788,821.420388061,321.542022,231116.279197,10.4069666918,10,
15789,821.435481202,358.770222,53333.5214345,13.2678481348,10,
15790,821.462889722,612.27798,115108.914361,5.56863219064,10,
15792,821.899490309,348.974709,810373.379091,4.58978362907,10,
15794,822.369266777,334.700148,87054.3194157,12.3436035153,10,
15795,822.396449585,456.717504,72060.5165564,8.61843785397,10,
15796,822.39666635,257.462526,428389.718213,5.00139641424,10,
15797,822.400761521,348.974709,265260.729518,3.28229790887,10,
15800,822.466331782,311.280762,72210.7003369,7.09403238157,10,
15801,822.517024446,454.815186,13553.942657,8.20100956187,10,
15803,822.902296807,348.597264,68253.5865561,8.23234941969,10,
15804,822.966358935,587.138982,29505.9221641,10.4941782018,10,
15805,822.989309157,29.294808,55638.6988497,13.4067289274,10,
15806,823.158399608,562.319112,412352.976024,7.03853203197,10,
15809,823.399116087,257.203188,38595.5661958,11.4524672424,10,
15810,823.41671752,344.527827,59137.4193805,14.4077790856,10,
15812,823.603003685,1461.63804,24142.1703444,5.59222267476,10,
15814,824.338497325,678.23607,52699.5918264,14.6963610099,10,
15815,824.424424522,310.254327,52131.6945436,13.8280062466,10,
15817,824.518916374,599.581893,27046.6694554,10.8604006471,10,
16630,956.968078703,1605.07659,207107.41616,10.1126842724,2.0,[M+Na]+
15820,825.406818468,293.073234,37846.1816368,10.5774309928,10,
15824,825.93793539,633.55686,62126.1419594,11.8249118864,10,
15825,826.443635619,429.36642,1118598.6596,5.90029325487,10,
15828,827.278600972,273.209157,85981.1528597,13.1150629744,10,
15830,827.40215021,532.873044,31741.779875,13.2812835079,10,
15834,827.442441843,375.673353,152402.072462,7.45593085579,10,
15836,827.467042189,497.864769,119310.877069,9.33233575765,10,
15838,827.677910208,1449.53472,2883046.29239,1.61900969085,10,
15842,828.419086298,278.693979,638760.501396,7.81845419301,10,
15844,828.437912665,557.411781,16489.7803857,13.1038714563,10,
15846,828.469968305,497.677833,58041.1687534,3.94863963744,10,
15849,828.689923392,1469.58798,4063627.72132,4.09740313098,10,
15851,829.364863157,66.960918,135916.650946,13.1713134985,10,
15852,829.385382828,379.287414,39947.0660593,13.8154641683,10,
15856,829.475443712,343.698837,117426.877167,13.427878725,10,
15858,829.891927188,456.905406,50235.6040948,10.5494381562,10,
15862,830.38595978,268.085208,266129.98258,3.87642775852,10,
15861,830.365456174,463.700253,30662.2868693,14.2242036223,10,
15865,830.459554923,347.962095,785076.500247,3.75771732974,1.0,[M+NH4]+
15867,830.696353443,1469.71428,592847.423467,7.06601320899,10,
15869,830.814559186,1606.11039,108931.655537,7.44086865072,10,
15870,831.054046532,267.946464,88462.4457994,9.31457003967,10,
15871,831.270708929,41.5975428,765811.998367,6.74825460596,2.0,[M+Na]+
15874,831.39738446,358.859712,89103.7924675,9.50607788171,10,
15875,831.41894506,285.337251,125514.207042,8.11924869775,10,
15876,831.433611533,392.797227,543332.30639,6.25552347531,10,
15877,831.454731867,321.197829,383967.343985,10.0412633384,10,
15878,831.459562081,445.832058,46950.2038922,12.9028447258,10,
15881,831.517422734,667.64091,22025.5076098,13.8555902968,10,
15882,831.708801707,1492.90956,177907.749003,5.41811728637,1.0,[M+NH4]+
15883,831.887021484,348.913125,129677.658315,8.42121805824,10,
15885,832.357362707,644.20578,8138.87098786,1.5738724986,10,
15886,832.389614468,349.281156,111843.389926,7.67043550416,10,
15888,832.417783091,401.502768,73921.1189794,11.0485673927,2.0,[M+K]+
15890,832.438580095,242.884521,44835.7770071,6.64550288506,10,
15891,832.457839737,321.029706,158981.311426,3.12792186357,10,
15893,832.465240557,347.921583,76492.955746,8.21980310319,10,
15894,832.885875206,257.35737,69772.9692914,9.11802765468,10,
15895,832.890091924,348.934014,44948.0053,0.941422181905,10,
15898,833.376224782,309.040947,236332.17294,13.169794482,10,
15903,833.802813852,430.791429,745356.049492,3.01288955939,10,
15904,834.304346484,430.791429,555801.851837,4.81676060461,2.0,[M+K]+
15905,834.380168152,681.72219,77776.2111826,9.0282648192,10,
15909,834.433084533,399.665934,35371.8759014,3.07176848188,10,
15910,834.470145696,350.545842,59154.3030454,9.58631619302,10,
15911,834.513998799,591.783114,65638.626234,11.5657494919,10,
15912,834.805325175,430.791429,283545.398809,3.35868121856,10,
15914,835.230725652,31.3209468,1018079.85538,1.94005121529,10,
15916,835.417277612,340.120767,364022.493943,2.36543001002,10,
15917,835.425674959,162.713964,97521.5951763,5.03379281427,10,
15919,835.858977165,526.936089,41799.3647612,8.94135731475,10,
15920,836.33990097,295.961634,271230.968543,5.70641488417,10,
15923,836.46045623,287.62725,56276.1952158,9.93689542986,10,
15924,836.780930617,430.889178,28394.8529445,12.2341596463,10,
15928,837.327234678,198.185964,371737.838066,6.08998074108,10,
15929,837.343149643,295.749609,79766.8120277,8.76939801609,1.0,[M+H]+
15931,837.436251363,634.19226,548191.924894,4.5587404821,10,
15933,837.828900641,259.581711,297734.611711,13.4950057213,10,
15934,837.828915526,198.367023,261107.983895,4.32445700631,10,
15935,837.938172823,634.21872,427947.51465,6.64201615741,1.0,[M+NH4]+
15936,838.314012237,591.502614,69092.6484149,7.95707726705,10,
15937,838.33038742,259.581711,145285.87426,11.4360876809,10,
15938,838.329972281,199.20945,123074.390186,6.98358958136,10,
15939,838.366608465,258.624684,25503.4355261,13.6670777641,10,
15940,838.41731315,286.513344,173190.62386,10.1217158271,10,
15942,838.428200618,292.635873,301925.857732,4.00036617622,10,
15944,838.831751038,259.782228,48704.0164524,9.6522830582,10,
15946,839.335386307,682.05378,77439.2364086,7.66484508593,10,
15947,839.420351263,286.400937,80135.9869718,6.22467224245,10,
15948,839.430914144,292.622034,120044.299645,7.71197987971,10,
15952,839.557380079,536.53413,120088.155996,2.93524038903,10,
15953,839.80424725,259.581711,166869.951688,8.96107089184,10,
15954,839.873462214,348.597264,64124.7517932,10.5976171959,10,
16359,892.413726304,257.817018,186138.596229,3.75536220182,2.0,[M+Na]+
15961,840.560455008,536.634402,51411.6352713,13.5811914281,10,
15962,841.378545755,383.594106,22992.2970881,12.7967886643,10,
15963,841.388750636,412.75374,34781.9866575,9.35599112954,10,
15965,841.417632401,403.889862,103987.115116,8.39945821555,10,
15968,842.420886925,361.945269,48428.3757734,9.38727417326,10,
15969,842.495311401,376.751226,28303.9233189,10.136451691,10,
16292,882.844801625,492.340326,204466.557801,4.21335699887,2.0,[M+Na]+
15975,843.535050136,410.152284,17579.0285524,14.2155082218,10,
15976,844.322804967,591.583368,29297.1795922,8.77839100623,10,
15977,844.353600522,141.2553,1598137.69197,2.80695142132,10,
15978,844.386742521,995.50314,63143.0516441,4.92386857543,10,
15979,844.453462585,397.001994,52506.3042552,6.41556310495,10,
15980,844.453431265,415.526616,123219.312832,13.2145466184,10,
15981,844.511702284,445.759686,140164.761158,9.96175312543,10,
15982,844.875446959,256.756713,88889.8397347,3.37743922447,10,
15983,844.945913082,634.52151,132451.049592,5.40887631393,10,
15987,845.357026554,141.2553,605092.051509,4.36349336561,10,
15989,845.389648036,995.57397,24055.3181275,14.5520486308,10,
15990,845.434044978,263.938737,141082.143219,6.35499227957,10,
15993,845.470607008,401.373414,214592.912835,7.26098828299,10,
15995,845.514648775,445.515603,58192.5934877,12.4834472817,10,
15996,845.688857828,1440.11694,71842.0430415,8.77646138494,10,
15997,845.985370771,469.573755,2019094.92717,3.52843764669,10,
16001,846.473578824,401.173833,86793.2148972,9.4064312668,10,
16003,846.506728518,447.203937,88367.3025358,8.09076959344,10,
16004,846.987876755,469.573755,342757.042449,5.78933483143,10,
16006,847.427106885,408.793974,48929.4886911,6.10557979317,10,
16007,847.455238469,391.617618,25128.0094096,12.7617100284,10,
16009,847.509110465,447.06891,37184.8093988,13.5373157885,10,
16010,847.523828215,311.59989,114085.090004,14.8793289287,10,
16011,847.790048452,259.474371,76726.123038,14.6308350283,10,
16012,847.811139371,29.1700482,22330.2306531,5.57168937853,10,
16013,847.900607695,634.02798,99622.5006092,5.3678149215,10,
16014,848.290857599,259.482114,58136.0716091,13.9346334073,10,
16015,848.289403919,1462.5237,167611.913833,4.75985666287,10,
16016,848.300971227,266.565219,126459.628281,9.34061733317,10,
16017,848.336789053,360.855273,202098.915935,10.6855637371,10,
16019,848.402040193,633.88548,73832.3419821,5.16648177316,10,
16020,848.448574921,344.697771,351433.679544,5.80654988566,10,
16021,848.485102698,465.350154,23425.4624914,5.78496409616,10,
16022,848.493028784,450.299055,26302.6605228,14.8982017015,10,
16023,848.902330306,633.96414,65903.0508938,14.3902686679,10,
16024,849.289529741,1462.42008,64361.1149129,12.4215349672,10,
16029,849.436338869,634.62756,8875946.66933,5.29894830188,10,
16030,849.425518285,372.066642,46441.7566005,2.32934209153,10,
16031,849.428660944,63.52017,394787.543461,14.382246968,10,
16033,849.442937348,504.629952,241189.364945,8.02878212748,10,
16036,850.353879696,378.116286,26645.0171016,5.69128601185,10,
16037,850.387458469,118.265601,275691.022097,2.83631291166,10,
16044,850.446343742,504.629952,94242.1560821,5.06582131871,10,
16045,850.453750706,442.956534,58619.5551143,13.9873401723,10,
16046,850.464822987,339.787338,287978.930799,2.27198163995,10,
16047,850.450614609,510.137568,31311.7323009,3.49574456717,10,
16049,850.925130999,415.528899,146639.711594,8.57926751302,10,
16051,851.20307544,31.4235333,540794.423899,12.5652223477,10,
16053,851.398869956,162.731454,102883.55416,10.4564406708,10,
16054,851.42608742,415.528899,132357.91864,9.50010176645,10,
16057,851.445815246,504.616458,29866.7681632,6.40447778742,10,
16059,851.576360524,505.902894,16450.7528223,13.3513047722,10,
16060,851.623538138,1469.71428,248353.463752,6.06137769056,10,
16061,851.813529365,32.1699108,203481.129283,11.2797856703,10,
16062,851.910390434,634.82838,245649.470398,8.97215365587,10,
16063,851.928288927,415.533477,62501.9078486,9.64631037728,10,
16064,852.353157733,304.868508,66606.9040187,11.660399022,10,
16443,909.389995447,269.919132,35124.9125929,14.5788795702,2.0,[M+Na]+
16619,955.475201937,495.842205,26044.5423353,11.5442322079,1.0,[M+NH4]+
16068,852.442828232,396.824544,39217.9671586,11.2029667379,10,
16070,852.516832278,389.606919,62612.2642697,14.5459629274,10,
16074,852.91477116,634.54809,230624.203446,10.9098414539,10,
16076,853.378456696,291.173874,221156.127083,11.6269969862,10,
16078,853.443631713,347.921583,40689.8365803,9.39273119489,10,
16079,853.438227081,305.071746,36607.4216288,2.02887977748,10,
16080,853.469950934,469.024698,53517.6633848,6.0272866258,10,
16516,927.438549378,351.98865,62054.9790139,11.603757556,2.0,[M+K]+
16082,853.880225633,291.098754,210031.097668,5.39333395692,10,
16084,854.383559627,54.2522835,1362573.85835,7.9431605444,10,
16085,854.380818882,290.75739,84947.0444418,3.79657599721,10,
16088,854.465780903,504.268956,58549.6302611,14.5553293709,1.0,[M+NH4]+
16090,854.53190082,411.811824,521937.815516,6.30183577705,10,
16091,855.278312698,658.9824,220859.474454,6.42285845436,10,
16092,855.306820439,682.07733,45907.9179822,9.05275313312,1.0,[M+NH4]+
16095,855.433803839,439.706052,19756.5759507,10.9626280973,10,
16096,855.437072307,379.658967,171904.111625,11.9252823296,10,
16101,855.984908647,678.39009,76046.4334944,11.0977971636,10,
16102,856.281181044,664.15437,74419.4013176,13.3705767356,10,
16107,856.474843739,528.984999,52176.063085,4.97303599913,10,
16108,856.474571032,469.125444,113473.232815,9.38255892006,10,
16110,856.527633952,595.41462,44977.5749401,6.59624020679,10,
16112,857.029189216,595.562952,42799.1996117,5.42942518726,10,
16113,857.396231455,109.092291,132316.149904,3.24740321904,10,
16114,857.402062135,317.105334,67003.5410076,10.3345322154,10,
16115,857.431772618,340.823835,241843.738567,10.6822682536,10,
16117,857.474516475,442.825248,62440.2371693,5.99852840034,1.0,[M+H]+
16119,857.477717244,528.676158,16028.2801374,6.93468227686,10,
16120,858.433127748,425.437926,214696.422868,5.29781962187,10,
16121,858.43334845,465.042396,235735.932383,5.56897626188,10,
16122,858.454664803,249.940269,28348.0309728,4.23108827464,10,
16125,858.469876873,484.428072,1548059.24965,1.36364925383,10,
16126,858.991480889,1605.07659,602787.617136,7.25285462505,10,
16128,859.346953379,635.20602,341367.663556,3.45307272844,2.0,[M+K]+
16129,859.378935607,678.57573,206268.766808,14.7652436344,10,
16131,859.436513148,465.179805,99860.3888158,12.2647781419,10,
16133,859.428659312,328.40727,1164379.18902,2.78151057051,10,
16135,859.47289681,484.245699,734428.616744,1.07605434536,10,
16138,859.99456677,1605.10614,108667.505609,8.59378576318,10,
16141,860.321969052,46.0327962,658350.69106,11.2810350112,10,
16147,860.475743592,484.245699,197957.125097,5.04721703593,10,
16148,860.505410009,441.988932,17383.2879353,8.62045337456,10,
16149,860.901827746,634.76517,280630.987477,8.2263360928,10,
16152,861.378880325,678.45888,31345.4745148,8.1469779468,10,
16157,861.465033018,241.305894,87641.9530263,6.54241422807,10,
16162,862.303241987,64.13277,184554.399219,13.0317498186,10,
16163,862.316571612,285.701931,425507.386771,5.23082444186,10,
16592,946.285537382,31.742535,309754.098575,3.98773437735,2.0,[M+K]+
16168,862.463596402,456.20313,53712.8782899,11.2388505523,10,
16170,862.830484266,32.1179049,835912.589554,8.75037344595,10,
16171,862.880055487,634.78761,111590.686449,13.1051921277,10,
16173,863.316220098,592.147242,21338.0490812,9.10447670631,10,
16175,863.332053448,32.1699108,408399.391103,6.61880526976,10,
16176,863.411194939,636.81129,56423.46488,13.1248545749,10,
16177,863.459789869,290.233374,192399.205137,9.45758351784,10,
16178,863.534834046,619.21068,152502.705579,4.61872790447,10,
16179,863.906599112,401.121645,176183.597137,3.13398246311,10,
16182,864.429422578,282.682362,33288.8820976,1.35224773294,10,
16184,864.480287999,387.491043,167833.190061,3.36406655125,10,
16186,865.402806111,309.563859,137014.259991,2.84756704274,10,
16187,865.423718234,242.356581,111833.34755,8.1158936464,10,
16189,865.613734207,1439.85054,36754.3556127,13.1969653777,10,
16190,865.94777823,678.45888,45144.06038,13.2812581586,10,
16191,866.366559969,636.91116,44845.9736324,9.77177864173,10,
16194,866.426334917,242.182332,36810.5168456,4.90152264351,10,
16197,867.452432834,401.091048,54868.9175328,9.82664431134,10,
16198,867.465198087,425.195025,124683.391807,4.53543313093,10,
16199,868.326846009,89.801715,827641.440949,4.18914135763,1.0,[M+NH4]+
16200,868.415025301,347.921583,58166.1146351,3.76174728272,10,
16201,868.440234718,294.795492,26857.791515,6.03367978154,10,
16202,868.468715722,424.974174,46284.0172702,14.8462693006,10,
16203,868.511234184,416.912676,168056.061544,5.05639209822,10,
16204,868.522486647,437.78124,141693.540127,4.89617835868,10,
16206,869.290005233,678.4731,89560.0652302,9.4038893231,10,
16207,869.365120528,310.048887,255025.085513,7.13347008877,10,
16208,869.395646695,195.5907,138364.51719,7.36960415834,10,
16209,869.470589088,273.209157,2907150.21172,8.14130720791,10,
16210,869.513141482,416.849232,79326.9335946,13.4927884127,10,
16214,870.368172962,310.048887,111044.794956,9.41383234135,10,
16218,870.465595119,381.300792,715925.408477,8.38546338462,10,
16219,870.490775462,328.368642,59513.5273446,11.3716925081,10,
16220,870.526598495,339.104142,51836.8794473,6.23106714452,10,
16637,958.752753386,1446.77109,5508195.50646,3.94133147274,1.0,[M+H]+
16222,871.252149446,659.04588,154183.125652,2.17740135477,10,
16225,871.386590988,453.972882,25672.1169737,12.4923058676,10,
16228,871.485910052,524.461458,28938.4424585,13.1904055291,10,
16230,871.904569836,350.01129,132911.419178,11.6966357297,10,
16232,872.414913531,280.693311,42349.572731,8.43731281519,10,
16233,872.433806865,262.141089,894295.904937,4.90311372805,10,
16676,976.470699058,344.90127,41649.7650147,10.9135289138,2.0,[M+Na]+
16235,872.478418539,273.081312,62086.8836793,9.92009033437,10,
16236,872.484845969,498.062454,81728.334741,11.6500051442,10,
16472,916.742201024,1467.18396,5801831.32315,2.70783809738,1.0,[M+H]+
16241,873.488274616,555.496017,67647.8332443,11.2591212891,10,
16245,874.423634879,250.642086,25904.1579438,13.5458075735,10,
16246,874.464992672,450.418749,110527.282722,10.7176850391,10,
16248,874.50149342,618.89442,37158.2109363,14.2519951809,10,
16252,875.304669641,678.4731,142275.280905,7.9953401148,10,
16253,875.320307678,635.02137,315222.782805,7.49309871907,10,
16254,875.433512837,365.783136,44037.1922483,3.99092815572,10,
16257,875.48104055,258.163587,380544.814519,5.98608511682,10,
16259,875.655992484,1447.50804,2636648.36203,11.1197638396,10,
16260,876.308387901,678.45528,50334.2473706,10.4488834545,10,
16265,877.346258874,54.055986,2086928.23314,10.7087841658,10,
16269,878.420398735,457.011312,81675.3931758,3.98336394751,10,
16273,879.390435361,59.0926218,602902.879189,9.40343046041,10,
16580,943.387018362,296.906565,48585.1640329,11.0100480581,2.0,[M+K]+
16276,879.491063762,353.273592,1375494.73243,1.26214771526,10,
16277,879.686184598,1491.51834,130496.363213,5.76745297584,10,
16278,880.258495807,1440.89874,54903.2539181,5.50686496554,10,
16281,880.451977407,484.202322,97315.9259399,4.11573082406,10,
16282,880.976668756,398.911857,58090.3474787,5.54962700639,10,
16283,881.111819358,589.197741,68793.9263706,8.07925298362,10,
16287,881.948434706,411.921282,73238.3325903,14.1392952769,10,
16293,882.951373868,560.720079,209219.120973,12.2602054369,10,
16294,883.251602022,1233.5229,3065189.37829,4.41389269817,10,
16296,883.34642684,492.330237,172929.301438,12.5756629579,10,
16299,883.485666781,335.725401,73388.5650859,14.0977976845,10,
16300,883.847330115,492.330237,90066.0805235,7.22896942924,10,
16302,884.348554212,492.014892,35363.3030648,14.9752462212,10,
16305,884.481604325,286.163091,87809.5892334,8.513589986,10,
16307,884.542059113,424.114458,41673.7466868,10.7766824929,10,
16308,884.837201074,1605.76257,130155.817889,11.5615804774,10,
16309,885.263242973,678.57573,68274.9092862,8.05659285008,10,
16310,885.464770713,385.016889,129963.115206,11.4757072931,10,
16313,885.548326666,622.88769,193444.008438,6.83248345851,10,
16314,886.049964629,622.88769,159591.485309,7.55204574307,10,
16316,886.364138022,241.305894,252445.720179,4.76400522165,10,
16318,886.467621142,385.044786,56144.173064,11.7178689745,10,
16319,886.475182515,391.472418,141429.387012,10.2366559562,10,
16323,887.404955017,1013.08452,77543.4011218,11.9802661415,10,
16325,887.480721867,300.353748,377758.403806,2.69442922834,10,
16327,887.521322116,501.567204,305310.322614,8.45188516048,10,
16329,887.906361605,1012.84326,65116.8045004,4.18244495991,10,
16330,888.444390744,305.306256,52134.8807136,7.03334442707,10,
16333,888.47537128,233.322453,31900.3308806,12.2091032156,10,
16335,888.479421188,428.380056,66885.7254455,2.27615301275,10,
16337,889.442513525,387.146163,161447.107723,4.32335634262,10,
16338,889.460651159,357.475401,60103.5779921,10.4942211662,10,
16340,889.459428283,373.50903,47825.4047709,2.62600701303,10,
16343,890.314076502,55.8215298,205626.198352,12.1990389458,10,
16344,890.336039934,310.068804,79802.2122046,4.37588585889,10,
16347,890.445407087,387.217038,61717.4592899,6.76515994602,10,
16348,890.726247361,1459.01784,197675.739155,6.32085605289,10,
16550,933.162762998,696.93378,344432.520278,14.0397993439,1.0,[M+H]+
16351,891.278330187,678.57573,303814.617587,6.71074921224,10,
16352,891.342338235,310.16175,43314.2567465,2.28539931492,10,
16353,891.452757346,273.081312,166154.055017,11.139144037,10,
16354,891.487484788,311.918802,65506.6257321,8.04763362535,10,
16358,892.362298357,375.589131,237413.391056,1.80143555678,10,
16360,892.475280503,464.065134,101845.107872,11.3036000336,10,
16362,893.365343333,375.646155,100459.522255,5.96641971576,10,
16363,893.423210347,378.414249,35510.2900181,9.02649480348,10,
16364,893.471013434,290.796135,126462.70038,10.3719112023,10,
16367,894.454049567,305.646003,294371.872827,7.99231941007,10,
16369,894.502005615,325.935525,1192138.93636,1.91852851722,10,
16370,894.506029375,453.490572,88271.4904271,14.6982442664,10,
16371,895.271928707,682.16442,18161.2096575,9.51500300983,10,
16372,895.391889086,294.354441,81128.3121667,7.89392285534,10,
16373,895.426022777,365.671398,88090.6597381,0.634242159377,10,
16376,895.560530499,1136.61654,13603.9934542,7.95833698642,10,
16377,896.371807008,310.573392,386844.431069,8.99258629294,10,
16378,896.40865395,212.622033,630216.524304,1.36010924574,10,
16379,896.410511118,762.5697,73772.0079918,7.39562715918,10,
16381,896.481673064,481.309068,48459.1456848,9.34933130482,10,
16385,897.374869316,310.573392,152105.474865,4.54626158154,10,
16386,897.386277864,476.020047,36856.0745907,3.25710164834,10,
16389,897.413184389,762.3987,26318.4812863,11.2367501178,10,
16392,897.4636806,433.921302,93426.5254766,7.95027952591,10,
16393,897.480764062,504.623205,141197.836761,7.69888041785,10,
16398,898.521823774,583.982775,47786.1432834,10.2279675141,10,
16402,899.537006223,456.174654,32552.4502092,6.63531612346,10,
16407,901.505590868,359.862966,40875.3469515,12.3651759757,10,
16410,902.37865488,304.986543,115413.837917,13.4613588048,10,
16411,902.444875809,366.819813,63007.1167286,12.1826913221,10,
16412,902.467560091,380.791101,220260.224123,8.91522979822,10,
16416,903.329022478,65.98836,2296009.0041,4.72944898044,1.0,[M+H]+
16417,903.380927383,305.071746,54745.99294,14.6588539768,10,
16418,903.383645228,504.262206,27117.4346051,12.190964417,10,
16419,903.408865712,383.28591,42258.8481978,5.00485982518,10,
16420,903.427209884,248.701083,23957.0459991,14.9235149947,10,
16421,903.471685555,380.51124,91198.5428673,8.41226266502,2.0,[M+Na]+
16424,904.363506638,54.138225,1701070.64591,10.683007547,10,
16428,905.287361411,55.511163,2827168.37363,8.21524976476,10,
16429,905.334564214,65.73483,250073.525747,8.63738986719,10,
16430,905.364132733,54.3704868,554334.597181,4.65530784711,10,
16431,905.427659011,266.802996,32586.049175,13.8303313525,10,
16433,905.506027785,355.084083,48695.6102083,8.10347393554,10,
16437,907.397575599,288.501996,72948.3008164,6.32518157858,10,
16438,907.560542523,626.33319,105900.91507,11.3271386507,10,
16439,908.058104558,626.43804,82434.6087717,3.83341684944,10,
16441,908.563813373,626.1564,46986.8412864,8.87126667633,10,
16444,909.501129616,428.400276,165310.964053,6.39448932393,10,
16445,910.424469276,347.240832,67211.3572009,12.3777634262,10,
16448,911.480760756,317.617698,87639.7771946,10.3282882106,10,
16449,911.553607294,401.152242,95351.2335738,10.7204420092,10,
16450,912.343033329,268.106604,397220.114216,1.12352592388,10,
16451,912.393448271,330.5364,116176.623228,6.50291555609,10,
16452,912.436192556,67.583412,285690.428853,13.0821005557,10,
16453,912.513151303,403.147761,27235.698847,12.9543373814,10,
16454,912.512398996,356.609337,112448.339851,6.1927755611,10,
16456,913.470477051,340.775388,42020.5041596,14.6809107928,10,
16458,913.515284536,356.436276,51434.4650508,3.71777610596,10,
16460,913.896536374,307.890546,137304.784903,13.5958148222,10,
16465,914.898783942,307.854954,61372.0492179,10.3512536232,10,
16466,915.292739045,268.11672,236867.503043,6.61952578777,10,
16467,915.450123303,304.767828,54671.7243123,7.18915133579,10,
16468,915.53872623,414.710406,30391.6347763,6.81946874884,10,
16470,916.167608664,678.91893,1395420.52739,3.95412730543,10,
16479,918.490674003,326.982456,80196.6472259,11.8202445778,10,
16481,918.918215866,1605.6033,154625.233157,4.02420705504,10,
16483,919.169084589,696.7053,111365.73756,9.30987138061,10,
16484,919.356104621,504.268956,48913.0381309,9.33087990987,10,
16488,920.306215088,66.056649,1549865.66713,10.485088915,10,
16489,920.320805419,84.755622,130919.991001,14.9473677494,10,
16491,920.506507135,409.285707,52458.5390173,10.6513445619,10,
16493,921.404212971,324.34239,105952.850019,14.3524167336,10,
16497,922.423886072,271.343994,33965.9209198,13.3759836066,10,
16644,961.283247024,547.603443,36540.933266,12.4145934806,2.0,[M+Na]+
16499,924.512631687,328.739892,567544.957479,7.09078130492,10,
16502,925.476075131,501.01158,19087.8309338,11.524960669,10,
16503,925.497058454,359.552409,140563.154312,10.2191487938,10,
16506,925.863106512,266.701023,1375930.05757,10.1894638106,1.0,[M+NH4]+
16507,925.863085402,229.951701,512742.06533,5.76741175148,10,
16508,926.364404806,266.565219,703880.286645,10.1295420057,10,
16510,926.364352138,229.951701,267060.105946,8.70396562061,10,
16698,983.246885272,493.379961,39952.6646348,5.79505464742,2.0,[M+K]+
16522,928.338597363,230.226672,50501.8047924,11.6685627146,10,
16527,928.532296172,403.496262,243288.401181,6.08733547505,10,
16528,929.163159213,696.62706,5475681.63594,9.02295846484,10,
16531,929.466432822,322.872201,405247.077952,6.01261947207,10,
16536,929.579450836,509.593266,80077.4359838,5.35421618749,10,
16537,930.222269709,1328.43738,35550.2464762,12.3005195742,10,
16538,930.41097136,400.519209,194469.064908,14.712297784,10,
16539,930.469462665,322.705014,169414.560678,3.60865209359,10,
16540,930.486867198,286.513344,251767.645755,5.84145366161,10,
16541,930.496105097,373.965534,26906.9928151,6.23125581589,10,
16542,930.502546184,397.964598,62040.9345815,10.6829432662,10,
16543,930.577110377,629.88525,35586.4561007,9.24644891786,10,
16544,930.581845821,509.40933,39943.301775,7.13562336487,10,
16545,931.280326331,531.340332,32950.4134986,9.09651786978,10,
16546,931.408777526,343.921152,47013.2556141,12.1836334041,10,
16547,931.414330387,400.468347,84206.3517512,8.43790056722,10,
16548,931.489824958,286.513344,97960.5743905,9.94217363317,10,
16549,932.249438122,493.551483,34732.4199206,11.2461453078,10,
16551,934.892827079,1605.6033,223681.301073,14.5813233036,10,
16552,935.368379481,279.933744,52469.3627567,6.70585414717,10,
16553,935.824237732,266.701023,136075.14982,14.4095102236,10,
16554,935.857419207,32.1793518,278742.170462,11.6259741187,10,
16555,936.325892539,230.133387,32552.9507239,9.93971665648,10,
16556,937.205314148,493.34946,26638.866849,11.1335998063,10,
16557,937.274861605,267.829116,377182.433973,4.36421045038,10,
16561,938.274784534,30.8372271,103984.463132,6.67358132085,10,
16563,938.421158389,412.68861,100181.072405,4.13766138839,10,
16565,939.261646886,513.061314,28137.8441064,3.36305337694,10,
16568,939.490930551,394.409028,168712.63346,3.18863733945,10,
16569,939.676144734,1466.9532,471280.481139,8.93575469732,10,
16571,940.038465216,629.62341,34694.8779295,6.12953558206,10,
16573,940.493772244,394.49754,81195.3441047,9.23577559476,10,
16638,958.911852464,29.1845127,28298.8239696,10.7285374632,1.0,[M+NH4]+
16633,958.308058375,552.720048,57554.1164161,7.81673787615,2.0,[M+K]+
16578,942.465388311,433.45062,49574.623924,11.6932103949,10,
16581,943.459827838,303.060036,94367.5962614,12.1147144265,10,
16582,943.500258283,373.36215,365416.82661,5.42747456786,10,
16583,944.460994279,302.960916,42319.4777951,13.9209413979,10,
16584,944.455073211,398.131296,30858.6795056,7.90944660693,10,
16585,944.483856231,277.802826,81476.7298894,9.24539976057,10,
16588,945.309606279,547.526094,60363.9754389,13.8848209835,10,
16589,945.479019368,368.108406,60281.6212317,7.33541362412,10,
16591,945.5015655,451.924065,123785.789684,9.63907539487,2.0,[M+K]+
16593,946.485066032,456.42369,24561.8783014,0.502681035743,10,
16595,946.521991717,499.92159,100960.494544,4.51083171512,10,
16597,947.462944135,369.355287,88250.5314082,13.6230516422,10,
16598,947.550052091,385.960422,98227.4568741,7.65764655682,10,
16599,947.89311731,28.9478139,46684.0969889,8.72868730922,10,
16602,949.358150369,552.960972,40454.7979255,0.388445851104,10,
16605,950.33192094,264.433902,59900.268598,14.5985925751,10,
16606,950.491907701,271.343994,43260.2854488,6.77810576217,10,
16608,952.590588361,633.18522,30151.2556765,10.9408234781,10,
16609,953.178678032,493.693206,24254.4341519,5.56070354154,10,
16610,953.248726687,267.741585,295356.489198,5.727980715,10,
16612,953.470207319,496.204959,216466.572533,6.87939985746,10,
16613,953.564053573,428.125899,429174.62772,6.06211800333,10,
16614,953.949645122,499.349805,128441.756267,10.3338412171,10,
16615,954.451238906,499.183956,112317.8638,9.54092155469,10,
16616,954.473477476,496.204959,100660.031575,4.57793853056,10,
16618,954.952437475,499.349805,62890.2629017,6.25381838879,10,
16620,955.543330345,397.240287,142512.116035,3.7654220757,10,
16621,955.554637408,379.372032,202438.817119,9.3203275739,10,
16622,955.554520434,431.150121,63983.9089604,3.73151229964,10,
16624,956.316484761,31.5388215,132978.58495,9.97875739089,10,
16625,956.357801036,221.148222,95029.1727514,14.8336061923,10,
16626,956.369072315,93.633876,158221.736336,7.52364738436,10,
16628,956.557066068,379.227975,95370.6433436,14.4497462462,10,
16629,956.558451435,430.889178,23939.065728,10.5926337847,10,
16632,958.018359476,397.365486,69636.1840055,8.55234299962,10,
16635,958.519990089,397.549422,27317.103608,8.98450110961,10,
16640,960.3016856,31.800222,1072557.01581,7.76174475393,10,
16641,960.497086852,323.039766,92236.8860599,5.3525718259,10,
16643,960.768194826,1467.9882,3660945.38951,3.38061195219,10,
16649,962.928498981,294.449742,190466.880245,9.07391188657,10,
16651,963.450979583,376.095438,233748.101095,8.3898102468,10,
16652,963.486680761,349.605774,144877.451234,10.1649721072,10,
16653,963.491001386,465.633183,198888.945903,3.6835356216,10,
16654,963.932187582,294.682788,96298.9120978,9.36127406184,10,
16656,964.453658113,376.095438,102133.16349,10.482622079,10,
16659,964.788813605,1494.32046,48526.3088819,7.14517055685,10,
16660,965.096752344,853.3137,61837.9472026,8.82515264343,10,
16661,965.454808396,462.607128,133218.32305,6.02809124137,10,
16665,968.427512436,572.769324,413845.73103,3.84098192736,10,
16666,969.475816616,410.99658,283103.557549,10.7839300274,10,
16670,973.943199865,1044.6144,61344.9029873,5.51643986219,10,
16633,958.308058375,552.720048,57554.1164161,7.81673787615,2.0,[M+Na]+
16672,974.438861036,278.693979,177443.229157,11.3303990929,10,
16673,974.444468226,1044.75066,27643.6280186,10.9824826124,10,
16674,974.51276133,350.134965,76899.4982817,12.352040205,10,
16675,976.003768013,634.21404,78481.7528163,9.51792229605,10,
16677,976.505146129,634.17048,69070.0956712,9.1497837333,10,
16678,977.091274755,400.9338,242749.76768,9.73732259971,2.0,[M+Na]+
16679,977.48681347,560.763798,108017.958589,6.1909057093,1.0,[M+NH4]+
16680,977.506026943,455.067156,36069.5125373,7.66323789362,10,
16683,978.445450435,143.675772,48392.2489046,7.935378076,10,
16684,978.448446251,362.953638,50354.8765765,5.67108642849,10,
16686,979.518147258,319.324764,2460884.01232,7.42705207723,10,
16688,979.580061962,433.052058,54224.1103082,6.98882435359,10,
16689,980.521142668,319.324764,1237011.3569,8.54669327261,10,
16690,981.457316293,261.502734,67883.3933197,11.1032671513,10,
16692,981.523709376,319.324764,359655.942011,10.7575280852,10,
16693,982.430410253,308.191206,59221.3171122,8.13500644003,10,
16694,982.445696884,800.65044,48185.9481963,4.79018868335,10,
16695,982.526800627,319.154199,67797.7470465,14.5651828577,10,
16696,982.525083636,529.63485,41308.8172349,12.6398152557,10,
16697,983.072901358,571.677735,5184541.20349,13.2531789536,1.0,[M+H]+
16700,983.531469772,403.016304,76034.4158251,4.50032275254,10,
16701,983.5730726,571.764414,9912067.70485,14.2090358349,10,
16702,984.072972762,571.677735,2544436.70726,9.68779174757,2.0,[M+K]+
16703,984.442628551,347.613525,106842.408422,7.40968992258,10,
16704,984.511746314,499.921953,44400.0566922,3.66178733151,10,
16705,984.57004687,388.547103,283254.947765,1.9685458936,10,
16706,985.387834909,499.92159,73310.5030951,7.6608491773,10,
16707,985.492241055,337.422639,268335.690333,8.84459748075,10,
16708,985.56470646,486.463887,29540.1566494,6.64022108016,10,
16713,988.505687318,634.76517,137930.279836,8.89136837468,10,
16712,988.065923194,573.0846,1171157.31019,4.78781030103,10,
16714,988.517822118,428.776242,25517.0688047,13.24664109,10,
16715,988.552582966,369.25239,25942.2792171,6.32175225816,10,
16717,989.112658154,640.0584,47775.7730325,10.8752069417,10,
16719,990.507571191,385.792863,330887.355004,8.23758357784,2.0,[M+K]+
16721,992.327814001,31.3209468,2275917.25611,2.68297034303,10,
16722,992.513352481,341.649273,292984.453451,11.0467976556,10,
16723,992.525050199,516.449082,55613.8566596,11.0835827259,10,
16724,992.555426382,573.355242,1562630.77377,4.65608425346,10,
16728,993.941774205,255.572298,64793.1593227,12.7825110595,10,
16729,994.326884653,1508.42457,83537.3765299,6.17843940944,10,
16731,994.443086311,255.321774,61692.8161301,13.2772417472,10,
16733,995.327909865,1507.93734,86948.9051657,6.44028397713,10,
16735,995.914572447,92.603748,101502.374061,7.63070274414,10,
16736,996.47573877,451.677534,29446.3742045,9.83790467,10,
16737,996.476147362,384.70116,35530.7300745,6.20322889259,10,
16738,997.431901697,261.350307,56399.7442591,13.7563664859,10,
